Iteration: 1000
 Population Size: 1000
RUN 1:
Optimum Distance: 11.84
Optimal Team: 20,303,546,
Required Skills: 0 1 4 9 10 14 16 18 23 24 
Distance; Skill Score; isValid; Team; Skill Counts
11.84 ; 3.505e-10 ; True ; 20 303 546  ; 1 1 1 2 1 1 1 1 1 1 
12.82 ; 3.942e-10 ; True ; 303 374 420  ; 1 1 1 1 1 1 2 1 1 1 
15.84 ; 7.25e-10 ; True ; 168 303 420  ; 1 1 1 1 1 1 2 2 1 1 
16.6 ; 1.164e-09 ; True ; 96 303 513 594  ; 1 1 1 2 1 2 1 1 1 2 
18.71 ; 2.494e-09 ; True ; 20 303 448 546  ; 1 1 1 3 2 1 2 1 1 2 
19.54 ; 4.637e-09 ; True ; 20 202 303 546  ; 1 1 1 3 2 2 2 1 1 2 
20.63 ; 5.08e-09 ; True ; 303 480 546 594  ; 2 1 1 2 1 3 2 1 1 2 
20.64 ; 8.054e-09 ; True ; 20 303 546 594  ; 2 1 1 3 2 2 2 1 1 2 
23.46 ; 8.911e-09 ; True ; 303 374 420 594  ; 2 1 1 2 2 2 3 1 1 2 
26.61 ; 9.464e-09 ; True ; 20 142 303 448 546  ; 1 1 1 4 2 2 2 2 1 2 
27.31 ; 1.278e-08 ; True ; 20 202 303 448 546  ; 1 1 1 4 3 2 3 1 1 3 
27.57 ; 1.574e-08 ; True ; 0 130 303 341 546  ; 3 1 1 2 2 2 3 1 1 3 
28.37 ; 2.199e-08 ; True ; 130 303 341 480 546  ; 3 1 1 2 2 3 3 1 1 3 
28.46 ; 2.236e-08 ; True ; 20 202 303 546 578  ; 1 1 2 3 3 2 3 1 1 3 
29.53 ; 2.297e-08 ; True ; 20 142 303 546 594  ; 2 1 1 4 2 3 2 2 1 2 
30.15 ; 2.329e-08 ; True ; 20 202 254 303 546  ; 2 1 1 4 2 3 2 1 2 2 
30.26 ; 2.853e-08 ; True ; 20 202 303 374 546  ; 2 1 2 3 2 2 3 1 1 3 
30.27 ; 3.101e-08 ; True ; 20 202 303 546 594  ; 2 1 1 4 3 3 3 1 1 3 
30.57 ; 3.884e-08 ; True ; 20 303 546 578 594  ; 2 1 2 3 3 2 3 1 1 3 
31.32 ; 3.985e-08 ; True ; 20 303 480 546 594  ; 2 1 2 3 2 3 3 1 1 3 
33.34 ; 5.312e-08 ; True ; 303 341 420 480 664  ; 2 1 1 2 2 4 3 2 2 2 
34.28 ; 5.366e-08 ; True ; 20 303 546 578 664  ; 2 1 2 3 2 2 2 2 2 2 
35.25 ; 5.847e-08 ; True ; 20 303 420 480 664  ; 1 1 2 3 2 3 3 2 2 2 
35.87 ; 6.505e-08 ; True ; 303 420 480 594 664  ; 2 1 1 3 2 4 3 2 2 2 
36.27 ; 7.27e-08 ; True ; 20 303 374 420 664  ; 2 1 2 3 2 2 3 2 2 2 
37.21 ; 7.901e-08 ; True ; 20 303 420 546 594  ; 2 1 1 4 3 3 3 2 2 2 
40.05 ; 8.134e-08 ; True ; 20 142 202 303 374 546  ; 2 1 2 4 2 3 3 2 1 3 
40.25 ; 8.32e-08 ; True ; 20 142 254 303 546 578  ; 2 1 2 4 2 3 2 2 2 2 
41.07 ; 9.784e-08 ; True ; 20 202 303 374 515 546  ; 2 1 2 3 2 2 3 2 2 3 
41.18 ; 1.063e-07 ; True ; 20 202 303 546 578 594  ; 2 1 2 4 4 3 4 1 1 4 
41.29 ; 1.068e-07 ; True ; 20 142 303 374 546 594  ; 3 1 2 4 2 3 3 2 1 3 
41.41 ; 1.108e-07 ; True ; 20 142 303 546 578 594  ; 2 1 2 4 3 3 3 2 1 3 
41.89 ; 1.123e-07 ; True ; 20 202 254 303 546 578  ; 2 1 2 4 3 3 3 1 2 3 
42.15 ; 1.367e-07 ; True ; 20 303 480 515 546 594  ; 2 1 2 3 2 3 3 2 2 3 
43.17 ; 1.475e-07 ; True ; 20 254 303 546 578 594  ; 3 1 2 4 3 3 3 1 2 3 
44.35 ; 1.861e-07 ; True ; 20 303 513 546 578 594  ; 2 1 2 3 3 3 3 2 2 3 
45.76 ; 2.066e-07 ; True ; 20 202 303 546 578 664  ; 2 1 2 4 3 3 3 2 2 3 
48.07 ; 2.205e-07 ; True ; 303 341 374 420 480 664  ; 3 1 2 2 2 4 4 2 2 3 
48.51 ; 2.478e-07 ; True ; 20 303 480 546 594 664  ; 3 1 2 4 2 4 3 2 2 3 
48.69 ; 2.712e-07 ; True ; 20 303 546 578 594 664  ; 3 1 2 4 3 3 3 2 2 3 
50.82 ; 2.8e-07 ; True ; 20 303 341 420 480 664  ; 2 1 2 3 3 4 4 2 2 3 
50.86 ; 3.108e-07 ; True ; 20 303 420 480 546 594  ; 2 1 2 4 3 4 4 2 2 3 
50.97 ; 3.279e-07 ; True ; 20 303 374 420 546 594  ; 3 1 2 4 3 3 4 2 2 3 
54.91 ; 3.801e-07 ; True ; 20 303 374 480 515 546 594  ; 3 1 3 3 2 3 4 2 2 4 
55.75 ; 3.941e-07 ; True ; 20 202 303 374 515 546 594  ; 3 1 2 4 3 3 4 2 2 4 
56.93 ; 3.942e-07 ; True ; 20 303 480 515 546 578 594  ; 2 1 3 3 3 3 4 2 2 4 
57.89 ; 4.538e-07 ; True ; 20 202 303 513 546 578 594  ; 2 1 2 4 4 4 4 2 2 4 
59.64 ; 4.904e-07 ; True ; 20 202 303 374 513 546 594  ; 3 1 2 4 3 4 4 2 2 4 
59.98 ; 4.905e-07 ; True ; 20 303 480 513 546 578 594  ; 2 1 3 3 3 4 4 2 2 4 
60.05 ; 5.175e-07 ; True ; 20 303 374 513 546 578 594  ; 3 1 3 3 3 3 4 2 2 4 
60.37 ; 5.444e-07 ; True ; 20 202 303 480 546 578 664  ; 2 1 3 4 3 4 4 2 2 4 
61.32 ; 5.744e-07 ; True ; 20 202 303 374 546 578 664  ; 3 1 3 4 3 3 4 2 2 4 
62.1 ; 6.311e-07 ; True ; 20 202 303 546 578 594 664  ; 3 1 2 5 4 4 4 2 2 4 
63.32 ; 7.146e-07 ; True ; 20 303 480 546 578 594 664  ; 3 1 3 4 3 4 4 2 2 4 
65.6 ; 8.134e-07 ; True ; 20 303 374 420 480 546 594  ; 3 1 3 4 3 4 5 2 2 4 
67.57 ; 8.46e-07 ; True ; 20 303 374 420 480 546 664  ; 3 1 3 4 2 4 4 3 3 3 
68.67 ; 8.775e-07 ; True ; 20 303 420 480 546 578 664  ; 2 1 3 4 3 4 4 3 3 3 
69.71 ; 9.259e-07 ; True ; 20 303 374 420 546 578 664  ; 3 1 3 4 3 3 4 3 3 3 
70.04 ; 9.786e-07 ; True ; 20 303 420 480 546 594 664  ; 3 1 2 5 3 5 4 3 3 3 
71.05 ; 9.844e-07 ; True ; 20 303 374 420 546 594 664  ; 4 1 2 5 3 4 4 3 3 3 
71.22 ; 1.017e-06 ; True ; 20 303 420 546 578 594 664  ; 3 1 2 5 4 4 4 3 3 3 
75.5 ; 1.119e-06 ; True ; 20 202 303 374 513 546 578 594  ; 3 1 3 4 4 4 5 2 2 5 
76.92 ; 1.193e-06 ; True ; 20 202 303 374 480 546 578 664  ; 3 1 4 4 3 4 5 2 2 5 
77.92 ; 1.195e-06 ; True ; 20 303 374 480 515 546 594 664  ; 4 1 3 4 2 4 4 3 3 4 
78.07 ; 1.223e-06 ; True ; 20 142 303 480 546 578 594 664  ; 3 1 3 5 3 5 4 3 2 4 
78.7 ; 1.385e-06 ; True ; 20 202 303 480 546 578 594 664  ; 3 1 3 5 4 5 5 2 2 5 
79.63 ; 1.393e-06 ; True ; 20 202 303 374 546 578 594 664  ; 4 1 3 5 4 4 5 2 2 5 
79.94 ; 1.403e-06 ; True ; 20 303 374 480 546 578 594 664  ; 4 1 4 4 3 4 5 2 2 5 
81.32 ; 1.415e-06 ; True ; 20 107 303 374 420 480 546 594  ; 3 1 3 4 3 4 6 2 3 5 
81.33 ; 1.576e-06 ; True ; 20 303 374 420 480 515 546 594  ; 3 1 3 4 3 4 5 3 3 4 
82.07 ; 1.659e-06 ; True ; 20 254 303 374 420 480 546 594  ; 4 1 3 5 3 5 5 2 3 4 
84.13 ; 1.714e-06 ; True ; 20 254 303 420 480 546 578 594  ; 3 1 3 5 4 5 5 2 3 4 
84.25 ; 1.724e-06 ; True ; 20 254 303 374 420 546 578 594  ; 4 1 3 5 4 4 5 2 3 4 
85.88 ; 1.951e-06 ; True ; 20 202 303 374 420 480 546 664  ; 3 1 3 5 3 5 5 3 3 4 
86.3 ; 2.042e-06 ; True ; 20 303 374 420 480 546 578 664  ; 3 1 4 4 3 4 5 3 3 4 
87.68 ; 2.294e-06 ; True ; 20 303 374 420 480 546 594 664  ; 4 1 3 5 3 5 5 3 3 4 
88.8 ; 2.37e-06 ; True ; 20 303 420 480 546 578 594 664  ; 3 1 3 5 4 5 5 3 3 4 
89.82 ; 2.384e-06 ; True ; 20 303 374 420 546 578 594 664  ; 4 1 3 5 4 4 5 3 3 4 
95.67 ; 2.401e-06 ; True ; 20 142 303 374 480 546 578 594 664  ; 4 1 4 5 3 5 5 3 2 5 
96.19 ; 2.596e-06 ; True ; 20 202 303 374 480 515 546 594 664  ; 4 1 3 5 3 5 5 3 3 5 
97.31 ; 2.683e-06 ; True ; 20 202 303 480 515 546 578 594 664  ; 3 1 3 5 4 5 5 3 3 5 
97.57 ; 2.718e-06 ; True ; 20 303 374 480 515 546 578 594 664  ; 4 1 4 4 3 4 5 3 3 5 
99.62 ; 2.862e-06 ; True ; 20 254 303 374 420 480 515 546 594  ; 4 1 3 5 3 5 5 3 4 4 
100.7 ; 2.943e-06 ; True ; 20 202 303 374 420 480 515 546 594  ; 3 1 3 5 4 5 6 3 3 5 
102 ; 3.081e-06 ; True ; 20 303 374 420 480 515 546 578 594  ; 3 1 4 4 4 4 6 3 3 5 
102.7 ; 3.242e-06 ; True ; 20 254 303 374 420 480 546 578 594  ; 4 1 4 5 4 5 6 2 3 5 
103.9 ; 3.264e-06 ; True ; 20 303 374 420 448 480 546 578 664  ; 3 1 4 5 4 4 6 3 3 5 
104.5 ; 3.364e-06 ; True ; 20 142 254 303 374 480 515 546 578 594  ; 4 1 4 5 3 5 5 3 3 5 
105.6 ; 3.814e-06 ; True ; 20 202 303 374 420 480 546 578 664  ; 3 1 4 5 4 5 6 3 3 5 
107.9 ; 4.02e-06 ; True ; 20 202 303 374 420 480 546 594 664  ; 4 1 3 6 4 6 6 3 3 5 
108.4 ; 4.484e-06 ; True ; 20 303 374 420 480 546 578 594 664  ; 4 1 4 5 4 5 6 3 3 5 
116.8 ; 4.895e-06 ; True ; 20 202 303 374 480 515 546 578 594 664  ; 4 1 4 5 4 5 6 3 3 6 
120.4 ; 5.209e-06 ; True ; 20 142 254 303 374 420 480 546 578 594  ; 4 1 4 6 4 6 6 3 3 5 
123.1 ; 5.594e-06 ; True ; 20 254 303 374 420 480 515 546 578 594  ; 4 1 4 5 4 5 6 3 4 5 
125.7 ; 5.686e-06 ; True ; 20 142 202 254 303 374 480 515 546 578 594  ; 4 1 4 6 4 6 6 3 3 6 
127 ; 5.782e-06 ; True ; 20 254 303 374 420 448 480 546 578 664  ; 4 1 4 6 4 5 6 3 4 5 
127.1 ; 5.864e-06 ; True ; 20 202 303 374 420 480 515 546 578 664  ; 3 1 4 5 4 5 6 4 4 5 
128 ; 6.191e-06 ; True ; 20 303 374 420 448 480 546 578 594 664  ; 4 1 4 6 5 5 7 3 3 6 
128 ; 6.419e-06 ; True ; 20 142 303 374 420 480 546 578 594 664  ; 4 1 4 6 4 6 6 4 3 5 
129 ; 6.538e-06 ; True ; 20 107 303 374 420 480 546 578 594 664  ; 4 1 4 5 4 5 7 3 4 6 
129.6 ; 6.959e-06 ; True ; 20 202 303 374 420 480 546 578 594 664  ; 4 1 4 6 5 6 7 3 3 6 
131.5 ; 7.214e-06 ; True ; 20 254 303 374 420 480 546 578 594 664  ; 5 1 4 6 4 6 6 3 4 5 
137.5 ; 7.748e-06 ; True ; 20 303 374 420 480 513 546 578 594 664  ; 4 1 4 5 4 6 6 4 4 5 
141.6 ; 7.875e-06 ; True ; 20 202 254 303 374 480 515 546 578 594 664  ; 5 1 4 6 4 6 6 3 4 6 
141.8 ; 8.008e-06 ; True ; 20 142 254 303 374 420 480 515 546 578 594  ; 4 1 4 6 4 6 6 4 4 5 
146.1 ; 8.029e-06 ; True ; 20 142 254 303 374 420 480 546 578 594 658  ; 5 1 4 7 4 6 6 3 4 6 
146.3 ; 8.682e-06 ; True ; 20 202 254 303 374 420 480 515 546 578 594  ; 4 1 4 6 5 6 7 3 4 6 
148.6 ; 8.742e-06 ; True ; 20 142 303 374 420 448 480 546 578 594 664  ; 4 1 4 7 5 6 7 4 3 6 
149.6 ; 8.742e-06 ; True ; 20 142 199 303 374 420 480 546 578 594 664  ; 4 1 4 6 4 6 6 4 4 6 
149.6 ; 9.36e-06 ; True ; 20 107 142 303 374 420 480 546 578 594 664  ; 4 1 4 6 4 6 7 4 4 6 
151.2 ; 9.571e-06 ; True ; 20 142 202 303 374 420 480 546 578 594 664  ; 4 1 4 7 5 7 7 4 3 6 
152.1 ; 9.922e-06 ; True ; 20 142 254 303 374 420 480 546 578 594 664  ; 5 1 4 7 4 7 6 4 4 5 
153.1 ; 1.07e-05 ; True ; 20 202 303 374 420 480 515 546 578 594 664  ; 4 1 4 6 5 6 7 4 4 6 
155.5 ; 1.076e-05 ; True ; 20 202 254 303 374 420 480 546 578 594 664  ; 5 1 4 7 5 7 7 3 4 6 
161.2 ; 1.083e-05 ; True ; 20 142 202 254 303 374 480 515 546 578 594 664  ; 5 1 4 7 4 7 6 4 4 6 
161.6 ; 1.171e-05 ; True ; 20 202 303 374 420 480 513 546 578 594 664  ; 4 1 4 6 5 7 7 4 4 6 
166.9 ; 1.194e-05 ; True ; 20 142 202 254 303 374 420 480 515 546 578 594  ; 4 1 4 7 5 7 7 4 4 6 
171.7 ; 1.258e-05 ; True ; 20 303 341 374 420 480 513 546 578 594 664  ; 5 1 4 5 5 7 7 4 4 6 
174.6 ; 1.287e-05 ; True ; 20 119 142 202 303 374 420 480 546 578 594 664  ; 4 1 4 8 5 7 7 4 4 7 
174.7 ; 1.341e-05 ; True ; 20 142 254 303 374 420 448 480 546 578 594 664  ; 5 1 4 8 5 7 7 4 4 6 
175.6 ; 1.383e-05 ; True ; 20 142 202 303 374 420 480 515 546 578 594 664  ; 4 1 4 7 5 7 7 5 4 6 
178.1 ; 1.44e-05 ; True ; 20 142 202 254 303 374 420 480 546 578 594 664  ; 5 1 4 8 5 8 7 4 4 6 
180.8 ; 1.553e-05 ; True ; 20 202 254 303 374 420 480 515 546 578 594 664  ; 5 1 4 7 5 7 7 4 5 6 
188.1 ; 1.589e-05 ; True ; 20 202 303 374 420 480 513 515 546 578 594 664  ; 4 1 4 6 5 7 7 5 5 6 
188.4 ; 1.607e-05 ; True ; 20 202 303 341 374 420 480 515 546 578 594 664  ; 5 1 4 6 6 7 8 4 4 7 
190.1 ; 1.635e-05 ; True ; 20 254 303 341 374 420 480 515 546 578 594 664  ; 6 1 4 6 5 7 7 4 5 6 
190.5 ; 1.669e-05 ; True ; 20 202 254 303 374 420 480 513 546 578 594 664  ; 5 1 4 7 5 8 7 4 5 6 
198.8 ; 1.71e-05 ; True ; 20 88 202 254 303 374 420 480 546 578 594 664  ; 5 1 4 7 6 7 7 4 5 6 
198.9 ; 1.726e-05 ; True ; 20 202 303 341 374 420 480 513 546 578 594 664  ; 5 1 4 6 6 8 8 4 4 7 
200.1 ; 1.747e-05 ; True ; 20 119 142 202 303 374 420 480 515 546 578 594 664  ; 4 1 4 8 5 7 7 5 5 7 
200.7 ; 1.756e-05 ; True ; 20 254 303 341 374 420 480 513 546 578 594 664  ; 6 1 4 6 5 8 7 4 5 6 
203.4 ; 1.866e-05 ; True ; 20 142 202 254 303 374 420 480 502 546 578 594 664  ; 5 1 5 8 5 8 7 4 4 7 
204.3 ; 1.955e-05 ; True ; 20 142 202 254 303 374 420 480 515 546 578 594 664  ; 5 1 4 8 5 8 7 5 5 6 
206.2 ; 2.012e-05 ; True ; 20 202 254 303 374 420 480 502 515 546 578 594 664  ; 5 1 5 7 5 7 7 4 5 7 
212.1 ; 2.118e-05 ; True ; 0 20 202 254 303 374 420 480 515 546 578 594 664  ; 5 1 5 7 5 7 8 4 5 7 
216.4 ; 2.126e-05 ; True ; 20 202 254 303 374 420 480 515 546 578 594 664 689  ; 5 1 5 7 5 7 7 4 6 6 
217.8 ; 2.161e-05 ; True ; 20 202 254 303 374 420 480 502 513 546 578 594 664  ; 5 1 5 7 5 8 7 4 5 7 
218.8 ; 2.177e-05 ; True ; 20 202 254 303 374 420 480 513 515 546 578 594 664  ; 5 1 4 7 5 8 7 5 6 6 
219.1 ; 2.213e-05 ; True ; 20 202 254 303 341 374 420 480 515 546 578 594 664  ; 6 1 4 7 6 8 8 4 5 7 
224.8 ; 2.238e-05 ; True ; 20 254 303 341 374 420 480 515 546 578 594 664 689  ; 6 1 5 6 5 7 7 4 6 6 
226 ; 2.288e-05 ; True ; 20 202 303 341 374 420 480 515 546 578 594 664 689  ; 5 1 5 6 6 7 8 4 5 7 
227.3 ; 2.299e-05 ; True ; 20 110 202 254 303 374 420 480 546 578 594 664 689  ; 6 1 5 8 5 7 8 4 5 7 
228.3 ; 2.343e-05 ; True ; 20 202 303 341 374 420 480 513 515 546 578 594 664  ; 5 1 4 6 6 8 8 5 5 7 
230.7 ; 2.344e-05 ; True ; 20 202 254 303 341 374 420 480 513 546 578 594 664  ; 6 1 4 7 6 9 8 4 5 7 
232.9 ; 2.387e-05 ; True ; 20 110 254 303 341 374 420 480 546 578 594 664 689  ; 7 1 5 7 5 7 8 4 5 7 
233.4 ; 2.432e-05 ; True ; 11 20 142 202 254 303 374 420 480 515 546 578 594 664  ; 5 1 4 9 6 8 8 5 5 7 
237.4 ; 2.458e-05 ; True ; 20 202 303 341 374 420 480 513 546 578 594 664 689  ; 5 1 5 6 6 8 8 4 5 7 
239.4 ; 2.531e-05 ; True ; 0 20 119 202 254 303 374 420 480 515 546 578 594 664  ; 5 1 5 8 5 7 8 4 6 8 
241.9 ; 2.676e-05 ; True ; 20 142 202 254 303 374 420 480 515 546 578 594 664 689  ; 5 1 5 8 5 8 7 5 6 6 
244.6 ; 2.746e-05 ; True ; 20 142 202 254 303 341 374 420 480 515 546 578 594 664  ; 6 1 4 8 6 9 8 5 5 7 
247.4 ; 2.82e-05 ; True ; 20 202 254 303 341 374 420 480 502 515 546 578 594 664  ; 6 1 5 7 6 8 8 4 5 8 
250.4 ; 2.839e-05 ; True ; 20 142 254 303 341 374 420 480 515 546 578 594 664 689  ; 6 1 5 7 5 8 7 5 6 6 
252.3 ; 2.932e-05 ; True ; 0 20 202 254 303 341 374 420 480 515 546 578 594 664  ; 6 1 5 7 6 8 9 4 5 8 
257.6 ; 3.03e-05 ; True ; 20 202 254 303 341 374 420 480 515 546 578 594 664 689  ; 6 1 5 7 6 8 8 4 6 7 
261.9 ; 3.059e-05 ; True ; 20 202 254 303 341 374 420 480 513 515 546 578 594 664  ; 6 1 4 7 6 9 8 5 6 7 
264.8 ; 3.115e-05 ; True ; 20 110 254 303 341 374 420 480 515 546 578 594 664 689  ; 7 1 5 7 5 7 8 5 6 7 
267.5 ; 3.115e-05 ; True ; 20 110 202 254 303 341 374 420 480 546 578 594 664 689  ; 7 1 5 8 6 8 9 4 5 8 
267.9 ; 3.161e-05 ; True ; 20 110 202 303 341 374 420 480 515 546 578 594 664 689  ; 6 1 5 7 6 7 9 5 5 8 
270.2 ; 3.21e-05 ; True ; 20 202 254 303 341 374 420 480 513 546 578 594 664 689  ; 6 1 5 7 6 9 8 4 6 7 
270.9 ; 3.223e-05 ; True ; 20 110 202 254 303 374 420 480 513 546 578 594 664 689  ; 6 1 5 8 5 8 8 5 6 7 
277.3 ; 3.228e-05 ; True ; 0 20 88 254 303 341 374 420 480 546 578 594 664 689  ; 6 1 6 6 6 7 8 4 6 7 
277.7 ; 3.255e-05 ; True ; 20 88 202 254 303 341 374 420 480 546 578 594 664 689  ; 6 1 5 7 7 8 8 4 6 7 
278.5 ; 3.346e-05 ; True ; 20 110 254 303 341 374 420 480 513 546 578 594 664 689  ; 7 1 5 7 5 8 8 5 6 7 
281.3 ; 3.396e-05 ; True ; 20 110 202 303 341 374 420 480 513 546 578 594 664 689  ; 6 1 5 7 6 8 9 5 5 8 
282.5 ; 3.428e-05 ; True ; 0 20 142 202 254 303 374 420 480 546 578 594 658 664 689  ; 6 1 6 9 5 8 8 4 6 8 
285 ; 3.43e-05 ; True ; 20 88 110 254 303 341 374 420 480 546 578 594 664 689  ; 7 1 5 7 6 7 8 5 6 7 
285.6 ; 3.527e-05 ; True ; 20 142 202 254 303 374 420 480 502 513 546 578 594 664 689  ; 5 1 6 8 5 9 7 5 6 7 
288.7 ; 3.707e-05 ; True ; 20 202 254 303 341 374 420 480 502 515 546 578 594 664 689  ; 6 1 6 7 6 8 8 4 6 8 
296 ; 3.848e-05 ; True ; 20 110 142 202 254 303 341 374 420 480 546 578 594 664 689  ; 7 1 5 9 6 9 9 5 5 8 
301.5 ; 4.065e-05 ; True ; 20 110 202 254 303 341 374 420 480 515 546 578 594 664 689  ; 7 1 5 8 6 8 9 5 6 8 
311.8 ; 4.137e-05 ; True ; 20 88 202 254 303 341 374 420 480 515 546 578 594 664 689  ; 6 1 5 7 7 8 8 5 7 7 
314.6 ; 4.154e-05 ; True ; 20 88 110 142 254 303 341 374 420 480 546 578 594 664 689  ; 7 1 5 8 6 8 8 6 6 7 
316.1 ; 4.307e-05 ; True ; 20 110 202 254 303 341 374 420 480 513 546 578 594 664 689  ; 7 1 5 8 6 9 9 5 6 8 
323.7 ; 4.367e-05 ; True ; 20 88 110 202 254 303 341 374 420 480 546 578 594 664 689  ; 7 1 5 8 7 8 9 5 6 8 
335 ; 4.433e-05 ; True ; 20 78 202 254 303 341 374 420 480 513 546 578 594 664 689  ; 6 1 5 8 7 9 8 5 7 7 
335.6 ; 4.507e-05 ; True ; 20 88 110 254 303 341 374 420 480 513 546 578 594 664 689  ; 7 1 5 7 6 8 8 6 7 7 
342.3 ; 4.731e-05 ; True ; 20 202 254 303 341 374 420 480 513 546 578 594 664 669 689  ; 6 1 6 7 6 9 9 5 6 8 
349.9 ; 4.797e-05 ; True ; 20 88 202 254 303 341 374 420 480 546 578 594 664 669 689  ; 6 1 6 7 7 8 9 5 6 8 
354.7 ; 4.877e-05 ; True ; 20 97 202 254 303 341 374 420 480 507 513 546 578 594 664 689  ; 6 1 5 8 8 10 9 5 6 8 
356.1 ; 4.969e-05 ; True ; 20 168 202 254 303 341 374 420 480 513 546 578 594 664 689  ; 7 1 6 7 6 9 9 5 6 8 
358.4 ; 5.244e-05 ; True ; 20 96 110 202 254 303 341 374 420 480 513 546 578 594 664 689  ; 7 1 6 9 6 9 9 5 6 9 
363.9 ; 5.444e-05 ; True ; 0 20 88 110 202 254 303 341 374 420 480 546 578 594 664 689  ; 7 1 6 8 7 8 10 5 6 9 
380.4 ; 5.546e-05 ; True ; 20 107 202 254 303 341 374 420 480 513 546 578 594 664 669 689  ; 6 1 6 7 6 9 10 5 7 9 
391.4 ; 5.561e-05 ; True ; 20 88 110 185 202 254 303 374 420 480 546 578 594 664 669 689  ; 6 1 6 9 6 8 9 6 7 8 
395.1 ; 5.651e-05 ; True ; 20 168 199 202 254 303 341 374 420 480 513 546 578 594 664 689  ; 7 1 6 7 6 9 9 5 7 9 
396.6 ; 5.707e-05 ; True ; 20 78 202 254 303 341 374 420 480 502 546 578 594 664 669 689  ; 6 1 7 8 7 8 9 5 6 9 
397.4 ; 5.934e-05 ; True ; 20 78 202 254 303 341 374 420 480 515 546 578 594 664 669 689  ; 6 1 6 8 7 8 9 6 7 8 
398.1 ; 6.018e-05 ; True ; 20 88 142 168 202 254 303 341 374 420 480 546 578 594 664 689  ; 7 1 6 8 7 9 9 6 6 8 
402.6 ; 6.162e-05 ; True ; 20 88 168 202 254 303 341 374 420 480 515 546 578 594 664 689  ; 7 1 6 7 7 8 9 6 7 8 
412.1 ; 6.287e-05 ; True ; 20 78 202 254 303 341 374 420 480 513 546 578 594 664 669 689  ; 6 1 6 8 7 9 9 6 7 8 
419.2 ; 6.308e-05 ; True ; 20 77 168 202 254 303 341 374 420 480 513 546 578 594 664 689  ; 7 1 6 8 7 10 9 6 6 8 
425.9 ; 6.603e-05 ; True ; 20 78 168 202 254 303 341 374 420 480 513 546 578 594 664 689  ; 7 1 6 8 7 9 9 6 7 8 
429.2 ; 6.714e-05 ; True ; 20 168 202 254 303 341 374 420 480 513 546 578 594 664 669 689  ; 7 1 7 7 6 9 10 6 6 9 
435.8 ; 6.808e-05 ; True ; 20 88 168 202 254 303 341 374 420 480 546 578 594 664 669 689  ; 7 1 7 7 7 8 10 6 6 9 
440.8 ; 7.159e-05 ; True ; 20 88 142 202 254 303 341 374 420 480 513 546 578 594 664 669 689  ; 6 1 6 8 7 10 9 7 7 8 
471.2 ; 7.225e-05 ; True ; 20 78 110 202 303 341 371 374 420 480 513 546 578 594 664 669 689  ; 7 1 6 9 7 9 10 7 6 10 
474.6 ; 7.663e-05 ; True ; 20 88 202 254 303 341 374 420 480 513 546 578 594 623 664 669 689  ; 6 1 7 7 7 9 9 7 7 8 
481.7 ; 7.777e-05 ; True ; 20 78 88 202 254 303 341 374 420 480 538 546 578 594 664 669 689  ; 6 1 7 9 8 8 9 7 7 8 
484.8 ; 7.978e-05 ; True ; 20 78 142 168 202 254 303 341 374 420 480 546 578 594 664 669 689  ; 7 1 7 9 7 9 10 7 6 9 
485.7 ; 8.005e-05 ; True ; 20 88 168 202 254 303 341 374 420 438 480 546 578 594 664 669 689  ; 7 1 7 8 7 9 10 6 7 9 
489.2 ; 8.207e-05 ; True ; 20 78 168 202 254 303 341 374 420 480 515 546 578 594 664 669 689  ; 7 1 7 8 7 8 10 7 7 9 
506.1 ; 8.336e-05 ; True ; 20 78 89 202 254 303 341 374 420 480 515 538 546 578 594 664 669 689  ; 6 1 7 9 7 9 10 7 7 9 
514.5 ; 8.696e-05 ; True ; 20 78 168 202 254 303 341 374 420 480 546 578 593 594 664 669 689  ; 7 1 7 8 7 9 10 7 7 9 
520.2 ; 8.921e-05 ; True ; 20 97 107 142 202 254 303 341 371 374 420 480 513 546 578 594 664 669 689  ; 7 1 6 9 7 12 10 7 7 10 
527.3 ; 9.002e-05 ; True ; 0 20 78 142 168 254 303 341 374 408 420 480 513 546 578 594 664 689  ; 8 1 7 8 7 9 10 7 7 9 
535.9 ; 9.426e-05 ; True ; 20 78 168 185 202 254 303 341 374 420 480 515 546 578 594 664 669 689  ; 7 1 7 9 7 9 10 7 8 9 
560 ; 9.669e-05 ; True ; 20 78 168 202 254 303 319 341 374 420 480 513 546 578 594 664 669 689  ; 7 1 8 8 7 9 10 7 7 9 
567.5 ; 0.0001017 ; True ; 20 78 110 168 202 254 303 341 374 420 480 513 546 578 594 664 669 689  ; 8 1 7 9 7 9 11 8 7 10 
597.5 ; 0.0001021 ; True ; 20 97 107 140 168 202 254 303 341 374 420 480 513 546 578 594 664 669 689  ; 8 1 7 7 7 10 12 7 7 11 
630.5 ; 0.0001047 ; True ; 20 77 168 202 254 303 341 374 408 420 480 513 546 578 594 595 664 669 689  ; 9 1 7 9 9 10 12 7 6 10 
633.4 ; 0.0001095 ; True ; 20 78 110 168 202 254 303 341 374 420 480 513 546 554 578 594 664 669 689  ; 8 1 7 9 7 9 11 8 8 10 
677.6 ; 0.0001154 ; True ; 20 77 78 168 202 254 303 341 374 408 420 480 513 546 594 660 664 669 689  ; 9 1 7 9 8 10 11 8 7 10 
709.4 ; 0.000117 ; True ; 20 77 135 168 202 254 303 341 374 408 420 480 513 546 578 594 599 664 669 689  ; 8 1 7 9 8 11 11 8 7 10 
714.5 ; 0.0001227 ; True ; 20 78 88 91 168 202 254 303 341 374 420 480 516 546 578 593 594 664 669 689  ; 8 1 7 8 9 9 11 9 8 9 
739 ; 0.0001232 ; True ; 20 77 168 182 254 303 341 374 390 420 474 480 513 546 558 578 593 594 669 689  ; 8 1 7 9 7 12 11 8 8 10 
773 ; 0.0001233 ; True ; 20 77 88 168 254 303 341 374 390 420 480 513 546 593 594 623 664 669 689 695  ; 7 1 7 8 7 11 10 11 8 9 
799.7 ; 0.0001267 ; True ; 20 91 97 168 202 254 303 341 374 420 450 480 513 516 546 578 593 594 664 669 689  ; 8 1 7 7 8 11 11 9 8 9 


RUN 2:
Optimum Distance: 11.84
Optimal Team: 20,303,546,
Required Skills: 0 1 4 9 10 14 16 18 23 24 
Distance; Skill Score; isValid; Team; Skill Counts
11.84 ; 3.505e-10 ; True ; 20 303 546  ; 1 1 1 2 1 1 1 1 1 1 
12.82 ; 3.942e-10 ; True ; 303 374 420  ; 1 1 1 1 1 1 2 1 1 1 
15.84 ; 7.25e-10 ; True ; 168 303 420  ; 1 1 1 1 1 1 2 2 1 1 
16.6 ; 1.164e-09 ; True ; 96 303 513 594  ; 1 1 1 2 1 2 1 1 1 2 
18.64 ; 1.264e-09 ; True ; 301 303 341 546  ; 2 1 1 1 1 2 1 1 1 2 
18.71 ; 2.494e-09 ; True ; 20 303 448 546  ; 1 1 1 3 2 1 2 1 1 2 
19.54 ; 4.637e-09 ; True ; 20 202 303 546  ; 1 1 1 3 2 2 2 1 1 2 
20.63 ; 5.08e-09 ; True ; 303 480 546 594  ; 2 1 1 2 1 3 2 1 1 2 
20.64 ; 8.054e-09 ; True ; 20 303 546 594  ; 2 1 1 3 2 2 2 1 1 2 
23.46 ; 8.911e-09 ; True ; 303 374 420 594  ; 2 1 1 2 2 2 3 1 1 2 
26.61 ; 9.464e-09 ; True ; 20 142 303 448 546  ; 1 1 1 4 2 2 2 2 1 2 
27.31 ; 1.278e-08 ; True ; 20 202 303 448 546  ; 1 1 1 4 3 2 3 1 1 3 
27.57 ; 1.574e-08 ; True ; 0 130 303 341 546  ; 3 1 1 2 2 2 3 1 1 3 
28.37 ; 2.199e-08 ; True ; 130 303 341 480 546  ; 3 1 1 2 2 3 3 1 1 3 
28.46 ; 2.236e-08 ; True ; 20 202 303 546 578  ; 1 1 2 3 3 2 3 1 1 3 
29.53 ; 2.297e-08 ; True ; 20 142 303 546 594  ; 2 1 1 4 2 3 2 2 1 2 
30.15 ; 2.329e-08 ; True ; 20 202 254 303 546  ; 2 1 1 4 2 3 2 1 2 2 
30.26 ; 2.853e-08 ; True ; 20 202 303 374 546  ; 2 1 2 3 2 2 3 1 1 3 
30.27 ; 3.101e-08 ; True ; 20 202 303 546 594  ; 2 1 1 4 3 3 3 1 1 3 
30.57 ; 3.884e-08 ; True ; 20 303 546 578 594  ; 2 1 2 3 3 2 3 1 1 3 
31.32 ; 3.985e-08 ; True ; 20 303 480 546 594  ; 2 1 2 3 2 3 3 1 1 3 
33.34 ; 5.312e-08 ; True ; 303 341 420 480 664  ; 2 1 1 2 2 4 3 2 2 2 
34.28 ; 5.366e-08 ; True ; 20 303 546 578 664  ; 2 1 2 3 2 2 2 2 2 2 
35.25 ; 5.847e-08 ; True ; 20 303 420 480 664  ; 1 1 2 3 2 3 3 2 2 2 
35.87 ; 6.505e-08 ; True ; 303 420 480 594 664  ; 2 1 1 3 2 4 3 2 2 2 
36.27 ; 7.27e-08 ; True ; 20 303 374 420 664  ; 2 1 2 3 2 2 3 2 2 2 
37.21 ; 7.901e-08 ; True ; 20 303 420 546 594  ; 2 1 1 4 3 3 3 2 2 2 
40.05 ; 8.134e-08 ; True ; 20 142 202 303 374 546  ; 2 1 2 4 2 3 3 2 1 3 
40.25 ; 8.32e-08 ; True ; 20 142 254 303 546 578  ; 2 1 2 4 2 3 2 2 2 2 
41.07 ; 9.784e-08 ; True ; 20 202 303 374 515 546  ; 2 1 2 3 2 2 3 2 2 3 
41.18 ; 1.063e-07 ; True ; 20 202 303 546 578 594  ; 2 1 2 4 4 3 4 1 1 4 
41.29 ; 1.068e-07 ; True ; 20 142 303 374 546 594  ; 3 1 2 4 2 3 3 2 1 3 
41.41 ; 1.108e-07 ; True ; 20 142 303 546 578 594  ; 2 1 2 4 3 3 3 2 1 3 
41.89 ; 1.123e-07 ; True ; 20 202 254 303 546 578  ; 2 1 2 4 3 3 3 1 2 3 
42.15 ; 1.367e-07 ; True ; 20 303 480 515 546 594  ; 2 1 2 3 2 3 3 2 2 3 
43.17 ; 1.475e-07 ; True ; 20 254 303 546 578 594  ; 3 1 2 4 3 3 3 1 2 3 
44.35 ; 1.861e-07 ; True ; 20 303 513 546 578 594  ; 2 1 2 3 3 3 3 2 2 3 
45.76 ; 2.066e-07 ; True ; 20 202 303 546 578 664  ; 2 1 2 4 3 3 3 2 2 3 
48.07 ; 2.205e-07 ; True ; 303 341 374 420 480 664  ; 3 1 2 2 2 4 4 2 2 3 
48.51 ; 2.478e-07 ; True ; 20 303 480 546 594 664  ; 3 1 2 4 2 4 3 2 2 3 
48.69 ; 2.712e-07 ; True ; 20 303 546 578 594 664  ; 3 1 2 4 3 3 3 2 2 3 
50.82 ; 2.8e-07 ; True ; 20 303 341 420 480 664  ; 2 1 2 3 3 4 4 2 2 3 
50.86 ; 3.108e-07 ; True ; 20 303 420 480 546 594  ; 2 1 2 4 3 4 4 2 2 3 
50.97 ; 3.279e-07 ; True ; 20 303 374 420 546 594  ; 3 1 2 4 3 3 4 2 2 3 
54.91 ; 3.801e-07 ; True ; 20 303 374 480 515 546 594  ; 3 1 3 3 2 3 4 2 2 4 
55.75 ; 3.941e-07 ; True ; 20 202 303 374 515 546 594  ; 3 1 2 4 3 3 4 2 2 4 
56.93 ; 3.942e-07 ; True ; 20 303 480 515 546 578 594  ; 2 1 3 3 3 3 4 2 2 4 
57.89 ; 4.538e-07 ; True ; 20 202 303 513 546 578 594  ; 2 1 2 4 4 4 4 2 2 4 
59.64 ; 4.904e-07 ; True ; 20 202 303 374 513 546 594  ; 3 1 2 4 3 4 4 2 2 4 
59.98 ; 4.905e-07 ; True ; 20 303 480 513 546 578 594  ; 2 1 3 3 3 4 4 2 2 4 
60.05 ; 5.175e-07 ; True ; 20 303 374 513 546 578 594  ; 3 1 3 3 3 3 4 2 2 4 
60.37 ; 5.444e-07 ; True ; 20 202 303 480 546 578 664  ; 2 1 3 4 3 4 4 2 2 4 
61.32 ; 5.744e-07 ; True ; 20 202 303 374 546 578 664  ; 3 1 3 4 3 3 4 2 2 4 
62.1 ; 6.311e-07 ; True ; 20 202 303 546 578 594 664  ; 3 1 2 5 4 4 4 2 2 4 
63.32 ; 7.146e-07 ; True ; 20 303 480 546 578 594 664  ; 3 1 3 4 3 4 4 2 2 4 
65.6 ; 8.134e-07 ; True ; 20 303 374 420 480 546 594  ; 3 1 3 4 3 4 5 2 2 4 
67.57 ; 8.46e-07 ; True ; 20 303 374 420 480 546 664  ; 3 1 3 4 2 4 4 3 3 3 
68.67 ; 8.775e-07 ; True ; 20 303 420 480 546 578 664  ; 2 1 3 4 3 4 4 3 3 3 
69.71 ; 9.259e-07 ; True ; 20 303 374 420 546 578 664  ; 3 1 3 4 3 3 4 3 3 3 
70.04 ; 9.786e-07 ; True ; 20 303 420 480 546 594 664  ; 3 1 2 5 3 5 4 3 3 3 
71.05 ; 9.844e-07 ; True ; 20 303 374 420 546 594 664  ; 4 1 2 5 3 4 4 3 3 3 
71.22 ; 1.017e-06 ; True ; 20 303 420 546 578 594 664  ; 3 1 2 5 4 4 4 3 3 3 
75.5 ; 1.119e-06 ; True ; 20 202 303 374 513 546 578 594  ; 3 1 3 4 4 4 5 2 2 5 
76.92 ; 1.193e-06 ; True ; 20 202 303 374 480 546 578 664  ; 3 1 4 4 3 4 5 2 2 5 
77.92 ; 1.195e-06 ; True ; 20 303 374 480 515 546 594 664  ; 4 1 3 4 2 4 4 3 3 4 
78.07 ; 1.223e-06 ; True ; 20 142 303 480 546 578 594 664  ; 3 1 3 5 3 5 4 3 2 4 
78.7 ; 1.385e-06 ; True ; 20 202 303 480 546 578 594 664  ; 3 1 3 5 4 5 5 2 2 5 
79.63 ; 1.393e-06 ; True ; 20 202 303 374 546 578 594 664  ; 4 1 3 5 4 4 5 2 2 5 
79.94 ; 1.403e-06 ; True ; 20 303 374 480 546 578 594 664  ; 4 1 4 4 3 4 5 2 2 5 
81.32 ; 1.415e-06 ; True ; 20 107 303 374 420 480 546 594  ; 3 1 3 4 3 4 6 2 3 5 
81.33 ; 1.576e-06 ; True ; 20 303 374 420 480 515 546 594  ; 3 1 3 4 3 4 5 3 3 4 
82.07 ; 1.659e-06 ; True ; 20 254 303 374 420 480 546 594  ; 4 1 3 5 3 5 5 2 3 4 
84.13 ; 1.714e-06 ; True ; 20 254 303 420 480 546 578 594  ; 3 1 3 5 4 5 5 2 3 4 
84.25 ; 1.724e-06 ; True ; 20 254 303 374 420 546 578 594  ; 4 1 3 5 4 4 5 2 3 4 
85.88 ; 1.951e-06 ; True ; 20 202 303 374 420 480 546 664  ; 3 1 3 5 3 5 5 3 3 4 
86.3 ; 2.042e-06 ; True ; 20 303 374 420 480 546 578 664  ; 3 1 4 4 3 4 5 3 3 4 
87.68 ; 2.294e-06 ; True ; 20 303 374 420 480 546 594 664  ; 4 1 3 5 3 5 5 3 3 4 
88.8 ; 2.37e-06 ; True ; 20 303 420 480 546 578 594 664  ; 3 1 3 5 4 5 5 3 3 4 
89.82 ; 2.384e-06 ; True ; 20 303 374 420 546 578 594 664  ; 4 1 3 5 4 4 5 3 3 4 
95.67 ; 2.401e-06 ; True ; 20 142 303 374 480 546 578 594 664  ; 4 1 4 5 3 5 5 3 2 5 
96.19 ; 2.596e-06 ; True ; 20 202 303 374 480 515 546 594 664  ; 4 1 3 5 3 5 5 3 3 5 
97.31 ; 2.683e-06 ; True ; 20 202 303 480 515 546 578 594 664  ; 3 1 3 5 4 5 5 3 3 5 
97.57 ; 2.718e-06 ; True ; 20 303 374 480 515 546 578 594 664  ; 4 1 4 4 3 4 5 3 3 5 
99.62 ; 2.862e-06 ; True ; 20 254 303 374 420 480 515 546 594  ; 4 1 3 5 3 5 5 3 4 4 
100.7 ; 2.943e-06 ; True ; 20 202 303 374 420 480 515 546 594  ; 3 1 3 5 4 5 6 3 3 5 
102 ; 3.081e-06 ; True ; 20 303 374 420 480 515 546 578 594  ; 3 1 4 4 4 4 6 3 3 5 
102.7 ; 3.242e-06 ; True ; 20 254 303 374 420 480 546 578 594  ; 4 1 4 5 4 5 6 2 3 5 
103.9 ; 3.264e-06 ; True ; 20 303 374 420 448 480 546 578 664  ; 3 1 4 5 4 4 6 3 3 5 
104.5 ; 3.364e-06 ; True ; 20 142 254 303 374 480 515 546 578 594  ; 4 1 4 5 3 5 5 3 3 5 
105.6 ; 3.814e-06 ; True ; 20 202 303 374 420 480 546 578 664  ; 3 1 4 5 4 5 6 3 3 5 
107.9 ; 4.02e-06 ; True ; 20 202 303 374 420 480 546 594 664  ; 4 1 3 6 4 6 6 3 3 5 
108.4 ; 4.484e-06 ; True ; 20 303 374 420 480 546 578 594 664  ; 4 1 4 5 4 5 6 3 3 5 
116.8 ; 4.895e-06 ; True ; 20 202 303 374 480 515 546 578 594 664  ; 4 1 4 5 4 5 6 3 3 6 
120.4 ; 5.209e-06 ; True ; 20 142 254 303 374 420 480 546 578 594  ; 4 1 4 6 4 6 6 3 3 5 
123.1 ; 5.594e-06 ; True ; 20 254 303 374 420 480 515 546 578 594  ; 4 1 4 5 4 5 6 3 4 5 
125.7 ; 5.686e-06 ; True ; 20 142 202 254 303 374 480 515 546 578 594  ; 4 1 4 6 4 6 6 3 3 6 
127.1 ; 5.864e-06 ; True ; 20 202 303 374 420 480 515 546 578 664  ; 3 1 4 5 4 5 6 4 4 5 
128 ; 6.191e-06 ; True ; 20 303 374 420 448 480 546 578 594 664  ; 4 1 4 6 5 5 7 3 3 6 
128 ; 6.419e-06 ; True ; 20 142 303 374 420 480 546 578 594 664  ; 4 1 4 6 4 6 6 4 3 5 
129 ; 6.538e-06 ; True ; 20 107 303 374 420 480 546 578 594 664  ; 4 1 4 5 4 5 7 3 4 6 
129.6 ; 6.959e-06 ; True ; 20 202 303 374 420 480 546 578 594 664  ; 4 1 4 6 5 6 7 3 3 6 
131.5 ; 7.214e-06 ; True ; 20 254 303 374 420 480 546 578 594 664  ; 5 1 4 6 4 6 6 3 4 5 
137.5 ; 7.748e-06 ; True ; 20 303 374 420 480 513 546 578 594 664  ; 4 1 4 5 4 6 6 4 4 5 
141.6 ; 7.875e-06 ; True ; 20 202 254 303 374 480 515 546 578 594 664  ; 5 1 4 6 4 6 6 3 4 6 
141.8 ; 8.008e-06 ; True ; 20 142 254 303 374 420 480 515 546 578 594  ; 4 1 4 6 4 6 6 4 4 5 
146.3 ; 8.682e-06 ; True ; 20 202 254 303 374 420 480 515 546 578 594  ; 4 1 4 6 5 6 7 3 4 6 
149.6 ; 8.912e-06 ; True ; 20 119 142 303 374 420 480 546 578 594 664  ; 4 1 4 7 4 6 6 4 4 6 
150.1 ; 8.938e-06 ; True ; 20 142 202 254 303 374 420 480 546 578 664  ; 4 1 4 7 4 7 6 4 4 5 
150.5 ; 9.275e-06 ; True ; 20 142 303 374 420 480 515 546 578 594 664  ; 4 1 4 6 4 6 6 5 4 5 
151.2 ; 9.571e-06 ; True ; 20 142 202 303 374 420 480 546 578 594 664  ; 4 1 4 7 5 7 7 4 3 6 
152.1 ; 9.922e-06 ; True ; 20 142 254 303 374 420 480 546 578 594 664  ; 5 1 4 7 4 7 6 4 4 5 
153.1 ; 1.07e-05 ; True ; 20 202 303 374 420 480 515 546 578 594 664  ; 4 1 4 6 5 6 7 4 4 6 
155.5 ; 1.076e-05 ; True ; 20 202 254 303 374 420 480 546 578 594 664  ; 5 1 4 7 5 7 7 3 4 6 
161.2 ; 1.083e-05 ; True ; 20 142 202 254 303 374 480 515 546 578 594 664  ; 5 1 4 7 4 7 6 4 4 6 
161.6 ; 1.171e-05 ; True ; 20 202 303 374 420 480 513 546 578 594 664  ; 4 1 4 6 5 7 7 4 4 6 
166.9 ; 1.194e-05 ; True ; 20 142 202 254 303 374 420 480 515 546 578 594  ; 4 1 4 7 5 7 7 4 4 6 
171.7 ; 1.258e-05 ; True ; 20 303 341 374 420 480 513 546 578 594 664  ; 5 1 4 5 5 7 7 4 4 6 
175.6 ; 1.316e-05 ; True ; 20 142 254 303 374 420 480 502 546 578 594 664  ; 5 1 5 7 4 7 6 4 4 6 
175.6 ; 1.383e-05 ; True ; 20 142 202 303 374 420 480 515 546 578 594 664  ; 4 1 4 7 5 7 7 5 4 6 
176.6 ; 1.407e-05 ; True ; 20 107 202 303 374 420 480 515 546 578 594 664  ; 4 1 4 6 5 6 8 4 5 7 
177.6 ; 1.413e-05 ; True ; 20 202 303 371 374 420 480 515 546 578 594 664  ; 5 1 4 7 5 7 7 4 4 7 
178.1 ; 1.44e-05 ; True ; 20 142 202 254 303 374 420 480 546 578 594 664  ; 5 1 4 8 5 8 7 4 4 6 
180.8 ; 1.553e-05 ; True ; 20 202 254 303 374 420 480 515 546 578 594 664  ; 5 1 4 7 5 7 7 4 5 6 
188.1 ; 1.589e-05 ; True ; 20 202 303 374 420 480 513 515 546 578 594 664  ; 4 1 4 6 5 7 7 5 5 6 
188.4 ; 1.607e-05 ; True ; 20 202 303 341 374 420 480 515 546 578 594 664  ; 5 1 4 6 6 7 8 4 4 7 
190.1 ; 1.635e-05 ; True ; 20 254 303 341 374 420 480 515 546 578 594 664  ; 6 1 4 6 5 7 7 4 5 6 
190.5 ; 1.669e-05 ; True ; 20 202 254 303 374 420 480 513 546 578 594 664  ; 5 1 4 7 5 8 7 4 5 6 
198.8 ; 1.71e-05 ; True ; 20 88 202 254 303 374 420 480 546 578 594 664  ; 5 1 4 7 6 7 7 4 5 6 
198.9 ; 1.726e-05 ; True ; 20 202 303 341 374 420 480 513 546 578 594 664  ; 5 1 4 6 6 8 8 4 4 7 
200.7 ; 1.756e-05 ; True ; 20 254 303 341 374 420 480 513 546 578 594 664  ; 6 1 4 6 5 8 7 4 5 6 
203 ; 1.828e-05 ; True ; 20 107 202 303 371 374 420 480 515 546 578 594 664  ; 5 1 4 7 5 7 8 4 5 8 
203.4 ; 1.866e-05 ; True ; 20 142 202 254 303 374 420 480 502 546 578 594 664  ; 5 1 5 8 5 8 7 4 4 7 
204.3 ; 1.955e-05 ; True ; 20 142 202 254 303 374 420 480 515 546 578 594 664  ; 5 1 4 8 5 8 7 5 5 6 
212.1 ; 2.118e-05 ; True ; 0 20 202 254 303 374 420 480 515 546 578 594 664  ; 5 1 5 7 5 7 8 4 5 7 
216.4 ; 2.126e-05 ; True ; 20 202 254 303 374 420 480 515 546 578 594 664 689  ; 5 1 5 7 5 7 7 4 6 6 
219.1 ; 2.213e-05 ; True ; 20 202 254 303 341 374 420 480 515 546 578 594 664  ; 6 1 4 7 6 8 8 4 5 7 
224.8 ; 2.238e-05 ; True ; 20 254 303 341 374 420 480 515 546 578 594 664 689  ; 6 1 5 6 5 7 7 4 6 6 
226 ; 2.288e-05 ; True ; 20 202 303 341 374 420 480 515 546 578 594 664 689  ; 5 1 5 6 6 7 8 4 5 7 
227.3 ; 2.299e-05 ; True ; 20 110 202 254 303 374 420 480 546 578 594 664 689  ; 6 1 5 8 5 7 8 4 5 7 
228.3 ; 2.343e-05 ; True ; 20 202 303 341 374 420 480 513 515 546 578 594 664  ; 5 1 4 6 6 8 8 5 5 7 
230.7 ; 2.344e-05 ; True ; 20 202 254 303 341 374 420 480 513 546 578 594 664  ; 6 1 4 7 6 9 8 4 5 7 
232.5 ; 2.354e-05 ; True ; 20 110 202 254 303 374 420 480 513 546 578 594 664  ; 6 1 4 8 5 8 8 5 5 7 
232.9 ; 2.387e-05 ; True ; 20 110 254 303 341 374 420 480 546 578 594 664 689  ; 7 1 5 7 5 7 8 4 5 7 
232.9 ; 2.395e-05 ; True ; 0 20 254 303 341 374 420 480 513 546 578 594 664  ; 6 1 5 6 5 8 8 4 5 7 
236.4 ; 2.405e-05 ; True ; 20 254 303 341 374 420 480 513 546 578 594 664 689  ; 6 1 5 6 5 8 7 4 6 6 
237.4 ; 2.458e-05 ; True ; 20 202 303 341 374 420 480 513 546 578 594 664 689  ; 5 1 5 6 6 8 8 4 5 7 
237.6 ; 2.532e-05 ; True ; 20 142 202 254 301 303 374 420 480 515 546 578 594 664  ; 5 1 5 8 5 8 7 5 5 7 
241.9 ; 2.676e-05 ; True ; 20 142 202 254 303 374 420 480 515 546 578 594 664 689  ; 5 1 5 8 5 8 7 5 6 6 
244.6 ; 2.746e-05 ; True ; 20 142 202 254 303 341 374 420 480 515 546 578 594 664  ; 6 1 4 8 6 9 8 5 5 7 
250.4 ; 2.839e-05 ; True ; 20 142 254 303 341 374 420 480 515 546 578 594 664 689  ; 6 1 5 7 5 8 7 5 6 6 
253 ; 2.881e-05 ; True ; 20 142 202 254 303 341 374 420 480 546 578 594 664 689  ; 6 1 5 8 6 9 8 4 5 7 
257.2 ; 2.888e-05 ; True ; 20 202 254 303 341 374 420 480 515 546 576 578 594 664  ; 6 1 4 7 6 8 8 5 6 7 
257.6 ; 3.03e-05 ; True ; 20 202 254 303 341 374 420 480 515 546 578 594 664 689  ; 6 1 5 7 6 8 8 4 6 7 
264.8 ; 3.115e-05 ; True ; 20 110 254 303 341 374 420 480 515 546 578 594 664 689  ; 7 1 5 7 5 7 8 5 6 7 
267.5 ; 3.115e-05 ; True ; 20 110 202 254 303 341 374 420 480 546 578 594 664 689  ; 7 1 5 8 6 8 9 4 5 8 
267.9 ; 3.161e-05 ; True ; 20 110 202 303 341 374 420 480 515 546 578 594 664 689  ; 6 1 5 7 6 7 9 5 5 8 
269.6 ; 3.207e-05 ; True ; 20 202 303 341 374 420 480 513 515 546 578 594 664 689  ; 5 1 5 6 6 8 8 5 6 7 
270.2 ; 3.21e-05 ; True ; 20 202 254 303 341 374 420 480 513 546 578 594 664 689  ; 6 1 5 7 6 9 8 4 6 7 
270.9 ; 3.223e-05 ; True ; 20 110 202 254 303 374 420 480 513 546 578 594 664 689  ; 6 1 5 8 5 8 8 5 6 7 
273.3 ; 3.271e-05 ; True ; 20 97 110 254 303 341 374 420 480 546 578 594 664 689  ; 7 1 5 7 6 8 8 5 5 7 
278.5 ; 3.346e-05 ; True ; 20 110 254 303 341 374 420 480 513 546 578 594 664 689  ; 7 1 5 7 5 8 8 5 6 7 
281.3 ; 3.396e-05 ; True ; 20 110 202 303 341 374 420 480 513 546 578 594 664 689  ; 6 1 5 7 6 8 9 5 5 8 
285.1 ; 3.76e-05 ; True ; 20 142 202 254 303 341 374 420 480 515 546 578 594 664 689  ; 6 1 5 8 6 9 8 5 6 7 
292.4 ; 3.772e-05 ; True ; 20 110 142 254 303 341 374 420 480 515 546 578 594 664 689  ; 7 1 5 8 5 8 8 6 6 7 
297.2 ; 3.783e-05 ; True ; 20 110 254 303 341 374 420 448 480 515 546 578 594 664 689  ; 7 1 5 8 6 7 9 5 6 8 
299.1 ; 3.861e-05 ; True ; 20 142 202 303 341 374 420 480 513 515 546 578 594 664 689  ; 5 1 5 7 6 9 8 6 6 7 
299.7 ; 3.941e-05 ; True ; 20 142 202 254 303 341 374 420 480 513 546 578 594 664 689  ; 6 1 5 8 6 10 8 5 6 7 
301.5 ; 4.065e-05 ; True ; 20 110 202 254 303 341 374 420 480 515 546 578 594 664 689  ; 7 1 5 8 6 8 9 5 6 8 
311.8 ; 4.137e-05 ; True ; 20 88 202 254 303 341 374 420 480 515 546 578 594 664 689  ; 6 1 5 7 7 8 8 5 7 7 
316.1 ; 4.307e-05 ; True ; 20 110 202 254 303 341 374 420 480 513 546 578 594 664 689  ; 7 1 5 8 6 9 9 5 6 8 
318 ; 4.516e-05 ; True ; 0 20 142 254 303 341 374 420 448 480 515 546 578 594 664 689  ; 6 1 6 8 6 8 9 5 6 8 
334.8 ; 4.697e-05 ; True ; 20 110 202 254 303 341 374 420 448 480 515 546 578 594 664 689  ; 7 1 5 9 7 8 10 5 6 9 
342.3 ; 4.731e-05 ; True ; 20 202 254 303 341 374 420 480 513 546 578 594 664 669 689  ; 6 1 6 7 6 9 9 5 6 8 
344.5 ; 4.971e-05 ; True ; 20 110 202 254 303 341 374 420 480 515 546 576 578 594 664 689  ; 7 1 5 8 6 8 9 6 7 8 
362.7 ; 5.038e-05 ; True ; 20 88 168 202 254 303 341 374 420 480 546 578 594 664 689  ; 7 1 6 7 7 8 9 5 6 8 
364.9 ; 5.213e-05 ; True ; 6 20 110 142 202 254 303 341 374 420 480 515 546 578 594 664 689  ; 7 1 5 10 7 9 9 6 6 8 
369 ; 5.317e-05 ; True ; 20 88 97 110 254 303 341 374 420 480 546 578 594 658 664 689  ; 8 1 5 8 7 8 8 6 7 8 
375.3 ; 5.333e-05 ; True ; 20 142 202 254 303 341 374 377 420 480 546 578 594 664 669 689  ; 6 1 6 8 6 9 9 6 6 8 
376.4 ; 5.46e-05 ; True ; 19 20 142 202 254 301 303 341 374 420 480 513 546 578 594 664 689  ; 7 1 6 8 6 10 9 5 6 9 
387.3 ; 5.528e-05 ; True ; 0 20 97 202 254 303 374 420 480 513 546 578 594 658 664 669  ; 6 1 6 8 6 9 9 6 6 9 
388.5 ; 5.553e-05 ; True ; 20 88 202 254 303 374 420 480 502 513 546 578 594 664 669 689  ; 5 1 7 7 6 8 8 6 7 8 
392.2 ; 5.577e-05 ; True ; 20 88 184 202 254 303 341 374 420 480 546 578 594 664 669 689  ; 6 1 6 7 7 9 9 5 7 8 
393.3 ; 5.648e-05 ; True ; 11 20 110 254 303 341 374 420 480 513 546 578 594 664 669 689  ; 7 1 6 8 6 8 10 6 6 9 
394 ; 5.939e-05 ; True ; 20 97 202 254 303 341 374 420 480 513 546 578 594 664 669 689  ; 6 1 6 7 7 10 9 6 6 8 
394.1 ; 5.984e-05 ; True ; 20 110 202 254 303 341 374 420 480 513 546 578 594 664 669 689  ; 7 1 6 8 6 9 10 6 6 9 
397.2 ; 6.032e-05 ; True ; 20 110 200 202 254 301 303 341 374 420 480 513 546 578 594 664 689  ; 7 1 6 9 6 10 9 5 7 9 
402.6 ; 6.162e-05 ; True ; 20 88 168 202 254 303 341 374 420 480 515 546 578 594 664 689  ; 7 1 6 7 7 8 9 6 7 8 
408.8 ; 6.195e-05 ; True ; 20 110 168 202 254 303 341 374 420 480 513 546 578 594 664 689  ; 8 1 6 8 6 9 10 6 6 9 
411.2 ; 6.232e-05 ; True ; 20 78 168 202 254 303 341 374 420 480 515 546 578 594 664 689  ; 7 1 6 8 7 8 9 6 7 8 
416.2 ; 6.246e-05 ; True ; 20 88 97 110 130 254 303 341 374 420 480 546 578 594 658 664 689  ; 9 1 5 9 8 8 9 6 7 9 
417.2 ; 6.529e-05 ; True ; 20 88 168 202 254 303 341 374 420 480 513 546 578 594 664 689  ; 7 1 6 7 7 9 9 6 7 8 
425.9 ; 6.603e-05 ; True ; 20 78 168 202 254 303 341 374 420 480 513 546 578 594 664 689  ; 7 1 6 8 7 9 9 6 7 8 
426.2 ; 6.618e-05 ; True ; 20 88 110 202 254 303 341 374 420 480 513 546 576 578 594 664 689  ; 7 1 5 8 7 9 9 7 8 8 
429.2 ; 6.714e-05 ; True ; 20 168 202 254 303 341 374 420 480 513 546 578 594 664 669 689  ; 7 1 7 7 6 9 10 6 6 9 
435.8 ; 6.808e-05 ; True ; 20 88 168 202 254 303 341 374 420 480 546 578 594 664 669 689  ; 7 1 7 7 7 8 10 6 6 9 
437.8 ; 6.81e-05 ; True ; 11 20 110 202 254 303 341 374 420 480 513 546 578 594 664 669 689  ; 7 1 6 9 7 9 11 6 6 10 
442 ; 6.904e-05 ; True ; 20 88 168 202 254 303 341 374 420 480 513 546 578 594 664 669  ; 7 1 6 7 7 9 10 7 6 9 
444.8 ; 6.935e-05 ; True ; 20 88 168 254 303 341 374 420 480 513 546 578 594 664 669 689  ; 7 1 7 6 6 8 9 7 7 8 
446.9 ; 7.229e-05 ; True ; 20 97 110 168 202 254 303 341 374 420 480 515 546 578 594 664 689  ; 8 1 6 8 7 9 10 7 6 9 
457.6 ; 7.464e-05 ; True ; 0 20 142 202 254 303 341 374 420 480 515 537 546 578 594 664 669 689  ; 6 1 7 8 6 9 11 6 7 10 
479.9 ; 7.674e-05 ; True ; 20 69 168 202 254 303 341 374 420 480 513 546 578 594 664 669 689  ; 8 1 7 7 7 9 10 6 6 10 
480.6 ; 8.115e-05 ; True ; 20 88 168 202 254 303 341 374 420 480 515 546 578 594 664 669 689  ; 7 1 7 7 7 8 10 7 7 9 
504.9 ; 8.25e-05 ; True ; 20 88 108 110 202 254 303 341 374 420 480 513 546 578 594 664 669 689  ; 7 1 6 8 7 9 10 7 8 9 
512.2 ; 8.436e-05 ; True ; 20 78 110 168 254 303 341 374 420 480 513 546 578 594 664 669 689  ; 8 1 7 8 6 8 10 8 7 9 
520.7 ; 8.462e-05 ; True ; 20 88 97 202 254 303 341 374 420 480 513 546 578 594 599 664 669 689  ; 6 1 6 8 8 11 9 7 8 8 
544.4 ; 8.571e-05 ; True ; 20 88 168 202 254 303 341 374 420 448 480 515 546 578 594 664 669 679  ; 7 1 6 8 8 8 11 8 7 10 
545.9 ; 8.66e-05 ; True ; 20 78 118 168 185 254 303 341 374 420 480 513 546 578 594 664 669 689  ; 7 1 7 8 6 9 9 7 9 8 
549 ; 9.239e-05 ; True ; 20 69 168 202 254 303 341 374 390 420 480 513 546 578 594 664 669 689  ; 8 1 7 8 7 10 11 7 6 11 
550.7 ; 9.461e-05 ; True ; 0 20 88 168 254 303 341 374 420 480 513 546 576 578 594 664 669 689  ; 7 1 8 6 6 8 10 8 8 9 
579.1 ; 0.0001017 ; True ; 20 88 168 202 254 303 341 374 420 480 513 546 578 594 600 664 669 689  ; 8 1 8 7 7 9 10 7 7 10 
599.7 ; 0.0001081 ; True ; 20 69 168 202 254 303 341 374 390 420 480 513 515 546 578 594 664 669 689  ; 8 1 7 8 7 10 11 8 7 11 
660.2 ; 0.0001114 ; True ; 20 78 168 202 254 303 341 374 420 480 505 513 546 578 594 600 664 669 689  ; 9 1 8 8 8 9 10 7 7 10 
663.1 ; 0.0001129 ; True ; 20 110 168 182 202 303 341 353 374 387 420 480 513 546 578 594 664 669 689  ; 8 1 8 8 7 10 11 9 6 10 
674.5 ; 0.0001158 ; True ; 20 78 142 168 200 254 303 341 365 374 420 480 507 513 546 578 594 664 669 689  ; 7 1 7 10 7 11 10 9 8 9 
695.4 ; 0.0001162 ; True ; 20 56 78 168 202 303 341 374 420 472 480 507 515 546 578 594 658 664 669 689  ; 7 1 7 9 8 9 12 8 8 11 
707.7 ; 0.0001256 ; True ; 20 78 88 168 185 202 303 341 374 420 435 480 513 546 578 594 658 664 669 689  ; 8 1 7 10 9 9 10 8 9 10 
737.8 ; 0.0001314 ; True ; 20 21 78 168 182 202 254 303 341 374 387 420 480 513 546 578 594 664 669 689  ; 8 1 7 9 9 11 11 8 8 10 


RUN 3:
Optimum Distance: 11.84
Optimal Team: 20,303,546,
Required Skills: 0 1 4 9 10 14 16 18 23 24 
Distance; Skill Score; isValid; Team; Skill Counts
11.84 ; 3.505e-10 ; True ; 20 303 546  ; 1 1 1 2 1 1 1 1 1 1 
12.82 ; 3.942e-10 ; True ; 303 374 420  ; 1 1 1 1 1 1 2 1 1 1 
15.84 ; 7.25e-10 ; True ; 168 303 420  ; 1 1 1 1 1 1 2 2 1 1 
18.64 ; 1.264e-09 ; True ; 301 303 341 546  ; 2 1 1 1 1 2 1 1 1 2 
18.71 ; 2.494e-09 ; True ; 20 303 448 546  ; 1 1 1 3 2 1 2 1 1 2 
19.54 ; 4.637e-09 ; True ; 20 202 303 546  ; 1 1 1 3 2 2 2 1 1 2 
20.63 ; 5.08e-09 ; True ; 303 480 546 594  ; 2 1 1 2 1 3 2 1 1 2 
20.64 ; 8.054e-09 ; True ; 20 303 546 594  ; 2 1 1 3 2 2 2 1 1 2 
23.46 ; 8.911e-09 ; True ; 303 374 420 594  ; 2 1 1 2 2 2 3 1 1 2 
26.61 ; 9.464e-09 ; True ; 20 142 303 448 546  ; 1 1 1 4 2 2 2 2 1 2 
27.31 ; 1.278e-08 ; True ; 20 202 303 448 546  ; 1 1 1 4 3 2 3 1 1 3 
27.57 ; 1.574e-08 ; True ; 0 130 303 341 546  ; 3 1 1 2 2 2 3 1 1 3 
28.42 ; 1.681e-08 ; True ; 20 202 303 371 546  ; 2 1 1 4 2 3 2 1 1 3 
28.46 ; 2.236e-08 ; True ; 20 202 303 546 578  ; 1 1 2 3 3 2 3 1 1 3 
29.53 ; 2.297e-08 ; True ; 20 142 303 546 594  ; 2 1 1 4 2 3 2 2 1 2 
30.15 ; 2.329e-08 ; True ; 20 202 254 303 546  ; 2 1 1 4 2 3 2 1 2 2 
30.26 ; 2.853e-08 ; True ; 20 202 303 374 546  ; 2 1 2 3 2 2 3 1 1 3 
30.27 ; 3.101e-08 ; True ; 20 202 303 546 594  ; 2 1 1 4 3 3 3 1 1 3 
30.57 ; 3.884e-08 ; True ; 20 303 546 578 594  ; 2 1 2 3 3 2 3 1 1 3 
31.32 ; 3.985e-08 ; True ; 20 303 480 546 594  ; 2 1 2 3 2 3 3 1 1 3 
33.34 ; 5.312e-08 ; True ; 303 341 420 480 664  ; 2 1 1 2 2 4 3 2 2 2 
34.28 ; 5.366e-08 ; True ; 20 303 546 578 664  ; 2 1 2 3 2 2 2 2 2 2 
35.25 ; 5.847e-08 ; True ; 20 303 420 480 664  ; 1 1 2 3 2 3 3 2 2 2 
35.87 ; 6.505e-08 ; True ; 303 420 480 594 664  ; 2 1 1 3 2 4 3 2 2 2 
36.27 ; 7.27e-08 ; True ; 20 303 374 420 664  ; 2 1 2 3 2 2 3 2 2 2 
37.21 ; 7.901e-08 ; True ; 20 303 420 546 594  ; 2 1 1 4 3 3 3 2 2 2 
40.05 ; 8.134e-08 ; True ; 20 142 202 303 374 546  ; 2 1 2 4 2 3 3 2 1 3 
40.25 ; 8.32e-08 ; True ; 20 142 254 303 546 578  ; 2 1 2 4 2 3 2 2 2 2 
41.07 ; 9.784e-08 ; True ; 20 202 303 374 515 546  ; 2 1 2 3 2 2 3 2 2 3 
41.18 ; 1.063e-07 ; True ; 20 202 303 546 578 594  ; 2 1 2 4 4 3 4 1 1 4 
41.29 ; 1.068e-07 ; True ; 20 142 303 374 546 594  ; 3 1 2 4 2 3 3 2 1 3 
41.41 ; 1.108e-07 ; True ; 20 142 303 546 578 594  ; 2 1 2 4 3 3 3 2 1 3 
41.89 ; 1.123e-07 ; True ; 20 202 254 303 546 578  ; 2 1 2 4 3 3 3 1 2 3 
42.15 ; 1.367e-07 ; True ; 20 303 480 515 546 594  ; 2 1 2 3 2 3 3 2 2 3 
43.17 ; 1.475e-07 ; True ; 20 254 303 546 578 594  ; 3 1 2 4 3 3 3 1 2 3 
44.35 ; 1.861e-07 ; True ; 20 303 513 546 578 594  ; 2 1 2 3 3 3 3 2 2 3 
45.76 ; 2.066e-07 ; True ; 20 202 303 546 578 664  ; 2 1 2 4 3 3 3 2 2 3 
48.07 ; 2.205e-07 ; True ; 303 341 374 420 480 664  ; 3 1 2 2 2 4 4 2 2 3 
48.51 ; 2.478e-07 ; True ; 20 303 480 546 594 664  ; 3 1 2 4 2 4 3 2 2 3 
48.69 ; 2.712e-07 ; True ; 20 303 546 578 594 664  ; 3 1 2 4 3 3 3 2 2 3 
50.82 ; 2.8e-07 ; True ; 20 303 341 420 480 664  ; 2 1 2 3 3 4 4 2 2 3 
50.86 ; 3.108e-07 ; True ; 20 303 420 480 546 594  ; 2 1 2 4 3 4 4 2 2 3 
50.97 ; 3.279e-07 ; True ; 20 303 374 420 546 594  ; 3 1 2 4 3 3 4 2 2 3 
54.91 ; 3.801e-07 ; True ; 20 303 374 480 515 546 594  ; 3 1 3 3 2 3 4 2 2 4 
55.75 ; 3.941e-07 ; True ; 20 202 303 374 515 546 594  ; 3 1 2 4 3 3 4 2 2 4 
56.93 ; 3.942e-07 ; True ; 20 303 480 515 546 578 594  ; 2 1 3 3 3 3 4 2 2 4 
57.89 ; 4.538e-07 ; True ; 20 202 303 513 546 578 594  ; 2 1 2 4 4 4 4 2 2 4 
59.64 ; 4.904e-07 ; True ; 20 202 303 374 513 546 594  ; 3 1 2 4 3 4 4 2 2 4 
59.98 ; 4.905e-07 ; True ; 20 303 480 513 546 578 594  ; 2 1 3 3 3 4 4 2 2 4 
60.05 ; 5.175e-07 ; True ; 20 303 374 513 546 578 594  ; 3 1 3 3 3 3 4 2 2 4 
60.37 ; 5.444e-07 ; True ; 20 202 303 480 546 578 664  ; 2 1 3 4 3 4 4 2 2 4 
61.32 ; 5.744e-07 ; True ; 20 202 303 374 546 578 664  ; 3 1 3 4 3 3 4 2 2 4 
62.1 ; 6.311e-07 ; True ; 20 202 303 546 578 594 664  ; 3 1 2 5 4 4 4 2 2 4 
63.32 ; 7.146e-07 ; True ; 20 303 480 546 578 594 664  ; 3 1 3 4 3 4 4 2 2 4 
65.6 ; 8.134e-07 ; True ; 20 303 374 420 480 546 594  ; 3 1 3 4 3 4 5 2 2 4 
67.57 ; 8.46e-07 ; True ; 20 303 374 420 480 546 664  ; 3 1 3 4 2 4 4 3 3 3 
68.67 ; 8.775e-07 ; True ; 20 303 420 480 546 578 664  ; 2 1 3 4 3 4 4 3 3 3 
69.71 ; 9.259e-07 ; True ; 20 303 374 420 546 578 664  ; 3 1 3 4 3 3 4 3 3 3 
70.04 ; 9.786e-07 ; True ; 20 303 420 480 546 594 664  ; 3 1 2 5 3 5 4 3 3 3 
71.05 ; 9.844e-07 ; True ; 20 303 374 420 546 594 664  ; 4 1 2 5 3 4 4 3 3 3 
71.22 ; 1.017e-06 ; True ; 20 303 420 546 578 594 664  ; 3 1 2 5 4 4 4 3 3 3 
75.5 ; 1.119e-06 ; True ; 20 202 303 374 513 546 578 594  ; 3 1 3 4 4 4 5 2 2 5 
76.92 ; 1.193e-06 ; True ; 20 202 303 374 480 546 578 664  ; 3 1 4 4 3 4 5 2 2 5 
77.92 ; 1.195e-06 ; True ; 20 303 374 480 515 546 594 664  ; 4 1 3 4 2 4 4 3 3 4 
78.07 ; 1.223e-06 ; True ; 20 142 303 480 546 578 594 664  ; 3 1 3 5 3 5 4 3 2 4 
78.7 ; 1.385e-06 ; True ; 20 202 303 480 546 578 594 664  ; 3 1 3 5 4 5 5 2 2 5 
79.63 ; 1.393e-06 ; True ; 20 202 303 374 546 578 594 664  ; 4 1 3 5 4 4 5 2 2 5 
79.94 ; 1.403e-06 ; True ; 20 303 374 480 546 578 594 664  ; 4 1 4 4 3 4 5 2 2 5 
81.32 ; 1.415e-06 ; True ; 20 107 303 374 420 480 546 594  ; 3 1 3 4 3 4 6 2 3 5 
81.33 ; 1.576e-06 ; True ; 20 303 374 420 480 515 546 594  ; 3 1 3 4 3 4 5 3 3 4 
82.07 ; 1.659e-06 ; True ; 20 254 303 374 420 480 546 594  ; 4 1 3 5 3 5 5 2 3 4 
84.13 ; 1.714e-06 ; True ; 20 254 303 420 480 546 578 594  ; 3 1 3 5 4 5 5 2 3 4 
84.25 ; 1.724e-06 ; True ; 20 254 303 374 420 546 578 594  ; 4 1 3 5 4 4 5 2 3 4 
85.88 ; 1.951e-06 ; True ; 20 202 303 374 420 480 546 664  ; 3 1 3 5 3 5 5 3 3 4 
86.3 ; 2.042e-06 ; True ; 20 303 374 420 480 546 578 664  ; 3 1 4 4 3 4 5 3 3 4 
87.68 ; 2.294e-06 ; True ; 20 303 374 420 480 546 594 664  ; 4 1 3 5 3 5 5 3 3 4 
88.8 ; 2.37e-06 ; True ; 20 303 420 480 546 578 594 664  ; 3 1 3 5 4 5 5 3 3 4 
89.82 ; 2.384e-06 ; True ; 20 303 374 420 546 578 594 664  ; 4 1 3 5 4 4 5 3 3 4 
95.67 ; 2.401e-06 ; True ; 20 142 303 374 480 546 578 594 664  ; 4 1 4 5 3 5 5 3 2 5 
96.19 ; 2.596e-06 ; True ; 20 202 303 374 480 515 546 594 664  ; 4 1 3 5 3 5 5 3 3 5 
97.31 ; 2.683e-06 ; True ; 20 202 303 480 515 546 578 594 664  ; 3 1 3 5 4 5 5 3 3 5 
97.57 ; 2.718e-06 ; True ; 20 303 374 480 515 546 578 594 664  ; 4 1 4 4 3 4 5 3 3 5 
99.62 ; 2.862e-06 ; True ; 20 254 303 374 420 480 515 546 594  ; 4 1 3 5 3 5 5 3 4 4 
100.7 ; 2.943e-06 ; True ; 20 202 303 374 420 480 515 546 594  ; 3 1 3 5 4 5 6 3 3 5 
102 ; 3.081e-06 ; True ; 20 303 374 420 480 515 546 578 594  ; 3 1 4 4 4 4 6 3 3 5 
102.7 ; 3.242e-06 ; True ; 20 254 303 374 420 480 546 578 594  ; 4 1 4 5 4 5 6 2 3 5 
103.9 ; 3.264e-06 ; True ; 20 303 374 420 448 480 546 578 664  ; 3 1 4 5 4 4 6 3 3 5 
104.5 ; 3.364e-06 ; True ; 20 142 254 303 374 480 515 546 578 594  ; 4 1 4 5 3 5 5 3 3 5 
105.6 ; 3.814e-06 ; True ; 20 202 303 374 420 480 546 578 664  ; 3 1 4 5 4 5 6 3 3 5 
107.9 ; 4.02e-06 ; True ; 20 202 303 374 420 480 546 594 664  ; 4 1 3 6 4 6 6 3 3 5 
108.4 ; 4.484e-06 ; True ; 20 303 374 420 480 546 578 594 664  ; 4 1 4 5 4 5 6 3 3 5 
116.8 ; 4.895e-06 ; True ; 20 202 303 374 480 515 546 578 594 664  ; 4 1 4 5 4 5 6 3 3 6 
120.4 ; 5.209e-06 ; True ; 20 142 254 303 374 420 480 546 578 594  ; 4 1 4 6 4 6 6 3 3 5 
123.1 ; 5.594e-06 ; True ; 20 254 303 374 420 480 515 546 578 594  ; 4 1 4 5 4 5 6 3 4 5 
125.7 ; 5.686e-06 ; True ; 20 142 202 254 303 374 480 515 546 578 594  ; 4 1 4 6 4 6 6 3 3 6 
127 ; 5.782e-06 ; True ; 20 254 303 374 420 448 480 546 578 664  ; 4 1 4 6 4 5 6 3 4 5 
127.1 ; 5.864e-06 ; True ; 20 202 303 374 420 480 515 546 578 664  ; 3 1 4 5 4 5 6 4 4 5 
128 ; 6.191e-06 ; True ; 20 303 374 420 448 480 546 578 594 664  ; 4 1 4 6 5 5 7 3 3 6 
128 ; 6.419e-06 ; True ; 20 142 303 374 420 480 546 578 594 664  ; 4 1 4 6 4 6 6 4 3 5 
129 ; 6.538e-06 ; True ; 20 107 303 374 420 480 546 578 594 664  ; 4 1 4 5 4 5 7 3 4 6 
129.6 ; 6.959e-06 ; True ; 20 202 303 374 420 480 546 578 594 664  ; 4 1 4 6 5 6 7 3 3 6 
131.5 ; 7.214e-06 ; True ; 20 254 303 374 420 480 546 578 594 664  ; 5 1 4 6 4 6 6 3 4 5 
137.5 ; 7.748e-06 ; True ; 20 303 374 420 480 513 546 578 594 664  ; 4 1 4 5 4 6 6 4 4 5 
141.6 ; 7.875e-06 ; True ; 20 202 254 303 374 480 515 546 578 594 664  ; 5 1 4 6 4 6 6 3 4 6 
141.8 ; 8.008e-06 ; True ; 20 142 254 303 374 420 480 515 546 578 594  ; 4 1 4 6 4 6 6 4 4 5 
146.1 ; 8.029e-06 ; True ; 20 142 254 303 374 420 480 546 578 594 658  ; 5 1 4 7 4 6 6 3 4 6 
146.3 ; 8.682e-06 ; True ; 20 202 254 303 374 420 480 515 546 578 594  ; 4 1 4 6 5 6 7 3 4 6 
148.6 ; 8.742e-06 ; True ; 20 142 303 374 420 448 480 546 578 594 664  ; 4 1 4 7 5 6 7 4 3 6 
149.6 ; 9.36e-06 ; True ; 20 107 142 303 374 420 480 546 578 594 664  ; 4 1 4 6 4 6 7 4 4 6 
151.2 ; 9.571e-06 ; True ; 20 142 202 303 374 420 480 546 578 594 664  ; 4 1 4 7 5 7 7 4 3 6 
152.1 ; 9.922e-06 ; True ; 20 142 254 303 374 420 480 546 578 594 664  ; 5 1 4 7 4 7 6 4 4 5 
153.1 ; 1.07e-05 ; True ; 20 202 303 374 420 480 515 546 578 594 664  ; 4 1 4 6 5 6 7 4 4 6 
155.5 ; 1.076e-05 ; True ; 20 202 254 303 374 420 480 546 578 594 664  ; 5 1 4 7 5 7 7 3 4 6 
161.2 ; 1.083e-05 ; True ; 20 142 202 254 303 374 480 515 546 578 594 664  ; 5 1 4 7 4 7 6 4 4 6 
161.6 ; 1.171e-05 ; True ; 20 202 303 374 420 480 513 546 578 594 664  ; 4 1 4 6 5 7 7 4 4 6 
166.9 ; 1.194e-05 ; True ; 20 142 202 254 303 374 420 480 515 546 578 594  ; 4 1 4 7 5 7 7 4 4 6 
171.7 ; 1.258e-05 ; True ; 20 303 341 374 420 480 513 546 578 594 664  ; 5 1 4 5 5 7 7 4 4 6 
174.7 ; 1.34e-05 ; True ; 20 107 142 202 303 374 420 480 546 578 594 664  ; 4 1 4 7 5 7 8 4 4 7 
175.5 ; 1.348e-05 ; True ; 20 202 303 374 420 448 480 515 546 578 594 664  ; 4 1 4 7 6 6 8 4 4 7 
175.6 ; 1.359e-05 ; True ; 20 107 142 254 303 374 420 480 546 578 594 664  ; 5 1 4 7 4 7 7 4 5 6 
175.6 ; 1.383e-05 ; True ; 20 142 202 303 374 420 480 515 546 578 594 664  ; 4 1 4 7 5 7 7 5 4 6 
176.6 ; 1.407e-05 ; True ; 20 107 202 303 374 420 480 515 546 578 594 664  ; 4 1 4 6 5 6 8 4 5 7 
177.6 ; 1.413e-05 ; True ; 20 202 303 371 374 420 480 515 546 578 594 664  ; 5 1 4 7 5 7 7 4 4 7 
178.1 ; 1.44e-05 ; True ; 20 142 202 254 303 374 420 480 546 578 594 664  ; 5 1 4 8 5 8 7 4 4 6 
180.8 ; 1.553e-05 ; True ; 20 202 254 303 374 420 480 515 546 578 594 664  ; 5 1 4 7 5 7 7 4 5 6 
188.1 ; 1.589e-05 ; True ; 20 202 303 374 420 480 513 515 546 578 594 664  ; 4 1 4 6 5 7 7 5 5 6 
188.4 ; 1.607e-05 ; True ; 20 202 303 341 374 420 480 515 546 578 594 664  ; 5 1 4 6 6 7 8 4 4 7 
190.1 ; 1.635e-05 ; True ; 20 254 303 341 374 420 480 515 546 578 594 664  ; 6 1 4 6 5 7 7 4 5 6 
190.5 ; 1.669e-05 ; True ; 20 202 254 303 374 420 480 513 546 578 594 664  ; 5 1 4 7 5 8 7 4 5 6 
198.8 ; 1.71e-05 ; True ; 20 88 202 254 303 374 420 480 546 578 594 664  ; 5 1 4 7 6 7 7 4 5 6 
198.9 ; 1.726e-05 ; True ; 20 202 303 341 374 420 480 513 546 578 594 664  ; 5 1 4 6 6 8 8 4 4 7 
200.7 ; 1.756e-05 ; True ; 20 254 303 341 374 420 480 513 546 578 594 664  ; 6 1 4 6 5 8 7 4 5 6 
201.5 ; 1.792e-05 ; True ; 20 142 202 254 303 374 420 448 480 546 578 594 664  ; 5 1 4 9 6 8 8 4 4 7 
203.3 ; 1.799e-05 ; True ; 20 142 199 202 254 303 374 420 480 546 578 594 664  ; 5 1 4 8 5 8 7 4 5 7 
204.3 ; 1.955e-05 ; True ; 20 142 202 254 303 374 420 480 515 546 578 594 664  ; 5 1 4 8 5 8 7 5 5 6 
212.2 ; 1.969e-05 ; True ; 20 142 202 303 374 420 480 515 546 578 594 664 689  ; 4 1 5 7 5 7 7 5 5 6 
212.8 ; 2.051e-05 ; True ; 20 142 202 254 303 374 420 480 546 578 594 664 689  ; 5 1 5 8 5 8 7 4 5 6 
213.7 ; 2.074e-05 ; True ; 20 142 254 303 341 374 420 480 515 546 578 594 664  ; 6 1 4 7 5 8 7 5 5 6 
216.4 ; 2.126e-05 ; True ; 20 202 254 303 374 420 480 515 546 578 594 664 689  ; 5 1 5 7 5 7 7 4 6 6 
219.1 ; 2.213e-05 ; True ; 20 202 254 303 341 374 420 480 515 546 578 594 664  ; 6 1 4 7 6 8 8 4 5 7 
220.4 ; 2.229e-05 ; True ; 0 20 254 303 341 374 420 480 515 546 578 594 664  ; 6 1 5 6 5 7 8 4 5 7 
224.8 ; 2.238e-05 ; True ; 20 254 303 341 374 420 480 515 546 578 594 664 689  ; 6 1 5 6 5 7 7 4 6 6 
226 ; 2.288e-05 ; True ; 20 202 303 341 374 420 480 515 546 578 594 664 689  ; 5 1 5 6 6 7 8 4 5 7 
227.3 ; 2.299e-05 ; True ; 20 110 202 254 303 374 420 480 546 578 594 664 689  ; 6 1 5 8 5 7 8 4 5 7 
232.5 ; 2.354e-05 ; True ; 20 110 202 254 303 374 420 480 513 546 578 594 664  ; 6 1 4 8 5 8 8 5 5 7 
232.6 ; 2.385e-05 ; True ; 20 142 202 254 303 371 374 420 480 515 546 578 594 664  ; 6 1 4 9 5 9 7 5 5 7 
232.9 ; 2.387e-05 ; True ; 20 110 254 303 341 374 420 480 546 578 594 664 689  ; 7 1 5 7 5 7 8 4 5 7 
236.4 ; 2.405e-05 ; True ; 20 254 303 341 374 420 480 513 546 578 594 664 689  ; 6 1 5 6 5 8 7 4 6 6 
237.4 ; 2.458e-05 ; True ; 20 202 303 341 374 420 480 513 546 578 594 664 689  ; 5 1 5 6 6 8 8 4 5 7 
241.8 ; 2.47e-05 ; True ; 19 20 142 202 254 303 374 420 480 546 578 594 664 689  ; 6 1 5 8 5 8 8 4 5 7 
243.6 ; 2.503e-05 ; True ; 20 119 142 202 254 303 341 374 420 480 546 578 594 664  ; 6 1 4 9 6 9 8 4 5 8 
244.6 ; 2.746e-05 ; True ; 20 142 202 254 303 341 374 420 480 515 546 578 594 664  ; 6 1 4 8 6 9 8 5 5 7 
250.4 ; 2.839e-05 ; True ; 20 142 254 303 341 374 420 480 515 546 578 594 664 689  ; 6 1 5 7 5 8 7 5 6 6 
252.3 ; 2.932e-05 ; True ; 0 20 202 254 303 341 374 420 480 515 546 578 594 664  ; 6 1 5 7 6 8 9 4 5 8 
257.6 ; 3.03e-05 ; True ; 20 202 254 303 341 374 420 480 515 546 578 594 664 689  ; 6 1 5 7 6 8 8 4 6 7 
264.8 ; 3.115e-05 ; True ; 20 110 254 303 341 374 420 480 515 546 578 594 664 689  ; 7 1 5 7 5 7 8 5 6 7 
267.5 ; 3.115e-05 ; True ; 20 110 202 254 303 341 374 420 480 546 578 594 664 689  ; 7 1 5 8 6 8 9 4 5 8 
270.2 ; 3.21e-05 ; True ; 20 202 254 303 341 374 420 480 513 546 578 594 664 689  ; 6 1 5 7 6 9 8 4 6 7 
270.9 ; 3.223e-05 ; True ; 20 110 202 254 303 374 420 480 513 546 578 594 664 689  ; 6 1 5 8 5 8 8 5 6 7 
273.8 ; 3.252e-05 ; True ; 20 202 254 303 374 420 448 480 502 515 546 578 594 664 689  ; 5 1 6 8 6 7 8 4 6 8 
277.3 ; 3.382e-05 ; True ; 20 142 202 254 303 374 420 480 515 546 578 594 658 664 689  ; 6 1 5 9 5 8 7 5 7 7 
281.3 ; 3.396e-05 ; True ; 20 110 202 303 341 374 420 480 513 546 578 594 664 689  ; 6 1 5 7 6 8 9 5 5 8 
284.2 ; 3.541e-05 ; True ; 20 107 142 202 254 303 341 374 420 480 546 578 594 664 689  ; 6 1 5 8 6 9 9 4 6 8 
295.5 ; 3.616e-05 ; True ; 20 110 142 202 254 303 374 420 480 512 546 578 594 664 689  ; 6 1 5 9 5 8 8 6 6 7 
296 ; 3.848e-05 ; True ; 20 110 142 202 254 303 341 374 420 480 546 578 594 664 689  ; 7 1 5 9 6 9 9 5 5 8 
302.8 ; 3.85e-05 ; True ; 20 202 254 303 341 374 377 420 480 515 546 578 594 664 689  ; 6 1 5 7 6 8 8 5 7 7 
303.8 ; 3.883e-05 ; True ; 0 20 110 202 254 303 341 374 420 480 546 578 594 664 689  ; 7 1 6 8 6 8 10 4 5 9 
307.2 ; 4.04e-05 ; True ; 20 88 142 202 254 303 341 374 420 480 546 578 594 664 689  ; 6 1 5 8 7 9 8 5 6 7 
308.6 ; 4.065e-05 ; True ; 20 110 202 254 303 341 374 420 480 546 576 578 594 664 689  ; 7 1 5 8 6 8 9 5 6 8 
311.4 ; 4.106e-05 ; True ; 20 97 110 202 254 303 341 374 420 480 546 578 594 664 689  ; 7 1 5 8 7 9 9 5 5 8 
316.1 ; 4.307e-05 ; True ; 20 110 202 254 303 341 374 420 480 513 546 578 594 664 689  ; 7 1 5 8 6 9 9 5 6 8 
323.7 ; 4.367e-05 ; True ; 20 88 110 202 254 303 341 374 420 480 546 578 594 664 689  ; 7 1 5 8 7 8 9 5 6 8 
326.4 ; 4.383e-05 ; True ; 20 88 202 254 303 341 374 420 480 513 546 578 594 664 689  ; 6 1 5 7 7 9 8 5 7 7 
329 ; 4.415e-05 ; True ; 0 20 78 110 254 303 341 374 420 480 546 578 594 664 689  ; 7 1 6 8 6 7 9 5 6 8 
329.7 ; 4.599e-05 ; True ; 20 142 202 254 303 341 374 420 480 512 515 546 578 594 664 689  ; 6 1 5 8 6 9 8 6 7 7 
334.2 ; 4.797e-05 ; True ; 0 20 110 142 202 254 303 341 374 420 480 546 578 594 664 689  ; 7 1 6 9 6 9 10 5 5 9 
349.9 ; 4.797e-05 ; True ; 20 88 202 254 303 341 374 420 480 546 578 594 664 669 689  ; 6 1 6 7 7 8 9 5 6 8 
351.2 ; 5.005e-05 ; True ; 20 110 142 202 254 303 341 353 374 420 480 546 578 594 664 689  ; 7 1 6 9 6 9 9 6 5 8 
361.5 ; 5.12e-05 ; True ; 20 78 202 254 301 303 341 374 420 480 515 546 578 594 664 689  ; 6 1 6 8 7 8 8 5 7 8 
363.4 ; 5.254e-05 ; True ; 20 88 142 202 254 303 341 353 374 420 480 546 578 594 664 689  ; 6 1 6 8 7 9 8 6 6 7 
371.4 ; 5.303e-05 ; True ; 20 142 202 254 303 341 374 420 480 481 512 515 546 578 594 664 689  ; 7 1 5 9 6 9 9 6 7 8 
378.7 ; 5.389e-05 ; True ; 20 97 185 202 254 303 341 374 420 480 546 578 594 664 669 689  ; 6 1 6 8 7 10 9 5 6 8 
382.9 ; 5.399e-05 ; True ; 20 77 110 202 254 303 341 374 420 480 538 546 578 594 664 689  ; 7 1 6 10 7 9 9 6 5 8 
385.9 ; 5.697e-05 ; True ; 20 78 110 202 254 303 341 374 420 480 513 546 578 594 664 689  ; 7 1 5 9 7 9 9 6 7 8 
386.5 ; 5.741e-05 ; True ; 20 78 110 202 254 303 341 374 420 480 538 546 578 594 664 689  ; 7 1 6 10 7 8 9 6 6 8 
388.8 ; 5.867e-05 ; True ; 20 88 202 254 303 341 374 420 480 515 546 578 594 664 669 689  ; 6 1 6 7 7 8 9 6 7 8 
394.1 ; 5.984e-05 ; True ; 20 110 202 254 303 341 374 420 480 513 546 578 594 664 669 689  ; 7 1 6 8 6 9 10 6 6 9 
406.7 ; 6.058e-05 ; True ; 20 78 142 168 202 254 303 341 374 420 480 546 578 594 664 689  ; 7 1 6 9 7 9 9 6 6 8 
409.4 ; 6.109e-05 ; True ; 20 78 110 202 254 303 341 374 420 480 546 578 594 664 669 689  ; 7 1 6 9 7 8 10 6 6 9 
411.2 ; 6.232e-05 ; True ; 20 78 168 202 254 303 341 374 420 480 515 546 578 594 664 689  ; 7 1 6 8 7 8 9 6 7 8 
412.1 ; 6.287e-05 ; True ; 20 78 202 254 303 341 374 420 480 513 546 578 594 664 669 689  ; 6 1 6 8 7 9 9 6 7 8 
419.2 ; 6.308e-05 ; True ; 20 77 168 202 254 303 341 374 420 480 513 546 578 594 664 689  ; 7 1 6 8 7 10 9 6 6 8 
424.7 ; 6.486e-05 ; True ; 20 130 142 185 254 303 341 374 420 480 513 546 578 594 664 669 689  ; 7 1 6 9 6 10 9 6 7 8 
433.2 ; 6.626e-05 ; True ; 20 88 142 202 254 303 374 420 480 513 546 578 594 658 664 669 689  ; 6 1 6 9 6 9 8 7 8 8 
436.2 ; 6.635e-05 ; True ; 20 78 142 184 202 254 303 341 374 420 480 546 578 594 664 669 689  ; 6 1 6 9 7 10 9 6 7 8 
440.3 ; 6.76e-05 ; True ; 20 97 110 182 254 303 341 374 420 480 546 578 594 658 664 669 689  ; 9 1 6 8 6 9 9 6 7 9 
442.7 ; 6.826e-05 ; True ; 20 77 168 254 303 341 374 420 480 513 546 578 594 664 669 689  ; 7 1 7 7 6 9 9 7 6 8 
461.4 ; 6.882e-05 ; True ; 20 78 202 254 303 341 353 371 374 386 420 480 515 546 578 594 664 689  ; 7 1 6 9 7 9 8 6 8 8 
462.9 ; 6.91e-05 ; True ; 20 88 110 202 254 303 341 353 420 480 502 546 578 594 664 669 689  ; 6 1 7 8 7 8 9 7 6 9 
463.3 ; 7.151e-05 ; True ; 20 88 110 202 254 303 341 374 413 420 480 513 546 578 664 669 689  ; 7 1 6 7 7 8 10 7 7 9 
466.5 ; 7.207e-05 ; True ; 20 41 88 168 202 254 303 341 374 420 480 515 546 578 594 664 689  ; 7 1 6 7 7 8 9 7 8 8 
470.7 ; 7.345e-05 ; True ; 20 88 168 202 254 301 303 341 353 374 420 480 546 578 594 664 689  ; 7 1 8 7 7 8 9 6 6 9 
482.5 ; 7.925e-05 ; True ; 20 77 168 202 254 303 341 374 420 480 515 546 578 594 664 669 689  ; 7 1 7 8 7 9 10 7 6 9 
484.9 ; 7.965e-05 ; True ; 0 20 88 168 202 254 303 341 374 420 480 546 578 594 664 669 689  ; 7 1 8 7 7 8 11 6 6 10 
501.4 ; 8.004e-05 ; True ; 0 20 78 168 182 254 303 341 374 420 480 546 578 594 664 669 689  ; 8 1 8 7 6 8 10 6 7 9 
510.3 ; 8.837e-05 ; True ; 20 88 110 202 254 303 341 374 420 480 515 521 546 578 594 664 669 689  ; 7 1 7 8 7 8 10 7 8 9 
537.4 ; 8.864e-05 ; True ; 20 78 142 168 202 254 303 341 374 414 420 480 546 578 594 664 669 689  ; 7 1 7 9 8 9 11 7 6 10 
544.9 ; 9.17e-05 ; True ; 20 88 168 202 254 303 341 365 374 420 480 515 546 578 594 664 669 689  ; 7 1 7 7 7 9 10 8 7 9 
556.3 ; 9.211e-05 ; True ; 20 78 152 168 202 254 303 341 374 390 420 480 546 578 594 664 669 689  ; 7 1 7 9 7 9 11 7 7 10 
561.5 ; 9.293e-05 ; True ; 14 20 97 168 202 254 303 341 374 420 480 546 578 582 594 664 669 689  ; 7 1 8 7 7 9 10 8 6 9 
566.8 ; 9.81e-05 ; True ; 20 88 168 182 202 254 303 341 374 420 480 521 546 578 594 664 669 689  ; 8 1 8 7 7 9 10 6 8 9 
575.6 ; 0.0001024 ; True ; 20 78 88 168 182 202 254 303 341 374 420 480 546 578 594 664 669 689  ; 8 1 7 8 8 9 10 7 8 9 
609 ; 0.0001081 ; True ; 20 54 77 97 168 202 254 303 341 374 420 480 515 546 578 594 664 669 689  ; 7 1 7 8 8 10 10 9 7 9 
641.8 ; 0.0001084 ; True ; 20 78 168 202 254 303 341 374 420 480 513 546 578 593 594 663 664 669 689  ; 8 1 7 8 7 10 10 8 8 9 
648.5 ; 0.0001089 ; True ; 20 88 168 202 254 303 327 341 374 420 480 546 578 593 594 664 669 679 689  ; 7 1 7 7 7 10 10 9 8 9 
657.6 ; 0.0001093 ; True ; 20 78 88 168 182 202 296 303 341 374 420 480 546 578 593 594 664 669 689  ; 7 1 7 7 8 10 10 8 8 9 
682.8 ; 0.0001139 ; True ; 20 56 78 168 182 254 303 341 374 420 480 513 546 578 593 594 664 669 689  ; 8 1 7 7 6 11 9 9 10 8 
729.5 ; 0.0001195 ; True ; 17 20 56 88 142 168 202 254 303 341 374 420 480 546 578 586 594 664 669 689  ; 9 1 7 8 9 10 11 8 7 10 
735.1 ; 0.00012 ; True ; 20 77 168 182 202 254 303 327 341 374 420 474 480 513 578 593 594 664 669 689  ; 8 1 7 8 8 12 11 8 7 10 
761.5 ; 0.0001243 ; True ; 20 56 78 168 202 254 303 374 420 436 480 513 546 578 593 594 638 664 669 689  ; 7 1 7 9 7 10 10 10 10 8 


RUN 4:
Optimum Distance: 11.84
Optimal Team: 20,303,546,
Required Skills: 0 1 4 9 10 14 16 18 23 24 
Distance; Skill Score; isValid; Team; Skill Counts
11.84 ; 3.505e-10 ; True ; 20 303 546  ; 1 1 1 2 1 1 1 1 1 1 
12.82 ; 3.942e-10 ; True ; 303 374 420  ; 1 1 1 1 1 1 2 1 1 1 
15.84 ; 7.25e-10 ; True ; 168 303 420  ; 1 1 1 1 1 1 2 2 1 1 
16.6 ; 1.164e-09 ; True ; 96 303 513 594  ; 1 1 1 2 1 2 1 1 1 2 
18.64 ; 1.264e-09 ; True ; 301 303 341 546  ; 2 1 1 1 1 2 1 1 1 2 
18.71 ; 2.494e-09 ; True ; 20 303 448 546  ; 1 1 1 3 2 1 2 1 1 2 
19.54 ; 4.637e-09 ; True ; 20 202 303 546  ; 1 1 1 3 2 2 2 1 1 2 
20.63 ; 5.08e-09 ; True ; 303 480 546 594  ; 2 1 1 2 1 3 2 1 1 2 
20.64 ; 8.054e-09 ; True ; 20 303 546 594  ; 2 1 1 3 2 2 2 1 1 2 
23.46 ; 8.911e-09 ; True ; 303 374 420 594  ; 2 1 1 2 2 2 3 1 1 2 
26.61 ; 9.464e-09 ; True ; 20 142 303 448 546  ; 1 1 1 4 2 2 2 2 1 2 
27.31 ; 1.278e-08 ; True ; 20 202 303 448 546  ; 1 1 1 4 3 2 3 1 1 3 
28.35 ; 1.322e-08 ; True ; 20 142 202 303 546  ; 1 1 1 4 2 3 2 2 1 2 
28.37 ; 2.199e-08 ; True ; 130 303 341 480 546  ; 3 1 1 2 2 3 3 1 1 3 
28.46 ; 2.236e-08 ; True ; 20 202 303 546 578  ; 1 1 2 3 3 2 3 1 1 3 
29.51 ; 2.36e-08 ; True ; 19 303 420 480 664  ; 2 1 1 2 1 3 3 2 2 2 
30.26 ; 2.853e-08 ; True ; 20 202 303 374 546  ; 2 1 2 3 2 2 3 1 1 3 
30.27 ; 3.101e-08 ; True ; 20 202 303 546 594  ; 2 1 1 4 3 3 3 1 1 3 
30.57 ; 3.884e-08 ; True ; 20 303 546 578 594  ; 2 1 2 3 3 2 3 1 1 3 
31.32 ; 3.985e-08 ; True ; 20 303 480 546 594  ; 2 1 2 3 2 3 3 1 1 3 
33.34 ; 5.312e-08 ; True ; 303 341 420 480 664  ; 2 1 1 2 2 4 3 2 2 2 
34.28 ; 5.366e-08 ; True ; 20 303 546 578 664  ; 2 1 2 3 2 2 2 2 2 2 
35.25 ; 5.847e-08 ; True ; 20 303 420 480 664  ; 1 1 2 3 2 3 3 2 2 2 
35.87 ; 6.505e-08 ; True ; 303 420 480 594 664  ; 2 1 1 3 2 4 3 2 2 2 
36.27 ; 7.27e-08 ; True ; 20 303 374 420 664  ; 2 1 2 3 2 2 3 2 2 2 
37.21 ; 7.901e-08 ; True ; 20 303 420 546 594  ; 2 1 1 4 3 3 3 2 2 2 
40.05 ; 8.134e-08 ; True ; 20 142 202 303 374 546  ; 2 1 2 4 2 3 3 2 1 3 
40.25 ; 8.32e-08 ; True ; 20 142 254 303 546 578  ; 2 1 2 4 2 3 2 2 2 2 
41.07 ; 9.784e-08 ; True ; 20 202 303 374 515 546  ; 2 1 2 3 2 2 3 2 2 3 
41.18 ; 1.063e-07 ; True ; 20 202 303 546 578 594  ; 2 1 2 4 4 3 4 1 1 4 
41.29 ; 1.068e-07 ; True ; 20 142 303 374 546 594  ; 3 1 2 4 2 3 3 2 1 3 
41.41 ; 1.108e-07 ; True ; 20 142 303 546 578 594  ; 2 1 2 4 3 3 3 2 1 3 
41.89 ; 1.123e-07 ; True ; 20 202 254 303 546 578  ; 2 1 2 4 3 3 3 1 2 3 
42.15 ; 1.367e-07 ; True ; 20 303 480 515 546 594  ; 2 1 2 3 2 3 3 2 2 3 
43.17 ; 1.475e-07 ; True ; 20 254 303 546 578 594  ; 3 1 2 4 3 3 3 1 2 3 
44.35 ; 1.861e-07 ; True ; 20 303 513 546 578 594  ; 2 1 2 3 3 3 3 2 2 3 
45.76 ; 2.066e-07 ; True ; 20 202 303 546 578 664  ; 2 1 2 4 3 3 3 2 2 3 
48.07 ; 2.205e-07 ; True ; 303 341 374 420 480 664  ; 3 1 2 2 2 4 4 2 2 3 
48.51 ; 2.478e-07 ; True ; 20 303 480 546 594 664  ; 3 1 2 4 2 4 3 2 2 3 
48.69 ; 2.712e-07 ; True ; 20 303 546 578 594 664  ; 3 1 2 4 3 3 3 2 2 3 
50.82 ; 2.8e-07 ; True ; 20 303 341 420 480 664  ; 2 1 2 3 3 4 4 2 2 3 
50.86 ; 3.108e-07 ; True ; 20 303 420 480 546 594  ; 2 1 2 4 3 4 4 2 2 3 
50.97 ; 3.279e-07 ; True ; 20 303 374 420 546 594  ; 3 1 2 4 3 3 4 2 2 3 
54.91 ; 3.801e-07 ; True ; 20 303 374 480 515 546 594  ; 3 1 3 3 2 3 4 2 2 4 
55.75 ; 3.941e-07 ; True ; 20 202 303 374 515 546 594  ; 3 1 2 4 3 3 4 2 2 4 
56.93 ; 3.942e-07 ; True ; 20 303 480 515 546 578 594  ; 2 1 3 3 3 3 4 2 2 4 
57.89 ; 4.538e-07 ; True ; 20 202 303 513 546 578 594  ; 2 1 2 4 4 4 4 2 2 4 
59.64 ; 4.904e-07 ; True ; 20 202 303 374 513 546 594  ; 3 1 2 4 3 4 4 2 2 4 
59.98 ; 4.905e-07 ; True ; 20 303 480 513 546 578 594  ; 2 1 3 3 3 4 4 2 2 4 
60.05 ; 5.175e-07 ; True ; 20 303 374 513 546 578 594  ; 3 1 3 3 3 3 4 2 2 4 
60.37 ; 5.444e-07 ; True ; 20 202 303 480 546 578 664  ; 2 1 3 4 3 4 4 2 2 4 
61.32 ; 5.744e-07 ; True ; 20 202 303 374 546 578 664  ; 3 1 3 4 3 3 4 2 2 4 
62.1 ; 6.311e-07 ; True ; 20 202 303 546 578 594 664  ; 3 1 2 5 4 4 4 2 2 4 
63.32 ; 7.146e-07 ; True ; 20 303 480 546 578 594 664  ; 3 1 3 4 3 4 4 2 2 4 
65.6 ; 8.134e-07 ; True ; 20 303 374 420 480 546 594  ; 3 1 3 4 3 4 5 2 2 4 
67.57 ; 8.46e-07 ; True ; 20 303 374 420 480 546 664  ; 3 1 3 4 2 4 4 3 3 3 
68.67 ; 8.775e-07 ; True ; 20 303 420 480 546 578 664  ; 2 1 3 4 3 4 4 3 3 3 
69.71 ; 9.259e-07 ; True ; 20 303 374 420 546 578 664  ; 3 1 3 4 3 3 4 3 3 3 
70.04 ; 9.786e-07 ; True ; 20 303 420 480 546 594 664  ; 3 1 2 5 3 5 4 3 3 3 
71.05 ; 9.844e-07 ; True ; 20 303 374 420 546 594 664  ; 4 1 2 5 3 4 4 3 3 3 
71.22 ; 1.017e-06 ; True ; 20 303 420 546 578 594 664  ; 3 1 2 5 4 4 4 3 3 3 
75.5 ; 1.119e-06 ; True ; 20 202 303 374 513 546 578 594  ; 3 1 3 4 4 4 5 2 2 5 
76.92 ; 1.193e-06 ; True ; 20 202 303 374 480 546 578 664  ; 3 1 4 4 3 4 5 2 2 5 
77.92 ; 1.195e-06 ; True ; 20 303 374 480 515 546 594 664  ; 4 1 3 4 2 4 4 3 3 4 
78.07 ; 1.223e-06 ; True ; 20 142 303 480 546 578 594 664  ; 3 1 3 5 3 5 4 3 2 4 
78.7 ; 1.385e-06 ; True ; 20 202 303 480 546 578 594 664  ; 3 1 3 5 4 5 5 2 2 5 
79.63 ; 1.393e-06 ; True ; 20 202 303 374 546 578 594 664  ; 4 1 3 5 4 4 5 2 2 5 
79.94 ; 1.403e-06 ; True ; 20 303 374 480 546 578 594 664  ; 4 1 4 4 3 4 5 2 2 5 
81.32 ; 1.415e-06 ; True ; 20 107 303 374 420 480 546 594  ; 3 1 3 4 3 4 6 2 3 5 
81.33 ; 1.576e-06 ; True ; 20 303 374 420 480 515 546 594  ; 3 1 3 4 3 4 5 3 3 4 
82.07 ; 1.659e-06 ; True ; 20 254 303 374 420 480 546 594  ; 4 1 3 5 3 5 5 2 3 4 
84.13 ; 1.714e-06 ; True ; 20 254 303 420 480 546 578 594  ; 3 1 3 5 4 5 5 2 3 4 
84.25 ; 1.724e-06 ; True ; 20 254 303 374 420 546 578 594  ; 4 1 3 5 4 4 5 2 3 4 
85.88 ; 1.951e-06 ; True ; 20 202 303 374 420 480 546 664  ; 3 1 3 5 3 5 5 3 3 4 
86.3 ; 2.042e-06 ; True ; 20 303 374 420 480 546 578 664  ; 3 1 4 4 3 4 5 3 3 4 
87.68 ; 2.294e-06 ; True ; 20 303 374 420 480 546 594 664  ; 4 1 3 5 3 5 5 3 3 4 
88.8 ; 2.37e-06 ; True ; 20 303 420 480 546 578 594 664  ; 3 1 3 5 4 5 5 3 3 4 
89.82 ; 2.384e-06 ; True ; 20 303 374 420 546 578 594 664  ; 4 1 3 5 4 4 5 3 3 4 
95.67 ; 2.401e-06 ; True ; 20 142 303 374 480 546 578 594 664  ; 4 1 4 5 3 5 5 3 2 5 
96.19 ; 2.596e-06 ; True ; 20 202 303 374 480 515 546 594 664  ; 4 1 3 5 3 5 5 3 3 5 
97.31 ; 2.683e-06 ; True ; 20 202 303 480 515 546 578 594 664  ; 3 1 3 5 4 5 5 3 3 5 
97.57 ; 2.718e-06 ; True ; 20 303 374 480 515 546 578 594 664  ; 4 1 4 4 3 4 5 3 3 5 
99.62 ; 2.862e-06 ; True ; 20 254 303 374 420 480 515 546 594  ; 4 1 3 5 3 5 5 3 4 4 
100.7 ; 2.943e-06 ; True ; 20 202 303 374 420 480 515 546 594  ; 3 1 3 5 4 5 6 3 3 5 
102 ; 3.081e-06 ; True ; 20 303 374 420 480 515 546 578 594  ; 3 1 4 4 4 4 6 3 3 5 
102.7 ; 3.242e-06 ; True ; 20 254 303 374 420 480 546 578 594  ; 4 1 4 5 4 5 6 2 3 5 
103.9 ; 3.264e-06 ; True ; 20 303 374 420 448 480 546 578 664  ; 3 1 4 5 4 4 6 3 3 5 
104.5 ; 3.364e-06 ; True ; 20 142 254 303 374 480 515 546 578 594  ; 4 1 4 5 3 5 5 3 3 5 
105.6 ; 3.814e-06 ; True ; 20 202 303 374 420 480 546 578 664  ; 3 1 4 5 4 5 6 3 3 5 
107.9 ; 4.02e-06 ; True ; 20 202 303 374 420 480 546 594 664  ; 4 1 3 6 4 6 6 3 3 5 
108.4 ; 4.484e-06 ; True ; 20 303 374 420 480 546 578 594 664  ; 4 1 4 5 4 5 6 3 3 5 
116.8 ; 4.895e-06 ; True ; 20 202 303 374 480 515 546 578 594 664  ; 4 1 4 5 4 5 6 3 3 6 
120.4 ; 5.209e-06 ; True ; 20 142 254 303 374 420 480 546 578 594  ; 4 1 4 6 4 6 6 3 3 5 
123.1 ; 5.594e-06 ; True ; 20 254 303 374 420 480 515 546 578 594  ; 4 1 4 5 4 5 6 3 4 5 
125.7 ; 5.686e-06 ; True ; 20 142 202 254 303 374 480 515 546 578 594  ; 4 1 4 6 4 6 6 3 3 6 
127 ; 5.782e-06 ; True ; 20 254 303 374 420 448 480 546 578 664  ; 4 1 4 6 4 5 6 3 4 5 
127.1 ; 5.864e-06 ; True ; 20 202 303 374 420 480 515 546 578 664  ; 3 1 4 5 4 5 6 4 4 5 
128 ; 6.191e-06 ; True ; 20 303 374 420 448 480 546 578 594 664  ; 4 1 4 6 5 5 7 3 3 6 
128 ; 6.419e-06 ; True ; 20 142 303 374 420 480 546 578 594 664  ; 4 1 4 6 4 6 6 4 3 5 
129 ; 6.538e-06 ; True ; 20 107 303 374 420 480 546 578 594 664  ; 4 1 4 5 4 5 7 3 4 6 
129.6 ; 6.959e-06 ; True ; 20 202 303 374 420 480 546 578 594 664  ; 4 1 4 6 5 6 7 3 3 6 
131.5 ; 7.214e-06 ; True ; 20 254 303 374 420 480 546 578 594 664  ; 5 1 4 6 4 6 6 3 4 5 
137.5 ; 7.748e-06 ; True ; 20 303 374 420 480 513 546 578 594 664  ; 4 1 4 5 4 6 6 4 4 5 
141.6 ; 7.875e-06 ; True ; 20 202 254 303 374 480 515 546 578 594 664  ; 5 1 4 6 4 6 6 3 4 6 
141.8 ; 8.008e-06 ; True ; 20 142 254 303 374 420 480 515 546 578 594  ; 4 1 4 6 4 6 6 4 4 5 
146.1 ; 8.029e-06 ; True ; 20 142 254 303 374 420 480 546 578 594 658  ; 5 1 4 7 4 6 6 3 4 6 
146.3 ; 8.682e-06 ; True ; 20 202 254 303 374 420 480 515 546 578 594  ; 4 1 4 6 5 6 7 3 4 6 
148.6 ; 8.742e-06 ; True ; 20 142 303 374 420 448 480 546 578 594 664  ; 4 1 4 7 5 6 7 4 3 6 
149.6 ; 9.36e-06 ; True ; 20 107 142 303 374 420 480 546 578 594 664  ; 4 1 4 6 4 6 7 4 4 6 
151.2 ; 9.571e-06 ; True ; 20 142 202 303 374 420 480 546 578 594 664  ; 4 1 4 7 5 7 7 4 3 6 
152.1 ; 9.922e-06 ; True ; 20 142 254 303 374 420 480 546 578 594 664  ; 5 1 4 7 4 7 6 4 4 5 
153.1 ; 1.07e-05 ; True ; 20 202 303 374 420 480 515 546 578 594 664  ; 4 1 4 6 5 6 7 4 4 6 
155.5 ; 1.076e-05 ; True ; 20 202 254 303 374 420 480 546 578 594 664  ; 5 1 4 7 5 7 7 3 4 6 
161.2 ; 1.083e-05 ; True ; 20 142 202 254 303 374 480 515 546 578 594 664  ; 5 1 4 7 4 7 6 4 4 6 
161.6 ; 1.171e-05 ; True ; 20 202 303 374 420 480 513 546 578 594 664  ; 4 1 4 6 5 7 7 4 4 6 
166.9 ; 1.194e-05 ; True ; 20 142 202 254 303 374 420 480 515 546 578 594  ; 4 1 4 7 5 7 7 4 4 6 
171.7 ; 1.258e-05 ; True ; 20 303 341 374 420 480 513 546 578 594 664  ; 5 1 4 5 5 7 7 4 4 6 
175.3 ; 1.278e-05 ; True ; 20 202 254 303 374 420 448 480 515 546 578 664  ; 4 1 4 7 5 6 7 4 5 6 
175.6 ; 1.359e-05 ; True ; 20 107 142 254 303 374 420 480 546 578 594 664  ; 5 1 4 7 4 7 7 4 5 6 
175.6 ; 1.383e-05 ; True ; 20 142 202 303 374 420 480 515 546 578 594 664  ; 4 1 4 7 5 7 7 5 4 6 
176.6 ; 1.407e-05 ; True ; 20 107 202 303 374 420 480 515 546 578 594 664  ; 4 1 4 6 5 6 8 4 5 7 
178.1 ; 1.44e-05 ; True ; 20 142 202 254 303 374 420 480 546 578 594 664  ; 5 1 4 8 5 8 7 4 4 6 
180.8 ; 1.553e-05 ; True ; 20 202 254 303 374 420 480 515 546 578 594 664  ; 5 1 4 7 5 7 7 4 5 6 
188.1 ; 1.589e-05 ; True ; 20 202 303 374 420 480 513 515 546 578 594 664  ; 4 1 4 6 5 7 7 5 5 6 
188.4 ; 1.607e-05 ; True ; 20 202 303 341 374 420 480 515 546 578 594 664  ; 5 1 4 6 6 7 8 4 4 7 
190.1 ; 1.635e-05 ; True ; 20 254 303 341 374 420 480 515 546 578 594 664  ; 6 1 4 6 5 7 7 4 5 6 
190.5 ; 1.669e-05 ; True ; 20 202 254 303 374 420 480 513 546 578 594 664  ; 5 1 4 7 5 8 7 4 5 6 
198.8 ; 1.71e-05 ; True ; 20 88 202 254 303 374 420 480 546 578 594 664  ; 5 1 4 7 6 7 7 4 5 6 
198.9 ; 1.726e-05 ; True ; 20 202 303 341 374 420 480 513 546 578 594 664  ; 5 1 4 6 6 8 8 4 4 7 
200.1 ; 1.791e-05 ; True ; 20 142 202 303 374 420 480 502 515 546 578 594 664  ; 4 1 5 7 5 7 7 5 4 7 
201.5 ; 1.792e-05 ; True ; 20 142 202 254 303 374 420 448 480 546 578 594 664  ; 5 1 4 9 6 8 8 4 4 7 
203.3 ; 1.799e-05 ; True ; 20 142 199 202 254 303 374 420 480 546 578 594 664  ; 5 1 4 8 5 8 7 4 5 7 
203.4 ; 1.866e-05 ; True ; 20 142 202 254 303 374 420 480 502 546 578 594 664  ; 5 1 5 8 5 8 7 4 4 7 
204.3 ; 1.955e-05 ; True ; 20 142 202 254 303 374 420 480 515 546 578 594 664  ; 5 1 4 8 5 8 7 5 5 6 
206.2 ; 2.012e-05 ; True ; 20 202 254 303 374 420 480 502 515 546 578 594 664  ; 5 1 5 7 5 7 7 4 5 7 
212.8 ; 2.051e-05 ; True ; 20 142 202 254 303 374 420 480 546 578 594 664 689  ; 5 1 5 8 5 8 7 4 5 6 
213.7 ; 2.074e-05 ; True ; 20 142 254 303 341 374 420 480 515 546 578 594 664  ; 6 1 4 7 5 8 7 5 5 6 
216.4 ; 2.126e-05 ; True ; 20 202 254 303 374 420 480 515 546 578 594 664 689  ; 5 1 5 7 5 7 7 4 6 6 
217.8 ; 2.161e-05 ; True ; 20 202 254 303 374 420 480 502 513 546 578 594 664  ; 5 1 5 7 5 8 7 4 5 7 
219.1 ; 2.213e-05 ; True ; 20 202 254 303 341 374 420 480 515 546 578 594 664  ; 6 1 4 7 6 8 8 4 5 7 
224.8 ; 2.238e-05 ; True ; 20 254 303 341 374 420 480 515 546 578 594 664 689  ; 6 1 5 6 5 7 7 4 6 6 
226 ; 2.288e-05 ; True ; 20 202 303 341 374 420 480 515 546 578 594 664 689  ; 5 1 5 6 6 7 8 4 5 7 
227.3 ; 2.299e-05 ; True ; 20 110 202 254 303 374 420 480 546 578 594 664 689  ; 6 1 5 8 5 7 8 4 5 7 
230.6 ; 2.354e-05 ; True ; 20 142 202 254 303 374 420 480 515 546 578 594 612 664  ; 6 1 4 8 5 8 8 5 5 7 
232.9 ; 2.387e-05 ; True ; 20 110 254 303 341 374 420 480 546 578 594 664 689  ; 7 1 5 7 5 7 8 4 5 7 
235.3 ; 2.416e-05 ; True ; 20 142 202 254 303 373 374 420 480 515 546 578 594 664  ; 5 1 4 8 6 8 8 5 5 7 
237.4 ; 2.458e-05 ; True ; 20 202 303 341 374 420 480 513 546 578 594 664 689  ; 5 1 5 6 6 8 8 4 5 7 
237.8 ; 2.536e-05 ; True ; 20 142 202 254 303 374 420 480 515 546 578 594 658 664  ; 6 1 4 9 5 8 7 5 6 7 
239.2 ; 2.551e-05 ; True ; 20 142 202 254 303 374 420 448 480 546 578 594 664 689  ; 5 1 5 9 6 8 8 4 5 7 
240.3 ; 2.597e-05 ; True ; 20 142 202 303 341 374 420 480 502 515 546 578 594 664  ; 5 1 5 7 6 8 8 5 4 8 
241 ; 2.622e-05 ; True ; 20 107 142 254 303 341 374 420 480 515 546 578 594 664  ; 6 1 4 7 5 8 8 5 6 7 
241.9 ; 2.676e-05 ; True ; 20 142 202 254 303 374 420 480 515 546 578 594 664 689  ; 5 1 5 8 5 8 7 5 6 6 
244.6 ; 2.746e-05 ; True ; 20 142 202 254 303 341 374 420 480 515 546 578 594 664  ; 6 1 4 8 6 9 8 5 5 7 
249.5 ; 2.751e-05 ; True ; 20 107 142 254 303 341 374 420 480 546 578 594 664 689  ; 6 1 5 7 5 8 8 4 6 7 
250.4 ; 2.839e-05 ; True ; 20 142 254 303 341 374 420 480 515 546 578 594 664 689  ; 6 1 5 7 5 8 7 5 6 6 
253 ; 2.881e-05 ; True ; 20 142 202 254 303 341 374 420 480 546 578 594 664 689  ; 6 1 5 8 6 9 8 4 5 7 
257.6 ; 3.03e-05 ; True ; 20 202 254 303 341 374 420 480 515 546 578 594 664 689  ; 6 1 5 7 6 8 8 4 6 7 
265.9 ; 3.075e-05 ; True ; 20 142 202 303 341 374 420 480 513 546 578 594 664 689  ; 5 1 5 7 6 9 8 5 5 7 
267.5 ; 3.115e-05 ; True ; 20 110 202 254 303 341 374 420 480 546 578 594 664 689  ; 7 1 5 8 6 8 9 4 5 8 
267.9 ; 3.161e-05 ; True ; 20 110 202 303 341 374 420 480 515 546 578 594 664 689  ; 6 1 5 7 6 7 9 5 5 8 
269.6 ; 3.207e-05 ; True ; 20 202 303 341 374 420 480 513 515 546 578 594 664 689  ; 5 1 5 6 6 8 8 5 6 7 
270.2 ; 3.21e-05 ; True ; 20 202 254 303 341 374 420 480 513 546 578 594 664 689  ; 6 1 5 7 6 9 8 4 6 7 
270.9 ; 3.223e-05 ; True ; 20 110 202 254 303 374 420 480 513 546 578 594 664 689  ; 6 1 5 8 5 8 8 5 6 7 
273.3 ; 3.271e-05 ; True ; 20 97 110 254 303 341 374 420 480 546 578 594 664 689  ; 7 1 5 7 6 8 8 5 5 7 
273.9 ; 3.375e-05 ; True ; 20 107 142 202 254 303 341 374 420 480 515 546 578 594 664  ; 6 1 4 8 6 9 9 5 6 8 
281.3 ; 3.396e-05 ; True ; 20 110 202 303 341 374 420 480 513 546 578 594 664 689  ; 6 1 5 7 6 8 9 5 5 8 
284 ; 3.511e-05 ; True ; 20 110 142 254 303 341 374 420 480 502 515 546 578 594 664  ; 7 1 5 8 5 8 8 6 5 8 
285.1 ; 3.76e-05 ; True ; 20 142 202 254 303 341 374 420 480 515 546 578 594 664 689  ; 6 1 5 8 6 9 8 5 6 7 
292.4 ; 3.772e-05 ; True ; 20 110 142 254 303 341 374 420 480 515 546 578 594 664 689  ; 7 1 5 8 5 8 8 6 6 7 
296 ; 3.848e-05 ; True ; 20 110 142 202 254 303 341 374 420 480 546 578 594 664 689  ; 7 1 5 9 6 9 9 5 5 8 
299.7 ; 3.941e-05 ; True ; 20 142 202 254 303 341 374 420 480 513 546 578 594 664 689  ; 6 1 5 8 6 10 8 5 6 7 
301.5 ; 4.065e-05 ; True ; 20 110 202 254 303 341 374 420 480 515 546 578 594 664 689  ; 7 1 5 8 6 8 9 5 6 8 
308.3 ; 4.107e-05 ; True ; 20 97 110 254 303 341 374 420 480 515 546 578 594 664 689  ; 7 1 5 7 6 8 8 6 6 7 
311.8 ; 4.137e-05 ; True ; 20 88 202 254 303 341 374 420 480 515 546 578 594 664 689  ; 6 1 5 7 7 8 8 5 7 7 
316.1 ; 4.307e-05 ; True ; 20 110 202 254 303 341 374 420 480 513 546 578 594 664 689  ; 7 1 5 8 6 9 9 5 6 8 
317.9 ; 4.354e-05 ; True ; 20 142 185 202 254 303 341 374 420 480 515 546 578 594 664 689  ; 6 1 5 9 6 10 8 5 7 7 
325.5 ; 4.37e-05 ; True ; 20 110 119 142 254 303 341 374 420 480 515 546 578 594 664 689  ; 7 1 5 9 5 8 8 6 7 8 
326.4 ; 4.383e-05 ; True ; 20 88 202 254 303 341 374 420 480 513 546 578 594 664 689  ; 6 1 5 7 7 9 8 5 7 7 
329.6 ; 4.607e-05 ; True ; 20 142 202 254 301 303 341 374 420 480 513 515 546 578 594 664  ; 6 1 5 8 6 10 8 6 6 8 
330.9 ; 4.833e-05 ; True ; 20 110 142 202 254 303 341 374 420 480 515 546 578 594 664 689  ; 7 1 5 9 6 9 9 6 6 8 
340.2 ; 4.89e-05 ; True ; 20 142 202 254 303 341 353 374 420 480 515 546 578 594 664 689  ; 6 1 6 8 6 9 8 6 6 7 
341.4 ; 4.943e-05 ; True ; 20 88 142 202 254 303 341 374 420 480 502 546 578 594 664 689  ; 6 1 6 8 7 9 8 5 6 8 
356.1 ; 4.969e-05 ; True ; 20 168 202 254 303 341 374 420 480 513 546 578 594 664 689  ; 7 1 6 7 6 9 9 5 6 8 
360.4 ; 5.048e-05 ; True ; 20 110 202 254 303 341 374 420 480 513 537 546 578 594 664 689  ; 7 1 5 8 6 9 10 5 7 9 
362 ; 5.126e-05 ; True ; 20 142 202 254 303 341 374 420 480 513 546 578 594 623 664 689  ; 6 1 6 8 6 10 8 6 6 7 
362.1 ; 5.333e-05 ; True ; 20 142 202 254 303 341 374 420 480 515 546 578 594 664 669 689  ; 6 1 6 8 6 9 9 6 6 8 
378 ; 5.465e-05 ; True ; 20 202 254 301 303 341 374 420 480 513 515 546 578 594 664 669  ; 6 1 6 7 6 9 9 6 6 9 
382.1 ; 5.492e-05 ; True ; 20 98 202 254 303 341 374 420 480 513 546 578 594 664 669 689  ; 6 1 6 8 7 9 10 5 6 9 
388.2 ; 5.502e-05 ; True ; 20 78 142 254 303 341 374 420 480 515 546 578 594 664 669 689  ; 6 1 6 8 6 8 8 7 7 7 
390.9 ; 5.715e-05 ; True ; 20 110 179 202 254 303 341 374 420 480 502 513 546 578 594 664 689  ; 7 1 6 8 6 9 9 5 7 9 
391 ; 5.76e-05 ; True ; 14 20 110 142 202 254 303 341 374 420 480 515 546 578 594 664 689  ; 7 1 5 9 6 9 9 7 7 8 
393.9 ; 6.087e-05 ; True ; 20 78 142 202 254 301 303 341 374 420 480 515 546 578 594 664 689  ; 6 1 6 9 7 9 8 6 7 8 
403.4 ; 6.216e-05 ; True ; 20 88 202 254 303 341 374 420 480 513 546 578 594 664 669 689  ; 6 1 6 7 7 9 9 6 7 8 
415.9 ; 6.443e-05 ; True ; 20 37 142 202 254 303 341 374 420 480 502 513 515 546 578 594 664 689  ; 7 1 6 8 6 10 9 6 7 8 
417.8 ; 6.726e-05 ; True ; 20 88 110 202 254 303 341 374 420 480 502 538 546 578 594 664 689  ; 7 1 7 9 7 8 9 6 6 9 
424.6 ; 6.899e-05 ; True ; 20 142 202 254 301 303 341 374 420 480 513 515 546 576 578 594 664 689  ; 6 1 6 8 6 10 8 7 8 8 
440.7 ; 7.298e-05 ; True ; 20 110 202 254 303 341 374 420 480 502 507 513 546 576 578 594 664 689  ; 7 1 6 9 7 9 10 6 7 10 
463.8 ; 7.53e-05 ; True ; 20 88 110 202 254 303 341 374 420 480 538 546 578 594 664 669 689  ; 7 1 7 9 7 8 10 7 6 9 
468.8 ; 7.715e-05 ; True ; 20 78 110 202 254 303 341 374 420 480 513 546 578 594 664 669 689  ; 7 1 6 9 7 9 10 7 7 9 
480.6 ; 8.115e-05 ; True ; 20 88 168 202 254 303 341 374 420 480 515 546 578 594 664 669 689  ; 7 1 7 7 7 8 10 7 7 9 
503.9 ; 8.696e-05 ; True ; 20 78 168 202 254 303 341 374 420 480 513 546 578 594 664 669 689  ; 7 1 7 8 7 9 10 7 7 9 
533.9 ; 8.816e-05 ; True ; 20 110 168 202 203 254 303 341 374 420 480 513 546 578 594 664 669 689  ; 8 1 7 8 6 9 11 7 7 10 
544 ; 9.722e-05 ; True ; 20 77 168 202 254 303 341 374 420 480 513 515 546 578 594 664 669 689  ; 7 1 7 8 7 10 10 8 7 9 
573.7 ; 0.000102 ; True ; 20 88 168 202 254 303 341 374 420 449 480 513 546 578 594 664 669 689  ; 7 1 8 7 7 9 10 8 7 9 
598 ; 0.0001041 ; True ; 20 69 88 107 168 185 254 303 341 374 390 420 480 546 578 594 664 669 689  ; 8 1 7 8 7 9 11 7 8 11 
615.3 ; 0.0001071 ; True ; 20 54 69 88 168 185 202 303 341 374 420 480 513 546 578 594 664 669 689  ; 7 1 7 7 8 9 10 8 8 10 
667.5 ; 0.0001082 ; True ; 20 88 110 168 202 254 303 341 374 390 420 480 513 578 594 600 664 669 689  ; 8 1 8 8 7 9 12 8 6 12 
671.6 ; 0.0001085 ; True ; 20 77 110 142 168 254 303 341 374 420 480 513 515 546 578 590 594 664 669 689  ; 9 1 7 9 6 10 11 10 7 9 
671.8 ; 0.0001113 ; True ; 20 78 81 202 254 301 303 341 374 420 423 480 515 546 578 594 600 664 669 689  ; 8 1 8 10 7 10 10 7 7 11 
696.3 ; 0.0001224 ; True ; 20 77 168 202 254 303 341 374 420 480 502 513 546 578 590 593 594 664 669 689  ; 8 1 8 8 7 11 11 8 7 10 
783.6 ; 0.0001257 ; True ; 20 78 168 202 254 303 341 372 374 420 423 480 493 513 546 578 594 600 664 669 689  ; 8 1 8 10 8 10 11 8 7 10 


RUN 5:
Optimum Distance: 11.84
Optimal Team: 20,303,546,
Required Skills: 0 1 4 9 10 14 16 18 23 24 
Distance; Skill Score; isValid; Team; Skill Counts
11.84 ; 3.505e-10 ; True ; 20 303 546  ; 1 1 1 2 1 1 1 1 1 1 
12.82 ; 3.942e-10 ; True ; 303 374 420  ; 1 1 1 1 1 1 2 1 1 1 
15.84 ; 7.25e-10 ; True ; 168 303 420  ; 1 1 1 1 1 1 2 2 1 1 
16.6 ; 1.164e-09 ; True ; 96 303 513 594  ; 1 1 1 2 1 2 1 1 1 2 
18.71 ; 2.494e-09 ; True ; 20 303 448 546  ; 1 1 1 3 2 1 2 1 1 2 
19.54 ; 4.637e-09 ; True ; 20 202 303 546  ; 1 1 1 3 2 2 2 1 1 2 
20.63 ; 5.08e-09 ; True ; 303 480 546 594  ; 2 1 1 2 1 3 2 1 1 2 
20.64 ; 8.054e-09 ; True ; 20 303 546 594  ; 2 1 1 3 2 2 2 1 1 2 
23.46 ; 8.911e-09 ; True ; 303 374 420 594  ; 2 1 1 2 2 2 3 1 1 2 
26.61 ; 9.464e-09 ; True ; 20 142 303 448 546  ; 1 1 1 4 2 2 2 2 1 2 
27.31 ; 1.278e-08 ; True ; 20 202 303 448 546  ; 1 1 1 4 3 2 3 1 1 3 
27.57 ; 1.574e-08 ; True ; 0 130 303 341 546  ; 3 1 1 2 2 2 3 1 1 3 
28.37 ; 2.199e-08 ; True ; 130 303 341 480 546  ; 3 1 1 2 2 3 3 1 1 3 
28.46 ; 2.236e-08 ; True ; 20 202 303 546 578  ; 1 1 2 3 3 2 3 1 1 3 
29.53 ; 2.297e-08 ; True ; 20 142 303 546 594  ; 2 1 1 4 2 3 2 2 1 2 
30.15 ; 2.329e-08 ; True ; 20 202 254 303 546  ; 2 1 1 4 2 3 2 1 2 2 
30.26 ; 2.853e-08 ; True ; 20 202 303 374 546  ; 2 1 2 3 2 2 3 1 1 3 
30.27 ; 3.101e-08 ; True ; 20 202 303 546 594  ; 2 1 1 4 3 3 3 1 1 3 
30.57 ; 3.884e-08 ; True ; 20 303 546 578 594  ; 2 1 2 3 3 2 3 1 1 3 
31.32 ; 3.985e-08 ; True ; 20 303 480 546 594  ; 2 1 2 3 2 3 3 1 1 3 
33.34 ; 5.312e-08 ; True ; 303 341 420 480 664  ; 2 1 1 2 2 4 3 2 2 2 
34.28 ; 5.366e-08 ; True ; 20 303 546 578 664  ; 2 1 2 3 2 2 2 2 2 2 
35.25 ; 5.847e-08 ; True ; 20 303 420 480 664  ; 1 1 2 3 2 3 3 2 2 2 
35.87 ; 6.505e-08 ; True ; 303 420 480 594 664  ; 2 1 1 3 2 4 3 2 2 2 
36.27 ; 7.27e-08 ; True ; 20 303 374 420 664  ; 2 1 2 3 2 2 3 2 2 2 
37.21 ; 7.901e-08 ; True ; 20 303 420 546 594  ; 2 1 1 4 3 3 3 2 2 2 
40.05 ; 8.134e-08 ; True ; 20 142 202 303 374 546  ; 2 1 2 4 2 3 3 2 1 3 
40.25 ; 8.32e-08 ; True ; 20 142 254 303 546 578  ; 2 1 2 4 2 3 2 2 2 2 
41.07 ; 9.784e-08 ; True ; 20 202 303 374 515 546  ; 2 1 2 3 2 2 3 2 2 3 
41.18 ; 1.063e-07 ; True ; 20 202 303 546 578 594  ; 2 1 2 4 4 3 4 1 1 4 
41.29 ; 1.068e-07 ; True ; 20 142 303 374 546 594  ; 3 1 2 4 2 3 3 2 1 3 
41.41 ; 1.108e-07 ; True ; 20 142 303 546 578 594  ; 2 1 2 4 3 3 3 2 1 3 
41.89 ; 1.123e-07 ; True ; 20 202 254 303 546 578  ; 2 1 2 4 3 3 3 1 2 3 
42.15 ; 1.367e-07 ; True ; 20 303 480 515 546 594  ; 2 1 2 3 2 3 3 2 2 3 
43.17 ; 1.475e-07 ; True ; 20 254 303 546 578 594  ; 3 1 2 4 3 3 3 1 2 3 
44.35 ; 1.861e-07 ; True ; 20 303 513 546 578 594  ; 2 1 2 3 3 3 3 2 2 3 
45.76 ; 2.066e-07 ; True ; 20 202 303 546 578 664  ; 2 1 2 4 3 3 3 2 2 3 
48.07 ; 2.205e-07 ; True ; 303 341 374 420 480 664  ; 3 1 2 2 2 4 4 2 2 3 
48.51 ; 2.478e-07 ; True ; 20 303 480 546 594 664  ; 3 1 2 4 2 4 3 2 2 3 
48.69 ; 2.712e-07 ; True ; 20 303 546 578 594 664  ; 3 1 2 4 3 3 3 2 2 3 
50.82 ; 2.8e-07 ; True ; 20 303 341 420 480 664  ; 2 1 2 3 3 4 4 2 2 3 
50.86 ; 3.108e-07 ; True ; 20 303 420 480 546 594  ; 2 1 2 4 3 4 4 2 2 3 
50.97 ; 3.279e-07 ; True ; 20 303 374 420 546 594  ; 3 1 2 4 3 3 4 2 2 3 
54.91 ; 3.801e-07 ; True ; 20 303 374 480 515 546 594  ; 3 1 3 3 2 3 4 2 2 4 
55.75 ; 3.941e-07 ; True ; 20 202 303 374 515 546 594  ; 3 1 2 4 3 3 4 2 2 4 
56.93 ; 3.942e-07 ; True ; 20 303 480 515 546 578 594  ; 2 1 3 3 3 3 4 2 2 4 
57.89 ; 4.538e-07 ; True ; 20 202 303 513 546 578 594  ; 2 1 2 4 4 4 4 2 2 4 
59.64 ; 4.904e-07 ; True ; 20 202 303 374 513 546 594  ; 3 1 2 4 3 4 4 2 2 4 
59.98 ; 4.905e-07 ; True ; 20 303 480 513 546 578 594  ; 2 1 3 3 3 4 4 2 2 4 
60.05 ; 5.175e-07 ; True ; 20 303 374 513 546 578 594  ; 3 1 3 3 3 3 4 2 2 4 
60.37 ; 5.444e-07 ; True ; 20 202 303 480 546 578 664  ; 2 1 3 4 3 4 4 2 2 4 
61.32 ; 5.744e-07 ; True ; 20 202 303 374 546 578 664  ; 3 1 3 4 3 3 4 2 2 4 
62.1 ; 6.311e-07 ; True ; 20 202 303 546 578 594 664  ; 3 1 2 5 4 4 4 2 2 4 
63.32 ; 7.146e-07 ; True ; 20 303 480 546 578 594 664  ; 3 1 3 4 3 4 4 2 2 4 
65.6 ; 8.134e-07 ; True ; 20 303 374 420 480 546 594  ; 3 1 3 4 3 4 5 2 2 4 
67.57 ; 8.46e-07 ; True ; 20 303 374 420 480 546 664  ; 3 1 3 4 2 4 4 3 3 3 
68.67 ; 8.775e-07 ; True ; 20 303 420 480 546 578 664  ; 2 1 3 4 3 4 4 3 3 3 
69.71 ; 9.259e-07 ; True ; 20 303 374 420 546 578 664  ; 3 1 3 4 3 3 4 3 3 3 
70.04 ; 9.786e-07 ; True ; 20 303 420 480 546 594 664  ; 3 1 2 5 3 5 4 3 3 3 
71.05 ; 9.844e-07 ; True ; 20 303 374 420 546 594 664  ; 4 1 2 5 3 4 4 3 3 3 
71.22 ; 1.017e-06 ; True ; 20 303 420 546 578 594 664  ; 3 1 2 5 4 4 4 3 3 3 
75.5 ; 1.119e-06 ; True ; 20 202 303 374 513 546 578 594  ; 3 1 3 4 4 4 5 2 2 5 
76.92 ; 1.193e-06 ; True ; 20 202 303 374 480 546 578 664  ; 3 1 4 4 3 4 5 2 2 5 
77.92 ; 1.195e-06 ; True ; 20 303 374 480 515 546 594 664  ; 4 1 3 4 2 4 4 3 3 4 
78.07 ; 1.223e-06 ; True ; 20 142 303 480 546 578 594 664  ; 3 1 3 5 3 5 4 3 2 4 
78.7 ; 1.385e-06 ; True ; 20 202 303 480 546 578 594 664  ; 3 1 3 5 4 5 5 2 2 5 
79.63 ; 1.393e-06 ; True ; 20 202 303 374 546 578 594 664  ; 4 1 3 5 4 4 5 2 2 5 
79.94 ; 1.403e-06 ; True ; 20 303 374 480 546 578 594 664  ; 4 1 4 4 3 4 5 2 2 5 
81.32 ; 1.415e-06 ; True ; 20 107 303 374 420 480 546 594  ; 3 1 3 4 3 4 6 2 3 5 
81.33 ; 1.576e-06 ; True ; 20 303 374 420 480 515 546 594  ; 3 1 3 4 3 4 5 3 3 4 
82.07 ; 1.659e-06 ; True ; 20 254 303 374 420 480 546 594  ; 4 1 3 5 3 5 5 2 3 4 
84.13 ; 1.714e-06 ; True ; 20 254 303 420 480 546 578 594  ; 3 1 3 5 4 5 5 2 3 4 
84.25 ; 1.724e-06 ; True ; 20 254 303 374 420 546 578 594  ; 4 1 3 5 4 4 5 2 3 4 
85.88 ; 1.951e-06 ; True ; 20 202 303 374 420 480 546 664  ; 3 1 3 5 3 5 5 3 3 4 
86.3 ; 2.042e-06 ; True ; 20 303 374 420 480 546 578 664  ; 3 1 4 4 3 4 5 3 3 4 
87.68 ; 2.294e-06 ; True ; 20 303 374 420 480 546 594 664  ; 4 1 3 5 3 5 5 3 3 4 
88.8 ; 2.37e-06 ; True ; 20 303 420 480 546 578 594 664  ; 3 1 3 5 4 5 5 3 3 4 
89.82 ; 2.384e-06 ; True ; 20 303 374 420 546 578 594 664  ; 4 1 3 5 4 4 5 3 3 4 
95.67 ; 2.401e-06 ; True ; 20 142 303 374 480 546 578 594 664  ; 4 1 4 5 3 5 5 3 2 5 
96.19 ; 2.596e-06 ; True ; 20 202 303 374 480 515 546 594 664  ; 4 1 3 5 3 5 5 3 3 5 
97.31 ; 2.683e-06 ; True ; 20 202 303 480 515 546 578 594 664  ; 3 1 3 5 4 5 5 3 3 5 
97.57 ; 2.718e-06 ; True ; 20 303 374 480 515 546 578 594 664  ; 4 1 4 4 3 4 5 3 3 5 
99.62 ; 2.862e-06 ; True ; 20 254 303 374 420 480 515 546 594  ; 4 1 3 5 3 5 5 3 4 4 
100.7 ; 2.943e-06 ; True ; 20 202 303 374 420 480 515 546 594  ; 3 1 3 5 4 5 6 3 3 5 
102 ; 3.081e-06 ; True ; 20 303 374 420 480 515 546 578 594  ; 3 1 4 4 4 4 6 3 3 5 
102.7 ; 3.242e-06 ; True ; 20 254 303 374 420 480 546 578 594  ; 4 1 4 5 4 5 6 2 3 5 
103.9 ; 3.264e-06 ; True ; 20 303 374 420 448 480 546 578 664  ; 3 1 4 5 4 4 6 3 3 5 
104.5 ; 3.364e-06 ; True ; 20 142 254 303 374 480 515 546 578 594  ; 4 1 4 5 3 5 5 3 3 5 
105.6 ; 3.814e-06 ; True ; 20 202 303 374 420 480 546 578 664  ; 3 1 4 5 4 5 6 3 3 5 
107.9 ; 4.02e-06 ; True ; 20 202 303 374 420 480 546 594 664  ; 4 1 3 6 4 6 6 3 3 5 
108.4 ; 4.484e-06 ; True ; 20 303 374 420 480 546 578 594 664  ; 4 1 4 5 4 5 6 3 3 5 
116.8 ; 4.895e-06 ; True ; 20 202 303 374 480 515 546 578 594 664  ; 4 1 4 5 4 5 6 3 3 6 
120.4 ; 5.209e-06 ; True ; 20 142 254 303 374 420 480 546 578 594  ; 4 1 4 6 4 6 6 3 3 5 
123.1 ; 5.594e-06 ; True ; 20 254 303 374 420 480 515 546 578 594  ; 4 1 4 5 4 5 6 3 4 5 
125.7 ; 5.686e-06 ; True ; 20 142 202 254 303 374 480 515 546 578 594  ; 4 1 4 6 4 6 6 3 3 6 
127.1 ; 5.864e-06 ; True ; 20 202 303 374 420 480 515 546 578 664  ; 3 1 4 5 4 5 6 4 4 5 
128 ; 6.191e-06 ; True ; 20 303 374 420 448 480 546 578 594 664  ; 4 1 4 6 5 5 7 3 3 6 
128 ; 6.419e-06 ; True ; 20 142 303 374 420 480 546 578 594 664  ; 4 1 4 6 4 6 6 4 3 5 
129 ; 6.538e-06 ; True ; 20 107 303 374 420 480 546 578 594 664  ; 4 1 4 5 4 5 7 3 4 6 
129.6 ; 6.959e-06 ; True ; 20 202 303 374 420 480 546 578 594 664  ; 4 1 4 6 5 6 7 3 3 6 
131.5 ; 7.214e-06 ; True ; 20 254 303 374 420 480 546 578 594 664  ; 5 1 4 6 4 6 6 3 4 5 
137.5 ; 7.748e-06 ; True ; 20 303 374 420 480 513 546 578 594 664  ; 4 1 4 5 4 6 6 4 4 5 
141.6 ; 7.875e-06 ; True ; 20 202 254 303 374 480 515 546 578 594 664  ; 5 1 4 6 4 6 6 3 4 6 
141.8 ; 8.008e-06 ; True ; 20 142 254 303 374 420 480 515 546 578 594  ; 4 1 4 6 4 6 6 4 4 5 
146.1 ; 8.029e-06 ; True ; 20 142 254 303 374 420 480 546 578 594 658  ; 5 1 4 7 4 6 6 3 4 6 
146.3 ; 8.682e-06 ; True ; 20 202 254 303 374 420 480 515 546 578 594  ; 4 1 4 6 5 6 7 3 4 6 
148.6 ; 8.742e-06 ; True ; 20 142 303 374 420 448 480 546 578 594 664  ; 4 1 4 7 5 6 7 4 3 6 
149.6 ; 9.36e-06 ; True ; 20 107 142 303 374 420 480 546 578 594 664  ; 4 1 4 6 4 6 7 4 4 6 
151.2 ; 9.571e-06 ; True ; 20 142 202 303 374 420 480 546 578 594 664  ; 4 1 4 7 5 7 7 4 3 6 
152.1 ; 9.922e-06 ; True ; 20 142 254 303 374 420 480 546 578 594 664  ; 5 1 4 7 4 7 6 4 4 5 
153.1 ; 1.07e-05 ; True ; 20 202 303 374 420 480 515 546 578 594 664  ; 4 1 4 6 5 6 7 4 4 6 
155.5 ; 1.076e-05 ; True ; 20 202 254 303 374 420 480 546 578 594 664  ; 5 1 4 7 5 7 7 3 4 6 
161.2 ; 1.083e-05 ; True ; 20 142 202 254 303 374 480 515 546 578 594 664  ; 5 1 4 7 4 7 6 4 4 6 
161.6 ; 1.171e-05 ; True ; 20 202 303 374 420 480 513 546 578 594 664  ; 4 1 4 6 5 7 7 4 4 6 
166.9 ; 1.194e-05 ; True ; 20 142 202 254 303 374 420 480 515 546 578 594  ; 4 1 4 7 5 7 7 4 4 6 
171.6 ; 1.208e-05 ; True ; 20 142 202 254 303 374 420 448 480 546 578 664  ; 4 1 4 8 5 7 7 4 4 6 
171.7 ; 1.258e-05 ; True ; 20 303 341 374 420 480 513 546 578 594 664  ; 5 1 4 5 5 7 7 4 4 6 
173 ; 1.263e-05 ; True ; 20 142 303 374 420 448 480 515 546 578 594 664  ; 4 1 4 7 5 6 7 5 4 6 
173.1 ; 1.27e-05 ; True ; 20 107 142 303 374 420 480 515 546 578 594 664  ; 4 1 4 6 4 6 7 5 5 6 
174.7 ; 1.34e-05 ; True ; 20 107 142 202 303 374 420 480 546 578 594 664  ; 4 1 4 7 5 7 8 4 4 7 
175.5 ; 1.348e-05 ; True ; 20 202 303 374 420 448 480 515 546 578 594 664  ; 4 1 4 7 6 6 8 4 4 7 
175.6 ; 1.359e-05 ; True ; 20 107 142 254 303 374 420 480 546 578 594 664  ; 5 1 4 7 4 7 7 4 5 6 
175.6 ; 1.383e-05 ; True ; 20 142 202 303 374 420 480 515 546 578 594 664  ; 4 1 4 7 5 7 7 5 4 6 
176.6 ; 1.386e-05 ; True ; 20 202 303 374 420 480 502 515 546 578 594 664  ; 4 1 5 6 5 6 7 4 4 7 
178.1 ; 1.44e-05 ; True ; 20 142 202 254 303 374 420 480 546 578 594 664  ; 5 1 4 8 5 8 7 4 4 6 
180.8 ; 1.553e-05 ; True ; 20 202 254 303 374 420 480 515 546 578 594 664  ; 5 1 4 7 5 7 7 4 5 6 
188.1 ; 1.589e-05 ; True ; 20 202 303 374 420 480 513 515 546 578 594 664  ; 4 1 4 6 5 7 7 5 5 6 
188.4 ; 1.607e-05 ; True ; 20 202 303 341 374 420 480 515 546 578 594 664  ; 5 1 4 6 6 7 8 4 4 7 
190.1 ; 1.635e-05 ; True ; 20 254 303 341 374 420 480 515 546 578 594 664  ; 6 1 4 6 5 7 7 4 5 6 
190.5 ; 1.669e-05 ; True ; 20 202 254 303 374 420 480 513 546 578 594 664  ; 5 1 4 7 5 8 7 4 5 6 
197.5 ; 1.675e-05 ; True ; 20 142 202 254 303 374 420 480 515 546 578 594 658  ; 5 1 4 8 5 7 7 4 5 7 
198.8 ; 1.71e-05 ; True ; 20 88 202 254 303 374 420 480 546 578 594 664  ; 5 1 4 7 6 7 7 4 5 6 
198.9 ; 1.726e-05 ; True ; 20 202 303 341 374 420 480 513 546 578 594 664  ; 5 1 4 6 6 8 8 4 4 7 
199 ; 1.729e-05 ; True ; 20 142 202 303 374 420 448 480 515 546 578 594 664  ; 4 1 4 8 6 7 8 5 4 7 
200.1 ; 1.791e-05 ; True ; 20 142 202 303 374 420 480 502 515 546 578 594 664  ; 4 1 5 7 5 7 7 5 4 7 
203.4 ; 1.866e-05 ; True ; 20 142 202 254 303 374 420 480 502 546 578 594 664  ; 5 1 5 8 5 8 7 4 4 7 
204.3 ; 1.955e-05 ; True ; 20 142 202 254 303 374 420 480 515 546 578 594 664  ; 5 1 4 8 5 8 7 5 5 6 
206.2 ; 1.964e-05 ; True ; 20 107 202 254 303 374 420 480 515 546 578 594 664  ; 5 1 4 7 5 7 8 4 6 7 
212.1 ; 2.118e-05 ; True ; 0 20 202 254 303 374 420 480 515 546 578 594 664  ; 5 1 5 7 5 7 8 4 5 7 
216.4 ; 2.126e-05 ; True ; 20 202 254 303 374 420 480 515 546 578 594 664 689  ; 5 1 5 7 5 7 7 4 6 6 
218.8 ; 2.177e-05 ; True ; 20 202 254 303 374 420 480 513 515 546 578 594 664  ; 5 1 4 7 5 8 7 5 6 6 
219.1 ; 2.213e-05 ; True ; 20 202 254 303 341 374 420 480 515 546 578 594 664  ; 6 1 4 7 6 8 8 4 5 7 
223.6 ; 2.275e-05 ; True ; 0 20 202 254 303 374 420 480 513 546 578 594 664  ; 5 1 5 7 5 8 8 4 5 7 
226 ; 2.288e-05 ; True ; 20 202 303 341 374 420 480 515 546 578 594 664 689  ; 5 1 5 6 6 7 8 4 5 7 
227.3 ; 2.299e-05 ; True ; 20 110 202 254 303 374 420 480 546 578 594 664 689  ; 6 1 5 8 5 7 8 4 5 7 
229.7 ; 2.432e-05 ; True ; 20 142 202 254 303 374 420 448 480 515 546 578 594 664  ; 5 1 4 9 6 8 8 5 5 7 
230.7 ; 2.532e-05 ; True ; 20 142 202 254 303 374 420 480 502 515 546 578 594 664  ; 5 1 5 8 5 8 7 5 5 7 
237.8 ; 2.536e-05 ; True ; 20 142 202 254 303 374 420 480 515 546 578 594 658 664  ; 6 1 4 9 5 8 7 5 6 7 
241.9 ; 2.676e-05 ; True ; 20 142 202 254 303 374 420 480 515 546 578 594 664 689  ; 5 1 5 8 5 8 7 5 6 6 
244.6 ; 2.746e-05 ; True ; 20 142 202 254 303 341 374 420 480 515 546 578 594 664  ; 6 1 4 8 6 9 8 5 5 7 
249.6 ; 2.784e-05 ; True ; 0 20 202 254 303 374 420 480 515 546 578 594 664 689  ; 5 1 6 7 5 7 8 4 6 7 
250.4 ; 2.839e-05 ; True ; 20 142 254 303 341 374 420 480 515 546 578 594 664 689  ; 6 1 5 7 5 8 7 5 6 6 
252.4 ; 2.902e-05 ; True ; 20 142 202 303 341 374 420 480 515 546 578 594 664 689  ; 5 1 5 7 6 8 8 5 5 7 
255 ; 2.903e-05 ; True ; 0 20 110 202 254 303 374 420 480 515 546 578 594 664  ; 6 1 5 8 5 7 9 5 5 8 
257.6 ; 3.03e-05 ; True ; 20 202 254 303 341 374 420 480 515 546 578 594 664 689  ; 6 1 5 7 6 8 8 4 6 7 
264.8 ; 3.115e-05 ; True ; 20 110 254 303 341 374 420 480 515 546 578 594 664 689  ; 7 1 5 7 5 7 8 5 6 7 
267.5 ; 3.115e-05 ; True ; 20 110 202 254 303 341 374 420 480 546 578 594 664 689  ; 7 1 5 8 6 8 9 4 5 8 
267.9 ; 3.161e-05 ; True ; 20 110 202 303 341 374 420 480 515 546 578 594 664 689  ; 6 1 5 7 6 7 9 5 5 8 
270.2 ; 3.21e-05 ; True ; 20 202 254 303 341 374 420 480 513 546 578 594 664 689  ; 6 1 5 7 6 9 8 4 6 7 
270.9 ; 3.223e-05 ; True ; 20 110 202 254 303 374 420 480 513 546 578 594 664 689  ; 6 1 5 8 5 8 8 5 6 7 
273.7 ; 3.245e-05 ; True ; 20 142 199 202 254 303 341 374 420 480 515 546 578 594 664  ; 6 1 4 8 6 9 8 5 6 8 
277.7 ; 3.255e-05 ; True ; 20 88 202 254 303 341 374 420 480 546 578 594 664 689  ; 6 1 5 7 7 8 8 4 6 7 
278 ; 3.337e-05 ; True ; 20 202 254 303 341 374 420 480 513 538 546 578 594 664  ; 6 1 5 8 6 9 8 5 5 7 
278.5 ; 3.346e-05 ; True ; 20 110 254 303 341 374 420 480 513 546 578 594 664 689  ; 7 1 5 7 5 8 8 5 6 7 
281.3 ; 3.396e-05 ; True ; 20 110 202 303 341 374 420 480 513 546 578 594 664 689  ; 6 1 5 7 6 8 9 5 5 8 
283.4 ; 3.549e-05 ; True ; 20 98 142 254 303 341 374 420 480 515 546 578 594 664 689  ; 6 1 5 8 6 8 8 5 6 7 
285.1 ; 3.76e-05 ; True ; 20 142 202 254 303 341 374 420 480 515 546 578 594 664 689  ; 6 1 5 8 6 9 8 5 6 7 
298.5 ; 3.815e-05 ; True ; 20 97 254 303 341 374 420 480 502 515 546 578 594 664 689  ; 6 1 6 6 6 8 7 5 6 7 
299.7 ; 3.941e-05 ; True ; 20 142 202 254 303 341 374 420 480 513 546 578 594 664 689  ; 6 1 5 8 6 10 8 5 6 7 
301.5 ; 4.065e-05 ; True ; 20 110 202 254 303 341 374 420 480 515 546 578 594 664 689  ; 7 1 5 8 6 8 9 5 6 8 
311.8 ; 4.137e-05 ; True ; 20 88 202 254 303 341 374 420 480 515 546 578 594 664 689  ; 6 1 5 7 7 8 8 5 7 7 
316.1 ; 4.307e-05 ; True ; 20 110 202 254 303 341 374 420 480 513 546 578 594 664 689  ; 7 1 5 8 6 9 9 5 6 8 
321 ; 4.436e-05 ; True ; 11 20 142 202 254 303 341 374 420 480 515 546 578 594 664 689  ; 6 1 5 9 7 9 9 5 6 8 
329.7 ; 4.465e-05 ; True ; 20 202 254 303 341 374 420 480 515 546 578 594 664 669 689  ; 6 1 6 7 6 8 9 5 6 8 
335.4 ; 4.613e-05 ; True ; 20 97 98 254 303 341 374 420 480 502 515 546 578 594 664 689  ; 6 1 6 7 7 8 8 5 6 8 
342.3 ; 4.731e-05 ; True ; 20 202 254 303 341 374 420 480 513 546 578 594 664 669 689  ; 6 1 6 7 6 9 9 5 6 8 
343.3 ; 4.743e-05 ; True ; 20 110 138 202 254 303 341 374 420 480 515 546 578 594 664 689  ; 7 1 6 8 6 8 9 5 6 8 
343.9 ; 4.764e-05 ; True ; 20 110 142 254 303 341 374 420 480 513 515 546 578 594 664 689  ; 7 1 5 8 5 9 8 7 7 7 
344.3 ; 4.85e-05 ; True ; 20 142 202 254 303 341 374 413 420 480 513 546 578 594 664 689  ; 7 1 5 8 7 10 9 5 6 8 
345.9 ; 5.062e-05 ; True ; 20 88 202 254 303 341 374 420 480 502 515 546 578 594 664 689  ; 6 1 6 7 7 8 8 5 7 8 
353 ; 5.267e-05 ; True ; 20 110 202 254 303 341 374 420 480 513 515 546 578 594 664 689  ; 7 1 5 8 6 9 9 6 7 8 
369.2 ; 5.377e-05 ; True ; 20 78 110 202 254 303 341 374 420 480 515 546 578 594 664 689  ; 7 1 5 9 7 8 9 6 7 8 
376.7 ; 5.591e-05 ; True ; 20 142 202 254 303 341 374 420 480 513 546 578 594 664 669 689  ; 6 1 6 8 6 10 9 6 6 8 
377.1 ; 5.601e-05 ; True ; 20 110 202 254 303 341 374 420 480 513 546 578 582 594 664 689  ; 7 1 6 8 6 9 9 6 6 8 
377.2 ; 5.659e-05 ; True ; 20 88 110 202 254 303 341 374 420 480 513 546 578 594 664 689  ; 7 1 5 8 7 9 9 6 7 8 
388.4 ; 6.087e-05 ; True ; 0 20 130 142 202 254 303 341 374 420 480 513 546 578 594 664 689  ; 7 1 6 9 7 10 10 5 6 9 
397.4 ; 6.147e-05 ; True ; 20 97 110 202 254 303 341 374 377 420 480 515 546 578 594 664 689  ; 7 1 5 8 7 9 9 7 7 8 
412.1 ; 6.287e-05 ; True ; 20 78 202 254 303 341 374 420 480 513 546 578 594 664 669 689  ; 6 1 6 8 7 9 9 6 7 8 
414.2 ; 6.356e-05 ; True ; 20 168 202 254 303 341 374 420 480 513 538 546 578 594 664 689  ; 7 1 7 8 6 9 9 6 6 8 
417.2 ; 6.529e-05 ; True ; 20 88 168 202 254 303 341 374 420 480 513 546 578 594 664 689  ; 7 1 6 7 7 9 9 6 7 8 
425.9 ; 6.603e-05 ; True ; 20 78 168 202 254 303 341 374 420 480 513 546 578 594 664 689  ; 7 1 6 8 7 9 9 6 7 8 
429.2 ; 6.714e-05 ; True ; 20 168 202 254 303 341 374 420 480 513 546 578 594 664 669 689  ; 7 1 7 7 6 9 10 6 6 9 
429.4 ; 6.784e-05 ; True ; 20 130 142 202 254 303 341 374 420 480 513 546 578 594 664 669 689  ; 7 1 6 9 7 10 10 6 6 9 
433.8 ; 6.876e-05 ; True ; 20 78 142 202 254 303 341 374 420 480 515 546 578 594 664 669 689  ; 6 1 6 9 7 9 9 7 7 8 
435.9 ; 7.132e-05 ; True ; 20 110 202 254 303 341 374 420 480 513 515 546 578 594 664 669 689  ; 7 1 6 8 6 9 10 7 7 9 
453.9 ; 7.365e-05 ; True ; 20 88 202 254 303 341 374 413 420 480 513 546 578 594 664 669 689  ; 7 1 6 7 8 9 10 6 7 9 
468.8 ; 7.715e-05 ; True ; 20 78 110 202 254 303 341 374 420 480 513 546 578 594 664 669 689  ; 7 1 6 9 7 9 10 7 7 9 
474 ; 8.002e-05 ; True ; 20 168 202 254 303 341 374 420 480 513 515 546 578 594 664 669 689  ; 7 1 7 7 6 9 10 7 7 9 
494.8 ; 8.081e-05 ; True ; 20 78 142 168 254 303 341 374 420 480 513 546 578 594 664 669 689  ; 7 1 7 8 6 9 9 8 7 8 
498.7 ; 8.091e-05 ; True ; 20 78 199 202 254 303 341 374 420 480 513 515 546 578 594 664 669 689  ; 6 1 6 8 7 9 9 7 9 9 
504.9 ; 8.173e-05 ; True ; 20 78 168 202 254 303 341 374 420 480 515 546 578 593 594 664 669  ; 7 1 6 8 7 9 10 8 7 9 
507.7 ; 8.28e-05 ; True ; 0 20 78 168 202 254 303 341 420 480 513 546 578 594 664 669 689  ; 6 1 7 8 7 9 10 7 7 9 
509.5 ; 8.284e-05 ; True ; 20 24 88 168 254 303 341 374 420 480 513 546 578 594 664 669 689  ; 8 1 7 7 6 9 10 7 7 9 
512.2 ; 8.436e-05 ; True ; 20 78 110 168 254 303 341 374 420 480 513 546 578 594 664 669 689  ; 8 1 7 8 6 8 10 8 7 9 
514 ; 8.606e-05 ; True ; 20 78 110 202 254 303 341 374 420 448 480 513 546 578 594 664 669 689  ; 7 1 6 10 8 9 11 7 7 10 
526.1 ; 9.012e-05 ; True ; 20 168 202 253 254 303 341 374 420 480 513 515 546 578 594 664 669 689  ; 7 1 7 7 7 10 10 7 7 9 
533.8 ; 9.014e-05 ; True ; 20 78 110 168 184 202 254 303 341 374 420 480 513 546 578 594 664 689  ; 8 1 6 9 7 10 10 7 8 9 
543.9 ; 9.032e-05 ; True ; 20 168 202 210 254 303 341 374 420 480 513 515 546 578 594 664 669 689  ; 7 1 7 7 6 10 10 7 8 9 
558.8 ; 9.111e-05 ; True ; 20 56 110 202 254 303 341 374 420 480 538 546 578 593 594 664 669 689  ; 7 1 7 9 6 10 10 8 7 9 
561.4 ; 9.379e-05 ; True ; 20 78 96 168 254 303 341 374 414 420 480 513 546 578 594 664 669 689  ; 7 1 8 8 7 8 10 7 7 10 
562 ; 9.758e-05 ; True ; 20 78 168 254 303 307 341 374 420 480 513 515 546 578 594 664 669 689  ; 8 1 7 8 7 8 10 8 8 9 
576.5 ; 0.0001007 ; True ; 20 78 168 202 254 303 341 374 420 474 480 513 546 578 594 664 669 689  ; 8 1 7 9 8 9 11 7 7 10 
581.2 ; 0.0001017 ; True ; 20 77 78 110 168 254 303 341 374 420 480 513 546 578 594 664 669 689  ; 8 1 7 9 7 9 10 9 7 9 
602.6 ; 0.0001023 ; True ; 3 20 78 110 182 254 303 341 374 420 448 480 513 546 578 594 664 669 689  ; 8 1 7 9 7 10 10 7 8 9 
614.2 ; 0.0001025 ; True ; 20 78 112 168 254 303 307 341 374 420 480 515 538 546 578 594 664 669 689  ; 8 1 8 10 8 7 11 8 7 9 
615.4 ; 0.0001031 ; True ; 20 78 110 168 185 254 303 341 374 392 420 480 515 546 578 594 664 669 689  ; 9 1 7 9 7 8 11 8 8 9 
625.6 ; 0.0001054 ; True ; 20 78 110 182 200 202 303 341 374 420 480 546 578 582 593 594 664 669 689  ; 7 1 7 9 7 10 10 8 8 9 
628.5 ; 0.0001072 ; True ; 20 78 87 97 110 168 254 303 341 374 420 480 513 546 578 594 664 669 689  ; 9 1 7 9 7 9 10 9 7 10 
639.8 ; 0.0001081 ; True ; 20 78 110 168 202 303 341 374 380 420 480 513 538 546 578 594 664 669 689  ; 8 1 8 9 8 8 11 9 6 10 
648.2 ; 0.0001126 ; True ; 20 78 168 202 241 254 303 307 341 374 420 480 546 578 593 594 664 669 689  ; 8 1 7 9 8 10 11 8 7 10 
665.2 ; 0.0001131 ; True ; 20 78 168 182 254 303 341 374 420 480 513 546 578 593 594 641 664 669 689  ; 9 1 7 7 7 10 9 8 9 9 
672.5 ; 0.0001154 ; True ; 20 56 88 168 202 303 307 341 374 377 420 480 546 578 593 594 664 669 689  ; 7 1 7 7 8 9 11 9 8 10 
687.5 ; 0.0001156 ; True ; 20 88 168 202 254 303 307 325 341 374 420 480 513 546 576 578 594 664 669 689  ; 8 1 7 9 8 9 11 8 8 10 
688.7 ; 0.0001178 ; True ; 20 78 168 194 202 254 303 307 341 374 420 480 513 515 546 578 594 664 669 689  ; 8 1 7 9 8 9 12 8 8 10 
692 ; 0.0001243 ; True ; 3 20 78 110 202 254 303 341 374 380 420 463 480 513 515 546 578 594 664 669 689  ; 9 1 7 9 8 10 11 8 8 10 
758 ; 0.0001272 ; True ; 20 56 81 88 110 168 303 307 341 374 377 420 480 546 578 593 594 664 669 689  ; 9 1 7 8 7 9 12 10 8 11 
831.3 ; 0.0001288 ; True ; 20 78 111 168 254 303 307 315 341 374 387 420 480 513 546 578 594 664 669 679 689  ; 9 1 7 9 9 9 10 10 8 9 


RUN 6:
Optimum Distance: 11.84
Optimal Team: 20,303,546,
Required Skills: 0 1 4 9 10 14 16 18 23 24 
Distance; Skill Score; isValid; Team; Skill Counts
11.84 ; 3.505e-10 ; True ; 20 303 546  ; 1 1 1 2 1 1 1 1 1 1 
12.82 ; 3.942e-10 ; True ; 303 374 420  ; 1 1 1 1 1 1 2 1 1 1 
15.84 ; 7.25e-10 ; True ; 168 303 420  ; 1 1 1 1 1 1 2 2 1 1 
16.79 ; 1.223e-09 ; True ; 110 303 341 689  ; 2 1 1 1 1 1 2 1 1 2 
18.64 ; 1.264e-09 ; True ; 301 303 341 546  ; 2 1 1 1 1 2 1 1 1 2 
18.71 ; 2.494e-09 ; True ; 20 303 448 546  ; 1 1 1 3 2 1 2 1 1 2 
19.54 ; 4.637e-09 ; True ; 20 202 303 546  ; 1 1 1 3 2 2 2 1 1 2 
20.63 ; 5.08e-09 ; True ; 303 480 546 594  ; 2 1 1 2 1 3 2 1 1 2 
20.64 ; 8.054e-09 ; True ; 20 303 546 594  ; 2 1 1 3 2 2 2 1 1 2 
23.46 ; 8.911e-09 ; True ; 303 374 420 594  ; 2 1 1 2 2 2 3 1 1 2 
26.61 ; 9.464e-09 ; True ; 20 142 303 448 546  ; 1 1 1 4 2 2 2 2 1 2 
27.31 ; 1.278e-08 ; True ; 20 202 303 448 546  ; 1 1 1 4 3 2 3 1 1 3 
28.35 ; 1.322e-08 ; True ; 20 142 202 303 546  ; 1 1 1 4 2 3 2 2 1 2 
28.4 ; 1.468e-08 ; True ; 202 303 374 448 546  ; 2 1 1 3 2 2 3 1 1 3 
28.46 ; 2.236e-08 ; True ; 20 202 303 546 578  ; 1 1 2 3 3 2 3 1 1 3 
29.53 ; 2.297e-08 ; True ; 20 142 303 546 594  ; 2 1 1 4 2 3 2 2 1 2 
30.15 ; 2.329e-08 ; True ; 20 202 254 303 546  ; 2 1 1 4 2 3 2 1 2 2 
30.26 ; 2.853e-08 ; True ; 20 202 303 374 546  ; 2 1 2 3 2 2 3 1 1 3 
30.27 ; 3.101e-08 ; True ; 20 202 303 546 594  ; 2 1 1 4 3 3 3 1 1 3 
30.57 ; 3.884e-08 ; True ; 20 303 546 578 594  ; 2 1 2 3 3 2 3 1 1 3 
31.32 ; 3.985e-08 ; True ; 20 303 480 546 594  ; 2 1 2 3 2 3 3 1 1 3 
33.34 ; 5.312e-08 ; True ; 303 341 420 480 664  ; 2 1 1 2 2 4 3 2 2 2 
34.28 ; 5.366e-08 ; True ; 20 303 546 578 664  ; 2 1 2 3 2 2 2 2 2 2 
35.25 ; 5.847e-08 ; True ; 20 303 420 480 664  ; 1 1 2 3 2 3 3 2 2 2 
35.87 ; 6.505e-08 ; True ; 303 420 480 594 664  ; 2 1 1 3 2 4 3 2 2 2 
36.27 ; 7.27e-08 ; True ; 20 303 374 420 664  ; 2 1 2 3 2 2 3 2 2 2 
37.21 ; 7.901e-08 ; True ; 20 303 420 546 594  ; 2 1 1 4 3 3 3 2 2 2 
40.05 ; 8.134e-08 ; True ; 20 142 202 303 374 546  ; 2 1 2 4 2 3 3 2 1 3 
40.25 ; 8.32e-08 ; True ; 20 142 254 303 546 578  ; 2 1 2 4 2 3 2 2 2 2 
41.07 ; 9.784e-08 ; True ; 20 202 303 374 515 546  ; 2 1 2 3 2 2 3 2 2 3 
41.18 ; 1.063e-07 ; True ; 20 202 303 546 578 594  ; 2 1 2 4 4 3 4 1 1 4 
41.29 ; 1.068e-07 ; True ; 20 142 303 374 546 594  ; 3 1 2 4 2 3 3 2 1 3 
41.41 ; 1.108e-07 ; True ; 20 142 303 546 578 594  ; 2 1 2 4 3 3 3 2 1 3 
41.89 ; 1.123e-07 ; True ; 20 202 254 303 546 578  ; 2 1 2 4 3 3 3 1 2 3 
42.15 ; 1.367e-07 ; True ; 20 303 480 515 546 594  ; 2 1 2 3 2 3 3 2 2 3 
43.17 ; 1.475e-07 ; True ; 20 254 303 546 578 594  ; 3 1 2 4 3 3 3 1 2 3 
44.35 ; 1.861e-07 ; True ; 20 303 513 546 578 594  ; 2 1 2 3 3 3 3 2 2 3 
45.76 ; 2.066e-07 ; True ; 20 202 303 546 578 664  ; 2 1 2 4 3 3 3 2 2 3 
48.07 ; 2.205e-07 ; True ; 303 341 374 420 480 664  ; 3 1 2 2 2 4 4 2 2 3 
48.51 ; 2.478e-07 ; True ; 20 303 480 546 594 664  ; 3 1 2 4 2 4 3 2 2 3 
48.69 ; 2.712e-07 ; True ; 20 303 546 578 594 664  ; 3 1 2 4 3 3 3 2 2 3 
50.82 ; 2.8e-07 ; True ; 20 303 341 420 480 664  ; 2 1 2 3 3 4 4 2 2 3 
50.86 ; 3.108e-07 ; True ; 20 303 420 480 546 594  ; 2 1 2 4 3 4 4 2 2 3 
50.97 ; 3.279e-07 ; True ; 20 303 374 420 546 594  ; 3 1 2 4 3 3 4 2 2 3 
54.91 ; 3.801e-07 ; True ; 20 303 374 480 515 546 594  ; 3 1 3 3 2 3 4 2 2 4 
55.75 ; 3.941e-07 ; True ; 20 202 303 374 515 546 594  ; 3 1 2 4 3 3 4 2 2 4 
56.93 ; 3.942e-07 ; True ; 20 303 480 515 546 578 594  ; 2 1 3 3 3 3 4 2 2 4 
57.89 ; 4.538e-07 ; True ; 20 202 303 513 546 578 594  ; 2 1 2 4 4 4 4 2 2 4 
59.64 ; 4.904e-07 ; True ; 20 202 303 374 513 546 594  ; 3 1 2 4 3 4 4 2 2 4 
59.98 ; 4.905e-07 ; True ; 20 303 480 513 546 578 594  ; 2 1 3 3 3 4 4 2 2 4 
60.05 ; 5.175e-07 ; True ; 20 303 374 513 546 578 594  ; 3 1 3 3 3 3 4 2 2 4 
60.37 ; 5.444e-07 ; True ; 20 202 303 480 546 578 664  ; 2 1 3 4 3 4 4 2 2 4 
61.32 ; 5.744e-07 ; True ; 20 202 303 374 546 578 664  ; 3 1 3 4 3 3 4 2 2 4 
62.1 ; 6.311e-07 ; True ; 20 202 303 546 578 594 664  ; 3 1 2 5 4 4 4 2 2 4 
63.32 ; 7.146e-07 ; True ; 20 303 480 546 578 594 664  ; 3 1 3 4 3 4 4 2 2 4 
65.6 ; 8.134e-07 ; True ; 20 303 374 420 480 546 594  ; 3 1 3 4 3 4 5 2 2 4 
67.57 ; 8.46e-07 ; True ; 20 303 374 420 480 546 664  ; 3 1 3 4 2 4 4 3 3 3 
68.67 ; 8.775e-07 ; True ; 20 303 420 480 546 578 664  ; 2 1 3 4 3 4 4 3 3 3 
69.71 ; 9.259e-07 ; True ; 20 303 374 420 546 578 664  ; 3 1 3 4 3 3 4 3 3 3 
70.04 ; 9.786e-07 ; True ; 20 303 420 480 546 594 664  ; 3 1 2 5 3 5 4 3 3 3 
71.05 ; 9.844e-07 ; True ; 20 303 374 420 546 594 664  ; 4 1 2 5 3 4 4 3 3 3 
71.22 ; 1.017e-06 ; True ; 20 303 420 546 578 594 664  ; 3 1 2 5 4 4 4 3 3 3 
75.5 ; 1.119e-06 ; True ; 20 202 303 374 513 546 578 594  ; 3 1 3 4 4 4 5 2 2 5 
76.92 ; 1.193e-06 ; True ; 20 202 303 374 480 546 578 664  ; 3 1 4 4 3 4 5 2 2 5 
77.92 ; 1.195e-06 ; True ; 20 303 374 480 515 546 594 664  ; 4 1 3 4 2 4 4 3 3 4 
78.07 ; 1.223e-06 ; True ; 20 142 303 480 546 578 594 664  ; 3 1 3 5 3 5 4 3 2 4 
78.7 ; 1.385e-06 ; True ; 20 202 303 480 546 578 594 664  ; 3 1 3 5 4 5 5 2 2 5 
79.63 ; 1.393e-06 ; True ; 20 202 303 374 546 578 594 664  ; 4 1 3 5 4 4 5 2 2 5 
79.94 ; 1.403e-06 ; True ; 20 303 374 480 546 578 594 664  ; 4 1 4 4 3 4 5 2 2 5 
81.32 ; 1.415e-06 ; True ; 20 107 303 374 420 480 546 594  ; 3 1 3 4 3 4 6 2 3 5 
81.33 ; 1.576e-06 ; True ; 20 303 374 420 480 515 546 594  ; 3 1 3 4 3 4 5 3 3 4 
82.07 ; 1.659e-06 ; True ; 20 254 303 374 420 480 546 594  ; 4 1 3 5 3 5 5 2 3 4 
84.13 ; 1.714e-06 ; True ; 20 254 303 420 480 546 578 594  ; 3 1 3 5 4 5 5 2 3 4 
84.25 ; 1.724e-06 ; True ; 20 254 303 374 420 546 578 594  ; 4 1 3 5 4 4 5 2 3 4 
85.88 ; 1.951e-06 ; True ; 20 202 303 374 420 480 546 664  ; 3 1 3 5 3 5 5 3 3 4 
86.3 ; 2.042e-06 ; True ; 20 303 374 420 480 546 578 664  ; 3 1 4 4 3 4 5 3 3 4 
87.68 ; 2.294e-06 ; True ; 20 303 374 420 480 546 594 664  ; 4 1 3 5 3 5 5 3 3 4 
88.8 ; 2.37e-06 ; True ; 20 303 420 480 546 578 594 664  ; 3 1 3 5 4 5 5 3 3 4 
89.82 ; 2.384e-06 ; True ; 20 303 374 420 546 578 594 664  ; 4 1 3 5 4 4 5 3 3 4 
95.67 ; 2.401e-06 ; True ; 20 142 303 374 480 546 578 594 664  ; 4 1 4 5 3 5 5 3 2 5 
96.19 ; 2.596e-06 ; True ; 20 202 303 374 480 515 546 594 664  ; 4 1 3 5 3 5 5 3 3 5 
97.31 ; 2.683e-06 ; True ; 20 202 303 480 515 546 578 594 664  ; 3 1 3 5 4 5 5 3 3 5 
97.57 ; 2.718e-06 ; True ; 20 303 374 480 515 546 578 594 664  ; 4 1 4 4 3 4 5 3 3 5 
99.62 ; 2.862e-06 ; True ; 20 254 303 374 420 480 515 546 594  ; 4 1 3 5 3 5 5 3 4 4 
100.7 ; 2.943e-06 ; True ; 20 202 303 374 420 480 515 546 594  ; 3 1 3 5 4 5 6 3 3 5 
102 ; 3.081e-06 ; True ; 20 303 374 420 480 515 546 578 594  ; 3 1 4 4 4 4 6 3 3 5 
102.7 ; 3.242e-06 ; True ; 20 254 303 374 420 480 546 578 594  ; 4 1 4 5 4 5 6 2 3 5 
103.9 ; 3.264e-06 ; True ; 20 303 374 420 448 480 546 578 664  ; 3 1 4 5 4 4 6 3 3 5 
104.5 ; 3.364e-06 ; True ; 20 142 254 303 374 480 515 546 578 594  ; 4 1 4 5 3 5 5 3 3 5 
105.6 ; 3.814e-06 ; True ; 20 202 303 374 420 480 546 578 664  ; 3 1 4 5 4 5 6 3 3 5 
107.9 ; 4.02e-06 ; True ; 20 202 303 374 420 480 546 594 664  ; 4 1 3 6 4 6 6 3 3 5 
108.4 ; 4.484e-06 ; True ; 20 303 374 420 480 546 578 594 664  ; 4 1 4 5 4 5 6 3 3 5 
116.8 ; 4.895e-06 ; True ; 20 202 303 374 480 515 546 578 594 664  ; 4 1 4 5 4 5 6 3 3 6 
120.4 ; 5.209e-06 ; True ; 20 142 254 303 374 420 480 546 578 594  ; 4 1 4 6 4 6 6 3 3 5 
123.1 ; 5.594e-06 ; True ; 20 254 303 374 420 480 515 546 578 594  ; 4 1 4 5 4 5 6 3 4 5 
125.7 ; 5.686e-06 ; True ; 20 142 202 254 303 374 480 515 546 578 594  ; 4 1 4 6 4 6 6 3 3 6 
127 ; 5.782e-06 ; True ; 20 254 303 374 420 448 480 546 578 664  ; 4 1 4 6 4 5 6 3 4 5 
127.1 ; 5.864e-06 ; True ; 20 202 303 374 420 480 515 546 578 664  ; 3 1 4 5 4 5 6 4 4 5 
128 ; 6.191e-06 ; True ; 20 303 374 420 448 480 546 578 594 664  ; 4 1 4 6 5 5 7 3 3 6 
128 ; 6.419e-06 ; True ; 20 142 303 374 420 480 546 578 594 664  ; 4 1 4 6 4 6 6 4 3 5 
129 ; 6.538e-06 ; True ; 20 107 303 374 420 480 546 578 594 664  ; 4 1 4 5 4 5 7 3 4 6 
129.6 ; 6.959e-06 ; True ; 20 202 303 374 420 480 546 578 594 664  ; 4 1 4 6 5 6 7 3 3 6 
131.5 ; 7.214e-06 ; True ; 20 254 303 374 420 480 546 578 594 664  ; 5 1 4 6 4 6 6 3 4 5 
137.5 ; 7.748e-06 ; True ; 20 303 374 420 480 513 546 578 594 664  ; 4 1 4 5 4 6 6 4 4 5 
141.6 ; 7.875e-06 ; True ; 20 202 254 303 374 480 515 546 578 594 664  ; 5 1 4 6 4 6 6 3 4 6 
141.8 ; 8.008e-06 ; True ; 20 142 254 303 374 420 480 515 546 578 594  ; 4 1 4 6 4 6 6 4 4 5 
146.1 ; 8.029e-06 ; True ; 20 142 254 303 374 420 480 546 578 594 658  ; 5 1 4 7 4 6 6 3 4 6 
146.3 ; 8.682e-06 ; True ; 20 202 254 303 374 420 480 515 546 578 594  ; 4 1 4 6 5 6 7 3 4 6 
148.6 ; 8.742e-06 ; True ; 20 142 303 374 420 448 480 546 578 594 664  ; 4 1 4 7 5 6 7 4 3 6 
149.6 ; 8.742e-06 ; True ; 20 142 199 303 374 420 480 546 578 594 664  ; 4 1 4 6 4 6 6 4 4 6 
149.6 ; 9.36e-06 ; True ; 20 107 142 303 374 420 480 546 578 594 664  ; 4 1 4 6 4 6 7 4 4 6 
151.2 ; 9.571e-06 ; True ; 20 142 202 303 374 420 480 546 578 594 664  ; 4 1 4 7 5 7 7 4 3 6 
152.1 ; 9.922e-06 ; True ; 20 142 254 303 374 420 480 546 578 594 664  ; 5 1 4 7 4 7 6 4 4 5 
153.1 ; 1.07e-05 ; True ; 20 202 303 374 420 480 515 546 578 594 664  ; 4 1 4 6 5 6 7 4 4 6 
155.5 ; 1.076e-05 ; True ; 20 202 254 303 374 420 480 546 578 594 664  ; 5 1 4 7 5 7 7 3 4 6 
161.2 ; 1.083e-05 ; True ; 20 142 202 254 303 374 480 515 546 578 594 664  ; 5 1 4 7 4 7 6 4 4 6 
161.6 ; 1.171e-05 ; True ; 20 202 303 374 420 480 513 546 578 594 664  ; 4 1 4 6 5 7 7 4 4 6 
169.1 ; 1.178e-05 ; True ; 20 88 202 303 374 420 480 546 578 594 664  ; 4 1 4 6 6 6 7 4 4 6 
170.8 ; 1.191e-05 ; True ; 20 88 254 303 374 420 480 546 578 594 664  ; 5 1 4 6 5 6 6 4 5 5 
171.7 ; 1.258e-05 ; True ; 20 303 341 374 420 480 513 546 578 594 664  ; 5 1 4 5 5 7 7 4 4 6 
173.1 ; 1.27e-05 ; True ; 20 107 142 303 374 420 480 515 546 578 594 664  ; 4 1 4 6 4 6 7 5 5 6 
174.6 ; 1.273e-05 ; True ; 20 142 199 202 303 374 420 480 546 578 594 664  ; 4 1 4 7 5 7 7 4 4 7 
174.6 ; 1.287e-05 ; True ; 20 119 142 202 303 374 420 480 546 578 594 664  ; 4 1 4 8 5 7 7 4 4 7 
175.5 ; 1.348e-05 ; True ; 20 202 303 374 420 448 480 515 546 578 594 664  ; 4 1 4 7 6 6 8 4 4 7 
175.6 ; 1.359e-05 ; True ; 20 107 142 254 303 374 420 480 546 578 594 664  ; 5 1 4 7 4 7 7 4 5 6 
175.6 ; 1.383e-05 ; True ; 20 142 202 303 374 420 480 515 546 578 594 664  ; 4 1 4 7 5 7 7 5 4 6 
176.6 ; 1.407e-05 ; True ; 20 107 202 303 374 420 480 515 546 578 594 664  ; 4 1 4 6 5 6 8 4 5 7 
178.1 ; 1.44e-05 ; True ; 20 142 202 254 303 374 420 480 546 578 594 664  ; 5 1 4 8 5 8 7 4 4 6 
180.8 ; 1.553e-05 ; True ; 20 202 254 303 374 420 480 515 546 578 594 664  ; 5 1 4 7 5 7 7 4 5 6 
188.4 ; 1.607e-05 ; True ; 20 202 303 341 374 420 480 515 546 578 594 664  ; 5 1 4 6 6 7 8 4 4 7 
190.1 ; 1.635e-05 ; True ; 20 254 303 341 374 420 480 515 546 578 594 664  ; 6 1 4 6 5 7 7 4 5 6 
190.5 ; 1.669e-05 ; True ; 20 202 254 303 374 420 480 513 546 578 594 664  ; 5 1 4 7 5 8 7 4 5 6 
198.8 ; 1.71e-05 ; True ; 20 88 202 254 303 374 420 480 546 578 594 664  ; 5 1 4 7 6 7 7 4 5 6 
198.9 ; 1.726e-05 ; True ; 20 202 303 341 374 420 480 513 546 578 594 664  ; 5 1 4 6 6 8 8 4 4 7 
199 ; 1.729e-05 ; True ; 20 142 202 303 374 420 448 480 515 546 578 594 664  ; 4 1 4 8 6 7 8 5 4 7 
200.7 ; 1.756e-05 ; True ; 20 254 303 341 374 420 480 513 546 578 594 664  ; 6 1 4 6 5 8 7 4 5 6 
203.7 ; 1.763e-05 ; True ; 11 20 107 142 254 303 374 420 480 546 578 594 664  ; 5 1 4 8 5 7 8 4 5 7 
204.3 ; 1.955e-05 ; True ; 20 142 202 254 303 374 420 480 515 546 578 594 664  ; 5 1 4 8 5 8 7 5 5 6 
210.3 ; 1.98e-05 ; True ; 20 107 142 303 341 374 420 480 515 546 578 594 664  ; 5 1 4 6 5 7 8 5 5 7 
212.8 ; 2.051e-05 ; True ; 20 142 202 254 303 374 420 480 546 578 594 664 689  ; 5 1 5 8 5 8 7 4 5 6 
213.7 ; 2.074e-05 ; True ; 20 142 254 303 341 374 420 480 515 546 578 594 664  ; 6 1 4 7 5 8 7 5 5 6 
215.9 ; 2.086e-05 ; True ; 20 202 254 303 374 420 448 480 513 546 578 594 664  ; 5 1 4 8 6 8 8 4 5 7 
216.4 ; 2.126e-05 ; True ; 20 202 254 303 374 420 480 515 546 578 594 664 689  ; 5 1 5 7 5 7 7 4 6 6 
219.1 ; 2.213e-05 ; True ; 20 202 254 303 341 374 420 480 515 546 578 594 664  ; 6 1 4 7 6 8 8 4 5 7 
224.8 ; 2.238e-05 ; True ; 20 254 303 341 374 420 480 515 546 578 594 664 689  ; 6 1 5 6 5 7 7 4 6 6 
226 ; 2.288e-05 ; True ; 20 202 303 341 374 420 480 515 546 578 594 664 689  ; 5 1 5 6 6 7 8 4 5 7 
227.3 ; 2.299e-05 ; True ; 20 110 202 254 303 374 420 480 546 578 594 664 689  ; 6 1 5 8 5 7 8 4 5 7 
230.7 ; 2.344e-05 ; True ; 20 202 254 303 341 374 420 480 513 546 578 594 664  ; 6 1 4 7 6 9 8 4 5 7 
232.5 ; 2.354e-05 ; True ; 20 110 202 254 303 374 420 480 513 546 578 594 664  ; 6 1 4 8 5 8 8 5 5 7 
232.9 ; 2.387e-05 ; True ; 20 110 254 303 341 374 420 480 546 578 594 664 689  ; 7 1 5 7 5 7 8 4 5 7 
236.4 ; 2.405e-05 ; True ; 20 254 303 341 374 420 480 513 546 578 594 664 689  ; 6 1 5 6 5 8 7 4 6 6 
237.4 ; 2.458e-05 ; True ; 20 202 303 341 374 420 480 513 546 578 594 664 689  ; 5 1 5 6 6 8 8 4 5 7 
240.8 ; 2.506e-05 ; True ; 20 142 202 254 303 341 374 420 480 515 546 578 594 689  ; 5 1 5 7 6 8 8 4 5 7 
241.9 ; 2.676e-05 ; True ; 20 142 202 254 303 374 420 480 515 546 578 594 664 689  ; 5 1 5 8 5 8 7 5 6 6 
244.6 ; 2.746e-05 ; True ; 20 142 202 254 303 341 374 420 480 515 546 578 594 664  ; 6 1 4 8 6 9 8 5 5 7 
250.4 ; 2.839e-05 ; True ; 20 142 254 303 341 374 420 480 515 546 578 594 664 689  ; 6 1 5 7 5 8 7 5 6 6 
252.4 ; 2.902e-05 ; True ; 20 142 202 303 341 374 420 480 515 546 578 594 664 689  ; 5 1 5 7 6 8 8 5 5 7 
257.6 ; 3.03e-05 ; True ; 20 202 254 303 341 374 420 480 515 546 578 594 664 689  ; 6 1 5 7 6 8 8 4 6 7 
264.8 ; 3.115e-05 ; True ; 20 110 254 303 341 374 420 480 515 546 578 594 664 689  ; 7 1 5 7 5 7 8 5 6 7 
267.5 ; 3.115e-05 ; True ; 20 110 202 254 303 341 374 420 480 546 578 594 664 689  ; 7 1 5 8 6 8 9 4 5 8 
270.2 ; 3.21e-05 ; True ; 20 202 254 303 341 374 420 480 513 546 578 594 664 689  ; 6 1 5 7 6 9 8 4 6 7 
277.3 ; 3.228e-05 ; True ; 0 20 88 254 303 341 374 420 480 546 578 594 664 689  ; 6 1 6 6 6 7 8 4 6 7 
277.7 ; 3.255e-05 ; True ; 20 88 202 254 303 341 374 420 480 546 578 594 664 689  ; 6 1 5 7 7 8 8 4 6 7 
281.1 ; 3.266e-05 ; True ; 20 110 303 341 374 420 480 513 546 578 594 658 664 689  ; 7 1 5 7 5 7 8 5 6 8 
283.9 ; 3.287e-05 ; True ; 20 88 202 254 303 341 374 420 480 513 546 578 594 664  ; 6 1 4 7 7 9 8 5 6 7 
285 ; 3.43e-05 ; True ; 20 88 110 254 303 341 374 420 480 546 578 594 664 689  ; 7 1 5 7 6 7 8 5 6 7 
285.2 ; 3.549e-05 ; True ; 11 20 142 254 303 341 374 420 480 515 546 578 594 664 689  ; 6 1 5 8 6 8 8 5 6 7 
294.1 ; 3.604e-05 ; True ; 20 88 142 202 254 303 374 420 480 515 546 578 594 664 689  ; 5 1 5 8 6 8 7 6 7 6 
296.3 ; 3.829e-05 ; True ; 20 110 142 202 303 341 374 420 480 515 546 578 594 664 689  ; 6 1 5 8 6 8 9 6 5 8 
302.8 ; 3.889e-05 ; True ; 20 88 142 254 303 341 374 420 480 502 546 578 594 664 689  ; 6 1 6 7 6 8 7 5 6 7 
303.4 ; 3.943e-05 ; True ; 20 142 202 303 341 374 420 480 513 546 578 594 658 664 689  ; 6 1 5 8 6 9 8 5 6 8 
307.2 ; 4.085e-05 ; True ; 0 20 202 254 303 341 374 420 480 513 546 578 594 664 689  ; 6 1 6 7 6 9 9 4 6 8 
311.3 ; 4.102e-05 ; True ; 0 20 88 254 303 341 374 420 480 515 546 578 594 664 689  ; 6 1 6 6 6 7 8 5 7 7 
311.8 ; 4.137e-05 ; True ; 20 88 202 254 303 341 374 420 480 515 546 578 594 664 689  ; 6 1 5 7 7 8 8 5 7 7 
320.4 ; 4.184e-05 ; True ; 20 78 202 254 303 341 374 420 480 515 546 578 594 664 689  ; 6 1 5 8 7 8 8 5 7 7 
324.9 ; 4.318e-05 ; True ; 0 20 112 202 254 303 341 374 420 480 515 546 578 594 664 689  ; 6 1 6 8 7 8 10 4 6 8 
326.4 ; 4.383e-05 ; True ; 20 88 202 254 303 341 374 420 480 513 546 578 594 664 689  ; 6 1 5 7 7 9 8 5 7 7 
326.7 ; 4.407e-05 ; True ; 0 20 88 254 303 341 374 420 480 513 546 578 594 664 689  ; 6 1 6 6 6 8 8 5 7 7 
330.9 ; 4.833e-05 ; True ; 20 110 142 202 254 303 341 374 420 480 515 546 578 594 664 689  ; 7 1 5 9 6 9 9 6 6 8 
356 ; 4.855e-05 ; True ; 20 88 202 254 303 341 374 420 480 513 546 578 594 664 669  ; 6 1 5 7 7 9 9 6 6 8 
356.1 ; 4.969e-05 ; True ; 20 168 202 254 303 341 374 420 480 513 546 578 594 664 689  ; 7 1 6 7 6 9 9 5 6 8 
358.8 ; 5.179e-05 ; True ; 20 88 142 202 254 303 341 374 420 480 513 546 578 594 664 689  ; 6 1 5 8 7 10 8 6 7 7 
367.4 ; 5.264e-05 ; True ; 0 11 20 88 254 303 341 374 420 480 513 546 578 594 664 689  ; 6 1 6 7 7 8 9 5 7 8 
374.9 ; 5.38e-05 ; True ; 20 88 202 254 303 341 374 420 480 515 546 578 594 623 664 689  ; 6 1 6 7 7 8 8 6 7 7 
379.6 ; 5.44e-05 ; True ; 20 88 142 254 303 341 374 420 480 515 546 578 594 664 669 689  ; 6 1 6 7 6 8 8 7 7 7 
383.6 ; 5.441e-05 ; True ; 20 78 202 254 303 341 374 420 480 515 546 578 594 623 664 689  ; 6 1 6 8 7 8 8 6 7 7 
384.3 ; 5.73e-05 ; True ; 20 88 142 202 254 303 341 374 420 480 546 578 594 664 669 689  ; 6 1 6 8 7 9 9 6 6 8 
392.9 ; 5.769e-05 ; True ; 20 78 142 202 254 303 341 374 420 480 546 578 594 664 669 689  ; 6 1 6 9 7 9 9 6 6 8 
397.7 ; 5.872e-05 ; True ; 20 97 202 303 341 374 420 480 513 546 578 594 658 664 669 689  ; 6 1 6 7 7 9 9 6 6 9 
398.8 ; 5.969e-05 ; True ; 20 88 142 202 254 303 341 371 374 420 480 513 546 578 594 664 689  ; 7 1 5 9 7 11 8 6 7 8 
416.5 ; 6.337e-05 ; True ; 20 168 202 254 303 341 374 420 480 515 546 578 594 664 669 689  ; 7 1 7 7 6 8 10 6 6 9 
417.2 ; 6.529e-05 ; True ; 20 88 168 202 254 303 341 374 420 480 513 546 578 594 664 689  ; 7 1 6 7 7 9 9 6 7 8 
425.9 ; 6.603e-05 ; True ; 20 78 168 202 254 303 341 374 420 480 513 546 578 594 664 689  ; 7 1 6 8 7 9 9 6 7 8 
429.2 ; 6.714e-05 ; True ; 20 168 202 254 303 341 374 420 480 513 546 578 594 664 669 689  ; 7 1 7 7 6 9 10 6 6 9 
435.8 ; 6.808e-05 ; True ; 20 88 168 202 254 303 341 374 420 480 546 578 594 664 669 689  ; 7 1 7 7 7 8 10 6 6 9 
443.4 ; 6.843e-05 ; True ; 20 88 112 202 254 303 341 374 420 480 513 546 578 594 664 669 689  ; 6 1 6 8 8 9 10 6 7 8 
443.5 ; 6.886e-05 ; True ; 20 78 168 202 254 303 341 374 420 480 546 578 594 664 669 689  ; 7 1 7 8 7 8 10 6 6 9 
447.7 ; 6.907e-05 ; True ; 20 88 168 202 303 341 374 420 480 513 546 578 594 664 669 689  ; 6 1 7 6 7 8 10 7 6 9 
455.4 ; 7.042e-05 ; True ; 20 78 168 202 303 341 374 420 480 513 546 578 594 664 669 689  ; 6 1 7 7 7 8 10 7 6 9 
467 ; 7.054e-05 ; True ; 20 78 202 254 303 341 374 420 480 513 546 578 594 633 664 669 689  ; 7 1 6 8 7 9 10 6 7 9 
476 ; 7.085e-05 ; True ; 20 78 168 202 254 303 341 374 420 480 513 529 546 578 594 664 689  ; 8 1 6 8 7 9 9 6 7 9 
476.5 ; 7.553e-05 ; True ; 20 54 168 202 254 303 341 374 420 480 515 546 578 594 664 669 689  ; 7 1 7 7 6 8 10 7 7 9 
477.3 ; 7.556e-05 ; True ; 20 88 168 185 254 303 341 374 420 448 480 546 578 594 664 669 689  ; 7 1 7 8 7 8 10 6 7 9 
480.1 ; 7.672e-05 ; True ; 20 168 202 254 301 303 341 374 420 480 513 546 578 594 664 669 689  ; 7 1 8 7 6 9 10 6 6 10 
488.1 ; 8.212e-05 ; True ; 20 88 142 185 202 254 303 341 374 420 480 538 546 578 594 664 669 689  ; 6 1 7 10 7 10 9 7 7 8 
495.3 ; 8.597e-05 ; True ; 20 88 168 202 254 303 341 374 420 480 513 546 578 594 664 669 689  ; 7 1 7 7 7 9 10 7 7 9 
509.6 ; 8.667e-05 ; True ; 20 78 88 168 202 254 303 341 374 420 480 546 578 594 664 669 689  ; 7 1 7 8 8 8 10 7 7 9 
526.5 ; 8.732e-05 ; True ; 20 78 168 202 303 341 374 420 480 513 546 578 593 594 664 669 689  ; 6 1 7 7 7 9 10 8 7 9 
529.6 ; 8.755e-05 ; True ; 20 88 119 168 202 254 303 341 371 374 420 480 546 578 594 664 669 689  ; 8 1 7 9 7 9 10 6 7 11 
543.8 ; 9.046e-05 ; True ; 20 54 168 202 254 303 341 374 414 420 480 513 546 578 594 664 669 689  ; 7 1 7 7 7 9 11 7 7 10 
549.9 ; 9.221e-05 ; True ; 20 78 142 202 254 303 341 374 420 480 481 513 538 546 578 582 594 664 689  ; 7 1 7 11 7 10 9 8 7 8 
564 ; 9.399e-05 ; True ; 20 88 168 202 254 303 341 374 420 480 513 546 578 587 594 664 669 689  ; 8 1 7 7 8 9 10 7 7 9 
568.7 ; 9.769e-05 ; True ; 20 88 168 177 202 254 303 341 374 420 480 513 546 578 594 664 669 689  ; 8 1 7 8 8 9 10 7 7 10 
573 ; 9.951e-05 ; True ; 20 88 168 202 254 267 303 341 374 420 480 513 546 578 594 664 669 689  ; 8 1 7 7 7 10 10 8 7 9 
585.3 ; 9.986e-05 ; True ; 20 78 168 202 254 265 303 341 374 420 480 513 546 578 594 664 669 689  ; 7 1 7 8 7 9 10 8 8 9 
605.3 ; 0.0001002 ; True ; 20 88 138 168 202 254 303 341 367 374 420 480 513 546 578 594 664 669 689  ; 7 1 8 7 7 10 10 7 7 9 
629.9 ; 0.0001123 ; True ; 20 88 110 168 202 254 303 341 374 420 421 480 513 546 578 594 664 669 689  ; 8 1 8 8 7 9 11 8 7 10 
633.6 ; 0.0001157 ; True ; 0 20 88 113 168 202 254 303 341 374 420 480 513 546 578 594 664 669 689  ; 7 1 8 8 8 9 11 7 8 10 
719.5 ; 0.0001205 ; True ; 20 88 142 168 202 225 254 303 341 374 420 480 513 546 578 594 664 669 686 689  ; 7 1 8 10 7 10 11 8 8 9 
731.1 ; 0.0001274 ; True ; 20 78 168 202 254 303 341 374 390 420 480 546 578 585 593 594 623 664 669 689  ; 8 1 8 9 7 10 11 9 7 11 
752.4 ; 0.000135 ; True ; 3 20 88 119 168 254 259 303 335 341 374 390 420 480 515 546 578 594 664 669 689  ; 9 1 8 9 8 10 10 8 8 10  


RUN 7:
Optimum Distance: 11.84
Optimal Team: 20,303,546,
Required Skills: 0 1 4 9 10 14 16 18 23 24 
Distance; Skill Score; isValid; Team; Skill Counts
11.84 ; 3.505e-10 ; True ; 20 303 546  ; 1 1 1 2 1 1 1 1 1 1 
12.82 ; 3.942e-10 ; True ; 303 374 420  ; 1 1 1 1 1 1 2 1 1 1 
15.84 ; 7.25e-10 ; True ; 168 303 420  ; 1 1 1 1 1 1 2 2 1 1 
18.65 ; 7.979e-10 ; True ; 20 142 254 303  ; 1 1 1 3 1 2 1 1 1 1 
18.71 ; 2.494e-09 ; True ; 20 303 448 546  ; 1 1 1 3 2 1 2 1 1 2 
19.54 ; 4.637e-09 ; True ; 20 202 303 546  ; 1 1 1 3 2 2 2 1 1 2 
20.63 ; 5.08e-09 ; True ; 303 480 546 594  ; 2 1 1 2 1 3 2 1 1 2 
20.64 ; 8.054e-09 ; True ; 20 303 546 594  ; 2 1 1 3 2 2 2 1 1 2 
23.46 ; 8.911e-09 ; True ; 303 374 420 594  ; 2 1 1 2 2 2 3 1 1 2 
26.61 ; 9.464e-09 ; True ; 20 142 303 448 546  ; 1 1 1 4 2 2 2 2 1 2 
27.31 ; 1.278e-08 ; True ; 20 202 303 448 546  ; 1 1 1 4 3 2 3 1 1 3 
28.35 ; 1.322e-08 ; True ; 20 142 202 303 546  ; 1 1 1 4 2 3 2 2 1 2 
28.4 ; 1.468e-08 ; True ; 202 303 374 448 546  ; 2 1 1 3 2 2 3 1 1 3 
28.42 ; 1.681e-08 ; True ; 20 202 303 371 546  ; 2 1 1 4 2 3 2 1 1 3 
28.46 ; 2.236e-08 ; True ; 20 202 303 546 578  ; 1 1 2 3 3 2 3 1 1 3 
29.51 ; 2.36e-08 ; True ; 19 303 420 480 664  ; 2 1 1 2 1 3 3 2 2 2 
30.26 ; 2.853e-08 ; True ; 20 202 303 374 546  ; 2 1 2 3 2 2 3 1 1 3 
30.27 ; 3.101e-08 ; True ; 20 202 303 546 594  ; 2 1 1 4 3 3 3 1 1 3 
30.57 ; 3.884e-08 ; True ; 20 303 546 578 594  ; 2 1 2 3 3 2 3 1 1 3 
31.32 ; 3.985e-08 ; True ; 20 303 480 546 594  ; 2 1 2 3 2 3 3 1 1 3 
33.34 ; 5.312e-08 ; True ; 303 341 420 480 664  ; 2 1 1 2 2 4 3 2 2 2 
34.28 ; 5.366e-08 ; True ; 20 303 546 578 664  ; 2 1 2 3 2 2 2 2 2 2 
35.25 ; 5.847e-08 ; True ; 20 303 420 480 664  ; 1 1 2 3 2 3 3 2 2 2 
35.87 ; 6.505e-08 ; True ; 303 420 480 594 664  ; 2 1 1 3 2 4 3 2 2 2 
36.27 ; 7.27e-08 ; True ; 20 303 374 420 664  ; 2 1 2 3 2 2 3 2 2 2 
37.21 ; 7.901e-08 ; True ; 20 303 420 546 594  ; 2 1 1 4 3 3 3 2 2 2 
40.05 ; 8.134e-08 ; True ; 20 142 202 303 374 546  ; 2 1 2 4 2 3 3 2 1 3 
40.25 ; 8.32e-08 ; True ; 20 142 254 303 546 578  ; 2 1 2 4 2 3 2 2 2 2 
41.07 ; 9.784e-08 ; True ; 20 202 303 374 515 546  ; 2 1 2 3 2 2 3 2 2 3 
41.18 ; 1.063e-07 ; True ; 20 202 303 546 578 594  ; 2 1 2 4 4 3 4 1 1 4 
41.29 ; 1.068e-07 ; True ; 20 142 303 374 546 594  ; 3 1 2 4 2 3 3 2 1 3 
41.41 ; 1.108e-07 ; True ; 20 142 303 546 578 594  ; 2 1 2 4 3 3 3 2 1 3 
41.89 ; 1.123e-07 ; True ; 20 202 254 303 546 578  ; 2 1 2 4 3 3 3 1 2 3 
42.15 ; 1.367e-07 ; True ; 20 303 480 515 546 594  ; 2 1 2 3 2 3 3 2 2 3 
43.17 ; 1.475e-07 ; True ; 20 254 303 546 578 594  ; 3 1 2 4 3 3 3 1 2 3 
44.35 ; 1.861e-07 ; True ; 20 303 513 546 578 594  ; 2 1 2 3 3 3 3 2 2 3 
45.76 ; 2.066e-07 ; True ; 20 202 303 546 578 664  ; 2 1 2 4 3 3 3 2 2 3 
48.07 ; 2.205e-07 ; True ; 303 341 374 420 480 664  ; 3 1 2 2 2 4 4 2 2 3 
48.51 ; 2.478e-07 ; True ; 20 303 480 546 594 664  ; 3 1 2 4 2 4 3 2 2 3 
48.69 ; 2.712e-07 ; True ; 20 303 546 578 594 664  ; 3 1 2 4 3 3 3 2 2 3 
50.82 ; 2.8e-07 ; True ; 20 303 341 420 480 664  ; 2 1 2 3 3 4 4 2 2 3 
50.86 ; 3.108e-07 ; True ; 20 303 420 480 546 594  ; 2 1 2 4 3 4 4 2 2 3 
50.97 ; 3.279e-07 ; True ; 20 303 374 420 546 594  ; 3 1 2 4 3 3 4 2 2 3 
54.91 ; 3.801e-07 ; True ; 20 303 374 480 515 546 594  ; 3 1 3 3 2 3 4 2 2 4 
55.75 ; 3.941e-07 ; True ; 20 202 303 374 515 546 594  ; 3 1 2 4 3 3 4 2 2 4 
56.93 ; 3.942e-07 ; True ; 20 303 480 515 546 578 594  ; 2 1 3 3 3 3 4 2 2 4 
57.89 ; 4.538e-07 ; True ; 20 202 303 513 546 578 594  ; 2 1 2 4 4 4 4 2 2 4 
59.64 ; 4.904e-07 ; True ; 20 202 303 374 513 546 594  ; 3 1 2 4 3 4 4 2 2 4 
59.98 ; 4.905e-07 ; True ; 20 303 480 513 546 578 594  ; 2 1 3 3 3 4 4 2 2 4 
60.05 ; 5.175e-07 ; True ; 20 303 374 513 546 578 594  ; 3 1 3 3 3 3 4 2 2 4 
60.37 ; 5.444e-07 ; True ; 20 202 303 480 546 578 664  ; 2 1 3 4 3 4 4 2 2 4 
61.32 ; 5.744e-07 ; True ; 20 202 303 374 546 578 664  ; 3 1 3 4 3 3 4 2 2 4 
62.1 ; 6.311e-07 ; True ; 20 202 303 546 578 594 664  ; 3 1 2 5 4 4 4 2 2 4 
63.32 ; 7.146e-07 ; True ; 20 303 480 546 578 594 664  ; 3 1 3 4 3 4 4 2 2 4 
65.6 ; 8.134e-07 ; True ; 20 303 374 420 480 546 594  ; 3 1 3 4 3 4 5 2 2 4 
67.57 ; 8.46e-07 ; True ; 20 303 374 420 480 546 664  ; 3 1 3 4 2 4 4 3 3 3 
68.67 ; 8.775e-07 ; True ; 20 303 420 480 546 578 664  ; 2 1 3 4 3 4 4 3 3 3 
69.71 ; 9.259e-07 ; True ; 20 303 374 420 546 578 664  ; 3 1 3 4 3 3 4 3 3 3 
70.04 ; 9.786e-07 ; True ; 20 303 420 480 546 594 664  ; 3 1 2 5 3 5 4 3 3 3 
71.05 ; 9.844e-07 ; True ; 20 303 374 420 546 594 664  ; 4 1 2 5 3 4 4 3 3 3 
71.22 ; 1.017e-06 ; True ; 20 303 420 546 578 594 664  ; 3 1 2 5 4 4 4 3 3 3 
75.5 ; 1.119e-06 ; True ; 20 202 303 374 513 546 578 594  ; 3 1 3 4 4 4 5 2 2 5 
76.92 ; 1.193e-06 ; True ; 20 202 303 374 480 546 578 664  ; 3 1 4 4 3 4 5 2 2 5 
77.92 ; 1.195e-06 ; True ; 20 303 374 480 515 546 594 664  ; 4 1 3 4 2 4 4 3 3 4 
78.07 ; 1.223e-06 ; True ; 20 142 303 480 546 578 594 664  ; 3 1 3 5 3 5 4 3 2 4 
78.7 ; 1.385e-06 ; True ; 20 202 303 480 546 578 594 664  ; 3 1 3 5 4 5 5 2 2 5 
79.63 ; 1.393e-06 ; True ; 20 202 303 374 546 578 594 664  ; 4 1 3 5 4 4 5 2 2 5 
79.94 ; 1.403e-06 ; True ; 20 303 374 480 546 578 594 664  ; 4 1 4 4 3 4 5 2 2 5 
81.32 ; 1.415e-06 ; True ; 20 107 303 374 420 480 546 594  ; 3 1 3 4 3 4 6 2 3 5 
81.33 ; 1.576e-06 ; True ; 20 303 374 420 480 515 546 594  ; 3 1 3 4 3 4 5 3 3 4 
82.07 ; 1.659e-06 ; True ; 20 254 303 374 420 480 546 594  ; 4 1 3 5 3 5 5 2 3 4 
84.13 ; 1.714e-06 ; True ; 20 254 303 420 480 546 578 594  ; 3 1 3 5 4 5 5 2 3 4 
84.25 ; 1.724e-06 ; True ; 20 254 303 374 420 546 578 594  ; 4 1 3 5 4 4 5 2 3 4 
85.88 ; 1.951e-06 ; True ; 20 202 303 374 420 480 546 664  ; 3 1 3 5 3 5 5 3 3 4 
86.3 ; 2.042e-06 ; True ; 20 303 374 420 480 546 578 664  ; 3 1 4 4 3 4 5 3 3 4 
87.68 ; 2.294e-06 ; True ; 20 303 374 420 480 546 594 664  ; 4 1 3 5 3 5 5 3 3 4 
88.8 ; 2.37e-06 ; True ; 20 303 420 480 546 578 594 664  ; 3 1 3 5 4 5 5 3 3 4 
89.82 ; 2.384e-06 ; True ; 20 303 374 420 546 578 594 664  ; 4 1 3 5 4 4 5 3 3 4 
95.67 ; 2.401e-06 ; True ; 20 142 303 374 480 546 578 594 664  ; 4 1 4 5 3 5 5 3 2 5 
96.19 ; 2.596e-06 ; True ; 20 202 303 374 480 515 546 594 664  ; 4 1 3 5 3 5 5 3 3 5 
97.31 ; 2.683e-06 ; True ; 20 202 303 480 515 546 578 594 664  ; 3 1 3 5 4 5 5 3 3 5 
97.57 ; 2.718e-06 ; True ; 20 303 374 480 515 546 578 594 664  ; 4 1 4 4 3 4 5 3 3 5 
99.62 ; 2.862e-06 ; True ; 20 254 303 374 420 480 515 546 594  ; 4 1 3 5 3 5 5 3 4 4 
100.7 ; 2.943e-06 ; True ; 20 202 303 374 420 480 515 546 594  ; 3 1 3 5 4 5 6 3 3 5 
102 ; 3.081e-06 ; True ; 20 303 374 420 480 515 546 578 594  ; 3 1 4 4 4 4 6 3 3 5 
102.7 ; 3.242e-06 ; True ; 20 254 303 374 420 480 546 578 594  ; 4 1 4 5 4 5 6 2 3 5 
103.9 ; 3.264e-06 ; True ; 20 303 374 420 448 480 546 578 664  ; 3 1 4 5 4 4 6 3 3 5 
104.5 ; 3.364e-06 ; True ; 20 142 254 303 374 480 515 546 578 594  ; 4 1 4 5 3 5 5 3 3 5 
105.6 ; 3.814e-06 ; True ; 20 202 303 374 420 480 546 578 664  ; 3 1 4 5 4 5 6 3 3 5 
107.9 ; 4.02e-06 ; True ; 20 202 303 374 420 480 546 594 664  ; 4 1 3 6 4 6 6 3 3 5 
108.4 ; 4.484e-06 ; True ; 20 303 374 420 480 546 578 594 664  ; 4 1 4 5 4 5 6 3 3 5 
116.8 ; 4.895e-06 ; True ; 20 202 303 374 480 515 546 578 594 664  ; 4 1 4 5 4 5 6 3 3 6 
120.4 ; 5.209e-06 ; True ; 20 142 254 303 374 420 480 546 578 594  ; 4 1 4 6 4 6 6 3 3 5 
123.1 ; 5.594e-06 ; True ; 20 254 303 374 420 480 515 546 578 594  ; 4 1 4 5 4 5 6 3 4 5 
125.7 ; 5.686e-06 ; True ; 20 142 202 254 303 374 480 515 546 578 594  ; 4 1 4 6 4 6 6 3 3 6 
127 ; 5.782e-06 ; True ; 20 254 303 374 420 448 480 546 578 664  ; 4 1 4 6 4 5 6 3 4 5 
127.1 ; 5.864e-06 ; True ; 20 202 303 374 420 480 515 546 578 664  ; 3 1 4 5 4 5 6 4 4 5 
128 ; 6.191e-06 ; True ; 20 303 374 420 448 480 546 578 594 664  ; 4 1 4 6 5 5 7 3 3 6 
128 ; 6.419e-06 ; True ; 20 142 303 374 420 480 546 578 594 664  ; 4 1 4 6 4 6 6 4 3 5 
129 ; 6.538e-06 ; True ; 20 107 303 374 420 480 546 578 594 664  ; 4 1 4 5 4 5 7 3 4 6 
129.6 ; 6.959e-06 ; True ; 20 202 303 374 420 480 546 578 594 664  ; 4 1 4 6 5 6 7 3 3 6 
131.5 ; 7.214e-06 ; True ; 20 254 303 374 420 480 546 578 594 664  ; 5 1 4 6 4 6 6 3 4 5 
137.5 ; 7.748e-06 ; True ; 20 303 374 420 480 513 546 578 594 664  ; 4 1 4 5 4 6 6 4 4 5 
141.6 ; 7.875e-06 ; True ; 20 202 254 303 374 480 515 546 578 594 664  ; 5 1 4 6 4 6 6 3 4 6 
141.8 ; 8.008e-06 ; True ; 20 142 254 303 374 420 480 515 546 578 594  ; 4 1 4 6 4 6 6 4 4 5 
146.3 ; 8.682e-06 ; True ; 20 202 254 303 374 420 480 515 546 578 594  ; 4 1 4 6 5 6 7 3 4 6 
148.6 ; 8.742e-06 ; True ; 20 142 303 374 420 448 480 546 578 594 664  ; 4 1 4 7 5 6 7 4 3 6 
149.6 ; 9.36e-06 ; True ; 20 107 142 303 374 420 480 546 578 594 664  ; 4 1 4 6 4 6 7 4 4 6 
151.2 ; 9.571e-06 ; True ; 20 142 202 303 374 420 480 546 578 594 664  ; 4 1 4 7 5 7 7 4 3 6 
152.1 ; 9.922e-06 ; True ; 20 142 254 303 374 420 480 546 578 594 664  ; 5 1 4 7 4 7 6 4 4 5 
153.1 ; 1.07e-05 ; True ; 20 202 303 374 420 480 515 546 578 594 664  ; 4 1 4 6 5 6 7 4 4 6 
155.5 ; 1.076e-05 ; True ; 20 202 254 303 374 420 480 546 578 594 664  ; 5 1 4 7 5 7 7 3 4 6 
161.2 ; 1.083e-05 ; True ; 20 142 202 254 303 374 480 515 546 578 594 664  ; 5 1 4 7 4 7 6 4 4 6 
161.6 ; 1.171e-05 ; True ; 20 202 303 374 420 480 513 546 578 594 664  ; 4 1 4 6 5 7 7 4 4 6 
166.9 ; 1.194e-05 ; True ; 20 142 202 254 303 374 420 480 515 546 578 594  ; 4 1 4 7 5 7 7 4 4 6 
171.7 ; 1.258e-05 ; True ; 20 303 341 374 420 480 513 546 578 594 664  ; 5 1 4 5 5 7 7 4 4 6 
173 ; 1.263e-05 ; True ; 20 142 303 374 420 448 480 515 546 578 594 664  ; 4 1 4 7 5 6 7 5 4 6 
173.1 ; 1.27e-05 ; True ; 20 107 142 303 374 420 480 515 546 578 594 664  ; 4 1 4 6 4 6 7 5 5 6 
174.7 ; 1.341e-05 ; True ; 20 142 254 303 374 420 448 480 546 578 594 664  ; 5 1 4 8 5 7 7 4 4 6 
175.5 ; 1.348e-05 ; True ; 20 202 303 374 420 448 480 515 546 578 594 664  ; 4 1 4 7 6 6 8 4 4 7 
175.6 ; 1.383e-05 ; True ; 20 142 202 303 374 420 480 515 546 578 594 664  ; 4 1 4 7 5 7 7 5 4 6 
176.6 ; 1.407e-05 ; True ; 20 107 202 303 374 420 480 515 546 578 594 664  ; 4 1 4 6 5 6 8 4 5 7 
178.1 ; 1.44e-05 ; True ; 20 142 202 254 303 374 420 480 546 578 594 664  ; 5 1 4 8 5 8 7 4 4 6 
180.8 ; 1.553e-05 ; True ; 20 202 254 303 374 420 480 515 546 578 594 664  ; 5 1 4 7 5 7 7 4 5 6 
188.4 ; 1.607e-05 ; True ; 20 202 303 341 374 420 480 515 546 578 594 664  ; 5 1 4 6 6 7 8 4 4 7 
190.1 ; 1.635e-05 ; True ; 20 254 303 341 374 420 480 515 546 578 594 664  ; 6 1 4 6 5 7 7 4 5 6 
190.5 ; 1.669e-05 ; True ; 20 202 254 303 374 420 480 513 546 578 594 664  ; 5 1 4 7 5 8 7 4 5 6 
198.8 ; 1.71e-05 ; True ; 20 88 202 254 303 374 420 480 546 578 594 664  ; 5 1 4 7 6 7 7 4 5 6 
198.9 ; 1.726e-05 ; True ; 20 202 303 341 374 420 480 513 546 578 594 664  ; 5 1 4 6 6 8 8 4 4 7 
199 ; 1.729e-05 ; True ; 20 142 202 303 374 420 448 480 515 546 578 594 664  ; 4 1 4 8 6 7 8 5 4 7 
200.7 ; 1.756e-05 ; True ; 20 254 303 341 374 420 480 513 546 578 594 664  ; 6 1 4 6 5 8 7 4 5 6 
200.9 ; 1.819e-05 ; True ; 20 142 254 303 374 420 448 480 515 546 578 594 664  ; 5 1 4 8 5 7 7 5 5 6 
203.4 ; 1.866e-05 ; True ; 20 142 202 254 303 374 420 480 502 546 578 594 664  ; 5 1 5 8 5 8 7 4 4 7 
204.3 ; 1.955e-05 ; True ; 20 142 202 254 303 374 420 480 515 546 578 594 664  ; 5 1 4 8 5 8 7 5 5 6 
206.2 ; 2.012e-05 ; True ; 20 202 254 303 374 420 480 502 515 546 578 594 664  ; 5 1 5 7 5 7 7 4 5 7 
212.8 ; 2.051e-05 ; True ; 20 142 202 254 303 374 420 480 546 578 594 664 689  ; 5 1 5 8 5 8 7 4 5 6 
213.7 ; 2.074e-05 ; True ; 20 142 254 303 341 374 420 480 515 546 578 594 664  ; 6 1 4 7 5 8 7 5 5 6 
216.4 ; 2.126e-05 ; True ; 20 202 254 303 374 420 480 515 546 578 594 664 689  ; 5 1 5 7 5 7 7 4 6 6 
218.8 ; 2.177e-05 ; True ; 20 202 254 303 374 420 480 513 515 546 578 594 664  ; 5 1 4 7 5 8 7 5 6 6 
219.1 ; 2.213e-05 ; True ; 20 202 254 303 341 374 420 480 515 546 578 594 664  ; 6 1 4 7 6 8 8 4 5 7 
224.8 ; 2.238e-05 ; True ; 20 254 303 341 374 420 480 515 546 578 594 664 689  ; 6 1 5 6 5 7 7 4 6 6 
226 ; 2.288e-05 ; True ; 20 202 303 341 374 420 480 515 546 578 594 664 689  ; 5 1 5 6 6 7 8 4 5 7 
227.3 ; 2.299e-05 ; True ; 20 110 202 254 303 374 420 480 546 578 594 664 689  ; 6 1 5 8 5 7 8 4 5 7 
228.3 ; 2.343e-05 ; True ; 20 202 303 341 374 420 480 513 515 546 578 594 664  ; 5 1 4 6 6 8 8 5 5 7 
230.7 ; 2.344e-05 ; True ; 20 202 254 303 341 374 420 480 513 546 578 594 664  ; 6 1 4 7 6 9 8 4 5 7 
232.5 ; 2.354e-05 ; True ; 20 110 202 254 303 374 420 480 513 546 578 594 664  ; 6 1 4 8 5 8 8 5 5 7 
232.9 ; 2.387e-05 ; True ; 20 110 254 303 341 374 420 480 546 578 594 664 689  ; 7 1 5 7 5 7 8 4 5 7 
235.2 ; 2.432e-05 ; True ; 20 98 142 202 254 303 374 420 480 515 546 578 594 664  ; 5 1 4 9 6 8 8 5 5 7 
237.4 ; 2.458e-05 ; True ; 20 202 303 341 374 420 480 513 546 578 594 664 689  ; 5 1 5 6 6 8 8 4 5 7 
240.1 ; 2.491e-05 ; True ; 20 142 254 303 374 420 480 507 515 546 578 594 664 689  ; 5 1 5 8 5 7 7 5 6 6 
240.3 ; 2.597e-05 ; True ; 20 142 202 303 341 374 420 480 502 515 546 578 594 664  ; 5 1 5 7 6 8 8 5 4 8 
241.9 ; 2.676e-05 ; True ; 20 142 202 254 303 374 420 480 515 546 578 594 664 689  ; 5 1 5 8 5 8 7 5 6 6 
244.6 ; 2.746e-05 ; True ; 20 142 202 254 303 341 374 420 480 515 546 578 594 664  ; 6 1 4 8 6 9 8 5 5 7 
250.4 ; 2.839e-05 ; True ; 20 142 254 303 341 374 420 480 515 546 578 594 664 689  ; 6 1 5 7 5 8 7 5 6 6 
252.4 ; 2.902e-05 ; True ; 20 142 202 303 341 374 420 480 515 546 578 594 664 689  ; 5 1 5 7 6 8 8 5 5 7 
257.6 ; 3.03e-05 ; True ; 20 202 254 303 341 374 420 480 515 546 578 594 664 689  ; 6 1 5 7 6 8 8 4 6 7 
261.9 ; 3.059e-05 ; True ; 20 202 254 303 341 374 420 480 513 515 546 578 594 664  ; 6 1 4 7 6 9 8 5 6 7 
264.8 ; 3.115e-05 ; True ; 20 110 254 303 341 374 420 480 515 546 578 594 664 689  ; 7 1 5 7 5 7 8 5 6 7 
267.5 ; 3.115e-05 ; True ; 20 110 202 254 303 341 374 420 480 546 578 594 664 689  ; 7 1 5 8 6 8 9 4 5 8 
267.9 ; 3.161e-05 ; True ; 20 110 202 303 341 374 420 480 515 546 578 594 664 689  ; 6 1 5 7 6 7 9 5 5 8 
270.2 ; 3.21e-05 ; True ; 20 202 254 303 341 374 420 480 513 546 578 594 664 689  ; 6 1 5 7 6 9 8 4 6 7 
270.9 ; 3.223e-05 ; True ; 20 110 202 254 303 374 420 480 513 546 578 594 664 689  ; 6 1 5 8 5 8 8 5 6 7 
277.7 ; 3.255e-05 ; True ; 20 88 202 254 303 341 374 420 480 546 578 594 664 689  ; 6 1 5 7 7 8 8 4 6 7 
278.5 ; 3.346e-05 ; True ; 20 110 254 303 341 374 420 480 513 546 578 594 664 689  ; 7 1 5 7 5 8 8 5 6 7 
280 ; 3.431e-05 ; True ; 20 142 202 254 303 341 374 420 480 515 546 578 594 658 664  ; 7 1 4 9 6 9 8 5 6 8 
282.7 ; 3.551e-05 ; True ; 20 142 202 303 341 374 420 480 502 515 546 578 594 664 689  ; 5 1 6 7 6 8 8 5 5 8 
285.1 ; 3.76e-05 ; True ; 20 142 202 254 303 341 374 420 480 515 546 578 594 664 689  ; 6 1 5 8 6 9 8 5 6 7 
292.4 ; 3.772e-05 ; True ; 20 110 142 254 303 341 374 420 480 515 546 578 594 664 689  ; 7 1 5 8 5 8 8 6 6 7 
296.3 ; 3.829e-05 ; True ; 20 110 142 202 303 341 374 420 480 515 546 578 594 664 689  ; 6 1 5 8 6 8 9 6 5 8 
301.5 ; 4.065e-05 ; True ; 20 110 202 254 303 341 374 420 480 515 546 578 594 664 689  ; 7 1 5 8 6 8 9 5 6 8 
311.4 ; 4.106e-05 ; True ; 20 97 110 202 254 303 341 374 420 480 546 578 594 664 689  ; 7 1 5 8 7 9 9 5 5 8 
316.1 ; 4.307e-05 ; True ; 20 110 202 254 303 341 374 420 480 513 546 578 594 664 689  ; 7 1 5 8 6 9 9 5 6 8 
317.2 ; 4.601e-05 ; True ; 20 142 202 254 303 341 374 420 480 502 515 546 578 594 664 689  ; 6 1 6 8 6 9 8 5 6 8 
330.9 ; 4.833e-05 ; True ; 20 110 142 202 254 303 341 374 420 480 515 546 578 594 664 689  ; 7 1 5 9 6 9 9 6 6 8 
338.6 ; 4.916e-05 ; True ; 20 110 202 254 301 303 341 374 420 480 515 546 578 594 664 689  ; 7 1 6 8 6 8 9 5 6 9 
348.3 ; 5.157e-05 ; True ; 20 97 110 202 254 303 341 374 420 480 515 546 578 594 664 689  ; 7 1 5 8 7 9 9 6 6 8 
353 ; 5.267e-05 ; True ; 20 110 202 254 303 341 374 420 480 513 515 546 578 594 664 689  ; 7 1 5 8 6 9 9 6 7 8 
360.6 ; 5.341e-05 ; True ; 20 88 110 202 254 303 341 374 420 480 515 546 578 594 664 689  ; 7 1 5 8 7 8 9 6 7 8 
366 ; 5.665e-05 ; True ; 20 107 110 142 202 254 303 341 374 420 480 515 546 578 594 664 689  ; 7 1 5 9 6 9 10 6 7 9 
384.3 ; 5.73e-05 ; True ; 20 88 142 202 254 303 341 374 420 480 546 578 594 664 669 689  ; 6 1 6 8 7 9 9 6 6 8 
388.8 ; 5.867e-05 ; True ; 20 88 202 254 303 341 374 420 480 515 546 578 594 664 669 689  ; 6 1 6 7 7 8 9 6 7 8 
394.1 ; 5.984e-05 ; True ; 20 110 202 254 303 341 374 420 480 513 546 578 594 664 669 689  ; 7 1 6 8 6 9 10 6 6 9 
400.5 ; 6.23e-05 ; True ; 20 107 202 254 303 341 374 420 480 513 515 546 578 582 594 664 689  ; 6 1 6 7 6 9 9 6 8 8 
408.1 ; 6.237e-05 ; True ; 20 69 142 202 254 303 341 374 420 480 515 546 578 594 664 669 689  ; 7 1 6 8 7 9 9 6 6 9 
413.8 ; 6.544e-05 ; True ; 20 110 142 202 254 303 341 374 420 480 515 546 578 594 664 669 689  ; 7 1 6 9 6 9 10 7 6 9 
423.9 ; 6.641e-05 ; True ; 20 142 202 254 303 341 374 420 480 515 521 546 578 594 664 669 689  ; 6 1 7 8 6 9 9 6 7 8 
424.2 ; 6.83e-05 ; True ; 20 88 142 202 254 303 341 374 420 480 515 546 578 594 664 669 689  ; 6 1 6 8 7 9 9 7 7 8 
440.8 ; 7.159e-05 ; True ; 20 88 142 202 254 303 341 374 420 480 513 546 578 594 664 669 689  ; 6 1 6 8 7 10 9 7 7 8 
446.6 ; 7.174e-05 ; True ; 20 50 97 110 202 254 303 341 374 420 480 502 513 546 578 594 664 689  ; 7 1 6 8 7 10 9 6 7 9 
453.8 ; 7.409e-05 ; True ; 20 110 119 142 202 254 303 341 374 420 480 515 546 578 594 664 669 689  ; 7 1 6 10 6 9 10 7 7 10 
464.1 ; 7.622e-05 ; True ; 20 88 142 199 202 254 303 341 374 420 480 515 546 578 594 664 669 689  ; 6 1 6 8 7 9 9 7 8 9 
474 ; 8.002e-05 ; True ; 20 168 202 254 303 341 374 420 480 513 515 546 578 594 664 669 689  ; 7 1 7 7 6 9 10 7 7 9 
480.6 ; 8.115e-05 ; True ; 20 88 168 202 254 303 341 374 420 480 515 546 578 594 664 669 689  ; 7 1 7 7 7 8 10 7 7 9 
499.9 ; 8.223e-05 ; True ; 20 88 168 202 254 303 341 353 374 420 480 546 578 594 664 669 689  ; 7 1 8 7 7 8 10 7 6 9 
519.9 ; 8.716e-05 ; True ; 20 168 202 254 303 341 374 420 475 480 513 515 546 578 594 664 669 689  ; 8 1 7 7 6 9 11 7 7 10 
529.9 ; 8.875e-05 ; True ; 20 110 168 202 254 303 341 374 420 479 480 515 546 578 594 664 669 689  ; 8 1 7 9 6 9 11 7 7 10 
531.2 ; 9.119e-05 ; True ; 11 20 88 168 202 254 303 341 374 420 480 515 546 578 594 664 669 689  ; 7 1 7 8 8 8 11 7 7 10 
538.6 ; 9.722e-05 ; True ; 20 88 142 168 202 254 303 341 374 420 480 513 546 578 594 664 669 689  ; 7 1 7 8 7 10 10 8 7 9 
590.1 ; 9.883e-05 ; True ; 20 110 168 202 254 303 341 374 380 390 420 480 515 546 578 594 664 669 689  ; 9 1 7 9 7 9 12 8 6 11 
604.4 ; 0.0001015 ; True ; 20 88 168 202 254 303 341 374 377 420 480 515 546 578 594 633 664 669 689  ; 8 1 7 7 7 8 11 8 8 10 
636.8 ; 0.0001089 ; True ; 20 88 168 202 254 268 303 341 353 374 420 480 513 546 578 594 664 669 689  ; 7 1 8 8 8 9 10 8 7 9 


RUN 8:
Optimum Distance: 11.84
Optimal Team: 20,303,546,
Required Skills: 0 1 4 9 10 14 16 18 23 24 
Distance; Skill Score; isValid; Team; Skill Counts
11.84 ; 3.505e-10 ; True ; 20 303 546  ; 1 1 1 2 1 1 1 1 1 1 
12.82 ; 3.942e-10 ; True ; 303 374 420  ; 1 1 1 1 1 1 2 1 1 1 
15.84 ; 7.25e-10 ; True ; 168 303 420  ; 1 1 1 1 1 1 2 2 1 1 
18.64 ; 1.264e-09 ; True ; 301 303 341 546  ; 2 1 1 1 1 2 1 1 1 2 
18.71 ; 2.494e-09 ; True ; 20 303 448 546  ; 1 1 1 3 2 1 2 1 1 2 
19.54 ; 4.637e-09 ; True ; 20 202 303 546  ; 1 1 1 3 2 2 2 1 1 2 
20.63 ; 5.08e-09 ; True ; 303 480 546 594  ; 2 1 1 2 1 3 2 1 1 2 
20.64 ; 8.054e-09 ; True ; 20 303 546 594  ; 2 1 1 3 2 2 2 1 1 2 
23.46 ; 8.911e-09 ; True ; 303 374 420 594  ; 2 1 1 2 2 2 3 1 1 2 
26.61 ; 9.464e-09 ; True ; 20 142 303 448 546  ; 1 1 1 4 2 2 2 2 1 2 
27.31 ; 1.278e-08 ; True ; 20 202 303 448 546  ; 1 1 1 4 3 2 3 1 1 3 
28.35 ; 1.322e-08 ; True ; 20 142 202 303 546  ; 1 1 1 4 2 3 2 2 1 2 
28.4 ; 1.468e-08 ; True ; 202 303 374 448 546  ; 2 1 1 3 2 2 3 1 1 3 
28.42 ; 1.681e-08 ; True ; 20 202 303 371 546  ; 2 1 1 4 2 3 2 1 1 3 
28.46 ; 2.236e-08 ; True ; 20 202 303 546 578  ; 1 1 2 3 3 2 3 1 1 3 
29.53 ; 2.297e-08 ; True ; 20 142 303 546 594  ; 2 1 1 4 2 3 2 2 1 2 
30.15 ; 2.329e-08 ; True ; 20 202 254 303 546  ; 2 1 1 4 2 3 2 1 2 2 
30.26 ; 2.853e-08 ; True ; 20 202 303 374 546  ; 2 1 2 3 2 2 3 1 1 3 
30.27 ; 3.101e-08 ; True ; 20 202 303 546 594  ; 2 1 1 4 3 3 3 1 1 3 
30.57 ; 3.884e-08 ; True ; 20 303 546 578 594  ; 2 1 2 3 3 2 3 1 1 3 
31.32 ; 3.985e-08 ; True ; 20 303 480 546 594  ; 2 1 2 3 2 3 3 1 1 3 
33.34 ; 5.312e-08 ; True ; 303 341 420 480 664  ; 2 1 1 2 2 4 3 2 2 2 
34.28 ; 5.366e-08 ; True ; 20 303 546 578 664  ; 2 1 2 3 2 2 2 2 2 2 
35.25 ; 5.847e-08 ; True ; 20 303 420 480 664  ; 1 1 2 3 2 3 3 2 2 2 
35.87 ; 6.505e-08 ; True ; 303 420 480 594 664  ; 2 1 1 3 2 4 3 2 2 2 
36.27 ; 7.27e-08 ; True ; 20 303 374 420 664  ; 2 1 2 3 2 2 3 2 2 2 
37.21 ; 7.901e-08 ; True ; 20 303 420 546 594  ; 2 1 1 4 3 3 3 2 2 2 
40.05 ; 8.134e-08 ; True ; 20 142 202 303 374 546  ; 2 1 2 4 2 3 3 2 1 3 
40.25 ; 8.32e-08 ; True ; 20 142 254 303 546 578  ; 2 1 2 4 2 3 2 2 2 2 
41.07 ; 9.784e-08 ; True ; 20 202 303 374 515 546  ; 2 1 2 3 2 2 3 2 2 3 
41.18 ; 1.063e-07 ; True ; 20 202 303 546 578 594  ; 2 1 2 4 4 3 4 1 1 4 
41.29 ; 1.068e-07 ; True ; 20 142 303 374 546 594  ; 3 1 2 4 2 3 3 2 1 3 
41.41 ; 1.108e-07 ; True ; 20 142 303 546 578 594  ; 2 1 2 4 3 3 3 2 1 3 
41.89 ; 1.123e-07 ; True ; 20 202 254 303 546 578  ; 2 1 2 4 3 3 3 1 2 3 
42.15 ; 1.367e-07 ; True ; 20 303 480 515 546 594  ; 2 1 2 3 2 3 3 2 2 3 
43.17 ; 1.475e-07 ; True ; 20 254 303 546 578 594  ; 3 1 2 4 3 3 3 1 2 3 
44.35 ; 1.861e-07 ; True ; 20 303 513 546 578 594  ; 2 1 2 3 3 3 3 2 2 3 
45.76 ; 2.066e-07 ; True ; 20 202 303 546 578 664  ; 2 1 2 4 3 3 3 2 2 3 
48.07 ; 2.205e-07 ; True ; 303 341 374 420 480 664  ; 3 1 2 2 2 4 4 2 2 3 
48.51 ; 2.478e-07 ; True ; 20 303 480 546 594 664  ; 3 1 2 4 2 4 3 2 2 3 
48.69 ; 2.712e-07 ; True ; 20 303 546 578 594 664  ; 3 1 2 4 3 3 3 2 2 3 
50.82 ; 2.8e-07 ; True ; 20 303 341 420 480 664  ; 2 1 2 3 3 4 4 2 2 3 
50.86 ; 3.108e-07 ; True ; 20 303 420 480 546 594  ; 2 1 2 4 3 4 4 2 2 3 
50.97 ; 3.279e-07 ; True ; 20 303 374 420 546 594  ; 3 1 2 4 3 3 4 2 2 3 
54.91 ; 3.801e-07 ; True ; 20 303 374 480 515 546 594  ; 3 1 3 3 2 3 4 2 2 4 
55.75 ; 3.941e-07 ; True ; 20 202 303 374 515 546 594  ; 3 1 2 4 3 3 4 2 2 4 
56.93 ; 3.942e-07 ; True ; 20 303 480 515 546 578 594  ; 2 1 3 3 3 3 4 2 2 4 
57.89 ; 4.538e-07 ; True ; 20 202 303 513 546 578 594  ; 2 1 2 4 4 4 4 2 2 4 
59.64 ; 4.904e-07 ; True ; 20 202 303 374 513 546 594  ; 3 1 2 4 3 4 4 2 2 4 
59.98 ; 4.905e-07 ; True ; 20 303 480 513 546 578 594  ; 2 1 3 3 3 4 4 2 2 4 
60.05 ; 5.175e-07 ; True ; 20 303 374 513 546 578 594  ; 3 1 3 3 3 3 4 2 2 4 
60.37 ; 5.444e-07 ; True ; 20 202 303 480 546 578 664  ; 2 1 3 4 3 4 4 2 2 4 
61.32 ; 5.744e-07 ; True ; 20 202 303 374 546 578 664  ; 3 1 3 4 3 3 4 2 2 4 
62.1 ; 6.311e-07 ; True ; 20 202 303 546 578 594 664  ; 3 1 2 5 4 4 4 2 2 4 
63.32 ; 7.146e-07 ; True ; 20 303 480 546 578 594 664  ; 3 1 3 4 3 4 4 2 2 4 
65.6 ; 8.134e-07 ; True ; 20 303 374 420 480 546 594  ; 3 1 3 4 3 4 5 2 2 4 
67.57 ; 8.46e-07 ; True ; 20 303 374 420 480 546 664  ; 3 1 3 4 2 4 4 3 3 3 
68.67 ; 8.775e-07 ; True ; 20 303 420 480 546 578 664  ; 2 1 3 4 3 4 4 3 3 3 
69.71 ; 9.259e-07 ; True ; 20 303 374 420 546 578 664  ; 3 1 3 4 3 3 4 3 3 3 
70.04 ; 9.786e-07 ; True ; 20 303 420 480 546 594 664  ; 3 1 2 5 3 5 4 3 3 3 
71.05 ; 9.844e-07 ; True ; 20 303 374 420 546 594 664  ; 4 1 2 5 3 4 4 3 3 3 
71.22 ; 1.017e-06 ; True ; 20 303 420 546 578 594 664  ; 3 1 2 5 4 4 4 3 3 3 
75.5 ; 1.119e-06 ; True ; 20 202 303 374 513 546 578 594  ; 3 1 3 4 4 4 5 2 2 5 
76.92 ; 1.193e-06 ; True ; 20 202 303 374 480 546 578 664  ; 3 1 4 4 3 4 5 2 2 5 
77.92 ; 1.195e-06 ; True ; 20 303 374 480 515 546 594 664  ; 4 1 3 4 2 4 4 3 3 4 
78.07 ; 1.223e-06 ; True ; 20 142 303 480 546 578 594 664  ; 3 1 3 5 3 5 4 3 2 4 
78.7 ; 1.385e-06 ; True ; 20 202 303 480 546 578 594 664  ; 3 1 3 5 4 5 5 2 2 5 
79.63 ; 1.393e-06 ; True ; 20 202 303 374 546 578 594 664  ; 4 1 3 5 4 4 5 2 2 5 
79.94 ; 1.403e-06 ; True ; 20 303 374 480 546 578 594 664  ; 4 1 4 4 3 4 5 2 2 5 
81.32 ; 1.415e-06 ; True ; 20 107 303 374 420 480 546 594  ; 3 1 3 4 3 4 6 2 3 5 
81.33 ; 1.576e-06 ; True ; 20 303 374 420 480 515 546 594  ; 3 1 3 4 3 4 5 3 3 4 
82.07 ; 1.659e-06 ; True ; 20 254 303 374 420 480 546 594  ; 4 1 3 5 3 5 5 2 3 4 
84.13 ; 1.714e-06 ; True ; 20 254 303 420 480 546 578 594  ; 3 1 3 5 4 5 5 2 3 4 
84.25 ; 1.724e-06 ; True ; 20 254 303 374 420 546 578 594  ; 4 1 3 5 4 4 5 2 3 4 
85.88 ; 1.951e-06 ; True ; 20 202 303 374 420 480 546 664  ; 3 1 3 5 3 5 5 3 3 4 
86.3 ; 2.042e-06 ; True ; 20 303 374 420 480 546 578 664  ; 3 1 4 4 3 4 5 3 3 4 
87.68 ; 2.294e-06 ; True ; 20 303 374 420 480 546 594 664  ; 4 1 3 5 3 5 5 3 3 4 
88.8 ; 2.37e-06 ; True ; 20 303 420 480 546 578 594 664  ; 3 1 3 5 4 5 5 3 3 4 
89.82 ; 2.384e-06 ; True ; 20 303 374 420 546 578 594 664  ; 4 1 3 5 4 4 5 3 3 4 
95.67 ; 2.401e-06 ; True ; 20 142 303 374 480 546 578 594 664  ; 4 1 4 5 3 5 5 3 2 5 
96.19 ; 2.596e-06 ; True ; 20 202 303 374 480 515 546 594 664  ; 4 1 3 5 3 5 5 3 3 5 
97.31 ; 2.683e-06 ; True ; 20 202 303 480 515 546 578 594 664  ; 3 1 3 5 4 5 5 3 3 5 
97.57 ; 2.718e-06 ; True ; 20 303 374 480 515 546 578 594 664  ; 4 1 4 4 3 4 5 3 3 5 
99.62 ; 2.862e-06 ; True ; 20 254 303 374 420 480 515 546 594  ; 4 1 3 5 3 5 5 3 4 4 
100.7 ; 2.943e-06 ; True ; 20 202 303 374 420 480 515 546 594  ; 3 1 3 5 4 5 6 3 3 5 
102 ; 3.081e-06 ; True ; 20 303 374 420 480 515 546 578 594  ; 3 1 4 4 4 4 6 3 3 5 
102.7 ; 3.242e-06 ; True ; 20 254 303 374 420 480 546 578 594  ; 4 1 4 5 4 5 6 2 3 5 
103.9 ; 3.264e-06 ; True ; 20 303 374 420 448 480 546 578 664  ; 3 1 4 5 4 4 6 3 3 5 
104.5 ; 3.364e-06 ; True ; 20 142 254 303 374 480 515 546 578 594  ; 4 1 4 5 3 5 5 3 3 5 
105.6 ; 3.814e-06 ; True ; 20 202 303 374 420 480 546 578 664  ; 3 1 4 5 4 5 6 3 3 5 
107.9 ; 4.02e-06 ; True ; 20 202 303 374 420 480 546 594 664  ; 4 1 3 6 4 6 6 3 3 5 
108.4 ; 4.484e-06 ; True ; 20 303 374 420 480 546 578 594 664  ; 4 1 4 5 4 5 6 3 3 5 
116.8 ; 4.895e-06 ; True ; 20 202 303 374 480 515 546 578 594 664  ; 4 1 4 5 4 5 6 3 3 6 
120.4 ; 5.209e-06 ; True ; 20 142 254 303 374 420 480 546 578 594  ; 4 1 4 6 4 6 6 3 3 5 
123.1 ; 5.594e-06 ; True ; 20 254 303 374 420 480 515 546 578 594  ; 4 1 4 5 4 5 6 3 4 5 
125.7 ; 5.686e-06 ; True ; 20 142 202 254 303 374 480 515 546 578 594  ; 4 1 4 6 4 6 6 3 3 6 
127 ; 5.782e-06 ; True ; 20 254 303 374 420 448 480 546 578 664  ; 4 1 4 6 4 5 6 3 4 5 
127.1 ; 5.864e-06 ; True ; 20 202 303 374 420 480 515 546 578 664  ; 3 1 4 5 4 5 6 4 4 5 
128 ; 6.419e-06 ; True ; 20 142 303 374 420 480 546 578 594 664  ; 4 1 4 6 4 6 6 4 3 5 
129 ; 6.538e-06 ; True ; 20 107 303 374 420 480 546 578 594 664  ; 4 1 4 5 4 5 7 3 4 6 
129.6 ; 6.959e-06 ; True ; 20 202 303 374 420 480 546 578 594 664  ; 4 1 4 6 5 6 7 3 3 6 
131.5 ; 7.214e-06 ; True ; 20 254 303 374 420 480 546 578 594 664  ; 5 1 4 6 4 6 6 3 4 5 
137.5 ; 7.748e-06 ; True ; 20 303 374 420 480 513 546 578 594 664  ; 4 1 4 5 4 6 6 4 4 5 
141.6 ; 7.875e-06 ; True ; 20 202 254 303 374 480 515 546 578 594 664  ; 5 1 4 6 4 6 6 3 4 6 
141.8 ; 8.008e-06 ; True ; 20 142 254 303 374 420 480 515 546 578 594  ; 4 1 4 6 4 6 6 4 4 5 
146.1 ; 8.029e-06 ; True ; 20 142 254 303 374 420 480 546 578 594 658  ; 5 1 4 7 4 6 6 3 4 6 
146.3 ; 8.682e-06 ; True ; 20 202 254 303 374 420 480 515 546 578 594  ; 4 1 4 6 5 6 7 3 4 6 
149.6 ; 9.36e-06 ; True ; 20 107 142 303 374 420 480 546 578 594 664  ; 4 1 4 6 4 6 7 4 4 6 
151.2 ; 9.571e-06 ; True ; 20 142 202 303 374 420 480 546 578 594 664  ; 4 1 4 7 5 7 7 4 3 6 
152.1 ; 9.922e-06 ; True ; 20 142 254 303 374 420 480 546 578 594 664  ; 5 1 4 7 4 7 6 4 4 5 
153.1 ; 1.07e-05 ; True ; 20 202 303 374 420 480 515 546 578 594 664  ; 4 1 4 6 5 6 7 4 4 6 
155.5 ; 1.076e-05 ; True ; 20 202 254 303 374 420 480 546 578 594 664  ; 5 1 4 7 5 7 7 3 4 6 
161.2 ; 1.083e-05 ; True ; 20 142 202 254 303 374 480 515 546 578 594 664  ; 5 1 4 7 4 7 6 4 4 6 
161.6 ; 1.171e-05 ; True ; 20 202 303 374 420 480 513 546 578 594 664  ; 4 1 4 6 5 7 7 4 4 6 
166.9 ; 1.194e-05 ; True ; 20 142 202 254 303 374 420 480 515 546 578 594  ; 4 1 4 7 5 7 7 4 4 6 
171.7 ; 1.258e-05 ; True ; 20 303 341 374 420 480 513 546 578 594 664  ; 5 1 4 5 5 7 7 4 4 6 
174.7 ; 1.341e-05 ; True ; 20 142 254 303 374 420 448 480 546 578 594 664  ; 5 1 4 8 5 7 7 4 4 6 
175.6 ; 1.359e-05 ; True ; 20 107 142 254 303 374 420 480 546 578 594 664  ; 5 1 4 7 4 7 7 4 5 6 
175.6 ; 1.383e-05 ; True ; 20 142 202 303 374 420 480 515 546 578 594 664  ; 4 1 4 7 5 7 7 5 4 6 
176.6 ; 1.386e-05 ; True ; 20 202 303 374 420 480 502 515 546 578 594 664  ; 4 1 5 6 5 6 7 4 4 7 
178.1 ; 1.44e-05 ; True ; 20 142 202 254 303 374 420 480 546 578 594 664  ; 5 1 4 8 5 8 7 4 4 6 
180.8 ; 1.553e-05 ; True ; 20 202 254 303 374 420 480 515 546 578 594 664  ; 5 1 4 7 5 7 7 4 5 6 
188.1 ; 1.589e-05 ; True ; 20 202 303 374 420 480 513 515 546 578 594 664  ; 4 1 4 6 5 7 7 5 5 6 
188.4 ; 1.607e-05 ; True ; 20 202 303 341 374 420 480 515 546 578 594 664  ; 5 1 4 6 6 7 8 4 4 7 
190.1 ; 1.635e-05 ; True ; 20 254 303 341 374 420 480 515 546 578 594 664  ; 6 1 4 6 5 7 7 4 5 6 
190.5 ; 1.669e-05 ; True ; 20 202 254 303 374 420 480 513 546 578 594 664  ; 5 1 4 7 5 8 7 4 5 6 
198.8 ; 1.71e-05 ; True ; 20 88 202 254 303 374 420 480 546 578 594 664  ; 5 1 4 7 6 7 7 4 5 6 
198.9 ; 1.726e-05 ; True ; 20 202 303 341 374 420 480 513 546 578 594 664  ; 5 1 4 6 6 8 8 4 4 7 
200.1 ; 1.763e-05 ; True ; 20 107 142 254 303 374 420 448 480 546 578 594 664  ; 5 1 4 8 5 7 8 4 5 7 
201.5 ; 1.792e-05 ; True ; 20 142 202 254 303 374 420 448 480 546 578 594 664  ; 5 1 4 9 6 8 8 4 4 7 
208.1 ; 1.8e-05 ; True ; 20 88 254 303 341 374 420 480 546 578 594 664  ; 6 1 4 6 6 7 7 4 5 6 
208.9 ; 1.851e-05 ; True ; 20 142 254 303 341 374 420 480 515 546 578 594 689  ; 5 1 5 6 5 7 7 4 5 6 
209.6 ; 1.944e-05 ; True ; 20 142 202 254 303 374 420 480 546 578 594 658 664  ; 6 1 4 9 5 8 7 4 5 7 
212.2 ; 1.969e-05 ; True ; 20 142 202 303 374 420 480 515 546 578 594 664 689  ; 4 1 5 7 5 7 7 5 5 6 
212.8 ; 2.051e-05 ; True ; 20 142 202 254 303 374 420 480 546 578 594 664 689  ; 5 1 5 8 5 8 7 4 5 6 
213.7 ; 2.074e-05 ; True ; 20 142 254 303 341 374 420 480 515 546 578 594 664  ; 6 1 4 7 5 8 7 5 5 6 
216.4 ; 2.126e-05 ; True ; 20 202 254 303 374 420 480 515 546 578 594 664 689  ; 5 1 5 7 5 7 7 4 6 6 
218.8 ; 2.177e-05 ; True ; 20 202 254 303 374 420 480 513 515 546 578 594 664  ; 5 1 4 7 5 8 7 5 6 6 
219.1 ; 2.213e-05 ; True ; 20 202 254 303 341 374 420 480 515 546 578 594 664  ; 6 1 4 7 6 8 8 4 5 7 
224.8 ; 2.238e-05 ; True ; 20 254 303 341 374 420 480 515 546 578 594 664 689  ; 6 1 5 6 5 7 7 4 6 6 
226 ; 2.288e-05 ; True ; 20 202 303 341 374 420 480 515 546 578 594 664 689  ; 5 1 5 6 6 7 8 4 5 7 
227.3 ; 2.299e-05 ; True ; 20 110 202 254 303 374 420 480 546 578 594 664 689  ; 6 1 5 8 5 7 8 4 5 7 
230.7 ; 2.344e-05 ; True ; 20 202 254 303 341 374 420 480 513 546 578 594 664  ; 6 1 4 7 6 9 8 4 5 7 
232.5 ; 2.354e-05 ; True ; 20 110 202 254 303 374 420 480 513 546 578 594 664  ; 6 1 4 8 5 8 8 5 5 7 
232.9 ; 2.387e-05 ; True ; 20 110 254 303 341 374 420 480 546 578 594 664 689  ; 7 1 5 7 5 7 8 4 5 7 
236.4 ; 2.405e-05 ; True ; 20 254 303 341 374 420 480 513 546 578 594 664 689  ; 6 1 5 6 5 8 7 4 6 6 
237.4 ; 2.458e-05 ; True ; 20 202 303 341 374 420 480 513 546 578 594 664 689  ; 5 1 5 6 6 8 8 4 5 7 
240.8 ; 2.506e-05 ; True ; 20 142 202 254 303 341 374 420 480 515 546 578 594 689  ; 5 1 5 7 6 8 8 4 5 7 
241.9 ; 2.676e-05 ; True ; 20 142 202 254 303 374 420 480 515 546 578 594 664 689  ; 5 1 5 8 5 8 7 5 6 6 
249.5 ; 2.751e-05 ; True ; 20 107 142 254 303 341 374 420 480 546 578 594 664 689  ; 6 1 5 7 5 8 8 4 6 7 
250.4 ; 2.839e-05 ; True ; 20 142 254 303 341 374 420 480 515 546 578 594 664 689  ; 6 1 5 7 5 8 7 5 6 6 
252.4 ; 2.902e-05 ; True ; 20 142 202 303 341 374 420 480 515 546 578 594 664 689  ; 5 1 5 7 6 8 8 5 5 7 
257.6 ; 3.03e-05 ; True ; 20 202 254 303 341 374 420 480 515 546 578 594 664 689  ; 6 1 5 7 6 8 8 4 6 7 
261.9 ; 3.059e-05 ; True ; 20 202 254 303 341 374 420 480 513 515 546 578 594 664  ; 6 1 4 7 6 9 8 5 6 7 
264.8 ; 3.115e-05 ; True ; 20 110 254 303 341 374 420 480 515 546 578 594 664 689  ; 7 1 5 7 5 7 8 5 6 7 
267.9 ; 3.161e-05 ; True ; 20 110 202 303 341 374 420 480 515 546 578 594 664 689  ; 6 1 5 7 6 7 9 5 5 8 
269.6 ; 3.207e-05 ; True ; 20 202 303 341 374 420 480 513 515 546 578 594 664 689  ; 5 1 5 6 6 8 8 5 6 7 
270.2 ; 3.21e-05 ; True ; 20 202 254 303 341 374 420 480 513 546 578 594 664 689  ; 6 1 5 7 6 9 8 4 6 7 
270.9 ; 3.223e-05 ; True ; 20 110 202 254 303 374 420 480 513 546 578 594 664 689  ; 6 1 5 8 5 8 8 5 6 7 
277.7 ; 3.255e-05 ; True ; 20 88 202 254 303 341 374 420 480 546 578 594 664 689  ; 6 1 5 7 7 8 8 4 6 7 
278.5 ; 3.346e-05 ; True ; 20 110 254 303 341 374 420 480 513 546 578 594 664 689  ; 7 1 5 7 5 8 8 5 6 7 
281.3 ; 3.396e-05 ; True ; 20 110 202 303 341 374 420 480 513 546 578 594 664 689  ; 6 1 5 7 6 8 9 5 5 8 
283.3 ; 3.549e-05 ; True ; 20 142 254 303 341 374 420 480 507 515 546 578 594 664 689  ; 6 1 5 8 6 8 8 5 6 7 
285.1 ; 3.76e-05 ; True ; 20 142 202 254 303 341 374 420 480 515 546 578 594 664 689  ; 6 1 5 8 6 9 8 5 6 7 
299.7 ; 3.941e-05 ; True ; 20 142 202 254 303 341 374 420 480 513 546 578 594 664 689  ; 6 1 5 8 6 10 8 5 6 7 
301.5 ; 4.065e-05 ; True ; 20 110 202 254 303 341 374 420 480 515 546 578 594 664 689  ; 7 1 5 8 6 8 9 5 6 8 
304.2 ; 4.079e-05 ; True ; 20 202 254 303 341 374 420 480 513 515 546 578 594 664 689  ; 6 1 5 7 6 9 8 5 7 7 
311.8 ; 4.137e-05 ; True ; 20 88 202 254 303 341 374 420 480 515 546 578 594 664 689  ; 6 1 5 7 7 8 8 5 7 7 
316.1 ; 4.307e-05 ; True ; 20 110 202 254 303 341 374 420 480 513 546 578 594 664 689  ; 7 1 5 8 6 9 9 5 6 8 
321.4 ; 4.388e-05 ; True ; 20 202 254 303 341 374 420 480 513 538 546 578 594 664 689  ; 6 1 6 8 6 9 8 5 6 7 
329.7 ; 4.465e-05 ; True ; 20 202 254 303 341 374 420 480 515 546 578 594 664 669 689  ; 6 1 6 7 6 8 9 5 6 8 
333.8 ; 4.566e-05 ; True ; 20 119 142 202 254 303 341 374 420 480 513 546 578 594 664 689  ; 6 1 5 9 6 10 8 5 7 8 
338.6 ; 4.582e-05 ; True ; 20 88 110 202 303 341 374 420 480 513 546 578 594 664 689  ; 6 1 5 7 7 8 9 6 6 8 
342.3 ; 4.731e-05 ; True ; 20 202 254 303 341 374 420 480 513 546 578 594 664 669 689  ; 6 1 6 7 6 9 9 5 6 8 
346.7 ; 4.738e-05 ; True ; 19 20 88 202 254 303 341 374 420 480 515 546 578 594 664 689  ; 7 1 5 7 7 8 9 5 7 8 
349.9 ; 4.797e-05 ; True ; 20 88 202 254 303 341 374 420 480 546 578 594 664 669 689  ; 6 1 6 7 7 8 9 5 6 8 
351.5 ; 4.834e-05 ; True ; 20 202 254 303 341 374 420 480 513 515 519 546 578 594 664 689  ; 6 1 5 8 7 9 9 5 7 8 
356 ; 4.855e-05 ; True ; 20 88 202 254 303 341 374 420 480 513 546 578 594 664 669  ; 6 1 5 7 7 9 9 6 6 8 
356.1 ; 4.969e-05 ; True ; 20 168 202 254 303 341 374 420 480 513 546 578 594 664 689  ; 7 1 6 7 6 9 9 5 6 8 
360 ; 5.238e-05 ; True ; 0 20 88 142 254 303 341 374 420 480 538 546 578 594 664 689  ; 6 1 7 8 6 8 8 6 6 7 
367.9 ; 5.38e-05 ; True ; 20 88 202 254 303 341 353 374 420 480 515 546 578 594 664 689  ; 6 1 6 7 7 8 8 6 7 7 
372 ; 5.394e-05 ; True ; 20 202 254 303 341 374 420 480 515 546 578 594 658 664 669 689  ; 7 1 6 8 6 8 9 5 7 9 
386.7 ; 5.715e-05 ; True ; 20 202 254 303 341 374 420 480 513 546 578 594 658 664 669 689  ; 7 1 6 8 6 9 9 5 7 9 
394.1 ; 5.984e-05 ; True ; 20 110 202 254 303 341 374 420 480 513 546 578 594 664 669 689  ; 7 1 6 8 6 9 10 6 6 9 
403.4 ; 6.216e-05 ; True ; 20 88 202 254 303 341 374 420 480 513 546 578 594 664 669 689  ; 6 1 6 7 7 9 9 6 7 8 
412.7 ; 6.23e-05 ; True ; 20 88 110 254 303 341 374 420 480 513 546 578 594 664 669 689  ; 7 1 6 7 6 8 9 7 7 8 
417.2 ; 6.529e-05 ; True ; 20 88 168 202 254 303 341 374 420 480 513 546 578 594 664 689  ; 7 1 6 7 7 9 9 6 7 8 
424.4 ; 6.61e-05 ; True ; 20 110 200 202 254 303 341 374 420 480 515 546 578 594 664 669 689  ; 7 1 6 9 6 9 10 6 7 9 
424.5 ; 6.693e-05 ; True ; 20 88 107 202 254 303 341 353 374 420 480 513 546 578 594 664 689  ; 6 1 6 7 7 9 9 6 8 8 
429.2 ; 6.714e-05 ; True ; 20 168 202 254 303 341 374 420 480 513 546 578 594 664 669 689  ; 7 1 7 7 6 9 10 6 6 9 
435.8 ; 6.808e-05 ; True ; 20 88 168 202 254 303 341 374 420 480 546 578 594 664 669 689  ; 7 1 7 7 7 8 10 6 6 9 
442.7 ; 7.076e-05 ; True ; 20 88 110 202 254 303 341 374 420 480 502 546 578 594 664 669 689  ; 7 1 7 8 7 8 10 6 6 10 
445.3 ; 7.096e-05 ; True ; 20 88 185 202 254 303 341 374 420 480 513 546 578 594 664 669 689  ; 6 1 6 8 7 10 9 6 8 8 
450.4 ; 7.197e-05 ; True ; 20 88 168 202 254 303 341 374 413 420 480 515 546 578 594 664 689  ; 8 1 6 7 8 8 10 6 7 9 
451.8 ; 7.369e-05 ; True ; 20 88 202 254 303 341 374 420 480 513 546 578 594 658 664 669 689  ; 7 1 6 8 7 9 9 6 8 9 
455.6 ; 7.519e-05 ; True ; 20 88 142 168 202 254 303 341 374 420 480 513 546 578 594 664 689  ; 7 1 6 8 7 10 9 7 7 8 
479.6 ; 7.654e-05 ; True ; 20 168 202 254 303 341 353 374 420 480 515 546 578 594 664 669 689  ; 7 1 8 7 6 8 10 7 6 9 
480.1 ; 7.672e-05 ; True ; 20 168 202 254 301 303 341 374 420 480 513 546 578 594 664 669 689  ; 7 1 8 7 6 9 10 6 6 10 
484 ; 7.708e-05 ; True ; 20 88 142 202 254 303 341 374 386 420 480 513 546 578 594 664 669 689  ; 6 1 6 8 7 10 9 7 8 8 
493.1 ; 7.911e-05 ; True ; 20 88 168 184 254 303 341 374 420 480 513 546 578 594 664 669 689  ; 7 1 7 6 6 9 9 7 8 8 
495.3 ; 8.597e-05 ; True ; 20 88 168 202 254 303 341 374 420 480 513 546 578 594 664 669 689  ; 7 1 7 7 7 9 10 7 7 9 
526.3 ; 8.737e-05 ; True ; 20 88 168 202 254 303 341 374 420 480 508 515 546 578 594 664 669 689  ; 7 1 7 7 7 8 10 7 8 9 
528.5 ; 9.314e-05 ; True ; 20 88 142 168 202 254 303 341 374 420 480 546 578 594 658 664 669 689  ; 8 1 7 9 7 9 10 7 7 10 
569.6 ; 9.491e-05 ; True ; 20 56 168 202 254 303 341 353 374 420 480 515 546 578 594 664 669 689  ; 7 1 8 7 6 9 10 8 7 9 
574.3 ; 0.000102 ; True ; 20 88 168 202 254 303 341 374 420 480 513 546 578 594 623 664 669 689  ; 7 1 8 7 7 9 10 8 7 9 
605.1 ; 0.0001032 ; True ; 20 40 88 202 254 303 307 341 374 420 480 513 538 546 578 594 664 669 689  ; 7 1 8 10 8 9 10 7 7 9 
614.9 ; 0.0001032 ; True ; 20 88 97 182 254 303 341 374 390 420 480 538 546 578 594 595 664 669 689  ; 8 1 7 9 8 10 10 8 7 8 
626.3 ; 0.0001036 ; True ; 20 77 115 168 185 254 303 341 374 420 480 513 546 578 594 658 664 669 689  ; 8 1 7 10 7 11 9 7 8 9 
631.9 ; 0.0001041 ; True ; 20 88 110 168 202 254 303 307 341 374 420 480 515 546 593 594 664 669 689  ; 9 1 6 9 7 9 11 9 8 10 
647.2 ; 0.0001097 ; True ; 20 107 168 202 254 303 307 320 374 420 480 513 515 546 578 594 658 664 669 689  ; 9 1 7 9 7 8 12 7 9 11 
649.9 ; 0.0001107 ; True ; 20 78 168 202 254 303 341 374 420 480 513 546 578 594 658 664 669 689 695  ; 8 1 7 9 8 9 11 7 8 11 
707.6 ; 0.0001117 ; True ; 20 168 182 254 303 341 374 420 474 480 515 538 546 578 594 595 650 664 669 689  ; 11 1 8 9 8 8 11 7 7 10 
759.6 ; 0.0001136 ; True ; 20 77 108 115 168 254 303 307 341 374 420 480 515 546 578 594 658 664 669 689 693  ; 10 1 7 10 8 9 11 7 8 10 
763.2 ; 0.0001221 ; True ; 20 78 94 168 202 254 255 303 307 320 374 420 480 513 546 578 594 658 664 669 689  ; 10 1 7 11 9 8 11 8 8 11 
812.1 ; 0.0001231 ; True ; 20 77 168 202 219 254 280 303 307 340 341 420 480 513 546 578 582 594 664 669 689  ; 8 1 8 11 9 10 10 9 6 10 


RUN 9:
Optimum Distance: 11.84
Optimal Team: 20,303,546,
Required Skills: 0 1 4 9 10 14 16 18 23 24 
Distance; Skill Score; isValid; Team; Skill Counts
11.84 ; 3.505e-10 ; True ; 20 303 546  ; 1 1 1 2 1 1 1 1 1 1 
12.82 ; 3.942e-10 ; True ; 303 374 420  ; 1 1 1 1 1 1 2 1 1 1 
15.84 ; 7.25e-10 ; True ; 168 303 420  ; 1 1 1 1 1 1 2 2 1 1 
18.65 ; 7.979e-10 ; True ; 20 142 254 303  ; 1 1 1 3 1 2 1 1 1 1 
18.71 ; 2.494e-09 ; True ; 20 303 448 546  ; 1 1 1 3 2 1 2 1 1 2 
19.54 ; 4.637e-09 ; True ; 20 202 303 546  ; 1 1 1 3 2 2 2 1 1 2 
20.63 ; 5.08e-09 ; True ; 303 480 546 594  ; 2 1 1 2 1 3 2 1 1 2 
20.64 ; 8.054e-09 ; True ; 20 303 546 594  ; 2 1 1 3 2 2 2 1 1 2 
23.46 ; 8.911e-09 ; True ; 303 374 420 594  ; 2 1 1 2 2 2 3 1 1 2 
26.61 ; 9.464e-09 ; True ; 20 142 303 448 546  ; 1 1 1 4 2 2 2 2 1 2 
27.31 ; 1.278e-08 ; True ; 20 202 303 448 546  ; 1 1 1 4 3 2 3 1 1 3 
28.35 ; 1.322e-08 ; True ; 20 142 202 303 546  ; 1 1 1 4 2 3 2 2 1 2 
28.4 ; 1.468e-08 ; True ; 202 303 374 448 546  ; 2 1 1 3 2 2 3 1 1 3 
28.42 ; 1.681e-08 ; True ; 20 202 303 371 546  ; 2 1 1 4 2 3 2 1 1 3 
28.46 ; 2.236e-08 ; True ; 20 202 303 546 578  ; 1 1 2 3 3 2 3 1 1 3 
29.53 ; 2.297e-08 ; True ; 20 142 303 546 594  ; 2 1 1 4 2 3 2 2 1 2 
30.15 ; 2.329e-08 ; True ; 20 202 254 303 546  ; 2 1 1 4 2 3 2 1 2 2 
30.26 ; 2.853e-08 ; True ; 20 202 303 374 546  ; 2 1 2 3 2 2 3 1 1 3 
30.27 ; 3.101e-08 ; True ; 20 202 303 546 594  ; 2 1 1 4 3 3 3 1 1 3 
30.57 ; 3.884e-08 ; True ; 20 303 546 578 594  ; 2 1 2 3 3 2 3 1 1 3 
31.32 ; 3.985e-08 ; True ; 20 303 480 546 594  ; 2 1 2 3 2 3 3 1 1 3 
33.34 ; 5.312e-08 ; True ; 303 341 420 480 664  ; 2 1 1 2 2 4 3 2 2 2 
34.28 ; 5.366e-08 ; True ; 20 303 546 578 664  ; 2 1 2 3 2 2 2 2 2 2 
35.25 ; 5.847e-08 ; True ; 20 303 420 480 664  ; 1 1 2 3 2 3 3 2 2 2 
35.87 ; 6.505e-08 ; True ; 303 420 480 594 664  ; 2 1 1 3 2 4 3 2 2 2 
36.27 ; 7.27e-08 ; True ; 20 303 374 420 664  ; 2 1 2 3 2 2 3 2 2 2 
37.21 ; 7.901e-08 ; True ; 20 303 420 546 594  ; 2 1 1 4 3 3 3 2 2 2 
40.05 ; 8.134e-08 ; True ; 20 142 202 303 374 546  ; 2 1 2 4 2 3 3 2 1 3 
40.25 ; 8.32e-08 ; True ; 20 142 254 303 546 578  ; 2 1 2 4 2 3 2 2 2 2 
41.07 ; 9.784e-08 ; True ; 20 202 303 374 515 546  ; 2 1 2 3 2 2 3 2 2 3 
41.18 ; 1.063e-07 ; True ; 20 202 303 546 578 594  ; 2 1 2 4 4 3 4 1 1 4 
41.29 ; 1.068e-07 ; True ; 20 142 303 374 546 594  ; 3 1 2 4 2 3 3 2 1 3 
41.41 ; 1.108e-07 ; True ; 20 142 303 546 578 594  ; 2 1 2 4 3 3 3 2 1 3 
41.89 ; 1.123e-07 ; True ; 20 202 254 303 546 578  ; 2 1 2 4 3 3 3 1 2 3 
42.15 ; 1.367e-07 ; True ; 20 303 480 515 546 594  ; 2 1 2 3 2 3 3 2 2 3 
43.17 ; 1.475e-07 ; True ; 20 254 303 546 578 594  ; 3 1 2 4 3 3 3 1 2 3 
44.35 ; 1.861e-07 ; True ; 20 303 513 546 578 594  ; 2 1 2 3 3 3 3 2 2 3 
45.76 ; 2.066e-07 ; True ; 20 202 303 546 578 664  ; 2 1 2 4 3 3 3 2 2 3 
48.07 ; 2.205e-07 ; True ; 303 341 374 420 480 664  ; 3 1 2 2 2 4 4 2 2 3 
48.51 ; 2.478e-07 ; True ; 20 303 480 546 594 664  ; 3 1 2 4 2 4 3 2 2 3 
48.69 ; 2.712e-07 ; True ; 20 303 546 578 594 664  ; 3 1 2 4 3 3 3 2 2 3 
50.82 ; 2.8e-07 ; True ; 20 303 341 420 480 664  ; 2 1 2 3 3 4 4 2 2 3 
50.86 ; 3.108e-07 ; True ; 20 303 420 480 546 594  ; 2 1 2 4 3 4 4 2 2 3 
50.97 ; 3.279e-07 ; True ; 20 303 374 420 546 594  ; 3 1 2 4 3 3 4 2 2 3 
54.91 ; 3.801e-07 ; True ; 20 303 374 480 515 546 594  ; 3 1 3 3 2 3 4 2 2 4 
55.75 ; 3.941e-07 ; True ; 20 202 303 374 515 546 594  ; 3 1 2 4 3 3 4 2 2 4 
56.93 ; 3.942e-07 ; True ; 20 303 480 515 546 578 594  ; 2 1 3 3 3 3 4 2 2 4 
57.89 ; 4.538e-07 ; True ; 20 202 303 513 546 578 594  ; 2 1 2 4 4 4 4 2 2 4 
59.64 ; 4.904e-07 ; True ; 20 202 303 374 513 546 594  ; 3 1 2 4 3 4 4 2 2 4 
59.98 ; 4.905e-07 ; True ; 20 303 480 513 546 578 594  ; 2 1 3 3 3 4 4 2 2 4 
60.05 ; 5.175e-07 ; True ; 20 303 374 513 546 578 594  ; 3 1 3 3 3 3 4 2 2 4 
60.37 ; 5.444e-07 ; True ; 20 202 303 480 546 578 664  ; 2 1 3 4 3 4 4 2 2 4 
61.32 ; 5.744e-07 ; True ; 20 202 303 374 546 578 664  ; 3 1 3 4 3 3 4 2 2 4 
62.1 ; 6.311e-07 ; True ; 20 202 303 546 578 594 664  ; 3 1 2 5 4 4 4 2 2 4 
63.32 ; 7.146e-07 ; True ; 20 303 480 546 578 594 664  ; 3 1 3 4 3 4 4 2 2 4 
65.6 ; 8.134e-07 ; True ; 20 303 374 420 480 546 594  ; 3 1 3 4 3 4 5 2 2 4 
67.57 ; 8.46e-07 ; True ; 20 303 374 420 480 546 664  ; 3 1 3 4 2 4 4 3 3 3 
68.67 ; 8.775e-07 ; True ; 20 303 420 480 546 578 664  ; 2 1 3 4 3 4 4 3 3 3 
69.71 ; 9.259e-07 ; True ; 20 303 374 420 546 578 664  ; 3 1 3 4 3 3 4 3 3 3 
70.04 ; 9.786e-07 ; True ; 20 303 420 480 546 594 664  ; 3 1 2 5 3 5 4 3 3 3 
71.05 ; 9.844e-07 ; True ; 20 303 374 420 546 594 664  ; 4 1 2 5 3 4 4 3 3 3 
71.22 ; 1.017e-06 ; True ; 20 303 420 546 578 594 664  ; 3 1 2 5 4 4 4 3 3 3 
75.5 ; 1.119e-06 ; True ; 20 202 303 374 513 546 578 594  ; 3 1 3 4 4 4 5 2 2 5 
76.92 ; 1.193e-06 ; True ; 20 202 303 374 480 546 578 664  ; 3 1 4 4 3 4 5 2 2 5 
77.92 ; 1.195e-06 ; True ; 20 303 374 480 515 546 594 664  ; 4 1 3 4 2 4 4 3 3 4 
78.07 ; 1.223e-06 ; True ; 20 142 303 480 546 578 594 664  ; 3 1 3 5 3 5 4 3 2 4 
78.7 ; 1.385e-06 ; True ; 20 202 303 480 546 578 594 664  ; 3 1 3 5 4 5 5 2 2 5 
79.63 ; 1.393e-06 ; True ; 20 202 303 374 546 578 594 664  ; 4 1 3 5 4 4 5 2 2 5 
79.94 ; 1.403e-06 ; True ; 20 303 374 480 546 578 594 664  ; 4 1 4 4 3 4 5 2 2 5 
81.32 ; 1.415e-06 ; True ; 20 107 303 374 420 480 546 594  ; 3 1 3 4 3 4 6 2 3 5 
81.33 ; 1.576e-06 ; True ; 20 303 374 420 480 515 546 594  ; 3 1 3 4 3 4 5 3 3 4 
82.07 ; 1.659e-06 ; True ; 20 254 303 374 420 480 546 594  ; 4 1 3 5 3 5 5 2 3 4 
84.13 ; 1.714e-06 ; True ; 20 254 303 420 480 546 578 594  ; 3 1 3 5 4 5 5 2 3 4 
84.25 ; 1.724e-06 ; True ; 20 254 303 374 420 546 578 594  ; 4 1 3 5 4 4 5 2 3 4 
85.88 ; 1.951e-06 ; True ; 20 202 303 374 420 480 546 664  ; 3 1 3 5 3 5 5 3 3 4 
86.3 ; 2.042e-06 ; True ; 20 303 374 420 480 546 578 664  ; 3 1 4 4 3 4 5 3 3 4 
87.68 ; 2.294e-06 ; True ; 20 303 374 420 480 546 594 664  ; 4 1 3 5 3 5 5 3 3 4 
88.8 ; 2.37e-06 ; True ; 20 303 420 480 546 578 594 664  ; 3 1 3 5 4 5 5 3 3 4 
89.82 ; 2.384e-06 ; True ; 20 303 374 420 546 578 594 664  ; 4 1 3 5 4 4 5 3 3 4 
95.67 ; 2.401e-06 ; True ; 20 142 303 374 480 546 578 594 664  ; 4 1 4 5 3 5 5 3 2 5 
96.19 ; 2.596e-06 ; True ; 20 202 303 374 480 515 546 594 664  ; 4 1 3 5 3 5 5 3 3 5 
97.31 ; 2.683e-06 ; True ; 20 202 303 480 515 546 578 594 664  ; 3 1 3 5 4 5 5 3 3 5 
97.57 ; 2.718e-06 ; True ; 20 303 374 480 515 546 578 594 664  ; 4 1 4 4 3 4 5 3 3 5 
99.62 ; 2.862e-06 ; True ; 20 254 303 374 420 480 515 546 594  ; 4 1 3 5 3 5 5 3 4 4 
100.7 ; 2.943e-06 ; True ; 20 202 303 374 420 480 515 546 594  ; 3 1 3 5 4 5 6 3 3 5 
102 ; 3.081e-06 ; True ; 20 303 374 420 480 515 546 578 594  ; 3 1 4 4 4 4 6 3 3 5 
102.7 ; 3.242e-06 ; True ; 20 254 303 374 420 480 546 578 594  ; 4 1 4 5 4 5 6 2 3 5 
103.9 ; 3.264e-06 ; True ; 20 303 374 420 448 480 546 578 664  ; 3 1 4 5 4 4 6 3 3 5 
104.5 ; 3.364e-06 ; True ; 20 142 254 303 374 480 515 546 578 594  ; 4 1 4 5 3 5 5 3 3 5 
105.6 ; 3.814e-06 ; True ; 20 202 303 374 420 480 546 578 664  ; 3 1 4 5 4 5 6 3 3 5 
107.9 ; 4.02e-06 ; True ; 20 202 303 374 420 480 546 594 664  ; 4 1 3 6 4 6 6 3 3 5 
108.4 ; 4.484e-06 ; True ; 20 303 374 420 480 546 578 594 664  ; 4 1 4 5 4 5 6 3 3 5 
116.8 ; 4.895e-06 ; True ; 20 202 303 374 480 515 546 578 594 664  ; 4 1 4 5 4 5 6 3 3 6 
120.4 ; 5.209e-06 ; True ; 20 142 254 303 374 420 480 546 578 594  ; 4 1 4 6 4 6 6 3 3 5 
123.1 ; 5.594e-06 ; True ; 20 254 303 374 420 480 515 546 578 594  ; 4 1 4 5 4 5 6 3 4 5 
125.7 ; 5.686e-06 ; True ; 20 142 202 254 303 374 480 515 546 578 594  ; 4 1 4 6 4 6 6 3 3 6 
127 ; 5.782e-06 ; True ; 20 254 303 374 420 448 480 546 578 664  ; 4 1 4 6 4 5 6 3 4 5 
127.1 ; 5.864e-06 ; True ; 20 202 303 374 420 480 515 546 578 664  ; 3 1 4 5 4 5 6 4 4 5 
128 ; 6.191e-06 ; True ; 20 303 374 420 448 480 546 578 594 664  ; 4 1 4 6 5 5 7 3 3 6 
128 ; 6.419e-06 ; True ; 20 142 303 374 420 480 546 578 594 664  ; 4 1 4 6 4 6 6 4 3 5 
129 ; 6.538e-06 ; True ; 20 107 303 374 420 480 546 578 594 664  ; 4 1 4 5 4 5 7 3 4 6 
129.6 ; 6.959e-06 ; True ; 20 202 303 374 420 480 546 578 594 664  ; 4 1 4 6 5 6 7 3 3 6 
131.5 ; 7.214e-06 ; True ; 20 254 303 374 420 480 546 578 594 664  ; 5 1 4 6 4 6 6 3 4 5 
137.5 ; 7.748e-06 ; True ; 20 303 374 420 480 513 546 578 594 664  ; 4 1 4 5 4 6 6 4 4 5 
141.6 ; 7.875e-06 ; True ; 20 202 254 303 374 480 515 546 578 594 664  ; 5 1 4 6 4 6 6 3 4 6 
141.8 ; 8.008e-06 ; True ; 20 142 254 303 374 420 480 515 546 578 594  ; 4 1 4 6 4 6 6 4 4 5 
146.3 ; 8.682e-06 ; True ; 20 202 254 303 374 420 480 515 546 578 594  ; 4 1 4 6 5 6 7 3 4 6 
148.6 ; 8.742e-06 ; True ; 20 142 303 374 420 448 480 546 578 594 664  ; 4 1 4 7 5 6 7 4 3 6 
149.5 ; 8.742e-06 ; True ; 20 202 303 371 374 420 480 515 546 578 664  ; 4 1 4 6 4 6 6 4 4 6 
149.6 ; 9.36e-06 ; True ; 20 107 142 303 374 420 480 546 578 594 664  ; 4 1 4 6 4 6 7 4 4 6 
151.2 ; 9.571e-06 ; True ; 20 142 202 303 374 420 480 546 578 594 664  ; 4 1 4 7 5 7 7 4 3 6 
152.1 ; 9.922e-06 ; True ; 20 142 254 303 374 420 480 546 578 594 664  ; 5 1 4 7 4 7 6 4 4 5 
153.1 ; 1.07e-05 ; True ; 20 202 303 374 420 480 515 546 578 594 664  ; 4 1 4 6 5 6 7 4 4 6 
155.5 ; 1.076e-05 ; True ; 20 202 254 303 374 420 480 546 578 594 664  ; 5 1 4 7 5 7 7 3 4 6 
161.2 ; 1.083e-05 ; True ; 20 142 202 254 303 374 480 515 546 578 594 664  ; 5 1 4 7 4 7 6 4 4 6 
161.6 ; 1.171e-05 ; True ; 20 202 303 374 420 480 513 546 578 594 664  ; 4 1 4 6 5 7 7 4 4 6 
166.9 ; 1.194e-05 ; True ; 20 142 202 254 303 374 420 480 515 546 578 594  ; 4 1 4 7 5 7 7 4 4 6 
171.7 ; 1.258e-05 ; True ; 20 303 341 374 420 480 513 546 578 594 664  ; 5 1 4 5 5 7 7 4 4 6 
175.6 ; 1.359e-05 ; True ; 20 107 142 254 303 374 420 480 546 578 594 664  ; 5 1 4 7 4 7 7 4 5 6 
175.6 ; 1.383e-05 ; True ; 20 142 202 303 374 420 480 515 546 578 594 664  ; 4 1 4 7 5 7 7 5 4 6 
177.6 ; 1.413e-05 ; True ; 20 202 303 371 374 420 480 515 546 578 594 664  ; 5 1 4 7 5 7 7 4 4 7 
178.1 ; 1.44e-05 ; True ; 20 142 202 254 303 374 420 480 546 578 594 664  ; 5 1 4 8 5 8 7 4 4 6 
180.8 ; 1.553e-05 ; True ; 20 202 254 303 374 420 480 515 546 578 594 664  ; 5 1 4 7 5 7 7 4 5 6 
188.1 ; 1.589e-05 ; True ; 20 202 303 374 420 480 513 515 546 578 594 664  ; 4 1 4 6 5 7 7 5 5 6 
188.4 ; 1.607e-05 ; True ; 20 202 303 341 374 420 480 515 546 578 594 664  ; 5 1 4 6 6 7 8 4 4 7 
190.1 ; 1.635e-05 ; True ; 20 254 303 341 374 420 480 515 546 578 594 664  ; 6 1 4 6 5 7 7 4 5 6 
190.5 ; 1.669e-05 ; True ; 20 202 254 303 374 420 480 513 546 578 594 664  ; 5 1 4 7 5 8 7 4 5 6 
198.8 ; 1.71e-05 ; True ; 20 88 202 254 303 374 420 480 546 578 594 664  ; 5 1 4 7 6 7 7 4 5 6 
198.9 ; 1.726e-05 ; True ; 20 202 303 341 374 420 480 513 546 578 594 664  ; 5 1 4 6 6 8 8 4 4 7 
200.7 ; 1.756e-05 ; True ; 20 254 303 341 374 420 480 513 546 578 594 664  ; 6 1 4 6 5 8 7 4 5 6 
202 ; 1.778e-05 ; True ; 20 142 202 303 371 374 420 480 515 546 578 594 664  ; 5 1 4 8 5 8 7 5 4 7 
204.3 ; 1.955e-05 ; True ; 20 142 202 254 303 374 420 480 515 546 578 594 664  ; 5 1 4 8 5 8 7 5 5 6 
206.2 ; 2.012e-05 ; True ; 20 202 254 303 374 420 480 502 515 546 578 594 664  ; 5 1 5 7 5 7 7 4 5 7 
212.8 ; 2.051e-05 ; True ; 20 142 202 254 303 374 420 480 546 578 594 664 689  ; 5 1 5 8 5 8 7 4 5 6 
213.7 ; 2.074e-05 ; True ; 20 142 254 303 341 374 420 480 515 546 578 594 664  ; 6 1 4 7 5 8 7 5 5 6 
216.4 ; 2.126e-05 ; True ; 20 202 254 303 374 420 480 515 546 578 594 664 689  ; 5 1 5 7 5 7 7 4 6 6 
218.8 ; 2.177e-05 ; True ; 20 202 254 303 374 420 480 513 515 546 578 594 664  ; 5 1 4 7 5 8 7 5 6 6 
219.1 ; 2.213e-05 ; True ; 20 202 254 303 341 374 420 480 515 546 578 594 664  ; 6 1 4 7 6 8 8 4 5 7 
224.8 ; 2.238e-05 ; True ; 20 254 303 341 374 420 480 515 546 578 594 664 689  ; 6 1 5 6 5 7 7 4 6 6 
226 ; 2.288e-05 ; True ; 20 202 303 341 374 420 480 515 546 578 594 664 689  ; 5 1 5 6 6 7 8 4 5 7 
227.3 ; 2.299e-05 ; True ; 20 110 202 254 303 374 420 480 546 578 594 664 689  ; 6 1 5 8 5 7 8 4 5 7 
230.7 ; 2.344e-05 ; True ; 20 202 254 303 341 374 420 480 513 546 578 594 664  ; 6 1 4 7 6 9 8 4 5 7 
232.5 ; 2.354e-05 ; True ; 20 110 202 254 303 374 420 480 513 546 578 594 664  ; 6 1 4 8 5 8 8 5 5 7 
232.9 ; 2.387e-05 ; True ; 20 110 254 303 341 374 420 480 546 578 594 664 689  ; 7 1 5 7 5 7 8 4 5 7 
235.2 ; 2.432e-05 ; True ; 20 98 142 202 254 303 374 420 480 515 546 578 594 664  ; 5 1 4 9 6 8 8 5 5 7 
237.4 ; 2.458e-05 ; True ; 20 202 303 341 374 420 480 513 546 578 594 664 689  ; 5 1 5 6 6 8 8 4 5 7 
240.8 ; 2.506e-05 ; True ; 20 142 202 254 303 341 374 420 480 515 546 578 594 689  ; 5 1 5 7 6 8 8 4 5 7 
241 ; 2.593e-05 ; True ; 20 107 142 202 254 303 374 420 480 546 578 594 664 689  ; 5 1 5 8 5 8 8 4 6 7 
241.9 ; 2.676e-05 ; True ; 20 142 202 254 303 374 420 480 515 546 578 594 664 689  ; 5 1 5 8 5 8 7 5 6 6 
246 ; 2.685e-05 ; True ; 0 20 142 202 254 303 374 420 480 546 578 594 664 689  ; 5 1 6 8 5 8 8 4 5 7 
249.6 ; 2.706e-05 ; True ; 20 142 254 303 341 374 420 480 502 546 578 594 664 689  ; 6 1 6 7 5 8 7 4 5 7 
250.4 ; 2.839e-05 ; True ; 20 142 254 303 341 374 420 480 515 546 578 594 664 689  ; 6 1 5 7 5 8 7 5 6 6 
252.4 ; 2.902e-05 ; True ; 20 142 202 303 341 374 420 480 515 546 578 594 664 689  ; 5 1 5 7 6 8 8 5 5 7 
257.6 ; 3.03e-05 ; True ; 20 202 254 303 341 374 420 480 515 546 578 594 664 689  ; 6 1 5 7 6 8 8 4 6 7 
264.4 ; 3.15e-05 ; True ; 20 202 254 303 341 374 420 480 515 538 546 578 594 664  ; 6 1 5 8 6 8 8 5 5 7 
267.9 ; 3.161e-05 ; True ; 20 110 202 303 341 374 420 480 515 546 578 594 664 689  ; 6 1 5 7 6 7 9 5 5 8 
270.2 ; 3.21e-05 ; True ; 20 202 254 303 341 374 420 480 513 546 578 594 664 689  ; 6 1 5 7 6 9 8 4 6 7 
270.9 ; 3.223e-05 ; True ; 20 110 202 254 303 374 420 480 513 546 578 594 664 689  ; 6 1 5 8 5 8 8 5 6 7 
274.6 ; 3.266e-05 ; True ; 20 142 185 202 254 303 341 374 420 480 515 546 578 594 664  ; 6 1 4 9 6 10 8 5 6 7 
278.5 ; 3.346e-05 ; True ; 20 110 254 303 341 374 420 480 513 546 578 594 664 689  ; 7 1 5 7 5 8 8 5 6 7 
280.9 ; 3.351e-05 ; True ; 20 96 142 202 254 303 374 420 480 515 546 578 594 664 689  ; 5 1 6 9 5 8 7 5 6 7 
281.3 ; 3.396e-05 ; True ; 20 110 202 303 341 374 420 480 513 546 578 594 664 689  ; 6 1 5 7 6 8 9 5 5 8 
283.4 ; 3.504e-05 ; True ; 20 142 185 202 303 341 374 420 480 515 546 578 594 664 689  ; 5 1 5 8 6 9 8 5 6 7 
284.2 ; 3.541e-05 ; True ; 20 107 142 202 254 303 341 374 420 480 546 578 594 664 689  ; 6 1 5 8 6 9 9 4 6 8 
284.6 ; 3.718e-05 ; True ; 0 20 142 254 303 341 374 420 480 515 546 578 594 664 689  ; 6 1 6 7 5 8 8 5 6 7 
285.1 ; 3.76e-05 ; True ; 20 142 202 254 303 341 374 420 480 515 546 578 594 664 689  ; 6 1 5 8 6 9 8 5 6 7 
292.8 ; 3.856e-05 ; True ; 0 20 202 254 303 341 374 420 480 515 546 578 594 664 689  ; 6 1 6 7 6 8 9 4 6 8 
299.7 ; 3.941e-05 ; True ; 20 142 202 254 303 341 374 420 480 513 546 578 594 664 689  ; 6 1 5 8 6 10 8 5 6 7 
301.5 ; 4.065e-05 ; True ; 20 110 202 254 303 341 374 420 480 515 546 578 594 664 689  ; 7 1 5 8 6 8 9 5 6 8 
304.2 ; 4.079e-05 ; True ; 20 202 254 303 341 374 420 480 513 515 546 578 594 664 689  ; 6 1 5 7 6 9 8 5 7 7 
306.8 ; 4.141e-05 ; True ; 20 202 254 303 341 374 420 480 515 538 546 578 594 664 689  ; 6 1 6 8 6 8 8 5 6 7 
316.1 ; 4.307e-05 ; True ; 20 110 202 254 303 341 374 420 480 513 546 578 594 664 689  ; 7 1 5 8 6 9 9 5 6 8 
321.4 ; 4.388e-05 ; True ; 20 202 254 303 341 374 420 480 513 538 546 578 594 664 689  ; 6 1 6 8 6 9 8 5 6 7 
329.7 ; 4.465e-05 ; True ; 20 202 254 303 341 374 420 480 515 546 578 594 664 669 689  ; 6 1 6 7 6 8 9 5 6 8 
338.7 ; 5.016e-05 ; True ; 0 20 142 202 254 303 341 374 420 480 513 546 578 594 664 689  ; 6 1 6 8 6 10 9 5 6 8 
358.4 ; 5.244e-05 ; True ; 20 96 110 202 254 303 341 374 420 480 513 546 578 594 664 689  ; 7 1 6 9 6 9 9 5 6 9 
373.2 ; 5.301e-05 ; True ; 0 20 142 202 254 303 341 374 420 480 513 546 578 594 664 669  ; 6 1 6 8 6 10 10 6 5 9 
376.7 ; 5.591e-05 ; True ; 20 142 202 254 303 341 374 420 480 513 546 578 594 664 669 689  ; 6 1 6 8 6 10 9 6 6 8 
376.8 ; 5.601e-05 ; True ; 20 142 168 202 254 303 341 374 420 480 515 546 578 594 664 689  ; 7 1 6 8 6 9 9 6 6 8 
379.2 ; 5.815e-05 ; True ; 20 96 97 142 202 254 303 341 374 420 480 515 546 578 594 664 689  ; 6 1 6 9 7 10 8 6 6 8 
388.8 ; 5.867e-05 ; True ; 20 88 202 254 303 341 374 420 480 515 546 578 594 664 669 689  ; 6 1 6 7 7 8 9 6 7 8 
394.1 ; 5.984e-05 ; True ; 20 110 202 254 303 341 374 420 480 513 546 578 594 664 669 689  ; 7 1 6 8 6 9 10 6 6 9 
399 ; 6.023e-05 ; True ; 0 20 168 202 254 303 341 374 420 480 513 546 578 594 664 689  ; 7 1 7 7 6 9 10 5 6 9 
402.3 ; 6.183e-05 ; True ; 20 88 142 202 254 303 341 374 420 480 513 546 578 594 658 664 689  ; 7 1 5 9 7 10 8 6 8 8 
403.4 ; 6.216e-05 ; True ; 20 88 202 254 303 341 374 420 480 513 546 578 594 664 669 689  ; 6 1 6 7 7 9 9 6 7 8 
411.6 ; 6.487e-05 ; True ; 20 88 110 142 202 254 303 341 374 420 480 513 546 578 594 664 689  ; 7 1 5 9 7 10 9 7 7 8 
429.2 ; 6.714e-05 ; True ; 20 168 202 254 303 341 374 420 480 513 546 578 594 664 669 689  ; 7 1 7 7 6 9 10 6 6 9 
435.8 ; 6.808e-05 ; True ; 20 88 168 202 254 303 341 374 420 480 546 578 594 664 669 689  ; 7 1 7 7 7 8 10 6 6 9 
435.8 ; 7.078e-05 ; True ; 20 97 202 254 303 341 374 420 480 513 515 546 578 594 664 669 689  ; 6 1 6 7 7 10 9 7 7 8 
440.8 ; 7.159e-05 ; True ; 20 88 142 202 254 303 341 374 420 480 513 546 578 594 664 669 689  ; 6 1 6 8 7 10 9 7 7 8 
451.8 ; 7.369e-05 ; True ; 20 88 202 254 303 341 374 420 480 513 546 578 594 658 664 669 689  ; 7 1 6 8 7 9 9 6 8 9 
454 ; 7.561e-05 ; True ; 0 20 97 168 202 254 303 341 374 420 480 513 546 578 594 664 689  ; 7 1 7 7 7 10 10 6 6 9 
477.8 ; 7.628e-05 ; True ; 20 96 142 202 254 303 341 374 420 480 515 546 578 582 594 664 669 689  ; 6 1 8 9 6 9 9 7 6 9 
478.1 ; 7.652e-05 ; True ; 20 97 142 202 254 303 341 374 414 420 480 513 546 578 594 664 669 689  ; 6 1 6 8 8 11 10 7 6 9 
486.5 ; 8.05e-05 ; True ; 20 142 168 202 254 303 341 374 420 480 513 515 537 546 578 594 664 689  ; 7 1 6 8 6 10 10 7 8 9 
491.8 ; 8.453e-05 ; True ; 20 88 97 202 254 303 341 374 420 480 515 546 578 594 658 664 669 689  ; 7 1 6 8 8 9 9 7 8 9 
495.3 ; 8.597e-05 ; True ; 20 88 168 202 254 303 341 374 420 480 513 546 578 594 664 669 689  ; 7 1 7 7 7 9 10 7 7 9 
524.7 ; 8.7e-05 ; True ; 20 88 97 142 168 202 254 303 374 420 480 515 546 578 594 664 669 689  ; 6 1 7 8 7 9 9 9 7 8 
529 ; 8.832e-05 ; True ; 20 88 142 168 202 254 303 373 374 420 480 513 546 578 594 664 669 689  ; 6 1 7 8 7 9 10 8 7 9 
532.2 ; 9.133e-05 ; True ; 0 20 97 168 202 254 303 341 374 420 449 480 513 546 578 594 664 689  ; 7 1 8 7 7 10 10 7 6 9 
549 ; 9.257e-05 ; True ; 20 41 88 168 184 202 254 303 341 374 420 480 546 578 594 664 669 689  ; 7 1 7 7 7 9 10 7 8 9 
559 ; 9.364e-05 ; True ; 20 88 140 168 202 254 303 341 374 420 480 513 546 578 594 664 669 689  ; 8 1 7 7 7 9 11 7 7 10 
561.8 ; 9.493e-05 ; True ; 20 81 88 97 168 254 303 341 374 420 480 515 546 578 594 664 669 689  ; 8 1 7 7 7 9 10 8 7 9 
567.2 ; 9.498e-05 ; True ; 20 142 168 202 225 254 303 341 374 420 480 513 546 578 594 664 669 689  ; 7 1 8 9 6 10 10 7 7 9 
570.4 ; 9.665e-05 ; True ; 20 142 168 202 254 303 341 373 374 420 480 507 513 546 578 594 664 669 689  ; 7 1 7 9 8 10 12 7 6 11 
592.4 ; 9.874e-05 ; True ; 20 56 88 130 168 202 254 303 341 374 420 480 513 546 578 664 669 689  ; 7 1 7 7 7 9 10 8 8 9 
595.8 ; 0.0001027 ; True ; 20 88 142 168 202 254 303 341 374 420 471 480 513 546 578 594 664 669 689  ; 7 1 7 8 8 10 10 8 7 9 
609.9 ; 0.0001088 ; True ; 0 20 88 96 168 254 303 341 374 420 480 513 546 578 594 658 664 669 689  ; 8 1 9 8 6 8 10 7 8 11 
651.1 ; 0.0001091 ; True ; 20 142 168 202 225 254 303 341 374 420 480 513 546 578 594 638 664 669 689  ; 7 1 8 9 6 10 10 8 8 9 
676.1 ; 0.0001098 ; True ; 20 56 88 130 168 202 254 303 341 374 420 480 513 546 563 578 664 669 689  ; 7 1 8 7 7 9 10 8 8 9 
676.3 ; 0.0001164 ; True ; 20 35 88 142 168 202 254 303 319 341 374 420 480 513 546 578 594 664 669 689  ; 7 1 8 8 7 10 10 8 8 9 
678.4 ; 0.0001166 ; True ; 20 88 142 168 202 254 303 333 341 374 420 471 480 513 546 578 594 664 669 689  ; 8 1 7 8 9 10 11 8 7 10 
743.7 ; 0.0001186 ; True ; 20 56 88 130 168 185 225 254 303 341 374 420 480 526 546 578 594 664 669 689  ; 9 1 8 10 7 9 10 7 9 9 


RUN 10:
Optimum Distance: 11.84
Optimal Team: 20,303,546,
Required Skills: 0 1 4 9 10 14 16 18 23 24 
Distance; Skill Score; isValid; Team; Skill Counts
11.84 ; 3.505e-10 ; True ; 20 303 546  ; 1 1 1 2 1 1 1 1 1 1 
12.82 ; 3.942e-10 ; True ; 303 374 420  ; 1 1 1 1 1 1 2 1 1 1 
15.84 ; 7.25e-10 ; True ; 168 303 420  ; 1 1 1 1 1 1 2 2 1 1 
18.64 ; 1.264e-09 ; True ; 301 303 341 546  ; 2 1 1 1 1 2 1 1 1 2 
18.71 ; 2.494e-09 ; True ; 20 303 448 546  ; 1 1 1 3 2 1 2 1 1 2 
19.54 ; 4.637e-09 ; True ; 20 202 303 546  ; 1 1 1 3 2 2 2 1 1 2 
20.63 ; 5.08e-09 ; True ; 303 480 546 594  ; 2 1 1 2 1 3 2 1 1 2 
20.64 ; 8.054e-09 ; True ; 20 303 546 594  ; 2 1 1 3 2 2 2 1 1 2 
23.46 ; 8.911e-09 ; True ; 303 374 420 594  ; 2 1 1 2 2 2 3 1 1 2 
26.61 ; 9.464e-09 ; True ; 20 142 303 448 546  ; 1 1 1 4 2 2 2 2 1 2 
27.31 ; 1.278e-08 ; True ; 20 202 303 448 546  ; 1 1 1 4 3 2 3 1 1 3 
28.35 ; 1.322e-08 ; True ; 20 142 202 303 546  ; 1 1 1 4 2 3 2 2 1 2 
28.4 ; 1.468e-08 ; True ; 202 303 374 448 546  ; 2 1 1 3 2 2 3 1 1 3 
28.42 ; 1.681e-08 ; True ; 20 202 303 371 546  ; 2 1 1 4 2 3 2 1 1 3 
28.46 ; 2.236e-08 ; True ; 20 202 303 546 578  ; 1 1 2 3 3 2 3 1 1 3 
29.51 ; 2.36e-08 ; True ; 19 303 420 480 664  ; 2 1 1 2 1 3 3 2 2 2 
30.26 ; 2.853e-08 ; True ; 20 202 303 374 546  ; 2 1 2 3 2 2 3 1 1 3 
30.27 ; 3.101e-08 ; True ; 20 202 303 546 594  ; 2 1 1 4 3 3 3 1 1 3 
30.57 ; 3.884e-08 ; True ; 20 303 546 578 594  ; 2 1 2 3 3 2 3 1 1 3 
31.32 ; 3.985e-08 ; True ; 20 303 480 546 594  ; 2 1 2 3 2 3 3 1 1 3 
33.34 ; 5.312e-08 ; True ; 303 341 420 480 664  ; 2 1 1 2 2 4 3 2 2 2 
34.28 ; 5.366e-08 ; True ; 20 303 546 578 664  ; 2 1 2 3 2 2 2 2 2 2 
35.25 ; 5.847e-08 ; True ; 20 303 420 480 664  ; 1 1 2 3 2 3 3 2 2 2 
35.87 ; 6.505e-08 ; True ; 303 420 480 594 664  ; 2 1 1 3 2 4 3 2 2 2 
36.27 ; 7.27e-08 ; True ; 20 303 374 420 664  ; 2 1 2 3 2 2 3 2 2 2 
37.21 ; 7.901e-08 ; True ; 20 303 420 546 594  ; 2 1 1 4 3 3 3 2 2 2 
40.05 ; 8.134e-08 ; True ; 20 142 202 303 374 546  ; 2 1 2 4 2 3 3 2 1 3 
40.25 ; 8.32e-08 ; True ; 20 142 254 303 546 578  ; 2 1 2 4 2 3 2 2 2 2 
41.07 ; 9.784e-08 ; True ; 20 202 303 374 515 546  ; 2 1 2 3 2 2 3 2 2 3 
41.18 ; 1.063e-07 ; True ; 20 202 303 546 578 594  ; 2 1 2 4 4 3 4 1 1 4 
41.29 ; 1.068e-07 ; True ; 20 142 303 374 546 594  ; 3 1 2 4 2 3 3 2 1 3 
41.41 ; 1.108e-07 ; True ; 20 142 303 546 578 594  ; 2 1 2 4 3 3 3 2 1 3 
41.89 ; 1.123e-07 ; True ; 20 202 254 303 546 578  ; 2 1 2 4 3 3 3 1 2 3 
42.15 ; 1.367e-07 ; True ; 20 303 480 515 546 594  ; 2 1 2 3 2 3 3 2 2 3 
43.17 ; 1.475e-07 ; True ; 20 254 303 546 578 594  ; 3 1 2 4 3 3 3 1 2 3 
44.35 ; 1.861e-07 ; True ; 20 303 513 546 578 594  ; 2 1 2 3 3 3 3 2 2 3 
45.76 ; 2.066e-07 ; True ; 20 202 303 546 578 664  ; 2 1 2 4 3 3 3 2 2 3 
48.07 ; 2.205e-07 ; True ; 303 341 374 420 480 664  ; 3 1 2 2 2 4 4 2 2 3 
48.51 ; 2.478e-07 ; True ; 20 303 480 546 594 664  ; 3 1 2 4 2 4 3 2 2 3 
48.69 ; 2.712e-07 ; True ; 20 303 546 578 594 664  ; 3 1 2 4 3 3 3 2 2 3 
50.82 ; 2.8e-07 ; True ; 20 303 341 420 480 664  ; 2 1 2 3 3 4 4 2 2 3 
50.86 ; 3.108e-07 ; True ; 20 303 420 480 546 594  ; 2 1 2 4 3 4 4 2 2 3 
50.97 ; 3.279e-07 ; True ; 20 303 374 420 546 594  ; 3 1 2 4 3 3 4 2 2 3 
54.91 ; 3.801e-07 ; True ; 20 303 374 480 515 546 594  ; 3 1 3 3 2 3 4 2 2 4 
55.75 ; 3.941e-07 ; True ; 20 202 303 374 515 546 594  ; 3 1 2 4 3 3 4 2 2 4 
56.93 ; 3.942e-07 ; True ; 20 303 480 515 546 578 594  ; 2 1 3 3 3 3 4 2 2 4 
57.89 ; 4.538e-07 ; True ; 20 202 303 513 546 578 594  ; 2 1 2 4 4 4 4 2 2 4 
59.64 ; 4.904e-07 ; True ; 20 202 303 374 513 546 594  ; 3 1 2 4 3 4 4 2 2 4 
59.98 ; 4.905e-07 ; True ; 20 303 480 513 546 578 594  ; 2 1 3 3 3 4 4 2 2 4 
60.05 ; 5.175e-07 ; True ; 20 303 374 513 546 578 594  ; 3 1 3 3 3 3 4 2 2 4 
60.37 ; 5.444e-07 ; True ; 20 202 303 480 546 578 664  ; 2 1 3 4 3 4 4 2 2 4 
61.32 ; 5.744e-07 ; True ; 20 202 303 374 546 578 664  ; 3 1 3 4 3 3 4 2 2 4 
62.1 ; 6.311e-07 ; True ; 20 202 303 546 578 594 664  ; 3 1 2 5 4 4 4 2 2 4 
63.32 ; 7.146e-07 ; True ; 20 303 480 546 578 594 664  ; 3 1 3 4 3 4 4 2 2 4 
65.6 ; 8.134e-07 ; True ; 20 303 374 420 480 546 594  ; 3 1 3 4 3 4 5 2 2 4 
67.57 ; 8.46e-07 ; True ; 20 303 374 420 480 546 664  ; 3 1 3 4 2 4 4 3 3 3 
68.67 ; 8.775e-07 ; True ; 20 303 420 480 546 578 664  ; 2 1 3 4 3 4 4 3 3 3 
69.71 ; 9.259e-07 ; True ; 20 303 374 420 546 578 664  ; 3 1 3 4 3 3 4 3 3 3 
70.04 ; 9.786e-07 ; True ; 20 303 420 480 546 594 664  ; 3 1 2 5 3 5 4 3 3 3 
71.05 ; 9.844e-07 ; True ; 20 303 374 420 546 594 664  ; 4 1 2 5 3 4 4 3 3 3 
71.22 ; 1.017e-06 ; True ; 20 303 420 546 578 594 664  ; 3 1 2 5 4 4 4 3 3 3 
75.5 ; 1.119e-06 ; True ; 20 202 303 374 513 546 578 594  ; 3 1 3 4 4 4 5 2 2 5 
76.92 ; 1.193e-06 ; True ; 20 202 303 374 480 546 578 664  ; 3 1 4 4 3 4 5 2 2 5 
77.92 ; 1.195e-06 ; True ; 20 303 374 480 515 546 594 664  ; 4 1 3 4 2 4 4 3 3 4 
78.07 ; 1.223e-06 ; True ; 20 142 303 480 546 578 594 664  ; 3 1 3 5 3 5 4 3 2 4 
78.7 ; 1.385e-06 ; True ; 20 202 303 480 546 578 594 664  ; 3 1 3 5 4 5 5 2 2 5 
79.63 ; 1.393e-06 ; True ; 20 202 303 374 546 578 594 664  ; 4 1 3 5 4 4 5 2 2 5 
79.94 ; 1.403e-06 ; True ; 20 303 374 480 546 578 594 664  ; 4 1 4 4 3 4 5 2 2 5 
81.32 ; 1.415e-06 ; True ; 20 107 303 374 420 480 546 594  ; 3 1 3 4 3 4 6 2 3 5 
81.33 ; 1.576e-06 ; True ; 20 303 374 420 480 515 546 594  ; 3 1 3 4 3 4 5 3 3 4 
82.07 ; 1.659e-06 ; True ; 20 254 303 374 420 480 546 594  ; 4 1 3 5 3 5 5 2 3 4 
84.13 ; 1.714e-06 ; True ; 20 254 303 420 480 546 578 594  ; 3 1 3 5 4 5 5 2 3 4 
84.25 ; 1.724e-06 ; True ; 20 254 303 374 420 546 578 594  ; 4 1 3 5 4 4 5 2 3 4 
85.88 ; 1.951e-06 ; True ; 20 202 303 374 420 480 546 664  ; 3 1 3 5 3 5 5 3 3 4 
86.3 ; 2.042e-06 ; True ; 20 303 374 420 480 546 578 664  ; 3 1 4 4 3 4 5 3 3 4 
87.68 ; 2.294e-06 ; True ; 20 303 374 420 480 546 594 664  ; 4 1 3 5 3 5 5 3 3 4 
88.8 ; 2.37e-06 ; True ; 20 303 420 480 546 578 594 664  ; 3 1 3 5 4 5 5 3 3 4 
89.82 ; 2.384e-06 ; True ; 20 303 374 420 546 578 594 664  ; 4 1 3 5 4 4 5 3 3 4 
95.67 ; 2.401e-06 ; True ; 20 142 303 374 480 546 578 594 664  ; 4 1 4 5 3 5 5 3 2 5 
96.19 ; 2.596e-06 ; True ; 20 202 303 374 480 515 546 594 664  ; 4 1 3 5 3 5 5 3 3 5 
97.31 ; 2.683e-06 ; True ; 20 202 303 480 515 546 578 594 664  ; 3 1 3 5 4 5 5 3 3 5 
97.57 ; 2.718e-06 ; True ; 20 303 374 480 515 546 578 594 664  ; 4 1 4 4 3 4 5 3 3 5 
99.62 ; 2.862e-06 ; True ; 20 254 303 374 420 480 515 546 594  ; 4 1 3 5 3 5 5 3 4 4 
100.7 ; 2.943e-06 ; True ; 20 202 303 374 420 480 515 546 594  ; 3 1 3 5 4 5 6 3 3 5 
102 ; 3.081e-06 ; True ; 20 303 374 420 480 515 546 578 594  ; 3 1 4 4 4 4 6 3 3 5 
102.7 ; 3.242e-06 ; True ; 20 254 303 374 420 480 546 578 594  ; 4 1 4 5 4 5 6 2 3 5 
103.9 ; 3.264e-06 ; True ; 20 303 374 420 448 480 546 578 664  ; 3 1 4 5 4 4 6 3 3 5 
104.5 ; 3.364e-06 ; True ; 20 142 254 303 374 480 515 546 578 594  ; 4 1 4 5 3 5 5 3 3 5 
105.6 ; 3.814e-06 ; True ; 20 202 303 374 420 480 546 578 664  ; 3 1 4 5 4 5 6 3 3 5 
107.9 ; 4.02e-06 ; True ; 20 202 303 374 420 480 546 594 664  ; 4 1 3 6 4 6 6 3 3 5 
108.4 ; 4.484e-06 ; True ; 20 303 374 420 480 546 578 594 664  ; 4 1 4 5 4 5 6 3 3 5 
116.8 ; 4.895e-06 ; True ; 20 202 303 374 480 515 546 578 594 664  ; 4 1 4 5 4 5 6 3 3 6 
120.4 ; 5.209e-06 ; True ; 20 142 254 303 374 420 480 546 578 594  ; 4 1 4 6 4 6 6 3 3 5 
123.1 ; 5.594e-06 ; True ; 20 254 303 374 420 480 515 546 578 594  ; 4 1 4 5 4 5 6 3 4 5 
125.7 ; 5.686e-06 ; True ; 20 142 202 254 303 374 480 515 546 578 594  ; 4 1 4 6 4 6 6 3 3 6 
127 ; 5.782e-06 ; True ; 20 254 303 374 420 448 480 546 578 664  ; 4 1 4 6 4 5 6 3 4 5 
127.1 ; 5.864e-06 ; True ; 20 202 303 374 420 480 515 546 578 664  ; 3 1 4 5 4 5 6 4 4 5 
128 ; 6.191e-06 ; True ; 20 303 374 420 448 480 546 578 594 664  ; 4 1 4 6 5 5 7 3 3 6 
128 ; 6.419e-06 ; True ; 20 142 303 374 420 480 546 578 594 664  ; 4 1 4 6 4 6 6 4 3 5 
129 ; 6.538e-06 ; True ; 20 107 303 374 420 480 546 578 594 664  ; 4 1 4 5 4 5 7 3 4 6 
129.6 ; 6.959e-06 ; True ; 20 202 303 374 420 480 546 578 594 664  ; 4 1 4 6 5 6 7 3 3 6 
131.5 ; 7.214e-06 ; True ; 20 254 303 374 420 480 546 578 594 664  ; 5 1 4 6 4 6 6 3 4 5 
137.5 ; 7.748e-06 ; True ; 20 303 374 420 480 513 546 578 594 664  ; 4 1 4 5 4 6 6 4 4 5 
141.6 ; 7.875e-06 ; True ; 20 202 254 303 374 480 515 546 578 594 664  ; 5 1 4 6 4 6 6 3 4 6 
141.8 ; 8.008e-06 ; True ; 20 142 254 303 374 420 480 515 546 578 594  ; 4 1 4 6 4 6 6 4 4 5 
146.1 ; 8.029e-06 ; True ; 20 142 254 303 374 420 480 546 578 594 658  ; 5 1 4 7 4 6 6 3 4 6 
146.3 ; 8.682e-06 ; True ; 20 202 254 303 374 420 480 515 546 578 594  ; 4 1 4 6 5 6 7 3 4 6 
148.6 ; 8.742e-06 ; True ; 20 142 303 374 420 448 480 546 578 594 664  ; 4 1 4 7 5 6 7 4 3 6 
149.5 ; 8.742e-06 ; True ; 20 202 303 371 374 420 480 515 546 578 664  ; 4 1 4 6 4 6 6 4 4 6 
149.6 ; 9.36e-06 ; True ; 20 107 142 303 374 420 480 546 578 594 664  ; 4 1 4 6 4 6 7 4 4 6 
151.2 ; 9.571e-06 ; True ; 20 142 202 303 374 420 480 546 578 594 664  ; 4 1 4 7 5 7 7 4 3 6 
152.1 ; 9.922e-06 ; True ; 20 142 254 303 374 420 480 546 578 594 664  ; 5 1 4 7 4 7 6 4 4 5 
153.1 ; 1.07e-05 ; True ; 20 202 303 374 420 480 515 546 578 594 664  ; 4 1 4 6 5 6 7 4 4 6 
155.5 ; 1.076e-05 ; True ; 20 202 254 303 374 420 480 546 578 594 664  ; 5 1 4 7 5 7 7 3 4 6 
161.2 ; 1.083e-05 ; True ; 20 142 202 254 303 374 480 515 546 578 594 664  ; 5 1 4 7 4 7 6 4 4 6 
161.6 ; 1.171e-05 ; True ; 20 202 303 374 420 480 513 546 578 594 664  ; 4 1 4 6 5 7 7 4 4 6 
166.9 ; 1.194e-05 ; True ; 20 142 202 254 303 374 420 480 515 546 578 594  ; 4 1 4 7 5 7 7 4 4 6 
171.7 ; 1.258e-05 ; True ; 20 303 341 374 420 480 513 546 578 594 664  ; 5 1 4 5 5 7 7 4 4 6 
174.7 ; 1.341e-05 ; True ; 20 142 254 303 374 420 448 480 546 578 594 664  ; 5 1 4 8 5 7 7 4 4 6 
175.5 ; 1.348e-05 ; True ; 20 202 303 374 420 448 480 515 546 578 594 664  ; 4 1 4 7 6 6 8 4 4 7 
175.6 ; 1.359e-05 ; True ; 20 107 142 254 303 374 420 480 546 578 594 664  ; 5 1 4 7 4 7 7 4 5 6 
175.6 ; 1.383e-05 ; True ; 20 142 202 303 374 420 480 515 546 578 594 664  ; 4 1 4 7 5 7 7 5 4 6 
176.6 ; 1.407e-05 ; True ; 20 107 202 303 374 420 480 515 546 578 594 664  ; 4 1 4 6 5 6 8 4 5 7 
177.6 ; 1.413e-05 ; True ; 20 202 303 371 374 420 480 515 546 578 594 664  ; 5 1 4 7 5 7 7 4 4 7 
178.1 ; 1.44e-05 ; True ; 20 142 202 254 303 374 420 480 546 578 594 664  ; 5 1 4 8 5 8 7 4 4 6 
180.8 ; 1.553e-05 ; True ; 20 202 254 303 374 420 480 515 546 578 594 664  ; 5 1 4 7 5 7 7 4 5 6 
188.1 ; 1.589e-05 ; True ; 20 202 303 374 420 480 513 515 546 578 594 664  ; 4 1 4 6 5 7 7 5 5 6 
188.4 ; 1.607e-05 ; True ; 20 202 303 341 374 420 480 515 546 578 594 664  ; 5 1 4 6 6 7 8 4 4 7 
190.1 ; 1.635e-05 ; True ; 20 254 303 341 374 420 480 515 546 578 594 664  ; 6 1 4 6 5 7 7 4 5 6 
190.5 ; 1.669e-05 ; True ; 20 202 254 303 374 420 480 513 546 578 594 664  ; 5 1 4 7 5 8 7 4 5 6 
198.9 ; 1.726e-05 ; True ; 20 202 303 341 374 420 480 513 546 578 594 664  ; 5 1 4 6 6 8 8 4 4 7 
199 ; 1.729e-05 ; True ; 20 142 202 303 374 420 448 480 515 546 578 594 664  ; 4 1 4 8 6 7 8 5 4 7 
200.7 ; 1.756e-05 ; True ; 20 254 303 341 374 420 480 513 546 578 594 664  ; 6 1 4 6 5 8 7 4 5 6 
200.9 ; 1.819e-05 ; True ; 20 142 254 303 374 420 448 480 515 546 578 594 664  ; 5 1 4 8 5 7 7 5 5 6 
204.3 ; 1.955e-05 ; True ; 20 142 202 254 303 374 420 480 515 546 578 594 664  ; 5 1 4 8 5 8 7 5 5 6 
206.2 ; 1.964e-05 ; True ; 20 107 202 254 303 374 420 480 515 546 578 594 664  ; 5 1 4 7 5 7 8 4 6 7 
212.1 ; 2.118e-05 ; True ; 0 20 202 254 303 374 420 480 515 546 578 594 664  ; 5 1 5 7 5 7 8 4 5 7 
216.4 ; 2.126e-05 ; True ; 20 202 254 303 374 420 480 515 546 578 594 664 689  ; 5 1 5 7 5 7 7 4 6 6 
219.1 ; 2.213e-05 ; True ; 20 202 254 303 341 374 420 480 515 546 578 594 664  ; 6 1 4 7 6 8 8 4 5 7 
224.8 ; 2.238e-05 ; True ; 20 254 303 341 374 420 480 515 546 578 594 664 689  ; 6 1 5 6 5 7 7 4 6 6 
226 ; 2.288e-05 ; True ; 20 202 303 341 374 420 480 515 546 578 594 664 689  ; 5 1 5 6 6 7 8 4 5 7 
227.3 ; 2.299e-05 ; True ; 20 110 202 254 303 374 420 480 546 578 594 664 689  ; 6 1 5 8 5 7 8 4 5 7 
230.7 ; 2.344e-05 ; True ; 20 202 254 303 341 374 420 480 513 546 578 594 664  ; 6 1 4 7 6 9 8 4 5 7 
232.9 ; 2.387e-05 ; True ; 20 110 254 303 341 374 420 480 546 578 594 664 689  ; 7 1 5 7 5 7 8 4 5 7 
235.3 ; 2.416e-05 ; True ; 20 142 202 254 303 373 374 420 480 515 546 578 594 664  ; 5 1 4 8 6 8 8 5 5 7 
237.4 ; 2.458e-05 ; True ; 20 202 303 341 374 420 480 513 546 578 594 664 689  ; 5 1 5 6 6 8 8 4 5 7 
239.2 ; 2.551e-05 ; True ; 20 142 202 254 303 374 420 448 480 546 578 594 664 689  ; 5 1 5 9 6 8 8 4 5 7 
241 ; 2.622e-05 ; True ; 20 107 142 254 303 341 374 420 480 515 546 578 594 664  ; 6 1 4 7 5 8 8 5 6 7 
241.9 ; 2.676e-05 ; True ; 20 142 202 254 303 374 420 480 515 546 578 594 664 689  ; 5 1 5 8 5 8 7 5 6 6 
244.6 ; 2.746e-05 ; True ; 20 142 202 254 303 341 374 420 480 515 546 578 594 664  ; 6 1 4 8 6 9 8 5 5 7 
246 ; 2.828e-05 ; True ; 0 20 142 254 303 341 374 420 480 515 546 578 594 664  ; 6 1 5 7 5 8 8 5 5 7 
250.4 ; 2.839e-05 ; True ; 20 142 254 303 341 374 420 480 515 546 578 594 664 689  ; 6 1 5 7 5 8 7 5 6 6 
252.4 ; 2.902e-05 ; True ; 20 142 202 303 341 374 420 480 515 546 578 594 664 689  ; 5 1 5 7 6 8 8 5 5 7 
257.6 ; 3.03e-05 ; True ; 20 202 254 303 341 374 420 480 515 546 578 594 664 689  ; 6 1 5 7 6 8 8 4 6 7 
264.8 ; 3.115e-05 ; True ; 20 110 254 303 341 374 420 480 515 546 578 594 664 689  ; 7 1 5 7 5 7 8 5 6 7 
265.9 ; 3.149e-05 ; True ; 20 107 142 202 254 301 303 374 420 480 515 546 578 594 664  ; 5 1 5 8 5 8 8 5 6 8 
270.2 ; 3.21e-05 ; True ; 20 202 254 303 341 374 420 480 513 546 578 594 664 689  ; 6 1 5 7 6 9 8 4 6 7 
275.3 ; 3.213e-05 ; True ; 20 142 202 254 303 341 374 420 480 515 546 578 594 658 689  ; 6 1 5 8 6 8 8 4 6 8 
276.5 ; 3.307e-05 ; True ; 20 142 202 254 303 373 374 420 480 515 546 578 594 664 689  ; 5 1 5 8 6 8 8 5 6 7 
280 ; 3.431e-05 ; True ; 20 142 202 254 303 341 374 420 480 515 546 578 594 658 664  ; 7 1 4 9 6 9 8 5 6 8 
282.7 ; 3.566e-05 ; True ; 20 107 142 202 303 341 374 420 480 515 546 578 594 664 689  ; 5 1 5 7 6 8 9 5 6 8 
285.1 ; 3.76e-05 ; True ; 20 142 202 254 303 341 374 420 480 515 546 578 594 664 689  ; 6 1 5 8 6 9 8 5 6 7 
292.8 ; 3.856e-05 ; True ; 0 20 202 254 303 341 374 420 480 515 546 578 594 664 689  ; 6 1 6 7 6 8 9 4 6 8 
299.7 ; 3.941e-05 ; True ; 20 142 202 254 303 341 374 420 480 513 546 578 594 664 689  ; 6 1 5 8 6 10 8 5 6 7 
301.5 ; 4.065e-05 ; True ; 20 110 202 254 303 341 374 420 480 515 546 578 594 664 689  ; 7 1 5 8 6 8 9 5 6 8 
308.3 ; 4.107e-05 ; True ; 20 97 110 254 303 341 374 420 480 515 546 578 594 664 689  ; 7 1 5 7 6 8 8 6 6 7 
316.5 ; 4.126e-05 ; True ; 20 107 142 254 303 341 371 374 420 480 515 546 578 594 664 689  ; 7 1 5 8 5 9 8 5 7 8 
316.8 ; 4.278e-05 ; True ; 20 107 142 254 301 303 341 374 420 480 515 546 578 594 664 689  ; 6 1 6 7 5 8 8 5 7 8 
320.8 ; 4.436e-05 ; True ; 20 142 202 254 303 341 374 420 480 507 515 546 578 594 664 689  ; 6 1 5 9 7 9 9 5 6 8 
322.2 ; 4.601e-05 ; True ; 20 142 202 254 301 303 341 374 420 480 515 546 578 594 664 689  ; 6 1 6 8 6 9 8 5 6 8 
322.3 ; 4.785e-05 ; True ; 0 20 142 202 254 303 341 374 420 480 515 546 578 594 664 689  ; 6 1 6 8 6 9 9 5 6 8 
345.7 ; 4.831e-05 ; True ; 20 97 202 254 303 341 374 413 420 480 515 546 578 594 664 689  ; 7 1 5 7 8 9 9 5 6 8 
345.8 ; 4.885e-05 ; True ; 20 97 202 254 303 341 374 420 480 515 546 576 578 594 664 689  ; 6 1 5 7 7 9 8 6 7 7 
351.8 ; 4.974e-05 ; True ; 20 78 142 202 254 303 341 374 420 480 515 546 578 594 664 689  ; 6 1 5 9 7 9 8 6 7 7 
360.3 ; 5.042e-05 ; True ; 20 87 142 202 254 301 303 341 374 420 480 515 546 578 594 664 689  ; 7 1 6 9 6 9 8 5 6 9 
362.1 ; 5.333e-05 ; True ; 20 142 202 254 303 341 374 420 480 515 546 578 594 664 669 689  ; 6 1 6 8 6 9 9 6 6 8 
369.2 ; 5.377e-05 ; True ; 20 78 110 202 254 303 341 374 420 480 515 546 578 594 664 689  ; 7 1 5 9 7 8 9 6 7 8 
372 ; 5.394e-05 ; True ; 20 202 254 303 341 374 420 480 515 546 578 594 658 664 669 689  ; 7 1 6 8 6 8 9 5 7 9 
376.7 ; 5.591e-05 ; True ; 20 142 202 254 303 341 374 420 480 513 546 578 594 664 669 689  ; 6 1 6 8 6 10 9 6 6 8 
379.4 ; 5.665e-05 ; True ; 20 97 202 254 303 341 374 420 480 515 546 578 594 664 669 689  ; 6 1 6 7 7 9 9 6 6 8 
387.9 ; 5.841e-05 ; True ; 20 78 107 142 202 254 303 341 374 420 480 515 546 578 594 664 689  ; 6 1 5 9 7 9 9 6 8 8 
397.4 ; 5.934e-05 ; True ; 20 78 202 254 303 341 374 420 480 515 546 578 594 664 669 689  ; 6 1 6 8 7 8 9 6 7 8 
403 ; 5.984e-05 ; True ; 20 142 202 254 303 341 374 420 463 480 515 546 578 594 664 669 689  ; 7 1 6 8 6 9 10 6 6 9 
407.5 ; 6.018e-05 ; True ; 20 77 168 202 254 303 341 374 420 480 515 546 578 594 664 689  ; 7 1 6 8 7 9 9 6 6 8 
407.8 ; 6.176e-05 ; True ; 20 142 202 254 303 341 374 420 438 480 515 546 578 594 664 669 689  ; 6 1 6 9 6 10 9 6 7 8 
408.7 ; 6.237e-05 ; True ; 20 97 168 202 254 303 341 374 420 480 513 546 578 594 664 689  ; 7 1 6 7 7 10 9 6 6 8 
410.6 ; 6.252e-05 ; True ; 20 142 202 254 303 341 374 420 480 515 537 546 578 594 664 669 689  ; 6 1 6 8 6 9 10 6 7 9 
412.1 ; 6.287e-05 ; True ; 20 78 202 254 303 341 374 420 480 513 546 578 594 664 669 689  ; 6 1 6 8 7 9 9 6 7 8 
414.8 ; 6.305e-05 ; True ; 20 78 142 202 254 303 341 374 420 480 515 546 578 582 594 664 689  ; 6 1 6 9 7 9 8 7 7 7 
416.5 ; 6.337e-05 ; True ; 20 168 202 254 303 341 374 420 480 515 546 578 594 664 669 689  ; 7 1 7 7 6 8 10 6 6 9 
421.6 ; 6.778e-05 ; True ; 0 20 142 202 254 303 341 374 420 480 513 546 578 594 664 669 689  ; 6 1 7 8 6 10 10 6 6 9 
443.5 ; 6.886e-05 ; True ; 20 78 168 202 254 303 341 374 420 480 546 578 594 664 669 689  ; 7 1 7 8 7 8 10 6 6 9 
445.4 ; 6.89e-05 ; True ; 20 77 97 202 254 303 341 374 420 480 515 546 578 594 664 669 689  ; 6 1 6 8 8 10 9 7 6 8 
448.5 ; 6.922e-05 ; True ; 20 78 97 168 254 303 341 374 420 480 546 578 594 664 669 689  ; 7 1 7 7 7 8 9 7 6 8 
448.6 ; 6.983e-05 ; True ; 20 78 168 202 254 303 341 374 420 480 513 546 578 594 664 669  ; 7 1 6 8 7 9 10 7 6 9 
451.6 ; 7.434e-05 ; True ; 20 97 168 202 254 303 341 374 420 480 513 515 546 578 594 664 689  ; 7 1 6 7 7 10 9 7 7 8 
479.1 ; 7.627e-05 ; True ; 20 78 142 168 254 303 341 374 420 480 515 546 578 594 664 669 689  ; 7 1 7 8 6 8 9 8 7 8 
486.5 ; 7.639e-05 ; True ; 20 78 168 254 303 341 374 420 480 507 515 546 578 594 664 669 689  ; 7 1 7 8 7 7 10 7 7 9 
489.2 ; 8.207e-05 ; True ; 20 78 168 202 254 303 341 374 420 480 515 546 578 594 664 669 689  ; 7 1 7 8 7 8 10 7 7 9 
499.8 ; 8.28e-05 ; True ; 20 77 107 202 254 303 341 374 420 480 515 546 578 582 594 664 669 689  ; 6 1 7 8 7 9 10 7 7 9 
505.4 ; 8.414e-05 ; True ; 20 78 107 202 254 303 341 374 420 480 515 546 578 582 594 664 669 689  ; 6 1 7 8 7 8 10 7 8 9 
518.1 ; 8.61e-05 ; True ; 20 110 168 202 254 303 341 374 420 480 502 515 546 578 594 664 669 689  ; 8 1 8 8 6 8 11 7 6 11 
526.5 ; 8.732e-05 ; True ; 20 78 168 202 303 341 374 420 480 513 546 578 593 594 664 669 689  ; 6 1 7 7 7 9 10 8 7 9 
529.2 ; 8.86e-05 ; True ; 20 97 168 202 254 303 341 374 390 420 480 515 546 578 582 594 664 689  ; 7 1 7 8 7 10 10 8 6 9 
535.8 ; 9.019e-05 ; True ; 20 78 168 202 254 303 341 374 413 420 480 515 546 578 593 594 664 689  ; 8 1 6 8 8 9 10 7 8 9 
542.5 ; 9.447e-05 ; True ; 20 97 168 202 254 303 341 374 413 420 480 513 546 578 594 664 669 689  ; 8 1 7 7 8 10 11 7 6 10 
557.2 ; 9.734e-05 ; True ; 20 78 168 202 254 303 341 353 374 420 480 515 546 578 594 664 669 689  ; 7 1 8 8 7 8 10 8 7 9 
564.8 ; 9.857e-05 ; True ; 20 110 168 202 254 303 341 374 420 480 513 546 578 593 594 664 669 689  ; 8 1 7 8 6 10 11 8 7 10 
573.9 ; 0.0001031 ; True ; 20 78 168 202 254 303 341 353 374 420 480 513 546 578 594 664 669 689  ; 7 1 8 8 7 9 10 8 7 9 
579.9 ; 0.0001047 ; True ; 20 78 168 202 254 303 341 374 420 480 513 546 578 593 594 664 669 689  ; 7 1 7 8 7 10 10 8 8 9 
605.7 ; 0.0001074 ; True ; 20 78 168 202 254 303 341 374 390 413 420 480 515 546 578 582 594 664 689  ; 8 1 7 9 8 9 11 8 7 10 
638.6 ; 0.0001136 ; True ; 20 78 168 202 254 303 307 341 374 420 480 513 546 574 578 594 664 669 689  ; 8 1 7 9 8 10 11 7 8 10 
717.9 ; 0.0001214 ; True ; 20 110 165 168 202 254 303 341 374 420 480 513 518 546 578 593 594 664 669 689  ; 10 1 7 8 8 10 12 8 7 11 
718.4 ; 0.0001243 ; True ; 20 78 100 168 202 254 303 341 374 420 474 480 513 546 578 593 594 664 669 689  ; 9 1 7 9 8 10 11 8 8 10 
759.3 ; 0.0001252 ; True ; 20 78 168 202 254 267 277 303 341 374 420 480 513 546 578 594 660 664 669 689  ; 10 1 8 8 7 10 12 8 7 10 


