Iteration: 1000
 Population Size: 1000
RUN 1:
Optimum Distance: 11.84
Optimal Team: 23,367,684,
Required Skills: 0 1 4 5 9 10 11 14 16 18 23 24 
Distance; Skill Score; isValid; Team; Skill Counts
11.84 ; 2.946e-12 ; True ; 23 367 684  ; 1 1 1 2 2 1 1 1 1 1 1 1 
12.82 ; 3.231e-12 ; True ; 367 459 519  ; 1 1 1 2 1 1 1 1 2 1 1 1 
17.13 ; 6.394e-12 ; True ; 1 117 310 367  ; 1 1 1 2 1 1 2 2 1 1 1 1 
18.63 ; 1.034e-11 ; True ; 160 364 367 684  ; 2 1 1 3 2 1 1 1 1 1 1 2 
18.64 ; 1.164e-11 ; True ; 364 367 415 684  ; 2 1 1 3 1 1 1 2 1 1 1 2 
18.65 ; 1.362e-11 ; True ; 23 174 310 367  ; 1 1 1 2 3 1 2 2 1 1 1 1 
18.71 ; 2.319e-11 ; True ; 23 367 558 684  ; 1 1 1 2 3 2 1 1 2 1 1 2 
18.75 ; 2.739e-11 ; True ; 23 174 367 684  ; 1 1 1 3 3 1 2 2 1 2 1 1 
19.54 ; 4.373e-11 ; True ; 23 246 367 684  ; 1 1 1 2 3 2 1 2 2 1 1 2 
19.62 ; 4.601e-11 ; True ; 23 310 367 684  ; 2 1 1 2 3 1 2 2 1 1 2 1 
20.63 ; 5.073e-11 ; True ; 367 601 684 739  ; 2 1 1 3 2 1 1 3 2 1 1 2 
20.64 ; 8.406e-11 ; True ; 23 367 684 739  ; 2 1 1 3 3 2 1 2 2 1 1 2 
23.46 ; 9.129e-11 ; True ; 367 459 519 739  ; 2 1 1 3 2 2 1 2 3 1 1 2 
23.56 ; 1.059e-10 ; True ; 367 519 601 684  ; 1 1 1 3 2 1 2 3 2 2 2 1 
23.71 ; 1.336e-10 ; True ; 367 459 519 684  ; 2 1 1 3 2 1 2 2 2 2 2 1 
24.69 ; 1.755e-10 ; True ; 23 367 519 684  ; 1 1 1 3 3 2 2 2 2 2 2 1 
26.61 ; 1.94e-10 ; True ; 23 174 367 558 684  ; 1 1 1 3 4 2 2 2 2 2 1 2 
27.53 ; 2.169e-10 ; True ; 23 174 310 367 684  ; 2 1 1 3 4 1 3 3 1 2 2 1 
27.55 ; 2.377e-10 ; True ; 160 174 367 601 684  ; 2 1 1 4 3 1 2 3 2 2 1 2 
27.7 ; 2.489e-10 ; True ; 1 310 367 415 684  ; 3 1 1 3 2 1 2 3 2 1 2 2 
28.35 ; 2.747e-10 ; True ; 23 174 246 367 684  ; 1 1 1 3 4 2 2 3 2 2 1 2 
28.47 ; 3.258e-10 ; True ; 23 310 367 558 684  ; 2 1 1 2 4 2 2 2 2 1 2 2 
28.55 ; 3.279e-10 ; True ; 23 174 367 459 684  ; 2 1 2 4 3 1 2 2 2 2 1 2 
28.64 ; 3.386e-10 ; True ; 23 174 367 684 723  ; 1 1 2 4 3 2 2 2 2 2 1 2 
29.44 ; 3.99e-10 ; True ; 310 367 601 684 739  ; 3 1 1 3 3 1 2 4 2 1 2 2 
29.53 ; 5.018e-10 ; True ; 23 174 367 684 739  ; 2 1 1 4 4 2 2 3 2 2 1 2 
30.36 ; 5.074e-10 ; True ; 23 226 367 684 739  ; 2 1 1 4 4 2 2 3 2 1 2 2 
30.39 ; 5.984e-10 ; True ; 23 310 367 684 723  ; 2 1 2 3 3 2 2 2 2 1 2 2 
30.41 ; 6.683e-10 ; True ; 23 310 367 684 739  ; 3 1 1 3 4 2 2 3 2 1 2 2 
34.14 ; 7.551e-10 ; True ; 310 367 519 601 739  ; 2 1 1 3 3 2 2 4 3 1 2 2 
34.25 ; 8.067e-10 ; True ; 310 367 459 519 739  ; 3 1 1 3 3 2 2 3 3 1 2 2 
34.4 ; 9.532e-10 ; True ; 367 459 519 601 684  ; 2 1 2 4 2 1 2 3 3 2 2 2 
35.36 ; 1.135e-09 ; True ; 367 415 519 601 684  ; 2 1 1 4 2 2 2 4 3 2 2 2 
36.21 ; 1.145e-09 ; True ; 1 367 519 684 739  ; 2 1 1 4 3 2 2 3 3 2 2 2 
36.21 ; 1.443e-09 ; True ; 367 519 601 684 739  ; 2 1 1 4 3 2 2 4 3 2 2 2 
36.34 ; 1.542e-09 ; True ; 367 459 519 684 739  ; 3 1 1 4 3 2 2 3 3 2 2 2 
36.47 ; 1.58e-09 ; True ; 23 367 459 519 684  ; 2 1 2 4 3 2 2 2 3 2 2 2 
37.21 ; 1.817e-09 ; True ; 23 367 519 684 739  ; 2 1 1 4 4 3 2 3 3 2 2 2 
39.06 ; 1.831e-09 ; True ; 23 174 310 367 601 684  ; 2 1 2 4 4 1 3 4 2 2 2 2 
39.19 ; 1.956e-09 ; True ; 23 174 310 367 459 684  ; 3 1 2 4 4 1 3 3 2 2 2 2 
40.25 ; 2.68e-09 ; True ; 23 174 310 367 684 723  ; 2 1 2 4 4 2 3 3 2 2 2 2 
42.95 ; 3.192e-09 ; True ; 23 310 367 601 684 739  ; 3 1 2 4 4 2 2 4 3 1 2 3 
43.17 ; 3.513e-09 ; True ; 23 310 367 684 723 739  ; 3 1 2 4 4 3 2 3 3 1 2 3 
46.05 ; 4.224e-09 ; True ; 310 367 459 519 601 684  ; 3 1 2 4 3 1 3 4 3 2 3 2 
47.13 ; 4.565e-09 ; True ; 1 310 367 519 684 739  ; 3 1 1 4 4 2 3 4 3 2 3 2 
47.99 ; 5.4e-09 ; True ; 310 367 519 601 684 739  ; 3 1 1 4 4 2 3 5 3 2 3 2 
48.13 ; 5.489e-09 ; True ; 310 367 459 519 684 739  ; 4 1 1 4 4 2 3 4 3 2 3 2 
48.95 ; 6.623e-09 ; True ; 23 310 367 519 601 684  ; 2 1 2 4 4 2 3 4 3 2 3 2 
49.09 ; 7.075e-09 ; True ; 23 310 367 459 519 684  ; 3 1 2 4 4 2 3 3 3 2 3 2 
50.04 ; 7.431e-09 ; True ; 23 174 310 367 459 558 684  ; 3 1 2 4 5 2 3 3 3 2 2 3 
50.86 ; 7.618e-09 ; True ; 23 367 519 601 684 739  ; 2 1 2 5 4 3 2 4 4 2 2 3 
50.97 ; 8.139e-09 ; True ; 23 367 459 519 684 739  ; 3 1 2 5 4 3 2 3 4 2 2 3 
52.84 ; 8.302e-09 ; True ; 23 174 226 367 601 684 739  ; 2 1 2 6 5 2 3 5 3 2 2 3 
53.52 ; 9.365e-09 ; True ; 23 174 246 310 367 459 684  ; 3 1 2 4 5 2 3 4 3 2 2 3 
53.65 ; 9.647e-09 ; True ; 23 174 246 310 367 684 723  ; 2 1 2 4 5 3 3 4 3 2 2 3 
53.82 ; 1.115e-08 ; True ; 23 174 310 367 601 684 739  ; 3 1 2 5 5 2 3 5 3 2 2 3 
53.93 ; 1.134e-08 ; True ; 23 174 310 367 459 684 739  ; 4 1 2 5 5 2 3 4 3 2 2 3 
55.01 ; 1.308e-08 ; True ; 23 174 310 367 684 723 739  ; 3 1 2 5 5 3 3 4 3 2 2 3 
60.67 ; 1.518e-08 ; True ; 310 367 459 519 601 640 684  ; 3 1 2 5 4 2 3 4 4 2 3 3 
61.75 ; 1.546e-08 ; True ; 23 174 310 367 519 601 684  ; 2 1 2 5 5 2 4 5 3 3 3 2 
61.87 ; 1.781e-08 ; True ; 174 367 459 519 601 684 739  ; 3 1 2 6 4 2 3 5 4 3 2 3 
62.67 ; 1.796e-08 ; True ; 1 310 367 519 601 684 739  ; 3 1 2 5 4 2 3 5 4 2 3 3 
62.67 ; 2.16e-08 ; True ; 310 367 459 519 601 684 739  ; 4 1 2 5 4 2 3 5 4 2 3 3 
63.59 ; 2.225e-08 ; True ; 23 310 367 459 519 601 684  ; 3 1 3 5 4 2 3 4 4 2 3 3 
64.76 ; 2.266e-08 ; True ; 23 174 367 459 519 684 739  ; 3 1 2 6 5 3 3 4 4 3 2 3 
65.45 ; 2.27e-08 ; True ; 23 246 310 367 459 519 684  ; 3 1 2 4 5 3 3 4 4 2 3 3 
65.45 ; 2.703e-08 ; True ; 23 310 367 519 601 684 739  ; 3 1 2 5 5 3 3 5 4 2 3 3 
65.57 ; 2.748e-08 ; True ; 23 310 367 459 519 684 739  ; 4 1 2 5 5 3 3 4 4 2 3 3 
66.67 ; 2.824e-08 ; True ; 23 310 367 519 684 723 739  ; 3 1 2 5 5 4 3 4 4 2 3 3 
68.45 ; 2.97e-08 ; True ; 23 174 310 367 459 601 684 739  ; 4 1 3 6 5 2 3 5 4 2 2 4 
70.35 ; 3.035e-08 ; True ; 23 174 246 310 367 684 723 739  ; 3 1 2 5 6 4 3 5 4 2 2 4 
70.49 ; 3.426e-08 ; True ; 23 174 310 367 601 684 723 739  ; 3 1 3 6 5 3 3 5 4 2 2 4 
70.6 ; 3.482e-08 ; True ; 23 174 310 367 459 684 723 739  ; 4 1 3 6 5 3 3 4 4 2 2 4 
73.73 ; 3.521e-08 ; True ; 174 310 367 459 519 558 601 684  ; 3 1 2 5 5 2 4 5 4 3 3 3 
74.54 ; 3.528e-08 ; True ; 119 174 310 367 459 519 601 684  ; 3 1 2 6 5 2 4 5 4 3 3 3 
76.51 ; 4.824e-08 ; True ; 174 310 367 459 519 601 684 739  ; 4 1 2 6 5 2 4 6 4 3 3 3 
77.38 ; 5.17e-08 ; True ; 23 174 310 367 459 519 601 684  ; 3 1 3 6 5 2 4 5 4 3 3 3 
80.24 ; 5.859e-08 ; True ; 23 174 310 367 519 601 684 739  ; 3 1 2 6 6 3 4 6 4 3 3 3 
80.36 ; 6.196e-08 ; True ; 23 174 310 367 459 519 684 739  ; 4 1 2 6 6 3 4 5 4 3 3 3 
82.07 ; 6.764e-08 ; True ; 23 310 367 459 519 601 684 739  ; 4 1 3 6 5 3 3 5 5 2 3 4 
84.13 ; 6.952e-08 ; True ; 23 310 367 519 601 684 723 739  ; 3 1 3 6 5 4 3 5 5 2 3 4 
84.25 ; 7.067e-08 ; True ; 23 310 367 459 519 684 723 739  ; 4 1 3 6 5 4 3 4 5 2 3 4 
86.9 ; 7.493e-08 ; True ; 23 174 226 310 367 601 684 723 739  ; 3 1 3 7 6 3 4 6 4 2 3 4 
87.08 ; 7.59e-08 ; True ; 23 147 174 310 367 601 684 723 739  ; 3 1 3 7 6 3 4 5 4 2 3 5 
87.15 ; 7.715e-08 ; True ; 23 147 174 310 367 459 684 723 739  ; 4 1 3 7 6 3 4 4 4 2 3 5 
87.88 ; 7.924e-08 ; True ; 23 174 226 310 367 459 684 723 739  ; 4 1 3 7 6 3 4 5 4 2 3 4 
92.53 ; 8.466e-08 ; True ; 23 117 174 310 367 459 601 684 739  ; 4 1 3 7 5 3 4 6 4 3 2 4 
93.12 ; 9.487e-08 ; True ; 147 174 310 367 459 519 601 684 739  ; 4 1 2 7 6 2 5 6 4 3 4 4 
93.95 ; 1.017e-07 ; True ; 23 147 174 310 367 459 519 601 684  ; 3 1 3 7 6 2 5 5 4 3 4 4 
94.13 ; 1.07e-07 ; True ; 23 174 310 367 459 519 558 601 684  ; 3 1 3 6 6 3 4 5 5 3 3 4 
96.28 ; 1.118e-07 ; True ; 23 174 310 367 459 519 558 684 723  ; 3 1 3 6 6 4 4 4 5 3 3 4 
97.06 ; 1.234e-07 ; True ; 23 147 174 367 459 519 601 684 739  ; 3 1 3 8 6 3 4 5 5 3 3 5 
97.84 ; 1.464e-07 ; True ; 23 174 310 367 459 519 601 684 739  ; 4 1 3 7 6 3 4 6 5 3 3 4 
100.9 ; 1.505e-07 ; True ; 23 174 310 367 519 601 684 723 739  ; 3 1 3 7 6 4 4 6 5 3 3 4 
101 ; 1.591e-07 ; True ; 23 174 310 367 459 519 684 723 739  ; 4 1 3 7 6 4 4 5 5 3 3 4 
107.9 ; 1.628e-07 ; True ; 23 310 367 459 519 601 684 739 821  ; 5 1 3 7 6 3 3 6 5 3 4 4 
108.9 ; 1.718e-07 ; True ; 23 117 310 367 459 519 601 684 739  ; 4 1 3 7 5 4 4 6 5 3 3 4 
110 ; 1.776e-07 ; True ; 23 310 367 519 601 684 723 739 821  ; 4 1 3 7 6 4 3 6 5 3 4 4 
111.7 ; 1.943e-07 ; True ; 23 147 174 310 367 459 519 558 601 684  ; 3 1 3 7 7 3 5 5 5 3 4 5 
114.7 ; 1.948e-07 ; True ; 23 147 174 367 459 519 601 650 684 739  ; 3 1 3 9 6 3 4 5 5 4 4 5 
114.8 ; 2.03e-07 ; True ; 23 147 174 310 367 459 519 558 684 723  ; 3 1 3 7 7 4 5 4 5 3 4 5 
115.4 ; 2.21e-07 ; True ; 23 147 174 226 367 459 519 601 684 739  ; 3 1 3 9 7 3 5 6 5 3 4 5 
115.7 ; 2.211e-07 ; True ; 23 174 310 367 459 519 558 601 684 723  ; 3 1 4 7 6 4 4 5 6 3 3 5 
116.3 ; 2.312e-07 ; True ; 23 174 310 367 459 519 601 650 684 739  ; 4 1 3 8 6 3 4 6 5 4 4 4 
116.4 ; 2.657e-07 ; True ; 23 147 174 310 367 459 519 601 684 739  ; 4 1 3 8 7 3 5 6 5 3 4 5 
120.4 ; 3.023e-07 ; True ; 23 174 310 367 459 519 601 684 723 739  ; 4 1 4 8 6 4 4 6 6 3 3 5 
129.5 ; 3.176e-07 ; True ; 23 117 147 310 367 459 519 601 684 739  ; 4 1 3 8 6 4 5 6 5 3 4 5 
129.7 ; 3.27e-07 ; True ; 23 174 310 367 519 601 684 723 739 821  ; 4 1 3 8 7 4 4 7 5 4 4 4 
130.7 ; 3.346e-07 ; True ; 23 174 310 367 459 519 684 723 739 821  ; 5 1 3 8 7 4 4 6 5 4 4 4 
131.3 ; 3.448e-07 ; True ; 23 106 174 310 367 459 519 601 684 739  ; 4 1 3 8 6 4 5 6 5 4 4 4 
135.5 ; 3.521e-07 ; True ; 23 106 174 310 367 459 519 684 723 739  ; 4 1 3 8 6 5 5 5 5 4 4 4 
135.6 ; 3.632e-07 ; True ; 23 117 147 174 310 367 459 601 684 723 739  ; 4 1 4 9 6 4 5 6 5 3 3 6 
135.9 ; 3.939e-07 ; True ; 23 147 174 310 367 459 519 601 650 684 739  ; 4 1 3 9 7 3 5 6 5 4 5 5 
136.1 ; 4.144e-07 ; True ; 23 147 174 310 367 459 519 558 601 684 739  ; 4 1 3 8 8 4 5 6 6 3 4 6 
138.7 ; 4.145e-07 ; True ; 23 147 174 310 367 459 519 601 640 684 739  ; 4 1 3 9 8 4 5 6 6 3 4 6 
139.2 ; 4.233e-07 ; True ; 23 147 174 310 367 459 519 558 684 723 739  ; 4 1 3 8 8 5 5 5 6 3 4 6 
139.6 ; 4.393e-07 ; True ; 23 147 174 246 310 367 459 519 601 684 723  ; 3 1 4 8 7 4 5 6 6 3 4 6 
140.1 ; 4.393e-07 ; True ; 23 147 174 226 367 459 519 601 684 723 739  ; 3 1 4 10 7 4 5 6 6 3 4 6 
140.4 ; 4.586e-07 ; True ; 23 147 174 246 310 367 459 519 601 684 739  ; 4 1 3 8 8 4 5 7 6 3 4 6 
140.9 ; 4.596e-07 ; True ; 23 132 174 310 367 459 519 601 684 723 739  ; 4 1 4 8 6 4 4 6 7 3 4 6 
140.9 ; 5.282e-07 ; True ; 23 147 174 310 367 459 519 601 684 723 739  ; 4 1 4 9 7 4 5 6 6 3 4 6 
149.6 ; 5.474e-07 ; True ; 23 147 174 367 459 519 601 684 723 739 821  ; 4 1 4 10 7 4 4 6 6 4 4 6 
152.1 ; 6.187e-07 ; True ; 23 174 310 367 459 519 601 684 723 739 821  ; 5 1 4 9 7 4 4 7 6 4 4 5 
157.9 ; 6.69e-07 ; True ; 23 106 174 310 367 459 519 601 684 723 739  ; 4 1 4 9 6 5 5 6 6 4 4 5 
161.6 ; 7.357e-07 ; True ; 23 147 174 310 367 459 519 558 601 684 723 739  ; 4 1 4 9 8 5 5 6 7 3 4 7 
164.1 ; 7.522e-07 ; True ; 23 132 174 226 310 367 459 519 601 684 723 739  ; 4 1 4 9 7 4 5 7 7 3 5 6 
164.1 ; 8.209e-07 ; True ; 23 147 174 226 310 367 459 519 601 684 723 739  ; 4 1 4 10 8 4 6 7 6 3 5 6 
173.4 ; 8.857e-07 ; True ; 23 147 174 246 310 367 459 519 601 684 723 821  ; 4 1 4 9 8 4 5 7 6 4 5 6 
173.9 ; 8.858e-07 ; True ; 23 147 174 226 367 459 519 601 684 723 739 821  ; 4 1 4 11 8 4 5 7 6 4 5 6 
175.2 ; 9.021e-07 ; True ; 23 147 174 310 367 415 459 519 601 684 723 739  ; 5 1 4 10 7 5 5 7 7 3 4 7 
175.6 ; 1.003e-06 ; True ; 23 147 174 310 367 459 519 601 684 723 739 821  ; 5 1 4 10 8 4 5 7 6 4 5 6 
181.3 ; 1.054e-06 ; True ; 23 106 147 174 310 367 459 519 601 684 723 739  ; 4 1 4 10 7 5 6 6 6 4 5 6 
186.6 ; 1.097e-06 ; True ; 23 132 147 174 226 310 367 459 519 601 684 723 739  ; 4 1 4 10 8 4 6 7 7 3 6 7 
186.7 ; 1.135e-06 ; True ; 23 147 174 226 310 367 459 519 558 601 684 723 739  ; 4 1 4 10 9 5 6 7 7 3 5 7 
191.6 ; 1.14e-06 ; True ; 23 117 147 310 367 459 519 601 684 723 739 821  ; 5 1 4 10 7 5 5 7 6 4 5 6 
192.5 ; 1.177e-06 ; True ; 1 23 147 174 226 310 367 459 519 601 684 723 739  ; 4 1 5 11 8 4 6 7 7 3 5 7 
194.4 ; 1.207e-06 ; True ; 23 106 174 310 367 459 519 601 684 723 739 821  ; 5 1 4 10 7 5 5 7 6 5 5 5 
196.9 ; 1.219e-06 ; True ; 23 174 226 243 246 310 367 459 519 601 684 723 739  ; 4 1 4 9 9 5 6 9 7 3 5 6 
199.1 ; 1.387e-06 ; True ; 23 147 174 310 367 459 519 558 601 684 723 739 821  ; 5 1 4 10 9 5 5 7 7 4 5 7 
201.7 ; 1.458e-06 ; True ; 23 147 174 226 310 367 459 519 601 684 723 739 821  ; 5 1 4 11 9 4 6 8 6 4 6 6 
203.4 ; 1.505e-06 ; True ; 23 147 174 246 310 367 459 519 601 684 723 739 821  ; 5 1 4 10 9 5 5 8 7 4 5 7 
207.5 ; 1.531e-06 ; True ; 23 106 147 174 226 310 367 459 519 601 684 723 739  ; 4 1 4 11 8 5 7 7 6 4 6 6 
211.9 ; 1.585e-06 ; True ; 23 117 147 174 310 367 415 459 519 601 684 723 739  ; 5 1 4 11 7 6 6 8 7 4 4 7 
212.8 ; 1.62e-06 ; True ; 23 147 174 310 367 415 459 519 601 684 723 739 821  ; 6 1 4 11 8 5 5 8 7 4 5 7 
215.2 ; 1.72e-06 ; True ; 23 117 147 174 310 367 459 519 601 684 723 739 821  ; 5 1 4 11 8 5 6 8 6 5 5 6 
220.6 ; 1.731e-06 ; True ; 23 106 147 174 310 367 415 459 519 601 684 723 739  ; 5 1 4 11 7 6 6 7 7 4 5 7 
220.9 ; 1.805e-06 ; True ; 23 106 147 174 310 367 459 519 601 684 723 739 821  ; 5 1 4 11 8 5 6 7 6 5 6 6 
227.1 ; 1.898e-06 ; True ; 23 132 147 174 226 310 367 459 519 601 684 723 739 821  ; 5 1 4 11 9 4 6 8 7 4 7 7 
227.2 ; 2.006e-06 ; True ; 23 147 174 226 310 367 459 519 558 601 684 723 739 821  ; 5 1 4 11 10 5 6 8 7 4 6 7 
232.9 ; 2.021e-06 ; True ; 23 106 147 174 226 310 367 459 519 601 632 684 723 739  ; 4 1 5 12 8 5 7 7 6 4 6 7 
233.8 ; 2.034e-06 ; True ; 23 106 147 174 226 310 367 459 519 594 601 684 723 739  ; 5 1 4 12 8 5 7 7 7 4 6 7 
239.4 ; 2.316e-06 ; True ; 23 117 147 174 226 310 367 415 459 519 601 684 723 739  ; 5 1 4 12 8 6 7 9 7 4 5 7 
240.9 ; 2.321e-06 ; True ; 23 147 174 226 310 367 415 459 519 601 684 723 739 821  ; 6 1 4 12 9 5 6 9 7 4 6 7 
243.6 ; 2.397e-06 ; True ; 23 117 147 174 226 310 367 459 519 601 684 723 739 821  ; 5 1 4 12 9 5 7 9 6 5 6 6 
246.4 ; 2.447e-06 ; True ; 23 117 147 174 246 310 367 459 519 601 684 723 739 821  ; 5 1 4 11 9 6 6 9 7 5 5 7 
248.7 ; 2.466e-06 ; True ; 23 106 147 174 226 310 367 415 459 519 601 684 723 739  ; 5 1 4 12 8 6 7 8 7 4 6 7 
249.9 ; 2.485e-06 ; True ; 23 106 147 174 226 310 367 459 519 601 684 723 739 821  ; 5 1 4 12 9 5 7 8 6 5 7 6 
252.7 ; 2.607e-06 ; True ; 23 106 147 174 246 310 367 459 519 601 684 723 739 821  ; 5 1 4 11 9 6 6 8 7 5 6 7 
253.3 ; 2.634e-06 ; True ; 23 117 147 174 310 367 415 459 519 601 684 723 739 821  ; 6 1 4 12 8 6 6 9 7 5 5 7 
262.3 ; 2.679e-06 ; True ; 23 106 117 174 226 310 367 415 459 519 601 684 723 739  ; 5 1 4 12 7 7 7 9 7 5 5 6 
263 ; 2.806e-06 ; True ; 23 106 147 174 310 367 415 459 519 601 684 723 739 821  ; 6 1 4 12 8 6 6 8 7 5 6 7 
269.8 ; 2.847e-06 ; True ; 23 94 147 174 310 367 415 459 519 601 684 723 739 821  ; 6 1 4 12 9 6 6 8 7 5 6 7 
271.9 ; 2.907e-06 ; True ; 23 147 174 226 246 310 367 459 519 601 684 723 739 821 850  ; 5 1 5 11 10 5 6 9 7 4 7 7 
274 ; 2.964e-06 ; True ; 23 119 147 174 226 310 367 415 459 519 601 684 723 739 821  ; 6 1 4 13 10 6 6 9 8 4 6 8 
275.5 ; 3.025e-06 ; True ; 23 117 147 174 246 310 367 459 519 601 684 723 739 762 821  ; 6 1 4 12 9 6 6 9 8 5 5 8 
276 ; 3.098e-06 ; True ; 23 147 174 226 243 310 367 415 459 519 601 684 723 739 821  ; 6 1 4 12 10 5 7 10 7 4 7 7 
277.7 ; 3.143e-06 ; True ; 23 117 147 174 226 310 367 459 510 519 601 684 723 739 821  ; 5 1 4 13 9 6 7 9 7 5 6 7 
278.1 ; 3.223e-06 ; True ; 23 117 147 174 226 310 367 415 459 519 601 684 723 739 850  ; 5 1 5 12 8 6 7 9 7 4 6 7 
278.3 ; 3.282e-06 ; True ; 23 106 147 174 226 310 367 459 519 601 632 684 723 739 821  ; 5 1 5 13 9 5 7 8 6 5 7 7 
279.4 ; 3.29e-06 ; True ; 23 106 147 174 226 310 367 459 519 558 601 684 723 739 821  ; 5 1 4 12 10 6 7 8 7 5 7 7 
283.8 ; 3.63e-06 ; True ; 23 117 147 174 226 310 367 415 459 519 601 684 723 739 821  ; 6 1 4 13 9 6 7 10 7 5 6 7 
293 ; 3.666e-06 ; True ; 23 117 147 174 310 367 415 459 519 601 684 723 739 821 850  ; 6 1 5 12 8 6 6 9 7 5 6 7 
294.1 ; 3.806e-06 ; True ; 23 106 147 174 226 310 367 415 459 519 601 684 723 739 821  ; 6 1 4 13 9 6 7 9 7 5 7 7 
301.8 ; 3.843e-06 ; True ; 23 94 147 174 226 310 367 415 459 519 601 684 723 739 821  ; 6 1 4 13 10 6 7 9 7 5 7 7 
306.7 ; 4.052e-06 ; True ; 23 106 147 174 246 310 367 432 459 519 601 684 723 739 821  ; 5 1 5 11 9 6 7 8 7 6 6 7 
308.6 ; 4.068e-06 ; True ; 23 106 117 174 226 310 367 415 459 519 601 684 723 739 821  ; 6 1 4 13 8 7 7 10 7 6 6 6 
314.6 ; 4.218e-06 ; True ; 23 94 117 147 174 310 367 415 459 519 601 684 723 739 821  ; 6 1 4 13 9 7 7 9 7 6 6 7 
316.9 ; 4.315e-06 ; True ; 23 106 174 226 310 367 415 432 459 519 601 684 723 739 821  ; 6 1 5 12 8 6 7 9 7 6 6 6 
317.1 ; 4.361e-06 ; True ; 23 106 147 174 310 367 415 432 459 519 601 684 723 739 821  ; 6 1 5 12 8 6 7 8 7 6 6 7 
319.9 ; 4.735e-06 ; True ; 23 117 147 174 226 246 310 367 415 459 519 601 684 723 739 821  ; 6 1 4 13 10 7 7 11 8 5 6 8 
326.6 ; 4.736e-06 ; True ; 23 106 147 174 226 310 367 415 459 519 558 601 684 723 739 821  ; 6 1 4 13 10 7 7 9 8 5 7 8 
330.9 ; 5.009e-06 ; True ; 23 106 147 174 226 246 310 367 415 459 519 601 684 723 739 821  ; 6 1 4 13 10 7 7 10 8 5 7 8 
336.7 ; 5.056e-06 ; True ; 23 106 147 174 226 310 367 415 459 519 601 684 723 739 821 850  ; 6 1 5 13 9 6 7 9 7 5 8 7 
342 ; 5.236e-06 ; True ; 23 106 136 147 174 226 310 367 415 459 519 601 684 723 739 821  ; 7 1 4 13 10 6 7 9 8 6 7 8 
347.3 ; 5.299e-06 ; True ; 23 106 147 174 226 310 367 415 459 519 601 674 684 723 739 821  ; 6 1 5 14 10 6 7 9 7 6 7 7 
351.1 ; 5.798e-06 ; True ; 23 106 147 174 226 310 367 415 432 459 519 601 684 723 739 821  ; 6 1 5 13 9 6 8 9 7 6 7 7 
361.7 ; 5.809e-06 ; True ; 23 106 174 243 246 310 367 415 432 459 519 601 684 723 739 821  ; 6 1 5 11 9 7 7 10 8 6 6 7 
366.1 ; 6.034e-06 ; True ; 23 106 117 174 226 310 367 415 432 459 519 601 684 723 739 821  ; 6 1 5 13 8 7 8 10 7 7 6 6 
370.7 ; 6.102e-06 ; True ; 23 106 147 174 226 310 367 415 459 519 601 684 723 739 762 821 850  ; 7 1 5 14 9 6 7 9 8 5 8 8 
372.1 ; 6.291e-06 ; True ; 23 106 147 174 226 310 367 415 459 519 558 601 684 723 739 821 850  ; 6 1 5 13 10 7 7 9 8 5 8 8 
375.7 ; 6.291e-06 ; True ; 23 106 119 147 174 226 310 367 415 459 519 601 684 723 739 821 850  ; 6 1 5 14 10 7 7 9 8 5 8 8 
384.6 ; 6.294e-06 ; True ; 23 106 117 174 226 310 367 415 459 519 601 684 723 739 821 827  ; 6 1 5 13 8 7 7 10 8 7 6 7 
387.4 ; 6.77e-06 ; True ; 23 106 117 174 226 310 367 415 459 519 601 684 723 739 762 821 850  ; 7 1 5 14 8 7 7 10 8 6 7 7 
391.8 ; 7.008e-06 ; True ; 23 106 117 174 226 310 367 415 459 519 601 684 723 739 815 821 850  ; 7 1 5 14 9 7 7 10 7 6 8 7 
393.2 ; 7.312e-06 ; True ; 23 106 117 147 174 246 310 367 415 459 519 601 684 723 739 821 850  ; 6 1 5 13 9 8 7 10 8 6 7 8 
395.7 ; 7.395e-06 ; True ; 23 106 147 174 226 310 367 415 432 459 519 601 684 723 739 821 850  ; 6 1 6 13 9 6 8 9 7 6 8 7 
407.5 ; 7.427e-06 ; True ; 23 94 106 147 174 226 310 367 415 459 519 601 684 723 739 821 850  ; 6 1 5 14 10 7 8 9 7 6 9 7 
413.1 ; 7.591e-06 ; True ; 23 94 106 147 174 246 310 367 415 459 519 601 684 723 739 821 850  ; 6 1 5 13 10 8 7 9 8 6 8 8 
417.8 ; 7.621e-06 ; True ; 23 106 147 174 226 310 367 415 459 519 545 601 684 723 739 821 827  ; 6 1 5 14 10 6 8 10 8 6 8 8 
421.3 ; 7.763e-06 ; True ; 23 106 117 226 243 310 367 415 432 459 519 601 684 723 739 821 850  ; 6 1 6 12 8 7 8 10 7 6 8 6 
432.5 ; 8.146e-06 ; True ; 23 106 117 160 174 226 310 367 459 519 558 601 684 723 739 815 821 850  ; 7 1 5 14 11 8 7 9 8 6 8 8 
440.3 ; 8.32e-06 ; True ; 23 106 117 128 174 226 310 367 415 459 519 601 684 723 739 815 821 850  ; 8 1 5 15 9 7 7 10 8 6 8 8 
442.4 ; 8.331e-06 ; True ; 23 117 147 174 226 310 367 394 415 459 519 601 684 723 739 821 838 850  ; 7 1 5 15 10 7 8 10 8 6 8 7 
443.9 ; 8.572e-06 ; True ; 23 106 119 147 174 246 310 367 415 432 459 519 601 684 723 739 815 821  ; 7 1 5 14 11 8 7 9 9 6 7 10 
455.3 ; 9.681e-06 ; True ; 23 106 117 147 174 310 367 415 432 459 519 578 601 684 723 739 821 850  ; 7 1 6 14 8 7 8 9 8 7 7 8 
471.8 ; 1.04e-05 ; True ; 23 106 117 147 174 226 243 310 367 415 459 519 601 684 723 739 821 827  ; 6 1 5 14 10 7 9 11 8 7 8 8 
498.6 ; 1.06e-05 ; True ; 23 106 147 160 174 310 367 415 432 459 475 519 601 684 723 739 821 850  ; 7 1 6 14 10 8 8 9 8 7 7 8 
501.7 ; 1.061e-05 ; True ; 23 106 117 174 226 310 367 415 459 519 601 684 723 739 821 827 838 850  ; 6 1 6 14 8 7 8 10 8 8 8 7 
502.4 ; 1.106e-05 ; True ; 23 106 119 147 174 226 310 367 415 432 459 519 544 601 684 723 739 821 850  ; 7 1 6 15 11 8 8 9 8 6 8 9 
523.8 ; 1.119e-05 ; True ; 23 106 147 174 226 310 367 415 459 519 545 601 673 684 723 739 821 827 850  ; 6 1 6 15 10 6 8 10 9 6 10 9 
524.1 ; 1.151e-05 ; True ; 23 106 117 174 226 310 367 415 432 459 519 601 673 684 723 739 815 838 850  ; 6 1 6 15 8 7 9 9 8 7 9 8 
528.7 ; 1.255e-05 ; True ; 23 106 117 174 226 310 367 415 432 459 519 601 684 723 739 815 821 838 850  ; 7 1 6 15 9 7 9 10 7 8 9 7 
546.8 ; 1.266e-05 ; True ; 23 106 147 174 226 246 310 367 374 415 432 459 519 601 684 739 821 827 850  ; 7 1 6 13 11 7 8 10 9 7 8 9 
551 ; 1.283e-05 ; True ; 23 94 106 160 174 226 310 367 415 432 459 519 601 684 723 739 821 837 850  ; 8 1 6 15 11 9 8 9 8 7 8 8 
568.6 ; 1.379e-05 ; True ; 23 106 117 174 205 226 243 310 367 415 432 459 519 601 684 723 739 821 827  ; 7 1 6 14 10 8 9 11 8 8 7 8 
594.7 ; 1.438e-05 ; True ; 23 106 117 174 243 310 361 367 415 432 459 519 601 684 723 739 815 821 838 850  ; 7 1 6 15 10 8 9 10 7 8 9 8 
607.7 ; 1.568e-05 ; True ; 23 24 106 147 174 226 243 310 367 415 432 459 519 601 684 723 739 821 827 850  ; 6 1 7 14 10 7 9 10 9 7 9 9 
666.3 ; 1.678e-05 ; True ; 23 94 106 147 174 226 310 367 415 459 519 558 601 641 684 723 739 821 827 838 850  ; 6 1 6 16 11 8 9 9 9 8 11 9 
676.8 ; 2.036e-05 ; True ; 23 106 143 147 160 174 226 243 310 367 415 432 459 519 601 684 723 739 821 827 850  ; 7 1 7 15 12 8 10 11 9 7 9 9 
703.2 ; 2.053e-05 ; True ; 23 94 117 160 174 226 310 367 399 415 432 459 519 601 684 723 739 821 827 837 850  ; 8 1 7 16 11 9 9 11 9 9 7 9 
743.7 ; 2.054e-05 ; True ; 23 94 106 160 226 243 310 367 374 415 459 480 519 601 684 723 739 821 827 838 850  ; 8 1 6 16 12 9 8 10 11 8 10 10 
816.9 ; 2.196e-05 ; True ; 23 94 106 147 174 254 310 367 415 459 480 519 558 601 684 723 739 792 821 827 838 850  ; 6 1 6 17 11 8 10 10 10 10 10 10 
820.9 ; 2.255e-05 ; True ; 23 94 117 160 174 243 302 310 367 374 415 459 480 519 601 684 723 739 821 827 838 850  ; 9 1 6 17 13 10 8 11 11 9 8 11 
839.6 ; 2.716e-05 ; True ; 23 94 106 160 174 226 243 310 359 367 415 432 459 519 558 601 684 723 739 821 827 838 850  ; 7 1 7 16 12 9 10 11 10 9 10 9 
995.9 ; 2.763e-05 ; True ; 23 94 147 174 225 243 310 367 374 399 415 432 459 475 519 601 632 662 684 792 821 827 837 850  ; 8 1 7 17 12 8 11 11 8 10 10 9 


RUN 2:
Optimum Distance: 11.84
Optimal Team: 23,367,684,
Required Skills: 0 1 4 5 9 10 11 14 16 18 23 24 
Distance; Skill Score; isValid; Team; Skill Counts
11.84 ; 2.946e-12 ; True ; 23 367 684  ; 1 1 1 2 2 1 1 1 1 1 1 1 
12.82 ; 3.231e-12 ; True ; 367 459 519  ; 1 1 1 2 1 1 1 1 2 1 1 1 
18.65 ; 1.362e-11 ; True ; 23 174 310 367  ; 1 1 1 2 3 1 2 2 1 1 1 1 
18.71 ; 2.319e-11 ; True ; 23 367 558 684  ; 1 1 1 2 3 2 1 1 2 1 1 2 
18.75 ; 2.739e-11 ; True ; 23 174 367 684  ; 1 1 1 3 3 1 2 2 1 2 1 1 
19.54 ; 4.373e-11 ; True ; 23 246 367 684  ; 1 1 1 2 3 2 1 2 2 1 1 2 
19.62 ; 4.601e-11 ; True ; 23 310 367 684  ; 2 1 1 2 3 1 2 2 1 1 2 1 
20.63 ; 5.073e-11 ; True ; 367 601 684 739  ; 2 1 1 3 2 1 1 3 2 1 1 2 
20.64 ; 8.406e-11 ; True ; 23 367 684 739  ; 2 1 1 3 3 2 1 2 2 1 1 2 
23.46 ; 9.129e-11 ; True ; 367 459 519 739  ; 2 1 1 3 2 2 1 2 3 1 1 2 
23.56 ; 1.059e-10 ; True ; 367 519 601 684  ; 1 1 1 3 2 1 2 3 2 2 2 1 
23.71 ; 1.336e-10 ; True ; 367 459 519 684  ; 2 1 1 3 2 1 2 2 2 2 2 1 
24.69 ; 1.755e-10 ; True ; 23 367 519 684  ; 1 1 1 3 3 2 2 2 2 2 2 1 
26.61 ; 1.94e-10 ; True ; 23 174 367 558 684  ; 1 1 1 3 4 2 2 2 2 2 1 2 
27.53 ; 2.169e-10 ; True ; 23 174 310 367 684  ; 2 1 1 3 4 1 3 3 1 2 2 1 
27.55 ; 2.377e-10 ; True ; 160 174 367 601 684  ; 2 1 1 4 3 1 2 3 2 2 1 2 
27.7 ; 2.489e-10 ; True ; 1 310 367 415 684  ; 3 1 1 3 2 1 2 3 2 1 2 2 
28.35 ; 2.747e-10 ; True ; 23 174 246 367 684  ; 1 1 1 3 4 2 2 3 2 2 1 2 
28.47 ; 3.258e-10 ; True ; 23 310 367 558 684  ; 2 1 1 2 4 2 2 2 2 1 2 2 
28.55 ; 3.279e-10 ; True ; 23 174 367 459 684  ; 2 1 2 4 3 1 2 2 2 2 1 2 
28.64 ; 3.386e-10 ; True ; 23 174 367 684 723  ; 1 1 2 4 3 2 2 2 2 2 1 2 
29.44 ; 3.99e-10 ; True ; 310 367 601 684 739  ; 3 1 1 3 3 1 2 4 2 1 2 2 
29.53 ; 5.018e-10 ; True ; 23 174 367 684 739  ; 2 1 1 4 4 2 2 3 2 2 1 2 
30.36 ; 5.074e-10 ; True ; 23 226 367 684 739  ; 2 1 1 4 4 2 2 3 2 1 2 2 
30.39 ; 5.984e-10 ; True ; 23 310 367 684 723  ; 2 1 2 3 3 2 2 2 2 1 2 2 
30.41 ; 6.683e-10 ; True ; 23 310 367 684 739  ; 3 1 1 3 4 2 2 3 2 1 2 2 
34.14 ; 7.551e-10 ; True ; 310 367 519 601 739  ; 2 1 1 3 3 2 2 4 3 1 2 2 
34.25 ; 8.067e-10 ; True ; 310 367 459 519 739  ; 3 1 1 3 3 2 2 3 3 1 2 2 
34.4 ; 9.532e-10 ; True ; 367 459 519 601 684  ; 2 1 2 4 2 1 2 3 3 2 2 2 
35.36 ; 1.135e-09 ; True ; 367 415 519 601 684  ; 2 1 1 4 2 2 2 4 3 2 2 2 
36.21 ; 1.145e-09 ; True ; 1 367 519 684 739  ; 2 1 1 4 3 2 2 3 3 2 2 2 
36.21 ; 1.443e-09 ; True ; 367 519 601 684 739  ; 2 1 1 4 3 2 2 4 3 2 2 2 
36.34 ; 1.542e-09 ; True ; 367 459 519 684 739  ; 3 1 1 4 3 2 2 3 3 2 2 2 
36.47 ; 1.58e-09 ; True ; 23 367 459 519 684  ; 2 1 2 4 3 2 2 2 3 2 2 2 
37.21 ; 1.817e-09 ; True ; 23 367 519 684 739  ; 2 1 1 4 4 3 2 3 3 2 2 2 
39.06 ; 1.831e-09 ; True ; 23 174 310 367 601 684  ; 2 1 2 4 4 1 3 4 2 2 2 2 
39.19 ; 1.956e-09 ; True ; 23 174 310 367 459 684  ; 3 1 2 4 4 1 3 3 2 2 2 2 
40.25 ; 2.68e-09 ; True ; 23 174 310 367 684 723  ; 2 1 2 4 4 2 3 3 2 2 2 2 
42.95 ; 3.192e-09 ; True ; 23 310 367 601 684 739  ; 3 1 2 4 4 2 2 4 3 1 2 3 
43.17 ; 3.513e-09 ; True ; 23 310 367 684 723 739  ; 3 1 2 4 4 3 2 3 3 1 2 3 
46.05 ; 4.224e-09 ; True ; 310 367 459 519 601 684  ; 3 1 2 4 3 1 3 4 3 2 3 2 
47.13 ; 4.565e-09 ; True ; 1 310 367 519 684 739  ; 3 1 1 4 4 2 3 4 3 2 3 2 
47.99 ; 5.4e-09 ; True ; 310 367 519 601 684 739  ; 3 1 1 4 4 2 3 5 3 2 3 2 
48.13 ; 5.489e-09 ; True ; 310 367 459 519 684 739  ; 4 1 1 4 4 2 3 4 3 2 3 2 
48.95 ; 6.623e-09 ; True ; 23 310 367 519 601 684  ; 2 1 2 4 4 2 3 4 3 2 3 2 
49.09 ; 7.075e-09 ; True ; 23 310 367 459 519 684  ; 3 1 2 4 4 2 3 3 3 2 3 2 
50.04 ; 7.431e-09 ; True ; 23 174 310 367 459 558 684  ; 3 1 2 4 5 2 3 3 3 2 2 3 
50.86 ; 7.618e-09 ; True ; 23 367 519 601 684 739  ; 2 1 2 5 4 3 2 4 4 2 2 3 
50.97 ; 8.139e-09 ; True ; 23 367 459 519 684 739  ; 3 1 2 5 4 3 2 3 4 2 2 3 
52.84 ; 8.302e-09 ; True ; 23 174 226 367 601 684 739  ; 2 1 2 6 5 2 3 5 3 2 2 3 
53.52 ; 9.365e-09 ; True ; 23 174 246 310 367 459 684  ; 3 1 2 4 5 2 3 4 3 2 2 3 
53.65 ; 9.647e-09 ; True ; 23 174 246 310 367 684 723  ; 2 1 2 4 5 3 3 4 3 2 2 3 
53.82 ; 1.115e-08 ; True ; 23 174 310 367 601 684 739  ; 3 1 2 5 5 2 3 5 3 2 2 3 
53.93 ; 1.134e-08 ; True ; 23 174 310 367 459 684 739  ; 4 1 2 5 5 2 3 4 3 2 2 3 
55.01 ; 1.308e-08 ; True ; 23 174 310 367 684 723 739  ; 3 1 2 5 5 3 3 4 3 2 2 3 
60.67 ; 1.518e-08 ; True ; 310 367 459 519 601 640 684  ; 3 1 2 5 4 2 3 4 4 2 3 3 
61.75 ; 1.546e-08 ; True ; 23 174 310 367 519 601 684  ; 2 1 2 5 5 2 4 5 3 3 3 2 
61.87 ; 1.781e-08 ; True ; 174 367 459 519 601 684 739  ; 3 1 2 6 4 2 3 5 4 3 2 3 
62.67 ; 1.796e-08 ; True ; 1 310 367 519 601 684 739  ; 3 1 2 5 4 2 3 5 4 2 3 3 
62.67 ; 2.16e-08 ; True ; 310 367 459 519 601 684 739  ; 4 1 2 5 4 2 3 5 4 2 3 3 
63.59 ; 2.225e-08 ; True ; 23 310 367 459 519 601 684  ; 3 1 3 5 4 2 3 4 4 2 3 3 
64.76 ; 2.266e-08 ; True ; 23 174 367 459 519 684 739  ; 3 1 2 6 5 3 3 4 4 3 2 3 
65.45 ; 2.27e-08 ; True ; 23 246 310 367 459 519 684  ; 3 1 2 4 5 3 3 4 4 2 3 3 
65.45 ; 2.703e-08 ; True ; 23 310 367 519 601 684 739  ; 3 1 2 5 5 3 3 5 4 2 3 3 
65.57 ; 2.748e-08 ; True ; 23 310 367 459 519 684 739  ; 4 1 2 5 5 3 3 4 4 2 3 3 
66.67 ; 2.824e-08 ; True ; 23 310 367 519 684 723 739  ; 3 1 2 5 5 4 3 4 4 2 3 3 
68.45 ; 2.97e-08 ; True ; 23 174 310 367 459 601 684 739  ; 4 1 3 6 5 2 3 5 4 2 2 4 
70.35 ; 3.035e-08 ; True ; 23 174 246 310 367 684 723 739  ; 3 1 2 5 6 4 3 5 4 2 2 4 
70.49 ; 3.426e-08 ; True ; 23 174 310 367 601 684 723 739  ; 3 1 3 6 5 3 3 5 4 2 2 4 
70.6 ; 3.482e-08 ; True ; 23 174 310 367 459 684 723 739  ; 4 1 3 6 5 3 3 4 4 2 2 4 
73.73 ; 3.521e-08 ; True ; 174 310 367 459 519 558 601 684  ; 3 1 2 5 5 2 4 5 4 3 3 3 
74.48 ; 3.528e-08 ; True ; 174 310 367 459 519 601 640 684  ; 3 1 2 6 5 2 4 5 4 3 3 3 
76.51 ; 4.824e-08 ; True ; 174 310 367 459 519 601 684 739  ; 4 1 2 6 5 2 4 6 4 3 3 3 
77.38 ; 5.17e-08 ; True ; 23 174 310 367 459 519 601 684  ; 3 1 3 6 5 2 4 5 4 3 3 3 
80.24 ; 5.859e-08 ; True ; 23 174 310 367 519 601 684 739  ; 3 1 2 6 6 3 4 6 4 3 3 3 
80.36 ; 6.196e-08 ; True ; 23 174 310 367 459 519 684 739  ; 4 1 2 6 6 3 4 5 4 3 3 3 
82.07 ; 6.764e-08 ; True ; 23 310 367 459 519 601 684 739  ; 4 1 3 6 5 3 3 5 5 2 3 4 
84.13 ; 6.952e-08 ; True ; 23 310 367 519 601 684 723 739  ; 3 1 3 6 5 4 3 5 5 2 3 4 
84.25 ; 7.067e-08 ; True ; 23 310 367 459 519 684 723 739  ; 4 1 3 6 5 4 3 4 5 2 3 4 
86.9 ; 7.493e-08 ; True ; 23 174 226 310 367 601 684 723 739  ; 3 1 3 7 6 3 4 6 4 2 3 4 
87.08 ; 7.59e-08 ; True ; 23 147 174 310 367 601 684 723 739  ; 3 1 3 7 6 3 4 5 4 2 3 5 
87.15 ; 7.715e-08 ; True ; 23 147 174 310 367 459 684 723 739  ; 4 1 3 7 6 3 4 4 4 2 3 5 
87.88 ; 7.924e-08 ; True ; 23 174 226 310 367 459 684 723 739  ; 4 1 3 7 6 3 4 5 4 2 3 4 
92.53 ; 8.466e-08 ; True ; 23 117 174 310 367 459 601 684 739  ; 4 1 3 7 5 3 4 6 4 3 2 4 
93.1 ; 8.664e-08 ; True ; 174 310 367 459 519 601 632 684 739  ; 4 1 3 7 5 2 4 6 4 3 3 4 
93.12 ; 9.487e-08 ; True ; 147 174 310 367 459 519 601 684 739  ; 4 1 2 7 6 2 5 6 4 3 4 4 
93.95 ; 1.017e-07 ; True ; 23 147 174 310 367 459 519 601 684  ; 3 1 3 7 6 2 5 5 4 3 4 4 
94.13 ; 1.07e-07 ; True ; 23 174 310 367 459 519 558 601 684  ; 3 1 3 6 6 3 4 5 5 3 3 4 
96.28 ; 1.118e-07 ; True ; 23 174 310 367 459 519 558 684 723  ; 3 1 3 6 6 4 4 4 5 3 3 4 
97.06 ; 1.234e-07 ; True ; 23 147 174 367 459 519 601 684 739  ; 3 1 3 8 6 3 4 5 5 3 3 5 
97.84 ; 1.464e-07 ; True ; 23 174 310 367 459 519 601 684 739  ; 4 1 3 7 6 3 4 6 5 3 3 4 
100.9 ; 1.505e-07 ; True ; 23 174 310 367 519 601 684 723 739  ; 3 1 3 7 6 4 4 6 5 3 3 4 
101 ; 1.591e-07 ; True ; 23 174 310 367 459 519 684 723 739  ; 4 1 3 7 6 4 4 5 5 3 3 4 
107.9 ; 1.628e-07 ; True ; 23 310 367 459 519 601 684 739 821  ; 5 1 3 7 6 3 3 6 5 3 4 4 
108.9 ; 1.718e-07 ; True ; 23 117 310 367 459 519 601 684 739  ; 4 1 3 7 5 4 4 6 5 3 3 4 
110 ; 1.776e-07 ; True ; 23 310 367 519 601 684 723 739 821  ; 4 1 3 7 6 4 3 6 5 3 4 4 
111.7 ; 1.943e-07 ; True ; 23 147 174 310 367 459 519 558 601 684  ; 3 1 3 7 7 3 5 5 5 3 4 5 
114.8 ; 1.946e-07 ; True ; 23 147 174 367 459 519 558 601 684 739  ; 3 1 3 8 7 4 4 5 6 3 3 6 
114.8 ; 2.03e-07 ; True ; 23 147 174 310 367 459 519 558 684 723  ; 3 1 3 7 7 4 5 4 5 3 4 5 
115.4 ; 2.21e-07 ; True ; 23 147 174 226 367 459 519 601 684 739  ; 3 1 3 9 7 3 5 6 5 3 4 5 
115.7 ; 2.211e-07 ; True ; 23 174 310 367 459 519 558 601 684 723  ; 3 1 4 7 6 4 4 5 6 3 3 5 
116.3 ; 2.312e-07 ; True ; 23 174 310 367 459 519 601 650 684 739  ; 4 1 3 8 6 3 4 6 5 4 4 4 
116.4 ; 2.657e-07 ; True ; 23 147 174 310 367 459 519 601 684 739  ; 4 1 3 8 7 3 5 6 5 3 4 5 
120.4 ; 3.023e-07 ; True ; 23 174 310 367 459 519 601 684 723 739  ; 4 1 4 8 6 4 4 6 6 3 3 5 
129.5 ; 3.176e-07 ; True ; 23 117 147 310 367 459 519 601 684 739  ; 4 1 3 8 6 4 5 6 5 3 4 5 
129.7 ; 3.27e-07 ; True ; 23 174 310 367 519 601 684 723 739 821  ; 4 1 3 8 7 4 4 7 5 4 4 4 
130.7 ; 3.346e-07 ; True ; 23 174 310 367 459 519 684 723 739 821  ; 5 1 3 8 7 4 4 6 5 4 4 4 
131.3 ; 3.448e-07 ; True ; 23 106 174 310 367 459 519 601 684 739  ; 4 1 3 8 6 4 5 6 5 4 4 4 
135.2 ; 3.864e-07 ; True ; 23 147 174 310 367 459 519 558 601 684 723  ; 3 1 4 8 7 4 5 5 6 3 4 6 
135.9 ; 3.89e-07 ; True ; 23 132 147 174 310 367 459 519 601 684 739  ; 4 1 3 8 7 3 5 6 6 3 5 6 
136.1 ; 4.144e-07 ; True ; 23 147 174 310 367 459 519 558 601 684 739  ; 4 1 3 8 8 4 5 6 6 3 4 6 
138.7 ; 4.145e-07 ; True ; 23 147 174 310 367 459 519 601 640 684 739  ; 4 1 3 9 8 4 5 6 6 3 4 6 
139.2 ; 4.233e-07 ; True ; 23 147 174 310 367 459 519 558 684 723 739  ; 4 1 3 8 8 5 5 5 6 3 4 6 
139.6 ; 4.393e-07 ; True ; 23 147 174 246 310 367 459 519 601 684 723  ; 3 1 4 8 7 4 5 6 6 3 4 6 
140.1 ; 4.393e-07 ; True ; 23 147 174 226 367 459 519 601 684 723 739  ; 3 1 4 10 7 4 5 6 6 3 4 6 
140.4 ; 4.586e-07 ; True ; 23 147 174 246 310 367 459 519 601 684 739  ; 4 1 3 8 8 4 5 7 6 3 4 6 
140.9 ; 4.596e-07 ; True ; 23 132 174 310 367 459 519 601 684 723 739  ; 4 1 4 8 6 4 4 6 7 3 4 6 
140.9 ; 5.282e-07 ; True ; 23 147 174 310 367 459 519 601 684 723 739  ; 4 1 4 9 7 4 5 6 6 3 4 6 
149.6 ; 5.474e-07 ; True ; 23 147 174 367 459 519 601 684 723 739 821  ; 4 1 4 10 7 4 4 6 6 4 4 6 
152.1 ; 6.187e-07 ; True ; 23 174 310 367 459 519 601 684 723 739 821  ; 5 1 4 9 7 4 4 7 6 4 4 5 
157.9 ; 6.69e-07 ; True ; 23 106 174 310 367 459 519 601 684 723 739  ; 4 1 4 9 6 5 5 6 6 4 4 5 
161.6 ; 7.357e-07 ; True ; 23 147 174 310 367 459 519 558 601 684 723 739  ; 4 1 4 9 8 5 5 6 7 3 4 7 
164.1 ; 7.522e-07 ; True ; 23 132 174 226 310 367 459 519 601 684 723 739  ; 4 1 4 9 7 4 5 7 7 3 5 6 
164.1 ; 8.209e-07 ; True ; 23 147 174 226 310 367 459 519 601 684 723 739  ; 4 1 4 10 8 4 6 7 6 3 5 6 
173.4 ; 8.857e-07 ; True ; 23 147 174 246 310 367 459 519 601 684 723 821  ; 4 1 4 9 8 4 5 7 6 4 5 6 
173.9 ; 8.858e-07 ; True ; 23 147 174 226 367 459 519 601 684 723 739 821  ; 4 1 4 11 8 4 5 7 6 4 5 6 
175.2 ; 9.021e-07 ; True ; 23 147 174 310 367 415 459 519 601 684 723 739  ; 5 1 4 10 7 5 5 7 7 3 4 7 
175.6 ; 1.003e-06 ; True ; 23 147 174 310 367 459 519 601 684 723 739 821  ; 5 1 4 10 8 4 5 7 6 4 5 6 
181.3 ; 1.054e-06 ; True ; 23 106 147 174 310 367 459 519 601 684 723 739  ; 4 1 4 10 7 5 6 6 6 4 5 6 
186.6 ; 1.084e-06 ; True ; 23 147 174 226 310 367 459 519 601 632 684 723 739  ; 4 1 5 11 8 4 6 7 6 3 5 7 
186.7 ; 1.135e-06 ; True ; 23 147 174 226 310 367 459 519 558 601 684 723 739  ; 4 1 4 10 9 5 6 7 7 3 5 7 
191.1 ; 1.232e-06 ; True ; 23 147 174 226 246 310 367 459 519 601 684 723 739  ; 4 1 4 10 9 5 6 8 7 3 5 7 
199.1 ; 1.387e-06 ; True ; 23 147 174 310 367 459 519 558 601 684 723 739 821  ; 5 1 4 10 9 5 5 7 7 4 5 7 
201.7 ; 1.458e-06 ; True ; 23 147 174 226 310 367 459 519 601 684 723 739 821  ; 5 1 4 11 9 4 6 8 6 4 6 6 
203.4 ; 1.505e-06 ; True ; 23 147 174 246 310 367 459 519 601 684 723 739 821  ; 5 1 4 10 9 5 5 8 7 4 5 7 
207.5 ; 1.531e-06 ; True ; 23 106 147 174 226 310 367 459 519 601 684 723 739  ; 4 1 4 11 8 5 7 7 6 4 6 6 
210.3 ; 1.563e-06 ; True ; 23 106 147 174 246 310 367 459 519 601 684 723 739  ; 4 1 4 10 8 6 6 7 7 4 5 7 
211.9 ; 1.585e-06 ; True ; 23 117 147 174 310 367 415 459 519 601 684 723 739  ; 5 1 4 11 7 6 6 8 7 4 4 7 
212.8 ; 1.62e-06 ; True ; 23 147 174 310 367 415 459 519 601 684 723 739 821  ; 6 1 4 11 8 5 5 8 7 4 5 7 
215.2 ; 1.72e-06 ; True ; 23 117 147 174 310 367 459 519 601 684 723 739 821  ; 5 1 4 11 8 5 6 8 6 5 5 6 
220.6 ; 1.731e-06 ; True ; 23 106 147 174 310 367 415 459 519 601 684 723 739  ; 5 1 4 11 7 6 6 7 7 4 5 7 
220.9 ; 1.805e-06 ; True ; 23 106 147 174 310 367 459 519 601 684 723 739 821  ; 5 1 4 11 8 5 6 7 6 5 6 6 
226.9 ; 1.869e-06 ; True ; 23 147 174 226 310 367 459 519 601 684 723 739 762 821  ; 6 1 4 12 9 4 6 8 7 4 6 7 
231.5 ; 2.146e-06 ; True ; 23 147 174 226 246 310 367 459 519 601 684 723 739 821  ; 5 1 4 11 10 5 6 9 7 4 6 7 
239.4 ; 2.316e-06 ; True ; 23 117 147 174 226 310 367 415 459 519 601 684 723 739  ; 5 1 4 12 8 6 7 9 7 4 5 7 
240.9 ; 2.321e-06 ; True ; 23 147 174 226 310 367 415 459 519 601 684 723 739 821  ; 6 1 4 12 9 5 6 9 7 4 6 7 
243.6 ; 2.397e-06 ; True ; 23 117 147 174 226 310 367 459 519 601 684 723 739 821  ; 5 1 4 12 9 5 7 9 6 5 6 6 
249.9 ; 2.485e-06 ; True ; 23 106 147 174 226 310 367 459 519 601 684 723 739 821  ; 5 1 4 12 9 5 7 8 6 5 7 6 
253.3 ; 2.634e-06 ; True ; 23 117 147 174 310 367 415 459 519 601 684 723 739 821  ; 6 1 4 12 8 6 6 9 7 5 5 7 
262.2 ; 2.707e-06 ; True ; 23 106 117 147 174 310 367 415 459 519 601 684 723 739  ; 5 1 4 12 7 7 7 8 7 5 5 7 
263 ; 2.806e-06 ; True ; 23 106 147 174 310 367 415 459 519 601 684 723 739 821  ; 6 1 4 12 8 6 6 8 7 5 6 7 
269.5 ; 2.81e-06 ; True ; 23 106 174 226 310 367 415 432 459 519 601 684 723 739  ; 5 1 5 11 7 6 7 8 7 5 5 6 
269.8 ; 2.847e-06 ; True ; 23 94 147 174 310 367 415 459 519 601 684 723 739 821  ; 6 1 4 12 9 6 6 8 7 5 6 7 
271.9 ; 2.907e-06 ; True ; 23 147 174 226 246 310 367 459 519 601 684 723 739 821 850  ; 5 1 5 11 10 5 6 9 7 4 7 7 
273.7 ; 3.135e-06 ; True ; 23 147 174 226 246 310 367 415 459 519 601 684 723 739 821  ; 6 1 4 12 10 6 6 10 8 4 6 8 
278.1 ; 3.223e-06 ; True ; 23 117 147 174 226 310 367 415 459 519 601 684 723 739 850  ; 5 1 5 12 8 6 7 9 7 4 6 7 
279.7 ; 3.387e-06 ; True ; 1 23 117 147 174 226 310 367 415 459 519 601 684 723 821  ; 5 1 5 13 8 5 7 9 7 5 6 7 
283.8 ; 3.63e-06 ; True ; 23 117 147 174 226 310 367 415 459 519 601 684 723 739 821  ; 6 1 4 13 9 6 7 10 7 5 6 7 
293 ; 3.666e-06 ; True ; 23 117 147 174 310 367 415 459 519 601 684 723 739 821 850  ; 6 1 5 12 8 6 6 9 7 5 6 7 
296.9 ; 3.704e-06 ; True ; 23 106 117 147 174 226 310 367 459 519 601 684 723 739 821  ; 5 1 4 13 9 6 8 9 6 6 7 6 
297.8 ; 3.752e-06 ; True ; 23 106 147 174 246 310 367 415 459 519 601 684 723 739 821  ; 6 1 4 12 9 7 6 9 8 5 6 8 
299.7 ; 3.78e-06 ; True ; 23 94 117 147 174 226 310 367 415 459 519 601 684 723 739  ; 5 1 4 13 9 7 8 9 7 5 6 7 
301.8 ; 3.843e-06 ; True ; 23 94 147 174 226 310 367 415 459 519 601 684 723 739 821  ; 6 1 4 13 10 6 7 9 7 5 7 7 
305.5 ; 3.854e-06 ; True ; 23 106 174 226 246 310 367 415 432 459 519 601 684 723 739  ; 5 1 5 11 8 7 7 9 8 5 5 7 
306.7 ; 4.052e-06 ; True ; 23 106 147 174 246 310 367 432 459 519 601 684 723 739 821  ; 5 1 5 11 9 6 7 8 7 6 6 7 
308.5 ; 4.158e-06 ; True ; 23 106 117 147 174 310 367 415 459 519 601 684 723 739 821  ; 6 1 4 13 8 7 7 9 7 6 6 7 
310.9 ; 4.222e-06 ; True ; 1 23 147 174 226 246 310 367 415 459 519 601 684 723 739 821  ; 6 1 5 13 10 6 6 10 9 4 6 9 
316.9 ; 4.315e-06 ; True ; 23 106 174 226 310 367 415 432 459 519 601 684 723 739 821  ; 6 1 5 12 8 6 7 9 7 6 6 6 
317.1 ; 4.361e-06 ; True ; 23 106 147 174 310 367 415 432 459 519 601 684 723 739 821  ; 6 1 5 12 8 6 7 8 7 6 6 7 
319.9 ; 4.735e-06 ; True ; 23 117 147 174 226 246 310 367 415 459 519 601 684 723 739 821  ; 6 1 4 13 10 7 7 11 8 5 6 8 
326.3 ; 4.917e-06 ; True ; 23 117 147 174 226 310 367 415 459 519 601 684 723 739 821 850  ; 6 1 5 13 9 6 7 10 7 5 7 7 
336.7 ; 5.056e-06 ; True ; 23 106 147 174 226 310 367 415 459 519 601 684 723 739 821 850  ; 6 1 5 13 9 6 7 9 7 5 8 7 
341.2 ; 5.53e-06 ; True ; 23 117 147 174 226 310 367 415 432 459 519 601 684 723 739 821  ; 6 1 5 13 9 6 8 10 7 6 6 7 
351.2 ; 5.632e-06 ; True ; 23 106 117 147 174 310 367 415 459 519 601 684 723 739 821 850  ; 6 1 5 13 8 7 7 9 7 6 7 7 
357 ; 5.672e-06 ; True ; 23 106 174 226 243 310 367 415 432 459 519 601 684 723 739 821  ; 6 1 5 12 9 6 8 10 7 6 7 6 
357.2 ; 5.798e-06 ; True ; 23 106 147 174 243 310 367 415 432 459 519 601 684 723 739 821  ; 6 1 5 12 9 6 8 9 7 6 7 7 
359.8 ; 5.854e-06 ; True ; 23 94 147 174 226 310 367 415 432 459 519 601 684 723 739 821  ; 6 1 5 13 10 6 8 9 7 6 7 7 
364.4 ; 5.889e-06 ; True ; 23 94 147 174 246 310 367 415 432 459 519 601 684 723 739 821  ; 6 1 5 12 10 7 7 9 8 6 6 8 
366.1 ; 6.034e-06 ; True ; 23 106 117 174 226 310 367 415 432 459 519 601 684 723 739 821  ; 6 1 5 13 8 7 8 10 7 7 6 6 
366.9 ; 6.167e-06 ; True ; 23 106 117 147 174 310 367 415 432 459 519 601 684 723 739 821  ; 6 1 5 13 8 7 8 9 7 7 6 7 
373 ; 6.185e-06 ; True ; 23 116 117 147 174 226 310 367 415 459 519 601 684 723 739 821 850  ; 6 1 6 14 10 6 7 10 7 5 7 8 
376.1 ; 6.592e-06 ; True ; 23 147 174 226 246 310 367 415 432 459 519 601 684 723 739 821 850  ; 6 1 6 12 10 6 7 10 8 5 7 8 
381.3 ; 7.214e-06 ; True ; 23 117 147 174 226 246 310 367 415 432 459 519 601 684 723 739 821  ; 6 1 5 13 10 7 8 11 8 6 6 8 
401.3 ; 7.586e-06 ; True ; 23 106 147 174 246 310 367 415 432 459 519 601 684 723 739 821 850  ; 6 1 6 12 9 7 7 9 8 6 7 8 
403.3 ; 7.984e-06 ; True ; 23 106 117 147 174 226 310 367 415 432 459 519 601 684 723 739 821  ; 6 1 5 14 9 7 9 10 7 7 7 7 
420.5 ; 8.077e-06 ; True ; 23 106 117 147 243 246 310 367 415 432 459 519 601 684 723 739 821  ; 6 1 5 12 9 8 8 10 8 6 7 8 
420.5 ; 8.139e-06 ; True ; 23 94 117 147 174 310 367 415 432 459 519 601 684 723 739 821 850  ; 6 1 6 13 9 7 8 9 7 7 7 7 
432.3 ; 8.186e-06 ; True ; 23 106 117 174 226 310 367 415 459 519 601 684 723 739 821 827 850  ; 6 1 6 13 8 7 7 10 8 7 7 7 
437 ; 8.742e-06 ; True ; 1 23 106 147 174 226 246 310 367 415 432 459 519 601 684 723 821 850  ; 5 1 7 13 9 6 8 9 8 6 8 8 
440.3 ; 8.95e-06 ; True ; 23 117 147 174 226 310 367 415 432 459 519 601 654 684 723 739 821 850  ; 6 1 6 13 10 7 8 10 8 6 7 8 
448.5 ; 9.062e-06 ; True ; 1 23 106 147 226 243 310 367 415 432 459 519 601 684 723 739 821 850  ; 6 1 7 13 9 6 8 9 8 5 9 8 
451.8 ; 9.079e-06 ; True ; 23 106 117 147 226 310 367 415 432 459 519 601 684 723 739 821 827  ; 6 1 6 13 8 7 8 9 8 7 7 8 
456.1 ; 9.624e-06 ; True ; 23 106 147 160 174 246 310 367 415 432 459 519 601 684 723 739 821 850  ; 7 1 6 13 10 8 7 9 9 6 7 9 
460.6 ; 9.656e-06 ; True ; 23 106 117 147 174 246 310 367 415 459 519 601 684 723 739 821 838 850  ; 6 1 5 14 9 8 8 10 8 7 8 8 
462.2 ; 1.021e-05 ; True ; 23 106 117 147 174 226 310 367 415 459 519 601 632 684 723 739 821 827  ; 6 1 6 15 9 7 8 10 8 7 7 9 
473.4 ; 1.06e-05 ; True ; 23 106 117 147 174 226 310 367 415 459 519 601 684 723 739 821 827 850  ; 6 1 6 14 9 7 8 10 8 7 8 8 
489.3 ; 1.143e-05 ; True ; 23 106 117 147 174 226 310 367 415 432 459 519 601 684 723 739 821 827  ; 6 1 6 14 9 7 9 10 8 8 7 8 
507.4 ; 1.162e-05 ; True ; 23 106 117 147 169 174 243 310 367 415 432 459 519 601 684 723 739 821 850  ; 6 1 7 14 9 7 9 10 7 7 8 7 
509.4 ; 1.244e-05 ; True ; 23 106 117 147 174 226 310 367 415 432 459 519 601 654 684 723 739 821 850  ; 6 1 6 14 10 8 9 10 8 7 8 8 
533.4 ; 1.245e-05 ; True ; 23 117 147 174 226 246 310 367 374 432 459 519 601 684 723 739 821 827 850  ; 6 1 7 13 11 7 8 10 9 7 7 9 
538.2 ; 1.278e-05 ; True ; 23 94 106 147 174 246 310 367 392 415 432 459 519 601 684 723 739 821 850  ; 7 1 6 14 10 9 8 9 9 7 8 8 
542.2 ; 1.335e-05 ; True ; 1 23 94 117 174 243 310 367 415 432 459 519 601 684 723 739 821 838 850  ; 6 1 7 14 9 7 9 10 8 8 8 7 
548.7 ; 1.4e-05 ; True ; 23 106 117 174 226 243 310 367 415 432 459 519 601 684 723 739 821 827 850  ; 6 1 7 13 9 7 9 11 8 8 8 7 
557.8 ; 1.4e-05 ; True ; 1 23 106 117 226 243 310 367 415 432 459 519 601 684 723 739 821 827 850  ; 6 1 8 13 8 7 8 10 9 7 8 8 
576 ; 1.424e-05 ; True ; 23 106 117 147 174 310 367 415 432 459 519 593 601 684 723 739 821 827 850  ; 7 1 7 14 9 8 8 9 9 8 7 9 
586.8 ; 1.446e-05 ; True ; 23 94 117 147 226 243 310 367 415 432 459 519 601 684 723 739 821 827 838  ; 6 1 6 14 10 7 10 10 8 8 9 8 
590.9 ; 1.492e-05 ; True ; 23 106 117 147 174 226 310 367 415 432 459 519 558 601 602 684 723 821 827 850  ; 6 1 7 14 10 7 9 9 9 8 8 9 
606.8 ; 1.583e-05 ; True ; 23 106 117 160 174 226 310 350 367 415 432 459 519 601 684 723 739 821 827 850  ; 7 1 7 15 10 8 8 10 10 8 7 9 
622.4 ; 1.695e-05 ; True ; 23 106 117 174 226 310 367 415 432 459 519 558 601 684 723 739 821 827 838 850  ; 6 1 7 14 9 8 9 10 9 9 8 8 
624.1 ; 1.799e-05 ; True ; 23 106 117 147 174 226 310 367 415 432 459 519 593 601 684 723 739 821 827 850  ; 7 1 7 15 10 8 9 10 9 8 8 9 
656.8 ; 1.836e-05 ; True ; 23 106 117 160 174 226 310 350 367 415 432 459 519 601 632 684 723 739 821 827 850  ; 7 1 8 16 10 8 8 10 10 8 7 10 
695.9 ; 2.023e-05 ; True ; 23 94 117 147 174 246 310 367 415 432 459 480 519 591 601 684 723 739 821 827 850  ; 6 1 7 15 11 8 9 12 11 9 7 10 
728.3 ; 2.036e-05 ; True ; 23 94 106 147 174 246 310 367 415 432 459 519 593 601 684 723 739 740 821 827 850  ; 8 1 7 15 12 10 8 9 11 8 8 10 
750.3 ; 2.107e-05 ; True ; 23 94 106 117 204 226 310 367 374 415 459 519 601 684 723 739 817 821 827 838  ; 9 1 7 15 9 9 8 9 11 9 8 10 
793.6 ; 2.191e-05 ; True ; 23 94 117 174 220 243 310 367 415 417 432 459 519 591 601 684 723 739 821 827 838 850  ; 7 1 7 14 9 7 10 12 10 10 9 7 
795.4 ; 2.428e-05 ; True ; 23 94 117 160 174 226 310 350 367 415 432 459 519 601 684 723 739 792 821 827 838 850  ; 7 1 7 17 11 8 10 10 10 10 9 9 
871.2 ; 2.637e-05 ; True ; 23 94 106 117 204 246 277 310 367 374 415 432 459 519 601 684 723 739 821 827 838 850  ; 8 1 8 15 9 10 8 10 11 10 8 10 
928.6 ; 2.855e-05 ; True ; 23 94 174 204 226 243 296 310 367 374 415 432 459 519 601 674 684 723 739 792 821 827 850  ; 8 1 9 15 12 7 9 10 10 11 9 9 


RUN 3:
Optimum Distance: 11.84
Optimal Team: 23,367,684,
Required Skills: 0 1 4 5 9 10 11 14 16 18 23 24 
Distance; Skill Score; isValid; Team; Skill Counts
11.84 ; 2.946e-12 ; True ; 23 367 684  ; 1 1 1 2 2 1 1 1 1 1 1 1 
12.82 ; 3.231e-12 ; True ; 367 459 519  ; 1 1 1 2 1 1 1 1 2 1 1 1 
15.84 ; 4.59e-12 ; True ; 204 367 519  ; 1 1 1 1 1 1 1 1 2 2 1 1 
18.61 ; 5.976e-12 ; True ; 8 367 601 684  ; 1 1 1 3 2 1 1 2 1 1 1 1 
18.65 ; 1.362e-11 ; True ; 23 174 310 367  ; 1 1 1 2 3 1 2 2 1 1 1 1 
18.71 ; 2.319e-11 ; True ; 23 367 558 684  ; 1 1 1 2 3 2 1 1 2 1 1 2 
18.75 ; 2.739e-11 ; True ; 23 174 367 684  ; 1 1 1 3 3 1 2 2 1 2 1 1 
19.54 ; 4.373e-11 ; True ; 23 246 367 684  ; 1 1 1 2 3 2 1 2 2 1 1 2 
19.62 ; 4.601e-11 ; True ; 23 310 367 684  ; 2 1 1 2 3 1 2 2 1 1 2 1 
20.63 ; 5.073e-11 ; True ; 367 601 684 739  ; 2 1 1 3 2 1 1 3 2 1 1 2 
20.64 ; 8.406e-11 ; True ; 23 367 684 739  ; 2 1 1 3 3 2 1 2 2 1 1 2 
23.46 ; 9.129e-11 ; True ; 367 459 519 739  ; 2 1 1 3 2 2 1 2 3 1 1 2 
23.56 ; 1.059e-10 ; True ; 367 519 601 684  ; 1 1 1 3 2 1 2 3 2 2 2 1 
23.71 ; 1.336e-10 ; True ; 367 459 519 684  ; 2 1 1 3 2 1 2 2 2 2 2 1 
24.69 ; 1.755e-10 ; True ; 23 367 519 684  ; 1 1 1 3 3 2 2 2 2 2 2 1 
26.61 ; 1.94e-10 ; True ; 23 174 367 558 684  ; 1 1 1 3 4 2 2 2 2 2 1 2 
27.53 ; 2.169e-10 ; True ; 23 174 310 367 684  ; 2 1 1 3 4 1 3 3 1 2 2 1 
27.55 ; 2.377e-10 ; True ; 160 174 367 601 684  ; 2 1 1 4 3 1 2 3 2 2 1 2 
27.7 ; 2.489e-10 ; True ; 1 310 367 415 684  ; 3 1 1 3 2 1 2 3 2 1 2 2 
28.35 ; 2.747e-10 ; True ; 23 174 246 367 684  ; 1 1 1 3 4 2 2 3 2 2 1 2 
28.47 ; 3.258e-10 ; True ; 23 310 367 558 684  ; 2 1 1 2 4 2 2 2 2 1 2 2 
28.55 ; 3.279e-10 ; True ; 23 174 367 459 684  ; 2 1 2 4 3 1 2 2 2 2 1 2 
28.64 ; 3.386e-10 ; True ; 23 174 367 684 723  ; 1 1 2 4 3 2 2 2 2 2 1 2 
29.44 ; 3.99e-10 ; True ; 310 367 601 684 739  ; 3 1 1 3 3 1 2 4 2 1 2 2 
29.53 ; 5.018e-10 ; True ; 23 174 367 684 739  ; 2 1 1 4 4 2 2 3 2 2 1 2 
30.36 ; 5.074e-10 ; True ; 23 226 367 684 739  ; 2 1 1 4 4 2 2 3 2 1 2 2 
30.39 ; 5.984e-10 ; True ; 23 310 367 684 723  ; 2 1 2 3 3 2 2 2 2 1 2 2 
30.41 ; 6.683e-10 ; True ; 23 310 367 684 739  ; 3 1 1 3 4 2 2 3 2 1 2 2 
34.14 ; 7.551e-10 ; True ; 310 367 519 601 739  ; 2 1 1 3 3 2 2 4 3 1 2 2 
34.25 ; 8.067e-10 ; True ; 310 367 459 519 739  ; 3 1 1 3 3 2 2 3 3 1 2 2 
34.4 ; 9.532e-10 ; True ; 367 459 519 601 684  ; 2 1 2 4 2 1 2 3 3 2 2 2 
35.36 ; 1.135e-09 ; True ; 367 415 519 601 684  ; 2 1 1 4 2 2 2 4 3 2 2 2 
36.21 ; 1.145e-09 ; True ; 1 367 519 684 739  ; 2 1 1 4 3 2 2 3 3 2 2 2 
36.21 ; 1.443e-09 ; True ; 367 519 601 684 739  ; 2 1 1 4 3 2 2 4 3 2 2 2 
36.34 ; 1.542e-09 ; True ; 367 459 519 684 739  ; 3 1 1 4 3 2 2 3 3 2 2 2 
36.47 ; 1.58e-09 ; True ; 23 367 459 519 684  ; 2 1 2 4 3 2 2 2 3 2 2 2 
37.21 ; 1.817e-09 ; True ; 23 367 519 684 739  ; 2 1 1 4 4 3 2 3 3 2 2 2 
39.06 ; 1.831e-09 ; True ; 23 174 310 367 601 684  ; 2 1 2 4 4 1 3 4 2 2 2 2 
39.19 ; 1.956e-09 ; True ; 23 174 310 367 459 684  ; 3 1 2 4 4 1 3 3 2 2 2 2 
40.25 ; 2.68e-09 ; True ; 23 174 310 367 684 723  ; 2 1 2 4 4 2 3 3 2 2 2 2 
42.95 ; 3.192e-09 ; True ; 23 310 367 601 684 739  ; 3 1 2 4 4 2 2 4 3 1 2 3 
43.17 ; 3.513e-09 ; True ; 23 310 367 684 723 739  ; 3 1 2 4 4 3 2 3 3 1 2 3 
46.05 ; 4.224e-09 ; True ; 310 367 459 519 601 684  ; 3 1 2 4 3 1 3 4 3 2 3 2 
47.13 ; 4.565e-09 ; True ; 1 310 367 519 684 739  ; 3 1 1 4 4 2 3 4 3 2 3 2 
47.99 ; 5.4e-09 ; True ; 310 367 519 601 684 739  ; 3 1 1 4 4 2 3 5 3 2 3 2 
48.13 ; 5.489e-09 ; True ; 310 367 459 519 684 739  ; 4 1 1 4 4 2 3 4 3 2 3 2 
48.95 ; 6.623e-09 ; True ; 23 310 367 519 601 684  ; 2 1 2 4 4 2 3 4 3 2 3 2 
49.09 ; 7.075e-09 ; True ; 23 310 367 459 519 684  ; 3 1 2 4 4 2 3 3 3 2 3 2 
50.04 ; 7.431e-09 ; True ; 23 174 310 367 459 558 684  ; 3 1 2 4 5 2 3 3 3 2 2 3 
50.86 ; 7.618e-09 ; True ; 23 367 519 601 684 739  ; 2 1 2 5 4 3 2 4 4 2 2 3 
50.97 ; 8.139e-09 ; True ; 23 367 459 519 684 739  ; 3 1 2 5 4 3 2 3 4 2 2 3 
52.84 ; 8.302e-09 ; True ; 23 174 226 367 601 684 739  ; 2 1 2 6 5 2 3 5 3 2 2 3 
53.52 ; 9.365e-09 ; True ; 23 174 246 310 367 459 684  ; 3 1 2 4 5 2 3 4 3 2 2 3 
53.65 ; 9.647e-09 ; True ; 23 174 246 310 367 684 723  ; 2 1 2 4 5 3 3 4 3 2 2 3 
53.82 ; 1.115e-08 ; True ; 23 174 310 367 601 684 739  ; 3 1 2 5 5 2 3 5 3 2 2 3 
53.93 ; 1.134e-08 ; True ; 23 174 310 367 459 684 739  ; 4 1 2 5 5 2 3 4 3 2 2 3 
55.01 ; 1.308e-08 ; True ; 23 174 310 367 684 723 739  ; 3 1 2 5 5 3 3 4 3 2 2 3 
60.67 ; 1.518e-08 ; True ; 310 367 459 519 601 640 684  ; 3 1 2 5 4 2 3 4 4 2 3 3 
61.75 ; 1.546e-08 ; True ; 23 174 310 367 519 601 684  ; 2 1 2 5 5 2 4 5 3 3 3 2 
61.87 ; 1.781e-08 ; True ; 174 367 459 519 601 684 739  ; 3 1 2 6 4 2 3 5 4 3 2 3 
62.67 ; 1.796e-08 ; True ; 1 310 367 519 601 684 739  ; 3 1 2 5 4 2 3 5 4 2 3 3 
62.67 ; 2.16e-08 ; True ; 310 367 459 519 601 684 739  ; 4 1 2 5 4 2 3 5 4 2 3 3 
63.59 ; 2.225e-08 ; True ; 23 310 367 459 519 601 684  ; 3 1 3 5 4 2 3 4 4 2 3 3 
64.76 ; 2.266e-08 ; True ; 23 174 367 459 519 684 739  ; 3 1 2 6 5 3 3 4 4 3 2 3 
65.45 ; 2.27e-08 ; True ; 23 246 310 367 459 519 684  ; 3 1 2 4 5 3 3 4 4 2 3 3 
65.45 ; 2.703e-08 ; True ; 23 310 367 519 601 684 739  ; 3 1 2 5 5 3 3 5 4 2 3 3 
65.57 ; 2.748e-08 ; True ; 23 310 367 459 519 684 739  ; 4 1 2 5 5 3 3 4 4 2 3 3 
66.67 ; 2.824e-08 ; True ; 23 310 367 519 684 723 739  ; 3 1 2 5 5 4 3 4 4 2 3 3 
68.45 ; 2.97e-08 ; True ; 23 174 310 367 459 601 684 739  ; 4 1 3 6 5 2 3 5 4 2 2 4 
70.35 ; 3.035e-08 ; True ; 23 174 246 310 367 684 723 739  ; 3 1 2 5 6 4 3 5 4 2 2 4 
70.49 ; 3.426e-08 ; True ; 23 174 310 367 601 684 723 739  ; 3 1 3 6 5 3 3 5 4 2 2 4 
70.6 ; 3.482e-08 ; True ; 23 174 310 367 459 684 723 739  ; 4 1 3 6 5 3 3 4 4 2 2 4 
73.73 ; 3.521e-08 ; True ; 174 310 367 459 519 558 601 684  ; 3 1 2 5 5 2 4 5 4 3 3 3 
74.48 ; 3.528e-08 ; True ; 174 310 367 459 519 601 640 684  ; 3 1 2 6 5 2 4 5 4 3 3 3 
76.51 ; 4.824e-08 ; True ; 174 310 367 459 519 601 684 739  ; 4 1 2 6 5 2 4 6 4 3 3 3 
77.38 ; 5.17e-08 ; True ; 23 174 310 367 459 519 601 684  ; 3 1 3 6 5 2 4 5 4 3 3 3 
80.24 ; 5.859e-08 ; True ; 23 174 310 367 519 601 684 739  ; 3 1 2 6 6 3 4 6 4 3 3 3 
80.36 ; 6.196e-08 ; True ; 23 174 310 367 459 519 684 739  ; 4 1 2 6 6 3 4 5 4 3 3 3 
82.07 ; 6.764e-08 ; True ; 23 310 367 459 519 601 684 739  ; 4 1 3 6 5 3 3 5 5 2 3 4 
84.13 ; 6.952e-08 ; True ; 23 310 367 519 601 684 723 739  ; 3 1 3 6 5 4 3 5 5 2 3 4 
84.25 ; 7.067e-08 ; True ; 23 310 367 459 519 684 723 739  ; 4 1 3 6 5 4 3 4 5 2 3 4 
86.9 ; 7.493e-08 ; True ; 23 174 226 310 367 601 684 723 739  ; 3 1 3 7 6 3 4 6 4 2 3 4 
87.08 ; 7.59e-08 ; True ; 23 147 174 310 367 601 684 723 739  ; 3 1 3 7 6 3 4 5 4 2 3 5 
87.15 ; 7.715e-08 ; True ; 23 147 174 310 367 459 684 723 739  ; 4 1 3 7 6 3 4 4 4 2 3 5 
87.88 ; 7.924e-08 ; True ; 23 174 226 310 367 459 684 723 739  ; 4 1 3 7 6 3 4 5 4 2 3 4 
92.53 ; 8.466e-08 ; True ; 23 117 174 310 367 459 601 684 739  ; 4 1 3 7 5 3 4 6 4 3 2 4 
93.1 ; 8.664e-08 ; True ; 174 310 367 459 519 601 632 684 739  ; 4 1 3 7 5 2 4 6 4 3 3 4 
93.12 ; 9.487e-08 ; True ; 147 174 310 367 459 519 601 684 739  ; 4 1 2 7 6 2 5 6 4 3 4 4 
93.95 ; 1.017e-07 ; True ; 23 147 174 310 367 459 519 601 684  ; 3 1 3 7 6 2 5 5 4 3 4 4 
94.13 ; 1.07e-07 ; True ; 23 174 310 367 459 519 558 601 684  ; 3 1 3 6 6 3 4 5 5 3 3 4 
96.28 ; 1.118e-07 ; True ; 23 174 310 367 459 519 558 684 723  ; 3 1 3 6 6 4 4 4 5 3 3 4 
97.06 ; 1.234e-07 ; True ; 23 147 174 367 459 519 601 684 739  ; 3 1 3 8 6 3 4 5 5 3 3 5 
97.84 ; 1.464e-07 ; True ; 23 174 310 367 459 519 601 684 739  ; 4 1 3 7 6 3 4 6 5 3 3 4 
100.9 ; 1.505e-07 ; True ; 23 174 310 367 519 601 684 723 739  ; 3 1 3 7 6 4 4 6 5 3 3 4 
101 ; 1.591e-07 ; True ; 23 174 310 367 459 519 684 723 739  ; 4 1 3 7 6 4 4 5 5 3 3 4 
107.9 ; 1.628e-07 ; True ; 23 310 367 459 519 601 684 739 821  ; 5 1 3 7 6 3 3 6 5 3 4 4 
108.9 ; 1.718e-07 ; True ; 23 117 310 367 459 519 601 684 739  ; 4 1 3 7 5 4 4 6 5 3 3 4 
110 ; 1.776e-07 ; True ; 23 310 367 519 601 684 723 739 821  ; 4 1 3 7 6 4 3 6 5 3 4 4 
111.7 ; 1.943e-07 ; True ; 23 147 174 310 367 459 519 558 601 684  ; 3 1 3 7 7 3 5 5 5 3 4 5 
114.7 ; 1.948e-07 ; True ; 23 147 174 367 459 519 601 650 684 739  ; 3 1 3 9 6 3 4 5 5 4 4 5 
114.8 ; 2.03e-07 ; True ; 23 147 174 310 367 459 519 558 684 723  ; 3 1 3 7 7 4 5 4 5 3 4 5 
115.4 ; 2.21e-07 ; True ; 23 147 174 226 367 459 519 601 684 739  ; 3 1 3 9 7 3 5 6 5 3 4 5 
115.7 ; 2.211e-07 ; True ; 23 174 310 367 459 519 558 601 684 723  ; 3 1 4 7 6 4 4 5 6 3 3 5 
116.3 ; 2.312e-07 ; True ; 23 174 310 367 459 519 601 650 684 739  ; 4 1 3 8 6 3 4 6 5 4 4 4 
116.4 ; 2.657e-07 ; True ; 23 147 174 310 367 459 519 601 684 739  ; 4 1 3 8 7 3 5 6 5 3 4 5 
120.4 ; 3.023e-07 ; True ; 23 174 310 367 459 519 601 684 723 739  ; 4 1 4 8 6 4 4 6 6 3 3 5 
129.5 ; 3.176e-07 ; True ; 23 117 147 310 367 459 519 601 684 739  ; 4 1 3 8 6 4 5 6 5 3 4 5 
129.7 ; 3.27e-07 ; True ; 23 174 310 367 519 601 684 723 739 821  ; 4 1 3 8 7 4 4 7 5 4 4 4 
130.7 ; 3.346e-07 ; True ; 23 174 310 367 459 519 684 723 739 821  ; 5 1 3 8 7 4 4 6 5 4 4 4 
131.3 ; 3.448e-07 ; True ; 23 106 174 310 367 459 519 601 684 739  ; 4 1 3 8 6 4 5 6 5 4 4 4 
135.2 ; 3.864e-07 ; True ; 23 147 174 310 367 459 519 558 601 684 723  ; 3 1 4 8 7 4 5 5 6 3 4 6 
135.9 ; 3.939e-07 ; True ; 23 147 174 310 367 459 519 601 650 684 739  ; 4 1 3 9 7 3 5 6 5 4 5 5 
136.1 ; 4.144e-07 ; True ; 23 147 174 310 367 459 519 558 601 684 739  ; 4 1 3 8 8 4 5 6 6 3 4 6 
139.2 ; 4.233e-07 ; True ; 23 147 174 310 367 459 519 558 684 723 739  ; 4 1 3 8 8 5 5 5 6 3 4 6 
139.6 ; 4.393e-07 ; True ; 23 147 174 246 310 367 459 519 601 684 723  ; 3 1 4 8 7 4 5 6 6 3 4 6 
140.1 ; 4.393e-07 ; True ; 23 147 174 226 367 459 519 601 684 723 739  ; 3 1 4 10 7 4 5 6 6 3 4 6 
140.4 ; 4.586e-07 ; True ; 23 147 174 246 310 367 459 519 601 684 739  ; 4 1 3 8 8 4 5 7 6 3 4 6 
140.9 ; 5.282e-07 ; True ; 23 147 174 310 367 459 519 601 684 723 739  ; 4 1 4 9 7 4 5 6 6 3 4 6 
149.6 ; 5.474e-07 ; True ; 23 147 174 367 459 519 601 684 723 739 821  ; 4 1 4 10 7 4 4 6 6 4 4 6 
152.1 ; 6.187e-07 ; True ; 23 174 310 367 459 519 601 684 723 739 821  ; 5 1 4 9 7 4 4 7 6 4 4 5 
157.9 ; 6.69e-07 ; True ; 23 106 174 310 367 459 519 601 684 723 739  ; 4 1 4 9 6 5 5 6 6 4 4 5 
161.6 ; 7.357e-07 ; True ; 23 147 174 310 367 459 519 558 601 684 723 739  ; 4 1 4 9 8 5 5 6 7 3 4 7 
164.1 ; 8.209e-07 ; True ; 23 147 174 226 310 367 459 519 601 684 723 739  ; 4 1 4 10 8 4 6 7 6 3 5 6 
173.4 ; 8.857e-07 ; True ; 23 147 174 246 310 367 459 519 601 684 723 821  ; 4 1 4 9 8 4 5 7 6 4 5 6 
173.9 ; 8.858e-07 ; True ; 23 147 174 226 367 459 519 601 684 723 739 821  ; 4 1 4 11 8 4 5 7 6 4 5 6 
175.2 ; 9.021e-07 ; True ; 23 147 174 310 367 415 459 519 601 684 723 739  ; 5 1 4 10 7 5 5 7 7 3 4 7 
175.6 ; 1.003e-06 ; True ; 23 147 174 310 367 459 519 601 684 723 739 821  ; 5 1 4 10 8 4 5 7 6 4 5 6 
181.3 ; 1.054e-06 ; True ; 23 106 147 174 310 367 459 519 601 684 723 739  ; 4 1 4 10 7 5 6 6 6 4 5 6 
186.7 ; 1.135e-06 ; True ; 23 147 174 226 310 367 459 519 558 601 684 723 739  ; 4 1 4 10 9 5 6 7 7 3 5 7 
187.4 ; 1.169e-06 ; True ; 23 147 174 226 310 367 459 519 601 650 684 723 739  ; 4 1 4 11 8 4 6 7 6 4 6 6 
191.1 ; 1.232e-06 ; True ; 23 147 174 226 246 310 367 459 519 601 684 723 739  ; 4 1 4 10 9 5 6 8 7 3 5 7 
199.1 ; 1.387e-06 ; True ; 23 147 174 310 367 459 519 558 601 684 723 739 821  ; 5 1 4 10 9 5 5 7 7 4 5 7 
201.7 ; 1.458e-06 ; True ; 23 147 174 226 310 367 459 519 601 684 723 739 821  ; 5 1 4 11 9 4 6 8 6 4 6 6 
203.4 ; 1.505e-06 ; True ; 23 147 174 246 310 367 459 519 601 684 723 739 821  ; 5 1 4 10 9 5 5 8 7 4 5 7 
207.5 ; 1.531e-06 ; True ; 23 106 147 174 226 310 367 459 519 601 684 723 739  ; 4 1 4 11 8 5 7 7 6 4 6 6 
210.3 ; 1.563e-06 ; True ; 23 106 147 174 246 310 367 459 519 601 684 723 739  ; 4 1 4 10 8 6 6 7 7 4 5 7 
211.9 ; 1.585e-06 ; True ; 23 117 147 174 310 367 415 459 519 601 684 723 739  ; 5 1 4 11 7 6 6 8 7 4 4 7 
212.8 ; 1.62e-06 ; True ; 23 147 174 310 367 415 459 519 601 684 723 739 821  ; 6 1 4 11 8 5 5 8 7 4 5 7 
215.2 ; 1.72e-06 ; True ; 23 117 147 174 310 367 459 519 601 684 723 739 821  ; 5 1 4 11 8 5 6 8 6 5 5 6 
220.6 ; 1.731e-06 ; True ; 23 106 147 174 310 367 415 459 519 601 684 723 739  ; 5 1 4 11 7 6 6 7 7 4 5 7 
220.9 ; 1.805e-06 ; True ; 23 106 147 174 310 367 459 519 601 684 723 739 821  ; 5 1 4 11 8 5 6 7 6 5 6 6 
226.7 ; 1.959e-06 ; True ; 23 147 174 226 310 367 415 459 519 601 650 684 723 739  ; 5 1 4 12 8 5 6 8 7 4 6 7 
231.5 ; 2.146e-06 ; True ; 23 147 174 226 246 310 367 459 519 601 684 723 739 821  ; 5 1 4 11 10 5 6 9 7 4 6 7 
239.4 ; 2.316e-06 ; True ; 23 117 147 174 226 310 367 415 459 519 601 684 723 739  ; 5 1 4 12 8 6 7 9 7 4 5 7 
240.9 ; 2.321e-06 ; True ; 23 147 174 226 310 367 415 459 519 601 684 723 739 821  ; 6 1 4 12 9 5 6 9 7 4 6 7 
243.6 ; 2.397e-06 ; True ; 23 117 147 174 226 310 367 459 519 601 684 723 739 821  ; 5 1 4 12 9 5 7 9 6 5 6 6 
246.4 ; 2.447e-06 ; True ; 23 117 147 174 246 310 367 459 519 601 684 723 739 821  ; 5 1 4 11 9 6 6 9 7 5 5 7 
249.9 ; 2.485e-06 ; True ; 23 106 147 174 226 310 367 459 519 601 684 723 739 821  ; 5 1 4 12 9 5 7 8 6 5 7 6 
252.7 ; 2.607e-06 ; True ; 23 106 147 174 246 310 367 459 519 601 684 723 739 821  ; 5 1 4 11 9 6 6 8 7 5 6 7 
253.3 ; 2.634e-06 ; True ; 23 117 147 174 310 367 415 459 519 601 684 723 739 821  ; 6 1 4 12 8 6 6 9 7 5 5 7 
262.3 ; 2.679e-06 ; True ; 23 106 117 174 226 310 367 415 459 519 601 684 723 739  ; 5 1 4 12 7 7 7 9 7 5 5 6 
262.9 ; 2.692e-06 ; True ; 23 147 174 310 367 415 432 459 519 601 684 723 739 821  ; 6 1 5 11 8 5 6 8 7 5 5 7 
263 ; 2.806e-06 ; True ; 23 106 147 174 310 367 415 459 519 601 684 723 739 821  ; 6 1 4 12 8 6 6 8 7 5 6 7 
269.5 ; 2.81e-06 ; True ; 23 106 174 226 310 367 415 432 459 519 601 684 723 739  ; 5 1 5 11 7 6 7 8 7 5 5 6 
269.8 ; 2.847e-06 ; True ; 23 94 147 174 310 367 415 459 519 601 684 723 739 821  ; 6 1 4 12 9 6 6 8 7 5 6 7 
273 ; 2.893e-06 ; True ; 23 117 132 174 226 310 367 415 459 519 601 684 723 739 815  ; 6 1 4 12 8 6 6 9 8 4 6 8 
275.5 ; 2.943e-06 ; True ; 23 147 174 226 310 367 415 459 519 601 684 723 739 815 821  ; 7 1 4 13 10 5 6 9 7 4 7 8 
278 ; 2.967e-06 ; True ; 23 117 174 226 246 310 367 415 459 519 601 684 723 739 815  ; 6 1 4 12 9 7 6 10 8 4 5 8 
280.5 ; 3.144e-06 ; True ; 23 147 174 226 310 367 415 459 519 601 684 723 739 821 850  ; 6 1 5 12 9 5 6 9 7 4 7 7 
281.1 ; 3.244e-06 ; True ; 23 106 147 174 246 310 367 459 519 558 601 684 723 739 821  ; 5 1 4 11 10 7 6 8 8 5 6 8 
283.1 ; 3.37e-06 ; True ; 1 23 117 174 226 246 310 367 459 519 601 684 723 739 821  ; 5 1 5 12 9 6 6 10 8 5 5 7 
283.8 ; 3.63e-06 ; True ; 23 117 147 174 226 310 367 415 459 519 601 684 723 739 821  ; 6 1 4 13 9 6 7 10 7 5 6 7 
291.6 ; 3.63e-06 ; True ; 1 23 106 174 226 246 310 367 459 519 601 684 723 739 821  ; 5 1 5 12 9 6 6 9 8 5 6 7 
291.9 ; 3.669e-06 ; True ; 23 117 147 174 226 310 367 415 432 459 519 601 684 723 739  ; 5 1 5 12 8 6 8 9 7 5 5 7 
297.6 ; 3.68e-06 ; True ; 23 174 226 246 310 367 415 432 459 519 601 684 723 739 821  ; 6 1 5 11 9 6 6 10 8 5 5 7 
297.7 ; 3.695e-06 ; True ; 23 147 174 246 310 367 415 432 459 519 601 684 723 739 821  ; 6 1 5 11 9 6 6 9 8 5 5 8 
297.8 ; 3.752e-06 ; True ; 23 106 147 174 246 310 367 415 459 519 601 684 723 739 821  ; 6 1 4 12 9 7 6 9 8 5 6 8 
300.8 ; 3.804e-06 ; True ; 23 117 147 174 246 310 367 432 459 519 601 684 723 739 821  ; 5 1 5 11 9 6 7 9 7 6 5 7 
300.8 ; 3.908e-06 ; True ; 23 106 147 174 226 310 367 415 432 459 519 601 684 723 739  ; 5 1 5 12 8 6 8 8 7 5 6 7 
304.9 ; 4.082e-06 ; True ; 23 147 174 226 246 310 367 415 459 519 601 650 684 723 739 821  ; 6 1 4 13 10 6 6 10 8 5 7 8 
312.4 ; 4.084e-06 ; True ; 23 106 117 147 226 310 367 415 459 519 601 684 723 739 821  ; 6 1 4 13 8 7 7 9 7 5 7 7 
314.6 ; 4.127e-06 ; True ; 23 94 117 174 226 310 367 415 459 519 601 684 723 739 821  ; 6 1 4 13 9 7 7 10 7 6 6 6 
316.9 ; 4.315e-06 ; True ; 23 106 174 226 310 367 415 432 459 519 601 684 723 739 821  ; 6 1 5 12 8 6 7 9 7 6 6 6 
320.3 ; 4.603e-06 ; True ; 23 117 147 174 226 310 367 415 459 519 601 684 723 739 815 821  ; 7 1 4 14 10 6 7 10 7 5 7 8 
326.3 ; 4.917e-06 ; True ; 23 117 147 174 226 310 367 415 459 519 601 684 723 739 821 850  ; 6 1 5 13 9 6 7 10 7 5 7 7 
337.4 ; 5.064e-06 ; True ; 23 117 147 174 226 246 310 367 415 432 459 519 601 684 723 821  ; 5 1 5 12 9 6 8 10 7 6 6 7 
341.2 ; 5.53e-06 ; True ; 23 117 147 174 226 310 367 415 432 459 519 601 684 723 739 821  ; 6 1 5 13 9 6 8 10 7 6 6 7 
351.1 ; 5.798e-06 ; True ; 23 106 147 174 226 310 367 415 432 459 519 601 684 723 739 821  ; 6 1 5 13 9 6 8 9 7 6 7 7 
364.3 ; 5.865e-06 ; True ; 23 94 174 226 246 310 367 415 432 459 519 601 684 723 739 821  ; 6 1 5 12 10 7 7 10 8 6 6 7 
366.1 ; 6.034e-06 ; True ; 23 106 117 174 226 310 367 415 432 459 519 601 684 723 739 821  ; 6 1 5 13 8 7 8 10 7 7 6 6 
370.6 ; 6.068e-06 ; True ; 23 117 174 226 246 310 367 415 459 519 601 684 723 739 815 821 850  ; 7 1 5 13 10 7 6 11 8 5 7 8 
373.1 ; 6.122e-06 ; True ; 23 94 117 174 226 310 367 415 432 459 519 601 684 723 739 821  ; 6 1 5 13 9 7 8 10 7 7 6 6 
375.5 ; 6.144e-06 ; True ; 23 106 117 147 246 310 367 415 432 459 519 601 684 723 739 821  ; 6 1 5 12 8 8 7 9 8 6 6 8 
378.1 ; 6.41e-06 ; True ; 23 117 174 226 246 310 367 415 432 459 519 601 684 723 739 815 850  ; 6 1 6 12 9 7 7 10 8 5 6 8 
385 ; 6.575e-06 ; True ; 23 117 174 226 246 310 367 432 459 519 601 684 723 739 815 821 850  ; 6 1 6 12 10 6 7 10 7 6 7 7 
386.6 ; 6.963e-06 ; True ; 23 117 174 226 246 310 367 415 432 459 519 601 684 723 739 815 821  ; 7 1 5 13 10 7 7 11 8 6 6 8 
390.7 ; 7.143e-06 ; True ; 23 117 174 226 246 310 367 415 432 459 519 601 684 723 739 821 850  ; 6 1 6 12 9 7 7 11 8 6 6 7 
391.4 ; 7.236e-06 ; True ; 23 117 147 174 246 310 367 415 432 459 519 601 684 723 739 821 850  ; 6 1 6 12 9 7 7 10 8 6 6 8 
396.7 ; 7.284e-06 ; True ; 23 106 117 174 226 246 310 367 415 432 459 519 601 684 723 739 815  ; 6 1 5 13 9 8 8 10 8 6 6 8 
397.2 ; 7.297e-06 ; True ; 23 106 117 174 226 310 367 415 432 459 519 601 684 723 739 815 850  ; 6 1 6 13 8 7 8 9 7 6 7 7 
402.6 ; 7.411e-06 ; True ; 23 106 117 174 226 246 310 367 432 459 519 601 684 723 739 815 821  ; 6 1 5 13 10 7 8 10 7 7 7 7 
408.6 ; 7.826e-06 ; True ; 23 106 117 174 226 310 367 415 432 459 519 601 684 723 739 815 821  ; 7 1 5 14 9 7 8 10 7 7 7 7 
410.8 ; 7.848e-06 ; True ; 23 106 117 174 226 310 367 415 432 459 519 601 684 723 739 821 850  ; 6 1 6 13 8 7 8 10 7 7 7 6 
416.2 ; 7.981e-06 ; True ; 23 94 117 174 226 246 310 367 415 432 459 519 601 684 723 739 821  ; 6 1 5 13 10 8 8 11 8 7 6 7 
420.8 ; 8.156e-06 ; True ; 23 94 117 147 226 246 310 367 415 432 459 519 601 684 723 739 821  ; 6 1 5 13 10 8 8 10 8 6 7 8 
433.3 ; 8.2e-06 ; True ; 23 106 117 174 226 310 367 415 459 519 545 601 684 723 739 821 827  ; 6 1 5 14 9 7 8 11 8 7 7 7 
433.6 ; 8.243e-06 ; True ; 23 117 174 226 310 367 415 432 459 465 519 601 684 723 739 815 821 850  ; 8 1 6 14 9 6 7 10 8 6 7 8 
436.7 ; 8.975e-06 ; True ; 23 106 117 174 226 246 310 367 415 459 519 601 684 723 739 815 821 850  ; 7 1 5 14 10 8 7 11 8 6 8 8 
443.3 ; 9.474e-06 ; True ; 23 106 117 174 226 246 310 367 415 432 459 519 601 684 723 739 815 850  ; 6 1 6 13 9 8 8 10 8 6 7 8 
456.2 ; 9.942e-06 ; True ; 23 94 117 174 226 246 310 367 415 432 459 519 601 632 684 723 739 821  ; 6 1 6 14 10 8 8 11 8 7 6 8 
462 ; 1.005e-05 ; True ; 23 106 117 174 246 310 367 415 432 459 519 601 684 723 739 815 821 850  ; 7 1 6 13 9 8 7 10 8 7 7 8 
466.6 ; 1.038e-05 ; True ; 23 94 117 174 226 246 310 367 415 432 459 519 601 684 723 739 821 850  ; 6 1 6 13 10 8 8 11 8 7 7 7 
483.2 ; 1.08e-05 ; True ; 23 106 117 174 226 242 246 310 367 415 432 459 519 601 684 723 739 815 850  ; 6 1 6 13 9 8 8 10 8 6 8 9 
490.7 ; 1.101e-05 ; True ; 23 94 132 147 174 226 246 310 367 415 432 459 487 519 601 684 723 739 821  ; 6 1 5 13 11 7 9 10 9 7 8 9 
495.2 ; 1.117e-05 ; True ; 23 106 117 174 226 246 310 367 415 432 459 519 601 684 723 739 821 827  ; 6 1 6 13 9 8 8 11 9 8 6 8 
503.1 ; 1.152e-05 ; True ; 23 106 117 174 223 226 246 310 367 415 432 459 519 601 684 723 739 815 850  ; 7 1 6 14 9 8 8 11 8 6 8 8 
503.6 ; 1.185e-05 ; True ; 23 106 117 174 226 310 367 415 432 459 465 519 601 684 723 739 815 821 850  ; 8 1 6 15 9 7 8 10 8 7 8 8 
526.8 ; 1.203e-05 ; True ; 23 94 106 174 226 246 310 367 415 426 432 459 519 601 684 723 739 821 850  ; 6 1 6 14 10 8 8 10 9 7 8 8 
532.9 ; 1.206e-05 ; True ; 23 94 117 204 226 246 310 367 415 432 459 519 601 684 723 739 821 850  ; 7 1 7 12 9 8 7 10 9 7 7 8 
537.5 ; 1.238e-05 ; True ; 23 94 117 174 226 246 310 367 415 432 459 519 601 632 684 723 739 815 827  ; 6 1 7 14 10 8 8 10 9 7 6 10 
544.2 ; 1.249e-05 ; True ; 23 106 117 174 226 246 310 367 415 459 519 601 684 723 739 821 827 850 852  ; 6 1 6 14 9 8 8 11 9 7 8 8 
546.5 ; 1.398e-05 ; True ; 23 106 117 174 226 246 310 367 415 432 459 519 601 684 723 739 815 821 827  ; 7 1 6 14 10 8 8 11 9 8 7 9 
570.9 ; 1.425e-05 ; True ; 23 106 117 174 226 246 310 367 415 432 459 519 543 558 601 684 723 739 821 850  ; 7 1 6 14 11 10 8 11 10 7 7 8 
578.2 ; 1.492e-05 ; True ; 23 94 117 174 226 246 310 367 415 432 459 503 519 601 684 723 739 762 821 850  ; 8 1 6 15 10 9 8 11 10 7 7 9 
608.4 ; 1.559e-05 ; True ; 23 94 106 174 226 246 310 367 415 432 459 519 558 601 684 723 739 815 827 850  ; 6 1 7 13 11 9 8 9 10 7 8 10 
612.1 ; 1.638e-05 ; True ; 23 106 117 174 223 226 310 367 415 432 459 519 601 684 723 739 815 821 827 850  ; 8 1 7 15 9 7 8 11 8 8 9 8 
620.1 ; 1.776e-05 ; True ; 23 94 117 136 174 226 246 310 367 415 432 459 519 601 684 723 739 821 827 850  ; 7 1 7 13 11 8 8 11 10 9 7 9 
643.9 ; 1.782e-05 ; True ; 23 94 117 136 174 226 246 310 367 415 432 459 519 601 684 723 739 821 827 838  ; 7 1 6 14 11 8 9 11 10 10 7 9 
680.7 ; 1.882e-05 ; True ; 23 106 174 226 246 310 367 415 432 459 519 558 601 684 709 723 739 815 821 827 850  ; 7 1 7 13 12 8 8 11 10 7 9 10 
687.4 ; 1.915e-05 ; True ; 23 94 117 136 204 226 246 310 367 415 432 459 519 601 684 723 739 821 827 850  ; 8 1 8 12 10 8 7 10 11 9 7 10 
708.8 ; 2.122e-05 ; True ; 23 94 117 174 226 246 310 367 415 432 459 519 586 601 684 723 739 815 821 827 838  ; 7 1 6 15 11 8 10 12 9 9 9 9 
770.9 ; 2.486e-05 ; True ; 23 94 117 136 174 226 246 310 367 415 432 459 519 601 684 723 739 786 821 827 838 850  ; 8 1 7 15 11 8 9 11 11 10 8 10 
964.5 ; 2.66e-05 ; True ; 7 28 94 117 204 226 246 310 322 367 415 432 459 519 601 656 684 723 739 827 838 850 852  ; 7 1 8 15 8 7 10 10 11 9 10 10 
1054 ; 2.84e-05 ; True ; 23 94 117 196 204 226 246 310 339 367 374 432 439 459 519 601 684 723 739 821 827 838 850 852  ; 9 1 8 16 11 9 9 9 10 10 9 10 



RUN 4:
Optimum Distance: 11.84
Optimal Team: 23,367,684,
Required Skills: 0 1 4 5 9 10 11 14 16 18 23 24 
Distance; Skill Score; isValid; Team; Skill Counts
11.84 ; 2.946e-12 ; True ; 23 367 684  ; 1 1 1 2 2 1 1 1 1 1 1 1 
12.82 ; 3.231e-12 ; True ; 367 459 519  ; 1 1 1 2 1 1 1 1 2 1 1 1 
15.84 ; 4.59e-12 ; True ; 204 367 519  ; 1 1 1 1 1 1 1 1 2 2 1 1 
18.61 ; 5.976e-12 ; True ; 8 367 601 684  ; 1 1 1 3 2 1 1 2 1 1 1 1 
18.63 ; 1.034e-11 ; True ; 160 364 367 684  ; 2 1 1 3 2 1 1 1 1 1 1 2 
18.64 ; 1.164e-11 ; True ; 364 367 415 684  ; 2 1 1 3 1 1 1 2 1 1 1 2 
18.65 ; 1.362e-11 ; True ; 23 174 310 367  ; 1 1 1 2 3 1 2 2 1 1 1 1 
18.71 ; 2.319e-11 ; True ; 23 367 558 684  ; 1 1 1 2 3 2 1 1 2 1 1 2 
18.75 ; 2.739e-11 ; True ; 23 174 367 684  ; 1 1 1 3 3 1 2 2 1 2 1 1 
19.54 ; 4.373e-11 ; True ; 23 246 367 684  ; 1 1 1 2 3 2 1 2 2 1 1 2 
19.62 ; 4.601e-11 ; True ; 23 310 367 684  ; 2 1 1 2 3 1 2 2 1 1 2 1 
20.63 ; 5.073e-11 ; True ; 367 601 684 739  ; 2 1 1 3 2 1 1 3 2 1 1 2 
20.64 ; 8.406e-11 ; True ; 23 367 684 739  ; 2 1 1 3 3 2 1 2 2 1 1 2 
23.46 ; 9.129e-11 ; True ; 367 459 519 739  ; 2 1 1 3 2 2 1 2 3 1 1 2 
23.56 ; 1.059e-10 ; True ; 367 519 601 684  ; 1 1 1 3 2 1 2 3 2 2 2 1 
23.71 ; 1.336e-10 ; True ; 367 459 519 684  ; 2 1 1 3 2 1 2 2 2 2 2 1 
24.69 ; 1.755e-10 ; True ; 23 367 519 684  ; 1 1 1 3 3 2 2 2 2 2 2 1 
26.61 ; 1.94e-10 ; True ; 23 174 367 558 684  ; 1 1 1 3 4 2 2 2 2 2 1 2 
27.53 ; 2.169e-10 ; True ; 23 174 310 367 684  ; 2 1 1 3 4 1 3 3 1 2 2 1 
27.55 ; 2.377e-10 ; True ; 160 174 367 601 684  ; 2 1 1 4 3 1 2 3 2 2 1 2 
27.7 ; 2.489e-10 ; True ; 1 310 367 415 684  ; 3 1 1 3 2 1 2 3 2 1 2 2 
28.24 ; 3.448e-10 ; True ; 117 160 367 601 684  ; 2 1 1 4 2 2 2 3 2 2 1 2 
29.44 ; 3.99e-10 ; True ; 310 367 601 684 739  ; 3 1 1 3 3 1 2 4 2 1 2 2 
29.53 ; 5.018e-10 ; True ; 23 174 367 684 739  ; 2 1 1 4 4 2 2 3 2 2 1 2 
30.36 ; 5.074e-10 ; True ; 23 226 367 684 739  ; 2 1 1 4 4 2 2 3 2 1 2 2 
30.39 ; 5.984e-10 ; True ; 23 310 367 684 723  ; 2 1 2 3 3 2 2 2 2 1 2 2 
30.41 ; 6.683e-10 ; True ; 23 310 367 684 739  ; 3 1 1 3 4 2 2 3 2 1 2 2 
34.14 ; 7.551e-10 ; True ; 310 367 519 601 739  ; 2 1 1 3 3 2 2 4 3 1 2 2 
34.25 ; 8.067e-10 ; True ; 310 367 459 519 739  ; 3 1 1 3 3 2 2 3 3 1 2 2 
34.4 ; 9.532e-10 ; True ; 367 459 519 601 684  ; 2 1 2 4 2 1 2 3 3 2 2 2 
35.36 ; 1.135e-09 ; True ; 367 415 519 601 684  ; 2 1 1 4 2 2 2 4 3 2 2 2 
36.21 ; 1.145e-09 ; True ; 1 367 519 684 739  ; 2 1 1 4 3 2 2 3 3 2 2 2 
36.21 ; 1.443e-09 ; True ; 367 519 601 684 739  ; 2 1 1 4 3 2 2 4 3 2 2 2 
36.34 ; 1.542e-09 ; True ; 367 459 519 684 739  ; 3 1 1 4 3 2 2 3 3 2 2 2 
36.47 ; 1.58e-09 ; True ; 23 367 459 519 684  ; 2 1 2 4 3 2 2 2 3 2 2 2 
37.21 ; 1.817e-09 ; True ; 23 367 519 684 739  ; 2 1 1 4 4 3 2 3 3 2 2 2 
39.06 ; 1.831e-09 ; True ; 23 174 310 367 601 684  ; 2 1 2 4 4 1 3 4 2 2 2 2 
39.19 ; 1.956e-09 ; True ; 23 174 310 367 459 684  ; 3 1 2 4 4 1 3 3 2 2 2 2 
40.25 ; 2.68e-09 ; True ; 23 174 310 367 684 723  ; 2 1 2 4 4 2 3 3 2 2 2 2 
42.95 ; 3.192e-09 ; True ; 23 310 367 601 684 739  ; 3 1 2 4 4 2 2 4 3 1 2 3 
43.17 ; 3.513e-09 ; True ; 23 310 367 684 723 739  ; 3 1 2 4 4 3 2 3 3 1 2 3 
46.05 ; 4.224e-09 ; True ; 310 367 459 519 601 684  ; 3 1 2 4 3 1 3 4 3 2 3 2 
47.13 ; 4.565e-09 ; True ; 1 310 367 519 684 739  ; 3 1 1 4 4 2 3 4 3 2 3 2 
47.99 ; 5.4e-09 ; True ; 310 367 519 601 684 739  ; 3 1 1 4 4 2 3 5 3 2 3 2 
48.13 ; 5.489e-09 ; True ; 310 367 459 519 684 739  ; 4 1 1 4 4 2 3 4 3 2 3 2 
48.95 ; 6.623e-09 ; True ; 23 310 367 519 601 684  ; 2 1 2 4 4 2 3 4 3 2 3 2 
49.09 ; 7.075e-09 ; True ; 23 310 367 459 519 684  ; 3 1 2 4 4 2 3 3 3 2 3 2 
50.04 ; 7.431e-09 ; True ; 23 174 310 367 459 558 684  ; 3 1 2 4 5 2 3 3 3 2 2 3 
50.86 ; 7.618e-09 ; True ; 23 367 519 601 684 739  ; 2 1 2 5 4 3 2 4 4 2 2 3 
50.97 ; 8.139e-09 ; True ; 23 367 459 519 684 739  ; 3 1 2 5 4 3 2 3 4 2 2 3 
52.84 ; 8.302e-09 ; True ; 23 174 226 367 601 684 739  ; 2 1 2 6 5 2 3 5 3 2 2 3 
53.52 ; 9.365e-09 ; True ; 23 174 246 310 367 459 684  ; 3 1 2 4 5 2 3 4 3 2 2 3 
53.65 ; 9.647e-09 ; True ; 23 174 246 310 367 684 723  ; 2 1 2 4 5 3 3 4 3 2 2 3 
53.82 ; 1.115e-08 ; True ; 23 174 310 367 601 684 739  ; 3 1 2 5 5 2 3 5 3 2 2 3 
53.93 ; 1.134e-08 ; True ; 23 174 310 367 459 684 739  ; 4 1 2 5 5 2 3 4 3 2 2 3 
55.01 ; 1.308e-08 ; True ; 23 174 310 367 684 723 739  ; 3 1 2 5 5 3 3 4 3 2 2 3 
60.67 ; 1.518e-08 ; True ; 310 367 459 519 601 640 684  ; 3 1 2 5 4 2 3 4 4 2 3 3 
61.75 ; 1.546e-08 ; True ; 23 174 310 367 519 601 684  ; 2 1 2 5 5 2 4 5 3 3 3 2 
61.87 ; 1.781e-08 ; True ; 174 367 459 519 601 684 739  ; 3 1 2 6 4 2 3 5 4 3 2 3 
62.67 ; 1.796e-08 ; True ; 1 310 367 519 601 684 739  ; 3 1 2 5 4 2 3 5 4 2 3 3 
62.67 ; 2.16e-08 ; True ; 310 367 459 519 601 684 739  ; 4 1 2 5 4 2 3 5 4 2 3 3 
63.59 ; 2.225e-08 ; True ; 23 310 367 459 519 601 684  ; 3 1 3 5 4 2 3 4 4 2 3 3 
64.76 ; 2.266e-08 ; True ; 23 174 367 459 519 684 739  ; 3 1 2 6 5 3 3 4 4 3 2 3 
65.45 ; 2.27e-08 ; True ; 23 246 310 367 459 519 684  ; 3 1 2 4 5 3 3 4 4 2 3 3 
65.45 ; 2.703e-08 ; True ; 23 310 367 519 601 684 739  ; 3 1 2 5 5 3 3 5 4 2 3 3 
65.57 ; 2.748e-08 ; True ; 23 310 367 459 519 684 739  ; 4 1 2 5 5 3 3 4 4 2 3 3 
66.67 ; 2.824e-08 ; True ; 23 310 367 519 684 723 739  ; 3 1 2 5 5 4 3 4 4 2 3 3 
68.45 ; 2.97e-08 ; True ; 23 174 310 367 459 601 684 739  ; 4 1 3 6 5 2 3 5 4 2 2 4 
70.35 ; 3.035e-08 ; True ; 23 174 246 310 367 684 723 739  ; 3 1 2 5 6 4 3 5 4 2 2 4 
70.49 ; 3.426e-08 ; True ; 23 174 310 367 601 684 723 739  ; 3 1 3 6 5 3 3 5 4 2 2 4 
70.6 ; 3.482e-08 ; True ; 23 174 310 367 459 684 723 739  ; 4 1 3 6 5 3 3 4 4 2 2 4 
73.73 ; 3.521e-08 ; True ; 174 310 367 459 519 558 601 684  ; 3 1 2 5 5 2 4 5 4 3 3 3 
74.48 ; 3.528e-08 ; True ; 174 310 367 459 519 601 640 684  ; 3 1 2 6 5 2 4 5 4 3 3 3 
76.51 ; 4.824e-08 ; True ; 174 310 367 459 519 601 684 739  ; 4 1 2 6 5 2 4 6 4 3 3 3 
77.38 ; 5.17e-08 ; True ; 23 174 310 367 459 519 601 684  ; 3 1 3 6 5 2 4 5 4 3 3 3 
80.24 ; 5.859e-08 ; True ; 23 174 310 367 519 601 684 739  ; 3 1 2 6 6 3 4 6 4 3 3 3 
80.36 ; 6.196e-08 ; True ; 23 174 310 367 459 519 684 739  ; 4 1 2 6 6 3 4 5 4 3 3 3 
82.07 ; 6.764e-08 ; True ; 23 310 367 459 519 601 684 739  ; 4 1 3 6 5 3 3 5 5 2 3 4 
84.13 ; 6.952e-08 ; True ; 23 310 367 519 601 684 723 739  ; 3 1 3 6 5 4 3 5 5 2 3 4 
84.25 ; 7.067e-08 ; True ; 23 310 367 459 519 684 723 739  ; 4 1 3 6 5 4 3 4 5 2 3 4 
86.9 ; 7.493e-08 ; True ; 23 174 226 310 367 601 684 723 739  ; 3 1 3 7 6 3 4 6 4 2 3 4 
87.08 ; 7.59e-08 ; True ; 23 147 174 310 367 601 684 723 739  ; 3 1 3 7 6 3 4 5 4 2 3 5 
87.15 ; 7.715e-08 ; True ; 23 147 174 310 367 459 684 723 739  ; 4 1 3 7 6 3 4 4 4 2 3 5 
87.88 ; 7.924e-08 ; True ; 23 174 226 310 367 459 684 723 739  ; 4 1 3 7 6 3 4 5 4 2 3 4 
92.53 ; 8.466e-08 ; True ; 23 117 174 310 367 459 601 684 739  ; 4 1 3 7 5 3 4 6 4 3 2 4 
93.1 ; 8.664e-08 ; True ; 174 310 367 459 519 601 632 684 739  ; 4 1 3 7 5 2 4 6 4 3 3 4 
93.12 ; 9.487e-08 ; True ; 147 174 310 367 459 519 601 684 739  ; 4 1 2 7 6 2 5 6 4 3 4 4 
93.95 ; 1.017e-07 ; True ; 23 147 174 310 367 459 519 601 684  ; 3 1 3 7 6 2 5 5 4 3 4 4 
94.13 ; 1.07e-07 ; True ; 23 174 310 367 459 519 558 601 684  ; 3 1 3 6 6 3 4 5 5 3 3 4 
96.28 ; 1.118e-07 ; True ; 23 174 310 367 459 519 558 684 723  ; 3 1 3 6 6 4 4 4 5 3 3 4 
97.06 ; 1.234e-07 ; True ; 23 147 174 367 459 519 601 684 739  ; 3 1 3 8 6 3 4 5 5 3 3 5 
97.84 ; 1.464e-07 ; True ; 23 174 310 367 459 519 601 684 739  ; 4 1 3 7 6 3 4 6 5 3 3 4 
100.9 ; 1.505e-07 ; True ; 23 174 310 367 519 601 684 723 739  ; 3 1 3 7 6 4 4 6 5 3 3 4 
101 ; 1.591e-07 ; True ; 23 174 310 367 459 519 684 723 739  ; 4 1 3 7 6 4 4 5 5 3 3 4 
107.9 ; 1.628e-07 ; True ; 23 310 367 459 519 601 684 739 821  ; 5 1 3 7 6 3 3 6 5 3 4 4 
108.9 ; 1.718e-07 ; True ; 23 117 310 367 459 519 601 684 739  ; 4 1 3 7 5 4 4 6 5 3 3 4 
110 ; 1.776e-07 ; True ; 23 310 367 519 601 684 723 739 821  ; 4 1 3 7 6 4 3 6 5 3 4 4 
111.7 ; 1.943e-07 ; True ; 23 147 174 310 367 459 519 558 601 684  ; 3 1 3 7 7 3 5 5 5 3 4 5 
114.7 ; 1.948e-07 ; True ; 23 147 174 367 459 519 601 650 684 739  ; 3 1 3 9 6 3 4 5 5 4 4 5 
114.8 ; 2.03e-07 ; True ; 23 147 174 310 367 459 519 558 684 723  ; 3 1 3 7 7 4 5 4 5 3 4 5 
115.4 ; 2.21e-07 ; True ; 23 147 174 226 367 459 519 601 684 739  ; 3 1 3 9 7 3 5 6 5 3 4 5 
115.7 ; 2.211e-07 ; True ; 23 174 310 367 459 519 558 601 684 723  ; 3 1 4 7 6 4 4 5 6 3 3 5 
116.3 ; 2.312e-07 ; True ; 23 174 310 367 459 519 601 650 684 739  ; 4 1 3 8 6 3 4 6 5 4 4 4 
116.4 ; 2.657e-07 ; True ; 23 147 174 310 367 459 519 601 684 739  ; 4 1 3 8 7 3 5 6 5 3 4 5 
120.4 ; 3.023e-07 ; True ; 23 174 310 367 459 519 601 684 723 739  ; 4 1 4 8 6 4 4 6 6 3 3 5 
129.6 ; 3.052e-07 ; True ; 23 117 226 310 367 459 519 601 684 739  ; 4 1 3 8 6 4 5 7 5 3 4 4 
129.7 ; 3.27e-07 ; True ; 23 174 310 367 519 601 684 723 739 821  ; 4 1 3 8 7 4 4 7 5 4 4 4 
130.7 ; 3.346e-07 ; True ; 23 174 310 367 459 519 684 723 739 821  ; 5 1 3 8 7 4 4 6 5 4 4 4 
131.3 ; 3.448e-07 ; True ; 23 106 174 310 367 459 519 601 684 739  ; 4 1 3 8 6 4 5 6 5 4 4 4 
135.5 ; 3.521e-07 ; True ; 23 106 174 310 367 459 519 684 723 739  ; 4 1 3 8 6 5 5 5 5 4 4 4 
135.7 ; 3.625e-07 ; True ; 23 117 174 226 310 367 459 601 684 723 739  ; 4 1 4 9 6 4 5 7 5 3 3 5 
135.8 ; 3.716e-07 ; True ; 23 147 174 310 367 459 519 601 684 739 762  ; 5 1 3 9 7 3 5 6 6 3 4 6 
135.9 ; 3.939e-07 ; True ; 23 147 174 310 367 459 519 601 650 684 739  ; 4 1 3 9 7 3 5 6 5 4 5 5 
136.1 ; 4.144e-07 ; True ; 23 147 174 310 367 459 519 558 601 684 739  ; 4 1 3 8 8 4 5 6 6 3 4 6 
139.6 ; 4.393e-07 ; True ; 23 147 174 246 310 367 459 519 601 684 723  ; 3 1 4 8 7 4 5 6 6 3 4 6 
140.1 ; 4.393e-07 ; True ; 23 147 174 226 367 459 519 601 684 723 739  ; 3 1 4 10 7 4 5 6 6 3 4 6 
140.4 ; 4.586e-07 ; True ; 23 147 174 246 310 367 459 519 601 684 739  ; 4 1 3 8 8 4 5 7 6 3 4 6 
140.9 ; 4.596e-07 ; True ; 23 132 174 310 367 459 519 601 684 723 739  ; 4 1 4 8 6 4 4 6 7 3 4 6 
140.9 ; 5.282e-07 ; True ; 23 147 174 310 367 459 519 601 684 723 739  ; 4 1 4 9 7 4 5 6 6 3 4 6 
149.6 ; 5.474e-07 ; True ; 23 147 174 367 459 519 601 684 723 739 821  ; 4 1 4 10 7 4 4 6 6 4 4 6 
152.1 ; 6.187e-07 ; True ; 23 174 310 367 459 519 601 684 723 739 821  ; 5 1 4 9 7 4 4 7 6 4 4 5 
157.9 ; 6.69e-07 ; True ; 23 106 174 310 367 459 519 601 684 723 739  ; 4 1 4 9 6 5 5 6 6 4 4 5 
162.3 ; 7.019e-07 ; True ; 23 147 174 310 367 459 519 601 684 723 739 762  ; 5 1 4 10 7 4 5 6 7 3 4 7 
162.4 ; 7.348e-07 ; True ; 23 132 147 174 310 367 459 519 601 684 723 739  ; 4 1 4 9 7 4 5 6 7 3 5 7 
164.1 ; 7.522e-07 ; True ; 23 132 174 226 310 367 459 519 601 684 723 739  ; 4 1 4 9 7 4 5 7 7 3 5 6 
164.1 ; 8.209e-07 ; True ; 23 147 174 226 310 367 459 519 601 684 723 739  ; 4 1 4 10 8 4 6 7 6 3 5 6 
173.4 ; 8.857e-07 ; True ; 23 147 174 246 310 367 459 519 601 684 723 821  ; 4 1 4 9 8 4 5 7 6 4 5 6 
173.9 ; 8.858e-07 ; True ; 23 147 174 226 367 459 519 601 684 723 739 821  ; 4 1 4 11 8 4 5 7 6 4 5 6 
175.2 ; 9.021e-07 ; True ; 23 147 174 310 367 415 459 519 601 684 723 739  ; 5 1 4 10 7 5 5 7 7 3 4 7 
175.6 ; 1.003e-06 ; True ; 23 147 174 310 367 459 519 601 684 723 739 821  ; 5 1 4 10 8 4 5 7 6 4 5 6 
181.3 ; 1.054e-06 ; True ; 23 106 147 174 310 367 459 519 601 684 723 739  ; 4 1 4 10 7 5 6 6 6 4 5 6 
187.4 ; 1.169e-06 ; True ; 23 147 174 226 310 367 459 519 601 650 684 723 739  ; 4 1 4 11 8 4 6 7 6 4 6 6 
191.1 ; 1.232e-06 ; True ; 23 147 174 226 246 310 367 459 519 601 684 723 739  ; 4 1 4 10 9 5 6 8 7 3 5 7 
200 ; 1.341e-06 ; True ; 23 132 147 174 310 367 459 519 601 684 723 739 821  ; 5 1 4 10 8 4 5 7 7 4 6 7 
200.4 ; 1.375e-06 ; True ; 23 147 174 226 310 367 415 459 519 601 684 723 739  ; 5 1 4 11 8 5 6 8 7 3 5 7 
201.7 ; 1.458e-06 ; True ; 23 147 174 226 310 367 459 519 601 684 723 739 821  ; 5 1 4 11 9 4 6 8 6 4 6 6 
203.4 ; 1.505e-06 ; True ; 23 147 174 246 310 367 459 519 601 684 723 739 821  ; 5 1 4 10 9 5 5 8 7 4 5 7 
207.5 ; 1.531e-06 ; True ; 23 106 147 174 226 310 367 459 519 601 684 723 739  ; 4 1 4 11 8 5 7 7 6 4 6 6 
210.3 ; 1.563e-06 ; True ; 23 106 147 174 246 310 367 459 519 601 684 723 739  ; 4 1 4 10 8 6 6 7 7 4 5 7 
211.9 ; 1.585e-06 ; True ; 23 117 147 174 310 367 415 459 519 601 684 723 739  ; 5 1 4 11 7 6 6 8 7 4 4 7 
212.8 ; 1.62e-06 ; True ; 23 147 174 310 367 415 459 519 601 684 723 739 821  ; 6 1 4 11 8 5 5 8 7 4 5 7 
215.2 ; 1.72e-06 ; True ; 23 117 147 174 310 367 459 519 601 684 723 739 821  ; 5 1 4 11 8 5 6 8 6 5 5 6 
220.6 ; 1.731e-06 ; True ; 23 106 147 174 310 367 415 459 519 601 684 723 739  ; 5 1 4 11 7 6 6 7 7 4 5 7 
220.9 ; 1.805e-06 ; True ; 23 106 147 174 310 367 459 519 601 684 723 739 821  ; 5 1 4 11 8 5 6 7 6 5 6 6 
226.7 ; 1.959e-06 ; True ; 23 147 174 226 310 367 415 459 519 601 650 684 723 739  ; 5 1 4 12 8 5 6 8 7 4 6 7 
231.5 ; 1.967e-06 ; True ; 23 174 226 246 310 367 459 519 601 632 684 723 739 821  ; 5 1 5 11 9 5 5 9 7 4 5 7 
238.3 ; 1.975e-06 ; True ; 23 147 174 226 310 367 459 519 601 684 723 739 821 850  ; 5 1 5 11 9 4 6 8 6 4 7 6 
238.9 ; 2.012e-06 ; True ; 23 117 147 174 226 310 367 415 459 519 601 684 739 850  ; 5 1 4 11 8 5 7 9 6 4 6 6 
239.4 ; 2.316e-06 ; True ; 23 117 147 174 226 310 367 415 459 519 601 684 723 739  ; 5 1 4 12 8 6 7 9 7 4 5 7 
240.9 ; 2.321e-06 ; True ; 23 147 174 226 310 367 415 459 519 601 684 723 739 821  ; 6 1 4 12 9 5 6 9 7 4 6 7 
247.5 ; 2.394e-06 ; True ; 23 117 174 226 246 310 367 459 519 601 684 723 739 821  ; 5 1 4 11 9 6 6 10 7 5 5 6 
248.7 ; 2.466e-06 ; True ; 23 106 147 174 226 310 367 415 459 519 601 684 723 739  ; 5 1 4 12 8 6 7 8 7 4 6 7 
249.9 ; 2.485e-06 ; True ; 23 106 147 174 226 310 367 459 519 601 684 723 739 821  ; 5 1 4 12 9 5 7 8 6 5 7 6 
252.7 ; 2.607e-06 ; True ; 23 106 147 174 246 310 367 459 519 601 684 723 739 821  ; 5 1 4 11 9 6 6 8 7 5 6 7 
253.3 ; 2.634e-06 ; True ; 23 117 147 174 310 367 415 459 519 601 684 723 739 821  ; 6 1 4 12 8 6 6 9 7 5 5 7 
262.3 ; 2.679e-06 ; True ; 23 106 117 174 226 310 367 415 459 519 601 684 723 739  ; 5 1 4 12 7 7 7 9 7 5 5 6 
262.9 ; 2.692e-06 ; True ; 23 147 174 310 367 415 432 459 519 601 684 723 739 821  ; 6 1 5 11 8 5 6 8 7 5 5 7 
263 ; 2.806e-06 ; True ; 23 106 147 174 310 367 415 459 519 601 684 723 739 821  ; 6 1 4 12 8 6 6 8 7 5 6 7 
269.5 ; 2.81e-06 ; True ; 23 106 174 226 310 367 415 432 459 519 601 684 723 739  ; 5 1 5 11 7 6 7 8 7 5 5 6 
270.5 ; 2.817e-06 ; True ; 23 94 174 226 310 367 415 459 519 601 684 723 739 821  ; 6 1 4 12 9 6 6 9 7 5 6 6 
275.2 ; 3.209e-06 ; True ; 1 23 147 174 226 310 367 415 459 519 601 684 723 739 821  ; 6 1 5 13 9 5 6 9 8 4 6 8 
276.8 ; 3.357e-06 ; True ; 23 117 147 174 226 246 310 367 459 519 601 684 723 739 821  ; 5 1 4 12 10 6 7 10 7 5 6 7 
283.7 ; 3.519e-06 ; True ; 23 106 147 174 226 246 310 367 459 519 601 684 723 739 821  ; 5 1 4 12 10 6 7 9 7 5 7 7 
283.8 ; 3.63e-06 ; True ; 23 117 147 174 226 310 367 415 459 519 601 684 723 739 821  ; 6 1 4 13 9 6 7 10 7 5 6 7 
293 ; 3.666e-06 ; True ; 23 117 147 174 310 367 415 459 519 601 684 723 739 821 850  ; 6 1 5 12 8 6 6 9 7 5 6 7 
294 ; 3.752e-06 ; True ; 23 147 174 226 310 367 415 432 459 519 601 684 723 739 821  ; 6 1 5 12 9 5 7 9 7 5 6 7 
294.1 ; 3.806e-06 ; True ; 23 106 147 174 226 310 367 415 459 519 601 684 723 739 821  ; 6 1 4 13 9 6 7 9 7 5 7 7 
300.8 ; 3.908e-06 ; True ; 23 106 147 174 226 310 367 415 432 459 519 601 684 723 739  ; 5 1 5 12 8 6 8 8 7 5 6 7 
307 ; 4.006e-06 ; True ; 23 117 174 226 310 367 415 432 459 519 601 684 723 739 821  ; 6 1 5 12 8 6 7 10 7 6 5 6 
307.7 ; 4.094e-06 ; True ; 23 117 147 174 310 367 415 432 459 519 601 684 723 739 821  ; 6 1 5 12 8 6 7 9 7 6 5 7 
311.6 ; 4.132e-06 ; True ; 23 117 147 226 310 367 415 432 459 519 601 684 723 739 821  ; 6 1 5 12 8 6 7 9 7 5 6 7 
314.6 ; 4.218e-06 ; True ; 23 94 117 147 174 310 367 415 459 519 601 684 723 739 821  ; 6 1 4 13 9 7 7 9 7 6 6 7 
315 ; 4.275e-06 ; True ; 23 117 147 174 226 242 310 367 415 459 519 601 684 723 739 821  ; 6 1 4 13 9 6 7 10 7 5 7 8 
316.9 ; 4.315e-06 ; True ; 23 106 174 226 310 367 415 432 459 519 601 684 723 739 821  ; 6 1 5 12 8 6 7 9 7 6 6 6 
317.1 ; 4.361e-06 ; True ; 23 106 147 174 310 367 415 432 459 519 601 684 723 739 821  ; 6 1 5 12 8 6 7 8 7 6 6 7 
324.6 ; 4.378e-06 ; True ; 23 94 174 226 310 367 415 432 459 519 601 684 723 739 821  ; 6 1 5 12 9 6 7 9 7 6 6 6 
327 ; 4.396e-06 ; True ; 23 106 174 226 246 310 367 459 519 601 684 723 739 762 821 850  ; 6 1 5 12 9 6 6 9 8 5 7 7 
330.7 ; 4.434e-06 ; True ; 23 106 117 174 310 367 415 432 459 519 601 684 723 739 821  ; 6 1 5 12 7 7 7 9 7 7 5 6 
331.4 ; 4.442e-06 ; True ; 23 94 106 174 226 310 367 415 432 459 519 601 684 723 739  ; 5 1 5 12 8 7 8 8 7 6 6 6 
332.6 ; 4.732e-06 ; True ; 23 106 147 174 226 310 367 415 459 519 601 684 723 739 815 821  ; 7 1 4 14 10 6 7 9 7 5 8 8 
333.9 ; 4.768e-06 ; True ; 23 117 174 226 310 367 415 459 519 545 601 684 723 739 821 850  ; 6 1 5 13 9 6 7 11 7 5 7 6 
339.6 ; 4.775e-06 ; True ; 23 174 226 243 310 367 415 432 459 519 601 684 723 739 821 850  ; 6 1 6 11 9 5 7 10 7 5 7 6 
341.2 ; 5.53e-06 ; True ; 23 117 147 174 226 310 367 415 432 459 519 601 684 723 739 821  ; 6 1 5 13 9 6 8 10 7 6 6 7 
351.1 ; 5.798e-06 ; True ; 23 106 147 174 226 310 367 415 432 459 519 601 684 723 739 821  ; 6 1 5 13 9 6 8 9 7 6 7 7 
355.7 ; 5.809e-06 ; True ; 23 106 174 226 246 310 367 415 432 459 519 601 684 723 739 821  ; 6 1 5 12 9 7 7 10 8 6 6 7 
364.8 ; 5.856e-06 ; True ; 23 106 160 174 226 310 367 415 432 459 519 601 684 723 739 821  ; 7 1 5 13 9 7 7 9 8 6 6 7 
366.1 ; 6.034e-06 ; True ; 23 106 117 174 226 310 367 415 432 459 519 601 684 723 739 821  ; 6 1 5 13 8 7 8 10 7 7 6 6 
373.1 ; 6.122e-06 ; True ; 23 94 117 174 226 310 367 415 432 459 519 601 684 723 739 821  ; 6 1 5 13 9 7 8 10 7 7 6 6 
373.2 ; 6.765e-06 ; True ; 23 117 136 147 174 226 310 367 415 459 519 601 684 723 739 821 850  ; 7 1 5 13 10 6 7 10 8 6 7 8 
392 ; 7.214e-06 ; True ; 23 106 119 147 174 226 310 367 415 432 459 519 601 684 723 739 821  ; 6 1 5 14 10 7 8 9 8 6 7 8 
399.8 ; 7.555e-06 ; True ; 1 23 94 117 174 226 310 367 415 459 519 601 684 723 739 821 850  ; 6 1 6 14 9 7 7 10 8 6 7 7 
408.3 ; 7.904e-06 ; True ; 23 106 117 174 226 246 310 367 415 432 459 519 601 684 723 739 821  ; 6 1 5 13 9 8 8 11 8 7 6 7 
411.2 ; 8.062e-06 ; True ; 23 94 117 147 174 226 310 367 415 432 459 519 601 684 723 739 821  ; 6 1 5 14 10 7 9 10 7 7 7 7 
427.4 ; 8.442e-06 ; True ; 23 94 106 174 226 246 310 367 415 432 459 519 601 684 723 739 821  ; 6 1 5 13 10 8 8 10 8 7 7 7 
432.2 ; 8.461e-06 ; True ; 23 106 147 174 226 310 367 415 432 459 519 601 684 723 739 821 827  ; 6 1 6 13 9 6 8 9 8 7 7 8 
441.5 ; 8.765e-06 ; True ; 23 106 117 174 226 246 310 367 415 459 487 519 601 684 723 739 821 850  ; 6 1 5 13 9 8 8 11 8 7 7 7 
445.5 ; 8.817e-06 ; True ; 23 106 117 147 174 226 310 367 432 459 510 519 601 684 723 739 821 850  ; 5 1 6 14 9 7 9 9 7 7 8 7 
453.7 ; 1.046e-05 ; True ; 1 23 106 117 174 226 243 310 367 415 432 459 519 601 684 723 739 821  ; 6 1 6 14 9 7 9 11 8 7 7 7 
494.8 ; 1.058e-05 ; True ; 23 94 117 174 246 310 367 415 432 459 519 601 684 723 739 821 838 850  ; 6 1 6 13 9 8 8 10 8 8 7 7 
495.4 ; 1.067e-05 ; True ; 23 106 160 174 226 310 367 415 432 459 519 601 684 723 739 821 827 850  ; 7 1 7 13 9 7 7 9 9 7 7 8 
503 ; 1.13e-05 ; True ; 23 106 117 136 174 226 310 367 415 432 459 519 601 684 723 739 821 827  ; 7 1 6 13 9 7 8 10 9 9 6 8 
510.3 ; 1.199e-05 ; True ; 23 34 94 117 147 174 246 310 367 415 432 459 519 601 684 723 739 821 850  ; 6 1 6 14 10 8 9 11 8 7 7 8 
520.6 ; 1.215e-05 ; True ; 23 94 117 174 204 226 243 310 367 415 432 459 519 601 684 723 739 821  ; 7 1 6 13 10 7 9 11 8 8 7 7 
524.4 ; 1.231e-05 ; True ; 23 106 117 119 174 226 310 367 415 432 459 503 519 601 684 723 739 821 850  ; 7 1 6 15 9 9 8 10 9 7 7 8 
531.3 ; 1.263e-05 ; True ; 23 94 117 174 226 243 310 367 374 415 432 459 519 545 601 684 723 739 821  ; 7 1 5 15 12 8 10 12 8 7 8 7 
543.4 ; 1.269e-05 ; True ; 23 94 106 174 226 310 367 415 432 459 519 601 632 684 723 739 821 838 850  ; 6 1 7 15 9 7 9 9 7 8 9 7 
553.1 ; 1.315e-05 ; True ; 23 28 94 117 147 226 246 310 367 415 432 459 519 601 684 723 739 821 838  ; 7 1 5 15 11 8 9 11 9 7 8 9 
560.6 ; 1.351e-05 ; True ; 23 94 106 174 204 226 310 367 415 432 459 519 601 684 723 739 821 827  ; 7 1 7 13 9 7 8 9 9 9 7 8 
561.8 ; 1.391e-05 ; True ; 23 94 106 174 226 246 310 367 415 432 459 519 601 684 723 739 745 821 850  ; 7 1 7 14 10 8 8 10 8 7 8 8 
564.9 ; 1.53e-05 ; True ; 23 94 117 147 174 204 226 246 310 367 415 432 459 519 601 684 723 739 821  ; 7 1 6 14 11 8 9 11 9 8 7 9 
603.3 ; 1.648e-05 ; True ; 23 106 117 160 174 226 310 367 415 432 459 503 519 601 684 723 739 821 838 850  ; 8 1 6 16 9 9 9 10 9 8 8 8 
611.3 ; 1.663e-05 ; True ; 23 94 117 160 226 243 246 310 367 415 432 459 519 601 684 723 739 821 838 850  ; 7 1 6 14 11 9 9 11 9 7 9 8 
628.4 ; 1.853e-05 ; True ; 23 94 117 136 147 174 204 226 246 310 367 415 432 459 519 601 684 723 739 821  ; 8 1 6 14 12 8 9 11 10 9 7 10 
671.7 ; 1.904e-05 ; True ; 23 94 117 160 226 243 246 310 367 394 415 432 459 519 601 684 723 739 821 838 850  ; 8 1 6 15 12 10 9 11 10 7 9 8 
683.3 ; 1.915e-05 ; True ; 23 94 106 204 226 242 246 310 367 415 432 459 519 545 601 684 723 739 821 827  ; 7 1 7 13 10 8 8 10 10 8 9 10 
694.1 ; 2.086e-05 ; True ; 23 94 117 147 204 226 243 246 310 367 409 415 432 459 519 601 684 723 739 821 850  ; 8 1 7 14 11 9 9 11 9 7 9 9 
694.8 ; 2.19e-05 ; True ; 23 94 106 147 174 246 310 367 415 432 459 519 523 545 601 684 723 739 821 827 850  ; 6 1 7 15 12 8 10 11 9 9 9 9 
787 ; 2.387e-05 ; True ; 23 28 94 117 225 226 246 310 367 415 432 459 508 519 601 684 723 739 821 827 838 850  ; 8 1 7 16 10 9 8 12 11 8 9 10 
830.7 ; 2.444e-05 ; True ; 23 94 117 204 226 246 310 367 415 432 459 519 545 591 601 684 723 778 796 821 827 850  ; 8 1 8 15 9 8 9 11 11 8 8 10 
861.1 ; 2.455e-05 ; True ; 23 94 106 174 204 226 310 367 415 432 459 519 601 684 723 739 792 817 821 827 836  ; 8 1 8 14 10 8 9 10 10 10 8 9 
879.6 ; 2.482e-05 ; True ; 23 94 174 204 226 230 310 367 374 415 432 459 519 545 601 684 723 739 746 817 821 850  ; 9 1 9 15 12 7 9 11 10 8 8 9 
887.8 ; 2.487e-05 ; True ; 23 94 117 204 226 243 310 367 415 432 459 519 545 591 601 684 723 746 796 821 827 857  ; 7 1 7 16 10 8 11 12 10 9 8 9 
897 ; 2.528e-05 ; True ; 23 106 117 204 226 243 310 367 415 432 459 519 575 601 684 723 739 817 821 827 850 857  ; 8 1 9 14 8 8 9 10 11 8 8 10 
927.8 ; 2.85e-05 ; True ; 23 94 106 119 204 226 310 367 415 432 459 469 503 519 601 684 723 739 792 817 821 827  ; 9 1 8 16 9 9 9 9 12 10 8 11 
1022 ; 3.258e-05 ; True ; 23 36 94 106 117 204 226 246 310 367 415 432 459 519 545 591 601 684 723 739 796 821 827 857  ; 8 1 7 18 10 12 10 12 12 9 8 11 


RUN 5:
Optimum Distance: 11.84
Optimal Team: 23,367,684,
Required Skills: 0 1 4 5 9 10 11 14 16 18 23 24 
Distance; Skill Score; isValid; Team; Skill Counts
11.84 ; 2.946e-12 ; True ; 23 367 684  ; 1 1 1 2 2 1 1 1 1 1 1 1 
12.82 ; 3.231e-12 ; True ; 367 459 519  ; 1 1 1 2 1 1 1 1 2 1 1 1 
15.84 ; 4.59e-12 ; True ; 204 367 519  ; 1 1 1 1 1 1 1 1 2 2 1 1 
18.61 ; 5.976e-12 ; True ; 8 367 601 684  ; 1 1 1 3 2 1 1 2 1 1 1 1 
18.64 ; 1.164e-11 ; True ; 364 367 415 684  ; 2 1 1 3 1 1 1 2 1 1 1 2 
18.65 ; 1.362e-11 ; True ; 23 174 310 367  ; 1 1 1 2 3 1 2 2 1 1 1 1 
18.71 ; 2.319e-11 ; True ; 23 367 558 684  ; 1 1 1 2 3 2 1 1 2 1 1 2 
18.75 ; 2.739e-11 ; True ; 23 174 367 684  ; 1 1 1 3 3 1 2 2 1 2 1 1 
19.54 ; 4.373e-11 ; True ; 23 246 367 684  ; 1 1 1 2 3 2 1 2 2 1 1 2 
19.62 ; 4.601e-11 ; True ; 23 310 367 684  ; 2 1 1 2 3 1 2 2 1 1 2 1 
20.63 ; 5.073e-11 ; True ; 367 601 684 739  ; 2 1 1 3 2 1 1 3 2 1 1 2 
20.64 ; 8.406e-11 ; True ; 23 367 684 739  ; 2 1 1 3 3 2 1 2 2 1 1 2 
23.46 ; 9.129e-11 ; True ; 367 459 519 739  ; 2 1 1 3 2 2 1 2 3 1 1 2 
23.56 ; 1.059e-10 ; True ; 367 519 601 684  ; 1 1 1 3 2 1 2 3 2 2 2 1 
23.71 ; 1.336e-10 ; True ; 367 459 519 684  ; 2 1 1 3 2 1 2 2 2 2 2 1 
24.69 ; 1.755e-10 ; True ; 23 367 519 684  ; 1 1 1 3 3 2 2 2 2 2 2 1 
26.61 ; 1.94e-10 ; True ; 23 174 367 558 684  ; 1 1 1 3 4 2 2 2 2 2 1 2 
27.53 ; 2.169e-10 ; True ; 23 174 310 367 684  ; 2 1 1 3 4 1 3 3 1 2 2 1 
27.55 ; 2.377e-10 ; True ; 160 174 367 601 684  ; 2 1 1 4 3 1 2 3 2 2 1 2 
28.34 ; 2.404e-10 ; True ; 160 226 367 601 684  ; 2 1 1 4 3 1 2 3 2 1 2 2 
28.35 ; 2.747e-10 ; True ; 23 174 246 367 684  ; 1 1 1 3 4 2 2 3 2 2 1 2 
28.47 ; 3.258e-10 ; True ; 23 310 367 558 684  ; 2 1 1 2 4 2 2 2 2 1 2 2 
28.55 ; 3.279e-10 ; True ; 23 174 367 459 684  ; 2 1 2 4 3 1 2 2 2 2 1 2 
28.64 ; 3.386e-10 ; True ; 23 174 367 684 723  ; 1 1 2 4 3 2 2 2 2 2 1 2 
29.44 ; 3.99e-10 ; True ; 310 367 601 684 739  ; 3 1 1 3 3 1 2 4 2 1 2 2 
29.53 ; 5.018e-10 ; True ; 23 174 367 684 739  ; 2 1 1 4 4 2 2 3 2 2 1 2 
30.36 ; 5.074e-10 ; True ; 23 226 367 684 739  ; 2 1 1 4 4 2 2 3 2 1 2 2 
30.39 ; 5.984e-10 ; True ; 23 310 367 684 723  ; 2 1 2 3 3 2 2 2 2 1 2 2 
30.41 ; 6.683e-10 ; True ; 23 310 367 684 739  ; 3 1 1 3 4 2 2 3 2 1 2 2 
34.14 ; 7.551e-10 ; True ; 310 367 519 601 739  ; 2 1 1 3 3 2 2 4 3 1 2 2 
34.25 ; 8.067e-10 ; True ; 310 367 459 519 739  ; 3 1 1 3 3 2 2 3 3 1 2 2 
34.4 ; 9.532e-10 ; True ; 367 459 519 601 684  ; 2 1 2 4 2 1 2 3 3 2 2 2 
35.36 ; 1.135e-09 ; True ; 367 415 519 601 684  ; 2 1 1 4 2 2 2 4 3 2 2 2 
36.21 ; 1.145e-09 ; True ; 1 367 519 684 739  ; 2 1 1 4 3 2 2 3 3 2 2 2 
36.21 ; 1.443e-09 ; True ; 367 519 601 684 739  ; 2 1 1 4 3 2 2 4 3 2 2 2 
36.34 ; 1.542e-09 ; True ; 367 459 519 684 739  ; 3 1 1 4 3 2 2 3 3 2 2 2 
36.47 ; 1.58e-09 ; True ; 23 367 459 519 684  ; 2 1 2 4 3 2 2 2 3 2 2 2 
37.21 ; 1.817e-09 ; True ; 23 367 519 684 739  ; 2 1 1 4 4 3 2 3 3 2 2 2 
39.06 ; 1.831e-09 ; True ; 23 174 310 367 601 684  ; 2 1 2 4 4 1 3 4 2 2 2 2 
39.19 ; 1.956e-09 ; True ; 23 174 310 367 459 684  ; 3 1 2 4 4 1 3 3 2 2 2 2 
40.25 ; 2.68e-09 ; True ; 23 174 310 367 684 723  ; 2 1 2 4 4 2 3 3 2 2 2 2 
42.95 ; 3.192e-09 ; True ; 23 310 367 601 684 739  ; 3 1 2 4 4 2 2 4 3 1 2 3 
43.17 ; 3.513e-09 ; True ; 23 310 367 684 723 739  ; 3 1 2 4 4 3 2 3 3 1 2 3 
46.05 ; 4.224e-09 ; True ; 310 367 459 519 601 684  ; 3 1 2 4 3 1 3 4 3 2 3 2 
47.13 ; 4.565e-09 ; True ; 1 310 367 519 684 739  ; 3 1 1 4 4 2 3 4 3 2 3 2 
47.99 ; 5.4e-09 ; True ; 310 367 519 601 684 739  ; 3 1 1 4 4 2 3 5 3 2 3 2 
48.13 ; 5.489e-09 ; True ; 310 367 459 519 684 739  ; 4 1 1 4 4 2 3 4 3 2 3 2 
48.95 ; 6.623e-09 ; True ; 23 310 367 519 601 684  ; 2 1 2 4 4 2 3 4 3 2 3 2 
49.09 ; 7.075e-09 ; True ; 23 310 367 459 519 684  ; 3 1 2 4 4 2 3 3 3 2 3 2 
50.04 ; 7.431e-09 ; True ; 23 174 310 367 459 558 684  ; 3 1 2 4 5 2 3 3 3 2 2 3 
50.86 ; 7.618e-09 ; True ; 23 367 519 601 684 739  ; 2 1 2 5 4 3 2 4 4 2 2 3 
50.97 ; 8.139e-09 ; True ; 23 367 459 519 684 739  ; 3 1 2 5 4 3 2 3 4 2 2 3 
52.84 ; 8.302e-09 ; True ; 23 174 226 367 601 684 739  ; 2 1 2 6 5 2 3 5 3 2 2 3 
53.52 ; 9.365e-09 ; True ; 23 174 246 310 367 459 684  ; 3 1 2 4 5 2 3 4 3 2 2 3 
53.65 ; 9.647e-09 ; True ; 23 174 246 310 367 684 723  ; 2 1 2 4 5 3 3 4 3 2 2 3 
53.82 ; 1.115e-08 ; True ; 23 174 310 367 601 684 739  ; 3 1 2 5 5 2 3 5 3 2 2 3 
53.93 ; 1.134e-08 ; True ; 23 174 310 367 459 684 739  ; 4 1 2 5 5 2 3 4 3 2 2 3 
55.01 ; 1.308e-08 ; True ; 23 174 310 367 684 723 739  ; 3 1 2 5 5 3 3 4 3 2 2 3 
60.72 ; 1.518e-08 ; True ; 119 310 367 459 519 601 684  ; 3 1 2 5 4 2 3 4 4 2 3 3 
61.75 ; 1.546e-08 ; True ; 23 174 310 367 519 601 684  ; 2 1 2 5 5 2 4 5 3 3 3 2 
61.87 ; 1.781e-08 ; True ; 174 367 459 519 601 684 739  ; 3 1 2 6 4 2 3 5 4 3 2 3 
62.67 ; 1.796e-08 ; True ; 1 310 367 519 601 684 739  ; 3 1 2 5 4 2 3 5 4 2 3 3 
62.67 ; 2.16e-08 ; True ; 310 367 459 519 601 684 739  ; 4 1 2 5 4 2 3 5 4 2 3 3 
63.59 ; 2.225e-08 ; True ; 23 310 367 459 519 601 684  ; 3 1 3 5 4 2 3 4 4 2 3 3 
64.76 ; 2.266e-08 ; True ; 23 174 367 459 519 684 739  ; 3 1 2 6 5 3 3 4 4 3 2 3 
65.45 ; 2.27e-08 ; True ; 23 246 310 367 459 519 684  ; 3 1 2 4 5 3 3 4 4 2 3 3 
65.45 ; 2.703e-08 ; True ; 23 310 367 519 601 684 739  ; 3 1 2 5 5 3 3 5 4 2 3 3 
65.57 ; 2.748e-08 ; True ; 23 310 367 459 519 684 739  ; 4 1 2 5 5 3 3 4 4 2 3 3 
66.67 ; 2.824e-08 ; True ; 23 310 367 519 684 723 739  ; 3 1 2 5 5 4 3 4 4 2 3 3 
68.45 ; 2.97e-08 ; True ; 23 174 310 367 459 601 684 739  ; 4 1 3 6 5 2 3 5 4 2 2 4 
70.35 ; 3.035e-08 ; True ; 23 174 246 310 367 684 723 739  ; 3 1 2 5 6 4 3 5 4 2 2 4 
70.49 ; 3.426e-08 ; True ; 23 174 310 367 601 684 723 739  ; 3 1 3 6 5 3 3 5 4 2 2 4 
70.6 ; 3.482e-08 ; True ; 23 174 310 367 459 684 723 739  ; 4 1 3 6 5 3 3 4 4 2 2 4 
73.73 ; 3.521e-08 ; True ; 174 310 367 459 519 558 601 684  ; 3 1 2 5 5 2 4 5 4 3 3 3 
74.54 ; 3.528e-08 ; True ; 119 174 310 367 459 519 601 684  ; 3 1 2 6 5 2 4 5 4 3 3 3 
76.51 ; 4.824e-08 ; True ; 174 310 367 459 519 601 684 739  ; 4 1 2 6 5 2 4 6 4 3 3 3 
77.38 ; 5.17e-08 ; True ; 23 174 310 367 459 519 601 684  ; 3 1 3 6 5 2 4 5 4 3 3 3 
80.24 ; 5.859e-08 ; True ; 23 174 310 367 519 601 684 739  ; 3 1 2 6 6 3 4 6 4 3 3 3 
80.36 ; 6.196e-08 ; True ; 23 174 310 367 459 519 684 739  ; 4 1 2 6 6 3 4 5 4 3 3 3 
82.07 ; 6.764e-08 ; True ; 23 310 367 459 519 601 684 739  ; 4 1 3 6 5 3 3 5 5 2 3 4 
84.13 ; 6.952e-08 ; True ; 23 310 367 519 601 684 723 739  ; 3 1 3 6 5 4 3 5 5 2 3 4 
84.25 ; 7.067e-08 ; True ; 23 310 367 459 519 684 723 739  ; 4 1 3 6 5 4 3 4 5 2 3 4 
86.9 ; 7.493e-08 ; True ; 23 174 226 310 367 601 684 723 739  ; 3 1 3 7 6 3 4 6 4 2 3 4 
87.08 ; 7.59e-08 ; True ; 23 147 174 310 367 601 684 723 739  ; 3 1 3 7 6 3 4 5 4 2 3 5 
87.15 ; 7.715e-08 ; True ; 23 147 174 310 367 459 684 723 739  ; 4 1 3 7 6 3 4 4 4 2 3 5 
87.88 ; 7.924e-08 ; True ; 23 174 226 310 367 459 684 723 739  ; 4 1 3 7 6 3 4 5 4 2 3 4 
92.53 ; 8.466e-08 ; True ; 23 117 174 310 367 459 601 684 739  ; 4 1 3 7 5 3 4 6 4 3 2 4 
93.12 ; 9.487e-08 ; True ; 147 174 310 367 459 519 601 684 739  ; 4 1 2 7 6 2 5 6 4 3 4 4 
93.95 ; 1.017e-07 ; True ; 23 147 174 310 367 459 519 601 684  ; 3 1 3 7 6 2 5 5 4 3 4 4 
94.13 ; 1.07e-07 ; True ; 23 174 310 367 459 519 558 601 684  ; 3 1 3 6 6 3 4 5 5 3 3 4 
96.28 ; 1.118e-07 ; True ; 23 174 310 367 459 519 558 684 723  ; 3 1 3 6 6 4 4 4 5 3 3 4 
97.06 ; 1.234e-07 ; True ; 23 147 174 367 459 519 601 684 739  ; 3 1 3 8 6 3 4 5 5 3 3 5 
97.84 ; 1.464e-07 ; True ; 23 174 310 367 459 519 601 684 739  ; 4 1 3 7 6 3 4 6 5 3 3 4 
100.9 ; 1.505e-07 ; True ; 23 174 310 367 519 601 684 723 739  ; 3 1 3 7 6 4 4 6 5 3 3 4 
101 ; 1.591e-07 ; True ; 23 174 310 367 459 519 684 723 739  ; 4 1 3 7 6 4 4 5 5 3 3 4 
107.9 ; 1.628e-07 ; True ; 23 310 367 459 519 601 684 739 821  ; 5 1 3 7 6 3 3 6 5 3 4 4 
108.9 ; 1.718e-07 ; True ; 23 117 310 367 459 519 601 684 739  ; 4 1 3 7 5 4 4 6 5 3 3 4 
110 ; 1.776e-07 ; True ; 23 310 367 519 601 684 723 739 821  ; 4 1 3 7 6 4 3 6 5 3 4 4 
111.7 ; 1.943e-07 ; True ; 23 147 174 310 367 459 519 558 601 684  ; 3 1 3 7 7 3 5 5 5 3 4 5 
114.7 ; 1.948e-07 ; True ; 23 147 174 367 459 519 601 650 684 739  ; 3 1 3 9 6 3 4 5 5 4 4 5 
114.8 ; 2.03e-07 ; True ; 23 147 174 310 367 459 519 558 684 723  ; 3 1 3 7 7 4 5 4 5 3 4 5 
115.4 ; 2.21e-07 ; True ; 23 147 174 226 367 459 519 601 684 739  ; 3 1 3 9 7 3 5 6 5 3 4 5 
115.7 ; 2.211e-07 ; True ; 23 174 310 367 459 519 558 601 684 723  ; 3 1 4 7 6 4 4 5 6 3 3 5 
116.3 ; 2.312e-07 ; True ; 23 174 310 367 459 519 601 650 684 739  ; 4 1 3 8 6 3 4 6 5 4 4 4 
116.4 ; 2.657e-07 ; True ; 23 147 174 310 367 459 519 601 684 739  ; 4 1 3 8 7 3 5 6 5 3 4 5 
120.4 ; 3.023e-07 ; True ; 23 174 310 367 459 519 601 684 723 739  ; 4 1 4 8 6 4 4 6 6 3 3 5 
129.5 ; 3.176e-07 ; True ; 23 117 147 310 367 459 519 601 684 739  ; 4 1 3 8 6 4 5 6 5 3 4 5 
129.7 ; 3.27e-07 ; True ; 23 174 310 367 519 601 684 723 739 821  ; 4 1 3 8 7 4 4 7 5 4 4 4 
130.7 ; 3.346e-07 ; True ; 23 174 310 367 459 519 684 723 739 821  ; 5 1 3 8 7 4 4 6 5 4 4 4 
131.3 ; 3.448e-07 ; True ; 23 106 174 310 367 459 519 601 684 739  ; 4 1 3 8 6 4 5 6 5 4 4 4 
135.5 ; 3.521e-07 ; True ; 23 106 174 310 367 459 519 684 723 739  ; 4 1 3 8 6 5 5 5 5 4 4 4 
135.6 ; 3.632e-07 ; True ; 23 117 147 174 310 367 459 601 684 723 739  ; 4 1 4 9 6 4 5 6 5 3 3 6 
135.8 ; 3.716e-07 ; True ; 23 147 174 310 367 459 519 601 684 739 762  ; 5 1 3 9 7 3 5 6 6 3 4 6 
135.9 ; 3.939e-07 ; True ; 23 147 174 310 367 459 519 601 650 684 739  ; 4 1 3 9 7 3 5 6 5 4 5 5 
136.1 ; 4.144e-07 ; True ; 23 147 174 310 367 459 519 558 601 684 739  ; 4 1 3 8 8 4 5 6 6 3 4 6 
138.7 ; 4.145e-07 ; True ; 23 147 174 310 367 459 519 601 640 684 739  ; 4 1 3 9 8 4 5 6 6 3 4 6 
139.6 ; 4.393e-07 ; True ; 23 147 174 246 310 367 459 519 601 684 723  ; 3 1 4 8 7 4 5 6 6 3 4 6 
140.1 ; 4.393e-07 ; True ; 23 147 174 226 367 459 519 601 684 723 739  ; 3 1 4 10 7 4 5 6 6 3 4 6 
140.4 ; 4.586e-07 ; True ; 23 147 174 246 310 367 459 519 601 684 739  ; 4 1 3 8 8 4 5 7 6 3 4 6 
140.9 ; 4.596e-07 ; True ; 23 132 174 310 367 459 519 601 684 723 739  ; 4 1 4 8 6 4 4 6 7 3 4 6 
140.9 ; 5.282e-07 ; True ; 23 147 174 310 367 459 519 601 684 723 739  ; 4 1 4 9 7 4 5 6 6 3 4 6 
149.6 ; 5.474e-07 ; True ; 23 147 174 367 459 519 601 684 723 739 821  ; 4 1 4 10 7 4 4 6 6 4 4 6 
152.1 ; 6.187e-07 ; True ; 23 174 310 367 459 519 601 684 723 739 821  ; 5 1 4 9 7 4 4 7 6 4 4 5 
157.9 ; 6.69e-07 ; True ; 23 106 174 310 367 459 519 601 684 723 739  ; 4 1 4 9 6 5 5 6 6 4 4 5 
161.6 ; 7.357e-07 ; True ; 23 147 174 310 367 459 519 558 601 684 723 739  ; 4 1 4 9 8 5 5 6 7 3 4 7 
163.3 ; 7.83e-07 ; True ; 23 147 174 310 367 459 519 601 650 684 723 739  ; 4 1 4 10 7 4 5 6 6 4 5 6 
164.1 ; 8.209e-07 ; True ; 23 147 174 226 310 367 459 519 601 684 723 739  ; 4 1 4 10 8 4 6 7 6 3 5 6 
173.4 ; 8.857e-07 ; True ; 23 147 174 246 310 367 459 519 601 684 723 821  ; 4 1 4 9 8 4 5 7 6 4 5 6 
173.9 ; 8.858e-07 ; True ; 23 147 174 226 367 459 519 601 684 723 739 821  ; 4 1 4 11 8 4 5 7 6 4 5 6 
175.2 ; 9.021e-07 ; True ; 23 147 174 310 367 415 459 519 601 684 723 739  ; 5 1 4 10 7 5 5 7 7 3 4 7 
175.6 ; 1.003e-06 ; True ; 23 147 174 310 367 459 519 601 684 723 739 821  ; 5 1 4 10 8 4 5 7 6 4 5 6 
181.3 ; 1.054e-06 ; True ; 23 106 147 174 310 367 459 519 601 684 723 739  ; 4 1 4 10 7 5 6 6 6 4 5 6 
186.4 ; 1.091e-06 ; True ; 23 147 174 226 310 367 459 519 601 684 723 739 762  ; 5 1 4 11 8 4 6 7 7 3 5 7 
188.8 ; 1.105e-06 ; True ; 23 117 174 310 367 459 519 601 684 723 739 821  ; 5 1 4 10 7 5 5 8 6 5 4 5 
191.1 ; 1.232e-06 ; True ; 23 147 174 226 246 310 367 459 519 601 684 723 739  ; 4 1 4 10 9 5 6 8 7 3 5 7 
199.1 ; 1.387e-06 ; True ; 23 147 174 310 367 459 519 558 601 684 723 739 821  ; 5 1 4 10 9 5 5 7 7 4 5 7 
201.7 ; 1.458e-06 ; True ; 23 147 174 226 310 367 459 519 601 684 723 739 821  ; 5 1 4 11 9 4 6 8 6 4 6 6 
203.4 ; 1.505e-06 ; True ; 23 147 174 246 310 367 459 519 601 684 723 739 821  ; 5 1 4 10 9 5 5 8 7 4 5 7 
207.5 ; 1.531e-06 ; True ; 23 106 147 174 226 310 367 459 519 601 684 723 739  ; 4 1 4 11 8 5 7 7 6 4 6 6 
210.3 ; 1.563e-06 ; True ; 23 106 147 174 246 310 367 459 519 601 684 723 739  ; 4 1 4 10 8 6 6 7 7 4 5 7 
211.9 ; 1.585e-06 ; True ; 23 117 147 174 310 367 415 459 519 601 684 723 739  ; 5 1 4 11 7 6 6 8 7 4 4 7 
212.8 ; 1.62e-06 ; True ; 23 147 174 310 367 415 459 519 601 684 723 739 821  ; 6 1 4 11 8 5 5 8 7 4 5 7 
215.2 ; 1.72e-06 ; True ; 23 117 147 174 310 367 459 519 601 684 723 739 821  ; 5 1 4 11 8 5 6 8 6 5 5 6 
220.6 ; 1.731e-06 ; True ; 23 106 147 174 310 367 415 459 519 601 684 723 739  ; 5 1 4 11 7 6 6 7 7 4 5 7 
220.9 ; 1.805e-06 ; True ; 23 106 147 174 310 367 459 519 601 684 723 739 821  ; 5 1 4 11 8 5 6 7 6 5 6 6 
227.9 ; 1.922e-06 ; True ; 23 147 174 246 310 367 459 519 558 601 684 723 739 821  ; 5 1 4 10 10 6 5 8 8 4 5 8 
230.6 ; 1.936e-06 ; True ; 23 174 226 246 310 367 459 519 558 601 684 723 739 821  ; 5 1 4 10 10 6 5 9 8 4 5 7 
231.5 ; 2.146e-06 ; True ; 23 147 174 226 246 310 367 459 519 601 684 723 739 821  ; 5 1 4 11 10 5 6 9 7 4 6 7 
238.4 ; 2.21e-06 ; True ; 23 106 147 174 226 246 310 367 459 519 601 684 723 739  ; 4 1 4 11 9 6 7 8 7 4 6 7 
239.4 ; 2.316e-06 ; True ; 23 117 147 174 226 310 367 415 459 519 601 684 723 739  ; 5 1 4 12 8 6 7 9 7 4 5 7 
240.9 ; 2.321e-06 ; True ; 23 147 174 226 310 367 415 459 519 601 684 723 739 821  ; 6 1 4 12 9 5 6 9 7 4 6 7 
243.6 ; 2.397e-06 ; True ; 23 117 147 174 226 310 367 459 519 601 684 723 739 821  ; 5 1 4 12 9 5 7 9 6 5 6 6 
246.4 ; 2.447e-06 ; True ; 23 117 147 174 246 310 367 459 519 601 684 723 739 821  ; 5 1 4 11 9 6 6 9 7 5 5 7 
248.7 ; 2.466e-06 ; True ; 23 106 147 174 226 310 367 415 459 519 601 684 723 739  ; 5 1 4 12 8 6 7 8 7 4 6 7 
249.9 ; 2.485e-06 ; True ; 23 106 147 174 226 310 367 459 519 601 684 723 739 821  ; 5 1 4 12 9 5 7 8 6 5 7 6 
252.7 ; 2.607e-06 ; True ; 23 106 147 174 246 310 367 459 519 601 684 723 739 821  ; 5 1 4 11 9 6 6 8 7 5 6 7 
253.3 ; 2.634e-06 ; True ; 23 117 147 174 310 367 415 459 519 601 684 723 739 821  ; 6 1 4 12 8 6 6 9 7 5 5 7 
262.3 ; 2.679e-06 ; True ; 23 106 117 174 226 310 367 415 459 519 601 684 723 739  ; 5 1 4 12 7 7 7 9 7 5 5 6 
262.9 ; 2.692e-06 ; True ; 23 147 174 310 367 415 432 459 519 601 684 723 739 821  ; 6 1 5 11 8 5 6 8 7 5 5 7 
263 ; 2.806e-06 ; True ; 23 106 147 174 310 367 415 459 519 601 684 723 739 821  ; 6 1 4 12 8 6 6 8 7 5 6 7 
269.4 ; 2.964e-06 ; True ; 23 147 174 226 310 367 415 459 519 558 601 684 723 739 821  ; 6 1 4 12 10 6 6 9 8 4 6 8 
272.1 ; 3.174e-06 ; True ; 23 117 147 174 226 310 367 459 519 558 601 684 723 739 821  ; 5 1 4 12 10 6 7 9 7 5 6 7 
276.8 ; 3.357e-06 ; True ; 23 117 147 174 226 246 310 367 459 519 601 684 723 739 821  ; 5 1 4 12 10 6 7 10 7 5 6 7 
283.1 ; 3.41e-06 ; True ; 1 23 106 147 174 226 310 367 415 459 519 601 684 723 739  ; 5 1 5 13 8 6 7 8 8 4 6 8 
283.8 ; 3.63e-06 ; True ; 23 117 147 174 226 310 367 415 459 519 601 684 723 739 821  ; 6 1 4 13 9 6 7 10 7 5 6 7 
294 ; 3.752e-06 ; True ; 23 147 174 226 310 367 415 432 459 519 601 684 723 739 821  ; 6 1 5 12 9 5 7 9 7 5 6 7 
294.1 ; 3.806e-06 ; True ; 23 106 147 174 226 310 367 415 459 519 601 684 723 739 821  ; 6 1 4 13 9 6 7 9 7 5 7 7 
300.8 ; 3.908e-06 ; True ; 23 106 147 174 226 310 367 415 432 459 519 601 684 723 739  ; 5 1 5 12 8 6 8 8 7 5 6 7 
306.7 ; 4.052e-06 ; True ; 23 106 147 174 246 310 367 432 459 519 601 684 723 739 821  ; 5 1 5 11 9 6 7 8 7 6 6 7 
307.7 ; 4.094e-06 ; True ; 23 117 147 174 310 367 415 432 459 519 601 684 723 739 821  ; 6 1 5 12 8 6 7 9 7 6 5 7 
311.6 ; 4.132e-06 ; True ; 23 117 147 226 310 367 415 432 459 519 601 684 723 739 821  ; 6 1 5 12 8 6 7 9 7 5 6 7 
314.6 ; 4.218e-06 ; True ; 23 94 117 147 174 310 367 415 459 519 601 684 723 739 821  ; 6 1 4 13 9 7 7 9 7 6 6 7 
316.9 ; 4.315e-06 ; True ; 23 106 174 226 310 367 415 432 459 519 601 684 723 739 821  ; 6 1 5 12 8 6 7 9 7 6 6 6 
317.1 ; 4.361e-06 ; True ; 23 106 147 174 310 367 415 432 459 519 601 684 723 739 821  ; 6 1 5 12 8 6 7 8 7 6 6 7 
324.6 ; 4.378e-06 ; True ; 23 94 174 226 310 367 415 432 459 519 601 684 723 739 821  ; 6 1 5 12 9 6 7 9 7 6 6 6 
324.8 ; 4.425e-06 ; True ; 23 94 147 174 310 367 415 432 459 519 601 684 723 739 821  ; 6 1 5 12 9 6 7 8 7 6 6 7 
326 ; 4.529e-06 ; True ; 23 147 174 226 310 367 415 432 459 519 601 684 723 739 762 821  ; 7 1 5 13 9 5 7 9 8 5 6 8 
326.6 ; 4.736e-06 ; True ; 23 106 147 174 226 310 367 415 459 519 558 601 684 723 739 821  ; 6 1 4 13 10 7 7 9 8 5 7 8 
328.7 ; 4.994e-06 ; True ; 23 117 136 147 174 226 310 367 415 459 519 601 684 723 739 821  ; 7 1 4 13 10 6 7 10 8 6 6 8 
330.9 ; 5.009e-06 ; True ; 23 106 147 174 226 246 310 367 415 459 519 601 684 723 739 821  ; 6 1 4 13 10 7 7 10 8 5 7 8 
336.7 ; 5.056e-06 ; True ; 23 106 147 174 226 310 367 415 459 519 601 684 723 739 821 850  ; 6 1 5 13 9 6 7 9 7 5 8 7 
339.9 ; 5.162e-06 ; True ; 23 136 147 174 226 310 367 415 432 459 519 601 684 723 739 821  ; 7 1 5 12 10 5 7 9 8 6 6 8 
340.7 ; 5.361e-06 ; True ; 23 106 147 174 226 246 310 367 432 459 519 601 684 723 739 821  ; 5 1 5 12 10 6 8 9 7 6 7 7 
341.2 ; 5.53e-06 ; True ; 23 117 147 174 226 310 367 415 432 459 519 601 684 723 739 821  ; 6 1 5 13 9 6 8 10 7 6 6 7 
351.1 ; 5.798e-06 ; True ; 23 106 147 174 226 310 367 415 432 459 519 601 684 723 739 821  ; 6 1 5 13 9 6 8 9 7 6 7 7 
355.7 ; 5.809e-06 ; True ; 23 106 174 226 246 310 367 415 432 459 519 601 684 723 739 821  ; 6 1 5 12 9 7 7 10 8 6 6 7 
355.8 ; 5.833e-06 ; True ; 23 106 147 174 246 310 367 415 432 459 519 601 684 723 739 821  ; 6 1 5 12 9 7 7 9 8 6 6 8 
359.8 ; 5.854e-06 ; True ; 23 94 147 174 226 310 367 415 432 459 519 601 684 723 739 821  ; 6 1 5 13 10 6 8 9 7 6 7 7 
364.3 ; 5.865e-06 ; True ; 23 94 174 226 246 310 367 415 432 459 519 601 684 723 739 821  ; 6 1 5 12 10 7 7 10 8 6 6 7 
364.4 ; 5.889e-06 ; True ; 23 94 147 174 246 310 367 415 432 459 519 601 684 723 739 821  ; 6 1 5 12 10 7 7 9 8 6 6 8 
366.9 ; 6.167e-06 ; True ; 23 106 117 147 174 310 367 415 432 459 519 601 684 723 739 821  ; 6 1 5 13 8 7 8 9 7 7 6 7 
370.8 ; 6.221e-06 ; True ; 23 106 117 147 226 310 367 415 432 459 519 601 684 723 739 821  ; 6 1 5 13 8 7 8 9 7 6 7 7 
373.9 ; 6.257e-06 ; True ; 23 94 117 147 174 310 367 415 432 459 519 601 684 723 739 821  ; 6 1 5 13 9 7 8 9 7 7 6 7 
374.9 ; 6.296e-06 ; True ; 23 106 147 174 226 310 367 415 459 519 591 601 684 723 739 821 850  ; 6 1 5 14 9 6 8 10 8 5 8 7 
377.7 ; 6.312e-06 ; True ; 23 94 117 147 226 310 367 415 432 459 519 601 684 723 739 821  ; 6 1 5 13 9 7 8 9 7 6 7 7 
382.7 ; 6.331e-06 ; True ; 23 94 147 174 226 310 367 415 459 519 558 601 684 723 739 821 850  ; 6 1 5 13 11 7 7 9 8 5 8 8 
384.9 ; 6.739e-06 ; True ; 23 117 147 174 226 310 367 415 432 459 519 601 602 684 723 739 821  ; 7 1 5 14 10 6 8 10 8 6 6 8 
390.3 ; 7.11e-06 ; True ; 23 106 147 174 226 310 367 415 432 459 519 591 601 684 723 739 821  ; 6 1 5 14 9 6 9 10 8 6 7 7 
393.2 ; 7.312e-06 ; True ; 23 106 117 147 174 246 310 367 415 459 519 601 684 723 739 821 850  ; 6 1 5 13 9 8 7 10 8 6 7 8 
401.3 ; 7.555e-06 ; True ; 23 106 174 226 246 310 367 415 432 459 519 601 684 723 739 821 850  ; 6 1 6 12 9 7 7 10 8 6 7 7 
401.3 ; 7.586e-06 ; True ; 23 106 147 174 246 310 367 415 432 459 519 601 684 723 739 821 850  ; 6 1 6 12 9 7 7 9 8 6 7 8 
409 ; 8.007e-06 ; True ; 23 106 117 147 174 246 310 367 415 432 459 519 601 684 723 739 821  ; 6 1 5 13 9 8 8 10 8 7 6 8 
420.8 ; 8.156e-06 ; True ; 23 94 117 147 226 246 310 367 415 432 459 519 601 684 723 739 821  ; 6 1 5 13 10 8 8 10 8 6 7 8 
421.9 ; 8.288e-06 ; True ; 23 94 106 147 174 226 310 367 415 432 459 519 601 684 723 739 821  ; 6 1 5 14 10 7 9 9 7 7 8 7 
430.8 ; 8.297e-06 ; True ; 23 57 106 147 174 226 246 310 367 415 432 459 519 601 684 723 739 821  ; 6 1 5 14 10 7 8 10 8 6 8 8 
432.2 ; 8.461e-06 ; True ; 23 106 147 174 226 310 367 415 432 459 519 601 684 723 739 821 827  ; 6 1 6 13 9 6 8 9 8 7 7 8 
436.4 ; 8.5e-06 ; True ; 23 106 147 174 226 310 367 415 432 459 519 591 601 684 721 723 739 821  ; 6 1 5 15 9 6 9 10 8 7 8 7 
437.2 ; 8.514e-06 ; True ; 23 94 106 117 174 226 310 367 415 432 459 519 601 684 723 739 821  ; 6 1 5 14 9 8 9 10 7 8 7 6 
440.1 ; 9.061e-06 ; True ; 23 106 147 174 226 310 367 415 432 459 519 601 684 723 739 815 821 850  ; 7 1 6 14 10 6 8 9 7 6 9 8 
457.9 ; 9.807e-06 ; True ; 14 23 106 117 174 226 310 367 415 432 459 519 601 684 723 739 821 850  ; 6 1 6 14 9 8 8 10 8 7 7 7 
469.4 ; 1.002e-05 ; True ; 23 106 147 174 246 310 367 415 432 459 519 601 684 723 739 821 838 850  ; 6 1 6 13 9 7 8 9 8 7 8 8 
471.5 ; 1.02e-05 ; True ; 23 57 117 147 174 226 246 310 367 415 432 459 519 601 684 723 739 821 850  ; 6 1 6 14 10 7 8 11 8 6 8 8 
475.3 ; 1.054e-05 ; True ; 23 94 106 174 226 243 246 310 367 415 432 459 519 601 684 723 739 821  ; 6 1 5 13 11 8 9 11 8 7 8 7 
482.1 ; 1.058e-05 ; True ; 23 94 106 116 174 226 246 310 367 415 432 459 519 601 684 723 739 821  ; 6 1 6 14 11 8 8 10 8 7 7 8 
486.1 ; 1.068e-05 ; True ; 23 106 132 174 226 246 310 367 415 432 459 478 519 601 684 723 739 821 850  ; 7 1 6 13 9 7 7 10 10 6 8 9 
488.3 ; 1.092e-05 ; True ; 23 94 147 174 226 246 310 367 415 432 459 519 601 684 723 739 821 827  ; 6 1 6 13 11 7 8 10 9 7 7 9 
502.5 ; 1.146e-05 ; True ; 23 26 106 147 174 226 246 310 367 415 432 459 519 601 684 723 739 821 850  ; 6 1 6 14 10 7 8 10 8 7 9 8 
516.4 ; 1.212e-05 ; True ; 23 106 147 174 246 310 367 415 432 459 519 591 601 684 723 739 821 838 850  ; 6 1 6 14 9 7 9 10 9 7 8 8 
529.2 ; 1.231e-05 ; True ; 23 106 117 147 174 246 310 367 415 432 459 519 601 684 723 739 741 821 850  ; 7 1 6 14 9 9 8 10 9 7 7 8 
535.3 ; 1.313e-05 ; True ; 23 94 106 116 174 226 246 310 367 415 432 459 519 601 684 723 739 821 850  ; 6 1 7 14 11 8 8 10 8 7 8 8 
540.8 ; 1.322e-05 ; True ; 1 23 94 117 147 226 246 310 367 415 432 459 519 601 684 723 739 773 821  ; 6 1 7 15 10 8 8 10 9 7 7 9 
550.8 ; 1.333e-05 ; True ; 23 94 117 136 226 246 310 367 415 432 459 519 601 632 684 723 739 821 838  ; 7 1 6 14 10 8 8 10 9 8 7 9 
558.3 ; 1.336e-05 ; True ; 23 106 132 147 174 246 310 367 415 432 459 466 519 545 601 684 723 739 821 838  ; 7 1 5 14 10 8 9 10 9 7 9 9 
560.8 ; 1.382e-05 ; True ; 23 106 147 174 226 310 367 415 432 459 508 519 601 684 723 739 821 827 838  ; 7 1 6 15 9 7 9 9 9 8 8 9 
569.8 ; 1.479e-05 ; True ; 23 94 106 174 226 246 310 367 415 432 459 519 601 684 723 739 821 827 850  ; 6 1 7 13 10 8 8 10 9 8 8 8 
585.5 ; 1.511e-05 ; True ; 23 94 106 117 174 246 310 367 415 432 459 519 601 684 723 739 821 827 850  ; 6 1 7 13 9 9 8 10 9 9 7 8 
614.7 ; 1.664e-05 ; True ; 23 34 94 106 174 226 246 310 367 415 432 459 519 601 684 723 739 815 821 827  ; 7 1 6 15 11 8 9 11 9 8 8 9 
633.2 ; 1.744e-05 ; True ; 23 94 106 116 174 226 246 310 367 415 432 459 519 601 684 723 739 821 827 850  ; 6 1 8 14 11 8 8 10 9 8 8 9 
638.1 ; 1.751e-05 ; True ; 1 23 106 147 174 226 243 310 350 367 415 432 459 519 601 684 723 739 821 827 850  ; 6 1 8 15 11 6 9 10 10 7 9 10 
659.6 ; 1.913e-05 ; True ; 23 94 106 174 204 226 246 310 367 415 432 459 469 519 601 684 723 739 821 850  ; 7 1 7 14 10 8 9 11 9 9 8 8 
667.3 ; 2.035e-05 ; True ; 23 94 117 147 174 226 246 310 367 415 432 459 487 519 601 684 723 739 821 827 850  ; 6 1 7 14 11 8 10 11 9 9 8 9 
706.7 ; 2.124e-05 ; True ; 23 106 117 119 138 174 226 243 310 367 415 432 459 519 601 684 721 723 739 821 827 850  ; 6 1 7 16 11 9 9 11 10 9 9 8 
743.1 ; 2.144e-05 ; True ; 22 23 94 106 204 226 243 310 367 415 432 459 469 519 601 674 684 723 739 821 850  ; 8 1 8 14 10 7 9 10 9 9 9 8 
795.9 ; 2.206e-05 ; True ; 23 28 94 106 204 226 246 310 367 415 432 459 519 601 684 723 739 790 792 821 827  ; 8 1 7 15 10 8 8 10 11 9 9 10 
849.2 ; 2.368e-05 ; True ; 23 26 106 147 204 226 246 310 334 367 415 432 459 519 601 684 723 739 792 821 827 850  ; 8 1 8 15 9 8 8 9 10 9 10 10 
894.2 ; 2.502e-05 ; True ; 23 94 174 204 226 246 310 367 415 432 449 458 459 519 601 624 684 723 739 821 827 838 850  ; 7 1 8 15 10 8 9 11 11 9 8 10 
1010 ; 2.999e-05 ; True ; 17 23 94 117 174 226 243 246 325 333 367 415 432 459 475 519 601 684 723 739 821 827 838 850  ; 7 1 7 16 11 9 10 13 9 12 9 9 
1057 ; 3.032e-05 ; True ; 23 26 106 147 204 226 246 310 334 367 374 415 432 459 470 519 601 684 723 739 792 821 827 838  ; 9 1 7 18 11 9 9 10 11 10 10 11 


RUN 6:
Optimum Distance: 11.84
Optimal Team: 23,367,684,
Required Skills: 0 1 4 5 9 10 11 14 16 18 23 24 
Distance; Skill Score; isValid; Team; Skill Counts
11.84 ; 2.946e-12 ; True ; 23 367 684  ; 1 1 1 2 2 1 1 1 1 1 1 1 
12.82 ; 3.231e-12 ; True ; 367 459 519  ; 1 1 1 2 1 1 1 1 2 1 1 1 
15.84 ; 4.59e-12 ; True ; 204 367 519  ; 1 1 1 1 1 1 1 1 2 2 1 1 
17.13 ; 6.394e-12 ; True ; 1 117 310 367  ; 1 1 1 2 1 1 2 2 1 1 1 1 
18.63 ; 1.034e-11 ; True ; 160 364 367 684  ; 2 1 1 3 2 1 1 1 1 1 1 2 
18.64 ; 1.164e-11 ; True ; 364 367 415 684  ; 2 1 1 3 1 1 1 2 1 1 1 2 
18.65 ; 1.362e-11 ; True ; 23 174 310 367  ; 1 1 1 2 3 1 2 2 1 1 1 1 
18.71 ; 2.319e-11 ; True ; 23 367 558 684  ; 1 1 1 2 3 2 1 1 2 1 1 2 
18.75 ; 2.739e-11 ; True ; 23 174 367 684  ; 1 1 1 3 3 1 2 2 1 2 1 1 
19.54 ; 4.373e-11 ; True ; 23 246 367 684  ; 1 1 1 2 3 2 1 2 2 1 1 2 
19.62 ; 4.601e-11 ; True ; 23 310 367 684  ; 2 1 1 2 3 1 2 2 1 1 2 1 
20.63 ; 5.073e-11 ; True ; 367 601 684 739  ; 2 1 1 3 2 1 1 3 2 1 1 2 
20.64 ; 8.406e-11 ; True ; 23 367 684 739  ; 2 1 1 3 3 2 1 2 2 1 1 2 
23.46 ; 9.129e-11 ; True ; 367 459 519 739  ; 2 1 1 3 2 2 1 2 3 1 1 2 
23.56 ; 1.059e-10 ; True ; 367 519 601 684  ; 1 1 1 3 2 1 2 3 2 2 2 1 
23.71 ; 1.336e-10 ; True ; 367 459 519 684  ; 2 1 1 3 2 1 2 2 2 2 2 1 
24.69 ; 1.755e-10 ; True ; 23 367 519 684  ; 1 1 1 3 3 2 2 2 2 2 2 1 
26.61 ; 1.94e-10 ; True ; 23 174 367 558 684  ; 1 1 1 3 4 2 2 2 2 2 1 2 
27.53 ; 2.169e-10 ; True ; 23 174 310 367 684  ; 2 1 1 3 4 1 3 3 1 2 2 1 
27.55 ; 2.377e-10 ; True ; 160 174 367 601 684  ; 2 1 1 4 3 1 2 3 2 2 1 2 
27.7 ; 2.489e-10 ; True ; 1 310 367 415 684  ; 3 1 1 3 2 1 2 3 2 1 2 2 
28.24 ; 3.448e-10 ; True ; 117 160 367 601 684  ; 2 1 1 4 2 2 2 3 2 2 1 2 
29.44 ; 3.99e-10 ; True ; 310 367 601 684 739  ; 3 1 1 3 3 1 2 4 2 1 2 2 
29.53 ; 5.018e-10 ; True ; 23 174 367 684 739  ; 2 1 1 4 4 2 2 3 2 2 1 2 
30.36 ; 5.074e-10 ; True ; 23 226 367 684 739  ; 2 1 1 4 4 2 2 3 2 1 2 2 
30.39 ; 5.984e-10 ; True ; 23 310 367 684 723  ; 2 1 2 3 3 2 2 2 2 1 2 2 
30.41 ; 6.683e-10 ; True ; 23 310 367 684 739  ; 3 1 1 3 4 2 2 3 2 1 2 2 
34.14 ; 7.551e-10 ; True ; 310 367 519 601 739  ; 2 1 1 3 3 2 2 4 3 1 2 2 
34.25 ; 8.067e-10 ; True ; 310 367 459 519 739  ; 3 1 1 3 3 2 2 3 3 1 2 2 
34.4 ; 9.532e-10 ; True ; 367 459 519 601 684  ; 2 1 2 4 2 1 2 3 3 2 2 2 
35.36 ; 1.135e-09 ; True ; 367 415 519 601 684  ; 2 1 1 4 2 2 2 4 3 2 2 2 
36.21 ; 1.145e-09 ; True ; 1 367 519 684 739  ; 2 1 1 4 3 2 2 3 3 2 2 2 
36.21 ; 1.443e-09 ; True ; 367 519 601 684 739  ; 2 1 1 4 3 2 2 4 3 2 2 2 
36.34 ; 1.542e-09 ; True ; 367 459 519 684 739  ; 3 1 1 4 3 2 2 3 3 2 2 2 
36.47 ; 1.58e-09 ; True ; 23 367 459 519 684  ; 2 1 2 4 3 2 2 2 3 2 2 2 
37.21 ; 1.817e-09 ; True ; 23 367 519 684 739  ; 2 1 1 4 4 3 2 3 3 2 2 2 
39.06 ; 1.831e-09 ; True ; 23 174 310 367 601 684  ; 2 1 2 4 4 1 3 4 2 2 2 2 
39.19 ; 1.956e-09 ; True ; 23 174 310 367 459 684  ; 3 1 2 4 4 1 3 3 2 2 2 2 
40.25 ; 2.68e-09 ; True ; 23 174 310 367 684 723  ; 2 1 2 4 4 2 3 3 2 2 2 2 
42.95 ; 3.192e-09 ; True ; 23 310 367 601 684 739  ; 3 1 2 4 4 2 2 4 3 1 2 3 
43.17 ; 3.513e-09 ; True ; 23 310 367 684 723 739  ; 3 1 2 4 4 3 2 3 3 1 2 3 
46.05 ; 4.224e-09 ; True ; 310 367 459 519 601 684  ; 3 1 2 4 3 1 3 4 3 2 3 2 
47.13 ; 4.565e-09 ; True ; 1 310 367 519 684 739  ; 3 1 1 4 4 2 3 4 3 2 3 2 
47.99 ; 5.4e-09 ; True ; 310 367 519 601 684 739  ; 3 1 1 4 4 2 3 5 3 2 3 2 
48.13 ; 5.489e-09 ; True ; 310 367 459 519 684 739  ; 4 1 1 4 4 2 3 4 3 2 3 2 
48.95 ; 6.623e-09 ; True ; 23 310 367 519 601 684  ; 2 1 2 4 4 2 3 4 3 2 3 2 
49.09 ; 7.075e-09 ; True ; 23 310 367 459 519 684  ; 3 1 2 4 4 2 3 3 3 2 3 2 
50.04 ; 7.431e-09 ; True ; 23 174 310 367 459 558 684  ; 3 1 2 4 5 2 3 3 3 2 2 3 
50.86 ; 7.618e-09 ; True ; 23 367 519 601 684 739  ; 2 1 2 5 4 3 2 4 4 2 2 3 
50.97 ; 8.139e-09 ; True ; 23 367 459 519 684 739  ; 3 1 2 5 4 3 2 3 4 2 2 3 
52.84 ; 8.302e-09 ; True ; 23 174 226 367 601 684 739  ; 2 1 2 6 5 2 3 5 3 2 2 3 
53.52 ; 9.365e-09 ; True ; 23 174 246 310 367 459 684  ; 3 1 2 4 5 2 3 4 3 2 2 3 
53.65 ; 9.647e-09 ; True ; 23 174 246 310 367 684 723  ; 2 1 2 4 5 3 3 4 3 2 2 3 
53.82 ; 1.115e-08 ; True ; 23 174 310 367 601 684 739  ; 3 1 2 5 5 2 3 5 3 2 2 3 
53.93 ; 1.134e-08 ; True ; 23 174 310 367 459 684 739  ; 4 1 2 5 5 2 3 4 3 2 2 3 
55.01 ; 1.308e-08 ; True ; 23 174 310 367 684 723 739  ; 3 1 2 5 5 3 3 4 3 2 2 3 
60.67 ; 1.518e-08 ; True ; 310 367 459 519 601 640 684  ; 3 1 2 5 4 2 3 4 4 2 3 3 
61.75 ; 1.546e-08 ; True ; 23 174 310 367 519 601 684  ; 2 1 2 5 5 2 4 5 3 3 3 2 
61.87 ; 1.781e-08 ; True ; 174 367 459 519 601 684 739  ; 3 1 2 6 4 2 3 5 4 3 2 3 
62.67 ; 1.796e-08 ; True ; 1 310 367 519 601 684 739  ; 3 1 2 5 4 2 3 5 4 2 3 3 
62.67 ; 2.16e-08 ; True ; 310 367 459 519 601 684 739  ; 4 1 2 5 4 2 3 5 4 2 3 3 
63.59 ; 2.225e-08 ; True ; 23 310 367 459 519 601 684  ; 3 1 3 5 4 2 3 4 4 2 3 3 
64.76 ; 2.266e-08 ; True ; 23 174 367 459 519 684 739  ; 3 1 2 6 5 3 3 4 4 3 2 3 
65.45 ; 2.27e-08 ; True ; 23 246 310 367 459 519 684  ; 3 1 2 4 5 3 3 4 4 2 3 3 
65.45 ; 2.703e-08 ; True ; 23 310 367 519 601 684 739  ; 3 1 2 5 5 3 3 5 4 2 3 3 
65.57 ; 2.748e-08 ; True ; 23 310 367 459 519 684 739  ; 4 1 2 5 5 3 3 4 4 2 3 3 
66.67 ; 2.824e-08 ; True ; 23 310 367 519 684 723 739  ; 3 1 2 5 5 4 3 4 4 2 3 3 
68.45 ; 2.97e-08 ; True ; 23 174 310 367 459 601 684 739  ; 4 1 3 6 5 2 3 5 4 2 2 4 
70.35 ; 3.035e-08 ; True ; 23 174 246 310 367 684 723 739  ; 3 1 2 5 6 4 3 5 4 2 2 4 
70.49 ; 3.426e-08 ; True ; 23 174 310 367 601 684 723 739  ; 3 1 3 6 5 3 3 5 4 2 2 4 
70.6 ; 3.482e-08 ; True ; 23 174 310 367 459 684 723 739  ; 4 1 3 6 5 3 3 4 4 2 2 4 
73.73 ; 3.521e-08 ; True ; 174 310 367 459 519 558 601 684  ; 3 1 2 5 5 2 4 5 4 3 3 3 
74.48 ; 3.528e-08 ; True ; 174 310 367 459 519 601 640 684  ; 3 1 2 6 5 2 4 5 4 3 3 3 
76.51 ; 4.824e-08 ; True ; 174 310 367 459 519 601 684 739  ; 4 1 2 6 5 2 4 6 4 3 3 3 
77.38 ; 5.17e-08 ; True ; 23 174 310 367 459 519 601 684  ; 3 1 3 6 5 2 4 5 4 3 3 3 
80.24 ; 5.859e-08 ; True ; 23 174 310 367 519 601 684 739  ; 3 1 2 6 6 3 4 6 4 3 3 3 
80.36 ; 6.196e-08 ; True ; 23 174 310 367 459 519 684 739  ; 4 1 2 6 6 3 4 5 4 3 3 3 
82.07 ; 6.764e-08 ; True ; 23 310 367 459 519 601 684 739  ; 4 1 3 6 5 3 3 5 5 2 3 4 
84.13 ; 6.952e-08 ; True ; 23 310 367 519 601 684 723 739  ; 3 1 3 6 5 4 3 5 5 2 3 4 
84.25 ; 7.067e-08 ; True ; 23 310 367 459 519 684 723 739  ; 4 1 3 6 5 4 3 4 5 2 3 4 
86.9 ; 7.493e-08 ; True ; 23 174 226 310 367 601 684 723 739  ; 3 1 3 7 6 3 4 6 4 2 3 4 
87.08 ; 7.59e-08 ; True ; 23 147 174 310 367 601 684 723 739  ; 3 1 3 7 6 3 4 5 4 2 3 5 
87.15 ; 7.715e-08 ; True ; 23 147 174 310 367 459 684 723 739  ; 4 1 3 7 6 3 4 4 4 2 3 5 
87.88 ; 7.924e-08 ; True ; 23 174 226 310 367 459 684 723 739  ; 4 1 3 7 6 3 4 5 4 2 3 4 
92.53 ; 8.466e-08 ; True ; 23 117 174 310 367 459 601 684 739  ; 4 1 3 7 5 3 4 6 4 3 2 4 
93.1 ; 8.664e-08 ; True ; 174 310 367 459 519 601 632 684 739  ; 4 1 3 7 5 2 4 6 4 3 3 4 
93.12 ; 9.487e-08 ; True ; 147 174 310 367 459 519 601 684 739  ; 4 1 2 7 6 2 5 6 4 3 4 4 
93.95 ; 1.017e-07 ; True ; 23 147 174 310 367 459 519 601 684  ; 3 1 3 7 6 2 5 5 4 3 4 4 
94.13 ; 1.07e-07 ; True ; 23 174 310 367 459 519 558 601 684  ; 3 1 3 6 6 3 4 5 5 3 3 4 
96.28 ; 1.118e-07 ; True ; 23 174 310 367 459 519 558 684 723  ; 3 1 3 6 6 4 4 4 5 3 3 4 
97.06 ; 1.234e-07 ; True ; 23 147 174 367 459 519 601 684 739  ; 3 1 3 8 6 3 4 5 5 3 3 5 
97.84 ; 1.464e-07 ; True ; 23 174 310 367 459 519 601 684 739  ; 4 1 3 7 6 3 4 6 5 3 3 4 
100.9 ; 1.505e-07 ; True ; 23 174 310 367 519 601 684 723 739  ; 3 1 3 7 6 4 4 6 5 3 3 4 
101 ; 1.591e-07 ; True ; 23 174 310 367 459 519 684 723 739  ; 4 1 3 7 6 4 4 5 5 3 3 4 
107.9 ; 1.628e-07 ; True ; 23 310 367 459 519 601 684 739 821  ; 5 1 3 7 6 3 3 6 5 3 4 4 
108.9 ; 1.718e-07 ; True ; 23 117 310 367 459 519 601 684 739  ; 4 1 3 7 5 4 4 6 5 3 3 4 
110 ; 1.776e-07 ; True ; 23 310 367 519 601 684 723 739 821  ; 4 1 3 7 6 4 3 6 5 3 4 4 
111.7 ; 1.943e-07 ; True ; 23 147 174 310 367 459 519 558 601 684  ; 3 1 3 7 7 3 5 5 5 3 4 5 
114.7 ; 1.948e-07 ; True ; 23 147 174 367 459 519 601 650 684 739  ; 3 1 3 9 6 3 4 5 5 4 4 5 
114.8 ; 2.03e-07 ; True ; 23 147 174 310 367 459 519 558 684 723  ; 3 1 3 7 7 4 5 4 5 3 4 5 
115.4 ; 2.21e-07 ; True ; 23 147 174 226 367 459 519 601 684 739  ; 3 1 3 9 7 3 5 6 5 3 4 5 
115.7 ; 2.211e-07 ; True ; 23 174 310 367 459 519 558 601 684 723  ; 3 1 4 7 6 4 4 5 6 3 3 5 
116.3 ; 2.312e-07 ; True ; 23 174 310 367 459 519 601 650 684 739  ; 4 1 3 8 6 3 4 6 5 4 4 4 
116.4 ; 2.657e-07 ; True ; 23 147 174 310 367 459 519 601 684 739  ; 4 1 3 8 7 3 5 6 5 3 4 5 
120.4 ; 3.023e-07 ; True ; 23 174 310 367 459 519 601 684 723 739  ; 4 1 4 8 6 4 4 6 6 3 3 5 
129.5 ; 3.176e-07 ; True ; 23 117 147 310 367 459 519 601 684 739  ; 4 1 3 8 6 4 5 6 5 3 4 5 
129.7 ; 3.27e-07 ; True ; 23 174 310 367 519 601 684 723 739 821  ; 4 1 3 8 7 4 4 7 5 4 4 4 
130.7 ; 3.346e-07 ; True ; 23 174 310 367 459 519 684 723 739 821  ; 5 1 3 8 7 4 4 6 5 4 4 4 
131.3 ; 3.448e-07 ; True ; 23 106 174 310 367 459 519 601 684 739  ; 4 1 3 8 6 4 5 6 5 4 4 4 
135.2 ; 3.864e-07 ; True ; 23 147 174 310 367 459 519 558 601 684 723  ; 3 1 4 8 7 4 5 5 6 3 4 6 
135.9 ; 3.939e-07 ; True ; 23 147 174 310 367 459 519 601 650 684 739  ; 4 1 3 9 7 3 5 6 5 4 5 5 
136.1 ; 4.144e-07 ; True ; 23 147 174 310 367 459 519 558 601 684 739  ; 4 1 3 8 8 4 5 6 6 3 4 6 
139.6 ; 4.393e-07 ; True ; 23 147 174 246 310 367 459 519 601 684 723  ; 3 1 4 8 7 4 5 6 6 3 4 6 
140.1 ; 4.393e-07 ; True ; 23 147 174 226 367 459 519 601 684 723 739  ; 3 1 4 10 7 4 5 6 6 3 4 6 
140.4 ; 4.586e-07 ; True ; 23 147 174 246 310 367 459 519 601 684 739  ; 4 1 3 8 8 4 5 7 6 3 4 6 
140.9 ; 4.596e-07 ; True ; 23 132 174 310 367 459 519 601 684 723 739  ; 4 1 4 8 6 4 4 6 7 3 4 6 
140.9 ; 5.282e-07 ; True ; 23 147 174 310 367 459 519 601 684 723 739  ; 4 1 4 9 7 4 5 6 6 3 4 6 
149.6 ; 5.474e-07 ; True ; 23 147 174 367 459 519 601 684 723 739 821  ; 4 1 4 10 7 4 4 6 6 4 4 6 
152.1 ; 6.187e-07 ; True ; 23 174 310 367 459 519 601 684 723 739 821  ; 5 1 4 9 7 4 4 7 6 4 4 5 
157.9 ; 6.69e-07 ; True ; 23 106 174 310 367 459 519 601 684 723 739  ; 4 1 4 9 6 5 5 6 6 4 4 5 
161.6 ; 7.357e-07 ; True ; 23 147 174 310 367 459 519 558 601 684 723 739  ; 4 1 4 9 8 5 5 6 7 3 4 7 
163.3 ; 7.83e-07 ; True ; 23 147 174 310 367 459 519 601 650 684 723 739  ; 4 1 4 10 7 4 5 6 6 4 5 6 
164.1 ; 8.209e-07 ; True ; 23 147 174 226 310 367 459 519 601 684 723 739  ; 4 1 4 10 8 4 6 7 6 3 5 6 
173.4 ; 8.857e-07 ; True ; 23 147 174 246 310 367 459 519 601 684 723 821  ; 4 1 4 9 8 4 5 7 6 4 5 6 
173.9 ; 8.858e-07 ; True ; 23 147 174 226 367 459 519 601 684 723 739 821  ; 4 1 4 11 8 4 5 7 6 4 5 6 
175.2 ; 9.021e-07 ; True ; 23 147 174 310 367 415 459 519 601 684 723 739  ; 5 1 4 10 7 5 5 7 7 3 4 7 
175.6 ; 1.003e-06 ; True ; 23 147 174 310 367 459 519 601 684 723 739 821  ; 5 1 4 10 8 4 5 7 6 4 5 6 
181.3 ; 1.054e-06 ; True ; 23 106 147 174 310 367 459 519 601 684 723 739  ; 4 1 4 10 7 5 6 6 6 4 5 6 
186.4 ; 1.091e-06 ; True ; 23 147 174 226 310 367 459 519 601 684 723 739 762  ; 5 1 4 11 8 4 6 7 7 3 5 7 
187.4 ; 1.169e-06 ; True ; 23 147 174 226 310 367 459 519 601 650 684 723 739  ; 4 1 4 11 8 4 6 7 6 4 6 6 
194.4 ; 1.207e-06 ; True ; 23 106 174 310 367 459 519 601 684 723 739 821  ; 5 1 4 10 7 5 5 7 6 5 5 5 
199.5 ; 1.288e-06 ; True ; 23 147 174 226 246 310 367 459 519 601 684 723 821  ; 4 1 4 10 9 4 6 8 6 4 6 6 
200 ; 1.341e-06 ; True ; 23 132 147 174 310 367 459 519 601 684 723 739 821  ; 5 1 4 10 8 4 5 7 7 4 6 7 
200.4 ; 1.375e-06 ; True ; 23 147 174 226 310 367 415 459 519 601 684 723 739  ; 5 1 4 11 8 5 6 8 7 3 5 7 
201.7 ; 1.458e-06 ; True ; 23 147 174 226 310 367 459 519 601 684 723 739 821  ; 5 1 4 11 9 4 6 8 6 4 6 6 
203.4 ; 1.505e-06 ; True ; 23 147 174 246 310 367 459 519 601 684 723 739 821  ; 5 1 4 10 9 5 5 8 7 4 5 7 
207.5 ; 1.531e-06 ; True ; 23 106 147 174 226 310 367 459 519 601 684 723 739  ; 4 1 4 11 8 5 7 7 6 4 6 6 
211.9 ; 1.585e-06 ; True ; 23 117 147 174 310 367 415 459 519 601 684 723 739  ; 5 1 4 11 7 6 6 8 7 4 4 7 
212.8 ; 1.62e-06 ; True ; 23 147 174 310 367 415 459 519 601 684 723 739 821  ; 6 1 4 11 8 5 5 8 7 4 5 7 
215.2 ; 1.72e-06 ; True ; 23 117 147 174 310 367 459 519 601 684 723 739 821  ; 5 1 4 11 8 5 6 8 6 5 5 6 
220.6 ; 1.731e-06 ; True ; 23 106 147 174 310 367 415 459 519 601 684 723 739  ; 5 1 4 11 7 6 6 7 7 4 5 7 
220.9 ; 1.805e-06 ; True ; 23 106 147 174 310 367 459 519 601 684 723 739 821  ; 5 1 4 11 8 5 6 7 6 5 6 6 
227.6 ; 1.938e-06 ; True ; 23 117 147 174 226 310 367 459 519 601 684 723 739 762  ; 5 1 4 12 8 5 7 8 7 4 5 7 
231.5 ; 2.146e-06 ; True ; 23 147 174 226 246 310 367 459 519 601 684 723 739 821  ; 5 1 4 11 10 5 6 9 7 4 6 7 
239.4 ; 2.316e-06 ; True ; 23 117 147 174 226 310 367 415 459 519 601 684 723 739  ; 5 1 4 12 8 6 7 9 7 4 5 7 
240.9 ; 2.321e-06 ; True ; 23 147 174 226 310 367 415 459 519 601 684 723 739 821  ; 6 1 4 12 9 5 6 9 7 4 6 7 
243.6 ; 2.397e-06 ; True ; 23 117 147 174 226 310 367 459 519 601 684 723 739 821  ; 5 1 4 12 9 5 7 9 6 5 6 6 
246.4 ; 2.447e-06 ; True ; 23 117 147 174 246 310 367 459 519 601 684 723 739 821  ; 5 1 4 11 9 6 6 9 7 5 5 7 
248.7 ; 2.466e-06 ; True ; 23 106 147 174 226 310 367 415 459 519 601 684 723 739  ; 5 1 4 12 8 6 7 8 7 4 6 7 
249.9 ; 2.485e-06 ; True ; 23 106 147 174 226 310 367 459 519 601 684 723 739 821  ; 5 1 4 12 9 5 7 8 6 5 7 6 
253.3 ; 2.634e-06 ; True ; 23 117 147 174 310 367 415 459 519 601 684 723 739 821  ; 6 1 4 12 8 6 6 9 7 5 5 7 
262.2 ; 2.707e-06 ; True ; 23 106 117 147 174 310 367 415 459 519 601 684 723 739  ; 5 1 4 12 7 7 7 8 7 5 5 7 
263 ; 2.806e-06 ; True ; 23 106 147 174 310 367 415 459 519 601 684 723 739 821  ; 6 1 4 12 8 6 6 8 7 5 6 7 
267.7 ; 2.862e-06 ; True ; 23 117 147 174 226 310 367 415 459 519 601 684 723 739 762  ; 6 1 4 13 8 6 7 9 8 4 5 8 
267.8 ; 2.986e-06 ; True ; 23 117 132 147 174 226 310 367 415 459 519 601 684 723 739  ; 5 1 4 12 8 6 7 9 8 4 6 8 
270.1 ; 3.022e-06 ; True ; 23 147 174 226 310 367 415 459 519 601 650 684 723 739 821  ; 6 1 4 13 9 5 6 9 7 5 7 7 
271.9 ; 3.072e-06 ; True ; 23 117 147 174 226 310 367 459 519 601 684 723 739 762 821  ; 6 1 4 13 9 5 7 9 7 5 6 7 
272.2 ; 3.202e-06 ; True ; 1 23 117 147 174 226 310 367 415 459 519 601 684 723 739  ; 5 1 5 13 8 6 7 9 8 4 5 8 
275.2 ; 3.209e-06 ; True ; 1 23 147 174 226 310 367 415 459 519 601 684 723 739 821  ; 6 1 5 13 9 5 6 9 8 4 6 8 
276.8 ; 3.357e-06 ; True ; 23 117 147 174 226 246 310 367 459 519 601 684 723 739 821  ; 5 1 4 12 10 6 7 10 7 5 6 7 
283.7 ; 3.397e-06 ; True ; 23 117 132 147 174 310 367 415 459 519 601 684 723 739 821  ; 6 1 4 12 8 6 6 9 8 5 6 8 
283.7 ; 3.519e-06 ; True ; 23 106 147 174 226 246 310 367 459 519 601 684 723 739 821  ; 5 1 4 12 10 6 7 9 7 5 7 7 
283.8 ; 3.63e-06 ; True ; 23 117 147 174 226 310 367 415 459 519 601 684 723 739 821  ; 6 1 4 13 9 6 7 10 7 5 6 7 
291.9 ; 3.669e-06 ; True ; 23 117 147 174 226 310 367 415 432 459 519 601 684 723 739  ; 5 1 5 12 8 6 8 9 7 5 5 7 
292.7 ; 3.725e-06 ; True ; 23 106 117 147 174 226 310 367 415 459 519 601 684 723 739  ; 5 1 4 13 8 7 8 9 7 5 6 7 
294 ; 3.752e-06 ; True ; 23 147 174 226 310 367 415 432 459 519 601 684 723 739 821  ; 6 1 5 12 9 5 7 9 7 5 6 7 
294.1 ; 3.806e-06 ; True ; 23 106 147 174 226 310 367 415 459 519 601 684 723 739 821  ; 6 1 4 13 9 6 7 9 7 5 7 7 
300.8 ; 3.908e-06 ; True ; 23 106 147 174 226 310 367 415 432 459 519 601 684 723 739  ; 5 1 5 12 8 6 8 8 7 5 6 7 
306.7 ; 4.052e-06 ; True ; 23 106 147 174 246 310 367 432 459 519 601 684 723 739 821  ; 5 1 5 11 9 6 7 8 7 6 6 7 
307.7 ; 4.094e-06 ; True ; 23 117 147 174 310 367 415 432 459 519 601 684 723 739 821  ; 6 1 5 12 8 6 7 9 7 6 5 7 
311.6 ; 4.132e-06 ; True ; 23 117 147 226 310 367 415 432 459 519 601 684 723 739 821  ; 6 1 5 12 8 6 7 9 7 5 6 7 
313.4 ; 4.253e-06 ; True ; 23 117 138 147 174 226 310 367 415 459 519 601 684 723 739 821  ; 6 1 4 14 10 7 7 10 8 5 6 7 
314.9 ; 4.381e-06 ; True ; 23 117 147 174 226 310 367 415 459 519 601 684 723 739 762 821  ; 7 1 4 14 9 6 7 10 8 5 6 8 
319.9 ; 4.709e-06 ; True ; 23 117 147 174 226 310 364 367 415 459 519 601 684 723 739 821  ; 6 1 5 14 9 6 7 10 7 5 6 8 
326.3 ; 4.917e-06 ; True ; 23 117 147 174 226 310 367 415 459 519 601 684 723 739 821 850  ; 6 1 5 13 9 6 7 10 7 5 7 7 
330.7 ; 5.068e-06 ; True ; 23 147 174 226 246 310 367 415 432 459 519 601 684 723 739 821  ; 6 1 5 12 10 6 7 10 8 5 6 8 
339.9 ; 5.116e-06 ; True ; 23 106 147 174 226 243 310 367 415 432 459 519 601 684 723 739  ; 5 1 5 12 9 6 9 9 7 5 7 7 
340.7 ; 5.361e-06 ; True ; 23 106 147 174 226 246 310 367 432 459 519 601 684 723 739 821  ; 5 1 5 12 10 6 8 9 7 6 7 7 
341.2 ; 5.53e-06 ; True ; 23 117 147 174 226 310 367 415 432 459 519 601 684 723 739 821  ; 6 1 5 13 9 6 8 10 7 6 6 7 
349.2 ; 5.589e-06 ; True ; 23 106 117 147 174 226 310 367 415 432 459 519 601 684 723 739  ; 5 1 5 13 8 7 9 9 7 6 6 7 
351.1 ; 5.798e-06 ; True ; 23 106 147 174 226 310 367 415 432 459 519 601 684 723 739 821  ; 6 1 5 13 9 6 8 9 7 6 7 7 
355.8 ; 5.833e-06 ; True ; 23 106 147 174 246 310 367 415 432 459 519 601 684 723 739 821  ; 6 1 5 12 9 7 7 9 8 6 6 8 
357.2 ; 5.833e-06 ; True ; 23 117 147 174 226 310 367 415 432 459 519 601 650 684 723 739 762  ; 6 1 5 14 8 6 8 9 8 6 6 8 
359.8 ; 5.854e-06 ; True ; 23 94 147 174 226 310 367 415 432 459 519 601 684 723 739 821  ; 6 1 5 13 10 6 8 9 7 6 7 7 
364.7 ; 5.957e-06 ; True ; 23 147 174 226 246 310 367 415 432 459 519 601 684 723 739 762 821  ; 7 1 5 13 10 6 7 10 9 5 6 9 
366.1 ; 6.034e-06 ; True ; 23 106 117 174 226 310 367 415 432 459 519 601 684 723 739 821  ; 6 1 5 13 8 7 8 10 7 7 6 6 
373.1 ; 6.122e-06 ; True ; 23 94 117 174 226 310 367 415 432 459 519 601 684 723 739 821  ; 6 1 5 13 9 7 8 10 7 7 6 6 
373.4 ; 6.461e-06 ; True ; 23 117 147 174 226 310 367 415 459 508 519 601 684 723 739 821 850  ; 7 1 5 14 9 7 7 10 8 5 7 8 
380.8 ; 6.678e-06 ; True ; 23 117 136 174 226 310 367 415 459 519 545 601 684 723 739 821 850  ; 7 1 5 13 10 6 7 11 8 6 7 7 
383.2 ; 7.062e-06 ; True ; 23 117 147 174 226 243 310 367 415 432 459 519 601 684 723 739 821  ; 6 1 5 13 10 6 9 11 7 6 7 7 
386.3 ; 7.136e-06 ; True ; 23 106 132 147 174 226 310 367 415 432 459 519 601 684 723 739 821  ; 6 1 5 13 9 6 8 9 8 6 8 8 
391.9 ; 7.63e-06 ; True ; 23 106 147 174 226 246 310 367 415 432 459 519 601 684 723 739 821  ; 6 1 5 13 10 7 8 10 8 6 7 8 
401.9 ; 7.692e-06 ; True ; 23 106 147 160 174 226 310 367 415 432 459 519 601 684 723 739 821  ; 7 1 5 14 10 7 8 9 8 6 7 8 
409.5 ; 7.742e-06 ; True ; 23 94 147 160 174 226 310 367 415 432 459 519 601 684 723 739 821  ; 7 1 5 14 11 7 8 9 8 6 7 8 
410.1 ; 7.742e-06 ; True ; 23 106 117 174 226 243 310 367 415 432 459 519 601 684 723 739 821  ; 6 1 5 13 9 7 9 11 7 7 7 6 
411.2 ; 8.062e-06 ; True ; 23 94 117 147 174 226 310 367 415 432 459 519 601 684 723 739 821  ; 6 1 5 14 10 7 9 10 7 7 7 7 
420.2 ; 8.523e-06 ; True ; 23 117 147 174 226 243 310 367 415 432 459 519 601 684 723 739 762 821  ; 7 1 5 14 10 6 9 11 8 6 7 8 
428.8 ; 8.969e-06 ; True ; 23 106 147 174 226 246 310 367 415 432 459 519 601 684 723 739 762 821  ; 7 1 5 14 10 7 8 10 9 6 7 9 
446.7 ; 9.009e-06 ; True ; 23 106 147 160 174 246 310 367 415 432 459 519 601 632 684 723 739 821  ; 7 1 6 14 10 8 7 9 9 6 6 10 
448.6 ; 9.451e-06 ; True ; 23 117 147 174 226 310 367 415 432 459 503 519 601 684 723 739 821 850  ; 7 1 6 14 9 7 8 10 8 6 7 8 
458.1 ; 9.605e-06 ; True ; 23 94 117 174 226 243 310 367 415 432 459 519 601 684 723 739 762 821  ; 7 1 5 14 10 7 9 11 8 7 7 7 
458.8 ; 9.799e-06 ; True ; 23 94 117 160 174 226 243 310 367 415 432 459 519 601 684 723 739 850  ; 6 1 6 13 10 8 9 10 8 6 7 7 
459.1 ; 9.811e-06 ; True ; 23 106 147 160 174 310 367 415 432 459 519 545 601 684 723 739 821 850  ; 7 1 6 14 10 7 8 9 8 6 8 8 
463.2 ; 9.875e-06 ; True ; 23 106 117 174 243 310 367 415 432 459 519 545 601 684 723 739 821 850  ; 6 1 6 13 9 7 9 11 7 7 8 6 
465.7 ; 1.009e-05 ; True ; 23 94 117 160 174 226 310 367 415 432 459 519 601 684 723 739 815 821  ; 8 1 5 15 11 8 8 10 8 7 7 8 
466.9 ; 1.038e-05 ; True ; 23 106 147 174 203 226 246 310 367 415 432 459 519 601 632 684 723 739 821  ; 7 1 6 15 10 7 8 10 8 6 7 10 
469.7 ; 1.046e-05 ; True ; 23 106 117 160 174 243 310 367 415 432 459 519 601 684 723 739 821 850  ; 7 1 6 13 9 8 8 10 8 7 7 7 
469.9 ; 1.056e-05 ; True ; 23 94 117 160 174 226 310 367 415 432 459 519 601 684 723 739 821 850  ; 7 1 6 14 10 8 8 10 8 7 7 7 
471.6 ; 1.06e-05 ; True ; 23 94 117 147 160 174 310 367 415 432 459 519 601 684 723 739 821 850  ; 7 1 6 14 10 8 8 9 8 7 7 8 
478.4 ; 1.086e-05 ; True ; 23 94 106 117 147 174 226 310 367 415 432 459 519 601 684 723 739 821  ; 6 1 5 15 10 8 10 10 7 8 8 7 
480.2 ; 1.094e-05 ; True ; 23 117 147 174 226 243 310 367 415 432 459 519 601 602 684 723 739 821 850  ; 7 1 6 14 11 6 9 11 8 6 8 8 
492.5 ; 1.151e-05 ; True ; 23 94 147 174 226 246 310 367 415 432 459 519 601 684 723 739 762 821 850  ; 7 1 6 14 11 7 8 10 9 6 8 9 
497.2 ; 1.154e-05 ; True ; 23 94 117 147 174 226 310 367 415 432 459 519 601 684 723 739 821 827  ; 6 1 6 14 10 7 9 10 8 8 7 8 
507.9 ; 1.187e-05 ; True ; 23 94 106 147 174 226 310 367 415 432 459 519 601 684 723 739 821 827  ; 6 1 6 14 10 7 9 9 8 8 8 8 
513.7 ; 1.237e-05 ; True ; 23 94 117 160 174 226 310 367 415 432 459 519 601 684 723 739 762 821 850  ; 8 1 6 15 10 8 8 10 9 7 7 8 
525 ; 1.253e-05 ; True ; 23 94 117 147 174 226 310 367 415 432 459 519 601 684 723 739 821 837 850  ; 7 1 6 15 11 8 9 10 7 7 8 8 
527.8 ; 1.308e-05 ; True ; 23 117 147 174 226 243 310 364 367 415 432 459 519 601 602 684 723 739 821 850  ; 7 1 7 15 11 6 9 11 8 6 8 9 
540.1 ; 1.344e-05 ; True ; 23 94 117 147 174 226 310 367 415 459 508 519 601 684 723 739 821 827 850  ; 7 1 6 15 10 8 8 10 9 7 8 9 
552 ; 1.352e-05 ; True ; 23 94 117 160 174 226 310 367 415 432 459 519 601 650 684 723 739 821 827  ; 7 1 6 15 10 8 8 10 9 9 7 8 
557.9 ; 1.369e-05 ; True ; 14 23 94 117 174 226 243 310 367 415 432 459 519 601 684 723 739 821 827  ; 6 1 6 14 11 8 9 11 9 8 7 8 
558.5 ; 1.413e-05 ; True ; 23 94 117 174 226 243 310 367 415 432 459 519 601 684 723 739 821 827 850  ; 6 1 7 13 10 7 9 11 8 8 8 7 
558.8 ; 1.44e-05 ; True ; 23 94 117 136 174 226 243 310 364 367 415 432 454 459 519 601 684 723 739 850  ; 7 1 7 14 11 7 9 11 8 7 7 9 
559.8 ; 1.579e-05 ; True ; 23 94 117 147 174 226 246 310 367 415 432 459 519 601 684 723 739 815 821 850  ; 7 1 6 15 12 8 9 11 8 7 9 9 
608.7 ; 1.799e-05 ; True ; 23 106 117 160 174 226 243 310 367 415 432 459 519 601 684 723 739 821 827 850  ; 7 1 7 14 10 8 9 11 9 8 8 8 
651.6 ; 1.863e-05 ; True ; 23 106 117 147 174 226 310 367 415 432 459 519 601 684 723 739 817 821 827 850  ; 7 1 8 14 9 7 9 10 9 8 8 9 
691.3 ; 1.881e-05 ; True ; 23 106 136 147 243 310 367 415 432 459 519 545 601 684 723 739 762 821 827 838 850  ; 8 1 7 14 10 6 9 9 10 8 10 10 
701.1 ; 1.952e-05 ; True ; 23 106 136 147 243 310 367 415 432 459 510 519 545 601 684 723 739 821 827 838 850  ; 7 1 7 14 10 7 9 9 10 8 10 10 
715.2 ; 2.163e-05 ; True ; 23 94 117 147 162 174 226 246 310 367 415 432 459 519 601 650 684 723 739 821 827 850  ; 7 1 7 16 11 8 9 11 9 9 9 9 
729.7 ; 2.189e-05 ; True ; 23 106 117 147 174 226 310 311 367 415 432 459 519 601 684 723 739 817 821 827 850  ; 8 1 8 15 10 8 9 10 9 8 8 10 
775 ; 2.461e-05 ; True ; 23 94 106 117 150 174 226 310 367 415 432 459 519 601 684 723 739 817 821 827 850  ; 8 1 8 15 10 9 9 10 10 9 8 9 
843.5 ; 2.551e-05 ; True ; 23 106 117 147 150 226 243 310 367 415 432 459 519 601 684 723 739 817 821 827 840 850  ; 8 1 8 14 10 8 10 11 10 7 9 10 
848.7 ; 2.583e-05 ; True ; 23 94 117 147 174 226 310 367 415 432 459 519 601 684 723 727 738 739 817 821 827 837  ; 8 1 8 16 11 8 9 11 9 10 8 10 
859.8 ; 2.848e-05 ; True ; 23 94 106 117 150 174 226 310 367 415 432 459 519 601 684 723 727 739 817 821 827 850  ; 8 1 9 15 10 9 9 10 10 10 8 9 
974.3 ; 3.071e-05 ; True ; 23 94 117 136 174 204 243 310 322 323 367 415 432 459 519 601 684 723 739 817 821 827 850  ; 9 1 9 13 10 7 9 11 11 11 8 10 


RUN 7:
Optimum Distance: 11.84
Optimal Team: 23,367,684,
Required Skills: 0 1 4 5 9 10 11 14 16 18 23 24 
Distance; Skill Score; isValid; Team; Skill Counts
11.84 ; 2.946e-12 ; True ; 23 367 684  ; 1 1 1 2 2 1 1 1 1 1 1 1 
12.82 ; 3.231e-12 ; True ; 367 459 519  ; 1 1 1 2 1 1 1 1 2 1 1 1 
16.85 ; 3.317e-12 ; True ; 174 367 415 850  ; 1 1 1 2 1 1 1 2 1 1 1 1 
17.13 ; 6.394e-12 ; True ; 1 117 310 367  ; 1 1 1 2 1 1 2 2 1 1 1 1 
18.02 ; 6.517e-12 ; True ; 117 367 601 815  ; 1 1 1 3 1 1 1 2 1 1 1 2 
18.63 ; 1.034e-11 ; True ; 160 364 367 684  ; 2 1 1 3 2 1 1 1 1 1 1 2 
18.64 ; 1.164e-11 ; True ; 364 367 415 684  ; 2 1 1 3 1 1 1 2 1 1 1 2 
18.65 ; 1.362e-11 ; True ; 23 174 310 367  ; 1 1 1 2 3 1 2 2 1 1 1 1 
18.71 ; 2.319e-11 ; True ; 23 367 558 684  ; 1 1 1 2 3 2 1 1 2 1 1 2 
18.75 ; 2.739e-11 ; True ; 23 174 367 684  ; 1 1 1 3 3 1 2 2 1 2 1 1 
19.54 ; 4.373e-11 ; True ; 23 246 367 684  ; 1 1 1 2 3 2 1 2 2 1 1 2 
19.62 ; 4.601e-11 ; True ; 23 310 367 684  ; 2 1 1 2 3 1 2 2 1 1 2 1 
20.63 ; 5.073e-11 ; True ; 367 601 684 739  ; 2 1 1 3 2 1 1 3 2 1 1 2 
20.64 ; 8.406e-11 ; True ; 23 367 684 739  ; 2 1 1 3 3 2 1 2 2 1 1 2 
23.46 ; 9.129e-11 ; True ; 367 459 519 739  ; 2 1 1 3 2 2 1 2 3 1 1 2 
23.56 ; 1.059e-10 ; True ; 367 519 601 684  ; 1 1 1 3 2 1 2 3 2 2 2 1 
23.71 ; 1.336e-10 ; True ; 367 459 519 684  ; 2 1 1 3 2 1 2 2 2 2 2 1 
24.69 ; 1.755e-10 ; True ; 23 367 519 684  ; 1 1 1 3 3 2 2 2 2 2 2 1 
26.61 ; 1.94e-10 ; True ; 23 174 367 558 684  ; 1 1 1 3 4 2 2 2 2 2 1 2 
27.44 ; 2.435e-10 ; True ; 1 117 160 367 684  ; 2 1 1 4 2 2 2 2 2 2 1 2 
27.7 ; 2.489e-10 ; True ; 1 310 367 415 684  ; 3 1 1 3 2 1 2 3 2 1 2 2 
28.24 ; 3.448e-10 ; True ; 117 160 367 601 684  ; 2 1 1 4 2 2 2 3 2 2 1 2 
29.44 ; 3.99e-10 ; True ; 310 367 601 684 739  ; 3 1 1 3 3 1 2 4 2 1 2 2 
29.53 ; 5.018e-10 ; True ; 23 174 367 684 739  ; 2 1 1 4 4 2 2 3 2 2 1 2 
30.36 ; 5.074e-10 ; True ; 23 226 367 684 739  ; 2 1 1 4 4 2 2 3 2 1 2 2 
30.39 ; 5.984e-10 ; True ; 23 310 367 684 723  ; 2 1 2 3 3 2 2 2 2 1 2 2 
30.41 ; 6.683e-10 ; True ; 23 310 367 684 739  ; 3 1 1 3 4 2 2 3 2 1 2 2 
34.14 ; 7.551e-10 ; True ; 310 367 519 601 739  ; 2 1 1 3 3 2 2 4 3 1 2 2 
34.25 ; 8.067e-10 ; True ; 310 367 459 519 739  ; 3 1 1 3 3 2 2 3 3 1 2 2 
34.4 ; 9.532e-10 ; True ; 367 459 519 601 684  ; 2 1 2 4 2 1 2 3 3 2 2 2 
35.36 ; 1.135e-09 ; True ; 367 415 519 601 684  ; 2 1 1 4 2 2 2 4 3 2 2 2 
36.21 ; 1.145e-09 ; True ; 1 367 519 684 739  ; 2 1 1 4 3 2 2 3 3 2 2 2 
36.21 ; 1.443e-09 ; True ; 367 519 601 684 739  ; 2 1 1 4 3 2 2 4 3 2 2 2 
36.34 ; 1.542e-09 ; True ; 367 459 519 684 739  ; 3 1 1 4 3 2 2 3 3 2 2 2 
36.47 ; 1.58e-09 ; True ; 23 367 459 519 684  ; 2 1 2 4 3 2 2 2 3 2 2 2 
37.21 ; 1.817e-09 ; True ; 23 367 519 684 739  ; 2 1 1 4 4 3 2 3 3 2 2 2 
39.06 ; 1.831e-09 ; True ; 23 174 310 367 601 684  ; 2 1 2 4 4 1 3 4 2 2 2 2 
39.19 ; 1.956e-09 ; True ; 23 174 310 367 459 684  ; 3 1 2 4 4 1 3 3 2 2 2 2 
40.25 ; 2.68e-09 ; True ; 23 174 310 367 684 723  ; 2 1 2 4 4 2 3 3 2 2 2 2 
42.95 ; 3.192e-09 ; True ; 23 310 367 601 684 739  ; 3 1 2 4 4 2 2 4 3 1 2 3 
43.17 ; 3.513e-09 ; True ; 23 310 367 684 723 739  ; 3 1 2 4 4 3 2 3 3 1 2 3 
46.05 ; 4.224e-09 ; True ; 310 367 459 519 601 684  ; 3 1 2 4 3 1 3 4 3 2 3 2 
47.13 ; 4.565e-09 ; True ; 1 310 367 519 684 739  ; 3 1 1 4 4 2 3 4 3 2 3 2 
47.99 ; 5.4e-09 ; True ; 310 367 519 601 684 739  ; 3 1 1 4 4 2 3 5 3 2 3 2 
48.13 ; 5.489e-09 ; True ; 310 367 459 519 684 739  ; 4 1 1 4 4 2 3 4 3 2 3 2 
48.95 ; 6.623e-09 ; True ; 23 310 367 519 601 684  ; 2 1 2 4 4 2 3 4 3 2 3 2 
49.09 ; 7.075e-09 ; True ; 23 310 367 459 519 684  ; 3 1 2 4 4 2 3 3 3 2 3 2 
50.04 ; 7.431e-09 ; True ; 23 174 310 367 459 558 684  ; 3 1 2 4 5 2 3 3 3 2 2 3 
50.86 ; 7.618e-09 ; True ; 23 367 519 601 684 739  ; 2 1 2 5 4 3 2 4 4 2 2 3 
50.97 ; 8.139e-09 ; True ; 23 367 459 519 684 739  ; 3 1 2 5 4 3 2 3 4 2 2 3 
52.84 ; 8.302e-09 ; True ; 23 174 226 367 601 684 739  ; 2 1 2 6 5 2 3 5 3 2 2 3 
53.52 ; 9.365e-09 ; True ; 23 174 246 310 367 459 684  ; 3 1 2 4 5 2 3 4 3 2 2 3 
53.65 ; 9.647e-09 ; True ; 23 174 246 310 367 684 723  ; 2 1 2 4 5 3 3 4 3 2 2 3 
53.82 ; 1.115e-08 ; True ; 23 174 310 367 601 684 739  ; 3 1 2 5 5 2 3 5 3 2 2 3 
53.93 ; 1.134e-08 ; True ; 23 174 310 367 459 684 739  ; 4 1 2 5 5 2 3 4 3 2 2 3 
55.01 ; 1.308e-08 ; True ; 23 174 310 367 684 723 739  ; 3 1 2 5 5 3 3 4 3 2 2 3 
60.67 ; 1.518e-08 ; True ; 310 367 459 519 601 640 684  ; 3 1 2 5 4 2 3 4 4 2 3 3 
61.75 ; 1.546e-08 ; True ; 23 174 310 367 519 601 684  ; 2 1 2 5 5 2 4 5 3 3 3 2 
61.87 ; 1.781e-08 ; True ; 174 367 459 519 601 684 739  ; 3 1 2 6 4 2 3 5 4 3 2 3 
62.67 ; 1.796e-08 ; True ; 1 310 367 519 601 684 739  ; 3 1 2 5 4 2 3 5 4 2 3 3 
62.67 ; 2.16e-08 ; True ; 310 367 459 519 601 684 739  ; 4 1 2 5 4 2 3 5 4 2 3 3 
63.59 ; 2.225e-08 ; True ; 23 310 367 459 519 601 684  ; 3 1 3 5 4 2 3 4 4 2 3 3 
64.76 ; 2.266e-08 ; True ; 23 174 367 459 519 684 739  ; 3 1 2 6 5 3 3 4 4 3 2 3 
65.45 ; 2.27e-08 ; True ; 23 246 310 367 459 519 684  ; 3 1 2 4 5 3 3 4 4 2 3 3 
65.45 ; 2.703e-08 ; True ; 23 310 367 519 601 684 739  ; 3 1 2 5 5 3 3 5 4 2 3 3 
65.57 ; 2.748e-08 ; True ; 23 310 367 459 519 684 739  ; 4 1 2 5 5 3 3 4 4 2 3 3 
66.67 ; 2.824e-08 ; True ; 23 310 367 519 684 723 739  ; 3 1 2 5 5 4 3 4 4 2 3 3 
68.45 ; 2.97e-08 ; True ; 23 174 310 367 459 601 684 739  ; 4 1 3 6 5 2 3 5 4 2 2 4 
70.35 ; 3.035e-08 ; True ; 23 174 246 310 367 684 723 739  ; 3 1 2 5 6 4 3 5 4 2 2 4 
70.49 ; 3.426e-08 ; True ; 23 174 310 367 601 684 723 739  ; 3 1 3 6 5 3 3 5 4 2 2 4 
70.6 ; 3.482e-08 ; True ; 23 174 310 367 459 684 723 739  ; 4 1 3 6 5 3 3 4 4 2 2 4 
73.73 ; 3.521e-08 ; True ; 174 310 367 459 519 558 601 684  ; 3 1 2 5 5 2 4 5 4 3 3 3 
74.48 ; 3.528e-08 ; True ; 174 310 367 459 519 601 640 684  ; 3 1 2 6 5 2 4 5 4 3 3 3 
76.51 ; 4.824e-08 ; True ; 174 310 367 459 519 601 684 739  ; 4 1 2 6 5 2 4 6 4 3 3 3 
77.38 ; 5.17e-08 ; True ; 23 174 310 367 459 519 601 684  ; 3 1 3 6 5 2 4 5 4 3 3 3 
80.24 ; 5.859e-08 ; True ; 23 174 310 367 519 601 684 739  ; 3 1 2 6 6 3 4 6 4 3 3 3 
80.36 ; 6.196e-08 ; True ; 23 174 310 367 459 519 684 739  ; 4 1 2 6 6 3 4 5 4 3 3 3 
82.07 ; 6.764e-08 ; True ; 23 310 367 459 519 601 684 739  ; 4 1 3 6 5 3 3 5 5 2 3 4 
84.13 ; 6.952e-08 ; True ; 23 310 367 519 601 684 723 739  ; 3 1 3 6 5 4 3 5 5 2 3 4 
84.25 ; 7.067e-08 ; True ; 23 310 367 459 519 684 723 739  ; 4 1 3 6 5 4 3 4 5 2 3 4 
86.9 ; 7.493e-08 ; True ; 23 174 226 310 367 601 684 723 739  ; 3 1 3 7 6 3 4 6 4 2 3 4 
87.08 ; 7.59e-08 ; True ; 23 147 174 310 367 601 684 723 739  ; 3 1 3 7 6 3 4 5 4 2 3 5 
87.15 ; 7.715e-08 ; True ; 23 147 174 310 367 459 684 723 739  ; 4 1 3 7 6 3 4 4 4 2 3 5 
87.88 ; 7.924e-08 ; True ; 23 174 226 310 367 459 684 723 739  ; 4 1 3 7 6 3 4 5 4 2 3 4 
92.53 ; 8.466e-08 ; True ; 23 117 174 310 367 459 601 684 739  ; 4 1 3 7 5 3 4 6 4 3 2 4 
93.1 ; 8.664e-08 ; True ; 174 310 367 459 519 601 632 684 739  ; 4 1 3 7 5 2 4 6 4 3 3 4 
93.12 ; 9.487e-08 ; True ; 147 174 310 367 459 519 601 684 739  ; 4 1 2 7 6 2 5 6 4 3 4 4 
93.95 ; 1.017e-07 ; True ; 23 147 174 310 367 459 519 601 684  ; 3 1 3 7 6 2 5 5 4 3 4 4 
94.13 ; 1.07e-07 ; True ; 23 174 310 367 459 519 558 601 684  ; 3 1 3 6 6 3 4 5 5 3 3 4 
96.28 ; 1.118e-07 ; True ; 23 174 310 367 459 519 558 684 723  ; 3 1 3 6 6 4 4 4 5 3 3 4 
97.06 ; 1.234e-07 ; True ; 23 147 174 367 459 519 601 684 739  ; 3 1 3 8 6 3 4 5 5 3 3 5 
97.84 ; 1.464e-07 ; True ; 23 174 310 367 459 519 601 684 739  ; 4 1 3 7 6 3 4 6 5 3 3 4 
100.9 ; 1.505e-07 ; True ; 23 174 310 367 519 601 684 723 739  ; 3 1 3 7 6 4 4 6 5 3 3 4 
101 ; 1.591e-07 ; True ; 23 174 310 367 459 519 684 723 739  ; 4 1 3 7 6 4 4 5 5 3 3 4 
107.9 ; 1.628e-07 ; True ; 23 310 367 459 519 601 684 739 821  ; 5 1 3 7 6 3 3 6 5 3 4 4 
108.9 ; 1.718e-07 ; True ; 23 117 310 367 459 519 601 684 739  ; 4 1 3 7 5 4 4 6 5 3 3 4 
110 ; 1.776e-07 ; True ; 23 310 367 519 601 684 723 739 821  ; 4 1 3 7 6 4 3 6 5 3 4 4 
111.7 ; 1.943e-07 ; True ; 23 147 174 310 367 459 519 558 601 684  ; 3 1 3 7 7 3 5 5 5 3 4 5 
114.7 ; 1.948e-07 ; True ; 23 147 174 367 459 519 601 650 684 739  ; 3 1 3 9 6 3 4 5 5 4 4 5 
114.8 ; 2.03e-07 ; True ; 23 147 174 310 367 459 519 558 684 723  ; 3 1 3 7 7 4 5 4 5 3 4 5 
115.4 ; 2.21e-07 ; True ; 23 147 174 226 367 459 519 601 684 739  ; 3 1 3 9 7 3 5 6 5 3 4 5 
115.7 ; 2.211e-07 ; True ; 23 174 310 367 459 519 558 601 684 723  ; 3 1 4 7 6 4 4 5 6 3 3 5 
116.3 ; 2.312e-07 ; True ; 23 174 310 367 459 519 601 650 684 739  ; 4 1 3 8 6 3 4 6 5 4 4 4 
116.4 ; 2.657e-07 ; True ; 23 147 174 310 367 459 519 601 684 739  ; 4 1 3 8 7 3 5 6 5 3 4 5 
120.4 ; 3.023e-07 ; True ; 23 174 310 367 459 519 601 684 723 739  ; 4 1 4 8 6 4 4 6 6 3 3 5 
129.5 ; 3.176e-07 ; True ; 23 117 147 310 367 459 519 601 684 739  ; 4 1 3 8 6 4 5 6 5 3 4 5 
129.7 ; 3.27e-07 ; True ; 23 174 310 367 519 601 684 723 739 821  ; 4 1 3 8 7 4 4 7 5 4 4 4 
130.7 ; 3.346e-07 ; True ; 23 174 310 367 459 519 684 723 739 821  ; 5 1 3 8 7 4 4 6 5 4 4 4 
131.3 ; 3.448e-07 ; True ; 23 106 174 310 367 459 519 601 684 739  ; 4 1 3 8 6 4 5 6 5 4 4 4 
135.2 ; 3.864e-07 ; True ; 23 147 174 310 367 459 519 558 601 684 723  ; 3 1 4 8 7 4 5 5 6 3 4 6 
136.1 ; 4.144e-07 ; True ; 23 147 174 310 367 459 519 558 601 684 739  ; 4 1 3 8 8 4 5 6 6 3 4 6 
138.7 ; 4.145e-07 ; True ; 23 147 174 310 367 459 519 601 640 684 739  ; 4 1 3 9 8 4 5 6 6 3 4 6 
139.2 ; 4.233e-07 ; True ; 23 147 174 310 367 459 519 558 684 723 739  ; 4 1 3 8 8 5 5 5 6 3 4 6 
139.6 ; 4.393e-07 ; True ; 23 147 174 246 310 367 459 519 601 684 723  ; 3 1 4 8 7 4 5 6 6 3 4 6 
140.1 ; 4.393e-07 ; True ; 23 147 174 226 367 459 519 601 684 723 739  ; 3 1 4 10 7 4 5 6 6 3 4 6 
140.4 ; 4.586e-07 ; True ; 23 147 174 246 310 367 459 519 601 684 739  ; 4 1 3 8 8 4 5 7 6 3 4 6 
140.9 ; 4.596e-07 ; True ; 23 132 174 310 367 459 519 601 684 723 739  ; 4 1 4 8 6 4 4 6 7 3 4 6 
140.9 ; 5.282e-07 ; True ; 23 147 174 310 367 459 519 601 684 723 739  ; 4 1 4 9 7 4 5 6 6 3 4 6 
149.6 ; 5.474e-07 ; True ; 23 147 174 367 459 519 601 684 723 739 821  ; 4 1 4 10 7 4 4 6 6 4 4 6 
152.1 ; 6.187e-07 ; True ; 23 174 310 367 459 519 601 684 723 739 821  ; 5 1 4 9 7 4 4 7 6 4 4 5 
157.9 ; 6.69e-07 ; True ; 23 106 174 310 367 459 519 601 684 723 739  ; 4 1 4 9 6 5 5 6 6 4 4 5 
161.6 ; 7.357e-07 ; True ; 23 147 174 310 367 459 519 558 601 684 723 739  ; 4 1 4 9 8 5 5 6 7 3 4 7 
164.1 ; 7.522e-07 ; True ; 23 132 174 226 310 367 459 519 601 684 723 739  ; 4 1 4 9 7 4 5 7 7 3 5 6 
164.1 ; 8.209e-07 ; True ; 23 147 174 226 310 367 459 519 601 684 723 739  ; 4 1 4 10 8 4 6 7 6 3 5 6 
173.4 ; 8.857e-07 ; True ; 23 147 174 246 310 367 459 519 601 684 723 821  ; 4 1 4 9 8 4 5 7 6 4 5 6 
173.9 ; 8.858e-07 ; True ; 23 147 174 226 367 459 519 601 684 723 739 821  ; 4 1 4 11 8 4 5 7 6 4 5 6 
175.2 ; 9.021e-07 ; True ; 23 147 174 310 367 415 459 519 601 684 723 739  ; 5 1 4 10 7 5 5 7 7 3 4 7 
175.6 ; 1.003e-06 ; True ; 23 147 174 310 367 459 519 601 684 723 739 821  ; 5 1 4 10 8 4 5 7 6 4 5 6 
181.3 ; 1.054e-06 ; True ; 23 106 147 174 310 367 459 519 601 684 723 739  ; 4 1 4 10 7 5 6 6 6 4 5 6 
186.4 ; 1.091e-06 ; True ; 23 147 174 226 310 367 459 519 601 684 723 739 762  ; 5 1 4 11 8 4 6 7 7 3 5 7 
186.6 ; 1.097e-06 ; True ; 23 132 147 174 226 310 367 459 519 601 684 723 739  ; 4 1 4 10 8 4 6 7 7 3 6 7 
186.7 ; 1.135e-06 ; True ; 23 147 174 226 310 367 459 519 558 601 684 723 739  ; 4 1 4 10 9 5 6 7 7 3 5 7 
191.2 ; 1.135e-06 ; True ; 14 23 147 174 226 310 367 459 519 601 684 723 739  ; 4 1 4 11 9 5 6 7 7 3 5 7 
191.6 ; 1.14e-06 ; True ; 23 117 147 310 367 459 519 601 684 723 739 821  ; 5 1 4 10 7 5 5 7 6 4 5 6 
194.4 ; 1.207e-06 ; True ; 23 106 174 310 367 459 519 601 684 723 739 821  ; 5 1 4 10 7 5 5 7 6 5 5 5 
199.1 ; 1.387e-06 ; True ; 23 147 174 310 367 459 519 558 601 684 723 739 821  ; 5 1 4 10 9 5 5 7 7 4 5 7 
201.7 ; 1.458e-06 ; True ; 23 147 174 226 310 367 459 519 601 684 723 739 821  ; 5 1 4 11 9 4 6 8 6 4 6 6 
203.4 ; 1.505e-06 ; True ; 23 147 174 246 310 367 459 519 601 684 723 739 821  ; 5 1 4 10 9 5 5 8 7 4 5 7 
207.5 ; 1.531e-06 ; True ; 23 106 147 174 226 310 367 459 519 601 684 723 739  ; 4 1 4 11 8 5 7 7 6 4 6 6 
210.3 ; 1.563e-06 ; True ; 23 106 147 174 246 310 367 459 519 601 684 723 739  ; 4 1 4 10 8 6 6 7 7 4 5 7 
211.9 ; 1.585e-06 ; True ; 23 117 147 174 310 367 415 459 519 601 684 723 739  ; 5 1 4 11 7 6 6 8 7 4 4 7 
212.8 ; 1.62e-06 ; True ; 23 147 174 310 367 415 459 519 601 684 723 739 821  ; 6 1 4 11 8 5 5 8 7 4 5 7 
215.2 ; 1.72e-06 ; True ; 23 117 147 174 310 367 459 519 601 684 723 739 821  ; 5 1 4 11 8 5 6 8 6 5 5 6 
220.6 ; 1.731e-06 ; True ; 23 106 147 174 310 367 415 459 519 601 684 723 739  ; 5 1 4 11 7 6 6 7 7 4 5 7 
220.9 ; 1.805e-06 ; True ; 23 106 147 174 310 367 459 519 601 684 723 739 821  ; 5 1 4 11 8 5 6 7 6 5 6 6 
227.2 ; 2.006e-06 ; True ; 23 147 174 226 310 367 459 519 558 601 684 723 739 821  ; 5 1 4 11 10 5 6 8 7 4 6 7 
234 ; 2.09e-06 ; True ; 1 23 147 174 226 310 367 459 519 601 684 723 739 821  ; 5 1 5 12 9 4 6 8 7 4 6 7 
239.4 ; 2.316e-06 ; True ; 23 117 147 174 226 310 367 415 459 519 601 684 723 739  ; 5 1 4 12 8 6 7 9 7 4 5 7 
240.9 ; 2.321e-06 ; True ; 23 147 174 226 310 367 415 459 519 601 684 723 739 821  ; 6 1 4 12 9 5 6 9 7 4 6 7 
248.2 ; 2.384e-06 ; True ; 23 106 147 174 310 367 459 519 601 632 684 723 739 821  ; 5 1 5 12 8 5 6 7 6 5 6 7 
248.7 ; 2.466e-06 ; True ; 23 106 147 174 226 310 367 415 459 519 601 684 723 739  ; 5 1 4 12 8 6 7 8 7 4 6 7 
249.9 ; 2.485e-06 ; True ; 23 106 147 174 226 310 367 459 519 601 684 723 739 821  ; 5 1 4 12 9 5 7 8 6 5 7 6 
252.7 ; 2.607e-06 ; True ; 23 106 147 174 246 310 367 459 519 601 684 723 739 821  ; 5 1 4 11 9 6 6 8 7 5 6 7 
253.3 ; 2.634e-06 ; True ; 23 117 147 174 310 367 415 459 519 601 684 723 739 821  ; 6 1 4 12 8 6 6 9 7 5 5 7 
262.2 ; 2.707e-06 ; True ; 23 106 117 147 174 310 367 415 459 519 601 684 723 739  ; 5 1 4 12 7 7 7 8 7 5 5 7 
263 ; 2.806e-06 ; True ; 23 106 147 174 310 367 415 459 519 601 684 723 739 821  ; 6 1 4 12 8 6 6 8 7 5 6 7 
269.5 ; 2.81e-06 ; True ; 23 106 174 226 310 367 415 432 459 519 601 684 723 739  ; 5 1 5 11 7 6 7 8 7 5 5 6 
269.8 ; 2.847e-06 ; True ; 23 94 147 174 310 367 415 459 519 601 684 723 739 821  ; 6 1 4 12 9 6 6 8 7 5 6 7 
272.9 ; 2.847e-06 ; True ; 23 147 174 246 310 367 415 459 519 601 632 684 723 739 821  ; 6 1 5 12 9 6 5 9 8 4 5 9 
273 ; 2.852e-06 ; True ; 23 117 147 174 310 367 415 459 519 601 632 684 723 739 815  ; 6 1 5 13 8 6 6 8 7 4 5 9 
273.9 ; 2.964e-06 ; True ; 23 147 174 226 310 367 415 459 519 601 640 684 723 739 821  ; 6 1 4 13 10 6 6 9 8 4 6 8 
277 ; 3.049e-06 ; True ; 23 106 147 174 226 310 367 415 459 519 601 684 723 739 762  ; 6 1 4 13 8 6 7 8 8 4 6 8 
278.1 ; 3.223e-06 ; True ; 23 117 147 174 226 310 367 415 459 519 601 684 723 739 850  ; 5 1 5 12 8 6 7 9 7 4 6 7 
279.4 ; 3.29e-06 ; True ; 23 106 147 174 226 310 367 459 519 558 601 684 723 739 821  ; 5 1 4 12 10 6 7 8 7 5 7 7 
281.9 ; 3.382e-06 ; True ; 23 106 147 174 246 310 367 459 519 601 632 684 723 739 821  ; 5 1 5 12 9 6 6 8 7 5 6 8 
283.8 ; 3.63e-06 ; True ; 23 117 147 174 226 310 367 415 459 519 601 684 723 739 821  ; 6 1 4 13 9 6 7 10 7 5 6 7 
288 ; 3.642e-06 ; True ; 1 23 117 147 174 310 367 415 459 519 601 684 723 739 821  ; 6 1 5 13 8 6 6 9 8 5 5 8 
293 ; 3.666e-06 ; True ; 23 117 147 174 310 367 415 459 519 601 684 723 739 821 850  ; 6 1 5 12 8 6 6 9 7 5 6 7 
294 ; 3.752e-06 ; True ; 23 147 174 226 310 367 415 432 459 519 601 684 723 739 821  ; 6 1 5 12 9 5 7 9 7 5 6 7 
294.1 ; 3.806e-06 ; True ; 23 106 147 174 226 310 367 415 459 519 601 684 723 739 821  ; 6 1 4 13 9 6 7 9 7 5 7 7 
301.8 ; 3.843e-06 ; True ; 23 94 147 174 226 310 367 415 459 519 601 684 723 739 821  ; 6 1 4 13 10 6 7 9 7 5 7 7 
306.7 ; 3.964e-06 ; True ; 1 23 94 174 226 310 367 415 459 519 601 684 723 739 821  ; 6 1 5 13 9 6 6 9 8 5 6 7 
307 ; 4.006e-06 ; True ; 23 117 174 226 310 367 415 432 459 519 601 684 723 739 821  ; 6 1 5 12 8 6 7 10 7 6 5 6 
307.6 ; 4.009e-06 ; True ; 23 106 174 226 246 310 367 432 459 519 601 684 723 739 821  ; 5 1 5 11 9 6 7 9 7 6 6 6 
307.7 ; 4.094e-06 ; True ; 23 117 147 174 310 367 415 432 459 519 601 684 723 739 821  ; 6 1 5 12 8 6 7 9 7 6 5 7 
308.5 ; 4.158e-06 ; True ; 23 106 117 147 174 310 367 415 459 519 601 684 723 739 821  ; 6 1 4 13 8 7 7 9 7 6 6 7 
313.7 ; 4.205e-06 ; True ; 23 117 147 174 226 310 367 415 459 519 601 684 723 739 815 850  ; 6 1 5 13 9 6 7 9 7 4 7 8 
314.6 ; 4.218e-06 ; True ; 23 94 117 147 174 310 367 415 459 519 601 684 723 739 821  ; 6 1 4 13 9 7 7 9 7 6 6 7 
314.9 ; 4.381e-06 ; True ; 23 117 147 174 226 310 367 415 459 519 601 684 723 739 762 821  ; 7 1 4 14 9 6 7 10 8 5 6 8 
325.4 ; 4.937e-06 ; True ; 23 106 147 174 226 310 367 415 459 519 601 632 684 723 739 821  ; 6 1 5 14 9 6 7 9 7 5 7 8 
336.7 ; 5.056e-06 ; True ; 23 106 147 174 226 310 367 415 459 519 601 684 723 739 821 850  ; 6 1 5 13 9 6 7 9 7 5 8 7 
337.8 ; 5.099e-06 ; True ; 1 23 106 174 226 246 310 367 415 459 519 601 684 723 739 821  ; 6 1 5 13 9 7 6 10 9 5 6 8 
345.4 ; 5.148e-06 ; True ; 1 23 94 174 226 246 310 367 415 459 519 601 684 723 739 821  ; 6 1 5 13 10 7 6 10 9 5 6 8 
348.7 ; 5.353e-06 ; True ; 23 117 174 226 310 367 415 432 459 519 601 684 723 739 821 850  ; 6 1 6 12 8 6 7 10 7 6 6 6 
349 ; 5.45e-06 ; True ; 23 94 117 174 226 310 367 415 459 519 601 632 684 723 739 821  ; 6 1 5 14 9 7 7 10 7 6 6 7 
349.4 ; 5.472e-06 ; True ; 23 117 147 174 310 367 415 432 459 519 601 684 723 739 821 850  ; 6 1 6 12 8 6 7 9 7 6 6 7 
351.2 ; 5.472e-06 ; True ; 23 106 174 226 310 367 415 432 459 519 601 632 684 723 739 821  ; 6 1 6 13 8 6 7 9 7 6 6 7 
351.2 ; 5.632e-06 ; True ; 23 106 117 147 174 310 367 415 459 519 601 684 723 739 821 850  ; 6 1 5 13 8 7 7 9 7 6 7 7 
355.8 ; 5.833e-06 ; True ; 23 106 147 174 246 310 367 415 432 459 519 601 684 723 739 821  ; 6 1 5 12 9 7 7 9 8 6 6 8 
359.8 ; 5.854e-06 ; True ; 23 94 147 174 226 310 367 415 432 459 519 601 684 723 739 821  ; 6 1 5 13 10 6 8 9 7 6 7 7 
364.4 ; 5.889e-06 ; True ; 23 94 147 174 246 310 367 415 432 459 519 601 684 723 739 821  ; 6 1 5 12 10 7 7 9 8 6 6 8 
366.1 ; 5.961e-06 ; True ; 23 117 147 174 246 310 367 415 459 519 601 632 684 723 739 821 850  ; 6 1 6 13 9 7 6 10 8 5 6 9 
366.1 ; 6.034e-06 ; True ; 23 106 117 174 226 310 367 415 432 459 519 601 684 723 739 821  ; 6 1 5 13 8 7 8 10 7 7 6 6 
366.9 ; 6.167e-06 ; True ; 23 106 117 147 174 310 367 415 432 459 519 601 684 723 739 821  ; 6 1 5 13 8 7 8 9 7 7 6 7 
375.8 ; 6.224e-06 ; True ; 23 106 117 147 174 310 367 415 459 519 545 601 632 684 723 739 815  ; 6 1 5 15 9 7 8 9 7 5 7 9 
383.7 ; 6.418e-06 ; True ; 23 94 106 174 226 310 367 415 432 459 519 601 684 723 739 821  ; 6 1 5 13 9 7 8 9 7 7 7 6 
384.4 ; 6.645e-06 ; True ; 23 147 160 174 226 310 367 415 432 459 519 601 684 723 739 821 850  ; 7 1 6 13 10 6 7 9 8 5 7 8 
386.3 ; 7.222e-06 ; True ; 23 106 147 174 226 310 367 415 432 459 519 601 632 684 723 739 821  ; 6 1 6 14 9 6 8 9 7 6 7 8 
403.2 ; 7.255e-06 ; True ; 23 94 147 174 226 310 367 415 432 459 519 601 684 723 739 815 821  ; 7 1 5 14 11 6 8 9 7 6 8 8 
406.3 ; 7.467e-06 ; True ; 23 94 147 174 226 310 367 415 432 459 519 601 684 723 739 821 850  ; 6 1 6 13 10 6 8 9 7 6 8 7 
406.5 ; 7.615e-06 ; True ; 1 23 94 147 174 246 310 367 415 432 459 519 601 684 723 739 821  ; 6 1 6 13 10 7 7 9 9 6 6 9 
418 ; 7.691e-06 ; True ; 23 94 160 174 226 310 367 415 432 459 519 601 684 723 739 821 850  ; 7 1 6 13 10 7 7 9 8 6 7 7 
421 ; 7.854e-06 ; True ; 23 106 147 174 246 310 367 415 432 459 519 601 684 723 739 821 838  ; 6 1 5 13 9 7 8 9 8 7 7 8 
426.9 ; 7.908e-06 ; True ; 23 106 117 174 226 310 367 415 459 508 519 545 601 684 723 739 762 850  ; 7 1 5 15 8 8 8 10 9 5 7 8 
429.9 ; 7.954e-06 ; True ; 23 94 117 174 226 310 367 415 459 519 601 632 684 723 739 821 827  ; 6 1 6 14 9 7 7 10 8 7 6 8 
430.4 ; 8.186e-06 ; True ; 23 94 106 174 226 310 367 415 432 459 519 601 684 723 739 821 850  ; 6 1 6 13 9 7 8 9 7 7 8 6 
434.8 ; 8.451e-06 ; True ; 23 106 147 174 246 310 367 432 459 519 545 578 601 684 723 739 821 850  ; 6 1 6 13 10 6 8 9 8 6 8 8 
438 ; 8.702e-06 ; True ; 23 94 106 117 147 174 310 367 415 432 459 519 601 684 723 739 821  ; 6 1 5 14 9 8 9 9 7 8 7 7 
450.6 ; 8.848e-06 ; True ; 23 106 117 174 226 310 367 415 459 519 523 545 601 684 723 739 821 850  ; 6 1 5 15 10 7 9 12 7 7 8 6 
455.1 ; 8.856e-06 ; True ; 23 94 117 174 204 226 310 367 415 459 519 601 684 723 739 821 850  ; 7 1 6 13 9 7 7 10 8 7 7 7 
455.1 ; 8.874e-06 ; True ; 23 94 117 147 174 226 310 367 432 459 519 601 684 723 739 815 821 850  ; 6 1 6 14 11 6 9 9 6 7 9 7 
455.8 ; 9.072e-06 ; True ; 23 106 117 147 174 310 367 415 459 519 601 684 723 727 739 815 821 850  ; 7 1 6 14 9 7 7 9 7 7 8 8 
459.4 ; 9.875e-06 ; True ; 23 106 117 174 226 310 367 415 432 459 519 545 601 684 723 739 821 850  ; 6 1 6 14 9 7 9 11 7 7 8 6 
473.7 ; 1.018e-05 ; True ; 23 94 106 174 226 310 367 415 432 459 519 558 601 684 723 739 821 850  ; 6 1 6 13 10 8 8 9 8 7 8 7 
489.4 ; 1.032e-05 ; True ; 14 23 94 147 174 226 310 367 415 432 459 519 601 684 723 739 821 827  ; 6 1 6 14 11 7 8 9 9 7 7 9 
490.5 ; 1.049e-05 ; True ; 23 106 147 174 226 310 367 415 432 459 519 545 601 659 684 723 739 821 850  ; 6 1 6 15 11 6 9 10 8 6 9 8 
491.9 ; 1.059e-05 ; True ; 23 106 147 174 226 310 367 415 432 459 519 586 601 684 723 739 821 827  ; 6 1 6 13 9 6 9 10 8 7 8 8 
492 ; 1.085e-05 ; True ; 23 94 106 174 226 310 367 374 415 432 459 519 601 684 723 739 821 850  ; 7 1 6 14 10 8 8 9 8 7 8 7 
504.3 ; 1.121e-05 ; True ; 23 94 117 147 174 310 367 415 432 459 519 601 684 723 739 815 821 827  ; 7 1 6 14 10 7 8 9 8 8 7 9 
507.9 ; 1.187e-05 ; True ; 23 94 106 147 174 226 310 367 415 432 459 519 601 684 723 739 821 827  ; 6 1 6 14 10 7 9 9 8 8 8 8 
515.6 ; 1.23e-05 ; True ; 14 23 94 117 174 226 246 310 367 415 432 459 519 601 684 723 739 821 850  ; 6 1 6 14 11 9 8 11 9 7 7 8 
538.3 ; 1.29e-05 ; True ; 23 106 117 174 226 310 367 415 459 519 523 601 684 723 739 815 821 827 850  ; 7 1 6 15 10 7 8 11 8 8 8 8 
538.4 ; 1.321e-05 ; True ; 1 23 106 117 174 226 310 367 415 459 519 523 601 684 723 739 821 827 850  ; 6 1 7 15 9 7 8 11 9 8 7 8 
541.1 ; 1.357e-05 ; True ; 23 94 117 147 174 226 310 367 415 432 459 519 601 684 723 739 762 821 827  ; 7 1 6 15 10 7 9 10 9 8 7 9 
570.6 ; 1.372e-05 ; True ; 23 94 106 136 147 174 226 310 367 415 459 519 601 684 723 727 739 821 827  ; 7 1 6 14 11 7 8 9 9 9 8 9 
586.4 ; 1.505e-05 ; True ; 23 94 117 174 226 310 367 415 432 459 519 601 640 684 723 739 762 821 838 850  ; 7 1 6 16 10 8 9 10 9 8 8 8 
595.3 ; 1.562e-05 ; True ; 23 94 117 147 174 246 310 367 415 459 519 523 601 632 684 723 739 821 827 850  ; 6 1 7 15 11 8 8 11 9 8 7 10 
614.9 ; 1.664e-05 ; True ; 23 94 117 174 226 310 367 374 415 432 459 503 519 601 684 723 739 821 838 850  ; 8 1 6 16 10 9 9 10 9 8 8 8 
626.5 ; 1.671e-05 ; True ; 23 83 94 106 174 226 310 367 415 432 459 519 601 684 723 739 815 821 827 850  ; 8 1 7 15 10 8 8 9 8 8 9 9 
637.5 ; 1.681e-05 ; True ; 23 94 106 174 204 226 310 367 415 432 459 519 601 684 723 739 821 827 838  ; 7 1 7 14 9 7 9 9 9 10 8 8 
639.7 ; 1.684e-05 ; True ; 23 94 117 174 226 310 339 367 415 432 459 519 523 601 684 723 739 821 827 850  ; 7 1 7 15 11 8 9 11 8 9 7 8 
650.4 ; 1.786e-05 ; True ; 23 94 117 147 174 246 310 367 415 459 465 519 523 601 632 684 723 739 821 827 850  ; 7 1 7 16 11 8 8 11 10 8 7 11 
687.2 ; 1.851e-05 ; True ; 23 94 112 117 147 226 246 310 367 415 459 465 519 523 601 632 684 723 739 821 838 850  ; 7 1 6 17 11 8 9 11 9 8 9 10 
695.7 ; 1.926e-05 ; True ; 23 94 117 147 150 174 310 367 399 415 459 519 523 601 632 684 723 739 821 827 850  ; 7 1 7 17 11 8 9 11 9 9 7 10 
696.8 ; 2.118e-05 ; True ; 23 94 106 174 226 246 310 364 367 415 432 459 519 586 601 684 723 739 821 827 850  ; 6 1 8 14 10 8 9 11 9 8 9 9 
759.4 ; 2.146e-05 ; True ; 23 106 117 174 226 310 367 415 432 459 519 523 601 684 723 739 752 815 821 827 838 850  ; 7 1 7 17 10 7 10 12 8 10 9 8 
759.9 ; 2.218e-05 ; True ; 23 94 117 147 174 246 310 367 415 432 459 465 519 523 601 684 723 739 760 821 827 850  ; 8 1 7 16 11 9 9 11 10 9 7 10 
803.3 ; 2.639e-05 ; True ; 23 94 106 117 132 174 204 310 315 367 415 432 459 519 601 632 684 723 739 821 838 850  ; 8 1 8 15 9 9 9 10 9 10 9 9 
884.5 ; 2.796e-05 ; True ; 23 94 106 117 132 174 204 310 315 367 415 432 459 519 601 632 684 701 723 739 821 838 850  ; 8 1 8 16 9 9 9 10 9 10 10 9 
1015 ; 2.872e-05 ; True ; 23 94 106 147 174 204 247 310 367 415 432 459 465 519 601 632 684 719 739 817 821 827 838 850  ; 9 1 9 16 9 6 9 9 10 10 11 11 


RUN 8:
Optimum Distance: 11.84
Optimal Team: 23,367,684,
Required Skills: 0 1 4 5 9 10 11 14 16 18 23 24 
Distance; Skill Score; isValid; Team; Skill Counts
11.84 ; 2.946e-12 ; True ; 23 367 684  ; 1 1 1 2 2 1 1 1 1 1 1 1 
12.82 ; 3.231e-12 ; True ; 367 459 519  ; 1 1 1 2 1 1 1 1 2 1 1 1 
15.84 ; 4.59e-12 ; True ; 204 367 519  ; 1 1 1 1 1 1 1 1 2 2 1 1 
17.13 ; 6.394e-12 ; True ; 1 117 310 367  ; 1 1 1 2 1 1 2 2 1 1 1 1 
18.64 ; 1.164e-11 ; True ; 364 367 415 684  ; 2 1 1 3 1 1 1 2 1 1 1 2 
18.65 ; 1.362e-11 ; True ; 23 174 310 367  ; 1 1 1 2 3 1 2 2 1 1 1 1 
18.71 ; 2.319e-11 ; True ; 23 367 558 684  ; 1 1 1 2 3 2 1 1 2 1 1 2 
18.75 ; 2.739e-11 ; True ; 23 174 367 684  ; 1 1 1 3 3 1 2 2 1 2 1 1 
19.54 ; 4.373e-11 ; True ; 23 246 367 684  ; 1 1 1 2 3 2 1 2 2 1 1 2 
19.62 ; 4.601e-11 ; True ; 23 310 367 684  ; 2 1 1 2 3 1 2 2 1 1 2 1 
20.63 ; 5.073e-11 ; True ; 367 601 684 739  ; 2 1 1 3 2 1 1 3 2 1 1 2 
20.64 ; 8.406e-11 ; True ; 23 367 684 739  ; 2 1 1 3 3 2 1 2 2 1 1 2 
23.46 ; 9.129e-11 ; True ; 367 459 519 739  ; 2 1 1 3 2 2 1 2 3 1 1 2 
23.56 ; 1.059e-10 ; True ; 367 519 601 684  ; 1 1 1 3 2 1 2 3 2 2 2 1 
23.71 ; 1.336e-10 ; True ; 367 459 519 684  ; 2 1 1 3 2 1 2 2 2 2 2 1 
24.69 ; 1.755e-10 ; True ; 23 367 519 684  ; 1 1 1 3 3 2 2 2 2 2 2 1 
26.61 ; 1.94e-10 ; True ; 23 174 367 558 684  ; 1 1 1 3 4 2 2 2 2 2 1 2 
27.53 ; 2.169e-10 ; True ; 23 174 310 367 684  ; 2 1 1 3 4 1 3 3 1 2 2 1 
27.55 ; 2.377e-10 ; True ; 160 174 367 601 684  ; 2 1 1 4 3 1 2 3 2 2 1 2 
27.7 ; 2.489e-10 ; True ; 1 310 367 415 684  ; 3 1 1 3 2 1 2 3 2 1 2 2 
28.24 ; 3.448e-10 ; True ; 117 160 367 601 684  ; 2 1 1 4 2 2 2 3 2 2 1 2 
29.44 ; 3.99e-10 ; True ; 310 367 601 684 739  ; 3 1 1 3 3 1 2 4 2 1 2 2 
29.53 ; 5.018e-10 ; True ; 23 174 367 684 739  ; 2 1 1 4 4 2 2 3 2 2 1 2 
30.36 ; 5.074e-10 ; True ; 23 226 367 684 739  ; 2 1 1 4 4 2 2 3 2 1 2 2 
30.39 ; 5.984e-10 ; True ; 23 310 367 684 723  ; 2 1 2 3 3 2 2 2 2 1 2 2 
30.41 ; 6.683e-10 ; True ; 23 310 367 684 739  ; 3 1 1 3 4 2 2 3 2 1 2 2 
34.14 ; 7.551e-10 ; True ; 310 367 519 601 739  ; 2 1 1 3 3 2 2 4 3 1 2 2 
34.25 ; 8.067e-10 ; True ; 310 367 459 519 739  ; 3 1 1 3 3 2 2 3 3 1 2 2 
34.4 ; 9.532e-10 ; True ; 367 459 519 601 684  ; 2 1 2 4 2 1 2 3 3 2 2 2 
35.36 ; 1.135e-09 ; True ; 367 415 519 601 684  ; 2 1 1 4 2 2 2 4 3 2 2 2 
36.21 ; 1.145e-09 ; True ; 1 367 519 684 739  ; 2 1 1 4 3 2 2 3 3 2 2 2 
36.21 ; 1.443e-09 ; True ; 367 519 601 684 739  ; 2 1 1 4 3 2 2 4 3 2 2 2 
36.34 ; 1.542e-09 ; True ; 367 459 519 684 739  ; 3 1 1 4 3 2 2 3 3 2 2 2 
36.47 ; 1.58e-09 ; True ; 23 367 459 519 684  ; 2 1 2 4 3 2 2 2 3 2 2 2 
37.21 ; 1.817e-09 ; True ; 23 367 519 684 739  ; 2 1 1 4 4 3 2 3 3 2 2 2 
39.06 ; 1.831e-09 ; True ; 23 174 310 367 601 684  ; 2 1 2 4 4 1 3 4 2 2 2 2 
39.19 ; 1.956e-09 ; True ; 23 174 310 367 459 684  ; 3 1 2 4 4 1 3 3 2 2 2 2 
40.25 ; 2.68e-09 ; True ; 23 174 310 367 684 723  ; 2 1 2 4 4 2 3 3 2 2 2 2 
42.95 ; 3.192e-09 ; True ; 23 310 367 601 684 739  ; 3 1 2 4 4 2 2 4 3 1 2 3 
43.17 ; 3.513e-09 ; True ; 23 310 367 684 723 739  ; 3 1 2 4 4 3 2 3 3 1 2 3 
46.05 ; 4.224e-09 ; True ; 310 367 459 519 601 684  ; 3 1 2 4 3 1 3 4 3 2 3 2 
47.13 ; 4.565e-09 ; True ; 1 310 367 519 684 739  ; 3 1 1 4 4 2 3 4 3 2 3 2 
47.99 ; 5.4e-09 ; True ; 310 367 519 601 684 739  ; 3 1 1 4 4 2 3 5 3 2 3 2 
48.13 ; 5.489e-09 ; True ; 310 367 459 519 684 739  ; 4 1 1 4 4 2 3 4 3 2 3 2 
48.95 ; 6.623e-09 ; True ; 23 310 367 519 601 684  ; 2 1 2 4 4 2 3 4 3 2 3 2 
49.09 ; 7.075e-09 ; True ; 23 310 367 459 519 684  ; 3 1 2 4 4 2 3 3 3 2 3 2 
50.04 ; 7.431e-09 ; True ; 23 174 310 367 459 558 684  ; 3 1 2 4 5 2 3 3 3 2 2 3 
50.86 ; 7.618e-09 ; True ; 23 367 519 601 684 739  ; 2 1 2 5 4 3 2 4 4 2 2 3 
50.97 ; 8.139e-09 ; True ; 23 367 459 519 684 739  ; 3 1 2 5 4 3 2 3 4 2 2 3 
52.84 ; 8.302e-09 ; True ; 23 174 226 367 601 684 739  ; 2 1 2 6 5 2 3 5 3 2 2 3 
53.52 ; 9.365e-09 ; True ; 23 174 246 310 367 459 684  ; 3 1 2 4 5 2 3 4 3 2 2 3 
53.65 ; 9.647e-09 ; True ; 23 174 246 310 367 684 723  ; 2 1 2 4 5 3 3 4 3 2 2 3 
53.82 ; 1.115e-08 ; True ; 23 174 310 367 601 684 739  ; 3 1 2 5 5 2 3 5 3 2 2 3 
53.93 ; 1.134e-08 ; True ; 23 174 310 367 459 684 739  ; 4 1 2 5 5 2 3 4 3 2 2 3 
55.01 ; 1.308e-08 ; True ; 23 174 310 367 684 723 739  ; 3 1 2 5 5 3 3 4 3 2 2 3 
60.72 ; 1.518e-08 ; True ; 119 310 367 459 519 601 684  ; 3 1 2 5 4 2 3 4 4 2 3 3 
61.75 ; 1.546e-08 ; True ; 23 174 310 367 519 601 684  ; 2 1 2 5 5 2 4 5 3 3 3 2 
61.87 ; 1.781e-08 ; True ; 174 367 459 519 601 684 739  ; 3 1 2 6 4 2 3 5 4 3 2 3 
62.67 ; 1.796e-08 ; True ; 1 310 367 519 601 684 739  ; 3 1 2 5 4 2 3 5 4 2 3 3 
62.67 ; 2.16e-08 ; True ; 310 367 459 519 601 684 739  ; 4 1 2 5 4 2 3 5 4 2 3 3 
63.59 ; 2.225e-08 ; True ; 23 310 367 459 519 601 684  ; 3 1 3 5 4 2 3 4 4 2 3 3 
64.76 ; 2.266e-08 ; True ; 23 174 367 459 519 684 739  ; 3 1 2 6 5 3 3 4 4 3 2 3 
65.45 ; 2.27e-08 ; True ; 23 246 310 367 459 519 684  ; 3 1 2 4 5 3 3 4 4 2 3 3 
65.45 ; 2.703e-08 ; True ; 23 310 367 519 601 684 739  ; 3 1 2 5 5 3 3 5 4 2 3 3 
65.57 ; 2.748e-08 ; True ; 23 310 367 459 519 684 739  ; 4 1 2 5 5 3 3 4 4 2 3 3 
66.67 ; 2.824e-08 ; True ; 23 310 367 519 684 723 739  ; 3 1 2 5 5 4 3 4 4 2 3 3 
68.45 ; 2.97e-08 ; True ; 23 174 310 367 459 601 684 739  ; 4 1 3 6 5 2 3 5 4 2 2 4 
70.35 ; 3.035e-08 ; True ; 23 174 246 310 367 684 723 739  ; 3 1 2 5 6 4 3 5 4 2 2 4 
70.49 ; 3.426e-08 ; True ; 23 174 310 367 601 684 723 739  ; 3 1 3 6 5 3 3 5 4 2 2 4 
70.6 ; 3.482e-08 ; True ; 23 174 310 367 459 684 723 739  ; 4 1 3 6 5 3 3 4 4 2 2 4 
73.73 ; 3.521e-08 ; True ; 174 310 367 459 519 558 601 684  ; 3 1 2 5 5 2 4 5 4 3 3 3 
74.55 ; 3.528e-08 ; True ; 119 174 310 367 459 519 601 684  ; 3 1 2 6 5 2 4 5 4 3 3 3 
76.51 ; 4.824e-08 ; True ; 174 310 367 459 519 601 684 739  ; 4 1 2 6 5 2 4 6 4 3 3 3 
77.38 ; 5.17e-08 ; True ; 23 174 310 367 459 519 601 684  ; 3 1 3 6 5 2 4 5 4 3 3 3 
80.24 ; 5.859e-08 ; True ; 23 174 310 367 519 601 684 739  ; 3 1 2 6 6 3 4 6 4 3 3 3 
80.36 ; 6.196e-08 ; True ; 23 174 310 367 459 519 684 739  ; 4 1 2 6 6 3 4 5 4 3 3 3 
82.07 ; 6.764e-08 ; True ; 23 310 367 459 519 601 684 739  ; 4 1 3 6 5 3 3 5 5 2 3 4 
84.13 ; 6.952e-08 ; True ; 23 310 367 519 601 684 723 739  ; 3 1 3 6 5 4 3 5 5 2 3 4 
84.25 ; 7.067e-08 ; True ; 23 310 367 459 519 684 723 739  ; 4 1 3 6 5 4 3 4 5 2 3 4 
86.9 ; 7.493e-08 ; True ; 23 174 226 310 367 601 684 723 739  ; 3 1 3 7 6 3 4 6 4 2 3 4 
87.08 ; 7.59e-08 ; True ; 23 147 174 310 367 601 684 723 739  ; 3 1 3 7 6 3 4 5 4 2 3 5 
87.15 ; 7.715e-08 ; True ; 23 147 174 310 367 459 684 723 739  ; 4 1 3 7 6 3 4 4 4 2 3 5 
87.88 ; 7.924e-08 ; True ; 23 174 226 310 367 459 684 723 739  ; 4 1 3 7 6 3 4 5 4 2 3 4 
92.53 ; 8.466e-08 ; True ; 23 117 174 310 367 459 601 684 739  ; 4 1 3 7 5 3 4 6 4 3 2 4 
93.12 ; 9.487e-08 ; True ; 147 174 310 367 459 519 601 684 739  ; 4 1 2 7 6 2 5 6 4 3 4 4 
93.95 ; 1.017e-07 ; True ; 23 147 174 310 367 459 519 601 684  ; 3 1 3 7 6 2 5 5 4 3 4 4 
94.13 ; 1.07e-07 ; True ; 23 174 310 367 459 519 558 601 684  ; 3 1 3 6 6 3 4 5 5 3 3 4 
96.28 ; 1.118e-07 ; True ; 23 174 310 367 459 519 558 684 723  ; 3 1 3 6 6 4 4 4 5 3 3 4 
97.06 ; 1.234e-07 ; True ; 23 147 174 367 459 519 601 684 739  ; 3 1 3 8 6 3 4 5 5 3 3 5 
97.84 ; 1.464e-07 ; True ; 23 174 310 367 459 519 601 684 739  ; 4 1 3 7 6 3 4 6 5 3 3 4 
100.9 ; 1.505e-07 ; True ; 23 174 310 367 519 601 684 723 739  ; 3 1 3 7 6 4 4 6 5 3 3 4 
101 ; 1.591e-07 ; True ; 23 174 310 367 459 519 684 723 739  ; 4 1 3 7 6 4 4 5 5 3 3 4 
107.9 ; 1.628e-07 ; True ; 23 310 367 459 519 601 684 739 821  ; 5 1 3 7 6 3 3 6 5 3 4 4 
108.9 ; 1.718e-07 ; True ; 23 117 310 367 459 519 601 684 739  ; 4 1 3 7 5 4 4 6 5 3 3 4 
110 ; 1.776e-07 ; True ; 23 310 367 519 601 684 723 739 821  ; 4 1 3 7 6 4 3 6 5 3 4 4 
111.7 ; 1.943e-07 ; True ; 23 147 174 310 367 459 519 558 601 684  ; 3 1 3 7 7 3 5 5 5 3 4 5 
114.7 ; 1.948e-07 ; True ; 23 147 174 367 459 519 601 650 684 739  ; 3 1 3 9 6 3 4 5 5 4 4 5 
114.8 ; 2.03e-07 ; True ; 23 147 174 310 367 459 519 558 684 723  ; 3 1 3 7 7 4 5 4 5 3 4 5 
115.4 ; 2.21e-07 ; True ; 23 147 174 226 367 459 519 601 684 739  ; 3 1 3 9 7 3 5 6 5 3 4 5 
115.7 ; 2.211e-07 ; True ; 23 174 310 367 459 519 558 601 684 723  ; 3 1 4 7 6 4 4 5 6 3 3 5 
116.3 ; 2.312e-07 ; True ; 23 174 310 367 459 519 601 650 684 739  ; 4 1 3 8 6 3 4 6 5 4 4 4 
116.4 ; 2.657e-07 ; True ; 23 147 174 310 367 459 519 601 684 739  ; 4 1 3 8 7 3 5 6 5 3 4 5 
120.4 ; 3.023e-07 ; True ; 23 174 310 367 459 519 601 684 723 739  ; 4 1 4 8 6 4 4 6 6 3 3 5 
129.5 ; 3.176e-07 ; True ; 23 117 147 310 367 459 519 601 684 739  ; 4 1 3 8 6 4 5 6 5 3 4 5 
129.7 ; 3.27e-07 ; True ; 23 174 310 367 519 601 684 723 739 821  ; 4 1 3 8 7 4 4 7 5 4 4 4 
130.7 ; 3.346e-07 ; True ; 23 174 310 367 459 519 684 723 739 821  ; 5 1 3 8 7 4 4 6 5 4 4 4 
131.3 ; 3.448e-07 ; True ; 23 106 174 310 367 459 519 601 684 739  ; 4 1 3 8 6 4 5 6 5 4 4 4 
135.2 ; 3.864e-07 ; True ; 23 147 174 310 367 459 519 558 601 684 723  ; 3 1 4 8 7 4 5 5 6 3 4 6 
135.9 ; 3.939e-07 ; True ; 23 147 174 310 367 459 519 601 650 684 739  ; 4 1 3 9 7 3 5 6 5 4 5 5 
136.1 ; 4.144e-07 ; True ; 23 147 174 310 367 459 519 558 601 684 739  ; 4 1 3 8 8 4 5 6 6 3 4 6 
139.2 ; 4.233e-07 ; True ; 23 147 174 310 367 459 519 558 684 723 739  ; 4 1 3 8 8 5 5 5 6 3 4 6 
139.6 ; 4.393e-07 ; True ; 23 147 174 246 310 367 459 519 601 684 723  ; 3 1 4 8 7 4 5 6 6 3 4 6 
140.1 ; 4.393e-07 ; True ; 23 147 174 226 367 459 519 601 684 723 739  ; 3 1 4 10 7 4 5 6 6 3 4 6 
140.4 ; 4.586e-07 ; True ; 23 147 174 246 310 367 459 519 601 684 739  ; 4 1 3 8 8 4 5 7 6 3 4 6 
140.9 ; 4.596e-07 ; True ; 23 132 174 310 367 459 519 601 684 723 739  ; 4 1 4 8 6 4 4 6 7 3 4 6 
140.9 ; 5.282e-07 ; True ; 23 147 174 310 367 459 519 601 684 723 739  ; 4 1 4 9 7 4 5 6 6 3 4 6 
149.6 ; 5.474e-07 ; True ; 23 147 174 367 459 519 601 684 723 739 821  ; 4 1 4 10 7 4 4 6 6 4 4 6 
152.1 ; 6.187e-07 ; True ; 23 174 310 367 459 519 601 684 723 739 821  ; 5 1 4 9 7 4 4 7 6 4 4 5 
157.9 ; 6.69e-07 ; True ; 23 106 174 310 367 459 519 601 684 723 739  ; 4 1 4 9 6 5 5 6 6 4 4 5 
161.6 ; 7.357e-07 ; True ; 23 147 174 310 367 459 519 558 601 684 723 739  ; 4 1 4 9 8 5 5 6 7 3 4 7 
164.1 ; 8.209e-07 ; True ; 23 147 174 226 310 367 459 519 601 684 723 739  ; 4 1 4 10 8 4 6 7 6 3 5 6 
173.4 ; 8.857e-07 ; True ; 23 147 174 246 310 367 459 519 601 684 723 821  ; 4 1 4 9 8 4 5 7 6 4 5 6 
173.9 ; 8.858e-07 ; True ; 23 147 174 226 367 459 519 601 684 723 739 821  ; 4 1 4 11 8 4 5 7 6 4 5 6 
175.2 ; 9.021e-07 ; True ; 23 147 174 310 367 415 459 519 601 684 723 739  ; 5 1 4 10 7 5 5 7 7 3 4 7 
175.6 ; 1.003e-06 ; True ; 23 147 174 310 367 459 519 601 684 723 739 821  ; 5 1 4 10 8 4 5 7 6 4 5 6 
181.3 ; 1.054e-06 ; True ; 23 106 147 174 310 367 459 519 601 684 723 739  ; 4 1 4 10 7 5 6 6 6 4 5 6 
186.4 ; 1.091e-06 ; True ; 23 147 174 226 310 367 459 519 601 684 723 739 762  ; 5 1 4 11 8 4 6 7 7 3 5 7 
187.4 ; 1.169e-06 ; True ; 23 147 174 226 310 367 459 519 601 650 684 723 739  ; 4 1 4 11 8 4 6 7 6 4 6 6 
190.3 ; 1.207e-06 ; True ; 23 147 174 246 310 367 459 519 601 650 684 723 739  ; 4 1 4 10 8 5 5 7 7 4 5 7 
191.1 ; 1.232e-06 ; True ; 23 147 174 226 246 310 367 459 519 601 684 723 739  ; 4 1 4 10 9 5 6 8 7 3 5 7 
199.5 ; 1.288e-06 ; True ; 23 147 174 226 246 310 367 459 519 601 684 723 821  ; 4 1 4 10 9 4 6 8 6 4 6 6 
200 ; 1.341e-06 ; True ; 23 132 147 174 310 367 459 519 601 684 723 739 821  ; 5 1 4 10 8 4 5 7 7 4 6 7 
200.4 ; 1.375e-06 ; True ; 23 147 174 226 310 367 415 459 519 601 684 723 739  ; 5 1 4 11 8 5 6 8 7 3 5 7 
201.7 ; 1.458e-06 ; True ; 23 147 174 226 310 367 459 519 601 684 723 739 821  ; 5 1 4 11 9 4 6 8 6 4 6 6 
203.4 ; 1.505e-06 ; True ; 23 147 174 246 310 367 459 519 601 684 723 739 821  ; 5 1 4 10 9 5 5 8 7 4 5 7 
207.5 ; 1.531e-06 ; True ; 23 106 147 174 226 310 367 459 519 601 684 723 739  ; 4 1 4 11 8 5 7 7 6 4 6 6 
210.3 ; 1.563e-06 ; True ; 23 106 147 174 246 310 367 459 519 601 684 723 739  ; 4 1 4 10 8 6 6 7 7 4 5 7 
211.9 ; 1.585e-06 ; True ; 23 117 147 174 310 367 415 459 519 601 684 723 739  ; 5 1 4 11 7 6 6 8 7 4 4 7 
212.8 ; 1.62e-06 ; True ; 23 147 174 310 367 415 459 519 601 684 723 739 821  ; 6 1 4 11 8 5 5 8 7 4 5 7 
215.2 ; 1.72e-06 ; True ; 23 117 147 174 310 367 459 519 601 684 723 739 821  ; 5 1 4 11 8 5 6 8 6 5 5 6 
216.4 ; 1.755e-06 ; True ; 23 147 174 226 246 310 367 459 519 601 650 684 723 739  ; 4 1 4 11 9 5 6 8 7 4 6 7 
220.9 ; 1.805e-06 ; True ; 23 106 147 174 310 367 459 519 601 684 723 739 821  ; 5 1 4 11 8 5 6 7 6 5 6 6 
226.9 ; 1.869e-06 ; True ; 23 147 174 226 310 367 459 519 601 684 723 739 762 821  ; 6 1 4 12 9 4 6 8 7 4 6 7 
227.7 ; 1.926e-06 ; True ; 23 117 147 174 226 310 367 459 519 601 632 684 723 739  ; 4 1 5 12 8 5 7 8 6 4 5 7 
229.7 ; 1.953e-06 ; True ; 23 147 174 246 310 367 459 519 601 632 684 723 739 821  ; 5 1 5 11 9 5 5 8 7 4 5 8 
231.5 ; 2.146e-06 ; True ; 23 147 174 226 246 310 367 459 519 601 684 723 739 821  ; 5 1 4 11 10 5 6 9 7 4 6 7 
238.4 ; 2.21e-06 ; True ; 23 106 147 174 226 246 310 367 459 519 601 684 723 739  ; 4 1 4 11 9 6 7 8 7 4 6 7 
239.4 ; 2.316e-06 ; True ; 23 117 147 174 226 310 367 415 459 519 601 684 723 739  ; 5 1 4 12 8 6 7 9 7 4 5 7 
240.9 ; 2.321e-06 ; True ; 23 147 174 226 310 367 415 459 519 601 684 723 739 821  ; 6 1 4 12 9 5 6 9 7 4 6 7 
243.6 ; 2.397e-06 ; True ; 23 117 147 174 226 310 367 459 519 601 684 723 739 821  ; 5 1 4 12 9 5 7 9 6 5 6 6 
248.7 ; 2.466e-06 ; True ; 23 106 147 174 226 310 367 415 459 519 601 684 723 739  ; 5 1 4 12 8 6 7 8 7 4 6 7 
249.9 ; 2.485e-06 ; True ; 23 106 147 174 226 310 367 459 519 601 684 723 739 821  ; 5 1 4 12 9 5 7 8 6 5 7 6 
252.7 ; 2.607e-06 ; True ; 23 106 147 174 246 310 367 459 519 601 684 723 739 821  ; 5 1 4 11 9 6 6 8 7 5 6 7 
253.3 ; 2.634e-06 ; True ; 23 117 147 174 310 367 415 459 519 601 684 723 739 821  ; 6 1 4 12 8 6 6 9 7 5 5 7 
258.7 ; 2.653e-06 ; True ; 23 147 174 226 246 310 367 459 519 601 684 723 739 762 821  ; 6 1 4 12 10 5 6 9 8 4 6 8 
262.3 ; 2.679e-06 ; True ; 23 106 117 174 226 310 367 415 459 519 601 684 723 739  ; 5 1 4 12 7 7 7 9 7 5 5 6 
262.9 ; 2.692e-06 ; True ; 23 147 174 310 367 415 432 459 519 601 684 723 739 821  ; 6 1 5 11 8 5 6 8 7 5 5 7 
263 ; 2.806e-06 ; True ; 23 106 147 174 310 367 415 459 519 601 684 723 739 821  ; 6 1 4 12 8 6 6 8 7 5 6 7 
265.8 ; 2.867e-06 ; True ; 23 106 147 174 226 246 310 367 459 519 601 632 684 723 739  ; 4 1 5 12 9 6 7 8 7 4 6 8 
267.9 ; 3.004e-06 ; True ; 23 117 147 174 226 310 367 415 459 519 601 632 684 723 739  ; 5 1 5 13 8 6 7 9 7 4 5 8 
273.7 ; 3.135e-06 ; True ; 23 147 174 226 246 310 367 415 459 519 601 684 723 739 821  ; 6 1 4 12 10 6 6 10 8 4 6 8 
277.1 ; 3.2e-06 ; True ; 23 106 147 174 226 310 367 415 459 519 601 632 684 723 739  ; 5 1 5 13 8 6 7 8 7 4 6 8 
278.1 ; 3.223e-06 ; True ; 23 117 147 174 226 310 367 415 459 519 601 684 723 739 850  ; 5 1 5 12 8 6 7 9 7 4 6 7 
282.7 ; 3.299e-06 ; True ; 23 106 147 174 226 246 310 367 415 459 519 601 684 723 739  ; 5 1 4 12 9 7 7 9 8 4 6 8 
283.6 ; 3.417e-06 ; True ; 23 117 147 174 310 367 415 459 519 601 632 684 723 739 821  ; 6 1 5 13 8 6 6 9 7 5 5 8 
283.7 ; 3.519e-06 ; True ; 23 106 147 174 226 246 310 367 459 519 601 684 723 739 821  ; 5 1 4 12 10 6 7 9 7 5 7 7 
283.8 ; 3.63e-06 ; True ; 23 117 147 174 226 310 367 415 459 519 601 684 723 739 821  ; 6 1 4 13 9 6 7 10 7 5 6 7 
291.9 ; 3.669e-06 ; True ; 23 117 147 174 226 310 367 415 432 459 519 601 684 723 739  ; 5 1 5 12 8 6 8 9 7 5 5 7 
294 ; 3.752e-06 ; True ; 23 147 174 226 310 367 415 432 459 519 601 684 723 739 821  ; 6 1 5 12 9 5 7 9 7 5 6 7 
294.1 ; 3.806e-06 ; True ; 23 106 147 174 226 310 367 415 459 519 601 684 723 739 821  ; 6 1 4 13 9 6 7 9 7 5 7 7 
300 ; 3.907e-06 ; True ; 1 23 106 174 226 310 367 415 459 519 601 684 723 739 821  ; 6 1 5 13 8 6 6 9 8 5 6 7 
300.8 ; 3.908e-06 ; True ; 23 106 147 174 226 310 367 415 432 459 519 601 684 723 739  ; 5 1 5 12 8 6 8 8 7 5 6 7 
306.7 ; 4.052e-06 ; True ; 23 106 147 174 246 310 367 432 459 519 601 684 723 739 821  ; 5 1 5 11 9 6 7 8 7 6 6 7 
308.6 ; 4.068e-06 ; True ; 23 106 117 174 226 310 367 415 459 519 601 684 723 739 821  ; 6 1 4 13 8 7 7 10 7 6 6 6 
311.6 ; 4.132e-06 ; True ; 23 117 147 226 310 367 415 432 459 519 601 684 723 739 821  ; 6 1 5 12 8 6 7 9 7 5 6 7 
313.1 ; 4.233e-06 ; True ; 23 106 147 174 246 310 367 459 519 601 632 650 684 723 739 821  ; 5 1 5 13 9 6 6 8 7 6 7 8 
316.9 ; 4.315e-06 ; True ; 23 106 174 226 310 367 415 432 459 519 601 684 723 739 821  ; 6 1 5 12 8 6 7 9 7 6 6 6 
317.1 ; 4.361e-06 ; True ; 23 106 147 174 310 367 415 432 459 519 601 684 723 739 821  ; 6 1 5 12 8 6 7 8 7 6 6 7 
323.1 ; 4.467e-06 ; True ; 23 106 147 174 226 246 310 367 459 519 601 684 723 739 815 821  ; 6 1 4 13 11 6 7 9 7 5 8 8 
326 ; 4.529e-06 ; True ; 23 147 174 226 310 367 415 432 459 519 601 684 723 739 762 821  ; 7 1 5 13 9 5 7 9 8 5 6 8 
329.5 ; 4.593e-06 ; True ; 23 106 147 174 226 310 367 415 459 519 578 601 684 723 739 821  ; 7 1 4 14 9 6 7 9 8 5 7 8 
330.7 ; 5.068e-06 ; True ; 23 147 174 226 246 310 367 415 432 459 519 601 684 723 739 821  ; 6 1 5 12 10 6 7 10 8 5 6 8 
337.8 ; 5.099e-06 ; True ; 1 23 106 174 226 246 310 367 415 459 519 601 684 723 739 821  ; 6 1 5 13 9 7 6 10 9 5 6 8 
338.7 ; 5.226e-06 ; True ; 23 106 147 174 226 246 310 367 415 432 459 519 601 684 723 739  ; 5 1 5 12 9 7 8 9 8 5 6 8 
341.1 ; 5.259e-06 ; True ; 23 117 132 174 226 310 367 415 432 459 519 601 684 723 739 821  ; 6 1 5 12 8 6 7 10 8 6 6 7 
345.9 ; 5.415e-06 ; True ; 23 117 147 174 246 310 367 415 432 459 519 601 684 723 739 821  ; 6 1 5 12 9 7 7 10 8 6 5 8 
351.3 ; 5.51e-06 ; True ; 23 106 117 174 226 310 367 415 459 519 601 684 723 739 821 850  ; 6 1 5 13 8 7 7 10 7 6 7 6 
355.7 ; 5.809e-06 ; True ; 23 106 174 226 246 310 367 415 432 459 519 601 684 723 739 821  ; 6 1 5 12 9 7 7 10 8 6 6 7 
355.8 ; 5.833e-06 ; True ; 23 106 147 174 246 310 367 415 432 459 519 601 684 723 739 821  ; 6 1 5 12 9 7 7 9 8 6 6 8 
359.8 ; 5.854e-06 ; True ; 23 94 147 174 226 310 367 415 432 459 519 601 684 723 739 821  ; 6 1 5 13 10 6 8 9 7 6 7 7 
364.1 ; 6.414e-06 ; True ; 23 106 147 174 226 246 310 367 415 459 519 601 632 684 723 739 821  ; 6 1 5 14 10 7 7 10 8 5 7 9 
377.2 ; 6.654e-06 ; True ; 23 106 147 174 226 246 310 367 415 459 519 601 684 723 739 821 850  ; 6 1 5 13 10 7 7 10 8 5 8 8 
385.6 ; 6.896e-06 ; True ; 23 106 117 136 174 226 310 367 415 459 519 601 684 723 739 815 850  ; 7 1 5 13 9 7 7 9 8 6 7 8 
386.2 ; 6.997e-06 ; True ; 23 106 147 174 226 310 367 415 432 459 519 601 684 723 739 762 821  ; 7 1 5 14 9 6 8 9 8 6 7 8 
391.9 ; 7.63e-06 ; True ; 23 106 147 174 226 246 310 367 415 432 459 519 601 684 723 739 821  ; 6 1 5 13 10 7 8 10 8 6 7 8 
411.9 ; 7.66e-06 ; True ; 23 94 147 174 246 310 367 415 432 459 519 601 684 723 739 821 850  ; 6 1 6 12 10 7 7 9 8 6 7 8 
420.1 ; 8.183e-06 ; True ; 23 106 147 174 226 246 310 367 415 432 459 519 601 684 723 739 762 850  ; 6 1 6 13 9 7 8 9 9 5 7 9 
423 ; 8.191e-06 ; True ; 23 94 117 136 174 226 310 367 415 432 459 519 601 684 723 739 821  ; 7 1 5 13 10 7 8 10 8 8 6 7 
432 ; 8.252e-06 ; True ; 23 106 117 136 243 310 367 415 432 459 519 601 684 723 739 821 850  ; 7 1 6 11 8 7 7 9 8 7 7 7 
436.1 ; 8.393e-06 ; True ; 23 94 106 174 246 310 367 415 432 459 519 601 684 723 739 821 850  ; 6 1 6 12 9 8 7 9 8 7 7 7 
442.5 ; 8.941e-06 ; True ; 23 106 117 160 174 226 310 367 415 459 519 591 601 684 723 739 821 850  ; 7 1 5 15 9 8 8 11 9 6 7 7 
454.5 ; 9.043e-06 ; True ; 23 106 117 147 174 226 310 367 415 459 519 601 632 684 723 739 827 850  ; 5 1 7 14 8 7 8 9 8 6 7 9 
470.6 ; 9.117e-06 ; True ; 23 94 106 174 246 310 367 415 432 459 519 601 684 723 739 821 827  ; 6 1 6 12 9 8 7 9 9 8 6 8 
477.3 ; 9.739e-06 ; True ; 23 106 147 174 226 246 310 367 415 432 459 519 601 684 723 815 821 827  ; 6 1 6 13 10 6 8 9 8 7 8 9 
478.3 ; 9.969e-06 ; True ; 23 106 117 174 226 310 367 415 459 519 591 601 684 723 739 821 827 850  ; 6 1 6 14 8 7 8 11 9 7 7 7 
480.1 ; 1.164e-05 ; True ; 23 106 147 174 226 246 310 367 415 432 459 519 601 632 684 723 739 821 850  ; 6 1 7 14 10 7 8 10 8 6 8 9 
504.1 ; 1.278e-05 ; True ; 23 106 117 174 226 246 310 367 415 432 459 519 601 684 723 739 815 821 850  ; 7 1 6 14 10 8 8 11 8 7 8 8 
543.4 ; 1.333e-05 ; True ; 23 94 106 174 243 246 310 367 415 432 459 519 523 601 684 723 739 821 850  ; 6 1 6 13 11 8 9 11 8 8 8 7 
554.1 ; 1.336e-05 ; True ; 23 106 117 226 243 310 367 415 432 459 519 601 684 723 739 762 821 827 850  ; 7 1 7 13 8 7 8 10 9 7 8 8 
554.9 ; 1.39e-05 ; True ; 23 106 117 174 243 310 367 415 432 459 519 601 684 723 739 815 821 827 850  ; 7 1 7 13 9 7 8 10 8 8 8 8 
576.5 ; 1.409e-05 ; True ; 23 106 174 204 226 246 310 367 415 432 459 519 601 632 684 723 739 792 821  ; 7 1 7 14 9 7 8 10 9 8 7 9 
586.9 ; 1.479e-05 ; True ; 23 94 106 174 243 246 310 367 415 432 459 519 586 601 684 723 739 821 827  ; 6 1 6 12 10 8 9 11 9 8 8 8 
599.8 ; 1.593e-05 ; True ; 23 94 106 147 174 243 246 310 367 415 432 459 519 601 684 723 739 740 821 850  ; 7 1 6 14 12 9 9 10 9 7 9 8 
613.8 ; 1.626e-05 ; True ; 23 106 147 204 226 246 310 367 415 432 459 519 523 601 684 723 739 762 821 850  ; 8 1 7 14 10 7 8 10 10 7 8 10 
625.1 ; 1.722e-05 ; True ; 23 94 106 174 226 246 310 367 415 432 459 519 523 601 684 723 739 745 821 850  ; 7 1 7 15 11 8 9 11 8 8 8 8 
659.3 ; 1.743e-05 ; True ; 23 94 106 174 243 246 310 367 415 432 459 519 586 601 639 684 723 739 821 827  ; 7 1 6 13 10 9 9 11 9 8 8 9 
662.1 ; 1.765e-05 ; True ; 23 106 117 174 226 246 310 367 415 432 459 519 601 684 723 739 762 821 827 830 850  ; 7 1 7 14 10 8 8 11 10 9 7 9 
708.5 ; 1.804e-05 ; True ; 23 106 147 174 204 246 310 367 415 432 459 519 592 601 632 684 723 739 792 821 850  ; 7 1 8 15 10 7 8 9 9 9 8 10 
715.4 ; 1.886e-05 ; True ; 23 106 117 147 243 246 310 367 415 432 459 519 523 601 684 723 739 768 821 827 850  ; 7 1 7 14 10 8 9 11 9 8 8 9 
718.5 ; 2.141e-05 ; True ; 1 23 94 106 147 243 246 310 367 415 432 459 519 523 601 684 723 739 740 821 827  ; 7 1 7 15 12 9 9 10 11 8 8 10 
773.5 ; 2.185e-05 ; True ; 23 94 106 174 243 246 310 367 415 432 459 475 519 601 684 723 739 740 817 821 850  ; 8 1 7 14 12 10 9 11 10 8 8 8 
810.4 ; 2.277e-05 ; True ; 23 94 106 174 243 310 367 415 432 459 519 523 601 684 723 739 806 817 821 827 850  ; 8 1 8 13 11 7 10 10 9 10 8 8 
812.6 ; 2.344e-05 ; True ; 22 23 94 106 174 243 246 310 367 415 432 459 519 523 601 684 723 739 817 821 850 857  ; 8 1 7 14 11 9 9 11 11 8 8 10 
853.4 ; 2.721e-05 ; True ; 23 106 117 226 243 246 310 339 367 415 432 459 519 523 601 639 684 723 739 815 821 827 850  ; 9 1 7 16 12 10 9 12 9 8 9 11 
940.9 ; 2.892e-05 ; True ; 23 94 106 174 226 246 310 367 432 459 519 523 601 602 684 723 739 806 815 817 821 827 850  ; 9 1 8 15 14 7 10 10 10 10 9 10 


RUN 9:
Optimum Distance: 11.84
Optimal Team: 23,367,684,
Required Skills: 0 1 4 5 9 10 11 14 16 18 23 24 
Distance; Skill Score; isValid; Team; Skill Counts
11.84 ; 2.946e-12 ; True ; 23 367 684  ; 1 1 1 2 2 1 1 1 1 1 1 1 
12.82 ; 3.231e-12 ; True ; 367 459 519  ; 1 1 1 2 1 1 1 1 2 1 1 1 
18.63 ; 3.568e-12 ; True ; 328 367 601 684  ; 1 1 1 3 1 1 1 2 1 1 1 1 
18.63 ; 1.034e-11 ; True ; 160 364 367 684  ; 2 1 1 3 2 1 1 1 1 1 1 2 
18.64 ; 1.164e-11 ; True ; 364 367 415 684  ; 2 1 1 3 1 1 1 2 1 1 1 2 
18.65 ; 1.362e-11 ; True ; 23 174 310 367  ; 1 1 1 2 3 1 2 2 1 1 1 1 
18.71 ; 2.319e-11 ; True ; 23 367 558 684  ; 1 1 1 2 3 2 1 1 2 1 1 2 
18.75 ; 2.739e-11 ; True ; 23 174 367 684  ; 1 1 1 3 3 1 2 2 1 2 1 1 
19.54 ; 4.373e-11 ; True ; 23 246 367 684  ; 1 1 1 2 3 2 1 2 2 1 1 2 
19.62 ; 4.601e-11 ; True ; 23 310 367 684  ; 2 1 1 2 3 1 2 2 1 1 2 1 
20.63 ; 5.073e-11 ; True ; 367 601 684 739  ; 2 1 1 3 2 1 1 3 2 1 1 2 
20.64 ; 8.406e-11 ; True ; 23 367 684 739  ; 2 1 1 3 3 2 1 2 2 1 1 2 
23.46 ; 9.129e-11 ; True ; 367 459 519 739  ; 2 1 1 3 2 2 1 2 3 1 1 2 
23.56 ; 1.059e-10 ; True ; 367 519 601 684  ; 1 1 1 3 2 1 2 3 2 2 2 1 
23.71 ; 1.336e-10 ; True ; 367 459 519 684  ; 2 1 1 3 2 1 2 2 2 2 2 1 
24.69 ; 1.755e-10 ; True ; 23 367 519 684  ; 1 1 1 3 3 2 2 2 2 2 2 1 
26.61 ; 1.94e-10 ; True ; 23 174 367 558 684  ; 1 1 1 3 4 2 2 2 2 2 1 2 
27.53 ; 2.169e-10 ; True ; 23 174 310 367 684  ; 2 1 1 3 4 1 3 3 1 2 2 1 
27.55 ; 2.377e-10 ; True ; 160 174 367 601 684  ; 2 1 1 4 3 1 2 3 2 2 1 2 
27.7 ; 2.489e-10 ; True ; 1 310 367 415 684  ; 3 1 1 3 2 1 2 3 2 1 2 2 
28.35 ; 2.747e-10 ; True ; 23 174 246 367 684  ; 1 1 1 3 4 2 2 3 2 2 1 2 
28.47 ; 3.258e-10 ; True ; 23 310 367 558 684  ; 2 1 1 2 4 2 2 2 2 1 2 2 
28.55 ; 3.279e-10 ; True ; 23 174 367 459 684  ; 2 1 2 4 3 1 2 2 2 2 1 2 
28.64 ; 3.386e-10 ; True ; 23 174 367 684 723  ; 1 1 2 4 3 2 2 2 2 2 1 2 
29.44 ; 3.99e-10 ; True ; 310 367 601 684 739  ; 3 1 1 3 3 1 2 4 2 1 2 2 
29.53 ; 5.018e-10 ; True ; 23 174 367 684 739  ; 2 1 1 4 4 2 2 3 2 2 1 2 
30.36 ; 5.074e-10 ; True ; 23 226 367 684 739  ; 2 1 1 4 4 2 2 3 2 1 2 2 
30.39 ; 5.984e-10 ; True ; 23 310 367 684 723  ; 2 1 2 3 3 2 2 2 2 1 2 2 
30.41 ; 6.683e-10 ; True ; 23 310 367 684 739  ; 3 1 1 3 4 2 2 3 2 1 2 2 
34.14 ; 7.551e-10 ; True ; 310 367 519 601 739  ; 2 1 1 3 3 2 2 4 3 1 2 2 
34.25 ; 8.067e-10 ; True ; 310 367 459 519 739  ; 3 1 1 3 3 2 2 3 3 1 2 2 
34.4 ; 9.532e-10 ; True ; 367 459 519 601 684  ; 2 1 2 4 2 1 2 3 3 2 2 2 
35.36 ; 1.135e-09 ; True ; 367 415 519 601 684  ; 2 1 1 4 2 2 2 4 3 2 2 2 
36.21 ; 1.145e-09 ; True ; 1 367 519 684 739  ; 2 1 1 4 3 2 2 3 3 2 2 2 
36.21 ; 1.443e-09 ; True ; 367 519 601 684 739  ; 2 1 1 4 3 2 2 4 3 2 2 2 
36.34 ; 1.542e-09 ; True ; 367 459 519 684 739  ; 3 1 1 4 3 2 2 3 3 2 2 2 
36.47 ; 1.58e-09 ; True ; 23 367 459 519 684  ; 2 1 2 4 3 2 2 2 3 2 2 2 
37.21 ; 1.817e-09 ; True ; 23 367 519 684 739  ; 2 1 1 4 4 3 2 3 3 2 2 2 
39.06 ; 1.831e-09 ; True ; 23 174 310 367 601 684  ; 2 1 2 4 4 1 3 4 2 2 2 2 
39.19 ; 1.956e-09 ; True ; 23 174 310 367 459 684  ; 3 1 2 4 4 1 3 3 2 2 2 2 
40.25 ; 2.68e-09 ; True ; 23 174 310 367 684 723  ; 2 1 2 4 4 2 3 3 2 2 2 2 
42.95 ; 3.192e-09 ; True ; 23 310 367 601 684 739  ; 3 1 2 4 4 2 2 4 3 1 2 3 
43.17 ; 3.513e-09 ; True ; 23 310 367 684 723 739  ; 3 1 2 4 4 3 2 3 3 1 2 3 
46.05 ; 4.224e-09 ; True ; 310 367 459 519 601 684  ; 3 1 2 4 3 1 3 4 3 2 3 2 
47.13 ; 4.565e-09 ; True ; 1 310 367 519 684 739  ; 3 1 1 4 4 2 3 4 3 2 3 2 
47.99 ; 5.4e-09 ; True ; 310 367 519 601 684 739  ; 3 1 1 4 4 2 3 5 3 2 3 2 
48.13 ; 5.489e-09 ; True ; 310 367 459 519 684 739  ; 4 1 1 4 4 2 3 4 3 2 3 2 
48.95 ; 6.623e-09 ; True ; 23 310 367 519 601 684  ; 2 1 2 4 4 2 3 4 3 2 3 2 
49.09 ; 7.075e-09 ; True ; 23 310 367 459 519 684  ; 3 1 2 4 4 2 3 3 3 2 3 2 
50.04 ; 7.431e-09 ; True ; 23 174 310 367 459 558 684  ; 3 1 2 4 5 2 3 3 3 2 2 3 
50.86 ; 7.618e-09 ; True ; 23 367 519 601 684 739  ; 2 1 2 5 4 3 2 4 4 2 2 3 
50.97 ; 8.139e-09 ; True ; 23 367 459 519 684 739  ; 3 1 2 5 4 3 2 3 4 2 2 3 
52.84 ; 8.302e-09 ; True ; 23 174 226 367 601 684 739  ; 2 1 2 6 5 2 3 5 3 2 2 3 
53.52 ; 9.365e-09 ; True ; 23 174 246 310 367 459 684  ; 3 1 2 4 5 2 3 4 3 2 2 3 
53.65 ; 9.647e-09 ; True ; 23 174 246 310 367 684 723  ; 2 1 2 4 5 3 3 4 3 2 2 3 
53.82 ; 1.115e-08 ; True ; 23 174 310 367 601 684 739  ; 3 1 2 5 5 2 3 5 3 2 2 3 
53.93 ; 1.134e-08 ; True ; 23 174 310 367 459 684 739  ; 4 1 2 5 5 2 3 4 3 2 2 3 
55.01 ; 1.308e-08 ; True ; 23 174 310 367 684 723 739  ; 3 1 2 5 5 3 3 4 3 2 2 3 
60.67 ; 1.518e-08 ; True ; 310 367 459 519 601 640 684  ; 3 1 2 5 4 2 3 4 4 2 3 3 
61.75 ; 1.546e-08 ; True ; 23 174 310 367 519 601 684  ; 2 1 2 5 5 2 4 5 3 3 3 2 
61.87 ; 1.781e-08 ; True ; 174 367 459 519 601 684 739  ; 3 1 2 6 4 2 3 5 4 3 2 3 
62.67 ; 1.796e-08 ; True ; 1 310 367 519 601 684 739  ; 3 1 2 5 4 2 3 5 4 2 3 3 
62.67 ; 2.16e-08 ; True ; 310 367 459 519 601 684 739  ; 4 1 2 5 4 2 3 5 4 2 3 3 
63.59 ; 2.225e-08 ; True ; 23 310 367 459 519 601 684  ; 3 1 3 5 4 2 3 4 4 2 3 3 
64.76 ; 2.266e-08 ; True ; 23 174 367 459 519 684 739  ; 3 1 2 6 5 3 3 4 4 3 2 3 
65.45 ; 2.27e-08 ; True ; 23 246 310 367 459 519 684  ; 3 1 2 4 5 3 3 4 4 2 3 3 
65.45 ; 2.703e-08 ; True ; 23 310 367 519 601 684 739  ; 3 1 2 5 5 3 3 5 4 2 3 3 
65.57 ; 2.748e-08 ; True ; 23 310 367 459 519 684 739  ; 4 1 2 5 5 3 3 4 4 2 3 3 
66.67 ; 2.824e-08 ; True ; 23 310 367 519 684 723 739  ; 3 1 2 5 5 4 3 4 4 2 3 3 
68.45 ; 2.97e-08 ; True ; 23 174 310 367 459 601 684 739  ; 4 1 3 6 5 2 3 5 4 2 2 4 
70.35 ; 3.035e-08 ; True ; 23 174 246 310 367 684 723 739  ; 3 1 2 5 6 4 3 5 4 2 2 4 
70.49 ; 3.426e-08 ; True ; 23 174 310 367 601 684 723 739  ; 3 1 3 6 5 3 3 5 4 2 2 4 
70.6 ; 3.482e-08 ; True ; 23 174 310 367 459 684 723 739  ; 4 1 3 6 5 3 3 4 4 2 2 4 
73.73 ; 3.521e-08 ; True ; 174 310 367 459 519 558 601 684  ; 3 1 2 5 5 2 4 5 4 3 3 3 
74.48 ; 3.528e-08 ; True ; 174 310 367 459 519 601 640 684  ; 3 1 2 6 5 2 4 5 4 3 3 3 
76.51 ; 4.824e-08 ; True ; 174 310 367 459 519 601 684 739  ; 4 1 2 6 5 2 4 6 4 3 3 3 
77.38 ; 5.17e-08 ; True ; 23 174 310 367 459 519 601 684  ; 3 1 3 6 5 2 4 5 4 3 3 3 
80.24 ; 5.859e-08 ; True ; 23 174 310 367 519 601 684 739  ; 3 1 2 6 6 3 4 6 4 3 3 3 
80.36 ; 6.196e-08 ; True ; 23 174 310 367 459 519 684 739  ; 4 1 2 6 6 3 4 5 4 3 3 3 
82.07 ; 6.764e-08 ; True ; 23 310 367 459 519 601 684 739  ; 4 1 3 6 5 3 3 5 5 2 3 4 
84.13 ; 6.952e-08 ; True ; 23 310 367 519 601 684 723 739  ; 3 1 3 6 5 4 3 5 5 2 3 4 
84.25 ; 7.067e-08 ; True ; 23 310 367 459 519 684 723 739  ; 4 1 3 6 5 4 3 4 5 2 3 4 
86.9 ; 7.493e-08 ; True ; 23 174 226 310 367 601 684 723 739  ; 3 1 3 7 6 3 4 6 4 2 3 4 
87.08 ; 7.59e-08 ; True ; 23 147 174 310 367 601 684 723 739  ; 3 1 3 7 6 3 4 5 4 2 3 5 
87.15 ; 7.715e-08 ; True ; 23 147 174 310 367 459 684 723 739  ; 4 1 3 7 6 3 4 4 4 2 3 5 
87.88 ; 7.924e-08 ; True ; 23 174 226 310 367 459 684 723 739  ; 4 1 3 7 6 3 4 5 4 2 3 4 
92.53 ; 8.466e-08 ; True ; 23 117 174 310 367 459 601 684 739  ; 4 1 3 7 5 3 4 6 4 3 2 4 
93.1 ; 8.664e-08 ; True ; 174 310 367 459 519 601 632 684 739  ; 4 1 3 7 5 2 4 6 4 3 3 4 
93.12 ; 9.487e-08 ; True ; 147 174 310 367 459 519 601 684 739  ; 4 1 2 7 6 2 5 6 4 3 4 4 
93.95 ; 1.017e-07 ; True ; 23 147 174 310 367 459 519 601 684  ; 3 1 3 7 6 2 5 5 4 3 4 4 
94.13 ; 1.07e-07 ; True ; 23 174 310 367 459 519 558 601 684  ; 3 1 3 6 6 3 4 5 5 3 3 4 
96.28 ; 1.118e-07 ; True ; 23 174 310 367 459 519 558 684 723  ; 3 1 3 6 6 4 4 4 5 3 3 4 
97.06 ; 1.234e-07 ; True ; 23 147 174 367 459 519 601 684 739  ; 3 1 3 8 6 3 4 5 5 3 3 5 
97.84 ; 1.464e-07 ; True ; 23 174 310 367 459 519 601 684 739  ; 4 1 3 7 6 3 4 6 5 3 3 4 
100.9 ; 1.505e-07 ; True ; 23 174 310 367 519 601 684 723 739  ; 3 1 3 7 6 4 4 6 5 3 3 4 
101 ; 1.591e-07 ; True ; 23 174 310 367 459 519 684 723 739  ; 4 1 3 7 6 4 4 5 5 3 3 4 
107.9 ; 1.628e-07 ; True ; 23 310 367 459 519 601 684 739 821  ; 5 1 3 7 6 3 3 6 5 3 4 4 
108.9 ; 1.718e-07 ; True ; 23 117 310 367 459 519 601 684 739  ; 4 1 3 7 5 4 4 6 5 3 3 4 
110 ; 1.776e-07 ; True ; 23 310 367 519 601 684 723 739 821  ; 4 1 3 7 6 4 3 6 5 3 4 4 
111.7 ; 1.943e-07 ; True ; 23 147 174 310 367 459 519 558 601 684  ; 3 1 3 7 7 3 5 5 5 3 4 5 
114.7 ; 1.948e-07 ; True ; 23 147 174 367 459 519 601 650 684 739  ; 3 1 3 9 6 3 4 5 5 4 4 5 
114.8 ; 2.03e-07 ; True ; 23 147 174 310 367 459 519 558 684 723  ; 3 1 3 7 7 4 5 4 5 3 4 5 
115.4 ; 2.21e-07 ; True ; 23 147 174 226 367 459 519 601 684 739  ; 3 1 3 9 7 3 5 6 5 3 4 5 
115.7 ; 2.211e-07 ; True ; 23 174 310 367 459 519 558 601 684 723  ; 3 1 4 7 6 4 4 5 6 3 3 5 
116.3 ; 2.312e-07 ; True ; 23 174 310 367 459 519 601 650 684 739  ; 4 1 3 8 6 3 4 6 5 4 4 4 
116.4 ; 2.657e-07 ; True ; 23 147 174 310 367 459 519 601 684 739  ; 4 1 3 8 7 3 5 6 5 3 4 5 
120.4 ; 3.023e-07 ; True ; 23 174 310 367 459 519 601 684 723 739  ; 4 1 4 8 6 4 4 6 6 3 3 5 
129.5 ; 3.176e-07 ; True ; 23 117 147 310 367 459 519 601 684 739  ; 4 1 3 8 6 4 5 6 5 3 4 5 
129.7 ; 3.27e-07 ; True ; 23 174 310 367 519 601 684 723 739 821  ; 4 1 3 8 7 4 4 7 5 4 4 4 
130.7 ; 3.346e-07 ; True ; 23 174 310 367 459 519 684 723 739 821  ; 5 1 3 8 7 4 4 6 5 4 4 4 
131.3 ; 3.448e-07 ; True ; 23 106 174 310 367 459 519 601 684 739  ; 4 1 3 8 6 4 5 6 5 4 4 4 
135.2 ; 3.864e-07 ; True ; 23 147 174 310 367 459 519 558 601 684 723  ; 3 1 4 8 7 4 5 5 6 3 4 6 
136.1 ; 4.144e-07 ; True ; 23 147 174 310 367 459 519 558 601 684 739  ; 4 1 3 8 8 4 5 6 6 3 4 6 
139.2 ; 4.233e-07 ; True ; 23 147 174 310 367 459 519 558 684 723 739  ; 4 1 3 8 8 5 5 5 6 3 4 6 
139.6 ; 4.393e-07 ; True ; 23 147 174 246 310 367 459 519 601 684 723  ; 3 1 4 8 7 4 5 6 6 3 4 6 
140.1 ; 4.393e-07 ; True ; 23 147 174 226 367 459 519 601 684 723 739  ; 3 1 4 10 7 4 5 6 6 3 4 6 
140.4 ; 4.586e-07 ; True ; 23 147 174 246 310 367 459 519 601 684 739  ; 4 1 3 8 8 4 5 7 6 3 4 6 
140.9 ; 4.596e-07 ; True ; 23 132 174 310 367 459 519 601 684 723 739  ; 4 1 4 8 6 4 4 6 7 3 4 6 
140.9 ; 5.282e-07 ; True ; 23 147 174 310 367 459 519 601 684 723 739  ; 4 1 4 9 7 4 5 6 6 3 4 6 
149.6 ; 5.474e-07 ; True ; 23 147 174 367 459 519 601 684 723 739 821  ; 4 1 4 10 7 4 4 6 6 4 4 6 
152.1 ; 6.187e-07 ; True ; 23 174 310 367 459 519 601 684 723 739 821  ; 5 1 4 9 7 4 4 7 6 4 4 5 
157.9 ; 6.69e-07 ; True ; 23 106 174 310 367 459 519 601 684 723 739  ; 4 1 4 9 6 5 5 6 6 4 4 5 
161.6 ; 7.357e-07 ; True ; 23 147 174 310 367 459 519 558 601 684 723 739  ; 4 1 4 9 8 5 5 6 7 3 4 7 
163.3 ; 7.83e-07 ; True ; 23 147 174 310 367 459 519 601 650 684 723 739  ; 4 1 4 10 7 4 5 6 6 4 5 6 
164.1 ; 8.209e-07 ; True ; 23 147 174 226 310 367 459 519 601 684 723 739  ; 4 1 4 10 8 4 6 7 6 3 5 6 
173.4 ; 8.857e-07 ; True ; 23 147 174 246 310 367 459 519 601 684 723 821  ; 4 1 4 9 8 4 5 7 6 4 5 6 
173.9 ; 8.858e-07 ; True ; 23 147 174 226 367 459 519 601 684 723 739 821  ; 4 1 4 11 8 4 5 7 6 4 5 6 
175.2 ; 9.021e-07 ; True ; 23 147 174 310 367 415 459 519 601 684 723 739  ; 5 1 4 10 7 5 5 7 7 3 4 7 
175.6 ; 1.003e-06 ; True ; 23 147 174 310 367 459 519 601 684 723 739 821  ; 5 1 4 10 8 4 5 7 6 4 5 6 
181.3 ; 1.054e-06 ; True ; 23 106 147 174 310 367 459 519 601 684 723 739  ; 4 1 4 10 7 5 6 6 6 4 5 6 
186.6 ; 1.097e-06 ; True ; 23 132 147 174 226 310 367 459 519 601 684 723 739  ; 4 1 4 10 8 4 6 7 7 3 6 7 
186.7 ; 1.135e-06 ; True ; 23 147 174 226 310 367 459 519 558 601 684 723 739  ; 4 1 4 10 9 5 6 7 7 3 5 7 
190.3 ; 1.207e-06 ; True ; 23 147 174 246 310 367 459 519 601 650 684 723 739  ; 4 1 4 10 8 5 5 7 7 4 5 7 
191.1 ; 1.232e-06 ; True ; 23 147 174 226 246 310 367 459 519 601 684 723 739  ; 4 1 4 10 9 5 6 8 7 3 5 7 
199.5 ; 1.288e-06 ; True ; 23 147 174 226 246 310 367 459 519 601 684 723 821  ; 4 1 4 10 9 4 6 8 6 4 6 6 
200 ; 1.341e-06 ; True ; 23 132 147 174 310 367 459 519 601 684 723 739 821  ; 5 1 4 10 8 4 5 7 7 4 6 7 
200.4 ; 1.375e-06 ; True ; 23 147 174 226 310 367 415 459 519 601 684 723 739  ; 5 1 4 11 8 5 6 8 7 3 5 7 
201.7 ; 1.458e-06 ; True ; 23 147 174 226 310 367 459 519 601 684 723 739 821  ; 5 1 4 11 9 4 6 8 6 4 6 6 
203.4 ; 1.505e-06 ; True ; 23 147 174 246 310 367 459 519 601 684 723 739 821  ; 5 1 4 10 9 5 5 8 7 4 5 7 
207.5 ; 1.531e-06 ; True ; 23 106 147 174 226 310 367 459 519 601 684 723 739  ; 4 1 4 11 8 5 7 7 6 4 6 6 
210.3 ; 1.563e-06 ; True ; 23 106 147 174 246 310 367 459 519 601 684 723 739  ; 4 1 4 10 8 6 6 7 7 4 5 7 
211.9 ; 1.585e-06 ; True ; 23 117 147 174 310 367 415 459 519 601 684 723 739  ; 5 1 4 11 7 6 6 8 7 4 4 7 
212.8 ; 1.62e-06 ; True ; 23 147 174 310 367 415 459 519 601 684 723 739 821  ; 6 1 4 11 8 5 5 8 7 4 5 7 
215.2 ; 1.72e-06 ; True ; 23 117 147 174 310 367 459 519 601 684 723 739 821  ; 5 1 4 11 8 5 6 8 6 5 5 6 
220.6 ; 1.731e-06 ; True ; 23 106 147 174 310 367 415 459 519 601 684 723 739  ; 5 1 4 11 7 6 6 7 7 4 5 7 
220.9 ; 1.805e-06 ; True ; 23 106 147 174 310 367 459 519 601 684 723 739 821  ; 5 1 4 11 8 5 6 7 6 5 6 6 
226.9 ; 1.869e-06 ; True ; 23 147 174 226 310 367 459 519 601 684 723 739 762 821  ; 6 1 4 12 9 4 6 8 7 4 6 7 
227.1 ; 1.898e-06 ; True ; 23 132 147 174 226 310 367 459 519 601 684 723 739 821  ; 5 1 4 11 9 4 6 8 7 4 7 7 
229.8 ; 1.941e-06 ; True ; 23 132 147 174 246 310 367 459 519 601 684 723 739 821  ; 5 1 4 10 9 5 5 8 8 4 6 8 
231.5 ; 2.146e-06 ; True ; 23 147 174 226 246 310 367 459 519 601 684 723 739 821  ; 5 1 4 11 10 5 6 9 7 4 6 7 
238.4 ; 2.21e-06 ; True ; 23 106 147 174 226 246 310 367 459 519 601 684 723 739  ; 4 1 4 11 9 6 7 8 7 4 6 7 
240.9 ; 2.321e-06 ; True ; 23 147 174 226 310 367 415 459 519 601 684 723 739 821  ; 6 1 4 12 9 5 6 9 7 4 6 7 
243.6 ; 2.397e-06 ; True ; 23 117 147 174 226 310 367 459 519 601 684 723 739 821  ; 5 1 4 12 9 5 7 9 6 5 6 6 
246.4 ; 2.447e-06 ; True ; 23 117 147 174 246 310 367 459 519 601 684 723 739 821  ; 5 1 4 11 9 6 6 9 7 5 5 7 
248.7 ; 2.466e-06 ; True ; 23 106 147 174 226 310 367 415 459 519 601 684 723 739  ; 5 1 4 12 8 6 7 8 7 4 6 7 
249.9 ; 2.485e-06 ; True ; 23 106 147 174 226 310 367 459 519 601 684 723 739 821  ; 5 1 4 12 9 5 7 8 6 5 7 6 
252.7 ; 2.607e-06 ; True ; 23 106 147 174 246 310 367 459 519 601 684 723 739 821  ; 5 1 4 11 9 6 6 8 7 5 6 7 
253.3 ; 2.634e-06 ; True ; 23 117 147 174 310 367 415 459 519 601 684 723 739 821  ; 6 1 4 12 8 6 6 9 7 5 5 7 
262.7 ; 2.664e-06 ; True ; 23 174 226 310 367 415 432 459 519 601 684 723 739 821  ; 6 1 5 11 8 5 6 9 7 5 5 6 
262.9 ; 2.692e-06 ; True ; 23 147 174 310 367 415 432 459 519 601 684 723 739 821  ; 6 1 5 11 8 5 6 8 7 5 5 7 
263 ; 2.806e-06 ; True ; 23 106 147 174 310 367 415 459 519 601 684 723 739 821  ; 6 1 4 12 8 6 6 8 7 5 6 7 
269.3 ; 3.011e-06 ; True ; 23 147 174 226 310 367 415 459 519 601 632 684 723 739 821  ; 6 1 5 13 9 5 6 9 7 4 6 8 
273.7 ; 3.135e-06 ; True ; 23 147 174 226 246 310 367 415 459 519 601 684 723 739 821  ; 6 1 4 12 10 6 6 10 8 4 6 8 
280.5 ; 3.144e-06 ; True ; 23 147 174 226 310 367 415 459 519 601 684 723 739 821 850  ; 6 1 5 12 9 5 6 9 7 4 7 7 
282.5 ; 3.249e-06 ; True ; 23 147 174 226 246 310 367 415 432 459 519 601 684 723 739  ; 5 1 5 11 9 6 7 9 8 4 5 8 
283.7 ; 3.519e-06 ; True ; 23 106 147 174 226 246 310 367 459 519 601 684 723 739 821  ; 5 1 4 12 10 6 7 9 7 5 7 7 
283.8 ; 3.63e-06 ; True ; 23 117 147 174 226 310 367 415 459 519 601 684 723 739 821  ; 6 1 4 13 9 6 7 10 7 5 6 7 
293 ; 3.666e-06 ; True ; 23 117 147 174 310 367 415 459 519 601 684 723 739 821 850  ; 6 1 5 12 8 6 6 9 7 5 6 7 
294 ; 3.752e-06 ; True ; 23 147 174 226 310 367 415 432 459 519 601 684 723 739 821  ; 6 1 5 12 9 5 7 9 7 5 6 7 
294.1 ; 3.806e-06 ; True ; 23 106 147 174 226 310 367 415 459 519 601 684 723 739 821  ; 6 1 4 13 9 6 7 9 7 5 7 7 
300.8 ; 3.908e-06 ; True ; 23 106 147 174 226 310 367 415 432 459 519 601 684 723 739  ; 5 1 5 12 8 6 8 8 7 5 6 7 
306.7 ; 4.052e-06 ; True ; 23 106 147 174 246 310 367 432 459 519 601 684 723 739 821  ; 5 1 5 11 9 6 7 8 7 6 6 7 
313.9 ; 4.064e-06 ; True ; 23 106 147 174 226 242 246 310 367 459 519 601 684 723 739 821  ; 5 1 4 12 10 6 7 9 7 5 8 8 
314.6 ; 4.127e-06 ; True ; 23 94 117 174 226 310 367 415 459 519 601 684 723 739 821  ; 6 1 4 13 9 7 7 10 7 6 6 6 
316.9 ; 4.315e-06 ; True ; 23 106 174 226 310 367 415 432 459 519 601 684 723 739 821  ; 6 1 5 12 8 6 7 9 7 6 6 6 
317.1 ; 4.361e-06 ; True ; 23 106 147 174 310 367 415 432 459 519 601 684 723 739 821  ; 6 1 5 12 8 6 7 8 7 6 6 7 
319.9 ; 4.735e-06 ; True ; 23 117 147 174 226 246 310 367 415 459 519 601 684 723 739 821  ; 6 1 4 13 10 7 7 11 8 5 6 8 
330.7 ; 5.068e-06 ; True ; 23 147 174 226 246 310 367 415 432 459 519 601 684 723 739 821  ; 6 1 5 12 10 6 7 10 8 5 6 8 
341.2 ; 5.53e-06 ; True ; 23 117 147 174 226 310 367 415 432 459 519 601 684 723 739 821  ; 6 1 5 13 9 6 8 10 7 6 6 7 
351.1 ; 5.798e-06 ; True ; 23 106 147 174 226 310 367 415 432 459 519 601 684 723 739 821  ; 6 1 5 13 9 6 8 9 7 6 7 7 
355.7 ; 5.809e-06 ; True ; 23 106 174 226 246 310 367 415 432 459 519 601 684 723 739 821  ; 6 1 5 12 9 7 7 10 8 6 6 7 
355.8 ; 5.833e-06 ; True ; 23 106 147 174 246 310 367 415 432 459 519 601 684 723 739 821  ; 6 1 5 12 9 7 7 9 8 6 6 8 
364.4 ; 5.889e-06 ; True ; 23 94 147 174 246 310 367 415 432 459 519 601 684 723 739 821  ; 6 1 5 12 10 7 7 9 8 6 6 8 
372.3 ; 6.128e-06 ; True ; 23 106 147 174 226 246 310 367 415 459 519 601 684 723 739 815 821  ; 7 1 4 14 11 7 7 10 8 5 8 9 
376.1 ; 6.592e-06 ; True ; 23 147 174 226 246 310 367 415 432 459 519 601 684 723 739 821 850  ; 6 1 6 12 10 6 7 10 8 5 7 8 
377.2 ; 6.654e-06 ; True ; 23 106 147 174 226 246 310 367 415 459 519 601 684 723 739 821 850  ; 6 1 5 13 10 7 7 10 8 5 8 8 
386.1 ; 6.838e-06 ; True ; 23 106 147 174 226 246 310 367 432 459 519 601 684 723 739 821 850  ; 5 1 6 12 10 6 8 9 7 6 8 7 
390.7 ; 6.975e-06 ; True ; 23 117 174 226 243 310 367 415 432 459 519 601 684 723 739 821 850  ; 6 1 6 12 9 6 8 11 7 6 7 6 
391.9 ; 7.194e-06 ; True ; 23 106 132 174 226 246 310 367 415 432 459 519 601 684 723 739 821  ; 6 1 5 12 9 7 7 10 9 6 7 8 
401.3 ; 7.555e-06 ; True ; 23 106 174 226 246 310 367 415 432 459 519 601 684 723 739 821 850  ; 6 1 6 12 9 7 7 10 8 6 7 7 
401.3 ; 7.586e-06 ; True ; 23 106 147 174 246 310 367 415 432 459 519 601 684 723 739 821 850  ; 6 1 6 12 9 7 7 9 8 6 7 8 
406.5 ; 7.615e-06 ; True ; 1 23 94 147 174 246 310 367 415 432 459 519 601 684 723 739 821  ; 6 1 6 13 10 7 7 9 9 6 6 9 
419.3 ; 7.617e-06 ; True ; 23 106 174 226 310 367 374 415 432 459 519 601 684 723 739 821 850  ; 7 1 6 13 9 7 7 9 8 6 7 7 
421 ; 7.854e-06 ; True ; 23 106 147 174 246 310 367 415 432 459 519 601 684 723 739 821 838  ; 6 1 5 13 9 7 8 9 8 7 7 8 
423.5 ; 7.898e-06 ; True ; 1 23 94 106 174 226 246 310 367 415 432 459 519 601 684 739 821  ; 6 1 5 13 10 7 8 10 8 7 7 7 
426.1 ; 7.921e-06 ; True ; 23 106 147 174 226 246 310 367 432 459 519 601 645 684 723 739 762 821  ; 6 1 5 14 10 6 8 9 8 7 8 8 
427.4 ; 8.442e-06 ; True ; 23 94 106 174 226 246 310 367 415 432 459 519 601 684 723 739 821  ; 6 1 5 13 10 8 8 10 8 7 7 7 
427.6 ; 8.544e-06 ; True ; 23 106 147 174 226 246 310 367 415 432 459 519 601 684 723 739 815 850  ; 6 1 6 13 10 7 8 9 8 5 8 9 
434.7 ; 8.699e-06 ; True ; 23 117 147 174 226 246 310 367 415 459 519 601 684 723 739 821 838 850  ; 6 1 5 14 10 7 8 11 8 6 8 8 
440.2 ; 9.032e-06 ; True ; 23 106 174 226 246 310 367 415 432 459 519 601 650 684 723 739 821 850  ; 6 1 6 13 9 7 7 10 8 7 8 7 
447.8 ; 9.334e-06 ; True ; 23 106 147 174 246 310 367 415 432 459 519 545 601 684 723 739 815 821  ; 7 1 5 14 11 7 8 10 8 6 8 9 
450.7 ; 9.642e-06 ; True ; 23 106 117 174 226 310 367 415 432 459 519 601 684 723 739 762 821 850  ; 7 1 6 14 8 7 8 10 8 7 7 7 
469.4 ; 1.002e-05 ; True ; 23 106 147 174 246 310 367 415 432 459 519 601 684 723 739 821 838 850  ; 6 1 6 13 9 7 8 9 8 7 8 8 
474.7 ; 1.046e-05 ; True ; 23 106 117 174 226 310 367 374 415 432 459 519 601 684 723 739 821 850  ; 7 1 6 14 9 8 8 10 8 7 7 7 
477.9 ; 1.077e-05 ; True ; 23 94 106 174 226 246 310 367 415 432 459 519 601 684 723 739 821 850  ; 6 1 6 13 10 8 8 10 8 7 8 7 
499.6 ; 1.124e-05 ; True ; 23 106 147 174 226 246 310 367 415 432 459 519 601 684 723 739 815 838 850  ; 6 1 6 14 10 7 9 9 8 6 9 9 
516.4 ; 1.16e-05 ; True ; 23 94 106 174 226 310 367 415 432 459 519 601 684 723 739 821 827 850  ; 6 1 7 13 9 7 8 9 8 8 8 7 
520.7 ; 1.244e-05 ; True ; 23 94 106 174 226 246 310 367 415 432 459 519 601 650 684 723 739 821 850  ; 6 1 6 14 10 8 8 10 8 8 9 7 
520.8 ; 1.289e-05 ; True ; 23 94 106 132 174 226 246 310 367 415 432 459 519 601 684 723 739 821 850  ; 6 1 6 13 10 8 8 10 9 7 9 8 
540.6 ; 1.342e-05 ; True ; 23 94 117 147 174 246 310 367 415 432 459 519 601 684 723 739 821 838 850  ; 6 1 6 14 10 8 9 10 8 8 8 8 
549.8 ; 1.354e-05 ; True ; 23 94 106 174 226 246 310 367 415 432 459 519 601 684 723 739 821 838 850  ; 6 1 6 14 10 8 9 10 8 8 9 7 
559.4 ; 1.489e-05 ; True ; 23 94 106 147 174 226 246 310 367 415 432 459 519 601 684 723 739 821 827  ; 6 1 6 14 11 8 9 10 9 8 8 9 
595.3 ; 1.49e-05 ; True ; 23 94 106 174 203 226 246 310 367 415 432 459 519 601 656 684 723 739 821 850  ; 7 1 7 14 10 8 8 10 8 7 9 8 
598.5 ; 1.509e-05 ; True ; 23 94 106 174 226 246 310 367 399 415 432 459 519 601 684 721 723 739 821 850  ; 6 1 6 15 10 8 9 11 8 9 9 7 
601.3 ; 1.521e-05 ; True ; 23 94 106 174 226 246 310 367 415 432 459 519 601 684 723 739 745 821 827  ; 7 1 7 14 10 8 8 10 9 8 7 9 
609.1 ; 1.535e-05 ; True ; 23 94 106 174 226 246 310 367 415 432 459 475 519 601 684 723 739 821 827  ; 6 1 6 14 11 9 9 11 9 9 7 8 
609.2 ; 1.539e-05 ; True ; 23 106 117 160 174 246 310 315 367 415 432 459 519 601 684 723 739 821 838 850  ; 8 1 6 14 10 10 8 11 9 8 7 8 
612.8 ; 1.539e-05 ; True ; 23 94 106 132 147 226 246 310 367 399 415 432 459 519 601 684 723 739 821 838  ; 6 1 5 15 10 8 10 10 9 8 10 9 
622.5 ; 1.643e-05 ; True ; 23 94 106 174 226 246 310 367 432 459 519 545 601 684 723 739 815 821 827 850  ; 6 1 7 14 12 7 9 10 8 8 10 8 
628.3 ; 1.654e-05 ; True ; 23 94 106 174 226 246 310 367 415 432 459 519 571 601 684 723 739 821 827 850  ; 7 1 7 13 10 8 8 10 9 8 8 9 
633.3 ; 1.69e-05 ; True ; 23 94 106 174 226 246 310 367 415 459 519 545 601 684 723 739 821 827 838 850  ; 6 1 6 15 11 8 9 11 9 8 10 8 
633.4 ; 1.721e-05 ; True ; 23 94 106 174 226 246 310 367 415 432 459 519 601 684 723 739 786 821 827 850  ; 7 1 7 14 10 8 8 10 10 8 8 9 
636.2 ; 1.827e-05 ; True ; 23 94 106 147 174 226 246 310 367 415 432 459 519 601 684 723 739 778 815 821 850  ; 8 1 6 16 12 8 9 10 9 7 10 10 
657 ; 1.838e-05 ; True ; 23 94 106 204 226 246 310 367 415 432 459 519 545 601 684 723 739 815 821 850  ; 8 1 7 14 11 8 8 10 9 7 10 9 
665.5 ; 1.943e-05 ; True ; 23 94 106 174 226 246 310 367 415 432 459 519 545 601 684 723 739 815 821 838 850  ; 7 1 6 16 12 8 10 11 8 8 11 8 
668.3 ; 1.996e-05 ; True ; 23 106 147 174 226 246 310 367 415 432 459 519 601 684 723 739 815 821 827 838 850  ; 7 1 7 15 11 7 9 10 9 8 10 10 
693.7 ; 2.039e-05 ; True ; 23 94 106 117 132 174 246 310 367 407 415 432 459 519 601 684 723 739 821 838 850  ; 7 1 6 15 9 10 9 10 10 9 9 9 
719 ; 2.059e-05 ; True ; 23 94 106 174 226 246 310 313 367 415 432 459 519 601 684 723 739 815 821 827 838  ; 7 1 6 16 12 9 10 10 9 9 9 9 
728.2 ; 2.134e-05 ; True ; 16 23 94 106 174 226 246 310 367 415 432 459 519 601 684 723 739 821 827 838 850  ; 7 1 7 14 10 8 9 10 10 9 9 9 
751.9 ; 2.244e-05 ; True ; 23 94 106 174 226 246 310 367 415 459 519 545 601 684 723 739 817 821 827 838 850  ; 7 1 7 15 11 8 9 11 10 8 10 9 
800.6 ; 2.297e-05 ; True ; 23 94 106 147 174 246 310 367 415 432 519 545 601 684 723 739 740 815 821 827 838 850  ; 7 1 6 16 13 9 10 10 9 9 11 9 
817.5 ; 2.302e-05 ; True ; 23 94 106 174 226 246 284 310 367 432 459 519 593 601 684 723 739 815 821 827 838 850  ; 8 1 7 15 13 9 9 9 9 9 10 9 
830.6 ; 2.315e-05 ; True ; 23 94 106 174 204 246 310 367 415 432 459 519 545 593 601 684 723 727 817 821 827  ; 8 1 9 13 10 8 8 9 11 10 7 10 
831.5 ; 2.526e-05 ; True ; 23 94 106 165 174 204 226 246 310 367 415 432 459 519 601 684 723 739 815 821 827 850  ; 8 1 8 15 11 8 8 10 10 10 9 10 
831.9 ; 2.807e-05 ; True ; 23 94 106 174 204 246 310 367 374 415 432 459 519 545 601 684 723 739 815 821 827 850  ; 9 1 8 15 12 9 8 10 11 9 9 11 
881.9 ; 2.839e-05 ; True ; 23 94 106 174 226 246 310 367 415 432 459 519 593 601 636 684 723 739 815 821 827 838 850  ; 9 1 7 17 12 10 9 10 10 9 10 10 
941 ; 2.916e-05 ; True ; 23 94 106 174 223 246 310 367 432 459 519 545 601 684 723 739 740 815 817 821 827 838 850  ; 9 1 8 16 12 8 9 10 10 9 11 9 
949.6 ; 3.027e-05 ; True ; 23 94 106 174 223 246 310 367 432 459 519 545 593 601 684 723 739 815 817 821 827 838 850  ; 9 1 8 16 12 8 9 10 10 9 11 10 
956.1 ; 3.087e-05 ; True ; 23 94 106 174 223 246 310 367 432 459 503 519 545 601 674 684 723 739 817 821 827 838 850  ; 8 1 9 16 11 8 9 10 10 10 10 9 
1011 ; 3.193e-05 ; True ; 23 94 106 147 174 204 223 310 367 399 412 415 432 459 519 601 684 723 739 815 821 827 838 850  ; 9 1 8 18 11 7 10 10 9 11 11 10 
1047 ; 3.437e-05 ; True ; 23 94 106 174 223 246 310 367 432 459 519 545 601 684 723 739 740 792 815 817 821 827 838 850  ; 9 1 8 17 12 8 10 10 10 10 12 9 


RUN 10:
Optimum Distance: 11.84
Optimal Team: 23,367,684,
Required Skills: 0 1 4 5 9 10 11 14 16 18 23 24 
Distance; Skill Score; isValid; Team; Skill Counts
11.84 ; 2.946e-12 ; True ; 23 367 684  ; 1 1 1 2 2 1 1 1 1 1 1 1 
12.82 ; 3.231e-12 ; True ; 367 459 519  ; 1 1 1 2 1 1 1 1 2 1 1 1 
15.84 ; 4.59e-12 ; True ; 204 367 519  ; 1 1 1 1 1 1 1 1 2 2 1 1 
18.61 ; 5.976e-12 ; True ; 8 367 601 684  ; 1 1 1 3 2 1 1 2 1 1 1 1 
18.64 ; 1.164e-11 ; True ; 364 367 415 684  ; 2 1 1 3 1 1 1 2 1 1 1 2 
18.65 ; 1.362e-11 ; True ; 23 174 310 367  ; 1 1 1 2 3 1 2 2 1 1 1 1 
18.71 ; 2.319e-11 ; True ; 23 367 558 684  ; 1 1 1 2 3 2 1 1 2 1 1 2 
18.75 ; 2.739e-11 ; True ; 23 174 367 684  ; 1 1 1 3 3 1 2 2 1 2 1 1 
19.54 ; 4.373e-11 ; True ; 23 246 367 684  ; 1 1 1 2 3 2 1 2 2 1 1 2 
19.62 ; 4.601e-11 ; True ; 23 310 367 684  ; 2 1 1 2 3 1 2 2 1 1 2 1 
20.63 ; 5.073e-11 ; True ; 367 601 684 739  ; 2 1 1 3 2 1 1 3 2 1 1 2 
20.64 ; 8.406e-11 ; True ; 23 367 684 739  ; 2 1 1 3 3 2 1 2 2 1 1 2 
23.46 ; 9.129e-11 ; True ; 367 459 519 739  ; 2 1 1 3 2 2 1 2 3 1 1 2 
23.56 ; 1.059e-10 ; True ; 367 519 601 684  ; 1 1 1 3 2 1 2 3 2 2 2 1 
23.71 ; 1.336e-10 ; True ; 367 459 519 684  ; 2 1 1 3 2 1 2 2 2 2 2 1 
24.69 ; 1.755e-10 ; True ; 23 367 519 684  ; 1 1 1 3 3 2 2 2 2 2 2 1 
26.61 ; 1.94e-10 ; True ; 23 174 367 558 684  ; 1 1 1 3 4 2 2 2 2 2 1 2 
27.53 ; 2.169e-10 ; True ; 23 174 310 367 684  ; 2 1 1 3 4 1 3 3 1 2 2 1 
27.55 ; 2.377e-10 ; True ; 160 174 367 601 684  ; 2 1 1 4 3 1 2 3 2 2 1 2 
27.7 ; 2.489e-10 ; True ; 1 310 367 415 684  ; 3 1 1 3 2 1 2 3 2 1 2 2 
28.24 ; 3.448e-10 ; True ; 117 160 367 601 684  ; 2 1 1 4 2 2 2 3 2 2 1 2 
29.44 ; 3.99e-10 ; True ; 310 367 601 684 739  ; 3 1 1 3 3 1 2 4 2 1 2 2 
29.53 ; 5.018e-10 ; True ; 23 174 367 684 739  ; 2 1 1 4 4 2 2 3 2 2 1 2 
30.36 ; 5.074e-10 ; True ; 23 226 367 684 739  ; 2 1 1 4 4 2 2 3 2 1 2 2 
30.39 ; 5.984e-10 ; True ; 23 310 367 684 723  ; 2 1 2 3 3 2 2 2 2 1 2 2 
30.41 ; 6.683e-10 ; True ; 23 310 367 684 739  ; 3 1 1 3 4 2 2 3 2 1 2 2 
34.14 ; 7.551e-10 ; True ; 310 367 519 601 739  ; 2 1 1 3 3 2 2 4 3 1 2 2 
34.25 ; 8.067e-10 ; True ; 310 367 459 519 739  ; 3 1 1 3 3 2 2 3 3 1 2 2 
34.4 ; 9.532e-10 ; True ; 367 459 519 601 684  ; 2 1 2 4 2 1 2 3 3 2 2 2 
35.36 ; 1.135e-09 ; True ; 367 415 519 601 684  ; 2 1 1 4 2 2 2 4 3 2 2 2 
36.21 ; 1.145e-09 ; True ; 1 367 519 684 739  ; 2 1 1 4 3 2 2 3 3 2 2 2 
36.21 ; 1.443e-09 ; True ; 367 519 601 684 739  ; 2 1 1 4 3 2 2 4 3 2 2 2 
36.34 ; 1.542e-09 ; True ; 367 459 519 684 739  ; 3 1 1 4 3 2 2 3 3 2 2 2 
36.47 ; 1.58e-09 ; True ; 23 367 459 519 684  ; 2 1 2 4 3 2 2 2 3 2 2 2 
37.21 ; 1.817e-09 ; True ; 23 367 519 684 739  ; 2 1 1 4 4 3 2 3 3 2 2 2 
39.06 ; 1.831e-09 ; True ; 23 174 310 367 601 684  ; 2 1 2 4 4 1 3 4 2 2 2 2 
39.19 ; 1.956e-09 ; True ; 23 174 310 367 459 684  ; 3 1 2 4 4 1 3 3 2 2 2 2 
40.25 ; 2.68e-09 ; True ; 23 174 310 367 684 723  ; 2 1 2 4 4 2 3 3 2 2 2 2 
42.95 ; 3.192e-09 ; True ; 23 310 367 601 684 739  ; 3 1 2 4 4 2 2 4 3 1 2 3 
43.17 ; 3.513e-09 ; True ; 23 310 367 684 723 739  ; 3 1 2 4 4 3 2 3 3 1 2 3 
46.05 ; 4.224e-09 ; True ; 310 367 459 519 601 684  ; 3 1 2 4 3 1 3 4 3 2 3 2 
47.13 ; 4.565e-09 ; True ; 1 310 367 519 684 739  ; 3 1 1 4 4 2 3 4 3 2 3 2 
47.99 ; 5.4e-09 ; True ; 310 367 519 601 684 739  ; 3 1 1 4 4 2 3 5 3 2 3 2 
48.13 ; 5.489e-09 ; True ; 310 367 459 519 684 739  ; 4 1 1 4 4 2 3 4 3 2 3 2 
48.95 ; 6.623e-09 ; True ; 23 310 367 519 601 684  ; 2 1 2 4 4 2 3 4 3 2 3 2 
49.09 ; 7.075e-09 ; True ; 23 310 367 459 519 684  ; 3 1 2 4 4 2 3 3 3 2 3 2 
50.04 ; 7.431e-09 ; True ; 23 174 310 367 459 558 684  ; 3 1 2 4 5 2 3 3 3 2 2 3 
50.86 ; 7.618e-09 ; True ; 23 367 519 601 684 739  ; 2 1 2 5 4 3 2 4 4 2 2 3 
50.97 ; 8.139e-09 ; True ; 23 367 459 519 684 739  ; 3 1 2 5 4 3 2 3 4 2 2 3 
52.84 ; 8.302e-09 ; True ; 23 174 226 367 601 684 739  ; 2 1 2 6 5 2 3 5 3 2 2 3 
53.52 ; 9.365e-09 ; True ; 23 174 246 310 367 459 684  ; 3 1 2 4 5 2 3 4 3 2 2 3 
53.65 ; 9.647e-09 ; True ; 23 174 246 310 367 684 723  ; 2 1 2 4 5 3 3 4 3 2 2 3 
53.82 ; 1.115e-08 ; True ; 23 174 310 367 601 684 739  ; 3 1 2 5 5 2 3 5 3 2 2 3 
53.93 ; 1.134e-08 ; True ; 23 174 310 367 459 684 739  ; 4 1 2 5 5 2 3 4 3 2 2 3 
55.01 ; 1.308e-08 ; True ; 23 174 310 367 684 723 739  ; 3 1 2 5 5 3 3 4 3 2 2 3 
60.67 ; 1.518e-08 ; True ; 310 367 459 519 601 640 684  ; 3 1 2 5 4 2 3 4 4 2 3 3 
61.75 ; 1.546e-08 ; True ; 23 174 310 367 519 601 684  ; 2 1 2 5 5 2 4 5 3 3 3 2 
61.87 ; 1.781e-08 ; True ; 174 367 459 519 601 684 739  ; 3 1 2 6 4 2 3 5 4 3 2 3 
62.67 ; 1.796e-08 ; True ; 1 310 367 519 601 684 739  ; 3 1 2 5 4 2 3 5 4 2 3 3 
62.67 ; 2.16e-08 ; True ; 310 367 459 519 601 684 739  ; 4 1 2 5 4 2 3 5 4 2 3 3 
63.59 ; 2.225e-08 ; True ; 23 310 367 459 519 601 684  ; 3 1 3 5 4 2 3 4 4 2 3 3 
64.76 ; 2.266e-08 ; True ; 23 174 367 459 519 684 739  ; 3 1 2 6 5 3 3 4 4 3 2 3 
65.45 ; 2.27e-08 ; True ; 23 246 310 367 459 519 684  ; 3 1 2 4 5 3 3 4 4 2 3 3 
65.45 ; 2.703e-08 ; True ; 23 310 367 519 601 684 739  ; 3 1 2 5 5 3 3 5 4 2 3 3 
65.57 ; 2.748e-08 ; True ; 23 310 367 459 519 684 739  ; 4 1 2 5 5 3 3 4 4 2 3 3 
66.67 ; 2.824e-08 ; True ; 23 310 367 519 684 723 739  ; 3 1 2 5 5 4 3 4 4 2 3 3 
68.45 ; 2.97e-08 ; True ; 23 174 310 367 459 601 684 739  ; 4 1 3 6 5 2 3 5 4 2 2 4 
70.35 ; 3.035e-08 ; True ; 23 174 246 310 367 684 723 739  ; 3 1 2 5 6 4 3 5 4 2 2 4 
70.49 ; 3.426e-08 ; True ; 23 174 310 367 601 684 723 739  ; 3 1 3 6 5 3 3 5 4 2 2 4 
70.6 ; 3.482e-08 ; True ; 23 174 310 367 459 684 723 739  ; 4 1 3 6 5 3 3 4 4 2 2 4 
73.73 ; 3.521e-08 ; True ; 174 310 367 459 519 558 601 684  ; 3 1 2 5 5 2 4 5 4 3 3 3 
74.48 ; 3.528e-08 ; True ; 174 310 367 459 519 601 640 684  ; 3 1 2 6 5 2 4 5 4 3 3 3 
76.51 ; 4.824e-08 ; True ; 174 310 367 459 519 601 684 739  ; 4 1 2 6 5 2 4 6 4 3 3 3 
77.38 ; 5.17e-08 ; True ; 23 174 310 367 459 519 601 684  ; 3 1 3 6 5 2 4 5 4 3 3 3 
80.24 ; 5.859e-08 ; True ; 23 174 310 367 519 601 684 739  ; 3 1 2 6 6 3 4 6 4 3 3 3 
80.36 ; 6.196e-08 ; True ; 23 174 310 367 459 519 684 739  ; 4 1 2 6 6 3 4 5 4 3 3 3 
82.07 ; 6.764e-08 ; True ; 23 310 367 459 519 601 684 739  ; 4 1 3 6 5 3 3 5 5 2 3 4 
84.13 ; 6.952e-08 ; True ; 23 310 367 519 601 684 723 739  ; 3 1 3 6 5 4 3 5 5 2 3 4 
84.25 ; 7.067e-08 ; True ; 23 310 367 459 519 684 723 739  ; 4 1 3 6 5 4 3 4 5 2 3 4 
86.9 ; 7.493e-08 ; True ; 23 174 226 310 367 601 684 723 739  ; 3 1 3 7 6 3 4 6 4 2 3 4 
87.08 ; 7.59e-08 ; True ; 23 147 174 310 367 601 684 723 739  ; 3 1 3 7 6 3 4 5 4 2 3 5 
87.15 ; 7.715e-08 ; True ; 23 147 174 310 367 459 684 723 739  ; 4 1 3 7 6 3 4 4 4 2 3 5 
87.88 ; 7.924e-08 ; True ; 23 174 226 310 367 459 684 723 739  ; 4 1 3 7 6 3 4 5 4 2 3 4 
92.53 ; 8.466e-08 ; True ; 23 117 174 310 367 459 601 684 739  ; 4 1 3 7 5 3 4 6 4 3 2 4 
93.12 ; 9.487e-08 ; True ; 147 174 310 367 459 519 601 684 739  ; 4 1 2 7 6 2 5 6 4 3 4 4 
93.95 ; 1.017e-07 ; True ; 23 147 174 310 367 459 519 601 684  ; 3 1 3 7 6 2 5 5 4 3 4 4 
94.13 ; 1.07e-07 ; True ; 23 174 310 367 459 519 558 601 684  ; 3 1 3 6 6 3 4 5 5 3 3 4 
96.28 ; 1.118e-07 ; True ; 23 174 310 367 459 519 558 684 723  ; 3 1 3 6 6 4 4 4 5 3 3 4 
97.06 ; 1.234e-07 ; True ; 23 147 174 367 459 519 601 684 739  ; 3 1 3 8 6 3 4 5 5 3 3 5 
97.84 ; 1.464e-07 ; True ; 23 174 310 367 459 519 601 684 739  ; 4 1 3 7 6 3 4 6 5 3 3 4 
100.9 ; 1.505e-07 ; True ; 23 174 310 367 519 601 684 723 739  ; 3 1 3 7 6 4 4 6 5 3 3 4 
101 ; 1.591e-07 ; True ; 23 174 310 367 459 519 684 723 739  ; 4 1 3 7 6 4 4 5 5 3 3 4 
107.9 ; 1.628e-07 ; True ; 23 310 367 459 519 601 684 739 821  ; 5 1 3 7 6 3 3 6 5 3 4 4 
108.9 ; 1.718e-07 ; True ; 23 117 310 367 459 519 601 684 739  ; 4 1 3 7 5 4 4 6 5 3 3 4 
110 ; 1.776e-07 ; True ; 23 310 367 519 601 684 723 739 821  ; 4 1 3 7 6 4 3 6 5 3 4 4 
111.7 ; 1.943e-07 ; True ; 23 147 174 310 367 459 519 558 601 684  ; 3 1 3 7 7 3 5 5 5 3 4 5 
114.8 ; 1.946e-07 ; True ; 23 147 174 367 459 519 558 601 684 739  ; 3 1 3 8 7 4 4 5 6 3 3 6 
114.8 ; 2.03e-07 ; True ; 23 147 174 310 367 459 519 558 684 723  ; 3 1 3 7 7 4 5 4 5 3 4 5 
115.4 ; 2.21e-07 ; True ; 23 147 174 226 367 459 519 601 684 739  ; 3 1 3 9 7 3 5 6 5 3 4 5 
115.7 ; 2.211e-07 ; True ; 23 174 310 367 459 519 558 601 684 723  ; 3 1 4 7 6 4 4 5 6 3 3 5 
116.3 ; 2.312e-07 ; True ; 23 174 310 367 459 519 601 650 684 739  ; 4 1 3 8 6 3 4 6 5 4 4 4 
116.4 ; 2.657e-07 ; True ; 23 147 174 310 367 459 519 601 684 739  ; 4 1 3 8 7 3 5 6 5 3 4 5 
120.4 ; 3.023e-07 ; True ; 23 174 310 367 459 519 601 684 723 739  ; 4 1 4 8 6 4 4 6 6 3 3 5 
129.5 ; 3.176e-07 ; True ; 23 117 147 310 367 459 519 601 684 739  ; 4 1 3 8 6 4 5 6 5 3 4 5 
129.7 ; 3.27e-07 ; True ; 23 174 310 367 519 601 684 723 739 821  ; 4 1 3 8 7 4 4 7 5 4 4 4 
130.7 ; 3.346e-07 ; True ; 23 174 310 367 459 519 684 723 739 821  ; 5 1 3 8 7 4 4 6 5 4 4 4 
131.3 ; 3.448e-07 ; True ; 23 106 174 310 367 459 519 601 684 739  ; 4 1 3 8 6 4 5 6 5 4 4 4 
135.2 ; 3.864e-07 ; True ; 23 147 174 310 367 459 519 558 601 684 723  ; 3 1 4 8 7 4 5 5 6 3 4 6 
136.1 ; 4.144e-07 ; True ; 23 147 174 310 367 459 519 558 601 684 739  ; 4 1 3 8 8 4 5 6 6 3 4 6 
139.2 ; 4.233e-07 ; True ; 23 147 174 310 367 459 519 558 684 723 739  ; 4 1 3 8 8 5 5 5 6 3 4 6 
139.6 ; 4.393e-07 ; True ; 23 147 174 246 310 367 459 519 601 684 723  ; 3 1 4 8 7 4 5 6 6 3 4 6 
140.1 ; 4.393e-07 ; True ; 23 147 174 226 367 459 519 601 684 723 739  ; 3 1 4 10 7 4 5 6 6 3 4 6 
140.4 ; 4.586e-07 ; True ; 23 147 174 246 310 367 459 519 601 684 739  ; 4 1 3 8 8 4 5 7 6 3 4 6 
140.9 ; 5.282e-07 ; True ; 23 147 174 310 367 459 519 601 684 723 739  ; 4 1 4 9 7 4 5 6 6 3 4 6 
149.6 ; 5.474e-07 ; True ; 23 147 174 367 459 519 601 684 723 739 821  ; 4 1 4 10 7 4 4 6 6 4 4 6 
152.1 ; 6.187e-07 ; True ; 23 174 310 367 459 519 601 684 723 739 821  ; 5 1 4 9 7 4 4 7 6 4 4 5 
157.9 ; 6.69e-07 ; True ; 23 106 174 310 367 459 519 601 684 723 739  ; 4 1 4 9 6 5 5 6 6 4 4 5 
161.6 ; 7.357e-07 ; True ; 23 147 174 310 367 459 519 558 601 684 723 739  ; 4 1 4 9 8 5 5 6 7 3 4 7 
164.1 ; 8.209e-07 ; True ; 23 147 174 226 310 367 459 519 601 684 723 739  ; 4 1 4 10 8 4 6 7 6 3 5 6 
173.4 ; 8.857e-07 ; True ; 23 147 174 246 310 367 459 519 601 684 723 821  ; 4 1 4 9 8 4 5 7 6 4 5 6 
173.9 ; 8.858e-07 ; True ; 23 147 174 226 367 459 519 601 684 723 739 821  ; 4 1 4 11 8 4 5 7 6 4 5 6 
175.2 ; 9.021e-07 ; True ; 23 147 174 310 367 415 459 519 601 684 723 739  ; 5 1 4 10 7 5 5 7 7 3 4 7 
175.6 ; 1.003e-06 ; True ; 23 147 174 310 367 459 519 601 684 723 739 821  ; 5 1 4 10 8 4 5 7 6 4 5 6 
181.3 ; 1.054e-06 ; True ; 23 106 147 174 310 367 459 519 601 684 723 739  ; 4 1 4 10 7 5 6 6 6 4 5 6 
186.6 ; 1.084e-06 ; True ; 23 147 174 226 310 367 459 519 601 632 684 723 739  ; 4 1 5 11 8 4 6 7 6 3 5 7 
186.7 ; 1.135e-06 ; True ; 23 147 174 226 310 367 459 519 558 601 684 723 739  ; 4 1 4 10 9 5 6 7 7 3 5 7 
191.1 ; 1.232e-06 ; True ; 23 147 174 226 246 310 367 459 519 601 684 723 739  ; 4 1 4 10 9 5 6 8 7 3 5 7 
199.5 ; 1.288e-06 ; True ; 23 147 174 226 246 310 367 459 519 601 684 723 821  ; 4 1 4 10 9 4 6 8 6 4 6 6 
200 ; 1.325e-06 ; True ; 23 147 174 310 367 459 519 601 632 684 723 739 821  ; 5 1 5 11 8 4 5 7 6 4 5 7 
200 ; 1.341e-06 ; True ; 23 132 147 174 310 367 459 519 601 684 723 739 821  ; 5 1 4 10 8 4 5 7 7 4 6 7 
200.4 ; 1.375e-06 ; True ; 23 147 174 226 310 367 415 459 519 601 684 723 739  ; 5 1 4 11 8 5 6 8 7 3 5 7 
201.7 ; 1.458e-06 ; True ; 23 147 174 226 310 367 459 519 601 684 723 739 821  ; 5 1 4 11 9 4 6 8 6 4 6 6 
203.4 ; 1.505e-06 ; True ; 23 147 174 246 310 367 459 519 601 684 723 739 821  ; 5 1 4 10 9 5 5 8 7 4 5 7 
207.5 ; 1.531e-06 ; True ; 23 106 147 174 226 310 367 459 519 601 684 723 739  ; 4 1 4 11 8 5 7 7 6 4 6 6 
210.3 ; 1.563e-06 ; True ; 23 106 147 174 246 310 367 459 519 601 684 723 739  ; 4 1 4 10 8 6 6 7 7 4 5 7 
211.9 ; 1.585e-06 ; True ; 23 117 147 174 310 367 415 459 519 601 684 723 739  ; 5 1 4 11 7 6 6 8 7 4 4 7 
212.8 ; 1.62e-06 ; True ; 23 147 174 310 367 415 459 519 601 684 723 739 821  ; 6 1 4 11 8 5 5 8 7 4 5 7 
215.2 ; 1.72e-06 ; True ; 23 117 147 174 310 367 459 519 601 684 723 739 821  ; 5 1 4 11 8 5 6 8 6 5 5 6 
220.6 ; 1.731e-06 ; True ; 23 106 147 174 310 367 415 459 519 601 684 723 739  ; 5 1 4 11 7 6 6 7 7 4 5 7 
220.9 ; 1.805e-06 ; True ; 23 106 147 174 310 367 459 519 601 684 723 739 821  ; 5 1 4 11 8 5 6 7 6 5 6 6 
227.1 ; 1.898e-06 ; True ; 23 132 147 174 226 310 367 459 519 601 684 723 739 821  ; 5 1 4 11 9 4 6 8 7 4 7 7 
227.1 ; 1.926e-06 ; True ; 23 147 174 226 310 367 459 519 601 632 684 723 739 821  ; 5 1 5 12 9 4 6 8 6 4 6 7 
227.6 ; 1.938e-06 ; True ; 23 117 147 174 226 310 367 459 519 601 684 723 739 762  ; 5 1 4 12 8 5 7 8 7 4 5 7 
229.7 ; 1.953e-06 ; True ; 23 147 174 246 310 367 459 519 601 632 684 723 739 821  ; 5 1 5 11 9 5 5 8 7 4 5 8 
231.5 ; 2.146e-06 ; True ; 23 147 174 226 246 310 367 459 519 601 684 723 739 821  ; 5 1 4 11 10 5 6 9 7 4 6 7 
238.4 ; 2.21e-06 ; True ; 23 106 147 174 226 246 310 367 459 519 601 684 723 739  ; 4 1 4 11 9 6 7 8 7 4 6 7 
239.4 ; 2.316e-06 ; True ; 23 117 147 174 226 310 367 415 459 519 601 684 723 739  ; 5 1 4 12 8 6 7 9 7 4 5 7 
240.9 ; 2.321e-06 ; True ; 23 147 174 226 310 367 415 459 519 601 684 723 739 821  ; 6 1 4 12 9 5 6 9 7 4 6 7 
245.8 ; 2.363e-06 ; True ; 23 117 147 174 226 310 367 415 459 519 601 684 723 821  ; 5 1 4 12 8 5 7 9 6 5 6 6 
246.4 ; 2.447e-06 ; True ; 23 117 147 174 246 310 367 459 519 601 684 723 739 821  ; 5 1 4 11 9 6 6 9 7 5 5 7 
248.7 ; 2.466e-06 ; True ; 23 106 147 174 226 310 367 415 459 519 601 684 723 739  ; 5 1 4 12 8 6 7 8 7 4 6 7 
249.9 ; 2.485e-06 ; True ; 23 106 147 174 226 310 367 459 519 601 684 723 739 821  ; 5 1 4 12 9 5 7 8 6 5 7 6 
252.7 ; 2.607e-06 ; True ; 23 106 147 174 246 310 367 459 519 601 684 723 739 821  ; 5 1 4 11 9 6 6 8 7 5 6 7 
253.3 ; 2.634e-06 ; True ; 23 117 147 174 310 367 415 459 519 601 684 723 739 821  ; 6 1 4 12 8 6 6 9 7 5 5 7 
262.2 ; 2.707e-06 ; True ; 23 106 117 147 174 310 367 415 459 519 601 684 723 739  ; 5 1 4 12 7 7 7 8 7 5 5 7 
263 ; 2.806e-06 ; True ; 23 106 147 174 310 367 415 459 519 601 684 723 739 821  ; 6 1 4 12 8 6 6 8 7 5 6 7 
269.5 ; 2.81e-06 ; True ; 23 106 174 226 310 367 415 432 459 519 601 684 723 739  ; 5 1 5 11 7 6 7 8 7 5 5 6 
269.8 ; 2.847e-06 ; True ; 23 94 147 174 310 367 415 459 519 601 684 723 739 821  ; 6 1 4 12 9 6 6 8 7 5 6 7 
273.7 ; 3.135e-06 ; True ; 23 147 174 226 246 310 367 415 459 519 601 684 723 739 821  ; 6 1 4 12 10 6 6 10 8 4 6 8 
280.5 ; 3.144e-06 ; True ; 23 147 174 226 310 367 415 459 519 601 684 723 739 821 850  ; 6 1 5 12 9 5 6 9 7 4 7 7 
283.8 ; 3.63e-06 ; True ; 23 117 147 174 226 310 367 415 459 519 601 684 723 739 821  ; 6 1 4 13 9 6 7 10 7 5 6 7 
288 ; 3.642e-06 ; True ; 1 23 117 147 174 310 367 415 459 519 601 684 723 739 821  ; 6 1 5 13 8 6 6 9 8 5 5 8 
293 ; 3.666e-06 ; True ; 23 117 147 174 310 367 415 459 519 601 684 723 739 821 850  ; 6 1 5 12 8 6 6 9 7 5 6 7 
294.1 ; 3.806e-06 ; True ; 23 106 147 174 226 310 367 415 459 519 601 684 723 739 821  ; 6 1 4 13 9 6 7 9 7 5 7 7 
299.3 ; 3.879e-06 ; True ; 1 23 106 147 174 310 367 415 459 519 601 684 723 739 821  ; 6 1 5 13 8 6 6 8 8 5 6 8 
306.7 ; 4.052e-06 ; True ; 23 106 147 174 246 310 367 432 459 519 601 684 723 739 821  ; 5 1 5 11 9 6 7 8 7 6 6 7 
308.5 ; 4.158e-06 ; True ; 23 106 117 147 174 310 367 415 459 519 601 684 723 739 821  ; 6 1 4 13 8 7 7 9 7 6 6 7 
314.9 ; 4.381e-06 ; True ; 23 117 147 174 226 310 367 415 459 519 601 684 723 739 762 821  ; 7 1 4 14 9 6 7 10 8 5 6 8 
320.2 ; 4.547e-06 ; True ; 23 117 147 174 226 246 310 367 459 519 601 684 723 739 821 850  ; 5 1 5 12 10 6 7 10 7 5 7 7 
326.3 ; 4.917e-06 ; True ; 23 117 147 174 226 310 367 415 459 519 601 684 723 739 821 850  ; 6 1 5 13 9 6 7 10 7 5 7 7 
330.9 ; 5.009e-06 ; True ; 23 106 147 174 226 246 310 367 415 459 519 601 684 723 739 821  ; 6 1 4 13 10 7 7 10 8 5 7 8 
341.1 ; 5.046e-06 ; True ; 23 106 117 147 174 243 310 367 415 459 519 601 684 723 739 850  ; 5 1 5 12 8 7 8 9 7 5 7 7 
341.4 ; 5.083e-06 ; True ; 23 106 147 174 246 310 367 415 459 519 601 684 723 739 821 850  ; 6 1 5 12 9 7 6 9 8 5 7 8 
344.1 ; 5.233e-06 ; True ; 23 106 117 147 174 246 310 367 459 519 601 684 723 739 821 850  ; 5 1 5 12 9 7 7 9 7 6 7 7 
346.8 ; 5.329e-06 ; True ; 23 106 117 174 226 246 310 367 415 459 519 601 684 723 739 821  ; 6 1 4 13 9 8 7 11 8 6 6 7 
347.7 ; 5.53e-06 ; True ; 23 117 147 174 243 310 367 415 432 459 519 601 684 723 739 821  ; 6 1 5 12 9 6 8 10 7 6 6 7 
351.2 ; 5.632e-06 ; True ; 23 106 117 147 174 310 367 415 459 519 601 684 723 739 821 850  ; 6 1 5 13 8 7 7 9 7 6 7 7 
358.8 ; 5.672e-06 ; True ; 23 106 147 174 310 367 415 432 459 519 601 684 723 739 821 850  ; 6 1 6 12 8 6 7 8 7 6 7 7 
366.3 ; 5.961e-06 ; True ; 23 117 174 226 246 310 367 415 459 519 601 632 684 723 739 821 850  ; 6 1 6 13 9 7 6 11 8 5 6 8 
374.8 ; 6.12e-06 ; True ; 23 106 117 226 246 310 367 415 432 459 519 601 684 723 739 821  ; 6 1 5 12 8 8 7 10 8 6 6 7 
380.9 ; 6.347e-06 ; True ; 23 117 147 174 243 310 367 415 432 459 519 545 601 684 723 739 850  ; 5 1 6 12 9 6 9 10 7 5 7 7 
383.1 ; 6.552e-06 ; True ; 23 106 117 147 174 243 246 310 367 415 459 519 601 684 723 739 850  ; 5 1 5 12 9 8 8 10 8 5 7 8 
385.6 ; 6.577e-06 ; True ; 23 117 174 226 310 367 415 432 459 519 601 684 723 739 762 821 850  ; 7 1 6 13 8 6 7 10 8 6 6 7 
390.7 ; 6.975e-06 ; True ; 23 117 174 226 243 310 367 415 432 459 519 601 684 723 739 821 850  ; 6 1 6 12 9 6 8 11 7 6 7 6 
393.2 ; 7.312e-06 ; True ; 23 106 117 147 174 246 310 367 415 459 519 601 684 723 739 821 850  ; 6 1 5 13 9 8 7 10 8 6 7 8 
401.3 ; 7.586e-06 ; True ; 23 106 147 174 246 310 367 415 432 459 519 601 684 723 739 821 850  ; 6 1 6 12 9 7 7 9 8 6 7 8 
422 ; 7.992e-06 ; True ; 23 106 117 147 246 310 367 415 432 459 519 601 684 723 739 821 850  ; 6 1 6 12 8 8 7 9 8 6 7 8 
432.3 ; 8.186e-06 ; True ; 23 106 117 174 226 310 367 415 459 519 601 684 723 739 821 827 850  ; 6 1 6 13 8 7 7 10 8 7 7 7 
437.9 ; 8.29e-06 ; True ; 23 106 147 174 246 310 367 415 432 459 519 601 684 723 739 821 827  ; 6 1 6 12 9 7 7 9 9 7 6 9 
440.9 ; 8.36e-06 ; True ; 23 106 147 174 226 246 310 367 415 459 503 519 601 684 723 739 821 850  ; 7 1 5 14 10 8 7 10 9 5 8 9 
445.9 ; 9.107e-06 ; True ; 14 23 106 174 226 246 310 367 415 432 459 519 601 684 723 739 821 850  ; 6 1 6 13 10 8 7 10 9 6 7 8 
446.3 ; 9.732e-06 ; True ; 23 106 147 174 243 246 310 367 415 432 459 519 601 684 723 739 821 850  ; 6 1 6 12 10 7 8 10 8 6 8 8 
456.8 ; 9.875e-06 ; True ; 23 106 117 174 226 243 310 367 415 432 459 519 601 684 723 739 821 850  ; 6 1 6 13 9 7 9 11 7 7 8 6 
456.8 ; 1.028e-05 ; True ; 23 106 117 174 226 246 310 367 415 432 459 519 601 684 723 739 821 850  ; 6 1 6 13 9 8 8 11 8 7 7 7 
478.4 ; 1.036e-05 ; True ; 23 106 117 147 174 243 246 310 367 415 459 519 601 684 723 739 821 827  ; 6 1 5 13 10 8 8 11 9 7 7 9 
481.2 ; 1.046e-05 ; True ; 23 106 117 174 226 243 310 367 415 459 519 601 684 723 739 821 827 850  ; 6 1 6 13 9 7 8 11 8 7 8 7 
482.3 ; 1.05e-05 ; True ; 23 106 117 147 226 246 310 367 415 432 459 519 601 684 723 739 821 838  ; 6 1 5 14 9 8 9 10 8 7 8 8 
489.7 ; 1.051e-05 ; True ; 23 106 117 226 246 310 367 415 432 459 519 601 684 723 739 821 838 850  ; 6 1 6 13 8 8 8 10 8 7 8 7 
503.1 ; 1.128e-05 ; True ; 23 94 117 174 226 246 310 367 415 432 459 519 601 684 723 739 821 827  ; 6 1 6 13 10 8 8 11 9 8 6 8 
519.1 ; 1.231e-05 ; True ; 23 106 174 226 243 246 310 367 415 432 459 519 601 684 723 739 821 838 850  ; 6 1 6 13 10 7 9 11 8 7 9 7 
526.9 ; 1.268e-05 ; True ; 23 106 117 136 174 226 310 367 415 432 459 519 544 601 684 723 739 821 850  ; 8 1 6 14 10 8 8 10 8 8 7 8 
541.7 ; 1.418e-05 ; True ; 23 106 117 147 174 226 310 367 415 432 459 519 601 684 723 739 821 827 850  ; 6 1 7 14 9 7 9 10 8 8 8 8 
571 ; 1.438e-05 ; True ; 23 94 117 226 243 246 310 367 415 432 459 519 601 684 723 739 821 827 850  ; 6 1 7 12 10 8 8 11 9 7 8 8 
590.4 ; 1.667e-05 ; True ; 22 23 106 117 147 174 226 310 367 415 432 459 519 601 684 723 739 821 827 850  ; 7 1 7 14 9 7 9 10 9 8 8 9 
660.9 ; 1.717e-05 ; True ; 23 106 117 174 226 246 310 367 415 432 459 493 519 523 601 684 723 739 821 827 850  ; 6 1 7 15 10 8 9 12 9 9 7 8 
670.8 ; 1.736e-05 ; True ; 14 23 106 117 226 243 246 310 367 415 432 459 519 601 671 684 723 739 821 838 850  ; 7 1 6 15 11 10 9 11 9 7 9 8 
673.4 ; 1.75e-05 ; True ; 23 106 117 174 226 246 310 367 415 432 451 459 508 519 601 684 723 739 821 827 850  ; 7 1 7 14 10 9 8 11 10 8 7 9 
680 ; 1.757e-05 ; True ; 23 106 117 174 226 246 310 367 399 415 459 519 601 684 721 723 739 821 827 850 856  ; 7 1 6 16 9 9 8 12 9 9 8 9 
680.8 ; 1.775e-05 ; True ; 23 106 117 147 226 246 267 310 367 415 432 459 519 601 684 723 739 821 838 850 856  ; 7 1 7 15 9 9 9 10 8 7 9 9 
698.1 ; 1.911e-05 ; True ; 23 106 117 174 226 246 310 367 399 415 459 519 601 684 723 739 821 827 838 850 856  ; 7 1 6 16 9 9 9 12 9 9 8 9 
714.9 ; 2.034e-05 ; True ; 23 94 174 226 243 310 367 415 459 475 508 519 601 632 684 723 739 821 827 838 850  ; 7 1 7 16 11 8 9 11 9 8 9 9 
764.3 ; 2.177e-05 ; True ; 23 94 117 174 226 246 310 367 415 459 519 523 586 601 684 723 739 821 827 850 852 856  ; 7 1 6 16 11 9 10 13 9 8 9 9 
766.8 ; 2.288e-05 ; True ; 23 94 174 204 226 243 310 367 415 459 475 508 519 601 632 684 723 739 821 827 838  ; 8 1 7 16 11 8 9 11 10 9 8 10 
803.1 ; 2.41e-05 ; True ; 23 94 98 174 226 243 310 367 415 459 475 508 519 601 632 684 723 739 821 827 838 850  ; 8 1 7 17 12 8 9 12 10 8 9 10 
816.2 ; 2.617e-05 ; True ; 23 106 117 174 226 246 310 315 367 415 432 459 465 510 519 586 601 684 723 739 821 827 850  ; 8 1 7 15 10 10 9 13 11 8 8 10 
883.9 ; 2.759e-05 ; True ; 23 94 174 226 243 310 367 415 459 475 508 519 545 601 632 684 723 739 821 827 838 850 857  ; 7 1 7 18 12 9 10 12 10 8 10 10 


