Iteration: 1000
 Population Size: 1000
RUN 1:
Optimum Distance: 15.16
Optimal Team: 118,161,372,859,
Required Skills: 0 1 4 5 9 10 11 12 14 15 16 18 23 24 
Distance; Skill Score; isValid; Team; Skill Counts
15.16 ; 1.727e-14 ; True ; 118 161 372 859  ; 1 1 1 2 1 2 1 2 1 1 1 1 1 1 
17.13 ; 3.403e-14 ; True ; 1 118 314 372  ; 1 1 1 2 1 1 2 2 2 1 1 1 1 1 
18.63 ; 5.537e-14 ; True ; 161 369 372 692  ; 2 1 1 3 2 1 1 2 1 1 1 1 1 2 
18.81 ; 1.996e-13 ; True ; 1 161 372 692  ; 2 1 1 3 2 1 1 2 1 2 2 1 1 2 
19.54 ; 2.342e-13 ; True ; 24 248 372 692  ; 1 1 1 2 3 2 1 2 2 1 2 1 1 2 
20.7 ; 2.354e-13 ; True ; 1 372 420 524  ; 1 1 1 3 1 2 1 3 2 1 3 1 1 2 
21.56 ; 2.395e-13 ; True ; 24 161 372 692  ; 2 1 1 3 3 2 1 2 1 1 2 1 1 2 
21.56 ; 2.848e-13 ; True ; 1 161 372 524  ; 1 1 1 3 2 2 1 2 1 2 3 1 1 2 
22.79 ; 4.009e-13 ; True ; 1 372 524 692  ; 1 1 1 3 2 1 2 2 2 1 2 2 2 1 
22.84 ; 4.228e-13 ; True ; 118 161 372 420 859  ; 2 1 1 3 1 3 1 3 2 1 2 1 1 2 
24.67 ; 5.853e-13 ; True ; 1 118 161 372 606  ; 1 1 1 4 2 2 1 2 2 3 2 1 1 2 
25.33 ; 1.341e-12 ; True ; 1 118 161 314 372  ; 2 1 1 3 2 2 2 2 2 2 2 1 1 2 
27.44 ; 2.569e-12 ; True ; 1 118 161 372 692  ; 2 1 1 4 2 2 2 2 2 2 2 2 1 2 
27.57 ; 2.629e-12 ; True ; 1 161 372 420 692  ; 3 1 1 4 2 2 1 3 2 2 3 1 1 3 
29.06 ; 3.018e-12 ; True ; 1 118 161 372 420 468  ; 2 1 1 4 1 3 1 3 2 2 3 2 1 3 
31.25 ; 3.336e-12 ; True ; 1 161 372 420 524  ; 2 1 1 4 2 3 1 3 2 2 4 1 1 3 
31.55 ; 3.653e-12 ; True ; 1 314 372 420 524  ; 2 1 1 3 2 2 2 3 3 1 3 1 2 2 
32.41 ; 4.469e-12 ; True ; 1 161 314 372 524  ; 2 1 1 3 3 2 2 2 2 2 3 1 2 2 
33.34 ; 5.685e-12 ; True ; 1 118 161 372 420 606  ; 2 1 1 5 2 3 1 3 3 3 3 1 1 3 
34.33 ; 7.454e-12 ; True ; 1 118 161 228 372 420  ; 2 1 1 5 2 3 2 3 3 2 3 1 1 3 
34.92 ; 9.973e-12 ; True ; 1 118 161 314 372 420  ; 3 1 1 4 2 3 2 3 3 2 3 1 1 3 
37.09 ; 1.88e-11 ; True ; 1 118 161 372 420 692  ; 3 1 1 5 2 3 2 3 3 2 3 2 1 3 
39.37 ; 2.084e-11 ; True ; 1 161 314 372 420 692  ; 4 1 1 4 3 2 2 3 3 2 3 1 2 3 
42.57 ; 2.125e-11 ; True ; 1 118 161 372 420 524  ; 2 1 1 5 2 4 2 3 3 2 4 2 1 3 
42.88 ; 2.81e-11 ; True ; 1 24 248 314 372 692  ; 2 1 2 3 4 2 2 3 3 2 3 1 2 3 
45.02 ; 2.961e-11 ; True ; 1 161 314 372 420 524  ; 3 1 1 4 3 3 2 3 3 2 4 1 2 3 
45.73 ; 3.529e-11 ; True ; 1 118 161 314 372 420 468  ; 3 1 1 4 2 3 2 3 3 2 3 2 2 3 
47.29 ; 3.849e-11 ; True ; 1 161 314 372 524 692  ; 3 1 1 4 4 2 3 2 3 2 3 2 3 2 
47.84 ; 4.37e-11 ; True ; 1 118 161 175 314 372 420  ; 3 1 1 5 3 3 3 3 4 2 3 2 1 3 
47.93 ; 4.997e-11 ; True ; 1 118 161 372 420 468 692  ; 3 1 1 5 2 3 2 3 3 2 3 3 2 3 
48.11 ; 5.581e-11 ; True ; 1 161 372 420 524 692  ; 3 1 1 5 3 3 2 3 3 2 4 2 2 3 
50.01 ; 6.155e-11 ; True ; 1 118 161 175 372 420 692  ; 3 1 1 6 3 3 3 3 4 2 3 3 1 3 
51.21 ; 8.421e-11 ; True ; 1 118 161 372 420 606 692  ; 3 1 1 6 3 3 2 3 4 3 3 2 2 3 
51.81 ; 9.949e-11 ; True ; 1 118 161 314 372 420 692  ; 4 1 1 5 3 3 3 3 4 2 3 2 2 3 
54.64 ; 1.066e-10 ; True ; 1 24 175 248 314 372 692  ; 2 1 2 4 5 2 3 3 4 2 3 2 2 3 
55.91 ; 1.11e-10 ; True ; 1 118 161 314 372 464 692  ; 4 1 2 5 3 2 3 3 3 2 3 2 2 3 
55.91 ; 1.149e-10 ; True ; 1 24 161 175 314 372 692  ; 3 1 2 5 5 2 3 3 3 2 3 2 2 3 
59.26 ; 1.259e-10 ; True ; 1 118 161 314 372 420 524  ; 3 1 1 5 3 4 3 3 4 2 4 2 2 3 
59.53 ; 1.468e-10 ; True ; 1 24 118 161 314 372 692  ; 3 1 2 5 4 3 3 3 3 2 3 2 2 3 
62.42 ; 1.774e-10 ; True ; 1 118 161 372 420 524 692  ; 3 1 1 6 3 4 3 3 4 2 4 3 2 3 
62.88 ; 1.995e-10 ; True ; 1 161 314 372 420 524 692  ; 4 1 1 5 4 3 3 3 4 2 4 2 3 3 
63.83 ; 2.315e-10 ; True ; 1 248 314 372 464 524 692  ; 3 1 2 4 4 2 3 3 4 2 4 2 3 3 
65.59 ; 2.59e-10 ; True ; 1 24 248 314 372 524 692  ; 2 1 2 4 5 3 3 3 4 2 4 2 3 3 
66.86 ; 2.875e-10 ; True ; 1 161 175 314 372 420 607 692  ; 4 1 2 6 4 2 3 3 5 2 4 2 2 4 
67.18 ; 2.921e-10 ; True ; 1 161 175 314 372 420 692 859  ; 4 1 2 5 4 2 3 4 4 2 3 2 3 3 
68.24 ; 2.943e-10 ; True ; 1 118 161 372 420 606 607 692  ; 3 1 2 7 3 3 2 3 5 3 4 2 2 4 
68.7 ; 3.539e-10 ; True ; 1 118 161 314 372 420 692 859  ; 4 1 2 5 3 3 3 4 4 2 3 2 3 3 
70.19 ; 4.109e-10 ; True ; 1 24 175 248 314 372 464 692  ; 3 1 3 5 5 2 3 4 4 2 4 2 2 4 
71.32 ; 4.232e-10 ; True ; 1 24 175 248 314 372 692 731  ; 2 1 3 5 5 3 3 4 4 2 4 2 2 4 
71.43 ; 4.275e-10 ; True ; 1 118 161 314 372 420 464 692  ; 5 1 2 6 3 3 3 4 4 2 4 2 2 4 
73.41 ; 4.695e-10 ; True ; 1 24 161 175 314 372 420 692  ; 4 1 2 6 5 3 3 4 4 2 4 2 2 4 
74.25 ; 4.706e-10 ; True ; 1 24 161 175 248 314 372 692  ; 3 1 2 5 6 3 3 3 4 3 4 2 2 4 
75.92 ; 5.345e-10 ; True ; 1 24 118 161 314 372 420 692  ; 4 1 2 6 4 4 3 4 4 2 4 2 2 4 
78.56 ; 5.424e-10 ; True ; 1 175 248 314 372 464 524 692  ; 3 1 2 5 5 2 4 3 5 2 4 3 3 3 
78.77 ; 5.529e-10 ; True ; 1 161 175 314 372 464 524 692  ; 4 1 2 6 5 2 4 3 4 2 4 3 3 3 
79.74 ; 6.313e-10 ; True ; 1 161 314 372 420 524 692 859  ; 4 1 2 5 4 3 3 4 4 2 4 2 4 3 
80.41 ; 6.563e-10 ; True ; 1 161 314 372 420 524 607 692  ; 4 1 2 6 4 3 3 3 5 2 5 2 3 4 
81.68 ; 7.039e-10 ; True ; 1 161 175 372 420 464 524 692  ; 4 1 2 7 4 3 3 4 4 2 5 3 2 4 
82.49 ; 8.056e-10 ; True ; 1 161 314 372 420 464 524 692  ; 5 1 2 6 4 3 3 4 4 2 5 2 3 4 
83.13 ; 9.38e-10 ; True ; 1 24 248 314 372 464 524 692  ; 3 1 3 5 5 3 3 4 4 2 5 2 3 4 
85.63 ; 9.437e-10 ; True ; 24 175 248 314 372 464 515 692 731  ; 3 1 3 6 5 4 3 4 4 2 5 2 2 5 
85.72 ; 9.946e-10 ; True ; 14 24 175 248 314 372 464 692 731  ; 3 1 3 6 6 4 3 4 4 2 5 2 2 5 
86.34 ; 1.049e-09 ; True ; 1 118 161 175 314 372 420 464 692  ; 5 1 2 7 4 3 4 4 5 2 4 3 2 4 
87.65 ; 1.058e-09 ; True ; 1 118 161 175 372 420 464 606 692  ; 4 1 2 8 4 3 3 4 5 3 4 3 2 4 
88.64 ; 1.183e-09 ; True ; 1 14 24 175 248 314 372 464 692  ; 3 1 3 6 6 3 3 4 4 3 5 2 2 5 
88.82 ; 1.195e-09 ; True ; 1 24 175 248 314 372 464 692 731  ; 3 1 4 6 5 3 3 5 4 2 5 2 2 5 
90.37 ; 1.212e-09 ; True ; 1 118 161 314 372 420 464 606 692  ; 5 1 2 7 4 3 3 4 5 3 4 2 3 4 
91.28 ; 1.236e-09 ; True ; 1 161 175 248 314 372 420 464 692  ; 5 1 2 6 5 3 3 4 5 3 5 2 2 5 
91.77 ; 1.244e-09 ; True ; 1 24 118 161 175 314 372 420 692  ; 4 1 2 7 5 4 4 4 5 2 4 3 2 4 
92.75 ; 1.424e-09 ; True ; 1 24 161 175 248 314 372 464 692  ; 4 1 3 6 6 3 3 4 4 3 5 2 2 5 
94.87 ; 1.437e-09 ; True ; 1 24 118 161 314 372 420 606 692  ; 4 1 2 7 5 4 3 4 5 3 4 2 3 4 
94.88 ; 1.463e-09 ; True ; 1 24 161 175 248 314 372 692 731  ; 3 1 3 6 6 4 3 4 4 3 5 2 2 5 
97.23 ; 1.468e-09 ; True ; 1 161 175 314 372 420 524 607 692  ; 4 1 2 7 5 3 4 3 6 2 5 3 3 4 
97.56 ; 1.471e-09 ; True ; 1 161 175 314 372 420 524 692 859  ; 4 1 2 6 5 3 4 4 5 2 4 3 4 3 
98.71 ; 1.568e-09 ; True ; 1 24 118 161 248 314 372 420 692  ; 4 1 2 6 5 5 3 4 5 3 5 2 2 5 
99.31 ; 1.875e-09 ; True ; 1 161 175 314 372 420 464 524 692  ; 5 1 2 7 5 3 4 4 5 2 5 3 3 4 
99.79 ; 2.121e-09 ; True ; 1 24 175 248 314 372 464 524 692  ; 3 1 3 6 6 3 4 4 5 2 5 3 3 4 
102.7 ; 2.134e-09 ; True ; 1 118 161 314 372 420 464 524 692  ; 5 1 2 7 4 4 4 4 5 2 5 3 3 4 
103 ; 2.159e-09 ; True ; 1 24 161 175 314 372 464 524 692  ; 4 1 3 7 6 3 4 4 4 2 5 3 3 4 
103.5 ; 2.315e-09 ; True ; 1 14 24 248 314 372 464 524 692  ; 3 1 3 6 6 4 3 4 4 3 6 2 3 5 
103.8 ; 2.34e-09 ; True ; 1 24 248 314 372 464 524 692 731  ; 3 1 4 6 5 4 3 5 4 2 6 2 3 5 
105.6 ; 2.391e-09 ; True ; 1 118 161 175 228 372 420 464 606 692  ; 4 1 2 9 5 3 4 4 6 3 4 3 3 4 
106.9 ; 2.42e-09 ; True ; 1 161 248 314 372 420 464 524 692  ; 5 1 2 6 5 4 3 4 5 3 6 2 3 5 
107.2 ; 2.71e-09 ; True ; 1 118 161 175 314 372 420 464 606 692  ; 5 1 2 8 5 3 4 4 6 3 4 3 3 4 
108.1 ; 2.727e-09 ; True ; 1 24 175 228 248 314 372 464 692 731  ; 3 1 4 7 6 3 4 5 5 2 5 2 3 5 
108.3 ; 2.836e-09 ; True ; 1 14 24 175 248 314 372 464 692 731  ; 3 1 4 7 6 4 3 5 4 3 6 2 2 6 
111.1 ; 3.189e-09 ; True ; 1 24 161 175 228 248 314 372 464 692  ; 4 1 3 7 7 3 4 4 5 3 5 2 3 5 
114.3 ; 3.276e-09 ; True ; 1 24 161 175 228 248 314 372 692 731  ; 3 1 3 7 7 4 4 4 5 3 5 2 3 5 
114.3 ; 3.317e-09 ; True ; 1 24 118 161 175 314 372 420 464 692  ; 5 1 3 8 5 4 4 5 5 2 5 3 2 5 
115.3 ; 3.414e-09 ; True ; 1 24 161 175 248 314 372 464 692 731  ; 4 1 4 7 6 4 3 5 4 3 6 2 2 6 
116.2 ; 3.514e-09 ; True ; 1 24 161 175 248 314 372 420 464 692  ; 5 1 3 7 6 4 3 5 5 3 6 2 2 6 
116.6 ; 3.772e-09 ; True ; 1 24 118 161 175 248 314 372 464 692  ; 4 1 3 7 6 4 4 4 5 3 5 3 2 5 
118.8 ; 4.016e-09 ; True ; 1 161 175 314 372 420 464 524 607 692  ; 5 1 3 8 5 3 4 4 6 2 6 3 3 5 
119.2 ; 4.041e-09 ; True ; 1 24 175 248 314 372 464 524 607 692  ; 3 1 4 7 6 3 4 4 6 2 6 3 3 5 
120.2 ; 4.054e-09 ; True ; 14 24 175 248 314 372 464 524 692 731  ; 3 1 3 7 7 5 4 4 5 2 6 3 3 5 
121 ; 4.175e-09 ; True ; 1 161 175 314 372 420 464 524 692 859  ; 5 1 3 7 5 3 4 5 5 2 5 3 4 4 
121.6 ; 4.284e-09 ; True ; 1 161 175 248 314 372 464 524 607 692  ; 4 1 3 7 6 3 4 3 6 3 6 3 3 5 
122.1 ; 5.131e-09 ; True ; 1 14 24 175 248 314 372 464 524 692  ; 3 1 3 7 7 4 4 4 5 3 6 3 3 5 
122.4 ; 5.282e-09 ; True ; 1 24 175 248 314 372 464 524 692 731  ; 3 1 4 7 6 4 4 5 5 2 6 3 3 5 
126.3 ; 5.551e-09 ; True ; 1 24 175 248 314 372 420 464 524 692  ; 4 1 3 7 6 4 4 5 6 2 6 3 3 5 
127.1 ; 6.176e-09 ; True ; 1 24 161 175 248 314 372 464 524 692  ; 4 1 3 7 7 4 4 4 5 3 6 3 3 5 
132.9 ; 6.319e-09 ; True ; 1 118 161 175 248 314 372 420 464 607 692  ; 5 1 3 8 5 4 4 4 7 3 6 3 2 6 
134.5 ; 6.749e-09 ; True ; 1 24 118 161 175 314 372 420 606 607 692  ; 4 1 3 9 6 4 4 4 7 3 5 3 3 5 
135 ; 6.817e-09 ; True ; 1 24 118 161 175 228 314 372 420 464 692  ; 5 1 3 9 6 4 5 5 6 2 5 3 3 5 
135.1 ; 6.936e-09 ; True ; 1 24 118 161 248 314 372 464 524 692  ; 4 1 3 7 6 5 4 4 5 3 6 3 3 5 
135.5 ; 7.329e-09 ; True ; 1 24 118 161 175 228 372 420 464 606 692  ; 4 1 3 10 6 4 4 5 6 3 5 3 3 5 
136.5 ; 7.562e-09 ; True ; 1 24 161 175 228 248 314 372 420 464 692  ; 5 1 3 8 7 4 4 5 6 3 6 2 3 6 
136.6 ; 7.642e-09 ; True ; 1 24 161 175 228 248 314 372 464 692 731  ; 4 1 4 8 7 4 4 5 5 3 6 2 3 6 
137.6 ; 7.879e-09 ; True ; 1 118 161 175 248 314 372 420 464 692 859  ; 5 1 3 7 5 4 4 5 6 3 5 3 3 5 
138 ; 8.307e-09 ; True ; 1 24 118 161 175 314 372 420 464 606 692  ; 5 1 3 9 6 4 4 5 6 3 5 3 3 5 
140.9 ; 8.403e-09 ; True ; 1 24 118 161 175 248 314 372 420 464 692  ; 5 1 3 8 6 5 4 5 6 3 6 3 2 6 
142.7 ; 8.651e-09 ; True ; 14 24 175 248 314 372 464 524 584 692 731  ; 4 1 3 8 7 5 4 4 5 3 7 3 3 6 
143.2 ; 8.711e-09 ; True ; 1 161 175 314 372 420 464 524 606 607 692  ; 5 1 3 9 6 3 4 4 7 3 6 3 4 5 
143.5 ; 9.168e-09 ; True ; 1 14 24 175 248 314 372 464 524 607 692  ; 3 1 4 8 7 4 4 4 6 3 7 3 3 6 
143.8 ; 9.254e-09 ; True ; 1 24 148 175 248 314 372 464 524 692 731  ; 3 1 4 8 7 4 5 5 5 2 6 3 4 6 
145.5 ; 9.486e-09 ; True ; 1 24 175 228 248 314 372 464 524 692 731  ; 3 1 4 8 7 4 5 5 6 2 6 3 4 5 
145.7 ; 1.126e-08 ; True ; 1 14 24 175 248 314 372 464 524 692 731  ; 3 1 4 8 7 5 4 5 5 3 7 3 3 6 
146.9 ; 1.127e-08 ; True ; 1 24 175 248 314 372 464 524 584 692 731  ; 4 1 4 8 6 4 4 5 5 3 7 3 3 6 
149.6 ; 1.156e-08 ; True ; 1 24 175 248 314 372 464 524 606 692 731  ; 3 1 4 8 7 4 4 5 6 3 6 3 4 5 
151.1 ; 1.169e-08 ; True ; 1 161 175 248 314 372 420 464 524 692 859  ; 5 1 3 7 6 4 4 5 6 3 6 3 4 5 
152.5 ; 1.182e-08 ; True ; 1 24 175 248 314 372 420 464 524 606 692  ; 4 1 3 8 7 4 4 5 7 3 6 3 4 5 
152.6 ; 1.21e-08 ; True ; 1 24 161 175 314 372 420 464 524 606 692  ; 5 1 3 9 7 4 4 5 6 3 6 3 4 5 
153.5 ; 1.223e-08 ; True ; 1 24 161 175 248 314 372 464 524 692 859  ; 4 1 4 7 7 4 4 5 5 3 6 3 4 5 
153.7 ; 1.355e-08 ; True ; 1 24 161 175 248 314 372 464 524 692 731  ; 4 1 4 8 7 5 4 5 5 3 7 3 3 6 
158.4 ; 1.359e-08 ; True ; 1 24 118 161 314 372 420 464 524 606 692  ; 5 1 3 9 6 5 4 5 6 3 6 3 4 5 
159.7 ; 1.452e-08 ; True ; 1 24 118 161 175 228 314 372 420 464 606 692  ; 5 1 3 10 7 4 5 5 7 3 5 3 4 5 
160.8 ; 1.482e-08 ; True ; 1 24 118 161 175 314 372 420 464 606 607 692  ; 5 1 4 10 6 4 4 5 7 3 6 3 3 6 
163.6 ; 1.65e-08 ; True ; 1 24 118 161 175 228 248 314 372 420 464 692  ; 5 1 3 9 7 5 5 5 7 3 6 3 3 6 
167.5 ; 1.788e-08 ; True ; 1 24 118 161 175 248 314 372 420 464 606 692  ; 5 1 3 9 7 5 4 5 7 4 6 3 3 6 
169 ; 1.806e-08 ; True ; 1 14 24 175 248 314 372 464 524 607 692 731  ; 3 1 5 9 7 5 4 5 6 3 8 3 3 7 
169.1 ; 1.813e-08 ; True ; 1 24 148 175 247 248 314 372 464 524 692 731  ; 4 1 4 9 8 4 5 5 5 3 6 3 4 7 
169.2 ; 1.858e-08 ; True ; 1 24 148 175 248 314 372 464 515 524 692 731  ; 3 1 4 9 7 5 5 5 5 3 7 3 4 7 
169.3 ; 1.925e-08 ; True ; 1 24 148 175 248 314 372 464 524 584 692 731  ; 4 1 4 9 7 4 5 5 5 3 7 3 4 7 
170.9 ; 1.954e-08 ; True ; 1 24 175 228 248 314 372 464 515 524 692 731  ; 3 1 4 9 7 5 5 5 6 3 7 3 4 6 
171.3 ; 1.976e-08 ; True ; 1 24 175 248 314 372 464 515 524 584 692 731  ; 4 1 4 9 6 5 4 5 5 4 8 3 3 7 
172 ; 2.024e-08 ; True ; 1 24 175 228 248 314 372 464 524 584 692 731  ; 4 1 4 9 7 4 5 5 6 3 7 3 4 6 
175.5 ; 2.034e-08 ; True ; 1 161 175 248 314 372 420 464 524 607 692 859  ; 5 1 4 8 6 4 4 5 7 3 7 3 4 6 
175.9 ; 2.117e-08 ; True ; 1 24 175 248 314 372 464 515 524 606 692 731  ; 3 1 4 9 7 5 4 5 6 4 7 3 4 6 
177 ; 2.193e-08 ; True ; 1 24 175 248 314 372 464 524 584 606 692 731  ; 4 1 4 9 7 4 4 5 6 4 7 3 4 6 
177.9 ; 2.233e-08 ; True ; 1 24 161 175 248 314 372 420 464 524 607 692  ; 5 1 4 9 7 5 4 5 7 3 8 3 3 7 
178.1 ; 2.288e-08 ; True ; 1 24 148 161 175 248 314 372 464 524 692 731  ; 4 1 4 9 8 5 5 5 5 3 7 3 4 7 
178.7 ; 2.317e-08 ; True ; 1 24 161 175 228 248 314 372 420 464 524 692  ; 5 1 3 9 8 5 5 5 7 3 7 3 4 6 
178.8 ; 2.405e-08 ; True ; 1 24 161 175 228 248 314 372 464 524 692 731  ; 4 1 4 9 8 5 5 5 6 3 7 3 4 6 
181.4 ; 2.494e-08 ; True ; 1 14 24 175 248 314 372 464 524 692 731 829  ; 4 1 4 9 8 5 4 5 6 3 7 4 4 6 
182.7 ; 2.51e-08 ; True ; 1 24 161 175 248 314 372 420 464 524 606 692  ; 5 1 3 9 8 5 4 5 7 4 7 3 4 6 
182.9 ; 2.606e-08 ; True ; 1 24 161 175 248 314 372 464 524 606 692 731  ; 4 1 4 9 8 5 4 5 6 4 7 3 4 6 
187.4 ; 2.744e-08 ; True ; 1 24 118 161 175 228 248 314 372 420 464 607 692  ; 5 1 4 10 7 5 5 5 8 3 7 3 3 7 
188.2 ; 2.751e-08 ; True ; 1 24 107 175 247 248 314 372 464 524 692 731  ; 4 1 4 9 7 5 5 6 5 3 6 4 4 6 
189.2 ; 2.887e-08 ; True ; 1 24 107 175 248 314 372 464 524 584 692 731  ; 4 1 4 9 6 5 5 6 5 3 7 4 4 6 
191 ; 2.943e-08 ; True ; 1 24 107 161 175 248 314 372 464 524 607 692  ; 4 1 4 9 7 5 5 5 6 3 7 4 4 6 
192.3 ; 2.973e-08 ; True ; 1 24 118 161 175 248 314 372 420 464 606 607 692  ; 5 1 4 10 7 5 4 5 8 4 7 3 3 7 
195.1 ; 3.139e-08 ; True ; 1 24 118 161 175 228 314 372 420 464 606 692 731  ; 5 1 4 11 7 5 5 6 7 3 6 3 4 6 
195.6 ; 3.314e-08 ; True ; 1 24 148 175 248 314 372 464 515 524 584 692 731  ; 4 1 4 10 7 5 5 5 5 4 8 3 4 8 
197 ; 3.34e-08 ; True ; 1 24 107 161 175 248 314 372 464 524 692 731  ; 4 1 4 9 7 6 5 6 5 3 7 4 4 6 
198.2 ; 3.629e-08 ; True ; 1 14 24 175 228 248 314 372 464 524 584 692 731  ; 4 1 4 10 8 5 5 5 6 4 8 3 4 7 
203.1 ; 3.782e-08 ; True ; 1 24 161 175 228 248 314 372 420 464 524 607 692  ; 5 1 4 10 8 5 5 5 8 3 8 3 4 7 
206.4 ; 3.876e-08 ; True ; 1 118 161 175 248 314 372 420 464 524 607 692 859  ; 5 1 4 9 6 5 5 5 8 3 7 4 4 6 
206.7 ; 3.892e-08 ; True ; 1 14 24 175 248 314 372 464 524 607 692 731 829  ; 4 1 5 10 8 5 4 5 7 3 8 4 4 7 
206.9 ; 4.011e-08 ; True ; 1 24 118 161 175 314 372 420 464 524 606 607 692  ; 5 1 4 11 7 5 5 5 8 3 7 4 4 6 
208.1 ; 4.098e-08 ; True ; 1 24 161 175 248 314 372 420 464 524 606 607 692  ; 5 1 4 10 8 5 4 5 8 4 8 3 4 7 
208.3 ; 4.113e-08 ; True ; 1 24 161 175 228 248 314 372 464 524 584 692 731  ; 5 1 4 10 8 5 5 5 6 4 8 3 4 7 
209 ; 4.193e-08 ; True ; 1 24 161 175 228 248 314 372 464 524 606 692 731  ; 4 1 4 10 9 5 5 5 7 4 7 3 5 6 
212.1 ; 4.497e-08 ; True ; 1 24 161 175 228 248 314 372 420 464 524 692 731  ; 5 1 4 10 8 6 5 6 7 3 8 3 4 7 
214.5 ; 4.602e-08 ; True ; 1 24 118 161 175 248 314 372 420 464 524 606 692  ; 5 1 3 10 8 6 5 5 8 4 7 4 4 6 
215.5 ; 4.63e-08 ; True ; 1 24 107 175 248 314 372 464 524 584 607 692 731  ; 4 1 5 10 6 5 5 6 6 3 8 4 4 7 
216.1 ; 4.872e-08 ; True ; 1 24 161 175 248 314 372 420 464 524 606 692 731  ; 5 1 4 10 8 6 4 6 7 4 8 3 4 7 
221.8 ; 4.89e-08 ; True ; 1 107 161 175 248 314 372 420 464 524 607 692 859  ; 5 1 4 9 6 5 5 6 7 3 7 4 5 6 
222.3 ; 4.896e-08 ; True ; 1 24 107 175 248 314 372 464 515 524 606 692 731  ; 3 1 4 10 7 6 5 6 6 4 7 4 5 6 
222.4 ; 5.032e-08 ; True ; 1 24 107 161 175 248 314 372 464 524 584 607 692  ; 5 1 4 10 7 5 5 5 6 4 8 4 4 7 
223.1 ; 5.168e-08 ; True ; 1 24 107 161 175 248 314 372 464 524 606 607 692  ; 4 1 4 10 8 5 5 5 7 4 7 4 5 6 
223.3 ; 5.271e-08 ; True ; 1 24 107 175 248 314 372 464 524 584 606 692 731  ; 4 1 4 10 7 5 5 6 6 4 7 4 5 6 
223.4 ; 5.356e-08 ; True ; 1 24 107 161 175 248 314 372 464 524 607 692 731  ; 4 1 5 10 7 6 5 6 6 3 8 4 4 7 
225.2 ; 5.502e-08 ; True ; 1 24 107 161 175 248 314 372 420 464 524 607 692  ; 5 1 4 10 7 6 5 6 7 3 8 4 4 7 
227.5 ; 5.988e-08 ; True ; 1 24 118 161 175 228 248 314 372 420 464 606 692 731  ; 5 1 4 11 8 6 5 6 8 4 7 3 4 7 
230.2 ; 6.027e-08 ; True ; 1 24 107 161 175 248 314 372 464 524 606 692 731  ; 4 1 4 10 8 6 5 6 6 4 7 4 5 6 
233.3 ; 6.081e-08 ; True ; 1 24 107 161 175 248 314 372 420 464 524 692 731  ; 5 1 4 10 7 7 5 7 6 3 8 4 4 7 
234.5 ; 6.353e-08 ; True ; 1 24 107 161 175 228 248 314 372 420 464 606 607 692  ; 5 1 4 11 8 5 5 6 8 4 7 3 5 7 
235.3 ; 6.419e-08 ; True ; 1 24 161 175 228 248 314 372 464 524 606 607 692 731  ; 4 1 5 11 9 5 5 5 8 4 8 3 5 7 
238.4 ; 6.673e-08 ; True ; 1 24 161 175 228 248 314 372 420 464 524 607 692 731  ; 5 1 5 11 8 6 5 6 8 3 9 3 4 8 
239.5 ; 6.861e-08 ; True ; 1 14 24 175 228 248 314 372 464 524 584 692 731 829  ; 5 1 4 11 9 5 5 5 7 4 8 4 5 7 
242.1 ; 6.874e-08 ; True ; 1 24 118 161 175 228 248 314 372 420 464 524 606 692  ; 5 1 3 11 9 6 6 5 9 4 7 4 5 6 
242.3 ; 7.404e-08 ; True ; 1 24 118 161 175 248 314 372 420 464 524 606 607 692  ; 5 1 4 11 8 6 5 5 9 4 8 4 4 7 
244.3 ; 7.689e-08 ; True ; 1 24 161 175 228 248 314 372 420 464 524 606 692 731  ; 5 1 4 11 9 6 5 6 8 4 8 3 5 7 
247.9 ; 7.717e-08 ; True ; 1 24 118 161 175 228 248 314 372 420 464 524 692 731  ; 5 1 4 11 8 7 6 6 8 3 8 4 4 7 
249.8 ; 8.214e-08 ; True ; 1 24 118 161 175 248 314 372 420 464 524 606 692 859  ; 5 1 4 10 8 6 5 6 8 4 7 4 5 6 
251.5 ; 8.227e-08 ; True ; 1 24 107 175 248 314 372 464 524 584 606 607 692 731  ; 4 1 5 11 7 5 5 6 7 4 8 4 5 7 
251.9 ; 8.704e-08 ; True ; 1 24 118 161 175 248 314 372 420 464 524 606 692 731  ; 5 1 4 11 8 7 5 6 8 4 8 4 4 7 
256.7 ; 8.877e-08 ; True ; 1 24 107 161 175 248 314 372 464 524 584 607 692 731  ; 5 1 5 11 7 6 5 6 6 4 9 4 4 8 
258.5 ; 9.408e-08 ; True ; 1 24 107 161 175 248 314 372 464 524 606 607 692 731  ; 4 1 5 11 8 6 5 6 7 4 8 4 5 7 
259.4 ; 9.477e-08 ; True ; 1 24 107 161 175 248 314 372 420 464 524 606 607 692  ; 5 1 4 11 8 6 5 6 8 4 8 4 5 7 
263.6 ; 9.586e-08 ; True ; 1 24 107 175 248 314 372 420 464 524 584 606 692 731  ; 5 1 4 11 7 6 5 7 7 4 8 4 5 7 
264.5 ; 9.663e-08 ; True ; 1 24 107 161 175 248 314 372 464 524 584 606 692 731  ; 5 1 4 11 8 6 5 6 6 5 8 4 5 7 
266.3 ; 9.687e-08 ; True ; 1 24 107 161 175 248 314 372 420 464 524 606 692 859  ; 5 1 4 10 8 6 5 7 7 4 7 4 6 6 
267.6 ; 9.717e-08 ; True ; 1 24 107 161 175 248 314 372 420 464 524 584 692 731  ; 6 1 4 11 7 7 5 7 6 4 9 4 4 8 
268.4 ; 1.068e-07 ; True ; 1 24 107 161 175 248 314 372 420 464 524 606 692 731  ; 5 1 4 11 8 7 5 7 7 4 8 4 5 7 
278.3 ; 1.123e-07 ; True ; 1 24 118 161 175 228 248 372 420 464 524 606 607 692 731  ; 4 1 5 13 8 7 5 6 9 4 9 4 4 8 
279.7 ; 1.152e-07 ; True ; 1 24 161 175 228 248 314 372 420 464 524 584 606 692 731  ; 6 1 4 12 9 6 5 6 8 5 9 3 5 8 
280.4 ; 1.239e-07 ; True ; 1 24 118 161 175 248 314 372 420 464 524 606 607 692 859  ; 5 1 5 11 8 6 5 6 9 4 8 4 5 7 
286.8 ; 1.261e-07 ; True ; 1 24 107 175 228 248 314 372 420 464 524 584 607 692 731  ; 5 1 5 12 7 6 6 7 8 3 9 4 5 8 
287.7 ; 1.27e-07 ; True ; 1 24 118 161 175 248 314 372 420 464 524 584 606 692 859  ; 6 1 4 11 8 6 5 6 8 5 8 4 5 7 
288.5 ; 1.36e-07 ; True ; 1 24 107 161 175 228 248 314 372 420 464 524 606 607 692  ; 5 1 4 12 9 6 6 6 9 4 8 4 6 7 
288.5 ; 1.37e-07 ; True ; 1 24 107 161 175 228 248 314 372 464 524 606 607 692 731  ; 4 1 5 12 9 6 6 6 8 4 8 4 6 7 
291 ; 1.417e-07 ; True ; 1 24 118 161 175 248 314 372 420 464 524 606 692 731 859  ; 5 1 5 11 8 7 5 7 8 4 8 4 5 7 
293.9 ; 1.422e-07 ; True ; 1 24 107 175 248 314 372 420 464 524 584 606 607 692 731  ; 5 1 5 12 7 6 5 7 8 4 9 4 5 8 
294.7 ; 1.462e-07 ; True ; 1 24 107 161 175 248 314 372 464 524 584 606 607 692 731  ; 5 1 5 12 8 6 5 6 7 5 9 4 5 8 
297.5 ; 1.483e-07 ; True ; 1 24 107 161 175 248 314 372 420 464 524 606 607 692 859  ; 5 1 5 11 8 6 5 7 8 4 8 4 6 7 
298.5 ; 1.505e-07 ; True ; 1 24 107 118 161 175 248 314 372 420 464 524 606 607 692  ; 5 1 4 12 8 7 6 6 9 4 8 5 5 7 
298.7 ; 1.585e-07 ; True ; 1 24 107 161 175 248 314 372 420 464 524 606 607 692 731  ; 5 1 5 12 8 7 5 7 8 4 9 4 5 8 
304.6 ; 1.589e-07 ; True ; 1 14 24 107 161 175 248 314 372 420 464 524 606 692 731  ; 5 1 4 12 9 8 5 7 7 5 9 4 5 8 
305.7 ; 1.6e-07 ; True ; 1 24 107 161 175 248 314 372 420 464 524 584 606 692 731  ; 6 1 4 12 8 7 5 7 7 5 9 4 5 8 
307.5 ; 1.638e-07 ; True ; 1 24 107 161 175 248 314 372 420 464 524 606 692 731 859  ; 5 1 5 11 8 7 5 8 7 4 8 4 6 7 
313.9 ; 1.665e-07 ; True ; 1 14 24 107 161 175 248 314 372 420 464 524 692 731 829  ; 6 1 4 12 9 8 5 7 7 4 9 5 5 8 
314.4 ; 1.689e-07 ; True ; 1 24 161 175 228 248 314 372 420 464 524 606 607 692 731 859  ; 5 1 6 12 9 6 5 7 9 4 9 3 6 8 
316.8 ; 1.723e-07 ; True ; 1 24 107 161 175 248 314 372 420 464 524 606 692 731 829  ; 6 1 4 12 9 7 5 7 8 4 8 5 6 7 
317.2 ; 1.75e-07 ; True ; 1 24 118 161 175 228 248 314 372 420 464 515 524 607 692 859  ; 5 1 5 12 8 7 6 6 9 4 9 4 5 8 
318.4 ; 1.764e-07 ; True ; 1 24 118 161 175 228 248 314 372 420 464 524 607 692 731 859  ; 5 1 6 12 8 7 6 7 9 3 9 4 5 8 
319.7 ; 1.777e-07 ; True ; 1 24 107 161 175 248 314 372 420 437 464 524 606 692 731  ; 5 1 5 11 8 7 6 7 7 4 8 5 5 7 
321.8 ; 1.789e-07 ; True ; 1 24 107 144 161 175 248 314 372 420 464 524 606 692 731  ; 5 1 4 12 9 8 6 7 8 5 8 4 5 7 
323.5 ; 1.824e-07 ; True ; 1 24 118 161 175 314 372 420 464 524 584 606 607 692 731 859  ; 6 1 6 13 7 6 5 7 8 4 9 4 5 8 
323.5 ; 1.827e-07 ; True ; 1 24 118 148 175 248 314 372 420 464 524 584 606 692 731 859  ; 5 1 5 12 8 6 6 7 8 4 8 4 6 8 
323.9 ; 1.83e-07 ; True ; 1 24 118 161 175 248 314 372 420 464 524 584 607 692 731 859  ; 6 1 6 12 7 7 5 7 8 4 10 4 4 9 
325.2 ; 2.016e-07 ; True ; 1 24 107 148 175 248 314 372 420 464 524 584 606 607 692 731  ; 5 1 5 13 8 6 6 7 8 4 9 4 6 9 
330.7 ; 2.101e-07 ; True ; 1 24 107 161 175 228 248 314 372 420 464 524 584 607 692 859  ; 6 1 5 12 8 6 6 7 8 4 9 4 6 8 
330.7 ; 2.275e-07 ; True ; 1 24 107 161 175 228 248 314 372 420 464 524 606 607 692 731  ; 5 1 5 13 9 7 6 7 9 4 9 4 6 8 
338 ; 2.32e-07 ; True ; 1 24 107 161 175 248 314 372 420 464 524 584 606 607 692 731  ; 6 1 5 13 8 7 5 7 8 5 10 4 5 9 
339.6 ; 2.354e-07 ; True ; 1 24 107 118 161 175 248 314 372 420 464 524 606 607 692 859  ; 5 1 5 12 8 7 6 7 9 4 8 5 6 7 
344.8 ; 2.358e-07 ; True ; 1 24 107 161 175 248 314 372 464 524 584 606 607 692 731 829  ; 6 1 5 13 9 6 5 6 8 5 9 5 6 8 
346.1 ; 2.413e-07 ; True ; 1 14 24 107 161 175 248 314 372 420 464 524 607 692 731 829  ; 6 1 5 13 9 8 5 7 8 4 10 5 5 9 
347.8 ; 2.454e-07 ; True ; 1 24 107 161 175 248 314 372 420 464 524 584 606 692 731 859  ; 6 1 5 12 8 7 5 8 7 5 9 4 6 8 
349 ; 2.519e-07 ; True ; 1 24 107 161 175 248 314 372 420 464 524 606 607 692 731 829  ; 6 1 5 13 9 7 5 7 9 4 9 5 6 8 
355.9 ; 2.552e-07 ; True ; 1 14 24 107 161 175 248 314 372 420 464 524 606 692 731 829  ; 6 1 4 13 10 8 5 7 8 5 9 5 6 8 
355.9 ; 2.616e-07 ; True ; 1 24 107 144 161 175 248 314 372 420 464 524 606 607 692 731  ; 5 1 5 13 9 8 6 7 9 5 9 4 5 8 
360.8 ; 2.617e-07 ; True ; 1 24 107 161 175 248 314 372 420 437 464 524 606 692 731 859  ; 5 1 6 11 8 7 6 8 7 4 8 5 6 7 
364.9 ; 2.647e-07 ; True ; 1 24 107 161 175 248 314 317 372 420 464 524 692 731 829 859  ; 6 1 5 12 9 8 6 8 7 4 8 5 6 7 
365.4 ; 2.749e-07 ; True ; 1 24 118 161 175 248 314 372 420 464 480 524 606 692 731 859  ; 5 1 5 12 9 8 6 7 9 5 8 5 5 7 
366.9 ; 2.813e-07 ; True ; 1 24 107 118 161 175 248 314 372 420 464 584 606 607 692 731 859  ; 6 1 6 13 7 7 5 8 8 5 9 4 5 9 
370.6 ; 2.887e-07 ; True ; 1 24 118 161 175 314 317 372 420 464 524 584 606 607 692 731 859  ; 6 1 6 14 8 7 6 7 8 5 9 4 5 8 
372.7 ; 2.93e-07 ; True ; 1 24 107 161 175 248 314 372 420 464 480 524 606 607 692 859  ; 5 1 5 12 9 7 6 7 9 5 8 5 6 7 
375.7 ; 3.23e-07 ; True ; 1 24 107 161 175 228 248 314 372 420 464 524 584 607 692 731 859  ; 6 1 6 13 8 7 6 8 8 4 10 4 6 9 
382.9 ; 3.416e-07 ; True ; 1 24 107 161 175 248 314 372 420 464 524 584 606 607 692 731 859  ; 6 1 6 13 8 7 5 8 8 5 10 4 6 9 
387 ; 3.481e-07 ; True ; 1 24 107 118 161 175 248 314 372 420 464 524 584 607 692 731 859  ; 6 1 6 13 7 8 6 8 8 4 10 5 5 9 
390.9 ; 3.601e-07 ; True ; 1 24 107 161 175 248 314 372 420 464 524 584 606 607 692 731 829  ; 7 1 5 14 9 7 5 7 9 5 10 5 6 9 
394.5 ; 3.716e-07 ; True ; 1 24 107 161 175 248 253 314 372 420 464 524 606 607 692 731 829  ; 6 1 5 14 9 7 5 8 9 5 10 5 6 9 
396 ; 3.733e-07 ; True ; 1 24 107 118 161 175 248 314 372 420 464 524 606 607 692 731 829  ; 6 1 5 14 9 8 6 7 10 4 9 6 6 8 
402.7 ; 3.762e-07 ; True ; 1 24 107 161 175 248 314 372 420 464 524 584 606 692 731 829 859  ; 7 1 5 13 9 7 5 8 8 5 9 5 7 8 
405.1 ; 3.921e-07 ; True ; 1 24 107 161 175 248 314 372 420 437 464 524 584 606 692 731 859  ; 6 1 6 12 8 7 6 8 7 5 9 5 6 8 
412.7 ; 3.943e-07 ; True ; 1 24 107 161 175 248 314 372 420 464 480 524 606 607 692 770 859  ; 6 1 5 13 9 7 6 8 9 5 9 5 6 8 
416.9 ; 4.033e-07 ; True ; 1 24 107 161 175 248 314 372 420 437 464 524 584 606 692 731 829  ; 7 1 5 13 9 7 6 7 8 5 9 6 6 8 
418.9 ; 4.169e-07 ; True ; 1 24 107 175 248 314 372 420 464 480 524 584 606 607 692 731 859  ; 5 1 6 13 8 7 6 8 9 5 9 5 6 8 
420 ; 4.631e-07 ; True ; 1 24 107 148 161 175 248 314 372 420 464 524 584 606 607 692 731 859  ; 6 1 6 14 9 7 6 8 8 5 10 4 7 10 
429.1 ; 4.638e-07 ; True ; 1 24 107 161 175 248 314 372 420 464 480 524 584 606 692 731 859  ; 6 1 5 13 9 8 6 8 8 6 9 5 6 8 
429.8 ; 4.763e-07 ; True ; 1 24 107 118 175 248 314 372 420 464 515 524 584 606 607 692 731 859  ; 5 1 6 14 7 8 6 8 9 5 10 5 6 9 
434 ; 4.824e-07 ; True ; 1 24 107 148 161 175 248 314 372 420 464 524 606 607 692 731 829 859  ; 6 1 6 14 10 7 6 8 9 4 9 5 8 9 
435.6 ; 4.989e-07 ; True ; 1 14 24 107 161 175 248 314 372 420 464 524 584 607 692 731 829 859  ; 7 1 6 14 9 8 5 8 8 5 11 5 6 10 
439.8 ; 5.16e-07 ; True ; 1 24 107 161 175 248 314 372 420 464 524 584 606 607 692 731 829 859  ; 7 1 6 14 9 7 5 8 9 5 10 5 7 9 
446.6 ; 5.226e-07 ; True ; 1 14 24 107 161 175 248 314 372 420 464 524 584 606 692 731 829 859  ; 7 1 5 14 10 8 5 8 8 6 10 5 7 9 
449.7 ; 5.37e-07 ; True ; 1 24 107 118 161 175 248 314 372 420 464 524 528 584 606 692 731 859  ; 6 1 5 14 9 8 7 8 9 5 9 6 6 8 
455 ; 5.531e-07 ; True ; 1 24 107 161 175 248 314 372 420 437 464 524 584 606 607 692 731 829  ; 7 1 6 14 9 7 6 7 9 5 10 6 6 9 
458.4 ; 5.708e-07 ; True ; 1 24 107 161 175 248 253 314 372 420 437 464 524 606 607 692 731 829  ; 6 1 6 14 9 7 6 8 9 5 10 6 6 9 
464.9 ; 5.78e-07 ; True ; 1 24 107 161 175 248 314 372 420 437 464 524 584 606 692 731 829 859  ; 7 1 6 13 9 7 6 8 8 5 9 6 7 8 
467.4 ; 5.874e-07 ; True ; 1 24 107 161 175 248 253 314 372 420 437 464 524 606 692 731 829 859  ; 6 1 6 13 9 7 6 9 8 5 9 6 7 8 
470.8 ; 6.271e-07 ; True ; 1 24 107 161 175 228 248 314 372 420 464 480 524 584 606 692 731 859  ; 6 1 5 14 10 8 7 8 9 6 9 5 7 8 
471.8 ; 6.435e-07 ; True ; 1 24 107 118 161 175 248 314 372 420 464 480 524 606 607 692 731 859  ; 5 1 6 14 9 9 7 8 10 5 9 6 6 8 
479.9 ; 6.514e-07 ; True ; 1 24 107 161 175 248 314 372 420 464 480 524 584 607 692 731 829 859  ; 7 1 6 14 9 8 6 8 9 5 10 6 6 9 
481.9 ; 6.626e-07 ; True ; 1 24 107 161 175 248 314 372 420 464 480 524 606 607 692 731 829 859  ; 6 1 6 14 10 8 6 8 10 5 9 6 7 8 
487 ; 6.702e-07 ; True ; 1 24 107 118 148 175 248 314 317 372 420 464 524 584 606 607 692 731 829  ; 6 1 5 16 10 8 8 7 10 5 9 6 7 9 
489.8 ; 6.704e-07 ; True ; 1 24 107 161 175 248 314 372 420 464 480 524 584 606 692 731 829 859  ; 7 1 5 14 10 8 6 8 9 6 9 6 7 8 
490.5 ; 7.1e-07 ; True ; 1 24 107 118 161 175 248 314 317 369 372 420 464 524 606 607 692 829 859  ; 6 1 6 15 10 8 7 8 10 5 8 6 7 8 
505.8 ; 7.709e-07 ; True ; 1 24 107 161 175 248 314 372 420 437 464 524 584 606 607 692 731 829 859  ; 7 1 7 14 9 7 6 8 9 5 10 6 7 9 
518.6 ; 7.845e-07 ; True ; 1 24 107 118 161 175 248 314 317 372 420 464 524 607 692 731 829 845 859  ; 7 1 6 15 10 10 7 8 9 5 9 6 6 9 
544.2 ; 8.212e-07 ; True ; 1 24 107 161 248 314 317 372 420 437 464 524 606 607 692 731 829 845 859  ; 7 1 7 14 10 9 6 8 8 6 9 5 7 9 
547.2 ; 8.882e-07 ; True ; 1 24 107 161 175 248 253 314 372 437 464 480 524 584 607 692 731 829 859  ; 6 1 7 14 9 7 7 8 8 6 10 7 6 9 
551 ; 8.993e-07 ; True ; 1 24 107 118 161 248 314 372 420 464 480 524 550 606 607 692 731 829 859  ; 6 1 6 15 10 9 7 8 11 5 9 6 8 8 
555.7 ; 9.303e-07 ; True ; 1 24 107 118 148 247 248 314 317 372 420 464 524 584 606 607 692 731 829 859  ; 7 1 6 16 10 8 7 8 9 6 9 5 8 10 
562.6 ; 1.059e-06 ; True ; 1 24 107 161 175 248 253 314 372 420 437 464 515 524 606 607 692 731 829 859  ; 6 1 7 15 9 8 6 9 9 6 11 6 7 10 
595.6 ; 1.112e-06 ; True ; 1 24 107 144 161 175 248 314 372 420 437 464 524 584 606 607 692 731 829 845  ; 8 1 6 16 11 9 7 7 10 7 10 6 6 10 
597.7 ; 1.117e-06 ; True ; 1 24 107 148 161 175 248 314 372 420 437 464 480 524 584 606 607 692 845 859  ; 7 1 6 15 11 8 8 7 9 7 9 6 7 10 
603.6 ; 1.183e-06 ; True ; 1 24 107 161 175 228 248 253 372 420 437 464 480 524 584 607 692 731 829 859  ; 6 1 7 16 9 8 7 9 9 6 11 7 6 10 
620.8 ; 1.217e-06 ; True ; 1 24 107 161 175 248 253 314 372 437 464 480 524 584 607 692 731 829 845 859  ; 7 1 7 15 10 8 7 8 8 7 10 7 6 10 
621.7 ; 1.312e-06 ; True ; 1 24 107 161 175 248 314 372 420 437 464 480 524 606 607 692 731 829 845 859  ; 7 1 7 15 11 9 7 8 10 6 9 7 7 9 
653.5 ; 1.469e-06 ; True ; 1 24 107 118 148 161 248 314 317 372 420 437 464 524 606 607 692 731 829 845 859  ; 7 1 7 16 11 10 8 8 9 6 9 6 8 10 
675.4 ; 1.486e-06 ; True ; 1 24 107 133 161 175 248 314 372 420 437 464 480 524 606 607 679 692 731 829 859  ; 7 1 7 15 11 9 7 8 10 6 10 7 8 9 
678.5 ; 1.569e-06 ; True ; 1 24 107 118 161 175 248 314 372 420 437 464 480 524 584 606 607 692 829 845 859  ; 8 1 6 16 11 9 8 7 11 7 9 8 7 9 
706.9 ; 1.618e-06 ; True ; 1 24 107 133 161 175 248 314 317 372 420 464 480 524 607 692 731 829 835 845 859  ; 7 1 7 15 11 10 7 9 9 6 11 7 7 11 
725.1 ; 1.798e-06 ; True ; 1 24 107 161 175 248 314 317 372 420 437 464 480 524 606 607 692 829 835 845 859  ; 7 1 7 15 12 9 8 8 10 7 9 8 7 9 
737.7 ; 1.967e-06 ; True ; 1 24 107 118 137 144 161 248 314 372 420 437 464 524 584 606 607 692 731 829 845 859  ; 9 1 7 16 11 10 7 8 10 7 11 7 7 11 
816.8 ; 2.08e-06 ; True ; 1 24 62 107 161 175 248 314 317 372 420 437 464 524 584 606 607 692 731 829 835 845 859  ; 8 1 8 17 11 9 7 9 9 7 11 7 7 11 
878.6 ; 2.104e-06 ; True ; 1 24 107 118 144 173 248 314 317 372 420 464 480 584 597 606 607 692 731 829 835 845 859  ; 8 1 7 17 10 10 8 9 11 8 10 6 6 11 
884.1 ; 2.539e-06 ; True ; 1 24 107 118 161 248 314 317 372 420 437 464 480 524 606 607 692 706 731 829 835 845 859  ; 7 1 8 17 11 11 8 9 10 7 10 8 7 10 
925 ; 2.539e-06 ; True ; 1 24 107 118 144 161 248 314 363 372 420 437 464 480 524 606 607 692 752 829 835 845 859  ; 8 1 7 16 12 10 8 9 12 7 9 8 8 9 
942.9 ; 2.625e-06 ; True ; 1 24 107 114 144 161 248 314 317 372 437 464 480 524 606 607 692 731 800 829 835 845 859  ; 6 1 8 17 12 10 9 8 9 8 9 9 8 9 
965.5 ; 3.281e-06 ; True ; 1 24 107 144 161 175 248 314 317 372 420 437 464 480 524 606 607 617 692 731 829 835 845 859  ; 7 1 8 17 14 11 9 9 11 8 10 8 7 10 
1045 ; 3.363e-06 ; True ; 1 24 107 161 175 206 248 314 317 372 420 464 480 524 606 607 692 731 800 829 835 845 852 859  ; 8 1 8 18 13 10 8 9 10 7 11 10 8 11 
1069 ; 3.421e-06 ; True ; 1 24 107 144 175 206 248 314 317 372 420 464 480 584 606 607 692 731 752 781 800 829 835 845  ; 8 1 8 19 12 9 8 10 11 8 10 9 7 11 
1239 ; 3.537e-06 ; True ; 1 24 86 107 161 248 255 308 314 372 420 437 464 480 524 584 606 607 692 752 781 800 829 835 845 859  ; 9 1 8 20 14 9 8 10 10 7 10 9 9 11 


RUN 2:
Optimum Distance: 15.16
Optimal Team: 118,161,372,859,
Required Skills: 0 1 4 5 9 10 11 12 14 15 16 18 23 24 
Distance; Skill Score; isValid; Team; Skill Counts
15.16 ; 1.727e-14 ; True ; 118 161 372 859  ; 1 1 1 2 1 2 1 2 1 1 1 1 1 1 
17.13 ; 3.403e-14 ; True ; 1 118 314 372  ; 1 1 1 2 1 1 2 2 2 1 1 1 1 1 
18.63 ; 5.537e-14 ; True ; 161 369 372 692  ; 2 1 1 3 2 1 1 2 1 1 1 1 1 2 
18.81 ; 1.996e-13 ; True ; 1 161 372 692  ; 2 1 1 3 2 1 1 2 1 2 2 1 1 2 
19.54 ; 2.342e-13 ; True ; 24 248 372 692  ; 1 1 1 2 3 2 1 2 2 1 2 1 1 2 
20.7 ; 2.354e-13 ; True ; 1 372 420 524  ; 1 1 1 3 1 2 1 3 2 1 3 1 1 2 
21.56 ; 2.395e-13 ; True ; 24 161 372 692  ; 2 1 1 3 3 2 1 2 1 1 2 1 1 2 
21.56 ; 2.848e-13 ; True ; 1 161 372 524  ; 1 1 1 3 2 2 1 2 1 2 3 1 1 2 
22.79 ; 4.009e-13 ; True ; 1 372 524 692  ; 1 1 1 3 2 1 2 2 2 1 2 2 2 1 
22.84 ; 4.228e-13 ; True ; 118 161 372 420 859  ; 2 1 1 3 1 3 1 3 2 1 2 1 1 2 
24.67 ; 5.853e-13 ; True ; 1 118 161 372 606  ; 1 1 1 4 2 2 1 2 2 3 2 1 1 2 
25.33 ; 1.341e-12 ; True ; 1 118 161 314 372  ; 2 1 1 3 2 2 2 2 2 2 2 1 1 2 
27.44 ; 2.569e-12 ; True ; 1 118 161 372 692  ; 2 1 1 4 2 2 2 2 2 2 2 2 1 2 
27.57 ; 2.629e-12 ; True ; 1 161 372 420 692  ; 3 1 1 4 2 2 1 3 2 2 3 1 1 3 
29.06 ; 3.018e-12 ; True ; 1 118 161 372 420 468  ; 2 1 1 4 1 3 1 3 2 2 3 2 1 3 
31.25 ; 3.336e-12 ; True ; 1 161 372 420 524  ; 2 1 1 4 2 3 1 3 2 2 4 1 1 3 
31.55 ; 3.653e-12 ; True ; 1 314 372 420 524  ; 2 1 1 3 2 2 2 3 3 1 3 1 2 2 
32.41 ; 4.469e-12 ; True ; 1 161 314 372 524  ; 2 1 1 3 3 2 2 2 2 2 3 1 2 2 
33.34 ; 5.685e-12 ; True ; 1 118 161 372 420 606  ; 2 1 1 5 2 3 1 3 3 3 3 1 1 3 
34.33 ; 7.454e-12 ; True ; 1 118 161 228 372 420  ; 2 1 1 5 2 3 2 3 3 2 3 1 1 3 
34.92 ; 9.973e-12 ; True ; 1 118 161 314 372 420  ; 3 1 1 4 2 3 2 3 3 2 3 1 1 3 
37.09 ; 1.88e-11 ; True ; 1 118 161 372 420 692  ; 3 1 1 5 2 3 2 3 3 2 3 2 1 3 
39.37 ; 2.084e-11 ; True ; 1 161 314 372 420 692  ; 4 1 1 4 3 2 2 3 3 2 3 1 2 3 
42.57 ; 2.125e-11 ; True ; 1 118 161 372 420 524  ; 2 1 1 5 2 4 2 3 3 2 4 2 1 3 
42.88 ; 2.81e-11 ; True ; 1 24 248 314 372 692  ; 2 1 2 3 4 2 2 3 3 2 3 1 2 3 
45.02 ; 2.961e-11 ; True ; 1 161 314 372 420 524  ; 3 1 1 4 3 3 2 3 3 2 4 1 2 3 
45.73 ; 3.529e-11 ; True ; 1 118 161 314 372 420 468  ; 3 1 1 4 2 3 2 3 3 2 3 2 2 3 
47.29 ; 3.849e-11 ; True ; 1 161 314 372 524 692  ; 3 1 1 4 4 2 3 2 3 2 3 2 3 2 
47.84 ; 4.37e-11 ; True ; 1 118 161 175 314 372 420  ; 3 1 1 5 3 3 3 3 4 2 3 2 1 3 
47.93 ; 4.997e-11 ; True ; 1 118 161 372 420 468 692  ; 3 1 1 5 2 3 2 3 3 2 3 3 2 3 
48.11 ; 5.581e-11 ; True ; 1 161 372 420 524 692  ; 3 1 1 5 3 3 2 3 3 2 4 2 2 3 
50.01 ; 6.155e-11 ; True ; 1 118 161 175 372 420 692  ; 3 1 1 6 3 3 3 3 4 2 3 3 1 3 
51.21 ; 8.421e-11 ; True ; 1 118 161 372 420 606 692  ; 3 1 1 6 3 3 2 3 4 3 3 2 2 3 
51.81 ; 9.949e-11 ; True ; 1 118 161 314 372 420 692  ; 4 1 1 5 3 3 3 3 4 2 3 2 2 3 
54.64 ; 1.066e-10 ; True ; 1 24 175 248 314 372 692  ; 2 1 2 4 5 2 3 3 4 2 3 2 2 3 
55.91 ; 1.11e-10 ; True ; 1 118 161 314 372 464 692  ; 4 1 2 5 3 2 3 3 3 2 3 2 2 3 
55.91 ; 1.149e-10 ; True ; 1 24 161 175 314 372 692  ; 3 1 2 5 5 2 3 3 3 2 3 2 2 3 
59.26 ; 1.259e-10 ; True ; 1 118 161 314 372 420 524  ; 3 1 1 5 3 4 3 3 4 2 4 2 2 3 
59.53 ; 1.468e-10 ; True ; 1 24 118 161 314 372 692  ; 3 1 2 5 4 3 3 3 3 2 3 2 2 3 
62.42 ; 1.774e-10 ; True ; 1 118 161 372 420 524 692  ; 3 1 1 6 3 4 3 3 4 2 4 3 2 3 
62.88 ; 1.995e-10 ; True ; 1 161 314 372 420 524 692  ; 4 1 1 5 4 3 3 3 4 2 4 2 3 3 
63.83 ; 2.315e-10 ; True ; 1 248 314 372 464 524 692  ; 3 1 2 4 4 2 3 3 4 2 4 2 3 3 
65.59 ; 2.59e-10 ; True ; 1 24 248 314 372 524 692  ; 2 1 2 4 5 3 3 3 4 2 4 2 3 3 
66.86 ; 2.875e-10 ; True ; 1 161 175 314 372 420 607 692  ; 4 1 2 6 4 2 3 3 5 2 4 2 2 4 
67.18 ; 2.921e-10 ; True ; 1 161 175 314 372 420 692 859  ; 4 1 2 5 4 2 3 4 4 2 3 2 3 3 
68.03 ; 3.062e-10 ; True ; 1 118 161 314 369 372 420 692  ; 4 1 2 6 3 3 3 4 4 2 3 2 2 4 
68.7 ; 3.539e-10 ; True ; 1 118 161 314 372 420 692 859  ; 4 1 2 5 3 3 3 4 4 2 3 2 3 3 
70.19 ; 4.109e-10 ; True ; 1 24 175 248 314 372 464 692  ; 3 1 3 5 5 2 3 4 4 2 4 2 2 4 
71.32 ; 4.232e-10 ; True ; 1 24 175 248 314 372 692 731  ; 2 1 3 5 5 3 3 4 4 2 4 2 2 4 
71.43 ; 4.275e-10 ; True ; 1 118 161 314 372 420 464 692  ; 5 1 2 6 3 3 3 4 4 2 4 2 2 4 
73.41 ; 4.695e-10 ; True ; 1 24 161 175 314 372 420 692  ; 4 1 2 6 5 3 3 4 4 2 4 2 2 4 
74.25 ; 4.706e-10 ; True ; 1 24 161 175 248 314 372 692  ; 3 1 2 5 6 3 3 3 4 3 4 2 2 4 
75.92 ; 5.345e-10 ; True ; 1 24 118 161 314 372 420 692  ; 4 1 2 6 4 4 3 4 4 2 4 2 2 4 
78.56 ; 5.424e-10 ; True ; 1 175 248 314 372 464 524 692  ; 3 1 2 5 5 2 4 3 5 2 4 3 3 3 
78.77 ; 5.529e-10 ; True ; 1 161 175 314 372 464 524 692  ; 4 1 2 6 5 2 4 3 4 2 4 3 3 3 
79.74 ; 6.313e-10 ; True ; 1 161 314 372 420 524 692 859  ; 4 1 2 5 4 3 3 4 4 2 4 2 4 3 
80.41 ; 6.563e-10 ; True ; 1 161 314 372 420 524 607 692  ; 4 1 2 6 4 3 3 3 5 2 5 2 3 4 
81.68 ; 7.039e-10 ; True ; 1 161 175 372 420 464 524 692  ; 4 1 2 7 4 3 3 4 4 2 5 3 2 4 
82.49 ; 8.056e-10 ; True ; 1 161 314 372 420 464 524 692  ; 5 1 2 6 4 3 3 4 4 2 5 2 3 4 
83.13 ; 9.38e-10 ; True ; 1 24 248 314 372 464 524 692  ; 3 1 3 5 5 3 3 4 4 2 5 2 3 4 
85.63 ; 9.437e-10 ; True ; 24 175 248 314 372 464 515 692 731  ; 3 1 3 6 5 4 3 4 4 2 5 2 2 5 
85.72 ; 9.946e-10 ; True ; 14 24 175 248 314 372 464 692 731  ; 3 1 3 6 6 4 3 4 4 2 5 2 2 5 
86.34 ; 1.049e-09 ; True ; 1 118 161 175 314 372 420 464 692  ; 5 1 2 7 4 3 4 4 5 2 4 3 2 4 
87.65 ; 1.058e-09 ; True ; 1 118 161 175 372 420 464 606 692  ; 4 1 2 8 4 3 3 4 5 3 4 3 2 4 
88.64 ; 1.183e-09 ; True ; 1 14 24 175 248 314 372 464 692  ; 3 1 3 6 6 3 3 4 4 3 5 2 2 5 
88.82 ; 1.195e-09 ; True ; 1 24 175 248 314 372 464 692 731  ; 3 1 4 6 5 3 3 5 4 2 5 2 2 5 
90.37 ; 1.212e-09 ; True ; 1 118 161 314 372 420 464 606 692  ; 5 1 2 7 4 3 3 4 5 3 4 2 3 4 
91.28 ; 1.236e-09 ; True ; 1 161 175 248 314 372 420 464 692  ; 5 1 2 6 5 3 3 4 5 3 5 2 2 5 
91.77 ; 1.244e-09 ; True ; 1 24 118 161 175 314 372 420 692  ; 4 1 2 7 5 4 4 4 5 2 4 3 2 4 
92.75 ; 1.424e-09 ; True ; 1 24 161 175 248 314 372 464 692  ; 4 1 3 6 6 3 3 4 4 3 5 2 2 5 
94.87 ; 1.437e-09 ; True ; 1 24 118 161 314 372 420 606 692  ; 4 1 2 7 5 4 3 4 5 3 4 2 3 4 
94.88 ; 1.463e-09 ; True ; 1 24 161 175 248 314 372 692 731  ; 3 1 3 6 6 4 3 4 4 3 5 2 2 5 
97.23 ; 1.468e-09 ; True ; 1 161 175 314 372 420 524 607 692  ; 4 1 2 7 5 3 4 3 6 2 5 3 3 4 
97.56 ; 1.471e-09 ; True ; 1 161 175 314 372 420 524 692 859  ; 4 1 2 6 5 3 4 4 5 2 4 3 4 3 
98.71 ; 1.568e-09 ; True ; 1 24 118 161 248 314 372 420 692  ; 4 1 2 6 5 5 3 4 5 3 5 2 2 5 
99.31 ; 1.875e-09 ; True ; 1 161 175 314 372 420 464 524 692  ; 5 1 2 7 5 3 4 4 5 2 5 3 3 4 
99.79 ; 2.121e-09 ; True ; 1 24 175 248 314 372 464 524 692  ; 3 1 3 6 6 3 4 4 5 2 5 3 3 4 
102.7 ; 2.134e-09 ; True ; 1 118 161 314 372 420 464 524 692  ; 5 1 2 7 4 4 4 4 5 2 5 3 3 4 
103 ; 2.159e-09 ; True ; 1 24 161 175 314 372 464 524 692  ; 4 1 3 7 6 3 4 4 4 2 5 3 3 4 
103.5 ; 2.315e-09 ; True ; 1 14 24 248 314 372 464 524 692  ; 3 1 3 6 6 4 3 4 4 3 6 2 3 5 
103.8 ; 2.34e-09 ; True ; 1 24 248 314 372 464 524 692 731  ; 3 1 4 6 5 4 3 5 4 2 6 2 3 5 
106.7 ; 2.355e-09 ; True ; 1 118 161 175 372 420 464 606 607 692  ; 4 1 3 9 4 3 3 4 6 3 5 3 2 5 
106.9 ; 2.42e-09 ; True ; 1 161 248 314 372 420 464 524 692  ; 5 1 2 6 5 4 3 4 5 3 6 2 3 5 
106.9 ; 2.649e-09 ; True ; 1 14 24 175 228 248 314 372 464 692  ; 3 1 3 7 7 3 4 4 5 3 5 2 3 5 
107.2 ; 2.71e-09 ; True ; 1 118 161 175 314 372 420 464 606 692  ; 5 1 2 8 5 3 4 4 6 3 4 3 3 4 
108.1 ; 2.727e-09 ; True ; 1 24 175 228 248 314 372 464 692 731  ; 3 1 4 7 6 3 4 5 5 2 5 2 3 5 
108.3 ; 2.836e-09 ; True ; 1 14 24 175 248 314 372 464 692 731  ; 3 1 4 7 6 4 3 5 4 3 6 2 2 6 
111.1 ; 3.189e-09 ; True ; 1 24 161 175 228 248 314 372 464 692  ; 4 1 3 7 7 3 4 4 5 3 5 2 3 5 
114.3 ; 3.276e-09 ; True ; 1 24 161 175 228 248 314 372 692 731  ; 3 1 3 7 7 4 4 4 5 3 5 2 3 5 
114.3 ; 3.317e-09 ; True ; 1 24 118 161 175 314 372 420 464 692  ; 5 1 3 8 5 4 4 5 5 2 5 3 2 5 
115.3 ; 3.414e-09 ; True ; 1 24 161 175 248 314 372 464 692 731  ; 4 1 4 7 6 4 3 5 4 3 6 2 2 6 
116.2 ; 3.514e-09 ; True ; 1 24 161 175 248 314 372 420 464 692  ; 5 1 3 7 6 4 3 5 5 3 6 2 2 6 
116.6 ; 3.772e-09 ; True ; 1 24 118 161 175 248 314 372 464 692  ; 4 1 3 7 6 4 4 4 5 3 5 3 2 5 
118.8 ; 4.016e-09 ; True ; 1 161 175 314 372 420 464 524 607 692  ; 5 1 3 8 5 3 4 4 6 2 6 3 3 5 
119.2 ; 4.041e-09 ; True ; 1 24 175 248 314 372 464 524 607 692  ; 3 1 4 7 6 3 4 4 6 2 6 3 3 5 
120.2 ; 4.054e-09 ; True ; 14 24 175 248 314 372 464 524 692 731  ; 3 1 3 7 7 5 4 4 5 2 6 3 3 5 
121 ; 4.175e-09 ; True ; 1 161 175 314 372 420 464 524 692 859  ; 5 1 3 7 5 3 4 5 5 2 5 3 4 4 
121.6 ; 4.284e-09 ; True ; 1 161 175 248 314 372 464 524 607 692  ; 4 1 3 7 6 3 4 3 6 3 6 3 3 5 
122.1 ; 5.131e-09 ; True ; 1 14 24 175 248 314 372 464 524 692  ; 3 1 3 7 7 4 4 4 5 3 6 3 3 5 
122.4 ; 5.282e-09 ; True ; 1 24 175 248 314 372 464 524 692 731  ; 3 1 4 7 6 4 4 5 5 2 6 3 3 5 
126.3 ; 5.551e-09 ; True ; 1 24 175 248 314 372 420 464 524 692  ; 4 1 3 7 6 4 4 5 6 2 6 3 3 5 
127.1 ; 6.176e-09 ; True ; 1 24 161 175 248 314 372 464 524 692  ; 4 1 3 7 7 4 4 4 5 3 6 3 3 5 
129.5 ; 6.349e-09 ; True ; 1 14 24 175 228 248 314 372 464 692 731  ; 3 1 4 8 7 4 4 5 5 3 6 2 3 6 
134.5 ; 6.749e-09 ; True ; 1 24 118 161 175 314 372 420 606 607 692  ; 4 1 3 9 6 4 4 4 7 3 5 3 3 5 
135 ; 6.817e-09 ; True ; 1 24 118 161 175 228 314 372 420 464 692  ; 5 1 3 9 6 4 5 5 6 2 5 3 3 5 
135.1 ; 6.936e-09 ; True ; 1 24 118 161 248 314 372 464 524 692  ; 4 1 3 7 6 5 4 4 5 3 6 3 3 5 
136.5 ; 7.562e-09 ; True ; 1 24 161 175 228 248 314 372 420 464 692  ; 5 1 3 8 7 4 4 5 6 3 6 2 3 6 
136.6 ; 7.642e-09 ; True ; 1 24 161 175 228 248 314 372 464 692 731  ; 4 1 4 8 7 4 4 5 5 3 6 2 3 6 
137.6 ; 7.879e-09 ; True ; 1 118 161 175 248 314 372 420 464 692 859  ; 5 1 3 7 5 4 4 5 6 3 5 3 3 5 
138 ; 8.307e-09 ; True ; 1 24 118 161 175 314 372 420 464 606 692  ; 5 1 3 9 6 4 4 5 6 3 5 3 3 5 
140.9 ; 8.403e-09 ; True ; 1 24 118 161 175 248 314 372 420 464 692  ; 5 1 3 8 6 5 4 5 6 3 6 3 2 6 
142.7 ; 8.651e-09 ; True ; 14 24 175 248 314 372 464 524 584 692 731  ; 4 1 3 8 7 5 4 4 5 3 7 3 3 6 
143.2 ; 8.711e-09 ; True ; 1 161 175 314 372 420 464 524 606 607 692  ; 5 1 3 9 6 3 4 4 7 3 6 3 4 5 
143.5 ; 9.168e-09 ; True ; 1 14 24 175 248 314 372 464 524 607 692  ; 3 1 4 8 7 4 4 4 6 3 7 3 3 6 
143.8 ; 9.254e-09 ; True ; 1 24 148 175 248 314 372 464 524 692 731  ; 3 1 4 8 7 4 5 5 5 2 6 3 4 6 
145.5 ; 9.486e-09 ; True ; 1 24 175 228 248 314 372 464 524 692 731  ; 3 1 4 8 7 4 5 5 6 2 6 3 4 5 
145.6 ; 9.734e-09 ; True ; 1 14 24 175 248 314 372 464 524 584 692  ; 4 1 3 8 7 4 4 4 5 4 7 3 3 6 
145.7 ; 1.126e-08 ; True ; 1 14 24 175 248 314 372 464 524 692 731  ; 3 1 4 8 7 5 4 5 5 3 7 3 3 6 
146.9 ; 1.127e-08 ; True ; 1 24 175 248 314 372 464 524 584 692 731  ; 4 1 4 8 6 4 4 5 5 3 7 3 3 6 
149.6 ; 1.156e-08 ; True ; 1 24 175 248 314 372 464 524 606 692 731  ; 3 1 4 8 7 4 4 5 6 3 6 3 4 5 
151.1 ; 1.169e-08 ; True ; 1 161 175 248 314 372 420 464 524 692 859  ; 5 1 3 7 6 4 4 5 6 3 6 3 4 5 
151.6 ; 1.183e-08 ; True ; 1 14 24 175 248 314 372 420 464 524 692  ; 4 1 3 8 7 5 4 5 6 3 7 3 3 6 
152.6 ; 1.21e-08 ; True ; 1 24 161 175 314 372 420 464 524 606 692  ; 5 1 3 9 7 4 4 5 6 3 6 3 4 5 
153.5 ; 1.223e-08 ; True ; 1 24 161 175 248 314 372 464 524 692 859  ; 4 1 4 7 7 4 4 5 5 3 6 3 4 5 
153.7 ; 1.355e-08 ; True ; 1 24 161 175 248 314 372 464 524 692 731  ; 4 1 4 8 7 5 4 5 5 3 7 3 3 6 
158.4 ; 1.359e-08 ; True ; 1 24 118 161 314 372 420 464 524 606 692  ; 5 1 3 9 6 5 4 5 6 3 6 3 4 5 
160.6 ; 1.369e-08 ; True ; 1 14 24 107 175 248 314 372 464 524 692  ; 3 1 3 8 7 5 5 5 5 3 6 4 4 5 
160.8 ; 1.37e-08 ; True ; 1 24 107 175 248 314 372 464 524 584 692  ; 4 1 3 8 6 4 5 5 5 3 6 4 4 5 
160.8 ; 1.482e-08 ; True ; 1 24 118 161 175 314 372 420 464 606 607 692  ; 5 1 4 10 6 4 4 5 7 3 6 3 3 6 
164.1 ; 1.577e-08 ; True ; 1 24 118 161 175 228 248 372 420 464 606 692  ; 4 1 3 10 7 5 4 5 7 4 6 3 3 6 
166.5 ; 1.58e-08 ; True ; 1 24 118 161 175 314 372 420 464 606 692 859  ; 5 1 4 9 6 4 4 6 6 3 5 3 4 5 
166.6 ; 1.647e-08 ; True ; 1 24 107 161 175 248 314 372 464 524 692  ; 4 1 3 8 7 5 5 5 5 3 6 4 4 5 
167.5 ; 1.788e-08 ; True ; 1 24 118 161 175 248 314 372 420 464 606 692  ; 5 1 3 9 7 5 4 5 7 4 6 3 3 6 
169 ; 1.806e-08 ; True ; 1 14 24 175 248 314 372 464 524 607 692 731  ; 3 1 5 9 7 5 4 5 6 3 8 3 3 7 
169.1 ; 1.901e-08 ; True ; 1 14 24 148 175 248 314 372 464 524 692 731  ; 3 1 4 9 8 5 5 5 5 3 7 3 4 7 
169.3 ; 1.925e-08 ; True ; 1 24 148 175 248 314 372 464 524 584 692 731  ; 4 1 4 9 7 4 5 5 5 3 7 3 4 7 
170.8 ; 1.999e-08 ; True ; 1 14 24 175 228 248 314 372 464 524 692 731  ; 3 1 4 9 8 5 5 5 6 3 7 3 4 6 
171.1 ; 2.045e-08 ; True ; 1 14 24 175 248 314 372 464 524 584 692 731  ; 4 1 4 9 7 5 4 5 5 4 8 3 3 7 
175.9 ; 2.165e-08 ; True ; 1 14 24 175 248 314 372 464 524 606 692 731  ; 3 1 4 9 8 5 4 5 6 4 7 3 4 6 
177 ; 2.193e-08 ; True ; 1 24 175 248 314 372 464 524 584 606 692 731  ; 4 1 4 9 7 4 4 5 6 4 7 3 4 6 
177.7 ; 2.207e-08 ; True ; 1 24 175 248 314 372 464 524 606 692 731 747  ; 4 1 4 9 8 5 4 5 7 3 7 3 4 6 
177.9 ; 2.233e-08 ; True ; 1 24 161 175 248 314 372 420 464 524 607 692  ; 5 1 4 9 7 5 4 5 7 3 8 3 3 7 
178.1 ; 2.288e-08 ; True ; 1 24 148 161 175 248 314 372 464 524 692 731  ; 4 1 4 9 8 5 5 5 5 3 7 3 4 7 
178.7 ; 2.317e-08 ; True ; 1 24 161 175 228 248 314 372 420 464 524 692  ; 5 1 3 9 8 5 5 5 7 3 7 3 4 6 
178.8 ; 2.405e-08 ; True ; 1 24 161 175 228 248 314 372 464 524 692 731  ; 4 1 4 9 8 5 5 5 6 3 7 3 4 6 
181.4 ; 2.494e-08 ; True ; 1 14 24 175 248 314 372 464 524 692 731 829  ; 4 1 4 9 8 5 4 5 6 3 7 4 4 6 
182.7 ; 2.51e-08 ; True ; 1 24 161 175 248 314 372 420 464 524 606 692  ; 5 1 3 9 8 5 4 5 7 4 7 3 4 6 
182.9 ; 2.606e-08 ; True ; 1 24 161 175 248 314 372 464 524 606 692 731  ; 4 1 4 9 8 5 4 5 6 4 7 3 4 6 
188.1 ; 2.775e-08 ; True ; 1 14 24 107 175 248 314 372 464 524 692 731  ; 3 1 4 9 7 6 5 6 5 3 7 4 4 6 
189.2 ; 2.887e-08 ; True ; 1 24 107 175 248 314 372 464 524 584 692 731  ; 4 1 4 9 6 5 5 6 5 3 7 4 4 6 
191 ; 2.943e-08 ; True ; 1 24 107 161 175 248 314 372 464 524 607 692  ; 4 1 4 9 7 5 5 5 6 3 7 4 4 6 
191.2 ; 3.029e-08 ; True ; 1 24 118 161 175 228 248 314 372 420 464 606 692  ; 5 1 3 10 8 5 5 5 8 4 6 3 4 6 
195.6 ; 3.314e-08 ; True ; 1 24 148 175 248 314 372 464 515 524 584 692 731  ; 4 1 4 10 7 5 5 5 5 4 8 3 4 8 
197 ; 3.34e-08 ; True ; 1 24 107 161 175 248 314 372 464 524 692 731  ; 4 1 4 9 7 6 5 6 5 3 7 4 4 6 
197.4 ; 3.343e-08 ; True ; 1 24 148 175 248 314 372 464 524 584 692 731 747  ; 5 1 4 10 8 5 5 5 6 3 8 3 4 8 
199.1 ; 3.371e-08 ; True ; 1 14 24 175 248 314 372 464 524 584 692 731 747  ; 5 1 4 10 8 6 4 5 6 4 9 3 3 8 
199.9 ; 3.488e-08 ; True ; 1 14 24 175 228 248 314 372 464 524 692 731 747  ; 4 1 4 10 9 6 5 5 7 3 8 3 4 7 
200.8 ; 3.548e-08 ; True ; 1 24 175 228 248 314 372 463 464 524 584 692 731  ; 4 1 4 10 7 5 5 5 6 4 8 3 4 7 
203.1 ; 3.782e-08 ; True ; 1 24 161 175 228 248 314 372 420 464 524 607 692  ; 5 1 4 10 8 5 5 5 8 3 8 3 4 7 
206.4 ; 3.876e-08 ; True ; 1 118 161 175 248 314 372 420 464 524 607 692 859  ; 5 1 4 9 6 5 5 5 8 3 7 4 4 6 
206.9 ; 4.011e-08 ; True ; 1 24 118 161 175 314 372 420 464 524 606 607 692  ; 5 1 4 11 7 5 5 5 8 3 7 4 4 6 
208.1 ; 4.098e-08 ; True ; 1 24 161 175 248 314 372 420 464 524 606 607 692  ; 5 1 4 10 8 5 4 5 8 4 8 3 4 7 
208.3 ; 4.113e-08 ; True ; 1 24 161 175 228 248 314 372 464 524 584 692 731  ; 5 1 4 10 8 5 5 5 6 4 8 3 4 7 
209 ; 4.193e-08 ; True ; 1 24 161 175 228 248 314 372 464 524 606 692 731  ; 4 1 4 10 9 5 5 5 7 4 7 3 5 6 
212.1 ; 4.497e-08 ; True ; 1 24 161 175 228 248 314 372 420 464 524 692 731  ; 5 1 4 10 8 6 5 6 7 3 8 3 4 7 
214.5 ; 4.602e-08 ; True ; 1 24 118 161 175 248 314 372 420 464 524 606 692  ; 5 1 3 10 8 6 5 5 8 4 7 4 4 6 
215.5 ; 4.63e-08 ; True ; 1 24 107 175 248 314 372 464 524 584 607 692 731  ; 4 1 5 10 6 5 5 6 6 3 8 4 4 7 
216.1 ; 4.872e-08 ; True ; 1 24 161 175 248 314 372 420 464 524 606 692 731  ; 5 1 4 10 8 6 4 6 7 4 8 3 4 7 
217.4 ; 5.039e-08 ; True ; 1 14 24 107 175 248 314 372 464 524 584 692 731  ; 4 1 4 10 7 6 5 6 5 4 8 4 4 7 
223.1 ; 5.168e-08 ; True ; 1 24 107 161 175 248 314 372 464 524 606 607 692  ; 4 1 4 10 8 5 5 5 7 4 7 4 5 6 
223.3 ; 5.271e-08 ; True ; 1 24 107 175 248 314 372 464 524 584 606 692 731  ; 4 1 4 10 7 5 5 6 6 4 7 4 5 6 
223.4 ; 5.356e-08 ; True ; 1 24 107 161 175 248 314 372 464 524 607 692 731  ; 4 1 5 10 7 6 5 6 6 3 8 4 4 7 
225.2 ; 5.502e-08 ; True ; 1 24 107 161 175 248 314 372 420 464 524 607 692  ; 5 1 4 10 7 6 5 6 7 3 8 4 4 7 
228.4 ; 5.711e-08 ; True ; 1 24 107 161 175 248 314 372 464 524 584 692 731  ; 5 1 4 10 7 6 5 6 5 4 8 4 4 7 
230.2 ; 6.027e-08 ; True ; 1 24 107 161 175 248 314 372 464 524 606 692 731  ; 4 1 4 10 8 6 5 6 6 4 7 4 5 6 
233.3 ; 6.081e-08 ; True ; 1 24 107 161 175 248 314 372 420 464 524 692 731  ; 5 1 4 10 7 7 5 7 6 3 8 4 4 7 
234.3 ; 6.372e-08 ; True ; 1 24 161 175 228 248 314 372 420 464 524 606 607 692  ; 5 1 4 11 9 5 5 5 9 4 8 3 5 7 
235.3 ; 6.419e-08 ; True ; 1 24 161 175 228 248 314 372 464 524 606 607 692 731  ; 4 1 5 11 9 5 5 5 8 4 8 3 5 7 
236.7 ; 6.45e-08 ; True ; 1 14 24 175 248 314 372 464 524 584 607 692 731 829  ; 5 1 5 11 8 5 4 5 7 4 9 4 4 8 
238.4 ; 6.673e-08 ; True ; 1 24 161 175 228 248 314 372 420 464 524 607 692 731  ; 5 1 5 11 8 6 5 6 8 3 9 3 4 8 
240.5 ; 6.775e-08 ; True ; 1 24 175 228 248 314 372 420 464 524 584 606 692 731  ; 5 1 4 11 8 5 5 6 8 4 8 3 5 7 
242.3 ; 7.404e-08 ; True ; 1 24 118 161 175 248 314 372 420 464 524 606 607 692  ; 5 1 4 11 8 6 5 5 9 4 8 4 4 7 
244.3 ; 7.689e-08 ; True ; 1 24 161 175 228 248 314 372 420 464 524 606 692 731  ; 5 1 4 11 9 6 5 6 8 4 8 3 5 7 
245.6 ; 7.831e-08 ; True ; 1 14 24 107 175 248 314 372 464 524 584 607 692 731  ; 4 1 5 11 7 6 5 6 6 4 9 4 4 8 
249.8 ; 8.214e-08 ; True ; 1 24 118 161 175 248 314 372 420 464 524 606 692 859  ; 5 1 4 10 8 6 5 6 8 4 7 4 5 6 
251.5 ; 8.227e-08 ; True ; 1 24 107 175 248 314 372 464 524 584 606 607 692 731  ; 4 1 5 11 7 5 5 6 7 4 8 4 5 7 
251.9 ; 8.704e-08 ; True ; 1 24 118 161 175 248 314 372 420 464 524 606 692 731  ; 5 1 4 11 8 7 5 6 8 4 8 4 4 7 
256.4 ; 8.727e-08 ; True ; 1 24 107 175 248 314 372 464 524 584 606 692 731 747  ; 5 1 4 11 8 6 5 6 7 4 8 4 5 7 
256.7 ; 8.877e-08 ; True ; 1 24 107 161 175 248 314 372 464 524 584 607 692 731  ; 5 1 5 11 7 6 5 6 6 4 9 4 4 8 
258.5 ; 9.408e-08 ; True ; 1 24 107 161 175 248 314 372 464 524 606 607 692 731  ; 4 1 5 11 8 6 5 6 7 4 8 4 5 7 
259.4 ; 9.477e-08 ; True ; 1 24 107 161 175 248 314 372 420 464 524 606 607 692  ; 5 1 4 11 8 6 5 6 8 4 8 4 5 7 
263.6 ; 9.586e-08 ; True ; 1 24 107 175 248 314 372 420 464 524 584 606 692 731  ; 5 1 4 11 7 6 5 7 7 4 8 4 5 7 
264.5 ; 9.663e-08 ; True ; 1 24 107 161 175 248 314 372 464 524 584 606 692 731  ; 5 1 4 11 8 6 5 6 6 5 8 4 5 7 
266.3 ; 9.687e-08 ; True ; 1 24 107 161 175 248 314 372 420 464 524 606 692 859  ; 5 1 4 10 8 6 5 7 7 4 7 4 6 6 
267.6 ; 9.717e-08 ; True ; 1 24 107 161 175 248 314 372 420 464 524 584 692 731  ; 6 1 4 11 7 7 5 7 6 4 9 4 4 8 
268.4 ; 1.068e-07 ; True ; 1 24 107 161 175 248 314 372 420 464 524 606 692 731  ; 5 1 4 11 8 7 5 7 7 4 8 4 5 7 
272.6 ; 1.124e-07 ; True ; 1 24 161 175 228 248 314 372 420 464 524 606 607 692 731  ; 5 1 5 12 9 6 5 6 9 4 9 3 5 8 
278.6 ; 1.148e-07 ; True ; 1 24 107 175 228 248 314 372 464 524 584 607 692 731 747  ; 5 1 5 12 8 6 6 6 8 3 9 4 5 8 
279.3 ; 1.192e-07 ; True ; 1 24 107 175 228 248 314 372 463 464 524 584 607 692 731  ; 4 1 5 12 7 6 6 6 7 4 9 4 5 8 
280.4 ; 1.239e-07 ; True ; 1 24 118 161 175 248 314 372 420 464 524 606 607 692 859  ; 5 1 5 11 8 6 5 6 9 4 8 4 5 7 
281.6 ; 1.273e-07 ; True ; 1 24 118 161 175 248 314 372 420 464 524 606 607 692 731  ; 5 1 5 12 8 7 5 6 9 4 9 4 4 8 
282.4 ; 1.3e-07 ; True ; 1 24 118 161 175 228 248 314 372 420 464 524 606 692 731  ; 5 1 4 12 9 7 6 6 9 4 8 4 5 7 
287.7 ; 1.382e-07 ; True ; 1 24 107 161 175 228 248 314 372 464 524 584 607 692 731  ; 5 1 5 12 8 6 6 6 7 4 9 4 5 8 
291 ; 1.417e-07 ; True ; 1 24 118 161 175 248 314 372 420 464 524 606 692 731 859  ; 5 1 5 11 8 7 5 7 8 4 8 4 5 7 
293.9 ; 1.422e-07 ; True ; 1 24 107 175 248 314 372 420 464 524 584 606 607 692 731  ; 5 1 5 12 7 6 5 7 8 4 9 4 5 8 
294.7 ; 1.462e-07 ; True ; 1 24 107 161 175 248 314 372 464 524 584 606 607 692 731  ; 5 1 5 12 8 6 5 6 7 5 9 4 5 8 
297.5 ; 1.483e-07 ; True ; 1 24 107 161 175 248 314 372 420 464 524 606 607 692 859  ; 5 1 5 11 8 6 5 7 8 4 8 4 6 7 
298.5 ; 1.505e-07 ; True ; 1 24 107 118 161 175 248 314 372 420 464 524 606 607 692  ; 5 1 4 12 8 7 6 6 9 4 8 5 5 7 
298.7 ; 1.585e-07 ; True ; 1 24 107 161 175 248 314 372 420 464 524 606 607 692 731  ; 5 1 5 12 8 7 5 7 8 4 9 4 5 8 
305.7 ; 1.6e-07 ; True ; 1 24 107 161 175 248 314 372 420 464 524 584 606 692 731  ; 6 1 4 12 8 7 5 7 7 5 9 4 5 8 
307.5 ; 1.638e-07 ; True ; 1 24 107 161 175 248 314 372 420 464 524 606 692 731 859  ; 5 1 5 11 8 7 5 8 7 4 8 4 6 7 
309.9 ; 1.646e-07 ; True ; 1 24 161 175 228 248 314 372 420 464 524 584 606 607 692 731  ; 6 1 5 13 9 6 5 6 9 5 10 3 5 9 
311.3 ; 1.657e-07 ; True ; 1 24 107 118 161 248 314 372 420 464 524 606 607 692 731  ; 5 1 5 12 7 8 5 7 8 4 9 4 5 8 
316.8 ; 1.723e-07 ; True ; 1 24 107 161 175 248 314 372 420 464 524 606 692 731 829  ; 6 1 4 12 9 7 5 7 8 4 8 5 6 7 
319.7 ; 1.777e-07 ; True ; 1 24 107 161 175 248 314 372 420 437 464 524 606 692 731  ; 5 1 5 11 8 7 6 7 7 4 8 5 5 7 
323.1 ; 1.797e-07 ; True ; 1 24 161 175 228 248 314 372 420 464 515 524 606 692 731 859  ; 5 1 5 12 9 7 5 7 8 5 9 3 6 8 
323.2 ; 1.862e-07 ; True ; 1 24 118 161 175 248 314 372 464 524 584 606 607 692 731 859  ; 5 1 6 12 8 6 5 6 8 5 9 4 5 8 
324.3 ; 1.898e-07 ; True ; 1 24 107 175 228 248 314 372 463 464 524 584 606 692 731 747  ; 5 1 4 13 9 7 6 6 8 5 9 4 6 8 
325.9 ; 2.057e-07 ; True ; 1 24 107 175 228 248 314 372 420 464 524 584 606 607 692 731  ; 5 1 5 13 8 6 6 7 9 4 9 4 6 8 
330.8 ; 2.123e-07 ; True ; 1 24 118 161 175 248 314 372 420 464 524 584 606 692 731 859  ; 6 1 5 12 8 7 5 7 8 5 9 4 5 8 
336.7 ; 2.196e-07 ; True ; 1 24 107 161 175 248 314 372 464 524 584 606 607 692 731 859  ; 5 1 6 12 8 6 5 7 7 5 9 4 6 8 
336.8 ; 2.23e-07 ; True ; 1 24 107 161 175 228 248 314 372 464 524 584 607 692 731 829  ; 6 1 5 13 9 6 6 6 8 4 9 5 6 8 
338 ; 2.32e-07 ; True ; 1 24 107 161 175 248 314 372 420 464 524 584 606 607 692 731  ; 6 1 5 13 8 7 5 7 8 5 10 4 5 9 
340.3 ; 2.355e-07 ; True ; 1 24 107 118 161 175 248 314 372 464 524 584 606 607 692 731  ; 5 1 5 13 8 7 6 6 8 5 9 5 5 8 
346.7 ; 2.445e-07 ; True ; 1 24 107 161 175 248 314 317 372 420 464 524 606 607 692 731  ; 5 1 5 13 9 8 6 7 8 5 9 4 5 8 
347.8 ; 2.454e-07 ; True ; 1 24 107 161 175 248 314 372 420 464 524 584 606 692 731 859  ; 6 1 5 12 8 7 5 8 7 5 9 4 6 8 
349 ; 2.519e-07 ; True ; 1 24 107 161 175 248 314 372 420 464 524 606 607 692 731 829  ; 6 1 5 13 9 7 5 7 9 4 9 5 6 8 
353.9 ; 2.532e-07 ; True ; 1 24 107 161 175 248 314 372 420 437 464 524 606 607 692 731  ; 5 1 6 12 8 7 6 7 8 4 9 5 5 8 
355.2 ; 2.56e-07 ; True ; 1 24 107 161 175 248 314 317 372 420 464 524 607 692 731 829  ; 6 1 5 13 9 8 6 7 8 4 9 5 5 8 
359.8 ; 2.572e-07 ; True ; 1 24 107 161 175 248 314 372 420 464 524 606 692 731 829 859  ; 6 1 5 12 9 7 5 8 8 4 8 5 7 7 
360.3 ; 2.601e-07 ; True ; 1 24 107 161 175 248 253 314 372 420 464 524 606 692 731 829  ; 6 1 4 13 9 7 5 8 8 5 9 5 6 8 
360.8 ; 2.617e-07 ; True ; 1 24 107 161 175 248 314 372 420 437 464 524 606 692 731 859  ; 5 1 6 11 8 7 6 8 7 4 8 5 6 7 
362.6 ; 2.654e-07 ; True ; 1 24 107 118 161 248 314 372 420 464 524 606 607 692 731 829  ; 6 1 5 13 8 8 5 7 9 4 9 5 6 8 
364 ; 2.669e-07 ; True ; 1 24 107 144 161 175 248 314 372 420 464 524 584 692 731 859  ; 6 1 5 12 8 8 6 8 7 5 9 4 5 8 
369.6 ; 2.728e-07 ; True ; 1 24 118 161 175 248 314 369 372 420 464 524 606 607 692 829 859  ; 6 1 6 13 9 6 5 7 10 4 8 5 6 8 
370.7 ; 2.878e-07 ; True ; 1 24 118 161 175 248 314 369 372 420 464 524 606 607 692 731 829  ; 6 1 6 14 9 7 5 7 10 4 9 5 5 9 
372.3 ; 3.231e-07 ; True ; 1 24 107 148 161 175 248 314 372 420 464 524 584 606 607 692 731  ; 6 1 5 14 9 7 6 7 8 5 10 4 6 10 
382.1 ; 3.447e-07 ; True ; 1 14 24 107 161 175 228 248 314 372 420 464 524 607 692 731 829  ; 6 1 5 14 10 8 6 7 9 4 10 5 6 9 
383.7 ; 3.479e-07 ; True ; 1 24 107 161 175 228 248 314 372 420 464 524 584 606 692 731 859  ; 6 1 5 13 9 7 6 8 8 5 9 4 7 8 
391.5 ; 3.6e-07 ; True ; 1 24 107 161 175 248 314 317 372 420 464 524 606 607 692 731 859  ; 5 1 6 13 9 8 6 8 8 5 9 4 6 8 
394.9 ; 3.611e-07 ; True ; 1 24 107 161 175 248 314 372 420 464 524 606 607 692 731 829 859  ; 6 1 6 13 9 7 5 8 9 4 9 5 7 8 
397 ; 3.659e-07 ; True ; 1 24 107 161 175 248 314 317 372 420 464 524 584 607 692 731 829  ; 7 1 5 14 9 8 6 7 8 5 10 5 5 9 
397.1 ; 3.706e-07 ; True ; 1 24 107 161 175 248 314 372 420 437 464 524 584 606 607 692 731  ; 6 1 6 13 8 7 6 7 8 5 10 5 5 9 
400.9 ; 3.77e-07 ; True ; 1 24 107 161 175 248 314 317 372 420 464 524 607 692 731 829 859  ; 6 1 6 13 9 8 6 8 8 4 9 5 6 8 
410.8 ; 3.949e-07 ; True ; 1 24 107 161 175 248 314 317 372 420 464 524 606 692 731 829 859  ; 6 1 5 13 10 8 6 8 8 5 8 5 7 7 
415.6 ; 4.022e-07 ; True ; 1 24 107 161 175 248 314 369 372 420 464 480 524 606 607 692 859  ; 5 1 6 13 9 7 6 8 9 5 8 5 6 8 
418.1 ; 4.117e-07 ; True ; 1 24 118 161 175 248 253 314 372 420 464 524 584 606 607 692 829 859  ; 7 1 5 14 9 6 5 7 10 6 10 5 6 9 
418.9 ; 4.215e-07 ; True ; 1 24 107 161 175 248 314 372 420 464 480 524 584 606 607 692 859  ; 6 1 5 13 9 7 6 7 9 6 9 5 6 8 
419.8 ; 4.227e-07 ; True ; 1 24 107 161 175 248 314 372 464 480 524 584 606 607 692 731 859  ; 5 1 6 13 9 7 6 7 8 6 9 5 6 8 
421.1 ; 4.364e-07 ; True ; 1 24 107 161 175 248 314 372 420 464 480 524 584 607 692 731 859  ; 6 1 6 13 8 8 6 8 8 5 10 5 5 9 
421.8 ; 4.526e-07 ; True ; 1 24 107 161 175 248 314 372 420 464 480 524 606 607 692 731 859  ; 5 1 6 13 9 8 6 8 9 5 9 5 6 8 
425.5 ; 4.606e-07 ; True ; 1 14 24 107 175 248 314 372 420 464 515 524 584 607 692 731 829 859  ; 6 1 6 14 8 8 5 8 8 5 11 5 6 10 
425.7 ; 4.685e-07 ; True ; 1 14 24 107 161 175 248 314 372 420 464 524 584 606 607 692 731 859  ; 6 1 6 14 9 8 5 8 8 6 11 4 6 10 
427.8 ; 4.757e-07 ; True ; 1 24 107 161 175 228 248 314 372 463 464 524 584 607 692 731 829 859  ; 6 1 6 14 9 7 6 7 8 5 10 5 7 9 
429.8 ; 4.772e-07 ; True ; 1 24 107 161 175 245 248 314 372 420 464 524 584 606 607 692 731 859  ; 6 1 6 13 9 7 6 8 9 5 10 4 7 9 
433.6 ; 4.807e-07 ; True ; 1 14 24 107 175 228 248 314 372 420 464 524 584 606 692 731 829 859  ; 6 1 5 14 10 7 6 8 9 5 9 5 8 8 
436.7 ; 5.06e-07 ; True ; 1 24 107 161 175 248 314 317 372 420 464 524 584 606 607 692 731 859  ; 6 1 6 14 9 8 6 8 8 6 10 4 6 9 
439.8 ; 5.16e-07 ; True ; 1 24 107 161 175 248 314 372 420 464 524 584 606 607 692 731 829 859  ; 7 1 6 14 9 7 5 8 9 5 10 5 7 9 
444.9 ; 5.307e-07 ; True ; 1 24 107 161 175 248 314 317 372 420 464 524 584 606 607 692 731 829  ; 7 1 5 15 10 8 6 7 9 6 10 5 6 9 
445.8 ; 5.388e-07 ; True ; 1 24 107 161 175 248 314 317 372 420 464 524 584 607 692 731 829 859  ; 7 1 6 14 9 8 6 8 8 5 10 5 6 9 
456.7 ; 5.546e-07 ; True ; 1 24 107 161 175 248 314 317 372 420 464 524 584 606 692 731 829 859  ; 7 1 5 14 10 8 6 8 8 6 9 5 7 8 
459.9 ; 5.866e-07 ; True ; 1 24 107 144 161 175 248 314 372 420 464 524 606 607 692 731 829 859  ; 6 1 6 14 10 8 6 8 10 5 9 5 7 8 
467.7 ; 5.935e-07 ; True ; 1 24 107 144 161 175 248 314 372 420 464 524 584 606 692 731 829 859  ; 7 1 5 14 10 8 6 8 9 6 9 5 7 8 
471.6 ; 6.141e-07 ; True ; 1 24 107 161 175 248 314 372 420 464 480 515 524 606 607 692 731 859  ; 5 1 6 14 9 9 6 8 9 6 10 5 6 9 
478.3 ; 6.278e-07 ; True ; 1 24 107 161 175 248 253 314 372 464 480 524 584 607 692 731 829 859  ; 6 1 6 14 9 7 6 8 8 6 10 6 6 9 
479.8 ; 6.344e-07 ; True ; 1 24 107 161 175 248 314 372 420 464 480 524 584 606 607 692 731 829  ; 7 1 5 15 10 8 6 7 10 6 10 6 6 9 
479.9 ; 6.514e-07 ; True ; 1 24 107 161 175 248 314 372 420 464 480 524 584 607 692 731 829 859  ; 7 1 6 14 9 8 6 8 9 5 10 6 6 9 
482.6 ; 6.62e-07 ; True ; 1 24 107 161 175 248 253 314 372 420 464 480 524 607 692 731 829 859  ; 6 1 6 14 9 8 6 9 9 5 10 6 6 9 
487 ; 6.714e-07 ; True ; 1 24 107 161 175 248 314 317 372 420 464 480 524 607 692 731 829 859  ; 6 1 6 14 10 9 7 8 9 5 9 6 6 8 
497.7 ; 6.727e-07 ; True ; 1 24 107 118 161 248 314 372 420 464 480 524 606 607 692 731 845 859  ; 6 1 6 14 9 10 6 8 9 6 9 5 6 9 
501.2 ; 6.732e-07 ; True ; 1 24 107 144 175 248 314 317 372 464 515 524 606 607 692 731 770 829 859  ; 5 1 6 15 10 8 7 8 9 6 9 5 7 8 
501.7 ; 7.646e-07 ; True ; 1 24 107 161 175 248 314 317 372 420 437 464 524 584 606 607 692 731 859  ; 6 1 7 14 9 8 7 8 8 6 10 5 6 9 
505.8 ; 7.709e-07 ; True ; 1 24 107 161 175 248 314 372 420 437 464 524 584 606 607 692 731 829 859  ; 7 1 7 14 9 7 6 8 9 5 10 6 7 9 
520.3 ; 7.756e-07 ; True ; 1 24 107 161 175 314 317 372 420 464 480 524 584 606 607 692 731 770 859  ; 7 1 6 16 9 8 7 9 8 6 10 5 6 9 
526.7 ; 7.76e-07 ; True ; 1 24 107 161 175 248 314 317 372 420 464 480 524 584 607 678 692 731 859  ; 6 1 6 15 10 9 8 9 8 6 11 5 5 9 
529.2 ; 8.026e-07 ; True ; 1 107 161 175 228 248 314 317 372 420 464 480 524 584 607 692 731 829 859  ; 7 1 5 15 10 8 8 7 10 6 9 6 7 8 
531.9 ; 8.195e-07 ; True ; 1 24 107 144 161 175 248 314 372 420 464 524 584 606 607 692 731 781 829  ; 7 1 6 16 10 8 6 8 10 6 10 6 6 9 
532.6 ; 9.092e-07 ; True ; 1 24 107 161 175 248 314 372 420 464 480 524 584 606 607 692 731 829 859  ; 7 1 6 15 10 8 6 8 10 6 10 6 7 9 
556.3 ; 9.842e-07 ; True ; 1 24 107 144 175 248 314 317 372 420 464 524 584 606 607 692 731 770 829 859  ; 7 1 6 16 10 8 7 9 10 6 10 5 7 9 
585.7 ; 1e-06 ; True ; 1 24 107 161 175 248 314 372 420 464 480 524 584 606 607 658 692 731 829 859  ; 7 1 6 16 10 8 6 8 10 6 10 7 7 9 
587.3 ; 1.129e-06 ; True ; 1 24 107 161 175 228 314 317 372 420 463 464 480 524 584 607 692 731 829 859  ; 7 1 6 17 10 9 8 8 9 6 10 6 7 9 
619.6 ; 1.242e-06 ; True ; 1 24 107 144 161 175 248 314 317 372 420 437 464 480 524 584 607 692 731 859  ; 6 1 7 15 10 10 9 8 9 7 10 6 5 9 
638.2 ; 1.257e-06 ; True ; 1 24 107 118 175 248 314 317 372 420 464 480 524 584 606 607 692 731 829 835  ; 6 1 6 16 10 9 8 8 11 6 10 8 6 9 
650.8 ; 1.352e-06 ; True ; 1 24 107 118 175 228 248 253 314 372 420 437 463 464 480 524 607 692 731 747 859  ; 5 1 7 16 9 10 9 9 11 5 11 7 6 10 
656.1 ; 1.441e-06 ; True ; 1 24 107 161 175 228 248 314 372 420 463 464 480 524 584 607 663 692 731 829 859  ; 7 1 7 16 10 9 7 8 10 6 11 6 8 10 
685.3 ; 1.661e-06 ; True ; 1 14 24 107 161 175 248 314 372 420 437 464 480 524 606 607 692 731 829 846 859  ; 6 1 7 16 11 9 8 8 10 6 10 8 8 9 
726.3 ; 1.667e-06 ; True ; 1 24 107 144 161 228 248 314 372 420 463 464 480 524 606 692 731 796 829 835 859  ; 6 1 6 16 11 10 8 9 11 7 10 6 8 9 
734.5 ; 1.685e-06 ; True ; 1 24 107 127 161 175 228 248 314 317 372 420 463 464 480 524 584 607 663 692 731 859  ; 6 1 7 17 10 10 9 8 9 7 11 6 7 10 
740.1 ; 1.809e-06 ; True ; 1 24 107 118 144 248 314 317 372 420 437 464 480 524 584 606 607 692 731 835 859  ; 5 1 8 15 9 10 9 9 10 7 10 7 6 9 
755.1 ; 1.977e-06 ; True ; 1 24 107 118 144 175 248 253 314 372 420 437 464 468 480 524 584 607 692 731 829 859  ; 6 1 7 16 9 9 9 9 11 6 10 9 7 9 
826.6 ; 2.1e-06 ; True ; 1 15 24 107 144 161 228 248 314 372 420 437 464 480 524 606 692 731 747 829 835 859  ; 7 1 7 15 12 10 8 10 11 6 10 7 8 9 
856.2 ; 2.185e-06 ; True ; 1 16 24 66 107 118 161 175 228 314 372 420 463 464 480 524 606 607 682 692 731 747 859  ; 6 1 7 19 11 10 8 9 12 6 10 9 8 9 
910.5 ; 2.307e-06 ; True ; 1 24 107 118 144 248 253 314 317 372 416 420 422 437 464 480 524 584 606 607 692 835 859  ; 6 1 7 15 9 9 9 9 11 8 11 8 6 10 


RUN 3:
Optimum Distance: 15.16
Optimal Team: 118,161,372,859,
Required Skills: 0 1 4 5 9 10 11 12 14 15 16 18 23 24 
Distance; Skill Score; isValid; Team; Skill Counts
15.16 ; 1.727e-14 ; True ; 118 161 372 859  ; 1 1 1 2 1 2 1 2 1 1 1 1 1 1 
17.13 ; 3.403e-14 ; True ; 1 118 314 372  ; 1 1 1 2 1 1 2 2 2 1 1 1 1 1 
18.63 ; 5.537e-14 ; True ; 161 369 372 692  ; 2 1 1 3 2 1 1 2 1 1 1 1 1 2 
18.81 ; 1.996e-13 ; True ; 1 161 372 692  ; 2 1 1 3 2 1 1 2 1 2 2 1 1 2 
19.54 ; 2.342e-13 ; True ; 24 248 372 692  ; 1 1 1 2 3 2 1 2 2 1 2 1 1 2 
20.7 ; 2.354e-13 ; True ; 1 372 420 524  ; 1 1 1 3 1 2 1 3 2 1 3 1 1 2 
21.56 ; 2.395e-13 ; True ; 24 161 372 692  ; 2 1 1 3 3 2 1 2 1 1 2 1 1 2 
21.56 ; 2.848e-13 ; True ; 1 161 372 524  ; 1 1 1 3 2 2 1 2 1 2 3 1 1 2 
22.79 ; 4.009e-13 ; True ; 1 372 524 692  ; 1 1 1 3 2 1 2 2 2 1 2 2 2 1 
22.84 ; 4.228e-13 ; True ; 118 161 372 420 859  ; 2 1 1 3 1 3 1 3 2 1 2 1 1 2 
24.67 ; 5.853e-13 ; True ; 1 118 161 372 606  ; 1 1 1 4 2 2 1 2 2 3 2 1 1 2 
25.33 ; 1.341e-12 ; True ; 1 118 161 314 372  ; 2 1 1 3 2 2 2 2 2 2 2 1 1 2 
27.44 ; 2.569e-12 ; True ; 1 118 161 372 692  ; 2 1 1 4 2 2 2 2 2 2 2 2 1 2 
27.57 ; 2.629e-12 ; True ; 1 161 372 420 692  ; 3 1 1 4 2 2 1 3 2 2 3 1 1 3 
29.06 ; 3.018e-12 ; True ; 1 118 161 372 420 468  ; 2 1 1 4 1 3 1 3 2 2 3 2 1 3 
31.25 ; 3.336e-12 ; True ; 1 161 372 420 524  ; 2 1 1 4 2 3 1 3 2 2 4 1 1 3 
31.55 ; 3.653e-12 ; True ; 1 314 372 420 524  ; 2 1 1 3 2 2 2 3 3 1 3 1 2 2 
32.41 ; 4.469e-12 ; True ; 1 161 314 372 524  ; 2 1 1 3 3 2 2 2 2 2 3 1 2 2 
33.34 ; 5.685e-12 ; True ; 1 118 161 372 420 606  ; 2 1 1 5 2 3 1 3 3 3 3 1 1 3 
34.33 ; 7.454e-12 ; True ; 1 118 161 228 372 420  ; 2 1 1 5 2 3 2 3 3 2 3 1 1 3 
34.92 ; 9.973e-12 ; True ; 1 118 161 314 372 420  ; 3 1 1 4 2 3 2 3 3 2 3 1 1 3 
37.09 ; 1.88e-11 ; True ; 1 118 161 372 420 692  ; 3 1 1 5 2 3 2 3 3 2 3 2 1 3 
39.37 ; 2.084e-11 ; True ; 1 161 314 372 420 692  ; 4 1 1 4 3 2 2 3 3 2 3 1 2 3 
42.57 ; 2.125e-11 ; True ; 1 118 161 372 420 524  ; 2 1 1 5 2 4 2 3 3 2 4 2 1 3 
42.88 ; 2.81e-11 ; True ; 1 24 248 314 372 692  ; 2 1 2 3 4 2 2 3 3 2 3 1 2 3 
45.02 ; 2.961e-11 ; True ; 1 161 314 372 420 524  ; 3 1 1 4 3 3 2 3 3 2 4 1 2 3 
45.73 ; 3.529e-11 ; True ; 1 118 161 314 372 420 468  ; 3 1 1 4 2 3 2 3 3 2 3 2 2 3 
47.29 ; 3.849e-11 ; True ; 1 161 314 372 524 692  ; 3 1 1 4 4 2 3 2 3 2 3 2 3 2 
47.84 ; 4.37e-11 ; True ; 1 118 161 175 314 372 420  ; 3 1 1 5 3 3 3 3 4 2 3 2 1 3 
47.93 ; 4.997e-11 ; True ; 1 118 161 372 420 468 692  ; 3 1 1 5 2 3 2 3 3 2 3 3 2 3 
48.11 ; 5.581e-11 ; True ; 1 161 372 420 524 692  ; 3 1 1 5 3 3 2 3 3 2 4 2 2 3 
50.01 ; 6.155e-11 ; True ; 1 118 161 175 372 420 692  ; 3 1 1 6 3 3 3 3 4 2 3 3 1 3 
51.21 ; 8.421e-11 ; True ; 1 118 161 372 420 606 692  ; 3 1 1 6 3 3 2 3 4 3 3 2 2 3 
51.81 ; 9.949e-11 ; True ; 1 118 161 314 372 420 692  ; 4 1 1 5 3 3 3 3 4 2 3 2 2 3 
54.64 ; 1.066e-10 ; True ; 1 24 175 248 314 372 692  ; 2 1 2 4 5 2 3 3 4 2 3 2 2 3 
55.91 ; 1.11e-10 ; True ; 1 118 161 314 372 464 692  ; 4 1 2 5 3 2 3 3 3 2 3 2 2 3 
55.91 ; 1.149e-10 ; True ; 1 24 161 175 314 372 692  ; 3 1 2 5 5 2 3 3 3 2 3 2 2 3 
59.26 ; 1.259e-10 ; True ; 1 118 161 314 372 420 524  ; 3 1 1 5 3 4 3 3 4 2 4 2 2 3 
59.53 ; 1.468e-10 ; True ; 1 24 118 161 314 372 692  ; 3 1 2 5 4 3 3 3 3 2 3 2 2 3 
62.42 ; 1.774e-10 ; True ; 1 118 161 372 420 524 692  ; 3 1 1 6 3 4 3 3 4 2 4 3 2 3 
62.88 ; 1.995e-10 ; True ; 1 161 314 372 420 524 692  ; 4 1 1 5 4 3 3 3 4 2 4 2 3 3 
63.83 ; 2.315e-10 ; True ; 1 248 314 372 464 524 692  ; 3 1 2 4 4 2 3 3 4 2 4 2 3 3 
65.59 ; 2.59e-10 ; True ; 1 24 248 314 372 524 692  ; 2 1 2 4 5 3 3 3 4 2 4 2 3 3 
66.86 ; 2.875e-10 ; True ; 1 161 175 314 372 420 607 692  ; 4 1 2 6 4 2 3 3 5 2 4 2 2 4 
67.18 ; 2.921e-10 ; True ; 1 161 175 314 372 420 692 859  ; 4 1 2 5 4 2 3 4 4 2 3 2 3 3 
68.24 ; 2.943e-10 ; True ; 1 118 161 372 420 606 607 692  ; 3 1 2 7 3 3 2 3 5 3 4 2 2 4 
68.7 ; 3.539e-10 ; True ; 1 118 161 314 372 420 692 859  ; 4 1 2 5 3 3 3 4 4 2 3 2 3 3 
70.19 ; 4.109e-10 ; True ; 1 24 175 248 314 372 464 692  ; 3 1 3 5 5 2 3 4 4 2 4 2 2 4 
71.32 ; 4.232e-10 ; True ; 1 24 175 248 314 372 692 731  ; 2 1 3 5 5 3 3 4 4 2 4 2 2 4 
71.43 ; 4.275e-10 ; True ; 1 118 161 314 372 420 464 692  ; 5 1 2 6 3 3 3 4 4 2 4 2 2 4 
73.41 ; 4.695e-10 ; True ; 1 24 161 175 314 372 420 692  ; 4 1 2 6 5 3 3 4 4 2 4 2 2 4 
74.25 ; 4.706e-10 ; True ; 1 24 161 175 248 314 372 692  ; 3 1 2 5 6 3 3 3 4 3 4 2 2 4 
75.92 ; 5.345e-10 ; True ; 1 24 118 161 314 372 420 692  ; 4 1 2 6 4 4 3 4 4 2 4 2 2 4 
78.56 ; 5.424e-10 ; True ; 1 175 248 314 372 464 524 692  ; 3 1 2 5 5 2 4 3 5 2 4 3 3 3 
78.77 ; 5.529e-10 ; True ; 1 161 175 314 372 464 524 692  ; 4 1 2 6 5 2 4 3 4 2 4 3 3 3 
79.74 ; 6.313e-10 ; True ; 1 161 314 372 420 524 692 859  ; 4 1 2 5 4 3 3 4 4 2 4 2 4 3 
80.41 ; 6.563e-10 ; True ; 1 161 314 372 420 524 607 692  ; 4 1 2 6 4 3 3 3 5 2 5 2 3 4 
81.68 ; 7.039e-10 ; True ; 1 161 175 372 420 464 524 692  ; 4 1 2 7 4 3 3 4 4 2 5 3 2 4 
82.49 ; 8.056e-10 ; True ; 1 161 314 372 420 464 524 692  ; 5 1 2 6 4 3 3 4 4 2 5 2 3 4 
83.13 ; 9.38e-10 ; True ; 1 24 248 314 372 464 524 692  ; 3 1 3 5 5 3 3 4 4 2 5 2 3 4 
85.63 ; 9.437e-10 ; True ; 24 175 248 314 372 464 515 692 731  ; 3 1 3 6 5 4 3 4 4 2 5 2 2 5 
85.72 ; 9.946e-10 ; True ; 14 24 175 248 314 372 464 692 731  ; 3 1 3 6 6 4 3 4 4 2 5 2 2 5 
86.34 ; 1.049e-09 ; True ; 1 118 161 175 314 372 420 464 692  ; 5 1 2 7 4 3 4 4 5 2 4 3 2 4 
87.65 ; 1.058e-09 ; True ; 1 118 161 175 372 420 464 606 692  ; 4 1 2 8 4 3 3 4 5 3 4 3 2 4 
88.64 ; 1.183e-09 ; True ; 1 14 24 175 248 314 372 464 692  ; 3 1 3 6 6 3 3 4 4 3 5 2 2 5 
88.82 ; 1.195e-09 ; True ; 1 24 175 248 314 372 464 692 731  ; 3 1 4 6 5 3 3 5 4 2 5 2 2 5 
90.37 ; 1.212e-09 ; True ; 1 118 161 314 372 420 464 606 692  ; 5 1 2 7 4 3 3 4 5 3 4 2 3 4 
91.28 ; 1.236e-09 ; True ; 1 161 175 248 314 372 420 464 692  ; 5 1 2 6 5 3 3 4 5 3 5 2 2 5 
91.77 ; 1.244e-09 ; True ; 1 24 118 161 175 314 372 420 692  ; 4 1 2 7 5 4 4 4 5 2 4 3 2 4 
92.75 ; 1.424e-09 ; True ; 1 24 161 175 248 314 372 464 692  ; 4 1 3 6 6 3 3 4 4 3 5 2 2 5 
94.87 ; 1.437e-09 ; True ; 1 24 118 161 314 372 420 606 692  ; 4 1 2 7 5 4 3 4 5 3 4 2 3 4 
94.88 ; 1.463e-09 ; True ; 1 24 161 175 248 314 372 692 731  ; 3 1 3 6 6 4 3 4 4 3 5 2 2 5 
97.23 ; 1.468e-09 ; True ; 1 161 175 314 372 420 524 607 692  ; 4 1 2 7 5 3 4 3 6 2 5 3 3 4 
97.56 ; 1.471e-09 ; True ; 1 161 175 314 372 420 524 692 859  ; 4 1 2 6 5 3 4 4 5 2 4 3 4 3 
98.71 ; 1.568e-09 ; True ; 1 24 118 161 248 314 372 420 692  ; 4 1 2 6 5 5 3 4 5 3 5 2 2 5 
99.31 ; 1.875e-09 ; True ; 1 161 175 314 372 420 464 524 692  ; 5 1 2 7 5 3 4 4 5 2 5 3 3 4 
99.79 ; 2.121e-09 ; True ; 1 24 175 248 314 372 464 524 692  ; 3 1 3 6 6 3 4 4 5 2 5 3 3 4 
102.7 ; 2.134e-09 ; True ; 1 118 161 314 372 420 464 524 692  ; 5 1 2 7 4 4 4 4 5 2 5 3 3 4 
103 ; 2.159e-09 ; True ; 1 24 161 175 314 372 464 524 692  ; 4 1 3 7 6 3 4 4 4 2 5 3 3 4 
103.5 ; 2.315e-09 ; True ; 1 14 24 248 314 372 464 524 692  ; 3 1 3 6 6 4 3 4 4 3 6 2 3 5 
103.8 ; 2.34e-09 ; True ; 1 24 248 314 372 464 524 692 731  ; 3 1 4 6 5 4 3 5 4 2 6 2 3 5 
106.7 ; 2.355e-09 ; True ; 1 118 161 175 372 420 464 606 607 692  ; 4 1 3 9 4 3 3 4 6 3 5 3 2 5 
106.9 ; 2.42e-09 ; True ; 1 161 248 314 372 420 464 524 692  ; 5 1 2 6 5 4 3 4 5 3 6 2 3 5 
107 ; 2.561e-09 ; True ; 1 24 175 228 248 314 372 464 515 692  ; 3 1 3 7 6 3 4 4 5 3 5 2 3 5 
107.2 ; 2.71e-09 ; True ; 1 118 161 175 314 372 420 464 606 692  ; 5 1 2 8 5 3 4 4 6 3 4 3 3 4 
108.1 ; 2.727e-09 ; True ; 1 24 175 228 248 314 372 464 692 731  ; 3 1 4 7 6 3 4 5 5 2 5 2 3 5 
108.3 ; 2.836e-09 ; True ; 1 14 24 175 248 314 372 464 692 731  ; 3 1 4 7 6 4 3 5 4 3 6 2 2 6 
111.1 ; 3.189e-09 ; True ; 1 24 161 175 228 248 314 372 464 692  ; 4 1 3 7 7 3 4 4 5 3 5 2 3 5 
114.3 ; 3.276e-09 ; True ; 1 24 161 175 228 248 314 372 692 731  ; 3 1 3 7 7 4 4 4 5 3 5 2 3 5 
114.3 ; 3.317e-09 ; True ; 1 24 118 161 175 314 372 420 464 692  ; 5 1 3 8 5 4 4 5 5 2 5 3 2 5 
115.3 ; 3.414e-09 ; True ; 1 24 161 175 248 314 372 464 692 731  ; 4 1 4 7 6 4 3 5 4 3 6 2 2 6 
116.2 ; 3.514e-09 ; True ; 1 24 161 175 248 314 372 420 464 692  ; 5 1 3 7 6 4 3 5 5 3 6 2 2 6 
116.6 ; 3.772e-09 ; True ; 1 24 118 161 175 248 314 372 464 692  ; 4 1 3 7 6 4 4 4 5 3 5 3 2 5 
118.8 ; 4.016e-09 ; True ; 1 161 175 314 372 420 464 524 607 692  ; 5 1 3 8 5 3 4 4 6 2 6 3 3 5 
119.2 ; 4.041e-09 ; True ; 1 24 175 248 314 372 464 524 607 692  ; 3 1 4 7 6 3 4 4 6 2 6 3 3 5 
120.2 ; 4.054e-09 ; True ; 14 24 175 248 314 372 464 524 692 731  ; 3 1 3 7 7 5 4 4 5 2 6 3 3 5 
121 ; 4.175e-09 ; True ; 1 161 175 314 372 420 464 524 692 859  ; 5 1 3 7 5 3 4 5 5 2 5 3 4 4 
121.6 ; 4.284e-09 ; True ; 1 161 175 248 314 372 464 524 607 692  ; 4 1 3 7 6 3 4 3 6 3 6 3 3 5 
122.1 ; 5.131e-09 ; True ; 1 14 24 175 248 314 372 464 524 692  ; 3 1 3 7 7 4 4 4 5 3 6 3 3 5 
122.4 ; 5.282e-09 ; True ; 1 24 175 248 314 372 464 524 692 731  ; 3 1 4 7 6 4 4 5 5 2 6 3 3 5 
126.3 ; 5.551e-09 ; True ; 1 24 175 248 314 372 420 464 524 692  ; 4 1 3 7 6 4 4 5 6 2 6 3 3 5 
127.1 ; 6.176e-09 ; True ; 1 24 161 175 248 314 372 464 524 692  ; 4 1 3 7 7 4 4 4 5 3 6 3 3 5 
132.9 ; 6.319e-09 ; True ; 1 118 161 175 248 314 372 420 464 607 692  ; 5 1 3 8 5 4 4 4 7 3 6 3 2 6 
134.5 ; 6.749e-09 ; True ; 1 24 118 161 175 314 372 420 606 607 692  ; 4 1 3 9 6 4 4 4 7 3 5 3 3 5 
135 ; 6.817e-09 ; True ; 1 24 118 161 175 228 314 372 420 464 692  ; 5 1 3 9 6 4 5 5 6 2 5 3 3 5 
135.1 ; 6.936e-09 ; True ; 1 24 118 161 248 314 372 464 524 692  ; 4 1 3 7 6 5 4 4 5 3 6 3 3 5 
136.5 ; 7.562e-09 ; True ; 1 24 161 175 228 248 314 372 420 464 692  ; 5 1 3 8 7 4 4 5 6 3 6 2 3 6 
136.6 ; 7.642e-09 ; True ; 1 24 161 175 228 248 314 372 464 692 731  ; 4 1 4 8 7 4 4 5 5 3 6 2 3 6 
137.6 ; 7.879e-09 ; True ; 1 118 161 175 248 314 372 420 464 692 859  ; 5 1 3 7 5 4 4 5 6 3 5 3 3 5 
138 ; 8.307e-09 ; True ; 1 24 118 161 175 314 372 420 464 606 692  ; 5 1 3 9 6 4 4 5 6 3 5 3 3 5 
140.9 ; 8.403e-09 ; True ; 1 24 118 161 175 248 314 372 420 464 692  ; 5 1 3 8 6 5 4 5 6 3 6 3 2 6 
142.7 ; 8.651e-09 ; True ; 14 24 175 248 314 372 464 524 584 692 731  ; 4 1 3 8 7 5 4 4 5 3 7 3 3 6 
143.2 ; 8.711e-09 ; True ; 1 161 175 314 372 420 464 524 606 607 692  ; 5 1 3 9 6 3 4 4 7 3 6 3 4 5 
143.4 ; 8.951e-09 ; True ; 1 14 24 175 248 314 372 464 524 692 770  ; 4 1 3 8 7 4 4 5 5 3 7 3 3 6 
143.5 ; 9.168e-09 ; True ; 1 14 24 175 248 314 372 464 524 607 692  ; 3 1 4 8 7 4 4 4 6 3 7 3 3 6 
143.8 ; 9.254e-09 ; True ; 1 24 148 175 248 314 372 464 524 692 731  ; 3 1 4 8 7 4 5 5 5 2 6 3 4 6 
145.5 ; 9.486e-09 ; True ; 1 24 175 228 248 314 372 464 524 692 731  ; 3 1 4 8 7 4 5 5 6 2 6 3 4 5 
145.6 ; 9.734e-09 ; True ; 1 14 24 175 248 314 372 464 524 584 692  ; 4 1 3 8 7 4 4 4 5 4 7 3 3 6 
145.7 ; 1.126e-08 ; True ; 1 14 24 175 248 314 372 464 524 692 731  ; 3 1 4 8 7 5 4 5 5 3 7 3 3 6 
146.9 ; 1.127e-08 ; True ; 1 24 175 248 314 372 464 524 584 692 731  ; 4 1 4 8 6 4 4 5 5 3 7 3 3 6 
149.6 ; 1.156e-08 ; True ; 1 24 175 248 314 372 464 524 606 692 731  ; 3 1 4 8 7 4 4 5 6 3 6 3 4 5 
151.1 ; 1.169e-08 ; True ; 1 161 175 248 314 372 420 464 524 692 859  ; 5 1 3 7 6 4 4 5 6 3 6 3 4 5 
152.5 ; 1.182e-08 ; True ; 1 24 175 248 314 372 420 464 524 606 692  ; 4 1 3 8 7 4 4 5 7 3 6 3 4 5 
152.6 ; 1.21e-08 ; True ; 1 24 161 175 314 372 420 464 524 606 692  ; 5 1 3 9 7 4 4 5 6 3 6 3 4 5 
153.5 ; 1.223e-08 ; True ; 1 24 161 175 248 314 372 464 524 692 859  ; 4 1 4 7 7 4 4 5 5 3 6 3 4 5 
153.7 ; 1.355e-08 ; True ; 1 24 161 175 248 314 372 464 524 692 731  ; 4 1 4 8 7 5 4 5 5 3 7 3 3 6 
158.4 ; 1.359e-08 ; True ; 1 24 118 161 314 372 420 464 524 606 692  ; 5 1 3 9 6 5 4 5 6 3 6 3 4 5 
160.6 ; 1.369e-08 ; True ; 1 14 24 107 175 248 314 372 464 524 692  ; 3 1 3 8 7 5 5 5 5 3 6 4 4 5 
160.8 ; 1.37e-08 ; True ; 1 24 107 175 248 314 372 464 524 584 692  ; 4 1 3 8 6 4 5 5 5 3 6 4 4 5 
160.8 ; 1.482e-08 ; True ; 1 24 118 161 175 314 372 420 464 606 607 692  ; 5 1 4 10 6 4 4 5 7 3 6 3 3 6 
164.4 ; 1.52e-08 ; True ; 1 118 161 175 248 314 372 420 464 606 692 859  ; 5 1 3 8 6 4 4 5 7 4 5 3 4 5 
165.7 ; 1.533e-08 ; True ; 1 24 107 248 314 372 464 524 584 692 731  ; 4 1 4 8 5 5 4 6 4 3 7 3 4 6 
165.9 ; 1.554e-08 ; True ; 1 24 161 175 228 248 314 372 420 464 692 731  ; 5 1 4 9 7 5 4 6 6 3 7 2 3 7 
166.5 ; 1.58e-08 ; True ; 1 24 118 161 175 314 372 420 464 606 692 859  ; 5 1 4 9 6 4 4 6 6 3 5 3 4 5 
166.6 ; 1.647e-08 ; True ; 1 24 107 161 175 248 314 372 464 524 692  ; 4 1 3 8 7 5 5 5 5 3 6 4 4 5 
167.5 ; 1.788e-08 ; True ; 1 24 118 161 175 248 314 372 420 464 606 692  ; 5 1 3 9 7 5 4 5 7 4 6 3 3 6 
169 ; 1.806e-08 ; True ; 1 14 24 175 248 314 372 464 524 692 731 770  ; 4 1 4 9 7 5 4 6 5 3 8 3 3 7 
169.2 ; 1.858e-08 ; True ; 1 24 148 175 248 314 372 464 515 524 692 731  ; 3 1 4 9 7 5 5 5 5 3 7 3 4 7 
169.3 ; 1.925e-08 ; True ; 1 24 148 175 248 314 372 464 524 584 692 731  ; 4 1 4 9 7 4 5 5 5 3 7 3 4 7 
170.8 ; 1.999e-08 ; True ; 1 14 24 175 228 248 314 372 464 524 692 731  ; 3 1 4 9 8 5 5 5 6 3 7 3 4 6 
171.1 ; 2.045e-08 ; True ; 1 14 24 175 248 314 372 464 524 584 692 731  ; 4 1 4 9 7 5 4 5 5 4 8 3 3 7 
175.9 ; 2.165e-08 ; True ; 1 14 24 175 248 314 372 464 524 606 692 731  ; 3 1 4 9 8 5 4 5 6 4 7 3 4 6 
177 ; 2.193e-08 ; True ; 1 24 175 248 314 372 464 524 584 606 692 731  ; 4 1 4 9 7 4 4 5 6 4 7 3 4 6 
177.9 ; 2.233e-08 ; True ; 1 24 161 175 248 314 372 420 464 524 607 692  ; 5 1 4 9 7 5 4 5 7 3 8 3 3 7 
178.1 ; 2.288e-08 ; True ; 1 24 148 161 175 248 314 372 464 524 692 731  ; 4 1 4 9 8 5 5 5 5 3 7 3 4 7 
178.7 ; 2.317e-08 ; True ; 1 24 161 175 228 248 314 372 420 464 524 692  ; 5 1 3 9 8 5 5 5 7 3 7 3 4 6 
178.8 ; 2.405e-08 ; True ; 1 24 161 175 228 248 314 372 464 524 692 731  ; 4 1 4 9 8 5 5 5 6 3 7 3 4 6 
181.4 ; 2.438e-08 ; True ; 1 24 175 248 314 372 464 515 524 692 731 829  ; 4 1 4 9 7 5 4 5 6 3 7 4 4 6 
181.4 ; 2.494e-08 ; True ; 1 14 24 175 248 314 372 464 524 692 731 829  ; 4 1 4 9 8 5 4 5 6 3 7 4 4 6 
182.7 ; 2.51e-08 ; True ; 1 24 161 175 248 314 372 420 464 524 606 692  ; 5 1 3 9 8 5 4 5 7 4 7 3 4 6 
182.9 ; 2.606e-08 ; True ; 1 24 161 175 248 314 372 464 524 606 692 731  ; 4 1 4 9 8 5 4 5 6 4 7 3 4 6 
188.1 ; 2.775e-08 ; True ; 1 14 24 107 175 248 314 372 464 524 692 731  ; 3 1 4 9 7 6 5 6 5 3 7 4 4 6 
189.2 ; 2.887e-08 ; True ; 1 24 107 175 248 314 372 464 524 584 692 731  ; 4 1 4 9 6 5 5 6 5 3 7 4 4 6 
191 ; 2.943e-08 ; True ; 1 24 107 161 175 248 314 372 464 524 607 692  ; 4 1 4 9 7 5 5 5 6 3 7 4 4 6 
192.3 ; 2.973e-08 ; True ; 1 24 118 161 175 248 314 372 420 464 606 607 692  ; 5 1 4 10 7 5 4 5 8 4 7 3 3 7 
193.6 ; 3.032e-08 ; True ; 1 24 148 175 248 314 372 464 524 584 607 692 731  ; 4 1 5 10 7 4 5 5 6 3 8 3 4 8 
195.6 ; 3.314e-08 ; True ; 1 24 148 175 248 314 372 464 515 524 584 692 731  ; 4 1 4 10 7 5 5 5 5 4 8 3 4 8 
197 ; 3.34e-08 ; True ; 1 24 107 161 175 248 314 372 464 524 692 731  ; 4 1 4 9 7 6 5 6 5 3 7 4 4 6 
199.1 ; 3.371e-08 ; True ; 1 14 24 175 248 314 372 464 524 584 692 731 747  ; 5 1 4 10 8 6 4 5 6 4 9 3 3 8 
199.9 ; 3.401e-08 ; True ; 1 24 118 161 175 248 314 372 420 464 606 692 859  ; 5 1 4 9 7 5 4 6 7 4 6 3 4 6 
201 ; 3.535e-08 ; True ; 1 24 118 161 175 248 314 372 420 464 606 692 731  ; 5 1 4 10 7 6 4 6 7 4 7 3 3 7 
202.5 ; 3.603e-08 ; True ; 1 24 148 161 175 248 314 372 464 524 607 692 731  ; 4 1 5 10 8 5 5 5 6 3 8 3 4 8 
203.1 ; 3.782e-08 ; True ; 1 24 161 175 228 248 314 372 420 464 524 607 692  ; 5 1 4 10 8 5 5 5 8 3 8 3 4 7 
206.4 ; 3.876e-08 ; True ; 1 118 161 175 248 314 372 420 464 524 607 692 859  ; 5 1 4 9 6 5 5 5 8 3 7 4 4 6 
206.9 ; 4.011e-08 ; True ; 1 24 118 161 175 314 372 420 464 524 606 607 692  ; 5 1 4 11 7 5 5 5 8 3 7 4 4 6 
208.1 ; 4.098e-08 ; True ; 1 24 161 175 248 314 372 420 464 524 606 607 692  ; 5 1 4 10 8 5 4 5 8 4 8 3 4 7 
209 ; 4.193e-08 ; True ; 1 24 161 175 228 248 314 372 464 524 606 692 731  ; 4 1 4 10 9 5 5 5 7 4 7 3 5 6 
212.1 ; 4.497e-08 ; True ; 1 24 161 175 228 248 314 372 420 464 524 692 731  ; 5 1 4 10 8 6 5 6 7 3 8 3 4 7 
214.5 ; 4.602e-08 ; True ; 1 24 118 161 175 248 314 372 420 464 524 606 692  ; 5 1 3 10 8 6 5 5 8 4 7 4 4 6 
215.5 ; 4.63e-08 ; True ; 1 24 107 175 248 314 372 464 524 584 607 692 731  ; 4 1 5 10 6 5 5 6 6 3 8 4 4 7 
216.1 ; 4.872e-08 ; True ; 1 24 161 175 248 314 372 420 464 524 606 692 731  ; 5 1 4 10 8 6 4 6 7 4 8 3 4 7 
217.4 ; 5.039e-08 ; True ; 1 14 24 107 175 248 314 372 464 524 584 692 731  ; 4 1 4 10 7 6 5 6 5 4 8 4 4 7 
221.7 ; 5.2e-08 ; True ; 1 14 24 148 175 248 314 372 464 524 584 607 692 731  ; 4 1 5 11 8 5 5 5 6 4 9 3 4 9 
223.3 ; 5.271e-08 ; True ; 1 24 107 175 248 314 372 464 524 584 606 692 731  ; 4 1 4 10 7 5 5 6 6 4 7 4 5 6 
223.4 ; 5.356e-08 ; True ; 1 24 107 161 175 248 314 372 464 524 607 692 731  ; 4 1 5 10 7 6 5 6 6 3 8 4 4 7 
225.2 ; 5.502e-08 ; True ; 1 24 107 161 175 248 314 372 420 464 524 607 692  ; 5 1 4 10 7 6 5 6 7 3 8 4 4 7 
228.2 ; 5.78e-08 ; True ; 1 14 24 175 228 248 314 372 464 524 584 692 731 747  ; 5 1 4 11 9 6 5 5 7 4 9 3 4 8 
230.2 ; 6.027e-08 ; True ; 1 24 107 161 175 248 314 372 464 524 606 692 731  ; 4 1 4 10 8 6 5 6 6 4 7 4 5 6 
233.3 ; 6.081e-08 ; True ; 1 24 107 161 175 248 314 372 420 464 524 692 731  ; 5 1 4 10 7 7 5 7 6 3 8 4 4 7 
233.4 ; 6.23e-08 ; True ; 1 14 24 161 175 228 248 314 372 464 524 607 692 731  ; 4 1 5 11 9 6 5 5 7 4 9 3 4 8 
235.3 ; 6.419e-08 ; True ; 1 24 161 175 228 248 314 372 464 524 606 607 692 731  ; 4 1 5 11 9 5 5 5 8 4 8 3 5 7 
238.4 ; 6.673e-08 ; True ; 1 24 161 175 228 248 314 372 420 464 524 607 692 731  ; 5 1 5 11 8 6 5 6 8 3 9 3 4 8 
241.2 ; 6.713e-08 ; True ; 1 24 118 161 175 314 372 420 464 524 606 607 692 859  ; 5 1 5 11 7 5 5 6 8 3 7 4 5 6 
241.9 ; 7e-08 ; True ; 1 24 107 148 175 248 314 372 464 524 584 607 692 731  ; 4 1 5 11 7 5 6 6 6 3 8 4 5 8 
243.5 ; 7.229e-08 ; True ; 1 24 161 175 248 314 372 420 464 524 606 607 692 731  ; 5 1 5 11 8 6 4 6 8 4 9 3 4 8 
244.3 ; 7.689e-08 ; True ; 1 24 161 175 228 248 314 372 420 464 524 606 692 731  ; 5 1 4 11 9 6 5 6 8 4 8 3 5 7 
249.4 ; 8.094e-08 ; True ; 1 14 24 107 175 248 314 372 464 524 584 692 731 747  ; 5 1 4 11 8 7 5 6 6 4 9 4 4 8 
251.5 ; 8.227e-08 ; True ; 1 24 107 175 248 314 372 464 524 584 606 607 692 731  ; 4 1 5 11 7 5 5 6 7 4 8 4 5 7 
251.9 ; 8.704e-08 ; True ; 1 24 118 161 175 248 314 372 420 464 524 606 692 731  ; 5 1 4 11 8 7 5 6 8 4 8 4 4 7 
256.4 ; 8.727e-08 ; True ; 1 24 107 175 248 314 372 464 524 584 606 692 731 747  ; 5 1 4 11 8 6 5 6 7 4 8 4 5 7 
256.7 ; 8.877e-08 ; True ; 1 24 107 161 175 248 314 372 464 524 584 607 692 731  ; 5 1 5 11 7 6 5 6 6 4 9 4 4 8 
258.5 ; 9.408e-08 ; True ; 1 24 107 161 175 248 314 372 464 524 606 607 692 731  ; 4 1 5 11 8 6 5 6 7 4 8 4 5 7 
259.4 ; 9.477e-08 ; True ; 1 24 107 161 175 248 314 372 420 464 524 606 607 692  ; 5 1 4 11 8 6 5 6 8 4 8 4 5 7 
263.6 ; 9.586e-08 ; True ; 1 24 107 175 248 314 372 420 464 524 584 606 692 731  ; 5 1 4 11 7 6 5 7 7 4 8 4 5 7 
264.5 ; 9.663e-08 ; True ; 1 24 107 161 175 248 314 372 464 524 584 606 692 731  ; 5 1 4 11 8 6 5 6 6 5 8 4 5 7 
266.3 ; 9.687e-08 ; True ; 1 24 107 161 175 248 314 372 420 464 524 606 692 859  ; 5 1 4 10 8 6 5 7 7 4 7 4 6 6 
267.6 ; 9.717e-08 ; True ; 1 24 107 161 175 248 314 372 420 464 524 584 692 731  ; 6 1 4 11 7 7 5 7 6 4 9 4 4 8 
268.4 ; 1.068e-07 ; True ; 1 24 107 161 175 248 314 372 420 464 524 606 692 731  ; 5 1 4 11 8 7 5 7 7 4 8 4 5 7 
279.8 ; 1.155e-07 ; True ; 1 24 107 175 248 314 372 464 515 524 606 607 692 731 770  ; 4 1 5 12 7 6 5 7 7 4 9 4 5 8 
279.8 ; 1.171e-07 ; True ; 1 24 107 175 248 314 372 464 524 584 606 607 692 731 770  ; 5 1 5 12 7 5 5 7 7 4 9 4 5 8 
279.9 ; 1.181e-07 ; True ; 1 24 107 148 175 248 314 372 464 524 584 606 607 692 731  ; 4 1 5 12 8 5 6 6 7 4 8 4 6 8 
281.2 ; 1.212e-07 ; True ; 1 118 161 175 248 314 372 420 464 524 606 607 692 731 859  ; 5 1 5 11 7 6 5 6 9 4 8 4 5 7 
284.8 ; 1.261e-07 ; True ; 1 24 107 175 248 314 372 464 515 524 584 606 607 692 731  ; 4 1 5 12 7 6 5 6 7 5 9 4 5 8 
288.7 ; 1.304e-07 ; True ; 1 24 118 161 175 248 314 372 420 464 524 584 606 692 731  ; 6 1 4 12 8 7 5 6 8 5 9 4 4 8 
288.7 ; 1.339e-07 ; True ; 1 24 107 161 175 248 314 372 464 524 606 607 692 731 770  ; 5 1 5 12 8 6 5 7 7 4 9 4 5 8 
290.2 ; 1.34e-07 ; True ; 1 107 161 175 228 248 314 372 420 464 524 606 607 692 731  ; 5 1 4 12 8 6 6 6 9 4 8 4 6 7 
290.9 ; 1.37e-07 ; True ; 1 24 107 175 248 314 372 464 515 524 584 607 692 731 829  ; 5 1 5 12 7 6 5 6 7 4 9 5 5 8 
291 ; 1.417e-07 ; True ; 1 24 118 161 175 248 314 372 420 464 524 606 692 731 859  ; 5 1 5 11 8 7 5 7 8 4 8 4 5 7 
293.9 ; 1.422e-07 ; True ; 1 24 107 175 248 314 372 420 464 524 584 606 607 692 731  ; 5 1 5 12 7 6 5 7 8 4 9 4 5 8 
294.7 ; 1.462e-07 ; True ; 1 24 107 161 175 248 314 372 464 524 584 606 607 692 731  ; 5 1 5 12 8 6 5 6 7 5 9 4 5 8 
297.5 ; 1.483e-07 ; True ; 1 24 107 161 175 248 314 372 420 464 524 606 607 692 859  ; 5 1 5 11 8 6 5 7 8 4 8 4 6 7 
298.7 ; 1.585e-07 ; True ; 1 24 107 161 175 248 314 372 420 464 524 606 607 692 731  ; 5 1 5 12 8 7 5 7 8 4 9 4 5 8 
305.7 ; 1.6e-07 ; True ; 1 24 107 161 175 248 314 372 420 464 524 584 606 692 731  ; 6 1 4 12 8 7 5 7 7 5 9 4 5 8 
307.5 ; 1.638e-07 ; True ; 1 24 107 161 175 248 314 372 420 464 524 606 692 731 859  ; 5 1 5 11 8 7 5 8 7 4 8 4 6 7 
309.2 ; 1.689e-07 ; True ; 1 24 107 118 161 175 248 314 372 420 464 524 606 692 731  ; 5 1 4 12 8 8 6 7 8 4 8 5 5 7 
316.8 ; 1.723e-07 ; True ; 1 24 107 161 175 248 314 372 420 464 524 606 692 731 829  ; 6 1 4 12 9 7 5 7 8 4 8 5 6 7 
322.1 ; 1.744e-07 ; True ; 1 24 107 144 161 175 248 314 372 464 524 607 692 731 829  ; 5 1 5 12 9 7 6 6 8 4 8 5 5 7 
322.7 ; 1.764e-07 ; True ; 1 24 161 175 248 314 372 420 464 480 524 606 692 731 859  ; 5 1 5 11 9 7 5 7 8 5 8 4 5 7 
323.9 ; 1.83e-07 ; True ; 1 24 118 161 175 248 314 372 420 464 524 584 607 692 731 859  ; 6 1 6 12 7 7 5 7 8 4 10 4 4 9 
325.1 ; 1.87e-07 ; True ; 1 24 107 175 248 314 372 420 464 524 584 606 607 692 731 770  ; 6 1 5 13 7 6 5 8 8 4 10 4 5 9 
326 ; 1.961e-07 ; True ; 1 24 107 161 175 248 314 372 464 524 584 606 607 692 731 770  ; 6 1 5 13 8 6 5 7 7 5 10 4 5 9 
327.9 ; 1.967e-07 ; True ; 1 24 107 148 161 175 248 314 372 464 524 584 607 692 731 859  ; 5 1 6 12 8 6 6 7 6 4 9 4 6 9 
330.7 ; 2.038e-07 ; True ; 1 24 107 175 247 248 314 372 420 464 515 524 606 607 692 731  ; 5 1 5 13 8 7 5 7 8 5 9 4 5 9 
331.2 ; 2.041e-07 ; True ; 1 107 161 175 228 248 314 372 420 464 524 606 607 692 731 859  ; 5 1 5 12 8 6 6 7 9 4 8 4 7 7 
334 ; 2.067e-07 ; True ; 1 14 24 107 161 175 248 314 372 420 464 524 584 607 692 731  ; 6 1 5 13 8 8 5 7 7 5 11 4 4 10 
336.4 ; 2.098e-07 ; True ; 1 24 107 175 248 253 314 372 420 464 524 584 606 607 692 731  ; 5 1 5 13 7 6 5 8 8 5 10 4 5 9 
336.7 ; 2.196e-07 ; True ; 1 24 107 161 175 248 314 372 464 524 584 606 607 692 731 859  ; 5 1 6 12 8 6 5 7 7 5 9 4 6 8 
337.8 ; 2.222e-07 ; True ; 1 24 107 161 175 248 314 372 420 464 524 584 606 607 692 859  ; 6 1 5 12 8 6 5 7 8 5 9 4 6 8 
338 ; 2.32e-07 ; True ; 1 24 107 161 175 248 314 372 420 464 524 584 606 607 692 731  ; 6 1 5 13 8 7 5 7 8 5 10 4 5 9 
340.6 ; 2.333e-07 ; True ; 1 24 107 161 175 248 314 372 420 464 524 606 607 692 731 859  ; 5 1 6 12 8 7 5 8 8 4 9 4 6 8 
344.9 ; 2.351e-07 ; True ; 1 24 107 161 175 248 314 372 464 515 524 606 607 692 731 829  ; 5 1 5 13 9 7 5 6 8 5 9 5 6 8 
346.7 ; 2.445e-07 ; True ; 1 24 107 161 175 248 314 317 372 420 464 524 606 607 692 731  ; 5 1 5 13 9 8 6 7 8 5 9 4 5 8 
347.8 ; 2.454e-07 ; True ; 1 24 107 161 175 248 314 372 420 464 524 584 606 692 731 859  ; 6 1 5 12 8 7 5 8 7 5 9 4 6 8 
349 ; 2.519e-07 ; True ; 1 24 107 161 175 248 314 372 420 464 524 606 607 692 731 829  ; 6 1 5 13 9 7 5 7 9 4 9 5 6 8 
355.9 ; 2.616e-07 ; True ; 1 24 107 144 161 175 248 314 372 420 464 524 606 607 692 731  ; 5 1 5 13 9 8 6 7 9 5 9 4 5 8 
364.9 ; 2.645e-07 ; True ; 1 24 107 161 175 248 314 317 372 420 464 524 606 692 731 829  ; 6 1 4 13 10 8 6 7 8 5 8 5 6 7 
368.1 ; 2.704e-07 ; True ; 1 24 107 175 245 248 314 372 420 464 524 584 606 607 692 731 770  ; 6 1 5 13 8 6 6 8 9 4 10 4 6 9 
371.5 ; 2.731e-07 ; True ; 1 24 107 161 175 248 314 369 372 420 464 480 524 606 607 692  ; 5 1 5 13 9 7 6 7 9 5 8 5 5 8 
372.4 ; 2.802e-07 ; True ; 1 24 107 175 247 248 314 372 420 464 515 524 584 607 692 731 859  ; 6 1 6 13 7 7 5 8 7 5 10 4 5 10 
372.7 ; 2.93e-07 ; True ; 1 24 107 161 175 248 314 372 420 464 480 524 606 607 692 859  ; 5 1 5 12 9 7 6 7 9 5 8 5 6 7 
375.9 ; 3.074e-07 ; True ; 1 24 107 161 175 248 314 372 420 464 480 524 606 607 692 731  ; 5 1 5 13 9 8 6 7 9 5 9 5 5 8 
382.2 ; 3.136e-07 ; True ; 1 24 107 161 175 248 314 372 420 464 480 524 584 692 731 859  ; 6 1 5 12 8 8 6 8 7 5 9 5 5 8 
382.9 ; 3.416e-07 ; True ; 1 24 107 161 175 248 314 372 420 464 524 584 606 607 692 731 859  ; 6 1 6 13 8 7 5 8 8 5 10 4 6 9 
391.5 ; 3.6e-07 ; True ; 1 24 107 161 175 248 314 317 372 420 464 524 606 607 692 731 859  ; 5 1 6 13 9 8 6 8 8 5 9 4 6 8 
391.9 ; 3.609e-07 ; True ; 1 24 107 161 175 248 314 372 420 464 515 524 606 607 692 731 829  ; 6 1 5 14 9 8 5 7 9 5 10 5 6 9 
394.5 ; 3.716e-07 ; True ; 1 24 107 161 175 248 253 314 372 420 464 524 606 607 692 731 829  ; 6 1 5 14 9 7 5 8 9 5 10 5 6 9 
402.7 ; 3.762e-07 ; True ; 1 24 107 161 175 248 314 372 420 464 524 584 606 692 731 829 859  ; 7 1 5 13 9 7 5 8 8 5 9 5 7 8 
410.8 ; 3.949e-07 ; True ; 1 24 107 161 175 248 314 317 372 420 464 524 606 692 731 829 859  ; 6 1 5 13 10 8 6 8 8 5 8 5 7 7 
415.6 ; 4.022e-07 ; True ; 1 24 107 161 175 248 314 369 372 420 464 480 524 606 607 692 859  ; 5 1 6 13 9 7 6 8 9 5 8 5 6 8 
419.7 ; 4.047e-07 ; True ; 1 24 107 161 175 248 253 314 372 464 480 524 584 607 692 731 859  ; 5 1 6 13 8 7 6 8 7 6 10 5 5 9 
421.1 ; 4.364e-07 ; True ; 1 24 107 161 175 248 314 372 420 464 480 524 584 607 692 731 859  ; 6 1 6 13 8 8 6 8 8 5 10 5 5 9 
421.8 ; 4.526e-07 ; True ; 1 24 107 161 175 248 314 372 420 464 480 524 606 607 692 731 859  ; 5 1 6 13 9 8 6 8 9 5 9 5 6 8 
427.8 ; 4.607e-07 ; True ; 1 24 107 148 161 175 248 314 372 464 524 584 606 607 692 731 829 859  ; 6 1 6 14 10 6 6 7 8 5 9 5 8 9 
429.1 ; 4.638e-07 ; True ; 1 24 107 161 175 248 314 372 420 464 480 524 584 606 692 731 859  ; 6 1 5 13 9 8 6 8 8 6 9 5 6 8 
434.8 ; 4.865e-07 ; True ; 1 24 107 161 175 248 314 372 420 464 515 524 584 606 607 692 731 829  ; 7 1 5 15 9 8 5 7 9 6 11 5 6 10 
439.8 ; 5.16e-07 ; True ; 1 24 107 161 175 248 314 372 420 464 524 584 606 607 692 731 829 859  ; 7 1 6 14 9 7 5 8 9 5 10 5 7 9 
448.8 ; 5.543e-07 ; True ; 1 24 107 161 175 248 314 317 372 420 464 524 606 607 692 731 829 859  ; 6 1 6 14 10 8 6 8 9 5 9 5 7 8 
467.6 ; 5.873e-07 ; True ; 1 24 107 161 175 248 314 369 372 420 464 480 524 606 607 692 731 859  ; 5 1 7 14 9 8 6 9 9 5 9 5 6 9 
473.8 ; 5.875e-07 ; True ; 1 24 107 161 175 248 314 317 372 420 464 480 524 584 606 607 692 859  ; 6 1 5 14 10 8 7 7 9 7 9 5 6 8 
476 ; 6.203e-07 ; True ; 1 24 107 161 175 248 314 317 372 420 464 480 524 584 607 692 731 859  ; 6 1 6 14 9 9 7 8 8 6 10 5 5 9 
478.3 ; 6.278e-07 ; True ; 1 24 107 161 175 248 253 314 372 464 480 524 584 607 692 731 829 859  ; 6 1 6 14 9 7 6 8 8 6 10 6 6 9 
479.9 ; 6.514e-07 ; True ; 1 24 107 161 175 248 314 372 420 464 480 524 584 607 692 731 829 859  ; 7 1 6 14 9 8 6 8 9 5 10 6 6 9 
506.4 ; 6.56e-07 ; True ; 1 24 107 161 248 314 372 404 420 464 480 524 606 607 692 731 829 859  ; 6 1 6 14 9 8 6 8 10 5 9 6 7 8 
506.4 ; 6.877e-07 ; True ; 1 24 107 161 175 248 314 369 372 420 464 524 606 607 692 731 829 845 859  ; 7 1 7 15 10 8 5 9 9 5 9 5 7 10 
507.6 ; 6.911e-07 ; True ; 1 24 107 161 175 248 314 372 420 464 480 524 606 607 692 731 835 859  ; 5 1 7 13 9 8 6 9 9 5 10 6 6 9 
514.5 ; 8.054e-07 ; True ; 1 24 118 161 175 248 253 314 372 420 464 480 524 606 607 692 731 829 859  ; 6 1 6 15 10 8 6 8 11 6 10 6 6 9 
535.2 ; 9.241e-07 ; True ; 1 24 107 161 175 248 253 314 372 420 464 480 524 606 607 692 731 829 859  ; 6 1 6 15 10 8 6 9 10 6 10 6 7 9 
559.8 ; 9.26e-07 ; True ; 1 24 107 161 175 248 314 317 372 420 464 480 524 606 607 692 731 735 829  ; 6 1 6 15 11 9 7 8 10 6 9 7 6 8 
572.5 ; 9.299e-07 ; True ; 1 24 107 161 175 247 248 314 372 420 464 480 524 607 692 731 829 835 859  ; 7 1 7 14 10 8 6 9 9 5 10 7 6 10 
572.6 ; 9.85e-07 ; True ; 1 24 107 161 175 248 314 372 420 464 480 524 606 607 692 731 829 835 859  ; 6 1 7 14 10 8 6 9 10 5 10 7 7 9 
579.6 ; 1.089e-06 ; True ; 1 24 107 161 175 248 253 314 372 420 464 480 524 584 607 657 692 731 829 859  ; 7 1 6 16 9 8 6 9 9 6 11 7 7 10 
609.8 ; 1.226e-06 ; True ; 1 14 24 107 161 175 248 253 314 372 420 464 480 524 607 692 731 829 846 859  ; 6 1 6 16 10 9 7 9 9 6 11 7 7 10 
624.4 ; 1.286e-06 ; True ; 1 24 107 161 175 248 314 317 372 420 464 480 524 584 606 692 731 735 829 859  ; 7 1 6 15 11 9 7 9 9 7 9 7 7 8 
631.7 ; 1.334e-06 ; True ; 1 24 107 161 175 248 253 314 372 420 464 480 524 606 607 692 731 829 835 859  ; 6 1 7 15 10 8 6 10 10 6 11 7 7 10 
645.3 ; 1.365e-06 ; True ; 1 24 107 161 175 248 314 372 420 464 480 524 606 607 692 731 829 835 845 859  ; 7 1 7 15 11 9 6 9 10 6 10 7 7 10 
662.4 ; 1.443e-06 ; True ; 1 24 107 161 175 248 253 314 372 420 464 480 524 584 597 607 692 731 829 845 859  ; 8 1 6 17 10 9 7 9 10 7 12 6 6 11 
702.1 ; 1.505e-06 ; True ; 1 24 107 161 175 248 291 314 317 372 420 464 480 524 606 607 692 731 829 835 859  ; 6 1 7 16 12 10 7 9 10 6 11 7 7 9 
706.5 ; 1.614e-06 ; True ; 1 24 107 148 175 248 314 372 420 463 464 480 524 584 606 692 731 735 829 835 859  ; 6 1 7 15 10 8 7 10 9 6 10 8 8 10 
722.6 ; 1.759e-06 ; True ; 1 24 107 161 175 248 314 317 372 420 464 480 524 606 607 692 731 735 835 845 859  ; 6 1 8 15 11 10 7 10 9 7 10 7 6 10 
779.9 ; 2.169e-06 ; True ; 1 24 107 148 175 248 314 317 372 420 463 464 480 524 584 606 692 731 735 829 835 859  ; 6 1 7 16 11 9 8 10 9 7 10 8 8 10 
862.9 ; 2.169e-06 ; True ; 1 24 107 148 175 248 314 317 372 393 420 463 464 480 524 584 606 692 731 735 829 835 859  ; 6 1 7 17 11 9 8 10 9 7 10 8 8 10 
870 ; 2.407e-06 ; True ; 1 24 100 107 161 175 248 314 320 372 420 463 464 480 524 584 606 607 692 731 735 829 859  ; 7 1 7 18 12 9 7 9 10 8 11 8 8 10 
893.5 ; 2.567e-06 ; True ; 1 24 107 161 175 248 314 317 372 420 464 480 524 606 607 692 731 735 780 835 845 846 859  ; 6 1 8 16 11 11 8 10 9 7 11 8 7 11 


RUN 4:
Optimum Distance: 15.16
Optimal Team: 118,161,372,859,
Required Skills: 0 1 4 5 9 10 11 12 14 15 16 18 23 24 
Distance; Skill Score; isValid; Team; Skill Counts
15.16 ; 1.727e-14 ; True ; 118 161 372 859  ; 1 1 1 2 1 2 1 2 1 1 1 1 1 1 
17.13 ; 3.403e-14 ; True ; 1 118 314 372  ; 1 1 1 2 1 1 2 2 2 1 1 1 1 1 
18.63 ; 5.537e-14 ; True ; 161 369 372 692  ; 2 1 1 3 2 1 1 2 1 1 1 1 1 2 
18.81 ; 1.996e-13 ; True ; 1 161 372 692  ; 2 1 1 3 2 1 1 2 1 2 2 1 1 2 
19.54 ; 2.342e-13 ; True ; 24 248 372 692  ; 1 1 1 2 3 2 1 2 2 1 2 1 1 2 
20.7 ; 2.354e-13 ; True ; 1 372 420 524  ; 1 1 1 3 1 2 1 3 2 1 3 1 1 2 
21.56 ; 2.395e-13 ; True ; 24 161 372 692  ; 2 1 1 3 3 2 1 2 1 1 2 1 1 2 
21.56 ; 2.848e-13 ; True ; 1 161 372 524  ; 1 1 1 3 2 2 1 2 1 2 3 1 1 2 
22.79 ; 4.009e-13 ; True ; 1 372 524 692  ; 1 1 1 3 2 1 2 2 2 1 2 2 2 1 
22.84 ; 4.228e-13 ; True ; 118 161 372 420 859  ; 2 1 1 3 1 3 1 3 2 1 2 1 1 2 
24.67 ; 5.853e-13 ; True ; 1 118 161 372 606  ; 1 1 1 4 2 2 1 2 2 3 2 1 1 2 
25.33 ; 1.341e-12 ; True ; 1 118 161 314 372  ; 2 1 1 3 2 2 2 2 2 2 2 1 1 2 
27.44 ; 2.569e-12 ; True ; 1 118 161 372 692  ; 2 1 1 4 2 2 2 2 2 2 2 2 1 2 
27.57 ; 2.629e-12 ; True ; 1 161 372 420 692  ; 3 1 1 4 2 2 1 3 2 2 3 1 1 3 
29.06 ; 3.018e-12 ; True ; 1 118 161 372 420 468  ; 2 1 1 4 1 3 1 3 2 2 3 2 1 3 
31.25 ; 3.336e-12 ; True ; 1 161 372 420 524  ; 2 1 1 4 2 3 1 3 2 2 4 1 1 3 
31.55 ; 3.653e-12 ; True ; 1 314 372 420 524  ; 2 1 1 3 2 2 2 3 3 1 3 1 2 2 
32.41 ; 4.469e-12 ; True ; 1 161 314 372 524  ; 2 1 1 3 3 2 2 2 2 2 3 1 2 2 
33.34 ; 5.685e-12 ; True ; 1 118 161 372 420 606  ; 2 1 1 5 2 3 1 3 3 3 3 1 1 3 
34.33 ; 7.454e-12 ; True ; 1 118 161 228 372 420  ; 2 1 1 5 2 3 2 3 3 2 3 1 1 3 
34.92 ; 9.973e-12 ; True ; 1 118 161 314 372 420  ; 3 1 1 4 2 3 2 3 3 2 3 1 1 3 
37.09 ; 1.88e-11 ; True ; 1 118 161 372 420 692  ; 3 1 1 5 2 3 2 3 3 2 3 2 1 3 
39.37 ; 2.084e-11 ; True ; 1 161 314 372 420 692  ; 4 1 1 4 3 2 2 3 3 2 3 1 2 3 
42.57 ; 2.125e-11 ; True ; 1 118 161 372 420 524  ; 2 1 1 5 2 4 2 3 3 2 4 2 1 3 
42.88 ; 2.81e-11 ; True ; 1 24 248 314 372 692  ; 2 1 2 3 4 2 2 3 3 2 3 1 2 3 
45.02 ; 2.961e-11 ; True ; 1 161 314 372 420 524  ; 3 1 1 4 3 3 2 3 3 2 4 1 2 3 
46.43 ; 3.113e-11 ; True ; 1 314 372 420 524 692  ; 3 1 1 4 3 2 3 3 4 1 3 2 3 2 
47.22 ; 3.303e-11 ; True ; 1 118 161 175 372 420 606  ; 2 1 1 6 3 3 2 3 4 3 3 2 1 3 
47.29 ; 3.849e-11 ; True ; 1 161 314 372 524 692  ; 3 1 1 4 4 2 3 2 3 2 3 2 3 2 
47.84 ; 4.37e-11 ; True ; 1 118 161 175 314 372 420  ; 3 1 1 5 3 3 3 3 4 2 3 2 1 3 
47.93 ; 4.997e-11 ; True ; 1 118 161 372 420 468 692  ; 3 1 1 5 2 3 2 3 3 2 3 3 2 3 
48.11 ; 5.581e-11 ; True ; 1 161 372 420 524 692  ; 3 1 1 5 3 3 2 3 3 2 4 2 2 3 
50.01 ; 6.155e-11 ; True ; 1 118 161 175 372 420 692  ; 3 1 1 6 3 3 3 3 4 2 3 3 1 3 
51.21 ; 8.421e-11 ; True ; 1 118 161 372 420 606 692  ; 3 1 1 6 3 3 2 3 4 3 3 2 2 3 
51.81 ; 9.949e-11 ; True ; 1 118 161 314 372 420 692  ; 4 1 1 5 3 3 3 3 4 2 3 2 2 3 
54.64 ; 1.066e-10 ; True ; 1 24 175 248 314 372 692  ; 2 1 2 4 5 2 3 3 4 2 3 2 2 3 
55.91 ; 1.11e-10 ; True ; 1 118 161 314 372 464 692  ; 4 1 2 5 3 2 3 3 3 2 3 2 2 3 
55.91 ; 1.149e-10 ; True ; 1 24 161 175 314 372 692  ; 3 1 2 5 5 2 3 3 3 2 3 2 2 3 
59.26 ; 1.259e-10 ; True ; 1 118 161 314 372 420 524  ; 3 1 1 5 3 4 3 3 4 2 4 2 2 3 
59.53 ; 1.468e-10 ; True ; 1 24 118 161 314 372 692  ; 3 1 2 5 4 3 3 3 3 2 3 2 2 3 
62.42 ; 1.774e-10 ; True ; 1 118 161 372 420 524 692  ; 3 1 1 6 3 4 3 3 4 2 4 3 2 3 
62.88 ; 1.995e-10 ; True ; 1 161 314 372 420 524 692  ; 4 1 1 5 4 3 3 3 4 2 4 2 3 3 
63.83 ; 2.315e-10 ; True ; 1 248 314 372 464 524 692  ; 3 1 2 4 4 2 3 3 4 2 4 2 3 3 
65.59 ; 2.59e-10 ; True ; 1 24 248 314 372 524 692  ; 2 1 2 4 5 3 3 3 4 2 4 2 3 3 
66.86 ; 2.875e-10 ; True ; 1 161 175 314 372 420 607 692  ; 4 1 2 6 4 2 3 3 5 2 4 2 2 4 
67.18 ; 2.921e-10 ; True ; 1 161 175 314 372 420 692 859  ; 4 1 2 5 4 2 3 4 4 2 3 2 3 3 
68.24 ; 2.943e-10 ; True ; 1 118 161 372 420 606 607 692  ; 3 1 2 7 3 3 2 3 5 3 4 2 2 4 
68.7 ; 3.539e-10 ; True ; 1 118 161 314 372 420 692 859  ; 4 1 2 5 3 3 3 4 4 2 3 2 3 3 
70.19 ; 4.109e-10 ; True ; 1 24 175 248 314 372 464 692  ; 3 1 3 5 5 2 3 4 4 2 4 2 2 4 
71.32 ; 4.232e-10 ; True ; 1 24 175 248 314 372 692 731  ; 2 1 3 5 5 3 3 4 4 2 4 2 2 4 
71.43 ; 4.275e-10 ; True ; 1 118 161 314 372 420 464 692  ; 5 1 2 6 3 3 3 4 4 2 4 2 2 4 
73.41 ; 4.695e-10 ; True ; 1 24 161 175 314 372 420 692  ; 4 1 2 6 5 3 3 4 4 2 4 2 2 4 
74.25 ; 4.706e-10 ; True ; 1 24 161 175 248 314 372 692  ; 3 1 2 5 6 3 3 3 4 3 4 2 2 4 
75.92 ; 5.345e-10 ; True ; 1 24 118 161 314 372 420 692  ; 4 1 2 6 4 4 3 4 4 2 4 2 2 4 
78.56 ; 5.424e-10 ; True ; 1 175 248 314 372 464 524 692  ; 3 1 2 5 5 2 4 3 5 2 4 3 3 3 
78.77 ; 5.529e-10 ; True ; 1 161 175 314 372 464 524 692  ; 4 1 2 6 5 2 4 3 4 2 4 3 3 3 
79.74 ; 6.313e-10 ; True ; 1 161 314 372 420 524 692 859  ; 4 1 2 5 4 3 3 4 4 2 4 2 4 3 
80.41 ; 6.563e-10 ; True ; 1 161 314 372 420 524 607 692  ; 4 1 2 6 4 3 3 3 5 2 5 2 3 4 
81.68 ; 7.039e-10 ; True ; 1 161 175 372 420 464 524 692  ; 4 1 2 7 4 3 3 4 4 2 5 3 2 4 
82.49 ; 8.056e-10 ; True ; 1 161 314 372 420 464 524 692  ; 5 1 2 6 4 3 3 4 4 2 5 2 3 4 
83.13 ; 9.38e-10 ; True ; 1 24 248 314 372 464 524 692  ; 3 1 3 5 5 3 3 4 4 2 5 2 3 4 
85.63 ; 9.437e-10 ; True ; 24 175 248 314 372 464 515 692 731  ; 3 1 3 6 5 4 3 4 4 2 5 2 2 5 
85.72 ; 9.946e-10 ; True ; 14 24 175 248 314 372 464 692 731  ; 3 1 3 6 6 4 3 4 4 2 5 2 2 5 
86.34 ; 1.049e-09 ; True ; 1 118 161 175 314 372 420 464 692  ; 5 1 2 7 4 3 4 4 5 2 4 3 2 4 
87.65 ; 1.058e-09 ; True ; 1 118 161 175 372 420 464 606 692  ; 4 1 2 8 4 3 3 4 5 3 4 3 2 4 
88.64 ; 1.183e-09 ; True ; 1 14 24 175 248 314 372 464 692  ; 3 1 3 6 6 3 3 4 4 3 5 2 2 5 
88.82 ; 1.195e-09 ; True ; 1 24 175 248 314 372 464 692 731  ; 3 1 4 6 5 3 3 5 4 2 5 2 2 5 
90.37 ; 1.212e-09 ; True ; 1 118 161 314 372 420 464 606 692  ; 5 1 2 7 4 3 3 4 5 3 4 2 3 4 
91.28 ; 1.236e-09 ; True ; 1 161 175 248 314 372 420 464 692  ; 5 1 2 6 5 3 3 4 5 3 5 2 2 5 
91.77 ; 1.244e-09 ; True ; 1 24 118 161 175 314 372 420 692  ; 4 1 2 7 5 4 4 4 5 2 4 3 2 4 
92.75 ; 1.424e-09 ; True ; 1 24 161 175 248 314 372 464 692  ; 4 1 3 6 6 3 3 4 4 3 5 2 2 5 
94.87 ; 1.437e-09 ; True ; 1 24 118 161 314 372 420 606 692  ; 4 1 2 7 5 4 3 4 5 3 4 2 3 4 
94.88 ; 1.463e-09 ; True ; 1 24 161 175 248 314 372 692 731  ; 3 1 3 6 6 4 3 4 4 3 5 2 2 5 
97.23 ; 1.468e-09 ; True ; 1 161 175 314 372 420 524 607 692  ; 4 1 2 7 5 3 4 3 6 2 5 3 3 4 
97.56 ; 1.471e-09 ; True ; 1 161 175 314 372 420 524 692 859  ; 4 1 2 6 5 3 4 4 5 2 4 3 4 3 
98.71 ; 1.568e-09 ; True ; 1 24 118 161 248 314 372 420 692  ; 4 1 2 6 5 5 3 4 5 3 5 2 2 5 
99.31 ; 1.875e-09 ; True ; 1 161 175 314 372 420 464 524 692  ; 5 1 2 7 5 3 4 4 5 2 5 3 3 4 
99.79 ; 2.121e-09 ; True ; 1 24 175 248 314 372 464 524 692  ; 3 1 3 6 6 3 4 4 5 2 5 3 3 4 
102.7 ; 2.134e-09 ; True ; 1 118 161 314 372 420 464 524 692  ; 5 1 2 7 4 4 4 4 5 2 5 3 3 4 
103 ; 2.159e-09 ; True ; 1 24 161 175 314 372 464 524 692  ; 4 1 3 7 6 3 4 4 4 2 5 3 3 4 
103.5 ; 2.315e-09 ; True ; 1 14 24 248 314 372 464 524 692  ; 3 1 3 6 6 4 3 4 4 3 6 2 3 5 
103.8 ; 2.34e-09 ; True ; 1 24 248 314 372 464 524 692 731  ; 3 1 4 6 5 4 3 5 4 2 6 2 3 5 
105.6 ; 2.391e-09 ; True ; 1 118 161 175 228 372 420 464 606 692  ; 4 1 2 9 5 3 4 4 6 3 4 3 3 4 
106.9 ; 2.42e-09 ; True ; 1 161 248 314 372 420 464 524 692  ; 5 1 2 6 5 4 3 4 5 3 6 2 3 5 
107.2 ; 2.71e-09 ; True ; 1 118 161 175 314 372 420 464 606 692  ; 5 1 2 8 5 3 4 4 6 3 4 3 3 4 
108.1 ; 2.727e-09 ; True ; 1 24 175 228 248 314 372 464 692 731  ; 3 1 4 7 6 3 4 5 5 2 5 2 3 5 
108.3 ; 2.836e-09 ; True ; 1 14 24 175 248 314 372 464 692 731  ; 3 1 4 7 6 4 3 5 4 3 6 2 2 6 
111.1 ; 3.189e-09 ; True ; 1 24 161 175 228 248 314 372 464 692  ; 4 1 3 7 7 3 4 4 5 3 5 2 3 5 
114.3 ; 3.276e-09 ; True ; 1 24 161 175 228 248 314 372 692 731  ; 3 1 3 7 7 4 4 4 5 3 5 2 3 5 
114.3 ; 3.317e-09 ; True ; 1 24 118 161 175 314 372 420 464 692  ; 5 1 3 8 5 4 4 5 5 2 5 3 2 5 
115.3 ; 3.414e-09 ; True ; 1 24 161 175 248 314 372 464 692 731  ; 4 1 4 7 6 4 3 5 4 3 6 2 2 6 
116.2 ; 3.514e-09 ; True ; 1 24 161 175 248 314 372 420 464 692  ; 5 1 3 7 6 4 3 5 5 3 6 2 2 6 
116.6 ; 3.772e-09 ; True ; 1 24 118 161 175 248 314 372 464 692  ; 4 1 3 7 6 4 4 4 5 3 5 3 2 5 
118.8 ; 4.016e-09 ; True ; 1 161 175 314 372 420 464 524 607 692  ; 5 1 3 8 5 3 4 4 6 2 6 3 3 5 
119.2 ; 4.041e-09 ; True ; 1 24 175 248 314 372 464 524 607 692  ; 3 1 4 7 6 3 4 4 6 2 6 3 3 5 
120.2 ; 4.054e-09 ; True ; 14 24 175 248 314 372 464 524 692 731  ; 3 1 3 7 7 5 4 4 5 2 6 3 3 5 
121 ; 4.175e-09 ; True ; 1 161 175 314 372 420 464 524 692 859  ; 5 1 3 7 5 3 4 5 5 2 5 3 4 4 
121.6 ; 4.284e-09 ; True ; 1 161 175 248 314 372 464 524 607 692  ; 4 1 3 7 6 3 4 3 6 3 6 3 3 5 
122.1 ; 5.131e-09 ; True ; 1 14 24 175 248 314 372 464 524 692  ; 3 1 3 7 7 4 4 4 5 3 6 3 3 5 
122.4 ; 5.282e-09 ; True ; 1 24 175 248 314 372 464 524 692 731  ; 3 1 4 7 6 4 4 5 5 2 6 3 3 5 
126.3 ; 5.551e-09 ; True ; 1 24 175 248 314 372 420 464 524 692  ; 4 1 3 7 6 4 4 5 6 2 6 3 3 5 
127.1 ; 6.176e-09 ; True ; 1 24 161 175 248 314 372 464 524 692  ; 4 1 3 7 7 4 4 4 5 3 6 3 3 5 
129.5 ; 6.349e-09 ; True ; 1 14 24 175 228 248 314 372 464 692 731  ; 3 1 4 8 7 4 4 5 5 3 6 2 3 6 
134.5 ; 6.749e-09 ; True ; 1 24 118 161 175 314 372 420 606 607 692  ; 4 1 3 9 6 4 4 4 7 3 5 3 3 5 
135 ; 6.817e-09 ; True ; 1 24 118 161 175 228 314 372 420 464 692  ; 5 1 3 9 6 4 5 5 6 2 5 3 3 5 
135.1 ; 6.936e-09 ; True ; 1 24 118 161 248 314 372 464 524 692  ; 4 1 3 7 6 5 4 4 5 3 6 3 3 5 
135.5 ; 7.329e-09 ; True ; 1 24 118 161 175 228 372 420 464 606 692  ; 4 1 3 10 6 4 4 5 6 3 5 3 3 5 
136.5 ; 7.562e-09 ; True ; 1 24 161 175 228 248 314 372 420 464 692  ; 5 1 3 8 7 4 4 5 6 3 6 2 3 6 
136.6 ; 7.642e-09 ; True ; 1 24 161 175 228 248 314 372 464 692 731  ; 4 1 4 8 7 4 4 5 5 3 6 2 3 6 
137.6 ; 7.879e-09 ; True ; 1 118 161 175 248 314 372 420 464 692 859  ; 5 1 3 7 5 4 4 5 6 3 5 3 3 5 
138 ; 8.307e-09 ; True ; 1 24 118 161 175 314 372 420 464 606 692  ; 5 1 3 9 6 4 4 5 6 3 5 3 3 5 
140.9 ; 8.403e-09 ; True ; 1 24 118 161 175 248 314 372 420 464 692  ; 5 1 3 8 6 5 4 5 6 3 6 3 2 6 
142.9 ; 8.455e-09 ; True ; 1 24 148 175 248 314 372 464 524 584 692  ; 4 1 3 8 7 3 5 4 5 3 6 3 4 6 
142.9 ; 8.513e-09 ; True ; 1 24 118 161 175 248 314 372 420 692 859  ; 4 1 3 7 6 5 4 5 6 3 5 3 3 5 
143.2 ; 8.516e-09 ; True ; 1 24 118 161 175 314 372 420 606 692 731  ; 4 1 3 9 6 5 4 5 6 3 5 3 3 5 
143.2 ; 8.711e-09 ; True ; 1 161 175 314 372 420 464 524 606 607 692  ; 5 1 3 9 6 3 4 4 7 3 6 3 4 5 
143.5 ; 9.168e-09 ; True ; 1 14 24 175 248 314 372 464 524 607 692  ; 3 1 4 8 7 4 4 4 6 3 7 3 3 6 
143.8 ; 9.254e-09 ; True ; 1 24 148 175 248 314 372 464 524 692 731  ; 3 1 4 8 7 4 5 5 5 2 6 3 4 6 
145.5 ; 9.486e-09 ; True ; 1 24 175 228 248 314 372 464 524 692 731  ; 3 1 4 8 7 4 5 5 6 2 6 3 4 5 
145.6 ; 9.734e-09 ; True ; 1 14 24 175 248 314 372 464 524 584 692  ; 4 1 3 8 7 4 4 4 5 4 7 3 3 6 
145.7 ; 1.126e-08 ; True ; 1 14 24 175 248 314 372 464 524 692 731  ; 3 1 4 8 7 5 4 5 5 3 7 3 3 6 
146.9 ; 1.127e-08 ; True ; 1 24 175 248 314 372 464 524 584 692 731  ; 4 1 4 8 6 4 4 5 5 3 7 3 3 6 
149.6 ; 1.156e-08 ; True ; 1 24 175 248 314 372 464 524 606 692 731  ; 3 1 4 8 7 4 4 5 6 3 6 3 4 5 
151.1 ; 1.169e-08 ; True ; 1 161 175 248 314 372 420 464 524 692 859  ; 5 1 3 7 6 4 4 5 6 3 6 3 4 5 
151.6 ; 1.183e-08 ; True ; 1 14 24 175 248 314 372 420 464 524 692  ; 4 1 3 8 7 5 4 5 6 3 7 3 3 6 
152.6 ; 1.21e-08 ; True ; 1 24 161 175 314 372 420 464 524 606 692  ; 5 1 3 9 7 4 4 5 6 3 6 3 4 5 
153.5 ; 1.223e-08 ; True ; 1 24 161 175 248 314 372 464 524 692 859  ; 4 1 4 7 7 4 4 5 5 3 6 3 4 5 
153.7 ; 1.355e-08 ; True ; 1 24 161 175 248 314 372 464 524 692 731  ; 4 1 4 8 7 5 4 5 5 3 7 3 3 6 
158.4 ; 1.359e-08 ; True ; 1 24 118 161 314 372 420 464 524 606 692  ; 5 1 3 9 6 5 4 5 6 3 6 3 4 5 
159.7 ; 1.452e-08 ; True ; 1 24 118 161 175 228 314 372 420 464 606 692  ; 5 1 3 10 7 4 5 5 7 3 5 3 4 5 
160.8 ; 1.482e-08 ; True ; 1 24 118 161 175 314 372 420 464 606 607 692  ; 5 1 4 10 6 4 4 5 7 3 6 3 3 6 
163.6 ; 1.65e-08 ; True ; 1 24 118 161 175 228 248 314 372 420 464 692  ; 5 1 3 9 7 5 5 5 7 3 6 3 3 6 
167.5 ; 1.788e-08 ; True ; 1 24 118 161 175 248 314 372 420 464 606 692  ; 5 1 3 9 7 5 4 5 7 4 6 3 3 6 
169 ; 1.806e-08 ; True ; 1 14 24 175 248 314 372 464 524 607 692 731  ; 3 1 5 9 7 5 4 5 6 3 8 3 3 7 
169.1 ; 1.813e-08 ; True ; 1 24 148 175 247 248 314 372 464 524 692 731  ; 4 1 4 9 8 4 5 5 5 3 6 3 4 7 
169.3 ; 1.925e-08 ; True ; 1 24 148 175 248 314 372 464 524 584 692 731  ; 4 1 4 9 7 4 5 5 5 3 7 3 4 7 
171.1 ; 2.045e-08 ; True ; 1 14 24 175 248 314 372 464 524 584 692 731  ; 4 1 4 9 7 5 4 5 5 4 8 3 3 7 
175.9 ; 2.165e-08 ; True ; 1 14 24 175 248 314 372 464 524 606 692 731  ; 3 1 4 9 8 5 4 5 6 4 7 3 4 6 
177 ; 2.193e-08 ; True ; 1 24 175 248 314 372 464 524 584 606 692 731  ; 4 1 4 9 7 4 4 5 6 4 7 3 4 6 
177.7 ; 2.207e-08 ; True ; 1 24 175 248 314 372 464 524 606 692 731 747  ; 4 1 4 9 8 5 4 5 7 3 7 3 4 6 
177.9 ; 2.233e-08 ; True ; 1 24 161 175 248 314 372 420 464 524 607 692  ; 5 1 4 9 7 5 4 5 7 3 8 3 3 7 
178.1 ; 2.288e-08 ; True ; 1 24 148 161 175 248 314 372 464 524 692 731  ; 4 1 4 9 8 5 5 5 5 3 7 3 4 7 
178.7 ; 2.317e-08 ; True ; 1 24 161 175 228 248 314 372 420 464 524 692  ; 5 1 3 9 8 5 5 5 7 3 7 3 4 6 
178.8 ; 2.405e-08 ; True ; 1 24 161 175 228 248 314 372 464 524 692 731  ; 4 1 4 9 8 5 5 5 6 3 7 3 4 6 
181.4 ; 2.494e-08 ; True ; 1 14 24 175 248 314 372 464 524 692 731 829  ; 4 1 4 9 8 5 4 5 6 3 7 4 4 6 
182.7 ; 2.51e-08 ; True ; 1 24 161 175 248 314 372 420 464 524 606 692  ; 5 1 3 9 8 5 4 5 7 4 7 3 4 6 
182.9 ; 2.606e-08 ; True ; 1 24 161 175 248 314 372 464 524 606 692 731  ; 4 1 4 9 8 5 4 5 6 4 7 3 4 6 
187.4 ; 2.744e-08 ; True ; 1 24 118 161 175 228 248 314 372 420 464 607 692  ; 5 1 4 10 7 5 5 5 8 3 7 3 3 7 
188.1 ; 2.775e-08 ; True ; 1 14 24 107 175 248 314 372 464 524 692 731  ; 3 1 4 9 7 6 5 6 5 3 7 4 4 6 
189.2 ; 2.887e-08 ; True ; 1 24 107 175 248 314 372 464 524 584 692 731  ; 4 1 4 9 6 5 5 6 5 3 7 4 4 6 
191 ; 2.943e-08 ; True ; 1 24 107 161 175 248 314 372 464 524 607 692  ; 4 1 4 9 7 5 5 5 6 3 7 4 4 6 
191.2 ; 3.029e-08 ; True ; 1 24 118 161 175 228 248 314 372 420 464 606 692  ; 5 1 3 10 8 5 5 5 8 4 6 3 4 6 
195.1 ; 3.139e-08 ; True ; 1 24 118 161 175 228 314 372 420 464 606 692 731  ; 5 1 4 11 7 5 5 6 7 3 6 3 4 6 
196.4 ; 3.178e-08 ; True ; 1 14 24 175 248 314 372 464 524 584 607 692 731  ; 4 1 5 10 7 5 4 5 6 4 9 3 3 8 
197 ; 3.34e-08 ; True ; 1 24 107 161 175 248 314 372 464 524 692 731  ; 4 1 4 9 7 6 5 6 5 3 7 4 4 6 
199.9 ; 3.401e-08 ; True ; 1 24 118 161 175 248 314 372 420 464 606 692 859  ; 5 1 4 9 7 5 4 6 7 4 6 3 4 6 
201 ; 3.535e-08 ; True ; 1 24 118 161 175 248 314 372 420 464 606 692 731  ; 5 1 4 10 7 6 4 6 7 4 7 3 3 7 
202.3 ; 3.591e-08 ; True ; 1 24 107 161 175 228 248 314 372 464 607 692 731  ; 4 1 5 10 7 5 5 6 6 3 7 3 4 7 
202.5 ; 3.603e-08 ; True ; 1 24 148 161 175 248 314 372 464 524 607 692 731  ; 4 1 5 10 8 5 5 5 6 3 8 3 4 8 
203.2 ; 3.755e-08 ; True ; 1 24 161 175 228 248 314 372 464 524 607 692 731  ; 4 1 5 10 8 5 5 5 7 3 8 3 4 7 
206.4 ; 3.876e-08 ; True ; 1 118 161 175 248 314 372 420 464 524 607 692 859  ; 5 1 4 9 6 5 5 5 8 3 7 4 4 6 
206.7 ; 3.892e-08 ; True ; 1 14 24 175 248 314 372 464 524 607 692 731 829  ; 4 1 5 10 8 5 4 5 7 3 8 4 4 7 
206.9 ; 4.011e-08 ; True ; 1 24 118 161 175 314 372 420 464 524 606 607 692  ; 5 1 4 11 7 5 5 5 8 3 7 4 4 6 
208.1 ; 4.098e-08 ; True ; 1 24 161 175 248 314 372 420 464 524 606 607 692  ; 5 1 4 10 8 5 4 5 8 4 8 3 4 7 
208.3 ; 4.113e-08 ; True ; 1 24 161 175 228 248 314 372 464 524 584 692 731  ; 5 1 4 10 8 5 5 5 6 4 8 3 4 7 
209 ; 4.193e-08 ; True ; 1 24 161 175 228 248 314 372 464 524 606 692 731  ; 4 1 4 10 9 5 5 5 7 4 7 3 5 6 
209.5 ; 4.264e-08 ; True ; 1 14 24 175 248 314 372 464 524 584 692 731 829  ; 5 1 4 10 8 5 4 5 6 4 8 4 4 7 
212.3 ; 4.316e-08 ; True ; 1 24 148 161 175 248 314 372 420 464 524 692 731  ; 5 1 4 10 8 6 5 6 6 3 8 3 4 8 
213.7 ; 4.319e-08 ; True ; 1 24 118 161 175 228 248 314 372 464 524 692 731  ; 4 1 4 10 8 6 6 5 7 3 7 4 4 6 
214.5 ; 4.602e-08 ; True ; 1 24 118 161 175 248 314 372 420 464 524 606 692  ; 5 1 3 10 8 6 5 5 8 4 7 4 4 6 
215.5 ; 4.63e-08 ; True ; 1 24 107 175 248 314 372 464 524 584 607 692 731  ; 4 1 5 10 6 5 5 6 6 3 8 4 4 7 
216.1 ; 4.872e-08 ; True ; 1 24 161 175 248 314 372 420 464 524 606 692 731  ; 5 1 4 10 8 6 4 6 7 4 8 3 4 7 
216.9 ; 4.963e-08 ; True ; 1 24 118 161 175 228 248 314 372 420 464 606 607 692  ; 5 1 4 11 8 5 5 5 9 4 7 3 4 7 
217.4 ; 5.039e-08 ; True ; 1 14 24 107 175 248 314 372 464 524 584 692 731  ; 4 1 4 10 7 6 5 6 5 4 8 4 4 7 
223.1 ; 5.168e-08 ; True ; 1 24 107 161 175 248 314 372 464 524 606 607 692  ; 4 1 4 10 8 5 5 5 7 4 7 4 5 6 
223.3 ; 5.271e-08 ; True ; 1 24 107 175 248 314 372 464 524 584 606 692 731  ; 4 1 4 10 7 5 5 6 6 4 7 4 5 6 
223.4 ; 5.356e-08 ; True ; 1 24 107 161 175 248 314 372 464 524 607 692 731  ; 4 1 5 10 7 6 5 6 6 3 8 4 4 7 
225.2 ; 5.502e-08 ; True ; 1 24 107 161 175 248 314 372 420 464 524 607 692  ; 5 1 4 10 7 6 5 6 7 3 8 4 4 7 
228.4 ; 5.711e-08 ; True ; 1 24 107 161 175 248 314 372 464 524 584 692 731  ; 5 1 4 10 7 6 5 6 5 4 8 4 4 7 
230.2 ; 6.027e-08 ; True ; 1 24 107 161 175 248 314 372 464 524 606 692 731  ; 4 1 4 10 8 6 5 6 6 4 7 4 5 6 
233.3 ; 6.081e-08 ; True ; 1 24 107 161 175 248 314 372 420 464 524 692 731  ; 5 1 4 10 7 7 5 7 6 3 8 4 4 7 
235.3 ; 6.419e-08 ; True ; 1 24 161 175 228 248 314 372 464 524 606 607 692 731  ; 4 1 5 11 9 5 5 5 8 4 8 3 5 7 
239 ; 6.657e-08 ; True ; 1 118 161 175 248 314 372 420 464 524 606 607 692 859  ; 5 1 4 10 7 5 5 5 9 4 7 4 5 6 
241.2 ; 6.713e-08 ; True ; 1 24 118 161 175 314 372 420 464 524 606 607 692 859  ; 5 1 5 11 7 5 5 6 8 3 7 4 5 6 
242.1 ; 6.874e-08 ; True ; 1 24 118 161 175 228 248 314 372 420 464 524 606 692  ; 5 1 3 11 9 6 6 5 9 4 7 4 5 6 
242.3 ; 7.404e-08 ; True ; 1 24 118 161 175 248 314 372 420 464 524 606 607 692  ; 5 1 4 11 8 6 5 5 9 4 8 4 4 7 
245.5 ; 7.458e-08 ; True ; 1 24 118 161 175 248 314 372 464 524 606 607 692 731  ; 4 1 5 11 8 6 5 5 8 4 8 4 4 7 
249.8 ; 8.214e-08 ; True ; 1 24 118 161 175 248 314 372 420 464 524 606 692 859  ; 5 1 4 10 8 6 5 6 8 4 7 4 5 6 
251.5 ; 8.227e-08 ; True ; 1 24 107 175 248 314 372 464 524 584 606 607 692 731  ; 4 1 5 11 7 5 5 6 7 4 8 4 5 7 
251.9 ; 8.704e-08 ; True ; 1 24 118 161 175 248 314 372 420 464 524 606 692 731  ; 5 1 4 11 8 7 5 6 8 4 8 4 4 7 
256.7 ; 8.877e-08 ; True ; 1 24 107 161 175 248 314 372 464 524 584 607 692 731  ; 5 1 5 11 7 6 5 6 6 4 9 4 4 8 
258.5 ; 9.408e-08 ; True ; 1 24 107 161 175 248 314 372 464 524 606 607 692 731  ; 4 1 5 11 8 6 5 6 7 4 8 4 5 7 
259.4 ; 9.477e-08 ; True ; 1 24 107 161 175 248 314 372 420 464 524 606 607 692  ; 5 1 4 11 8 6 5 6 8 4 8 4 5 7 
263.6 ; 9.586e-08 ; True ; 1 24 107 175 248 314 372 420 464 524 584 606 692 731  ; 5 1 4 11 7 6 5 7 7 4 8 4 5 7 
264.5 ; 9.663e-08 ; True ; 1 24 107 161 175 248 314 372 464 524 584 606 692 731  ; 5 1 4 11 8 6 5 6 6 5 8 4 5 7 
266.3 ; 9.687e-08 ; True ; 1 24 107 161 175 248 314 372 420 464 524 606 692 859  ; 5 1 4 10 8 6 5 7 7 4 7 4 6 6 
266.5 ; 9.725e-08 ; True ; 1 14 24 107 161 175 248 314 372 420 464 524 692 731  ; 5 1 4 11 8 8 5 7 6 4 9 4 4 8 
268.4 ; 1.068e-07 ; True ; 1 24 107 161 175 248 314 372 420 464 524 606 692 731  ; 5 1 4 11 8 7 5 7 7 4 8 4 5 7 
278.9 ; 1.093e-07 ; True ; 1 24 118 161 175 228 248 372 420 464 524 606 607 692 859  ; 4 1 5 12 8 6 5 6 9 4 8 4 5 7 
279.1 ; 1.109e-07 ; True ; 1 24 118 161 175 248 314 372 420 464 524 584 606 607 692  ; 6 1 4 12 8 6 5 5 9 5 9 4 4 8 
279.6 ; 1.117e-07 ; True ; 1 24 107 118 161 248 314 372 420 464 524 606 692 731  ; 5 1 4 11 7 8 5 7 7 4 8 4 5 7 
279.8 ; 1.155e-07 ; True ; 1 24 107 175 248 314 372 464 515 524 606 607 692 731 770  ; 4 1 5 12 7 6 5 7 7 4 9 4 5 8 
280.4 ; 1.239e-07 ; True ; 1 24 118 161 175 248 314 372 420 464 524 606 607 692 859  ; 5 1 5 11 8 6 5 6 9 4 8 4 5 7 
281.6 ; 1.273e-07 ; True ; 1 24 118 161 175 248 314 372 420 464 524 606 607 692 731  ; 5 1 5 12 8 7 5 6 9 4 9 4 4 8 
288.7 ; 1.304e-07 ; True ; 1 24 118 161 175 248 314 372 420 464 524 584 606 692 731  ; 6 1 4 12 8 7 5 6 8 5 9 4 4 8 
291 ; 1.417e-07 ; True ; 1 24 118 161 175 248 314 372 420 464 524 606 692 731 859  ; 5 1 5 11 8 7 5 7 8 4 8 4 5 7 
293.9 ; 1.422e-07 ; True ; 1 24 107 175 248 314 372 420 464 524 584 606 607 692 731  ; 5 1 5 12 7 6 5 7 8 4 9 4 5 8 
294.7 ; 1.462e-07 ; True ; 1 24 107 161 175 248 314 372 464 524 584 606 607 692 731  ; 5 1 5 12 8 6 5 6 7 5 9 4 5 8 
297.5 ; 1.483e-07 ; True ; 1 24 107 161 175 248 314 372 420 464 524 606 607 692 859  ; 5 1 5 11 8 6 5 7 8 4 8 4 6 7 
298.7 ; 1.585e-07 ; True ; 1 24 107 161 175 248 314 372 420 464 524 606 607 692 731  ; 5 1 5 12 8 7 5 7 8 4 9 4 5 8 
305.7 ; 1.6e-07 ; True ; 1 24 107 161 175 248 314 372 420 464 524 584 606 692 731  ; 6 1 4 12 8 7 5 7 7 5 9 4 5 8 
307.5 ; 1.638e-07 ; True ; 1 24 107 161 175 248 314 372 420 464 524 606 692 731 859  ; 5 1 5 11 8 7 5 8 7 4 8 4 6 7 
309.2 ; 1.689e-07 ; True ; 1 24 107 118 161 175 248 314 372 420 464 524 606 692 731  ; 5 1 4 12 8 8 6 7 8 4 8 5 5 7 
314.6 ; 1.701e-07 ; True ; 1 24 118 161 175 248 314 372 420 464 524 606 607 692 770 859  ; 6 1 5 12 8 6 5 7 9 4 9 4 5 8 
316.7 ; 1.72e-07 ; True ; 1 24 118 161 175 228 248 314 372 464 524 606 607 692 731 859  ; 4 1 6 12 9 6 6 6 9 4 8 4 6 7 
316.8 ; 1.723e-07 ; True ; 1 24 107 161 175 248 314 372 420 464 524 606 692 731 829  ; 6 1 4 12 9 7 5 7 8 4 8 5 6 7 
317.2 ; 1.738e-07 ; True ; 1 24 107 148 175 228 248 314 372 420 464 524 584 607 692 731  ; 5 1 5 13 8 6 7 7 8 3 9 4 6 9 
320.2 ; 1.857e-07 ; True ; 1 24 118 161 175 248 314 372 420 464 524 584 606 607 692 859  ; 6 1 5 12 8 6 5 6 9 5 9 4 5 8 
320.4 ; 1.863e-07 ; True ; 1 24 118 161 175 248 314 372 420 464 524 584 606 607 692 731  ; 6 1 5 13 8 7 5 6 9 5 10 4 4 9 
321 ; 1.873e-07 ; True ; 1 24 161 175 228 248 314 372 420 464 524 606 607 692 731 829  ; 6 1 5 13 10 6 5 6 10 4 9 4 6 8 
323.6 ; 1.99e-07 ; True ; 1 24 118 161 175 248 314 372 420 464 524 606 607 692 731 859  ; 5 1 6 12 8 7 5 7 9 4 9 4 5 8 
328.9 ; 2.004e-07 ; True ; 1 24 107 148 161 175 248 314 372 464 524 606 607 692 731 747  ; 5 1 5 13 10 7 6 6 8 4 9 4 6 9 
330.8 ; 2.123e-07 ; True ; 1 24 118 161 175 248 314 372 420 464 524 584 606 692 731 859  ; 6 1 5 12 8 7 5 7 8 5 9 4 5 8 
336.1 ; 2.186e-07 ; True ; 1 24 118 161 175 248 314 317 372 420 464 524 606 692 731 859  ; 5 1 5 12 9 8 6 7 8 5 8 4 5 7 
336.8 ; 2.304e-07 ; True ; 1 14 24 107 161 175 248 314 372 420 464 524 606 607 692 731  ; 5 1 5 13 9 8 5 7 8 5 10 4 5 9 
338 ; 2.32e-07 ; True ; 1 24 107 161 175 248 314 372 420 464 524 584 606 607 692 731  ; 6 1 5 13 8 7 5 7 8 5 10 4 5 9 
340.6 ; 2.333e-07 ; True ; 1 24 107 161 175 248 314 372 420 464 524 606 607 692 731 859  ; 5 1 6 12 8 7 5 8 8 4 9 4 6 8 
346.7 ; 2.445e-07 ; True ; 1 24 107 161 175 248 314 317 372 420 464 524 606 607 692 731  ; 5 1 5 13 9 8 6 7 8 5 9 4 5 8 
347.8 ; 2.454e-07 ; True ; 1 24 107 161 175 248 314 372 420 464 524 584 606 692 731 859  ; 6 1 5 12 8 7 5 8 7 5 9 4 6 8 
349 ; 2.519e-07 ; True ; 1 24 107 161 175 248 314 372 420 464 524 606 607 692 731 829  ; 6 1 5 13 9 7 5 7 9 4 9 5 6 8 
353.9 ; 2.532e-07 ; True ; 1 24 107 161 175 248 314 372 420 437 464 524 606 607 692 731  ; 5 1 6 12 8 7 6 7 8 4 9 5 5 8 
357.8 ; 2.538e-07 ; True ; 1 24 107 144 161 175 248 314 372 420 464 524 607 692 731 859  ; 5 1 6 12 8 8 6 8 8 4 9 4 5 8 
359.8 ; 2.572e-07 ; True ; 1 24 107 161 175 248 314 372 420 464 524 606 692 731 829 859  ; 6 1 5 12 9 7 5 8 8 4 8 5 7 7 
360.3 ; 2.601e-07 ; True ; 1 24 107 161 175 248 253 314 372 420 464 524 606 692 731 829  ; 6 1 4 13 9 7 5 8 8 5 9 5 6 8 
360.8 ; 2.617e-07 ; True ; 1 24 107 161 175 248 314 372 420 437 464 524 606 692 731 859  ; 5 1 6 11 8 7 6 8 7 4 8 5 6 7 
363.4 ; 2.67e-07 ; True ; 1 24 95 107 161 175 248 314 372 420 464 524 606 607 692 731  ; 5 1 5 13 9 8 6 7 8 4 9 5 6 8 
364.1 ; 2.729e-07 ; True ; 1 24 107 161 175 228 248 314 372 420 464 524 584 607 692 731 839  ; 6 1 5 14 9 7 6 7 8 5 10 4 5 9 
365.4 ; 2.749e-07 ; True ; 1 24 118 161 175 248 314 372 420 464 480 524 606 692 731 859  ; 5 1 5 12 9 8 6 7 9 5 8 5 5 7 
368.5 ; 2.824e-07 ; True ; 1 24 118 161 175 245 248 314 372 420 464 524 606 607 692 731 859  ; 5 1 6 12 9 7 6 7 10 4 9 4 6 8 
372.7 ; 2.93e-07 ; True ; 1 24 107 161 175 248 314 372 420 464 480 524 606 607 692 859  ; 5 1 5 12 9 7 6 7 9 5 8 5 6 7 
375.9 ; 3.074e-07 ; True ; 1 24 107 161 175 248 314 372 420 464 480 524 606 607 692 731  ; 5 1 5 13 9 8 6 7 9 5 9 5 5 8 
380.9 ; 3.086e-07 ; True ; 1 24 107 161 175 248 314 372 420 464 524 584 606 607 692 731 747  ; 7 1 5 14 9 8 5 7 9 5 11 4 5 10 
382.2 ; 3.136e-07 ; True ; 1 24 107 161 175 248 314 372 420 464 480 524 584 692 731 859  ; 6 1 5 12 8 8 6 8 7 5 9 5 5 8 
382.9 ; 3.416e-07 ; True ; 1 24 107 161 175 248 314 372 420 464 524 584 606 607 692 731 859  ; 6 1 6 13 8 7 5 8 8 5 10 4 6 9 
389.8 ; 3.421e-07 ; True ; 1 24 107 161 175 248 314 317 372 420 464 524 584 607 692 731 859  ; 6 1 6 13 8 8 6 8 7 5 10 4 5 9 
391.5 ; 3.6e-07 ; True ; 1 24 107 161 175 248 314 317 372 420 464 524 606 607 692 731 859  ; 5 1 6 13 9 8 6 8 8 5 9 4 6 8 
394.9 ; 3.611e-07 ; True ; 1 24 107 161 175 248 314 372 420 464 524 606 607 692 731 829 859  ; 6 1 6 13 9 7 5 8 9 4 9 5 7 8 
397 ; 3.659e-07 ; True ; 1 24 107 161 175 248 314 317 372 420 464 524 584 607 692 731 829  ; 7 1 5 14 9 8 6 7 8 5 10 5 5 9 
400 ; 3.868e-07 ; True ; 1 24 107 161 175 248 314 317 372 420 464 524 606 607 692 731 829  ; 6 1 5 14 10 8 6 7 9 5 9 5 6 8 
407.8 ; 3.872e-07 ; True ; 1 24 107 161 175 248 314 317 372 420 464 524 584 692 731 829 859  ; 7 1 5 13 9 8 6 8 7 5 9 5 6 8 
408 ; 3.948e-07 ; True ; 1 24 107 144 161 175 248 314 372 420 464 524 584 606 692 731 859  ; 6 1 5 13 9 8 6 8 8 6 9 4 6 8 
411.1 ; 3.954e-07 ; True ; 1 24 118 161 175 248 314 372 420 464 480 524 584 606 692 731 859  ; 6 1 5 13 9 8 6 7 9 6 9 5 5 8 
411.8 ; 4.037e-07 ; True ; 1 24 107 161 175 228 248 314 372 420 464 480 524 584 607 692 859  ; 6 1 5 13 9 7 7 7 9 5 9 5 6 8 
414.9 ; 4.041e-07 ; True ; 1 24 107 161 175 248 314 372 420 464 480 524 606 607 692 731 770  ; 6 1 5 14 9 8 6 8 9 5 10 5 5 9 
418.9 ; 4.215e-07 ; True ; 1 24 107 161 175 248 314 372 420 464 480 524 584 606 607 692 859  ; 6 1 5 13 9 7 6 7 9 6 9 5 6 8 
421.1 ; 4.364e-07 ; True ; 1 24 107 161 175 248 314 372 420 464 480 524 584 607 692 731 859  ; 6 1 6 13 8 8 6 8 8 5 10 5 5 9 
421.8 ; 4.526e-07 ; True ; 1 24 107 161 175 248 314 372 420 464 480 524 606 607 692 731 859  ; 5 1 6 13 9 8 6 8 9 5 9 5 6 8 
425.7 ; 4.685e-07 ; True ; 1 14 24 107 161 175 248 314 372 420 464 524 584 606 607 692 731 859  ; 6 1 6 14 9 8 5 8 8 6 11 4 6 10 
438.3 ; 4.753e-07 ; True ; 1 24 107 161 175 248 253 314 372 420 464 524 584 606 607 692 829 859  ; 7 1 5 14 9 6 5 8 9 6 10 5 7 9 
439.8 ; 5.16e-07 ; True ; 1 24 107 161 175 248 314 372 420 464 524 584 606 607 692 731 829 859  ; 7 1 6 14 9 7 5 8 9 5 10 5 7 9 
442.3 ; 5.245e-07 ; True ; 1 24 107 161 175 248 253 314 372 420 464 524 606 607 692 731 829 859  ; 6 1 6 14 9 7 5 9 9 5 10 5 7 9 
456.7 ; 5.546e-07 ; True ; 1 24 107 161 175 248 314 317 372 420 464 524 584 606 692 731 829 859  ; 7 1 5 14 10 8 6 8 8 6 9 5 7 8 
463.7 ; 5.861e-07 ; True ; 1 24 107 161 175 248 314 372 420 464 480 524 606 607 692 731 770 859  ; 6 1 6 14 9 8 6 9 9 5 10 5 6 9 
472.5 ; 6.094e-07 ; True ; 1 24 107 161 175 248 314 372 420 464 480 524 606 607 692 731 747 859  ; 6 1 6 14 10 9 6 8 10 5 10 5 6 9 
477.9 ; 6.134e-07 ; True ; 1 24 107 175 248 314 372 420 464 480 524 584 606 607 692 731 829 859  ; 6 1 6 14 9 7 6 8 10 5 9 6 7 8 
479.9 ; 6.514e-07 ; True ; 1 24 107 161 175 248 314 372 420 464 480 524 584 607 692 731 829 859  ; 7 1 6 14 9 8 6 8 9 5 10 6 6 9 
495.1 ; 6.665e-07 ; True ; 1 24 107 161 175 248 314 372 420 464 480 524 584 606 692 731 735 859  ; 6 1 6 13 9 8 6 9 8 6 9 6 6 8 
497.6 ; 6.785e-07 ; True ; 1 24 95 107 161 175 248 314 372 420 464 480 524 584 607 692 731 859  ; 6 1 6 14 9 9 7 8 8 5 10 6 6 9 
505.1 ; 6.945e-07 ; True ; 1 24 107 161 175 248 314 372 420 437 464 480 524 606 692 731 829 859  ; 6 1 6 13 10 8 7 8 9 5 8 7 7 7 
506.6 ; 7.691e-07 ; True ; 1 24 107 148 161 175 248 314 372 420 464 480 524 606 607 692 731 770 859  ; 6 1 6 15 10 8 7 9 9 5 10 5 7 10 
516.4 ; 7.97e-07 ; True ; 1 24 107 148 161 175 248 314 372 420 464 480 524 606 607 692 731 747 859  ; 6 1 6 15 11 9 7 8 10 5 10 5 7 10 
534.6 ; 7.992e-07 ; True ; 1 24 107 175 248 314 372 420 464 480 524 584 606 607 692 731 735 747 859  ; 6 1 7 14 9 8 6 9 10 5 10 6 6 9 
537.5 ; 8.766e-07 ; True ; 1 24 107 161 228 248 253 314 372 420 464 480 524 584 607 692 731 829 859  ; 7 1 6 15 9 8 6 9 9 6 11 5 7 10 
559.2 ; 8.805e-07 ; True ; 1 24 107 161 175 248 253 314 372 420 464 480 524 584 692 731 829 845 859  ; 8 1 5 15 10 9 6 9 8 7 10 6 6 10 
561.2 ; 9.825e-07 ; True ; 1 24 107 148 161 175 248 314 372 420 464 480 524 606 607 692 731 747 770 859  ; 7 1 6 16 11 9 7 9 10 5 11 5 7 11 
567.7 ; 9.902e-07 ; True ; 1 24 107 161 175 248 314 372 420 464 480 524 584 606 607 692 729 731 770 859  ; 7 1 6 16 9 8 6 9 9 6 11 6 7 10 
571.7 ; 1.07e-06 ; True ; 1 24 118 161 175 248 314 317 372 420 464 480 524 584 606 607 692 731 829 859  ; 7 1 6 16 11 9 7 7 11 7 10 6 6 9 
593.3 ; 1.134e-06 ; True ; 1 24 107 137 161 175 248 314 372 420 464 480 524 584 606 607 692 731 829 859  ; 8 1 6 15 11 8 6 8 10 6 11 7 7 10 
623.3 ; 1.168e-06 ; True ; 1 24 107 161 175 248 314 372 420 464 480 524 606 607 692 731 747 781 845 859  ; 7 1 7 16 11 10 6 9 10 6 10 6 6 10 
625.4 ; 1.182e-06 ; True ; 1 24 107 161 175 248 314 372 420 437 464 480 524 606 607 692 735 747 845 859  ; 7 1 7 14 11 9 7 8 10 6 9 7 6 9 
630 ; 1.194e-06 ; True ; 1 24 107 161 175 248 314 372 420 464 480 524 584 606 607 692 731 835 859 861  ; 6 1 7 15 9 8 7 9 9 6 11 6 7 10 
634.3 ; 1.28e-06 ; True ; 1 24 107 161 175 248 314 372 420 464 480 524 584 606 607 692 731 835 845 859  ; 7 1 7 15 10 9 6 9 9 7 11 6 6 11 
642.5 ; 1.374e-06 ; True ; 1 24 107 120 161 175 248 314 372 420 464 480 524 584 606 607 692 731 747 829 859  ; 8 1 6 17 12 10 6 9 11 6 12 6 7 11 
658.2 ; 1.496e-06 ; True ; 1 24 107 148 161 175 248 314 372 420 464 480 524 584 606 607 692 731 770 835 859  ; 7 1 7 16 10 8 7 10 9 6 12 6 7 12 
718.5 ; 1.752e-06 ; True ; 1 24 107 144 161 175 248 314 372 420 464 480 524 606 607 692 731 747 835 845 859  ; 7 1 7 16 12 11 7 9 11 7 11 6 6 11 
724.2 ; 1.781e-06 ; True ; 1 24 95 107 161 175 248 314 372 420 464 480 524 606 607 692 731 747 835 845 859  ; 7 1 7 16 12 11 7 9 10 6 11 7 7 11 
743.4 ; 1.888e-06 ; True ; 1 24 107 148 161 175 248 314 372 420 464 480 524 606 607 692 731 747 770 835 845 859  ; 8 1 7 17 12 10 7 10 10 6 12 6 7 13 
780.5 ; 1.938e-06 ; True ; 1 24 95 107 147 161 175 248 314 372 420 464 480 524 606 607 692 731 747 835 845 859  ; 7 1 7 17 12 11 7 9 10 6 11 7 8 11 
808.7 ; 1.958e-06 ; True ; 1 24 66 107 144 175 248 314 372 420 464 524 550 584 607 692 731 829 835 845 859 861  ; 7 1 7 16 10 8 8 9 11 6 10 7 9 10 
827.2 ; 2.051e-06 ; True ; 1 24 107 161 175 248 314 372 420 464 480 524 606 607 692 731 746 747 753 835 845 859  ; 8 1 8 17 11 10 6 10 11 6 11 7 7 12 
841.7 ; 2.324e-06 ; True ; 1 24 66 107 161 175 228 314 372 420 464 480 524 606 607 692 731 753 829 835 845 859  ; 8 1 8 17 11 8 7 10 11 6 9 8 9 10 
897.1 ; 2.442e-06 ; True ; 1 24 107 161 175 248 286 314 317 372 420 464 480 524 584 607 692 731 781 823 835 845 859  ; 8 1 8 17 12 10 7 10 8 8 11 8 6 12 
934.1 ; 2.613e-06 ; True ; 1 24 95 107 144 161 248 314 369 372 420 464 480 524 584 606 692 727 731 835 845 859 861  ; 7 1 7 18 11 11 8 10 9 8 10 6 9 11 
1003 ; 3.221e-06 ; True ; 1 24 95 107 144 161 248 314 317 372 420 444 464 480 524 584 606 607 608 692 731 835 845 859  ; 8 1 7 19 13 12 8 10 9 9 12 7 7 12 
1049 ; 3.454e-06 ; True ; 1 24 107 161 175 248 314 372 420 421 437 464 480 524 606 607 692 731 735 747 829 835 845 859 861  ; 8 1 9 18 13 10 8 10 11 6 11 9 8 11 
1130 ; 4.1e-06 ; True ; 1 24 107 129 161 175 248 314 372 420 464 480 485 524 584 606 607 692 731 735 747 829 835 845 859 861  ; 10 1 8 20 13 10 7 10 12 7 14 9 8 14 


RUN 5:
Optimum Distance: 15.16
Optimal Team: 118,161,372,859,
Required Skills: 0 1 4 5 9 10 11 12 14 15 16 18 23 24 
Distance; Skill Score; isValid; Team; Skill Counts
15.16 ; 1.727e-14 ; True ; 118 161 372 859  ; 1 1 1 2 1 2 1 2 1 1 1 1 1 1 
17.13 ; 3.403e-14 ; True ; 1 118 314 372  ; 1 1 1 2 1 1 2 2 2 1 1 1 1 1 
18.63 ; 5.537e-14 ; True ; 161 369 372 692  ; 2 1 1 3 2 1 1 2 1 1 1 1 1 2 
18.81 ; 1.996e-13 ; True ; 1 161 372 692  ; 2 1 1 3 2 1 1 2 1 2 2 1 1 2 
19.54 ; 2.342e-13 ; True ; 24 248 372 692  ; 1 1 1 2 3 2 1 2 2 1 2 1 1 2 
20.7 ; 2.354e-13 ; True ; 1 372 420 524  ; 1 1 1 3 1 2 1 3 2 1 3 1 1 2 
21.56 ; 2.395e-13 ; True ; 24 161 372 692  ; 2 1 1 3 3 2 1 2 1 1 2 1 1 2 
21.56 ; 2.848e-13 ; True ; 1 161 372 524  ; 1 1 1 3 2 2 1 2 1 2 3 1 1 2 
22.79 ; 4.009e-13 ; True ; 1 372 524 692  ; 1 1 1 3 2 1 2 2 2 1 2 2 2 1 
22.84 ; 4.228e-13 ; True ; 118 161 372 420 859  ; 2 1 1 3 1 3 1 3 2 1 2 1 1 2 
24.67 ; 5.853e-13 ; True ; 1 118 161 372 606  ; 1 1 1 4 2 2 1 2 2 3 2 1 1 2 
25.33 ; 1.341e-12 ; True ; 1 118 161 314 372  ; 2 1 1 3 2 2 2 2 2 2 2 1 1 2 
27.44 ; 2.569e-12 ; True ; 1 118 161 372 692  ; 2 1 1 4 2 2 2 2 2 2 2 2 1 2 
27.57 ; 2.629e-12 ; True ; 1 161 372 420 692  ; 3 1 1 4 2 2 1 3 2 2 3 1 1 3 
29.06 ; 3.018e-12 ; True ; 1 118 161 372 420 468  ; 2 1 1 4 1 3 1 3 2 2 3 2 1 3 
31.25 ; 3.336e-12 ; True ; 1 161 372 420 524  ; 2 1 1 4 2 3 1 3 2 2 4 1 1 3 
31.55 ; 3.653e-12 ; True ; 1 314 372 420 524  ; 2 1 1 3 2 2 2 3 3 1 3 1 2 2 
32.41 ; 4.469e-12 ; True ; 1 161 314 372 524  ; 2 1 1 3 3 2 2 2 2 2 3 1 2 2 
33.34 ; 5.685e-12 ; True ; 1 118 161 372 420 606  ; 2 1 1 5 2 3 1 3 3 3 3 1 1 3 
34.33 ; 7.454e-12 ; True ; 1 118 161 228 372 420  ; 2 1 1 5 2 3 2 3 3 2 3 1 1 3 
34.92 ; 9.973e-12 ; True ; 1 118 161 314 372 420  ; 3 1 1 4 2 3 2 3 3 2 3 1 1 3 
37.09 ; 1.88e-11 ; True ; 1 118 161 372 420 692  ; 3 1 1 5 2 3 2 3 3 2 3 2 1 3 
39.37 ; 2.084e-11 ; True ; 1 161 314 372 420 692  ; 4 1 1 4 3 2 2 3 3 2 3 1 2 3 
42.57 ; 2.125e-11 ; True ; 1 118 161 372 420 524  ; 2 1 1 5 2 4 2 3 3 2 4 2 1 3 
42.88 ; 2.81e-11 ; True ; 1 24 248 314 372 692  ; 2 1 2 3 4 2 2 3 3 2 3 1 2 3 
45.02 ; 2.961e-11 ; True ; 1 161 314 372 420 524  ; 3 1 1 4 3 3 2 3 3 2 4 1 2 3 
46.43 ; 3.113e-11 ; True ; 1 314 372 420 524 692  ; 3 1 1 4 3 2 3 3 4 1 3 2 3 2 
47.22 ; 3.303e-11 ; True ; 1 118 161 175 372 420 606  ; 2 1 1 6 3 3 2 3 4 3 3 2 1 3 
47.29 ; 3.849e-11 ; True ; 1 161 314 372 524 692  ; 3 1 1 4 4 2 3 2 3 2 3 2 3 2 
47.84 ; 4.37e-11 ; True ; 1 118 161 175 314 372 420  ; 3 1 1 5 3 3 3 3 4 2 3 2 1 3 
47.93 ; 4.997e-11 ; True ; 1 118 161 372 420 468 692  ; 3 1 1 5 2 3 2 3 3 2 3 3 2 3 
48.11 ; 5.581e-11 ; True ; 1 161 372 420 524 692  ; 3 1 1 5 3 3 2 3 3 2 4 2 2 3 
50.01 ; 6.155e-11 ; True ; 1 118 161 175 372 420 692  ; 3 1 1 6 3 3 3 3 4 2 3 3 1 3 
51.21 ; 8.421e-11 ; True ; 1 118 161 372 420 606 692  ; 3 1 1 6 3 3 2 3 4 3 3 2 2 3 
51.81 ; 9.949e-11 ; True ; 1 118 161 314 372 420 692  ; 4 1 1 5 3 3 3 3 4 2 3 2 2 3 
54.64 ; 1.066e-10 ; True ; 1 24 175 248 314 372 692  ; 2 1 2 4 5 2 3 3 4 2 3 2 2 3 
55.91 ; 1.11e-10 ; True ; 1 118 161 314 372 464 692  ; 4 1 2 5 3 2 3 3 3 2 3 2 2 3 
55.91 ; 1.149e-10 ; True ; 1 24 161 175 314 372 692  ; 3 1 2 5 5 2 3 3 3 2 3 2 2 3 
59.26 ; 1.259e-10 ; True ; 1 118 161 314 372 420 524  ; 3 1 1 5 3 4 3 3 4 2 4 2 2 3 
59.53 ; 1.468e-10 ; True ; 1 24 118 161 314 372 692  ; 3 1 2 5 4 3 3 3 3 2 3 2 2 3 
62.42 ; 1.774e-10 ; True ; 1 118 161 372 420 524 692  ; 3 1 1 6 3 4 3 3 4 2 4 3 2 3 
62.88 ; 1.995e-10 ; True ; 1 161 314 372 420 524 692  ; 4 1 1 5 4 3 3 3 4 2 4 2 3 3 
63.83 ; 2.315e-10 ; True ; 1 248 314 372 464 524 692  ; 3 1 2 4 4 2 3 3 4 2 4 2 3 3 
65.59 ; 2.59e-10 ; True ; 1 24 248 314 372 524 692  ; 2 1 2 4 5 3 3 3 4 2 4 2 3 3 
66.86 ; 2.875e-10 ; True ; 1 161 175 314 372 420 607 692  ; 4 1 2 6 4 2 3 3 5 2 4 2 2 4 
67.18 ; 2.921e-10 ; True ; 1 161 175 314 372 420 692 859  ; 4 1 2 5 4 2 3 4 4 2 3 2 3 3 
68.24 ; 2.943e-10 ; True ; 1 118 161 372 420 606 607 692  ; 3 1 2 7 3 3 2 3 5 3 4 2 2 4 
68.7 ; 3.539e-10 ; True ; 1 118 161 314 372 420 692 859  ; 4 1 2 5 3 3 3 4 4 2 3 2 3 3 
70.19 ; 4.109e-10 ; True ; 1 24 175 248 314 372 464 692  ; 3 1 3 5 5 2 3 4 4 2 4 2 2 4 
71.32 ; 4.232e-10 ; True ; 1 24 175 248 314 372 692 731  ; 2 1 3 5 5 3 3 4 4 2 4 2 2 4 
71.43 ; 4.275e-10 ; True ; 1 118 161 314 372 420 464 692  ; 5 1 2 6 3 3 3 4 4 2 4 2 2 4 
73.41 ; 4.695e-10 ; True ; 1 24 161 175 314 372 420 692  ; 4 1 2 6 5 3 3 4 4 2 4 2 2 4 
74.25 ; 4.706e-10 ; True ; 1 24 161 175 248 314 372 692  ; 3 1 2 5 6 3 3 3 4 3 4 2 2 4 
75.92 ; 5.345e-10 ; True ; 1 24 118 161 314 372 420 692  ; 4 1 2 6 4 4 3 4 4 2 4 2 2 4 
78.56 ; 5.424e-10 ; True ; 1 175 248 314 372 464 524 692  ; 3 1 2 5 5 2 4 3 5 2 4 3 3 3 
78.77 ; 5.529e-10 ; True ; 1 161 175 314 372 464 524 692  ; 4 1 2 6 5 2 4 3 4 2 4 3 3 3 
79.74 ; 6.313e-10 ; True ; 1 161 314 372 420 524 692 859  ; 4 1 2 5 4 3 3 4 4 2 4 2 4 3 
80.41 ; 6.563e-10 ; True ; 1 161 314 372 420 524 607 692  ; 4 1 2 6 4 3 3 3 5 2 5 2 3 4 
81.68 ; 7.039e-10 ; True ; 1 161 175 372 420 464 524 692  ; 4 1 2 7 4 3 3 4 4 2 5 3 2 4 
82.49 ; 8.056e-10 ; True ; 1 161 314 372 420 464 524 692  ; 5 1 2 6 4 3 3 4 4 2 5 2 3 4 
83.13 ; 9.38e-10 ; True ; 1 24 248 314 372 464 524 692  ; 3 1 3 5 5 3 3 4 4 2 5 2 3 4 
85.63 ; 9.437e-10 ; True ; 24 175 248 314 372 464 515 692 731  ; 3 1 3 6 5 4 3 4 4 2 5 2 2 5 
85.72 ; 9.946e-10 ; True ; 14 24 175 248 314 372 464 692 731  ; 3 1 3 6 6 4 3 4 4 2 5 2 2 5 
86.34 ; 1.049e-09 ; True ; 1 118 161 175 314 372 420 464 692  ; 5 1 2 7 4 3 4 4 5 2 4 3 2 4 
87.65 ; 1.058e-09 ; True ; 1 118 161 175 372 420 464 606 692  ; 4 1 2 8 4 3 3 4 5 3 4 3 2 4 
88.64 ; 1.183e-09 ; True ; 1 14 24 175 248 314 372 464 692  ; 3 1 3 6 6 3 3 4 4 3 5 2 2 5 
88.82 ; 1.195e-09 ; True ; 1 24 175 248 314 372 464 692 731  ; 3 1 4 6 5 3 3 5 4 2 5 2 2 5 
90.37 ; 1.212e-09 ; True ; 1 118 161 314 372 420 464 606 692  ; 5 1 2 7 4 3 3 4 5 3 4 2 3 4 
91.28 ; 1.236e-09 ; True ; 1 161 175 248 314 372 420 464 692  ; 5 1 2 6 5 3 3 4 5 3 5 2 2 5 
91.77 ; 1.244e-09 ; True ; 1 24 118 161 175 314 372 420 692  ; 4 1 2 7 5 4 4 4 5 2 4 3 2 4 
92.75 ; 1.424e-09 ; True ; 1 24 161 175 248 314 372 464 692  ; 4 1 3 6 6 3 3 4 4 3 5 2 2 5 
94.87 ; 1.437e-09 ; True ; 1 24 118 161 314 372 420 606 692  ; 4 1 2 7 5 4 3 4 5 3 4 2 3 4 
94.88 ; 1.463e-09 ; True ; 1 24 161 175 248 314 372 692 731  ; 3 1 3 6 6 4 3 4 4 3 5 2 2 5 
97.23 ; 1.468e-09 ; True ; 1 161 175 314 372 420 524 607 692  ; 4 1 2 7 5 3 4 3 6 2 5 3 3 4 
97.56 ; 1.471e-09 ; True ; 1 161 175 314 372 420 524 692 859  ; 4 1 2 6 5 3 4 4 5 2 4 3 4 3 
98.71 ; 1.568e-09 ; True ; 1 24 118 161 248 314 372 420 692  ; 4 1 2 6 5 5 3 4 5 3 5 2 2 5 
99.31 ; 1.875e-09 ; True ; 1 161 175 314 372 420 464 524 692  ; 5 1 2 7 5 3 4 4 5 2 5 3 3 4 
99.79 ; 2.121e-09 ; True ; 1 24 175 248 314 372 464 524 692  ; 3 1 3 6 6 3 4 4 5 2 5 3 3 4 
102.7 ; 2.134e-09 ; True ; 1 118 161 314 372 420 464 524 692  ; 5 1 2 7 4 4 4 4 5 2 5 3 3 4 
103 ; 2.159e-09 ; True ; 1 24 161 175 314 372 464 524 692  ; 4 1 3 7 6 3 4 4 4 2 5 3 3 4 
103.5 ; 2.315e-09 ; True ; 1 14 24 248 314 372 464 524 692  ; 3 1 3 6 6 4 3 4 4 3 6 2 3 5 
103.8 ; 2.34e-09 ; True ; 1 24 248 314 372 464 524 692 731  ; 3 1 4 6 5 4 3 5 4 2 6 2 3 5 
106.7 ; 2.355e-09 ; True ; 1 118 161 175 372 420 464 606 607 692  ; 4 1 3 9 4 3 3 4 6 3 5 3 2 5 
106.9 ; 2.42e-09 ; True ; 1 161 248 314 372 420 464 524 692  ; 5 1 2 6 5 4 3 4 5 3 6 2 3 5 
107 ; 2.561e-09 ; True ; 1 24 175 228 248 314 372 464 515 692  ; 3 1 3 7 6 3 4 4 5 3 5 2 3 5 
107.2 ; 2.71e-09 ; True ; 1 118 161 175 314 372 420 464 606 692  ; 5 1 2 8 5 3 4 4 6 3 4 3 3 4 
108.1 ; 2.727e-09 ; True ; 1 24 175 228 248 314 372 464 692 731  ; 3 1 4 7 6 3 4 5 5 2 5 2 3 5 
108.3 ; 2.836e-09 ; True ; 1 14 24 175 248 314 372 464 692 731  ; 3 1 4 7 6 4 3 5 4 3 6 2 2 6 
111.1 ; 3.189e-09 ; True ; 1 24 161 175 228 248 314 372 464 692  ; 4 1 3 7 7 3 4 4 5 3 5 2 3 5 
114.3 ; 3.276e-09 ; True ; 1 24 161 175 228 248 314 372 692 731  ; 3 1 3 7 7 4 4 4 5 3 5 2 3 5 
114.3 ; 3.317e-09 ; True ; 1 24 118 161 175 314 372 420 464 692  ; 5 1 3 8 5 4 4 5 5 2 5 3 2 5 
115.3 ; 3.414e-09 ; True ; 1 24 161 175 248 314 372 464 692 731  ; 4 1 4 7 6 4 3 5 4 3 6 2 2 6 
116.2 ; 3.514e-09 ; True ; 1 24 161 175 248 314 372 420 464 692  ; 5 1 3 7 6 4 3 5 5 3 6 2 2 6 
116.6 ; 3.772e-09 ; True ; 1 24 118 161 175 248 314 372 464 692  ; 4 1 3 7 6 4 4 4 5 3 5 3 2 5 
118.8 ; 4.016e-09 ; True ; 1 161 175 314 372 420 464 524 607 692  ; 5 1 3 8 5 3 4 4 6 2 6 3 3 5 
119.2 ; 4.041e-09 ; True ; 1 24 175 248 314 372 464 524 607 692  ; 3 1 4 7 6 3 4 4 6 2 6 3 3 5 
120.2 ; 4.054e-09 ; True ; 14 24 175 248 314 372 464 524 692 731  ; 3 1 3 7 7 5 4 4 5 2 6 3 3 5 
121 ; 4.175e-09 ; True ; 1 161 175 314 372 420 464 524 692 859  ; 5 1 3 7 5 3 4 5 5 2 5 3 4 4 
121.6 ; 4.284e-09 ; True ; 1 161 175 248 314 372 464 524 607 692  ; 4 1 3 7 6 3 4 3 6 3 6 3 3 5 
122.1 ; 5.131e-09 ; True ; 1 14 24 175 248 314 372 464 524 692  ; 3 1 3 7 7 4 4 4 5 3 6 3 3 5 
122.4 ; 5.282e-09 ; True ; 1 24 175 248 314 372 464 524 692 731  ; 3 1 4 7 6 4 4 5 5 2 6 3 3 5 
126.3 ; 5.551e-09 ; True ; 1 24 175 248 314 372 420 464 524 692  ; 4 1 3 7 6 4 4 5 6 2 6 3 3 5 
127.1 ; 6.176e-09 ; True ; 1 24 161 175 248 314 372 464 524 692  ; 4 1 3 7 7 4 4 4 5 3 6 3 3 5 
132.9 ; 6.319e-09 ; True ; 1 118 161 175 248 314 372 420 464 607 692  ; 5 1 3 8 5 4 4 4 7 3 6 3 2 6 
134.5 ; 6.749e-09 ; True ; 1 24 118 161 175 314 372 420 606 607 692  ; 4 1 3 9 6 4 4 4 7 3 5 3 3 5 
135 ; 6.817e-09 ; True ; 1 24 118 161 175 228 314 372 420 464 692  ; 5 1 3 9 6 4 5 5 6 2 5 3 3 5 
135.1 ; 6.936e-09 ; True ; 1 24 118 161 248 314 372 464 524 692  ; 4 1 3 7 6 5 4 4 5 3 6 3 3 5 
135.5 ; 7.329e-09 ; True ; 1 24 118 161 175 228 372 420 464 606 692  ; 4 1 3 10 6 4 4 5 6 3 5 3 3 5 
136.5 ; 7.562e-09 ; True ; 1 24 161 175 228 248 314 372 420 464 692  ; 5 1 3 8 7 4 4 5 6 3 6 2 3 6 
136.6 ; 7.642e-09 ; True ; 1 24 161 175 228 248 314 372 464 692 731  ; 4 1 4 8 7 4 4 5 5 3 6 2 3 6 
137.6 ; 7.879e-09 ; True ; 1 118 161 175 248 314 372 420 464 692 859  ; 5 1 3 7 5 4 4 5 6 3 5 3 3 5 
138 ; 8.307e-09 ; True ; 1 24 118 161 175 314 372 420 464 606 692  ; 5 1 3 9 6 4 4 5 6 3 5 3 3 5 
140.9 ; 8.403e-09 ; True ; 1 24 118 161 175 248 314 372 420 464 692  ; 5 1 3 8 6 5 4 5 6 3 6 3 2 6 
142.7 ; 8.651e-09 ; True ; 14 24 175 248 314 372 464 524 584 692 731  ; 4 1 3 8 7 5 4 4 5 3 7 3 3 6 
143.2 ; 8.711e-09 ; True ; 1 161 175 314 372 420 464 524 606 607 692  ; 5 1 3 9 6 3 4 4 7 3 6 3 4 5 
143.5 ; 9.168e-09 ; True ; 1 14 24 175 248 314 372 464 524 607 692  ; 3 1 4 8 7 4 4 4 6 3 7 3 3 6 
143.8 ; 9.254e-09 ; True ; 1 24 148 175 248 314 372 464 524 692 731  ; 3 1 4 8 7 4 5 5 5 2 6 3 4 6 
145.5 ; 9.486e-09 ; True ; 1 24 175 228 248 314 372 464 524 692 731  ; 3 1 4 8 7 4 5 5 6 2 6 3 4 5 
145.6 ; 9.734e-09 ; True ; 1 14 24 175 248 314 372 464 524 584 692  ; 4 1 3 8 7 4 4 4 5 4 7 3 3 6 
145.7 ; 1.126e-08 ; True ; 1 14 24 175 248 314 372 464 524 692 731  ; 3 1 4 8 7 5 4 5 5 3 7 3 3 6 
146.9 ; 1.127e-08 ; True ; 1 24 175 248 314 372 464 524 584 692 731  ; 4 1 4 8 6 4 4 5 5 3 7 3 3 6 
149.6 ; 1.156e-08 ; True ; 1 24 175 248 314 372 464 524 606 692 731  ; 3 1 4 8 7 4 4 5 6 3 6 3 4 5 
151.1 ; 1.169e-08 ; True ; 1 161 175 248 314 372 420 464 524 692 859  ; 5 1 3 7 6 4 4 5 6 3 6 3 4 5 
151.6 ; 1.183e-08 ; True ; 1 14 24 175 248 314 372 420 464 524 692  ; 4 1 3 8 7 5 4 5 6 3 7 3 3 6 
152.6 ; 1.21e-08 ; True ; 1 24 161 175 314 372 420 464 524 606 692  ; 5 1 3 9 7 4 4 5 6 3 6 3 4 5 
153.5 ; 1.223e-08 ; True ; 1 24 161 175 248 314 372 464 524 692 859  ; 4 1 4 7 7 4 4 5 5 3 6 3 4 5 
153.7 ; 1.355e-08 ; True ; 1 24 161 175 248 314 372 464 524 692 731  ; 4 1 4 8 7 5 4 5 5 3 7 3 3 6 
158.4 ; 1.359e-08 ; True ; 1 24 118 161 314 372 420 464 524 606 692  ; 5 1 3 9 6 5 4 5 6 3 6 3 4 5 
159.7 ; 1.452e-08 ; True ; 1 24 118 161 175 228 314 372 420 464 606 692  ; 5 1 3 10 7 4 5 5 7 3 5 3 4 5 
160.8 ; 1.482e-08 ; True ; 1 24 118 161 175 314 372 420 464 606 607 692  ; 5 1 4 10 6 4 4 5 7 3 6 3 3 6 
164.1 ; 1.577e-08 ; True ; 1 24 118 161 175 228 248 372 420 464 606 692  ; 4 1 3 10 7 5 4 5 7 4 6 3 3 6 
166.6 ; 1.647e-08 ; True ; 1 24 107 161 175 248 314 372 464 524 692  ; 4 1 3 8 7 5 5 5 5 3 6 4 4 5 
166.7 ; 1.714e-08 ; True ; 1 24 118 161 175 228 248 314 372 464 692 731  ; 4 1 4 9 7 5 5 5 6 3 6 3 3 6 
167.5 ; 1.788e-08 ; True ; 1 24 118 161 175 248 314 372 420 464 606 692  ; 5 1 3 9 7 5 4 5 7 4 6 3 3 6 
169 ; 1.806e-08 ; True ; 1 14 24 175 248 314 372 464 524 607 692 731  ; 3 1 5 9 7 5 4 5 6 3 8 3 3 7 
169.3 ; 1.925e-08 ; True ; 1 24 148 175 248 314 372 464 524 584 692 731  ; 4 1 4 9 7 4 5 5 5 3 7 3 4 7 
170.8 ; 1.999e-08 ; True ; 1 14 24 175 228 248 314 372 464 524 692 731  ; 3 1 4 9 8 5 5 5 6 3 7 3 4 6 
171.1 ; 2.045e-08 ; True ; 1 14 24 175 248 314 372 464 524 584 692 731  ; 4 1 4 9 7 5 4 5 5 4 8 3 3 7 
175.9 ; 2.165e-08 ; True ; 1 14 24 175 248 314 372 464 524 606 692 731  ; 3 1 4 9 8 5 4 5 6 4 7 3 4 6 
177 ; 2.193e-08 ; True ; 1 24 175 248 314 372 464 524 584 606 692 731  ; 4 1 4 9 7 4 4 5 6 4 7 3 4 6 
177.7 ; 2.207e-08 ; True ; 1 24 175 248 314 372 464 524 606 692 731 747  ; 4 1 4 9 8 5 4 5 7 3 7 3 4 6 
177.9 ; 2.233e-08 ; True ; 1 24 161 175 248 314 372 420 464 524 607 692  ; 5 1 4 9 7 5 4 5 7 3 8 3 3 7 
178.1 ; 2.288e-08 ; True ; 1 24 148 161 175 248 314 372 464 524 692 731  ; 4 1 4 9 8 5 5 5 5 3 7 3 4 7 
178.7 ; 2.317e-08 ; True ; 1 24 161 175 228 248 314 372 420 464 524 692  ; 5 1 3 9 8 5 5 5 7 3 7 3 4 6 
178.8 ; 2.405e-08 ; True ; 1 24 161 175 228 248 314 372 464 524 692 731  ; 4 1 4 9 8 5 5 5 6 3 7 3 4 6 
181.4 ; 2.438e-08 ; True ; 1 24 175 248 314 372 464 515 524 692 731 829  ; 4 1 4 9 7 5 4 5 6 3 7 4 4 6 
181.4 ; 2.494e-08 ; True ; 1 14 24 175 248 314 372 464 524 692 731 829  ; 4 1 4 9 8 5 4 5 6 3 7 4 4 6 
182.7 ; 2.51e-08 ; True ; 1 24 161 175 248 314 372 420 464 524 606 692  ; 5 1 3 9 8 5 4 5 7 4 7 3 4 6 
182.9 ; 2.606e-08 ; True ; 1 24 161 175 248 314 372 464 524 606 692 731  ; 4 1 4 9 8 5 4 5 6 4 7 3 4 6 
188.1 ; 2.775e-08 ; True ; 1 14 24 107 175 248 314 372 464 524 692 731  ; 3 1 4 9 7 6 5 6 5 3 7 4 4 6 
189.2 ; 2.887e-08 ; True ; 1 24 107 175 248 314 372 464 524 584 692 731  ; 4 1 4 9 6 5 5 6 5 3 7 4 4 6 
191 ; 2.943e-08 ; True ; 1 24 107 161 175 248 314 372 464 524 607 692  ; 4 1 4 9 7 5 5 5 6 3 7 4 4 6 
192.3 ; 2.973e-08 ; True ; 1 24 118 161 175 248 314 372 420 464 606 607 692  ; 5 1 4 10 7 5 4 5 8 4 7 3 3 7 
195.1 ; 3.139e-08 ; True ; 1 24 118 161 175 228 314 372 420 464 606 692 731  ; 5 1 4 11 7 5 5 6 7 3 6 3 4 6 
196.4 ; 3.178e-08 ; True ; 1 14 24 175 248 314 372 464 524 584 607 692 731  ; 4 1 5 10 7 5 4 5 6 4 9 3 3 8 
197 ; 3.34e-08 ; True ; 1 24 107 161 175 248 314 372 464 524 692 731  ; 4 1 4 9 7 6 5 6 5 3 7 4 4 6 
198.2 ; 3.629e-08 ; True ; 1 14 24 175 228 248 314 372 464 524 584 692 731  ; 4 1 4 10 8 5 5 5 6 4 8 3 4 7 
203.1 ; 3.782e-08 ; True ; 1 24 161 175 228 248 314 372 420 464 524 607 692  ; 5 1 4 10 8 5 5 5 8 3 8 3 4 7 
206.2 ; 3.968e-08 ; True ; 1 14 24 175 228 248 314 372 420 464 524 692 731  ; 4 1 4 10 8 6 5 6 7 3 8 3 4 7 
206.9 ; 4.011e-08 ; True ; 1 24 118 161 175 314 372 420 464 524 606 607 692  ; 5 1 4 11 7 5 5 5 8 3 7 4 4 6 
208.1 ; 4.098e-08 ; True ; 1 24 161 175 248 314 372 420 464 524 606 607 692  ; 5 1 4 10 8 5 4 5 8 4 8 3 4 7 
208.6 ; 4.206e-08 ; True ; 1 14 24 175 248 314 372 464 515 524 692 731 829  ; 4 1 4 10 8 6 4 5 6 4 8 4 4 7 
209.5 ; 4.264e-08 ; True ; 1 14 24 175 248 314 372 464 524 584 692 731 829  ; 5 1 4 10 8 5 4 5 6 4 8 4 4 7 
211.3 ; 4.299e-08 ; True ; 1 14 24 175 248 314 372 420 464 524 606 692 731  ; 4 1 4 10 8 6 4 6 7 4 8 3 4 7 
212.1 ; 4.497e-08 ; True ; 1 24 161 175 228 248 314 372 420 464 524 692 731  ; 5 1 4 10 8 6 5 6 7 3 8 3 4 7 
214.5 ; 4.602e-08 ; True ; 1 24 118 161 175 248 314 372 420 464 524 606 692  ; 5 1 3 10 8 6 5 5 8 4 7 4 4 6 
215.5 ; 4.63e-08 ; True ; 1 24 107 175 248 314 372 464 524 584 607 692 731  ; 4 1 5 10 6 5 5 6 6 3 8 4 4 7 
216.1 ; 4.872e-08 ; True ; 1 24 161 175 248 314 372 420 464 524 606 692 731  ; 5 1 4 10 8 6 4 6 7 4 8 3 4 7 
219.3 ; 4.969e-08 ; True ; 1 24 107 175 248 314 372 464 524 584 692 731 747  ; 5 1 4 10 7 6 5 6 6 3 8 4 4 7 
222.2 ; 5.007e-08 ; True ; 1 14 24 107 175 248 314 372 464 524 606 692 731  ; 3 1 4 10 8 6 5 6 6 4 7 4 5 6 
222.4 ; 5.032e-08 ; True ; 1 24 107 161 175 248 314 372 464 524 584 607 692  ; 5 1 4 10 7 5 5 5 6 4 8 4 4 7 
223.1 ; 5.168e-08 ; True ; 1 24 107 161 175 248 314 372 464 524 606 607 692  ; 4 1 4 10 8 5 5 5 7 4 7 4 5 6 
223.3 ; 5.271e-08 ; True ; 1 24 107 175 248 314 372 464 524 584 606 692 731  ; 4 1 4 10 7 5 5 6 6 4 7 4 5 6 
223.4 ; 5.356e-08 ; True ; 1 24 107 161 175 248 314 372 464 524 607 692 731  ; 4 1 5 10 7 6 5 6 6 3 8 4 4 7 
225.2 ; 5.502e-08 ; True ; 1 24 107 161 175 248 314 372 420 464 524 607 692  ; 5 1 4 10 7 6 5 6 7 3 8 4 4 7 
228.4 ; 5.711e-08 ; True ; 1 24 107 161 175 248 314 372 464 524 584 692 731  ; 5 1 4 10 7 6 5 6 5 4 8 4 4 7 
230.2 ; 6.027e-08 ; True ; 1 24 107 161 175 248 314 372 464 524 606 692 731  ; 4 1 4 10 8 6 5 6 6 4 7 4 5 6 
233.3 ; 6.081e-08 ; True ; 1 24 107 161 175 248 314 372 420 464 524 692 731  ; 5 1 4 10 7 7 5 7 6 3 8 4 4 7 
234.3 ; 6.372e-08 ; True ; 1 24 161 175 228 248 314 372 420 464 524 606 607 692  ; 5 1 4 11 9 5 5 5 9 4 8 3 5 7 
235.3 ; 6.419e-08 ; True ; 1 24 161 175 228 248 314 372 464 524 606 607 692 731  ; 4 1 5 11 9 5 5 5 8 4 8 3 5 7 
236.7 ; 6.45e-08 ; True ; 1 14 24 175 248 314 372 464 524 584 607 692 731 829  ; 5 1 5 11 8 5 4 5 7 4 9 4 4 8 
239.4 ; 6.783e-08 ; True ; 1 14 24 175 228 248 314 372 420 464 524 606 692 731  ; 4 1 4 11 9 6 5 6 8 4 8 3 5 7 
242.3 ; 7.404e-08 ; True ; 1 24 118 161 175 248 314 372 420 464 524 606 607 692  ; 5 1 4 11 8 6 5 5 9 4 8 4 4 7 
244.3 ; 7.689e-08 ; True ; 1 24 161 175 228 248 314 372 420 464 524 606 692 731  ; 5 1 4 11 9 6 5 6 8 4 8 3 5 7 
249.4 ; 7.737e-08 ; True ; 1 24 107 175 228 248 314 372 464 524 584 692 731 747  ; 5 1 4 11 8 6 6 6 7 3 8 4 5 7 
249.8 ; 8.214e-08 ; True ; 1 24 118 161 175 248 314 372 420 464 524 606 692 859  ; 5 1 4 10 8 6 5 6 8 4 7 4 5 6 
251.5 ; 8.227e-08 ; True ; 1 24 107 175 248 314 372 464 524 584 606 607 692 731  ; 4 1 5 11 7 5 5 6 7 4 8 4 5 7 
251.9 ; 8.704e-08 ; True ; 1 24 118 161 175 248 314 372 420 464 524 606 692 731  ; 5 1 4 11 8 7 5 6 8 4 8 4 4 7 
255.6 ; 8.725e-08 ; True ; 1 14 24 107 161 175 248 314 372 464 524 607 692 731  ; 4 1 5 11 8 7 5 6 6 4 9 4 4 8 
256.7 ; 8.877e-08 ; True ; 1 24 107 161 175 248 314 372 464 524 584 607 692 731  ; 5 1 5 11 7 6 5 6 6 4 9 4 4 8 
258.5 ; 9.408e-08 ; True ; 1 24 107 161 175 248 314 372 464 524 606 607 692 731  ; 4 1 5 11 8 6 5 6 7 4 8 4 5 7 
259.4 ; 9.477e-08 ; True ; 1 24 107 161 175 248 314 372 420 464 524 606 607 692  ; 5 1 4 11 8 6 5 6 8 4 8 4 5 7 
263.6 ; 9.586e-08 ; True ; 1 24 107 175 248 314 372 420 464 524 584 606 692 731  ; 5 1 4 11 7 6 5 7 7 4 8 4 5 7 
264.5 ; 9.663e-08 ; True ; 1 24 107 161 175 248 314 372 464 524 584 606 692 731  ; 5 1 4 11 8 6 5 6 6 5 8 4 5 7 
266.3 ; 9.687e-08 ; True ; 1 24 107 161 175 248 314 372 420 464 524 606 692 859  ; 5 1 4 10 8 6 5 7 7 4 7 4 6 6 
267.6 ; 9.717e-08 ; True ; 1 24 107 161 175 248 314 372 420 464 524 584 692 731  ; 6 1 4 11 7 7 5 7 6 4 9 4 4 8 
268.4 ; 1.068e-07 ; True ; 1 24 107 161 175 248 314 372 420 464 524 606 692 731  ; 5 1 4 11 8 7 5 7 7 4 8 4 5 7 
272.6 ; 1.077e-07 ; True ; 1 118 161 175 228 248 314 372 420 464 524 606 607 692 731  ; 5 1 4 12 8 6 6 5 10 4 8 4 5 7 
273.8 ; 1.102e-07 ; True ; 1 24 148 161 175 248 314 372 420 464 524 606 607 692 731  ; 5 1 5 12 9 6 5 6 8 4 9 3 5 9 
274.1 ; 1.129e-07 ; True ; 1 24 107 148 175 248 314 372 464 515 524 584 607 692 731  ; 4 1 5 12 7 6 6 6 6 4 9 4 5 9 
279.8 ; 1.171e-07 ; True ; 1 24 107 175 248 314 372 464 524 584 606 607 692 731 770  ; 5 1 5 12 7 5 5 7 7 4 9 4 5 8 
280.4 ; 1.239e-07 ; True ; 1 24 118 161 175 248 314 372 420 464 524 606 607 692 859  ; 5 1 5 11 8 6 5 6 9 4 8 4 5 7 
281.6 ; 1.273e-07 ; True ; 1 24 118 161 175 248 314 372 420 464 524 606 607 692 731  ; 5 1 5 12 8 7 5 6 9 4 9 4 4 8 
282.4 ; 1.3e-07 ; True ; 1 24 118 161 175 228 248 314 372 420 464 524 606 692 731  ; 5 1 4 12 9 7 6 6 9 4 8 4 5 7 
287.7 ; 1.382e-07 ; True ; 1 24 107 161 175 228 248 314 372 464 524 584 607 692 731  ; 5 1 5 12 8 6 6 6 7 4 9 4 5 8 
291 ; 1.417e-07 ; True ; 1 24 118 161 175 248 314 372 420 464 524 606 692 731 859  ; 5 1 5 11 8 7 5 7 8 4 8 4 5 7 
293.9 ; 1.422e-07 ; True ; 1 24 107 175 248 314 372 420 464 524 584 606 607 692 731  ; 5 1 5 12 7 6 5 7 8 4 9 4 5 8 
294.7 ; 1.462e-07 ; True ; 1 24 107 161 175 248 314 372 464 524 584 606 607 692 731  ; 5 1 5 12 8 6 5 6 7 5 9 4 5 8 
297.5 ; 1.483e-07 ; True ; 1 24 107 161 175 248 314 372 420 464 524 606 607 692 859  ; 5 1 5 11 8 6 5 7 8 4 8 4 6 7 
298.5 ; 1.505e-07 ; True ; 1 24 107 118 161 175 248 314 372 420 464 524 606 607 692  ; 5 1 4 12 8 7 6 6 9 4 8 5 5 7 
298.7 ; 1.585e-07 ; True ; 1 24 107 161 175 248 314 372 420 464 524 606 607 692 731  ; 5 1 5 12 8 7 5 7 8 4 9 4 5 8 
304.6 ; 1.589e-07 ; True ; 1 14 24 107 161 175 248 314 372 420 464 524 606 692 731  ; 5 1 4 12 9 8 5 7 7 5 9 4 5 8 
305.7 ; 1.6e-07 ; True ; 1 24 107 161 175 248 314 372 420 464 524 584 606 692 731  ; 6 1 4 12 8 7 5 7 7 5 9 4 5 8 
307.5 ; 1.638e-07 ; True ; 1 24 107 161 175 248 314 372 420 464 524 606 692 731 859  ; 5 1 5 11 8 7 5 8 7 4 8 4 6 7 
309.2 ; 1.689e-07 ; True ; 1 24 107 118 161 175 248 314 372 420 464 524 606 692 731  ; 5 1 4 12 8 8 6 7 8 4 8 5 5 7 
313.1 ; 1.88e-07 ; True ; 1 24 118 161 175 228 248 314 372 420 464 524 606 607 692 731  ; 5 1 5 13 9 7 6 6 10 4 9 4 5 8 
325.2 ; 2.016e-07 ; True ; 1 24 107 148 175 248 314 372 420 464 524 584 606 607 692 731  ; 5 1 5 13 8 6 6 7 8 4 9 4 6 9 
325.9 ; 2.057e-07 ; True ; 1 24 107 175 228 248 314 372 420 464 524 584 606 607 692 731  ; 5 1 5 13 8 6 6 7 9 4 9 4 6 8 
326.8 ; 2.129e-07 ; True ; 1 24 107 161 175 228 248 314 372 464 524 584 606 607 692 731  ; 5 1 5 13 9 6 6 6 8 5 9 4 6 8 
330.7 ; 2.275e-07 ; True ; 1 24 107 161 175 228 248 314 372 420 464 524 606 607 692 731  ; 5 1 5 13 9 7 6 7 9 4 9 4 6 8 
338 ; 2.32e-07 ; True ; 1 24 107 161 175 248 314 372 420 464 524 584 606 607 692 731  ; 6 1 5 13 8 7 5 7 8 5 10 4 5 9 
340.6 ; 2.333e-07 ; True ; 1 24 107 161 175 248 314 372 420 464 524 606 607 692 731 859  ; 5 1 6 12 8 7 5 8 8 4 9 4 6 8 
341.3 ; 2.337e-07 ; True ; 1 24 107 161 175 248 253 314 372 420 464 524 606 607 692 731  ; 5 1 5 13 8 7 5 8 8 5 10 4 5 9 
341.8 ; 2.47e-07 ; True ; 1 24 107 118 161 175 248 314 372 420 464 524 606 607 692 731  ; 5 1 5 13 8 8 6 7 9 4 9 5 5 8 
349 ; 2.519e-07 ; True ; 1 24 107 161 175 248 314 372 420 464 524 606 607 692 731 829  ; 6 1 5 13 9 7 5 7 9 4 9 5 6 8 
355.2 ; 2.56e-07 ; True ; 1 24 107 161 175 248 314 317 372 420 464 524 607 692 731 829  ; 6 1 5 13 9 8 6 7 8 4 9 5 5 8 
359.8 ; 2.572e-07 ; True ; 1 24 107 161 175 248 314 372 420 464 524 606 692 731 829 859  ; 6 1 5 12 9 7 5 8 8 4 8 5 7 7 
360.3 ; 2.601e-07 ; True ; 1 24 107 161 175 248 253 314 372 420 464 524 606 692 731 829  ; 6 1 4 13 9 7 5 8 8 5 9 5 6 8 
363.7 ; 2.744e-07 ; True ; 1 24 107 144 161 175 248 314 372 420 464 524 606 692 731 859  ; 5 1 5 12 9 8 6 8 8 5 8 4 6 7 
365.4 ; 2.749e-07 ; True ; 1 24 118 161 175 248 314 372 420 464 480 524 606 692 731 859  ; 5 1 5 12 9 8 6 7 9 5 8 5 5 7 
366.2 ; 2.902e-07 ; True ; 1 24 107 148 161 175 248 314 372 420 464 524 606 607 692 731 770  ; 6 1 5 14 9 7 6 8 8 4 10 4 6 10 
367.8 ; 2.994e-07 ; True ; 1 24 107 161 175 228 248 314 372 464 524 584 606 607 692 731 747  ; 6 1 5 14 10 7 6 6 9 5 10 4 6 9 
373 ; 3.042e-07 ; True ; 1 24 107 148 161 175 248 314 372 420 464 524 584 606 607 692 859  ; 6 1 5 13 9 6 6 7 8 5 9 4 7 9 
375.7 ; 3.23e-07 ; True ; 1 24 107 161 175 228 248 314 372 420 464 524 584 607 692 731 859  ; 6 1 6 13 8 7 6 8 8 4 10 4 6 9 
378 ; 3.247e-07 ; True ; 1 24 107 118 161 175 248 314 372 420 464 524 606 607 692 731 770  ; 6 1 5 14 8 8 6 8 9 4 10 5 5 9 
382.9 ; 3.416e-07 ; True ; 1 24 107 161 175 248 314 372 420 464 524 584 606 607 692 731 859  ; 6 1 6 13 8 7 5 8 8 5 10 4 6 9 
384 ; 3.463e-07 ; True ; 1 24 107 161 175 228 248 314 372 420 464 524 606 607 692 731 829  ; 6 1 5 14 10 7 6 7 10 4 9 5 7 8 
387 ; 3.481e-07 ; True ; 1 24 107 118 161 175 248 314 372 420 464 524 584 607 692 731 859  ; 6 1 6 13 7 8 6 8 8 4 10 5 5 9 
390.9 ; 3.601e-07 ; True ; 1 24 107 161 175 248 314 372 420 464 524 584 606 607 692 731 829  ; 7 1 5 14 9 7 5 7 9 5 10 5 6 9 
391.8 ; 3.656e-07 ; True ; 1 24 107 118 161 175 248 314 317 372 420 464 524 606 607 692 731  ; 5 1 5 14 9 9 7 7 9 5 9 5 5 8 
394.5 ; 3.716e-07 ; True ; 1 24 107 161 175 248 253 314 372 420 464 524 606 607 692 731 829  ; 6 1 5 14 9 7 5 8 9 5 10 5 6 9 
396 ; 3.733e-07 ; True ; 1 24 107 118 161 175 248 314 372 420 464 524 606 607 692 731 829  ; 6 1 5 14 9 8 6 7 10 4 9 6 6 8 
400 ; 3.868e-07 ; True ; 1 24 107 161 175 248 314 317 372 420 464 524 606 607 692 731 829  ; 6 1 5 14 10 8 6 7 9 5 9 5 6 8 
409.1 ; 3.87e-07 ; True ; 1 24 107 161 175 248 314 372 420 437 464 524 606 607 692 731 829  ; 6 1 6 13 9 7 6 7 9 4 9 6 6 8 
410.8 ; 3.949e-07 ; True ; 1 24 107 161 175 248 314 317 372 420 464 524 606 692 731 829 859  ; 6 1 5 13 10 8 6 8 8 5 8 5 7 7 
412.1 ; 3.956e-07 ; True ; 1 24 107 148 161 175 248 314 372 420 464 480 524 584 607 692 859  ; 6 1 5 13 9 7 7 7 8 5 9 5 6 9 
413.6 ; 3.99e-07 ; True ; 1 24 118 161 175 248 253 314 372 420 464 524 550 584 607 692 731 859  ; 6 1 6 14 8 7 6 8 9 5 11 4 5 10 
415.3 ; 4.377e-07 ; True ; 1 24 107 161 175 228 248 314 372 464 524 584 606 607 692 731 747 859  ; 6 1 6 14 10 7 6 7 9 5 10 4 7 9 
421.8 ; 4.526e-07 ; True ; 1 24 107 161 175 248 314 372 420 464 480 524 606 607 692 731 859  ; 5 1 6 13 9 8 6 8 9 5 9 5 6 8 
429.1 ; 4.638e-07 ; True ; 1 24 107 161 175 248 314 372 420 464 480 524 584 606 692 731 859  ; 6 1 5 13 9 8 6 8 8 6 9 5 6 8 
430.4 ; 4.662e-07 ; True ; 1 24 107 161 175 248 314 317 372 420 464 524 606 607 692 731 770 859  ; 6 1 6 14 9 8 6 9 8 5 10 4 6 9 
432.3 ; 5.324e-07 ; True ; 1 24 107 118 161 175 248 314 372 420 464 524 584 606 607 692 731 859  ; 6 1 6 14 8 8 6 8 9 5 10 5 6 9 
445.8 ; 5.388e-07 ; True ; 1 24 107 161 175 248 314 317 372 420 464 524 584 607 692 731 829 859  ; 7 1 6 14 9 8 6 8 8 5 10 5 6 9 
448.8 ; 5.543e-07 ; True ; 1 24 107 161 175 248 314 317 372 420 464 524 606 607 692 731 829 859  ; 6 1 6 14 10 8 6 8 9 5 9 5 7 8 
456.7 ; 5.546e-07 ; True ; 1 24 107 161 175 248 314 317 372 420 464 524 584 606 692 731 829 859  ; 7 1 5 14 10 8 6 8 8 6 9 5 7 8 
459 ; 5.552e-07 ; True ; 1 24 107 148 175 248 314 372 420 464 480 524 584 606 607 692 731 859  ; 5 1 6 14 9 7 7 8 9 5 9 5 7 9 
462.1 ; 5.913e-07 ; True ; 1 24 107 148 161 175 248 314 372 420 464 480 524 584 607 692 731 859  ; 6 1 6 14 9 8 7 8 8 5 10 5 6 10 
474 ; 5.934e-07 ; True ; 1 24 107 161 175 248 314 372 420 464 480 524 606 607 692 731 770 829  ; 7 1 5 15 10 8 6 8 10 5 10 6 6 9 
476.6 ; 6.285e-07 ; True ; 1 24 107 161 175 248 314 317 372 420 464 524 584 606 607 692 731 770 859  ; 7 1 6 15 9 8 6 9 8 6 11 4 6 10 
479.5 ; 6.56e-07 ; True ; 1 24 107 148 175 248 314 317 372 420 464 515 524 584 607 692 731 829 859  ; 6 1 6 15 9 8 7 8 8 5 10 5 7 10 
481.9 ; 6.626e-07 ; True ; 1 24 107 161 175 248 314 372 420 464 480 524 606 607 692 731 829 859  ; 6 1 6 14 10 8 6 8 10 5 9 6 7 8 
490.7 ; 7.18e-07 ; True ; 1 24 107 148 161 175 248 314 317 372 420 464 524 606 607 692 731 829 859  ; 6 1 6 15 11 8 7 8 9 5 9 5 8 9 
496.6 ; 7.606e-07 ; True ; 1 24 107 161 175 248 314 317 372 420 464 524 584 606 607 692 731 829 859  ; 7 1 6 15 10 8 6 8 9 6 10 5 7 9 
520.3 ; 7.756e-07 ; True ; 1 24 107 161 175 314 317 372 420 464 480 524 584 606 607 692 731 770 859  ; 7 1 6 16 9 8 7 9 8 6 10 5 6 9 
523.8 ; 8.547e-07 ; True ; 1 24 107 148 161 175 248 314 372 420 464 480 524 584 607 692 731 829 859  ; 7 1 6 15 10 8 7 8 9 5 10 6 7 10 
528.6 ; 8.748e-07 ; True ; 1 24 107 161 175 248 314 317 372 420 464 480 524 584 606 607 692 731 859  ; 6 1 6 15 10 9 7 8 9 7 10 5 6 9 
533.3 ; 9.081e-07 ; True ; 1 24 107 148 175 248 314 317 372 420 464 515 524 584 606 607 692 731 829 859  ; 6 1 6 16 10 8 7 8 9 6 10 5 8 10 
548.1 ; 9.858e-07 ; True ; 1 24 107 161 175 248 314 317 372 420 464 515 524 584 606 607 692 731 829 859  ; 7 1 6 16 10 9 6 8 9 7 11 5 7 10 
577.3 ; 1.078e-06 ; True ; 1 24 107 148 161 175 248 314 369 372 420 464 480 515 524 607 692 731 829 859  ; 6 1 7 16 10 9 7 9 9 5 10 6 7 11 
578.5 ; 1.166e-06 ; True ; 1 24 107 148 161 175 248 314 372 420 464 480 524 584 606 607 692 731 829 859  ; 7 1 6 16 11 8 7 8 10 6 10 6 8 10 
592.9 ; 1.227e-06 ; True ; 1 24 107 161 175 248 253 314 317 372 420 464 480 524 584 607 692 731 829 859  ; 7 1 6 16 10 9 7 9 9 7 11 6 6 10 
593 ; 1.255e-06 ; True ; 1 24 107 148 161 175 248 314 317 372 420 464 515 524 584 606 607 692 731 829 859  ; 7 1 6 17 11 9 7 8 9 7 11 5 8 11 
620.2 ; 1.263e-06 ; True ; 1 24 107 161 175 228 248 314 372 420 464 480 515 524 606 607 692 731 829 835  ; 6 1 6 16 11 9 7 8 11 6 11 7 7 10 
635.8 ; 1.314e-06 ; True ; 1 24 64 107 148 161 175 314 317 372 420 464 480 524 584 606 607 692 731 770 859  ; 7 1 6 17 10 8 8 10 8 6 10 6 8 10 
643.5 ; 1.374e-06 ; True ; 1 24 107 161 175 248 314 317 369 372 420 464 480 524 606 657 692 731 770 829 859  ; 7 1 6 17 11 9 7 10 9 6 9 7 8 9 
654.2 ; 1.447e-06 ; True ; 1 24 107 161 175 248 314 317 369 372 420 464 480 524 606 692 731 747 770 829 859  ; 8 1 6 17 12 10 7 10 10 6 10 6 7 10 
671.9 ; 1.485e-06 ; True ; 1 24 107 118 161 175 248 314 317 369 372 420 464 480 606 607 692 731 829 835 859  ; 6 1 8 16 10 9 7 10 10 6 9 7 6 10 
685.9 ; 1.643e-06 ; True ; 1 24 107 148 175 248 314 317 372 420 464 480 524 584 606 607 692 731 829 835 859  ; 6 1 7 16 11 8 8 9 10 6 10 7 8 10 
718.1 ; 1.645e-06 ; True ; 1 24 107 144 161 175 248 314 372 420 463 464 480 515 524 584 606 692 729 731 770 859  ; 7 1 5 18 10 11 7 9 9 9 12 6 7 11 
726.7 ; 1.704e-06 ; True ; 1 24 107 161 245 248 314 317 372 420 464 480 524 606 607 692 731 735 770 829 835  ; 7 1 7 15 11 9 7 10 10 6 11 7 7 10 
745.4 ; 1.805e-06 ; True ; 1 24 105 107 148 175 248 314 317 372 420 464 480 524 584 606 607 692 731 747 829 835  ; 8 1 6 18 13 9 8 9 11 6 11 7 7 12 
752.4 ; 1.891e-06 ; True ; 1 24 107 148 175 248 314 317 372 420 464 480 515 524 584 607 692 731 735 747 835 859  ; 6 1 8 16 10 10 8 10 9 6 12 7 6 12 
754.4 ; 1.911e-06 ; True ; 1 24 107 144 161 175 314 317 369 372 420 464 480 524 584 606 607 692 747 770 835 859  ; 8 1 7 18 11 9 8 10 10 7 11 6 6 11 
772.6 ; 2.109e-06 ; True ; 1 24 107 161 175 248 314 317 372 420 464 480 524 550 584 607 692 731 820 829 835 859  ; 7 1 7 16 11 9 8 9 11 7 11 7 7 10 
805.6 ; 2.28e-06 ; True ; 1 24 107 144 161 175 248 253 314 317 372 420 464 480 524 584 607 692 731 735 829 835  ; 7 1 7 17 11 10 8 10 10 8 12 8 5 11 
904.4 ; 2.45e-06 ; True ; 1 24 107 144 161 175 248 317 372 420 464 480 515 524 584 606 682 692 717 731 770 835 859  ; 6 1 7 18 12 11 8 10 9 9 12 7 6 11 
946.1 ; 2.463e-06 ; True ; 1 24 66 144 161 175 314 317 369 372 415 420 464 480 524 528 606 607 692 731 747 770 835 859  ; 7 1 8 19 13 9 8 10 12 7 11 7 6 11 
950.7 ; 2.629e-06 ; True ; 1 66 107 138 144 161 248 314 317 372 420 464 480 515 524 584 606 692 731 735 781 829 859  ; 7 1 6 16 10 10 8 9 10 10 9 9 8 8 
951.1 ; 2.658e-06 ; True ; 1 24 66 107 161 237 245 248 314 317 369 372 420 464 515 524 550 607 692 731 735 829 835 859  ; 7 1 9 15 10 9 7 11 10 6 11 7 9 11 
955.9 ; 2.761e-06 ; True ; 1 66 107 138 144 161 248 314 317 372 420 464 480 515 524 550 606 692 731 735 747 835 859  ; 6 1 6 15 11 11 9 9 11 9 10 8 8 9 
962.4 ; 2.897e-06 ; True ; 1 24 107 114 144 161 175 248 314 372 420 464 480 515 524 584 606 682 692 717 731 770 835 859  ; 7 1 7 18 12 10 8 10 10 8 12 8 7 11 
1012 ; 2.943e-06 ; True ; 1 24 49 107 138 144 161 248 314 317 372 420 464 480 515 524 584 606 692 731 735 829 835 859  ; 7 1 7 17 11 11 8 10 9 9 11 8 7 10 
1033 ; 3.386e-06 ; True ; 1 66 107 138 161 175 248 314 317 372 420 464 480 515 524 584 606 692 731 735 781 829 835 859  ; 7 1 7 16 10 9 8 10 10 9 10 11 8 9 


RUN 6:
Optimum Distance: 15.16
Optimal Team: 118,161,372,859,
Required Skills: 0 1 4 5 9 10 11 12 14 15 16 18 23 24 
Distance; Skill Score; isValid; Team; Skill Counts
15.16 ; 1.727e-14 ; True ; 118 161 372 859  ; 1 1 1 2 1 2 1 2 1 1 1 1 1 1 
17.13 ; 3.403e-14 ; True ; 1 118 314 372  ; 1 1 1 2 1 1 2 2 2 1 1 1 1 1 
18.63 ; 5.537e-14 ; True ; 161 369 372 692  ; 2 1 1 3 2 1 1 2 1 1 1 1 1 2 
18.81 ; 1.996e-13 ; True ; 1 161 372 692  ; 2 1 1 3 2 1 1 2 1 2 2 1 1 2 
19.54 ; 2.342e-13 ; True ; 24 248 372 692  ; 1 1 1 2 3 2 1 2 2 1 2 1 1 2 
20.7 ; 2.354e-13 ; True ; 1 372 420 524  ; 1 1 1 3 1 2 1 3 2 1 3 1 1 2 
21.56 ; 2.395e-13 ; True ; 24 161 372 692  ; 2 1 1 3 3 2 1 2 1 1 2 1 1 2 
21.56 ; 2.848e-13 ; True ; 1 161 372 524  ; 1 1 1 3 2 2 1 2 1 2 3 1 1 2 
22.79 ; 4.009e-13 ; True ; 1 372 524 692  ; 1 1 1 3 2 1 2 2 2 1 2 2 2 1 
22.84 ; 4.228e-13 ; True ; 118 161 372 420 859  ; 2 1 1 3 1 3 1 3 2 1 2 1 1 2 
24.67 ; 5.853e-13 ; True ; 1 118 161 372 606  ; 1 1 1 4 2 2 1 2 2 3 2 1 1 2 
25.33 ; 1.341e-12 ; True ; 1 118 161 314 372  ; 2 1 1 3 2 2 2 2 2 2 2 1 1 2 
27.44 ; 2.569e-12 ; True ; 1 118 161 372 692  ; 2 1 1 4 2 2 2 2 2 2 2 2 1 2 
27.57 ; 2.629e-12 ; True ; 1 161 372 420 692  ; 3 1 1 4 2 2 1 3 2 2 3 1 1 3 
29.06 ; 3.018e-12 ; True ; 1 118 161 372 420 468  ; 2 1 1 4 1 3 1 3 2 2 3 2 1 3 
31.25 ; 3.336e-12 ; True ; 1 161 372 420 524  ; 2 1 1 4 2 3 1 3 2 2 4 1 1 3 
31.55 ; 3.653e-12 ; True ; 1 314 372 420 524  ; 2 1 1 3 2 2 2 3 3 1 3 1 2 2 
32.41 ; 4.469e-12 ; True ; 1 161 314 372 524  ; 2 1 1 3 3 2 2 2 2 2 3 1 2 2 
33.34 ; 5.685e-12 ; True ; 1 118 161 372 420 606  ; 2 1 1 5 2 3 1 3 3 3 3 1 1 3 
34.33 ; 7.454e-12 ; True ; 1 118 161 228 372 420  ; 2 1 1 5 2 3 2 3 3 2 3 1 1 3 
34.92 ; 9.973e-12 ; True ; 1 118 161 314 372 420  ; 3 1 1 4 2 3 2 3 3 2 3 1 1 3 
37.09 ; 1.88e-11 ; True ; 1 118 161 372 420 692  ; 3 1 1 5 2 3 2 3 3 2 3 2 1 3 
39.37 ; 2.084e-11 ; True ; 1 161 314 372 420 692  ; 4 1 1 4 3 2 2 3 3 2 3 1 2 3 
42.57 ; 2.125e-11 ; True ; 1 118 161 372 420 524  ; 2 1 1 5 2 4 2 3 3 2 4 2 1 3 
42.88 ; 2.81e-11 ; True ; 1 24 248 314 372 692  ; 2 1 2 3 4 2 2 3 3 2 3 1 2 3 
45.02 ; 2.961e-11 ; True ; 1 161 314 372 420 524  ; 3 1 1 4 3 3 2 3 3 2 4 1 2 3 
45.73 ; 3.529e-11 ; True ; 1 118 161 314 372 420 468  ; 3 1 1 4 2 3 2 3 3 2 3 2 2 3 
47.29 ; 3.849e-11 ; True ; 1 161 314 372 524 692  ; 3 1 1 4 4 2 3 2 3 2 3 2 3 2 
47.84 ; 4.37e-11 ; True ; 1 118 161 175 314 372 420  ; 3 1 1 5 3 3 3 3 4 2 3 2 1 3 
47.93 ; 4.997e-11 ; True ; 1 118 161 372 420 468 692  ; 3 1 1 5 2 3 2 3 3 2 3 3 2 3 
48.11 ; 5.581e-11 ; True ; 1 161 372 420 524 692  ; 3 1 1 5 3 3 2 3 3 2 4 2 2 3 
50.01 ; 6.155e-11 ; True ; 1 118 161 175 372 420 692  ; 3 1 1 6 3 3 3 3 4 2 3 3 1 3 
51.21 ; 8.421e-11 ; True ; 1 118 161 372 420 606 692  ; 3 1 1 6 3 3 2 3 4 3 3 2 2 3 
51.81 ; 9.949e-11 ; True ; 1 118 161 314 372 420 692  ; 4 1 1 5 3 3 3 3 4 2 3 2 2 3 
54.64 ; 1.066e-10 ; True ; 1 24 175 248 314 372 692  ; 2 1 2 4 5 2 3 3 4 2 3 2 2 3 
55.91 ; 1.11e-10 ; True ; 1 118 161 314 372 464 692  ; 4 1 2 5 3 2 3 3 3 2 3 2 2 3 
55.91 ; 1.149e-10 ; True ; 1 24 161 175 314 372 692  ; 3 1 2 5 5 2 3 3 3 2 3 2 2 3 
59.26 ; 1.259e-10 ; True ; 1 118 161 314 372 420 524  ; 3 1 1 5 3 4 3 3 4 2 4 2 2 3 
59.53 ; 1.468e-10 ; True ; 1 24 118 161 314 372 692  ; 3 1 2 5 4 3 3 3 3 2 3 2 2 3 
62.42 ; 1.774e-10 ; True ; 1 118 161 372 420 524 692  ; 3 1 1 6 3 4 3 3 4 2 4 3 2 3 
62.88 ; 1.995e-10 ; True ; 1 161 314 372 420 524 692  ; 4 1 1 5 4 3 3 3 4 2 4 2 3 3 
63.83 ; 2.315e-10 ; True ; 1 248 314 372 464 524 692  ; 3 1 2 4 4 2 3 3 4 2 4 2 3 3 
65.59 ; 2.59e-10 ; True ; 1 24 248 314 372 524 692  ; 2 1 2 4 5 3 3 3 4 2 4 2 3 3 
66.86 ; 2.875e-10 ; True ; 1 161 175 314 372 420 607 692  ; 4 1 2 6 4 2 3 3 5 2 4 2 2 4 
67.18 ; 2.921e-10 ; True ; 1 161 175 314 372 420 692 859  ; 4 1 2 5 4 2 3 4 4 2 3 2 3 3 
68.24 ; 2.943e-10 ; True ; 1 118 161 372 420 606 607 692  ; 3 1 2 7 3 3 2 3 5 3 4 2 2 4 
68.7 ; 3.539e-10 ; True ; 1 118 161 314 372 420 692 859  ; 4 1 2 5 3 3 3 4 4 2 3 2 3 3 
70.19 ; 4.109e-10 ; True ; 1 24 175 248 314 372 464 692  ; 3 1 3 5 5 2 3 4 4 2 4 2 2 4 
71.32 ; 4.232e-10 ; True ; 1 24 175 248 314 372 692 731  ; 2 1 3 5 5 3 3 4 4 2 4 2 2 4 
71.43 ; 4.275e-10 ; True ; 1 118 161 314 372 420 464 692  ; 5 1 2 6 3 3 3 4 4 2 4 2 2 4 
73.41 ; 4.695e-10 ; True ; 1 24 161 175 314 372 420 692  ; 4 1 2 6 5 3 3 4 4 2 4 2 2 4 
74.25 ; 4.706e-10 ; True ; 1 24 161 175 248 314 372 692  ; 3 1 2 5 6 3 3 3 4 3 4 2 2 4 
75.92 ; 5.345e-10 ; True ; 1 24 118 161 314 372 420 692  ; 4 1 2 6 4 4 3 4 4 2 4 2 2 4 
78.56 ; 5.424e-10 ; True ; 1 175 248 314 372 464 524 692  ; 3 1 2 5 5 2 4 3 5 2 4 3 3 3 
78.77 ; 5.529e-10 ; True ; 1 161 175 314 372 464 524 692  ; 4 1 2 6 5 2 4 3 4 2 4 3 3 3 
79.74 ; 6.313e-10 ; True ; 1 161 314 372 420 524 692 859  ; 4 1 2 5 4 3 3 4 4 2 4 2 4 3 
80.41 ; 6.563e-10 ; True ; 1 161 314 372 420 524 607 692  ; 4 1 2 6 4 3 3 3 5 2 5 2 3 4 
81.68 ; 7.039e-10 ; True ; 1 161 175 372 420 464 524 692  ; 4 1 2 7 4 3 3 4 4 2 5 3 2 4 
82.49 ; 8.056e-10 ; True ; 1 161 314 372 420 464 524 692  ; 5 1 2 6 4 3 3 4 4 2 5 2 3 4 
83.13 ; 9.38e-10 ; True ; 1 24 248 314 372 464 524 692  ; 3 1 3 5 5 3 3 4 4 2 5 2 3 4 
85.63 ; 9.437e-10 ; True ; 24 175 248 314 372 464 515 692 731  ; 3 1 3 6 5 4 3 4 4 2 5 2 2 5 
85.72 ; 9.946e-10 ; True ; 14 24 175 248 314 372 464 692 731  ; 3 1 3 6 6 4 3 4 4 2 5 2 2 5 
86.34 ; 1.049e-09 ; True ; 1 118 161 175 314 372 420 464 692  ; 5 1 2 7 4 3 4 4 5 2 4 3 2 4 
87.65 ; 1.058e-09 ; True ; 1 118 161 175 372 420 464 606 692  ; 4 1 2 8 4 3 3 4 5 3 4 3 2 4 
88.64 ; 1.183e-09 ; True ; 1 14 24 175 248 314 372 464 692  ; 3 1 3 6 6 3 3 4 4 3 5 2 2 5 
88.82 ; 1.195e-09 ; True ; 1 24 175 248 314 372 464 692 731  ; 3 1 4 6 5 3 3 5 4 2 5 2 2 5 
90.37 ; 1.212e-09 ; True ; 1 118 161 314 372 420 464 606 692  ; 5 1 2 7 4 3 3 4 5 3 4 2 3 4 
91.28 ; 1.236e-09 ; True ; 1 161 175 248 314 372 420 464 692  ; 5 1 2 6 5 3 3 4 5 3 5 2 2 5 
91.77 ; 1.244e-09 ; True ; 1 24 118 161 175 314 372 420 692  ; 4 1 2 7 5 4 4 4 5 2 4 3 2 4 
92.75 ; 1.424e-09 ; True ; 1 24 161 175 248 314 372 464 692  ; 4 1 3 6 6 3 3 4 4 3 5 2 2 5 
94.87 ; 1.437e-09 ; True ; 1 24 118 161 314 372 420 606 692  ; 4 1 2 7 5 4 3 4 5 3 4 2 3 4 
94.88 ; 1.463e-09 ; True ; 1 24 161 175 248 314 372 692 731  ; 3 1 3 6 6 4 3 4 4 3 5 2 2 5 
97.23 ; 1.468e-09 ; True ; 1 161 175 314 372 420 524 607 692  ; 4 1 2 7 5 3 4 3 6 2 5 3 3 4 
97.56 ; 1.471e-09 ; True ; 1 161 175 314 372 420 524 692 859  ; 4 1 2 6 5 3 4 4 5 2 4 3 4 3 
98.71 ; 1.568e-09 ; True ; 1 24 118 161 248 314 372 420 692  ; 4 1 2 6 5 5 3 4 5 3 5 2 2 5 
99.31 ; 1.875e-09 ; True ; 1 161 175 314 372 420 464 524 692  ; 5 1 2 7 5 3 4 4 5 2 5 3 3 4 
99.79 ; 2.121e-09 ; True ; 1 24 175 248 314 372 464 524 692  ; 3 1 3 6 6 3 4 4 5 2 5 3 3 4 
102.7 ; 2.134e-09 ; True ; 1 118 161 314 372 420 464 524 692  ; 5 1 2 7 4 4 4 4 5 2 5 3 3 4 
103 ; 2.159e-09 ; True ; 1 24 161 175 314 372 464 524 692  ; 4 1 3 7 6 3 4 4 4 2 5 3 3 4 
103.5 ; 2.315e-09 ; True ; 1 14 24 248 314 372 464 524 692  ; 3 1 3 6 6 4 3 4 4 3 6 2 3 5 
103.8 ; 2.34e-09 ; True ; 1 24 248 314 372 464 524 692 731  ; 3 1 4 6 5 4 3 5 4 2 6 2 3 5 
105.6 ; 2.391e-09 ; True ; 1 118 161 175 228 372 420 464 606 692  ; 4 1 2 9 5 3 4 4 6 3 4 3 3 4 
106.9 ; 2.42e-09 ; True ; 1 161 248 314 372 420 464 524 692  ; 5 1 2 6 5 4 3 4 5 3 6 2 3 5 
107.2 ; 2.71e-09 ; True ; 1 118 161 175 314 372 420 464 606 692  ; 5 1 2 8 5 3 4 4 6 3 4 3 3 4 
108.1 ; 2.727e-09 ; True ; 1 24 175 228 248 314 372 464 692 731  ; 3 1 4 7 6 3 4 5 5 2 5 2 3 5 
108.3 ; 2.836e-09 ; True ; 1 14 24 175 248 314 372 464 692 731  ; 3 1 4 7 6 4 3 5 4 3 6 2 2 6 
111.1 ; 3.189e-09 ; True ; 1 24 161 175 228 248 314 372 464 692  ; 4 1 3 7 7 3 4 4 5 3 5 2 3 5 
114.3 ; 3.276e-09 ; True ; 1 24 161 175 228 248 314 372 692 731  ; 3 1 3 7 7 4 4 4 5 3 5 2 3 5 
114.3 ; 3.317e-09 ; True ; 1 24 118 161 175 314 372 420 464 692  ; 5 1 3 8 5 4 4 5 5 2 5 3 2 5 
115.3 ; 3.414e-09 ; True ; 1 24 161 175 248 314 372 464 692 731  ; 4 1 4 7 6 4 3 5 4 3 6 2 2 6 
116.2 ; 3.514e-09 ; True ; 1 24 161 175 248 314 372 420 464 692  ; 5 1 3 7 6 4 3 5 5 3 6 2 2 6 
116.6 ; 3.772e-09 ; True ; 1 24 118 161 175 248 314 372 464 692  ; 4 1 3 7 6 4 4 4 5 3 5 3 2 5 
118.8 ; 4.016e-09 ; True ; 1 161 175 314 372 420 464 524 607 692  ; 5 1 3 8 5 3 4 4 6 2 6 3 3 5 
119.2 ; 4.041e-09 ; True ; 1 24 175 248 314 372 464 524 607 692  ; 3 1 4 7 6 3 4 4 6 2 6 3 3 5 
120.2 ; 4.054e-09 ; True ; 14 24 175 248 314 372 464 524 692 731  ; 3 1 3 7 7 5 4 4 5 2 6 3 3 5 
121 ; 4.175e-09 ; True ; 1 161 175 314 372 420 464 524 692 859  ; 5 1 3 7 5 3 4 5 5 2 5 3 4 4 
121.6 ; 4.284e-09 ; True ; 1 161 175 248 314 372 464 524 607 692  ; 4 1 3 7 6 3 4 3 6 3 6 3 3 5 
122.1 ; 5.131e-09 ; True ; 1 14 24 175 248 314 372 464 524 692  ; 3 1 3 7 7 4 4 4 5 3 6 3 3 5 
122.4 ; 5.282e-09 ; True ; 1 24 175 248 314 372 464 524 692 731  ; 3 1 4 7 6 4 4 5 5 2 6 3 3 5 
126.3 ; 5.551e-09 ; True ; 1 24 175 248 314 372 420 464 524 692  ; 4 1 3 7 6 4 4 5 6 2 6 3 3 5 
127.1 ; 6.176e-09 ; True ; 1 24 161 175 248 314 372 464 524 692  ; 4 1 3 7 7 4 4 4 5 3 6 3 3 5 
132.8 ; 6.299e-09 ; True ; 1 118 161 175 228 248 314 372 420 464 692  ; 5 1 2 8 6 4 5 4 7 3 5 3 3 5 
132.9 ; 6.319e-09 ; True ; 1 118 161 175 248 314 372 420 464 607 692  ; 5 1 3 8 5 4 4 4 7 3 6 3 2 6 
134.5 ; 6.749e-09 ; True ; 1 24 118 161 175 314 372 420 606 607 692  ; 4 1 3 9 6 4 4 4 7 3 5 3 3 5 
135 ; 6.817e-09 ; True ; 1 24 118 161 175 228 314 372 420 464 692  ; 5 1 3 9 6 4 5 5 6 2 5 3 3 5 
135.1 ; 6.936e-09 ; True ; 1 24 118 161 248 314 372 464 524 692  ; 4 1 3 7 6 5 4 4 5 3 6 3 3 5 
136.5 ; 7.562e-09 ; True ; 1 24 161 175 228 248 314 372 420 464 692  ; 5 1 3 8 7 4 4 5 6 3 6 2 3 6 
136.6 ; 7.642e-09 ; True ; 1 24 161 175 228 248 314 372 464 692 731  ; 4 1 4 8 7 4 4 5 5 3 6 2 3 6 
137.6 ; 7.879e-09 ; True ; 1 118 161 175 248 314 372 420 464 692 859  ; 5 1 3 7 5 4 4 5 6 3 5 3 3 5 
138 ; 8.307e-09 ; True ; 1 24 118 161 175 314 372 420 464 606 692  ; 5 1 3 9 6 4 4 5 6 3 5 3 3 5 
140.9 ; 8.403e-09 ; True ; 1 24 118 161 175 248 314 372 420 464 692  ; 5 1 3 8 6 5 4 5 6 3 6 3 2 6 
142.9 ; 8.513e-09 ; True ; 1 24 118 161 175 248 314 372 420 692 859  ; 4 1 3 7 6 5 4 5 6 3 5 3 3 5 
143.2 ; 8.516e-09 ; True ; 1 24 118 161 175 314 372 420 606 692 731  ; 4 1 3 9 6 5 4 5 6 3 5 3 3 5 
143.2 ; 8.711e-09 ; True ; 1 161 175 314 372 420 464 524 606 607 692  ; 5 1 3 9 6 3 4 4 7 3 6 3 4 5 
143.6 ; 8.861e-09 ; True ; 1 24 175 248 314 372 464 515 524 607 692  ; 3 1 4 8 6 4 4 4 6 3 7 3 3 6 
143.8 ; 9.254e-09 ; True ; 1 24 148 175 248 314 372 464 524 692 731  ; 3 1 4 8 7 4 5 5 5 2 6 3 4 6 
145.5 ; 9.486e-09 ; True ; 1 24 175 228 248 314 372 464 524 692 731  ; 3 1 4 8 7 4 5 5 6 2 6 3 4 5 
145.6 ; 9.734e-09 ; True ; 1 14 24 175 248 314 372 464 524 584 692  ; 4 1 3 8 7 4 4 4 5 4 7 3 3 6 
145.7 ; 1.126e-08 ; True ; 1 14 24 175 248 314 372 464 524 692 731  ; 3 1 4 8 7 5 4 5 5 3 7 3 3 6 
146.9 ; 1.127e-08 ; True ; 1 24 175 248 314 372 464 524 584 692 731  ; 4 1 4 8 6 4 4 5 5 3 7 3 3 6 
149.6 ; 1.156e-08 ; True ; 1 24 175 248 314 372 464 524 606 692 731  ; 3 1 4 8 7 4 4 5 6 3 6 3 4 5 
151.1 ; 1.169e-08 ; True ; 1 161 175 248 314 372 420 464 524 692 859  ; 5 1 3 7 6 4 4 5 6 3 6 3 4 5 
151.6 ; 1.183e-08 ; True ; 1 14 24 175 248 314 372 420 464 524 692  ; 4 1 3 8 7 5 4 5 6 3 7 3 3 6 
152.6 ; 1.21e-08 ; True ; 1 24 161 175 314 372 420 464 524 606 692  ; 5 1 3 9 7 4 4 5 6 3 6 3 4 5 
153.5 ; 1.223e-08 ; True ; 1 24 161 175 248 314 372 464 524 692 859  ; 4 1 4 7 7 4 4 5 5 3 6 3 4 5 
153.7 ; 1.355e-08 ; True ; 1 24 161 175 248 314 372 464 524 692 731  ; 4 1 4 8 7 5 4 5 5 3 7 3 3 6 
158.4 ; 1.359e-08 ; True ; 1 24 118 161 314 372 420 464 524 606 692  ; 5 1 3 9 6 5 4 5 6 3 6 3 4 5 
159.7 ; 1.452e-08 ; True ; 1 24 118 161 175 228 314 372 420 464 606 692  ; 5 1 3 10 7 4 5 5 7 3 5 3 4 5 
160.8 ; 1.482e-08 ; True ; 1 24 118 161 175 314 372 420 464 606 607 692  ; 5 1 4 10 6 4 4 5 7 3 6 3 3 6 
164.4 ; 1.52e-08 ; True ; 1 118 161 175 248 314 372 420 464 606 692 859  ; 5 1 3 8 6 4 4 5 7 4 5 3 4 5 
165.7 ; 1.533e-08 ; True ; 1 24 107 248 314 372 464 524 584 692 731  ; 4 1 4 8 5 5 4 6 4 3 7 3 4 6 
165.9 ; 1.554e-08 ; True ; 1 24 161 175 228 248 314 372 420 464 692 731  ; 5 1 4 9 7 5 4 6 6 3 7 2 3 7 
166.3 ; 1.613e-08 ; True ; 1 24 118 148 161 175 248 314 372 420 464 692  ; 5 1 3 9 7 5 5 5 6 3 6 3 3 7 
166.6 ; 1.647e-08 ; True ; 1 24 107 161 175 248 314 372 464 524 692  ; 4 1 3 8 7 5 5 5 5 3 6 4 4 5 
167.5 ; 1.788e-08 ; True ; 1 24 118 161 175 248 314 372 420 464 606 692  ; 5 1 3 9 7 5 4 5 7 4 6 3 3 6 
170.2 ; 1.808e-08 ; True ; 1 24 175 248 314 372 464 524 584 607 692 731  ; 4 1 5 9 6 4 4 5 6 3 8 3 3 7 
170.7 ; 1.856e-08 ; True ; 1 24 118 161 175 248 314 372 464 606 692 731  ; 4 1 4 9 7 5 4 5 6 4 6 3 3 6 
170.9 ; 1.954e-08 ; True ; 1 24 175 228 248 314 372 464 515 524 692 731  ; 3 1 4 9 7 5 5 5 6 3 7 3 4 6 
172.9 ; 1.989e-08 ; True ; 1 24 175 248 314 372 464 515 524 692 731 747  ; 4 1 4 9 7 6 4 5 6 3 8 3 3 7 
173 ; 2.016e-08 ; True ; 1 24 175 248 314 372 464 524 584 692 731 747  ; 5 1 4 9 7 5 4 5 6 3 8 3 3 7 
175.5 ; 2.034e-08 ; True ; 1 161 175 248 314 372 420 464 524 607 692 859  ; 5 1 4 8 6 4 4 5 7 3 7 3 4 6 
175.9 ; 2.165e-08 ; True ; 1 14 24 175 248 314 372 464 524 606 692 731  ; 3 1 4 9 8 5 4 5 6 4 7 3 4 6 
177 ; 2.193e-08 ; True ; 1 24 175 248 314 372 464 524 584 606 692 731  ; 4 1 4 9 7 4 4 5 6 4 7 3 4 6 
177.7 ; 2.207e-08 ; True ; 1 24 175 248 314 372 464 524 606 692 731 747  ; 4 1 4 9 8 5 4 5 7 3 7 3 4 6 
177.9 ; 2.233e-08 ; True ; 1 24 161 175 248 314 372 420 464 524 607 692  ; 5 1 4 9 7 5 4 5 7 3 8 3 3 7 
178.1 ; 2.288e-08 ; True ; 1 24 148 161 175 248 314 372 464 524 692 731  ; 4 1 4 9 8 5 5 5 5 3 7 3 4 7 
178.7 ; 2.317e-08 ; True ; 1 24 161 175 228 248 314 372 420 464 524 692  ; 5 1 3 9 8 5 5 5 7 3 7 3 4 6 
178.8 ; 2.405e-08 ; True ; 1 24 161 175 228 248 314 372 464 524 692 731  ; 4 1 4 9 8 5 5 5 6 3 7 3 4 6 
182 ; 2.492e-08 ; True ; 1 24 175 248 314 372 420 464 524 606 692 731  ; 4 1 4 9 7 5 4 6 7 3 7 3 4 6 
182.7 ; 2.51e-08 ; True ; 1 24 161 175 248 314 372 420 464 524 606 692  ; 5 1 3 9 8 5 4 5 7 4 7 3 4 6 
182.9 ; 2.606e-08 ; True ; 1 24 161 175 248 314 372 464 524 606 692 731  ; 4 1 4 9 8 5 4 5 6 4 7 3 4 6 
188.1 ; 2.775e-08 ; True ; 1 14 24 107 175 248 314 372 464 524 692 731  ; 3 1 4 9 7 6 5 6 5 3 7 4 4 6 
189.2 ; 2.887e-08 ; True ; 1 24 107 175 248 314 372 464 524 584 692 731  ; 4 1 4 9 6 5 5 6 5 3 7 4 4 6 
191 ; 2.943e-08 ; True ; 1 24 107 161 175 248 314 372 464 524 607 692  ; 4 1 4 9 7 5 5 5 6 3 7 4 4 6 
191.2 ; 3.029e-08 ; True ; 1 24 118 161 175 228 248 314 372 420 464 606 692  ; 5 1 3 10 8 5 5 5 8 4 6 3 4 6 
195.1 ; 3.139e-08 ; True ; 1 24 118 161 175 228 314 372 420 464 606 692 731  ; 5 1 4 11 7 5 5 6 7 3 6 3 4 6 
195.3 ; 3.207e-08 ; True ; 1 24 118 161 175 228 248 314 372 464 606 692 731  ; 4 1 4 10 8 5 5 5 7 4 6 3 4 6 
197 ; 3.34e-08 ; True ; 1 24 107 161 175 248 314 372 464 524 692 731  ; 4 1 4 9 7 6 5 6 5 3 7 4 4 6 
199.9 ; 3.401e-08 ; True ; 1 24 118 161 175 248 314 372 420 464 606 692 859  ; 5 1 4 9 7 5 4 6 7 4 6 3 4 6 
201 ; 3.535e-08 ; True ; 1 24 118 161 175 248 314 372 420 464 606 692 731  ; 5 1 4 10 7 6 4 6 7 4 7 3 3 7 
202.5 ; 3.603e-08 ; True ; 1 24 148 161 175 248 314 372 464 524 607 692 731  ; 4 1 5 10 8 5 5 5 6 3 8 3 4 8 
203.1 ; 3.782e-08 ; True ; 1 24 161 175 228 248 314 372 420 464 524 607 692  ; 5 1 4 10 8 5 5 5 8 3 8 3 4 7 
206.4 ; 3.876e-08 ; True ; 1 118 161 175 248 314 372 420 464 524 607 692 859  ; 5 1 4 9 6 5 5 5 8 3 7 4 4 6 
206.9 ; 4.011e-08 ; True ; 1 24 118 161 175 314 372 420 464 524 606 607 692  ; 5 1 4 11 7 5 5 5 8 3 7 4 4 6 
208.1 ; 4.098e-08 ; True ; 1 24 161 175 248 314 372 420 464 524 606 607 692  ; 5 1 4 10 8 5 4 5 8 4 8 3 4 7 
208.3 ; 4.113e-08 ; True ; 1 24 161 175 228 248 314 372 464 524 584 692 731  ; 5 1 4 10 8 5 5 5 6 4 8 3 4 7 
209 ; 4.193e-08 ; True ; 1 24 161 175 228 248 314 372 464 524 606 692 731  ; 4 1 4 10 9 5 5 5 7 4 7 3 5 6 
211.3 ; 4.299e-08 ; True ; 1 14 24 175 248 314 372 420 464 524 606 692 731  ; 4 1 4 10 8 6 4 6 7 4 8 3 4 7 
212.1 ; 4.497e-08 ; True ; 1 24 161 175 228 248 314 372 420 464 524 692 731  ; 5 1 4 10 8 6 5 6 7 3 8 3 4 7 
214.5 ; 4.602e-08 ; True ; 1 24 118 161 175 248 314 372 420 464 524 606 692  ; 5 1 3 10 8 6 5 5 8 4 7 4 4 6 
215.5 ; 4.63e-08 ; True ; 1 24 107 175 248 314 372 464 524 584 607 692 731  ; 4 1 5 10 6 5 5 6 6 3 8 4 4 7 
216.1 ; 4.872e-08 ; True ; 1 24 161 175 248 314 372 420 464 524 606 692 731  ; 5 1 4 10 8 6 4 6 7 4 8 3 4 7 
219.3 ; 4.969e-08 ; True ; 1 24 107 175 248 314 372 464 524 584 692 731 747  ; 5 1 4 10 7 6 5 6 6 3 8 4 4 7 
222.2 ; 5.076e-08 ; True ; 1 14 24 107 161 175 248 314 372 464 524 607 692  ; 4 1 4 10 8 6 5 5 6 4 8 4 4 7 
223.1 ; 5.168e-08 ; True ; 1 24 107 161 175 248 314 372 464 524 606 607 692  ; 4 1 4 10 8 5 5 5 7 4 7 4 5 6 
223.3 ; 5.271e-08 ; True ; 1 24 107 175 248 314 372 464 524 584 606 692 731  ; 4 1 4 10 7 5 5 6 6 4 7 4 5 6 
223.4 ; 5.356e-08 ; True ; 1 24 107 161 175 248 314 372 464 524 607 692 731  ; 4 1 5 10 7 6 5 6 6 3 8 4 4 7 
225.2 ; 5.502e-08 ; True ; 1 24 107 161 175 248 314 372 420 464 524 607 692  ; 5 1 4 10 7 6 5 6 7 3 8 4 4 7 
228.4 ; 5.711e-08 ; True ; 1 24 107 161 175 248 314 372 464 524 584 692 731  ; 5 1 4 10 7 6 5 6 5 4 8 4 4 7 
230.2 ; 6.027e-08 ; True ; 1 24 107 161 175 248 314 372 464 524 606 692 731  ; 4 1 4 10 8 6 5 6 6 4 7 4 5 6 
233.3 ; 6.081e-08 ; True ; 1 24 107 161 175 248 314 372 420 464 524 692 731  ; 5 1 4 10 7 7 5 7 6 3 8 4 4 7 
234.3 ; 6.372e-08 ; True ; 1 24 161 175 228 248 314 372 420 464 524 606 607 692  ; 5 1 4 11 9 5 5 5 9 4 8 3 5 7 
235.3 ; 6.419e-08 ; True ; 1 24 161 175 228 248 314 372 464 524 606 607 692 731  ; 4 1 5 11 9 5 5 5 8 4 8 3 5 7 
238.4 ; 6.673e-08 ; True ; 1 24 161 175 228 248 314 372 420 464 524 607 692 731  ; 5 1 5 11 8 6 5 6 8 3 9 3 4 8 
241.2 ; 6.713e-08 ; True ; 1 24 118 161 175 314 372 420 464 524 606 607 692 859  ; 5 1 5 11 7 5 5 6 8 3 7 4 5 6 
242.3 ; 7.404e-08 ; True ; 1 24 118 161 175 248 314 372 420 464 524 606 607 692  ; 5 1 4 11 8 6 5 5 9 4 8 4 4 7 
244.3 ; 7.689e-08 ; True ; 1 24 161 175 228 248 314 372 420 464 524 606 692 731  ; 5 1 4 11 9 6 5 6 8 4 8 3 5 7 
249.8 ; 8.214e-08 ; True ; 1 24 118 161 175 248 314 372 420 464 524 606 692 859  ; 5 1 4 10 8 6 5 6 8 4 7 4 5 6 
251.5 ; 8.227e-08 ; True ; 1 24 107 175 248 314 372 464 524 584 606 607 692 731  ; 4 1 5 11 7 5 5 6 7 4 8 4 5 7 
251.9 ; 8.704e-08 ; True ; 1 24 118 161 175 248 314 372 420 464 524 606 692 731  ; 5 1 4 11 8 7 5 6 8 4 8 4 4 7 
256.7 ; 8.877e-08 ; True ; 1 24 107 161 175 248 314 372 464 524 584 607 692 731  ; 5 1 5 11 7 6 5 6 6 4 9 4 4 8 
258.5 ; 9.408e-08 ; True ; 1 24 107 161 175 248 314 372 464 524 606 607 692 731  ; 4 1 5 11 8 6 5 6 7 4 8 4 5 7 
259.4 ; 9.477e-08 ; True ; 1 24 107 161 175 248 314 372 420 464 524 606 607 692  ; 5 1 4 11 8 6 5 6 8 4 8 4 5 7 
263.6 ; 9.586e-08 ; True ; 1 24 107 175 248 314 372 420 464 524 584 606 692 731  ; 5 1 4 11 7 6 5 7 7 4 8 4 5 7 
266.2 ; 9.651e-08 ; True ; 1 24 107 161 175 248 314 372 464 524 606 692 731 747  ; 5 1 4 11 9 7 5 6 7 4 8 4 5 7 
266.3 ; 9.687e-08 ; True ; 1 24 107 161 175 248 314 372 420 464 524 606 692 859  ; 5 1 4 10 8 6 5 7 7 4 7 4 6 6 
267.6 ; 9.717e-08 ; True ; 1 24 107 161 175 248 314 372 420 464 524 584 692 731  ; 6 1 4 11 7 7 5 7 6 4 9 4 4 8 
268.4 ; 1.068e-07 ; True ; 1 24 107 161 175 248 314 372 420 464 524 606 692 731  ; 5 1 4 11 8 7 5 7 7 4 8 4 5 7 
272.6 ; 1.124e-07 ; True ; 1 24 161 175 228 248 314 372 420 464 524 606 607 692 731  ; 5 1 5 12 9 6 5 6 9 4 9 3 5 8 
280.4 ; 1.239e-07 ; True ; 1 24 118 161 175 248 314 372 420 464 524 606 607 692 859  ; 5 1 5 11 8 6 5 6 9 4 8 4 5 7 
281.6 ; 1.273e-07 ; True ; 1 24 118 161 175 248 314 372 420 464 524 606 607 692 731  ; 5 1 5 12 8 7 5 6 9 4 9 4 4 8 
282.4 ; 1.3e-07 ; True ; 1 24 118 161 175 228 248 314 372 420 464 524 606 692 731  ; 5 1 4 12 9 7 6 6 9 4 8 4 5 7 
288.7 ; 1.304e-07 ; True ; 1 24 118 161 175 248 314 372 420 464 524 584 606 692 731  ; 6 1 4 12 8 7 5 6 8 5 9 4 4 8 
289.7 ; 1.305e-07 ; True ; 1 24 107 161 175 248 314 372 464 471 524 606 607 692 731  ; 5 1 5 11 8 7 5 7 7 4 8 4 5 7 
290.2 ; 1.34e-07 ; True ; 1 107 161 175 228 248 314 372 420 464 524 606 607 692 731  ; 5 1 4 12 8 6 6 6 9 4 8 4 6 7 
291 ; 1.417e-07 ; True ; 1 24 118 161 175 248 314 372 420 464 524 606 692 731 859  ; 5 1 5 11 8 7 5 7 8 4 8 4 5 7 
296.5 ; 1.432e-07 ; True ; 1 24 107 161 175 248 314 372 464 524 606 607 692 731 747  ; 5 1 5 12 9 7 5 6 8 4 9 4 5 8 
297.5 ; 1.483e-07 ; True ; 1 24 107 161 175 248 314 372 420 464 524 606 607 692 859  ; 5 1 5 11 8 6 5 7 8 4 8 4 6 7 
298.5 ; 1.505e-07 ; True ; 1 24 107 118 161 175 248 314 372 420 464 524 606 607 692  ; 5 1 4 12 8 7 6 6 9 4 8 5 5 7 
298.7 ; 1.585e-07 ; True ; 1 24 107 161 175 248 314 372 420 464 524 606 607 692 731  ; 5 1 5 12 8 7 5 7 8 4 9 4 5 8 
305.7 ; 1.6e-07 ; True ; 1 24 107 161 175 248 314 372 420 464 524 584 606 692 731  ; 6 1 4 12 8 7 5 7 7 5 9 4 5 8 
307.5 ; 1.638e-07 ; True ; 1 24 107 161 175 248 314 372 420 464 524 606 692 731 859  ; 5 1 5 11 8 7 5 8 7 4 8 4 6 7 
313.6 ; 1.648e-07 ; True ; 1 24 107 161 175 248 314 317 372 420 464 524 606 692 731  ; 5 1 4 12 9 8 6 7 7 5 8 4 5 7 
315.6 ; 1.655e-07 ; True ; 1 24 148 161 175 248 314 372 420 464 524 606 607 692 731 859  ; 5 1 6 12 9 6 5 7 8 4 9 3 6 9 
316.8 ; 1.723e-07 ; True ; 1 24 107 161 175 248 314 372 420 464 524 606 692 731 829  ; 6 1 4 12 9 7 5 7 8 4 8 5 6 7 
319.1 ; 1.756e-07 ; True ; 1 24 118 161 175 248 314 372 420 464 524 606 607 692 731 823  ; 6 1 5 13 9 7 5 6 9 4 9 4 5 9 
320.2 ; 1.857e-07 ; True ; 1 24 118 161 175 248 314 372 420 464 524 584 606 607 692 859  ; 6 1 5 12 8 6 5 6 9 5 9 4 5 8 
320.4 ; 1.863e-07 ; True ; 1 24 118 161 175 248 314 372 420 464 524 584 606 607 692 731  ; 6 1 5 13 8 7 5 6 9 5 10 4 4 9 
321 ; 1.873e-07 ; True ; 1 24 161 175 228 248 314 372 420 464 524 606 607 692 731 829  ; 6 1 5 13 10 6 5 6 10 4 9 4 6 8 
323.6 ; 1.99e-07 ; True ; 1 24 118 161 175 248 314 372 420 464 524 606 607 692 731 859  ; 5 1 6 12 8 7 5 7 9 4 9 4 5 8 
329.5 ; 2.072e-07 ; True ; 1 24 107 161 175 228 248 314 372 420 464 524 606 607 692 859  ; 5 1 5 12 9 6 6 7 9 4 8 4 7 7 
330.8 ; 2.123e-07 ; True ; 1 24 118 161 175 248 314 372 420 464 524 584 606 692 731 859  ; 6 1 5 12 8 7 5 7 8 5 9 4 5 8 
336.7 ; 2.136e-07 ; True ; 1 14 24 107 161 175 248 314 372 420 464 524 584 607 692 859  ; 6 1 5 12 8 7 5 7 7 5 10 4 5 9 
338 ; 2.32e-07 ; True ; 1 24 107 161 175 248 314 372 420 464 524 584 606 607 692 731  ; 6 1 5 13 8 7 5 7 8 5 10 4 5 9 
340.6 ; 2.333e-07 ; True ; 1 24 107 161 175 248 314 372 420 464 524 606 607 692 731 859  ; 5 1 6 12 8 7 5 8 8 4 9 4 6 8 
341.8 ; 2.47e-07 ; True ; 1 24 107 118 161 175 248 314 372 420 464 524 606 607 692 731  ; 5 1 5 13 8 8 6 7 9 4 9 5 5 8 
349 ; 2.519e-07 ; True ; 1 24 107 161 175 248 314 372 420 464 524 606 607 692 731 829  ; 6 1 5 13 9 7 5 7 9 4 9 5 6 8 
353.9 ; 2.532e-07 ; True ; 1 24 107 161 175 248 314 372 420 437 464 524 606 607 692 731  ; 5 1 6 12 8 7 6 7 8 4 9 5 5 8 
355.2 ; 2.56e-07 ; True ; 1 24 107 161 175 248 314 317 372 420 464 524 607 692 731 829  ; 6 1 5 13 9 8 6 7 8 4 9 5 5 8 
359.8 ; 2.572e-07 ; True ; 1 24 107 161 175 248 314 372 420 464 524 606 692 731 829 859  ; 6 1 5 12 9 7 5 8 8 4 8 5 7 7 
360.8 ; 2.617e-07 ; True ; 1 24 107 161 175 248 314 372 420 437 464 524 606 692 731 859  ; 5 1 6 11 8 7 6 8 7 4 8 5 6 7 
363 ; 2.639e-07 ; True ; 1 24 118 161 175 248 314 372 420 464 524 606 607 692 731 823 859  ; 6 1 6 13 9 7 5 7 9 4 9 4 6 9 
364.9 ; 2.647e-07 ; True ; 1 24 107 161 175 248 314 317 372 420 464 524 692 731 829 859  ; 6 1 5 12 9 8 6 8 7 4 8 5 6 7 
365.3 ; 2.912e-07 ; True ; 1 24 118 161 175 248 314 372 420 464 524 584 606 607 692 731 859  ; 6 1 6 13 8 7 5 7 9 5 10 4 5 9 
372.7 ; 2.93e-07 ; True ; 1 24 107 161 175 248 314 372 420 464 480 524 606 607 692 859  ; 5 1 5 12 9 7 6 7 9 5 8 5 6 7 
375.9 ; 3.074e-07 ; True ; 1 24 107 161 175 248 314 372 420 464 480 524 606 607 692 731  ; 5 1 5 13 9 8 6 7 9 5 9 5 5 8 
376.8 ; 3.128e-07 ; True ; 1 24 118 161 175 248 314 372 420 464 524 606 607 692 731 829 859  ; 6 1 6 13 9 7 5 7 10 4 9 5 6 8 
382.9 ; 3.224e-07 ; True ; 1 24 107 161 175 248 314 372 420 464 480 524 606 692 731 859  ; 5 1 5 12 9 8 6 8 8 5 8 5 6 7 
385.4 ; 3.237e-07 ; True ; 1 24 107 161 175 248 314 372 420 464 524 606 607 692 731 747 859  ; 6 1 6 13 9 8 5 8 9 4 10 4 6 9 
387.4 ; 3.246e-07 ; True ; 1 24 107 161 175 228 248 314 372 420 464 524 606 607 692 845 859  ; 6 1 5 13 10 7 6 7 9 5 8 4 7 8 
391.3 ; 3.28e-07 ; True ; 1 24 107 161 175 248 314 317 372 420 464 515 524 606 607 692 859  ; 5 1 5 13 9 8 6 7 8 6 9 4 6 8 
391.5 ; 3.6e-07 ; True ; 1 24 107 161 175 248 314 317 372 420 464 524 606 607 692 731 859  ; 5 1 6 13 9 8 6 8 8 5 9 4 6 8 
394.9 ; 3.611e-07 ; True ; 1 24 107 161 175 248 314 372 420 464 524 606 607 692 731 829 859  ; 6 1 6 13 9 7 5 8 9 4 9 5 7 8 
397 ; 3.659e-07 ; True ; 1 24 107 161 175 248 314 317 372 420 464 524 584 607 692 731 829  ; 7 1 5 14 9 8 6 7 8 5 10 5 5 9 
406.3 ; 3.671e-07 ; True ; 1 107 118 161 175 248 314 372 420 437 464 524 584 606 692 731 859  ; 6 1 5 12 7 7 7 7 8 5 8 6 6 7 
407.5 ; 3.77e-07 ; True ; 1 24 107 161 175 248 314 372 420 437 464 524 606 692 731 747 859  ; 6 1 6 12 9 8 6 8 8 4 9 5 6 8 
410 ; 3.916e-07 ; True ; 1 24 107 144 161 175 248 314 372 420 464 524 584 607 692 731 829  ; 7 1 5 14 9 8 6 7 9 5 10 5 5 9 
411.1 ; 3.954e-07 ; True ; 1 24 118 161 175 248 314 372 420 464 480 524 584 606 692 731 859  ; 6 1 5 13 9 8 6 7 9 6 9 5 5 8 
415.6 ; 4.163e-07 ; True ; 1 24 107 161 175 228 248 314 372 420 464 480 524 607 692 731 859  ; 5 1 6 13 9 8 7 8 9 4 9 5 6 8 
421.1 ; 4.525e-07 ; True ; 1 14 24 118 161 175 248 314 372 420 464 524 606 607 692 731 829 859  ; 6 1 6 14 10 8 5 7 10 5 10 5 6 9 
421.8 ; 4.526e-07 ; True ; 1 24 107 161 175 248 314 372 420 464 480 524 606 607 692 731 859  ; 5 1 6 13 9 8 6 8 9 5 9 5 6 8 
429.1 ; 4.638e-07 ; True ; 1 24 107 161 175 248 314 372 420 464 480 524 584 606 692 731 859  ; 6 1 5 13 9 8 6 8 8 6 9 5 6 8 
436.6 ; 5.053e-07 ; True ; 1 24 107 161 175 248 314 372 420 464 524 528 584 606 607 692 731 859  ; 6 1 6 14 9 7 6 8 9 5 10 5 6 9 
441.6 ; 5.129e-07 ; True ; 1 24 107 161 175 228 248 314 372 420 464 524 584 606 692 731 829 859  ; 7 1 5 14 10 7 6 8 9 5 9 5 8 8 
453.2 ; 5.133e-07 ; True ; 1 24 107 161 228 248 314 317 372 420 464 524 606 607 692 731 829 859  ; 6 1 6 14 10 8 6 8 9 5 9 4 8 8 
459.5 ; 5.16e-07 ; True ; 1 24 107 161 228 248 314 372 420 464 524 584 606 607 692 731 735 829  ; 7 1 6 14 9 7 5 8 9 5 10 5 7 9 
462.8 ; 5.381e-07 ; True ; 1 24 107 161 175 248 314 372 420 464 480 524 606 607 692 731 839 859  ; 5 1 6 14 10 8 6 8 9 6 9 5 6 8 
468.4 ; 5.566e-07 ; True ; 1 24 107 161 228 248 314 372 420 437 464 524 584 606 692 731 829 859  ; 7 1 6 13 9 7 6 8 8 5 9 5 8 8 
472.4 ; 5.992e-07 ; True ; 1 24 118 161 175 248 253 314 372 420 464 480 524 606 692 731 829 859  ; 6 1 5 14 10 8 6 8 10 6 9 6 6 8 
474 ; 6.141e-07 ; True ; 1 24 107 161 175 248 314 372 420 463 464 480 524 606 607 692 731 859  ; 5 1 6 14 9 9 6 8 9 6 10 5 6 9 
479.5 ; 6.234e-07 ; True ; 1 24 107 161 175 228 248 314 372 420 464 480 524 607 692 731 845 859  ; 6 1 6 14 10 9 7 8 9 5 9 5 6 9 
479.9 ; 6.514e-07 ; True ; 1 24 107 161 175 248 314 372 420 464 480 524 584 607 692 731 829 859  ; 7 1 6 14 9 8 6 8 9 5 10 6 6 9 
481.9 ; 6.626e-07 ; True ; 1 24 107 161 175 248 314 372 420 464 480 524 606 607 692 731 829 859  ; 6 1 6 14 10 8 6 8 10 5 9 6 7 8 
495.1 ; 6.665e-07 ; True ; 1 24 107 161 175 248 314 372 420 464 480 524 584 606 692 731 735 859  ; 6 1 6 13 9 8 6 9 8 6 9 6 6 8 
500.4 ; 6.884e-07 ; True ; 1 24 107 161 248 314 317 372 420 464 480 524 606 607 692 731 829 859  ; 6 1 6 14 10 9 6 8 9 6 9 5 7 8 
511.4 ; 7.128e-07 ; True ; 1 24 107 148 161 228 248 314 372 420 437 464 524 584 606 692 731 829 859  ; 7 1 6 14 10 7 7 8 8 5 9 5 9 9 
513 ; 7.153e-07 ; True ; 1 24 95 118 161 175 248 314 372 420 464 524 606 607 692 731 829 845 859  ; 7 1 6 15 11 9 6 7 10 5 9 6 7 9 
517 ; 7.836e-07 ; True ; 1 24 107 161 175 228 253 314 372 420 464 480 524 606 607 692 731 747 859  ; 6 1 6 16 10 8 7 9 10 5 10 5 7 9 
521.1 ; 8.36e-07 ; True ; 1 24 107 161 175 228 248 314 317 372 420 464 480 524 606 607 692 731 859  ; 5 1 6 15 11 9 8 8 10 6 9 5 7 8 
541.3 ; 8.658e-07 ; True ; 1 24 107 161 228 248 314 372 420 463 464 480 524 606 607 692 731 829 859  ; 6 1 6 15 10 9 6 8 10 6 10 5 8 9 
549.8 ; 8.864e-07 ; True ; 1 24 107 161 175 248 314 372 420 464 480 524 584 607 692 731 735 829 859  ; 7 1 7 14 9 8 6 9 9 5 10 7 6 9 
558.9 ; 8.933e-07 ; True ; 1 24 107 161 228 248 314 372 420 464 480 524 606 607 692 731 735 845 859  ; 6 1 7 14 10 9 6 9 9 6 9 5 7 9 
572.6 ; 9.85e-07 ; True ; 1 24 107 161 175 248 314 372 420 464 480 524 606 607 692 731 829 835 859  ; 6 1 7 14 10 8 6 9 10 5 10 7 7 9 
589.3 ; 1.07e-06 ; True ; 1 24 107 161 175 248 314 372 420 464 480 524 606 607 692 731 747 770 846 859  ; 7 1 6 16 10 9 7 9 10 5 11 6 7 10 
615.3 ; 1.1e-06 ; True ; 1 24 107 118 161 175 248 314 372 420 464 480 524 606 607 653 692 731 735 859  ; 5 1 7 14 9 9 7 9 11 5 9 8 7 8 
615.8 ; 1.128e-06 ; True ; 1 24 107 161 228 248 314 372 420 437 480 524 584 606 607 692 731 747 829 859  ; 7 1 6 15 11 9 7 7 11 6 10 6 8 9 
620.7 ; 1.257e-06 ; True ; 1 24 107 161 228 248 314 317 372 420 464 480 524 606 607 692 731 735 829 859  ; 6 1 7 15 11 9 7 9 10 6 9 6 8 8 
657 ; 1.309e-06 ; True ; 1 24 118 161 228 245 248 314 317 372 420 464 524 606 607 692 731 829 835 845 859  ; 7 1 7 15 12 9 7 8 11 6 10 5 8 10 
664.9 ; 1.353e-06 ; True ; 1 24 107 161 228 248 314 372 420 464 480 524 606 607 692 731 829 835 845 846  ; 7 1 6 16 11 9 7 8 10 6 10 7 8 10 
677 ; 1.408e-06 ; True ; 1 24 107 161 228 245 248 314 372 420 464 480 524 606 607 692 731 747 770 835 859  ; 7 1 7 15 11 9 7 10 11 5 12 5 8 11 
691.1 ; 1.584e-06 ; True ; 1 24 107 161 175 248 314 317 372 420 464 480 524 606 607 692 731 747 800 829 859  ; 7 1 6 17 12 10 8 8 11 6 10 7 8 9 
732.9 ; 1.656e-06 ; True ; 1 24 107 161 228 248 314 372 420 464 480 524 606 607 653 692 731 735 835 845 859  ; 6 1 8 14 10 9 6 10 10 6 10 7 8 10 
734.5 ; 1.796e-06 ; True ; 1 24 107 161 203 228 248 253 314 317 372 420 437 464 480 524 607 692 731 747 829 859  ; 7 1 7 17 12 10 8 10 10 6 11 6 7 10 
745.5 ; 1.844e-06 ; True ; 1 24 118 161 175 228 248 314 372 420 464 480 524 606 607 692 731 820 829 835 845 859  ; 7 1 7 16 12 9 7 8 13 7 10 7 7 10 
784.7 ; 2.068e-06 ; True ; 1 24 107 161 228 248 314 317 372 420 437 464 480 524 577 606 607 692 731 829 835 859  ; 7 1 8 15 11 9 8 9 10 6 10 7 8 10 
786.5 ; 2.081e-06 ; True ; 1 24 107 161 175 228 314 372 420 437 464 480 524 584 597 606 692 731 829 835 845 859  ; 8 1 7 17 11 8 9 9 10 6 10 8 8 9 
849.4 ; 2.251e-06 ; True ; 1 66 107 161 248 253 314 372 420 437 464 480 524 606 607 692 731 747 835 845 859 861  ; 7 1 7 15 9 9 7 9 10 8 11 7 8 11 
865.2 ; 2.506e-06 ; True ; 1 4 24 107 161 175 228 248 314 317 372 420 437 480 524 606 607 692 731 735 829 845 859  ; 6 1 8 17 13 10 9 9 12 7 8 8 8 8 
960 ; 2.517e-06 ; True ; 1 66 107 161 205 248 253 311 314 372 420 437 464 480 524 606 607 692 731 747 770 835 845 859  ; 9 1 7 17 9 10 6 10 11 8 12 7 7 13 


RUN 7:
Optimum Distance: 15.16
Optimal Team: 118,161,372,859,
Required Skills: 0 1 4 5 9 10 11 12 14 15 16 18 23 24 
Distance; Skill Score; isValid; Team; Skill Counts
17.13 ; 3.403e-14 ; True ; 1 118 314 372  ; 1 1 1 2 1 1 2 2 2 1 1 1 1 1 
18.63 ; 5.537e-14 ; True ; 161 369 372 692  ; 2 1 1 3 2 1 1 2 1 1 1 1 1 2 
18.81 ; 1.996e-13 ; True ; 1 161 372 692  ; 2 1 1 3 2 1 1 2 1 2 2 1 1 2 
19.54 ; 2.342e-13 ; True ; 24 248 372 692  ; 1 1 1 2 3 2 1 2 2 1 2 1 1 2 
20.7 ; 2.354e-13 ; True ; 1 372 420 524  ; 1 1 1 3 1 2 1 3 2 1 3 1 1 2 
21.56 ; 2.395e-13 ; True ; 24 161 372 692  ; 2 1 1 3 3 2 1 2 1 1 2 1 1 2 
21.56 ; 2.848e-13 ; True ; 1 161 372 524  ; 1 1 1 3 2 2 1 2 1 2 3 1 1 2 
22.79 ; 4.009e-13 ; True ; 1 372 524 692  ; 1 1 1 3 2 1 2 2 2 1 2 2 2 1 
22.84 ; 4.228e-13 ; True ; 118 161 372 420 859  ; 2 1 1 3 1 3 1 3 2 1 2 1 1 2 
24.67 ; 5.853e-13 ; True ; 1 118 161 372 606  ; 1 1 1 4 2 2 1 2 2 3 2 1 1 2 
25.33 ; 1.341e-12 ; True ; 1 118 161 314 372  ; 2 1 1 3 2 2 2 2 2 2 2 1 1 2 
27.44 ; 2.569e-12 ; True ; 1 118 161 372 692  ; 2 1 1 4 2 2 2 2 2 2 2 2 1 2 
27.57 ; 2.629e-12 ; True ; 1 161 372 420 692  ; 3 1 1 4 2 2 1 3 2 2 3 1 1 3 
30.14 ; 3.018e-12 ; True ; 1 18 118 161 372 420  ; 2 1 1 4 1 3 1 3 2 2 3 2 1 3 
31.25 ; 3.336e-12 ; True ; 1 161 372 420 524  ; 2 1 1 4 2 3 1 3 2 2 4 1 1 3 
31.55 ; 3.653e-12 ; True ; 1 314 372 420 524  ; 2 1 1 3 2 2 2 3 3 1 3 1 2 2 
32.41 ; 4.469e-12 ; True ; 1 161 314 372 524  ; 2 1 1 3 3 2 2 2 2 2 3 1 2 2 
33.34 ; 5.685e-12 ; True ; 1 118 161 372 420 606  ; 2 1 1 5 2 3 1 3 3 3 3 1 1 3 
34.33 ; 7.454e-12 ; True ; 1 118 161 228 372 420  ; 2 1 1 5 2 3 2 3 3 2 3 1 1 3 
34.92 ; 9.973e-12 ; True ; 1 118 161 314 372 420  ; 3 1 1 4 2 3 2 3 3 2 3 1 1 3 
37.09 ; 1.88e-11 ; True ; 1 118 161 372 420 692  ; 3 1 1 5 2 3 2 3 3 2 3 2 1 3 
39.37 ; 2.084e-11 ; True ; 1 161 314 372 420 692  ; 4 1 1 4 3 2 2 3 3 2 3 1 2 3 
42.57 ; 2.125e-11 ; True ; 1 118 161 372 420 524  ; 2 1 1 5 2 4 2 3 3 2 4 2 1 3 
42.88 ; 2.81e-11 ; True ; 1 24 248 314 372 692  ; 2 1 2 3 4 2 2 3 3 2 3 1 2 3 
45.02 ; 2.961e-11 ; True ; 1 161 314 372 420 524  ; 3 1 1 4 3 3 2 3 3 2 4 1 2 3 
46.43 ; 3.113e-11 ; True ; 1 314 372 420 524 692  ; 3 1 1 4 3 2 3 3 4 1 3 2 3 2 
47.22 ; 3.303e-11 ; True ; 1 118 161 175 372 420 606  ; 2 1 1 6 3 3 2 3 4 3 3 2 1 3 
47.29 ; 3.849e-11 ; True ; 1 161 314 372 524 692  ; 3 1 1 4 4 2 3 2 3 2 3 2 3 2 
47.84 ; 4.37e-11 ; True ; 1 118 161 175 314 372 420  ; 3 1 1 5 3 3 3 3 4 2 3 2 1 3 
48.11 ; 5.581e-11 ; True ; 1 161 372 420 524 692  ; 3 1 1 5 3 3 2 3 3 2 4 2 2 3 
50.01 ; 6.155e-11 ; True ; 1 118 161 175 372 420 692  ; 3 1 1 6 3 3 3 3 4 2 3 3 1 3 
51.21 ; 8.421e-11 ; True ; 1 118 161 372 420 606 692  ; 3 1 1 6 3 3 2 3 4 3 3 2 2 3 
51.81 ; 9.949e-11 ; True ; 1 118 161 314 372 420 692  ; 4 1 1 5 3 3 3 3 4 2 3 2 2 3 
54.64 ; 1.066e-10 ; True ; 1 24 175 248 314 372 692  ; 2 1 2 4 5 2 3 3 4 2 3 2 2 3 
55.91 ; 1.11e-10 ; True ; 1 118 161 314 372 464 692  ; 4 1 2 5 3 2 3 3 3 2 3 2 2 3 
55.91 ; 1.149e-10 ; True ; 1 24 161 175 314 372 692  ; 3 1 2 5 5 2 3 3 3 2 3 2 2 3 
59.26 ; 1.259e-10 ; True ; 1 118 161 314 372 420 524  ; 3 1 1 5 3 4 3 3 4 2 4 2 2 3 
59.53 ; 1.468e-10 ; True ; 1 24 118 161 314 372 692  ; 3 1 2 5 4 3 3 3 3 2 3 2 2 3 
62.42 ; 1.774e-10 ; True ; 1 118 161 372 420 524 692  ; 3 1 1 6 3 4 3 3 4 2 4 3 2 3 
62.88 ; 1.995e-10 ; True ; 1 161 314 372 420 524 692  ; 4 1 1 5 4 3 3 3 4 2 4 2 3 3 
63.83 ; 2.315e-10 ; True ; 1 248 314 372 464 524 692  ; 3 1 2 4 4 2 3 3 4 2 4 2 3 3 
65.59 ; 2.59e-10 ; True ; 1 24 248 314 372 524 692  ; 2 1 2 4 5 3 3 3 4 2 4 2 3 3 
66.86 ; 2.875e-10 ; True ; 1 161 175 314 372 420 607 692  ; 4 1 2 6 4 2 3 3 5 2 4 2 2 4 
67.18 ; 2.921e-10 ; True ; 1 161 175 314 372 420 692 859  ; 4 1 2 5 4 2 3 4 4 2 3 2 3 3 
68.24 ; 2.943e-10 ; True ; 1 118 161 372 420 606 607 692  ; 3 1 2 7 3 3 2 3 5 3 4 2 2 4 
68.7 ; 3.539e-10 ; True ; 1 118 161 314 372 420 692 859  ; 4 1 2 5 3 3 3 4 4 2 3 2 3 3 
70.19 ; 4.109e-10 ; True ; 1 24 175 248 314 372 464 692  ; 3 1 3 5 5 2 3 4 4 2 4 2 2 4 
71.32 ; 4.232e-10 ; True ; 1 24 175 248 314 372 692 731  ; 2 1 3 5 5 3 3 4 4 2 4 2 2 4 
71.43 ; 4.275e-10 ; True ; 1 118 161 314 372 420 464 692  ; 5 1 2 6 3 3 3 4 4 2 4 2 2 4 
73.41 ; 4.695e-10 ; True ; 1 24 161 175 314 372 420 692  ; 4 1 2 6 5 3 3 4 4 2 4 2 2 4 
74.25 ; 4.706e-10 ; True ; 1 24 161 175 248 314 372 692  ; 3 1 2 5 6 3 3 3 4 3 4 2 2 4 
75.92 ; 5.345e-10 ; True ; 1 24 118 161 314 372 420 692  ; 4 1 2 6 4 4 3 4 4 2 4 2 2 4 
78.56 ; 5.424e-10 ; True ; 1 175 248 314 372 464 524 692  ; 3 1 2 5 5 2 4 3 5 2 4 3 3 3 
78.77 ; 5.529e-10 ; True ; 1 161 175 314 372 464 524 692  ; 4 1 2 6 5 2 4 3 4 2 4 3 3 3 
79.74 ; 6.313e-10 ; True ; 1 161 314 372 420 524 692 859  ; 4 1 2 5 4 3 3 4 4 2 4 2 4 3 
80.41 ; 6.563e-10 ; True ; 1 161 314 372 420 524 607 692  ; 4 1 2 6 4 3 3 3 5 2 5 2 3 4 
81.68 ; 7.039e-10 ; True ; 1 161 175 372 420 464 524 692  ; 4 1 2 7 4 3 3 4 4 2 5 3 2 4 
82.49 ; 8.056e-10 ; True ; 1 161 314 372 420 464 524 692  ; 5 1 2 6 4 3 3 4 4 2 5 2 3 4 
83.13 ; 9.38e-10 ; True ; 1 24 248 314 372 464 524 692  ; 3 1 3 5 5 3 3 4 4 2 5 2 3 4 
85.63 ; 9.437e-10 ; True ; 24 175 248 314 372 464 515 692 731  ; 3 1 3 6 5 4 3 4 4 2 5 2 2 5 
85.72 ; 9.946e-10 ; True ; 14 24 175 248 314 372 464 692 731  ; 3 1 3 6 6 4 3 4 4 2 5 2 2 5 
86.34 ; 1.049e-09 ; True ; 1 118 161 175 314 372 420 464 692  ; 5 1 2 7 4 3 4 4 5 2 4 3 2 4 
87.65 ; 1.058e-09 ; True ; 1 118 161 175 372 420 464 606 692  ; 4 1 2 8 4 3 3 4 5 3 4 3 2 4 
88.64 ; 1.183e-09 ; True ; 1 14 24 175 248 314 372 464 692  ; 3 1 3 6 6 3 3 4 4 3 5 2 2 5 
88.82 ; 1.195e-09 ; True ; 1 24 175 248 314 372 464 692 731  ; 3 1 4 6 5 3 3 5 4 2 5 2 2 5 
90.37 ; 1.212e-09 ; True ; 1 118 161 314 372 420 464 606 692  ; 5 1 2 7 4 3 3 4 5 3 4 2 3 4 
91.28 ; 1.236e-09 ; True ; 1 161 175 248 314 372 420 464 692  ; 5 1 2 6 5 3 3 4 5 3 5 2 2 5 
91.77 ; 1.244e-09 ; True ; 1 24 118 161 175 314 372 420 692  ; 4 1 2 7 5 4 4 4 5 2 4 3 2 4 
92.75 ; 1.424e-09 ; True ; 1 24 161 175 248 314 372 464 692  ; 4 1 3 6 6 3 3 4 4 3 5 2 2 5 
94.87 ; 1.437e-09 ; True ; 1 24 118 161 314 372 420 606 692  ; 4 1 2 7 5 4 3 4 5 3 4 2 3 4 
94.88 ; 1.463e-09 ; True ; 1 24 161 175 248 314 372 692 731  ; 3 1 3 6 6 4 3 4 4 3 5 2 2 5 
97.23 ; 1.468e-09 ; True ; 1 161 175 314 372 420 524 607 692  ; 4 1 2 7 5 3 4 3 6 2 5 3 3 4 
97.56 ; 1.471e-09 ; True ; 1 161 175 314 372 420 524 692 859  ; 4 1 2 6 5 3 4 4 5 2 4 3 4 3 
98.71 ; 1.568e-09 ; True ; 1 24 118 161 248 314 372 420 692  ; 4 1 2 6 5 5 3 4 5 3 5 2 2 5 
99.31 ; 1.875e-09 ; True ; 1 161 175 314 372 420 464 524 692  ; 5 1 2 7 5 3 4 4 5 2 5 3 3 4 
99.79 ; 2.121e-09 ; True ; 1 24 175 248 314 372 464 524 692  ; 3 1 3 6 6 3 4 4 5 2 5 3 3 4 
102.7 ; 2.134e-09 ; True ; 1 118 161 314 372 420 464 524 692  ; 5 1 2 7 4 4 4 4 5 2 5 3 3 4 
103 ; 2.159e-09 ; True ; 1 24 161 175 314 372 464 524 692  ; 4 1 3 7 6 3 4 4 4 2 5 3 3 4 
103.5 ; 2.315e-09 ; True ; 1 14 24 248 314 372 464 524 692  ; 3 1 3 6 6 4 3 4 4 3 6 2 3 5 
103.8 ; 2.34e-09 ; True ; 1 24 248 314 372 464 524 692 731  ; 3 1 4 6 5 4 3 5 4 2 6 2 3 5 
106.7 ; 2.355e-09 ; True ; 1 118 161 175 372 420 464 606 607 692  ; 4 1 3 9 4 3 3 4 6 3 5 3 2 5 
106.9 ; 2.42e-09 ; True ; 1 161 248 314 372 420 464 524 692  ; 5 1 2 6 5 4 3 4 5 3 6 2 3 5 
107 ; 2.561e-09 ; True ; 1 24 175 228 248 314 372 464 515 692  ; 3 1 3 7 6 3 4 4 5 3 5 2 3 5 
107.2 ; 2.71e-09 ; True ; 1 118 161 175 314 372 420 464 606 692  ; 5 1 2 8 5 3 4 4 6 3 4 3 3 4 
108.1 ; 2.727e-09 ; True ; 1 24 175 228 248 314 372 464 692 731  ; 3 1 4 7 6 3 4 5 5 2 5 2 3 5 
108.3 ; 2.836e-09 ; True ; 1 14 24 175 248 314 372 464 692 731  ; 3 1 4 7 6 4 3 5 4 3 6 2 2 6 
111.1 ; 3.189e-09 ; True ; 1 24 161 175 228 248 314 372 464 692  ; 4 1 3 7 7 3 4 4 5 3 5 2 3 5 
114.3 ; 3.276e-09 ; True ; 1 24 161 175 228 248 314 372 692 731  ; 3 1 3 7 7 4 4 4 5 3 5 2 3 5 
114.3 ; 3.317e-09 ; True ; 1 24 118 161 175 314 372 420 464 692  ; 5 1 3 8 5 4 4 5 5 2 5 3 2 5 
115.3 ; 3.414e-09 ; True ; 1 24 161 175 248 314 372 464 692 731  ; 4 1 4 7 6 4 3 5 4 3 6 2 2 6 
116.2 ; 3.514e-09 ; True ; 1 24 161 175 248 314 372 420 464 692  ; 5 1 3 7 6 4 3 5 5 3 6 2 2 6 
116.6 ; 3.772e-09 ; True ; 1 24 118 161 175 248 314 372 464 692  ; 4 1 3 7 6 4 4 4 5 3 5 3 2 5 
118.8 ; 4.016e-09 ; True ; 1 161 175 314 372 420 464 524 607 692  ; 5 1 3 8 5 3 4 4 6 2 6 3 3 5 
119.2 ; 4.041e-09 ; True ; 1 24 175 248 314 372 464 524 607 692  ; 3 1 4 7 6 3 4 4 6 2 6 3 3 5 
120.2 ; 4.054e-09 ; True ; 14 24 175 248 314 372 464 524 692 731  ; 3 1 3 7 7 5 4 4 5 2 6 3 3 5 
121 ; 4.175e-09 ; True ; 1 161 175 314 372 420 464 524 692 859  ; 5 1 3 7 5 3 4 5 5 2 5 3 4 4 
121.6 ; 4.284e-09 ; True ; 1 161 175 248 314 372 464 524 607 692  ; 4 1 3 7 6 3 4 3 6 3 6 3 3 5 
122.1 ; 5.131e-09 ; True ; 1 14 24 175 248 314 372 464 524 692  ; 3 1 3 7 7 4 4 4 5 3 6 3 3 5 
122.4 ; 5.282e-09 ; True ; 1 24 175 248 314 372 464 524 692 731  ; 3 1 4 7 6 4 4 5 5 2 6 3 3 5 
126.3 ; 5.551e-09 ; True ; 1 24 175 248 314 372 420 464 524 692  ; 4 1 3 7 6 4 4 5 6 2 6 3 3 5 
127.1 ; 6.176e-09 ; True ; 1 24 161 175 248 314 372 464 524 692  ; 4 1 3 7 7 4 4 4 5 3 6 3 3 5 
129.5 ; 6.349e-09 ; True ; 1 14 24 175 228 248 314 372 464 692 731  ; 3 1 4 8 7 4 4 5 5 3 6 2 3 6 
134.5 ; 6.749e-09 ; True ; 1 24 118 161 175 314 372 420 606 607 692  ; 4 1 3 9 6 4 4 4 7 3 5 3 3 5 
135.1 ; 6.936e-09 ; True ; 1 24 118 161 248 314 372 464 524 692  ; 4 1 3 7 6 5 4 4 5 3 6 3 3 5 
136.5 ; 7.562e-09 ; True ; 1 24 161 175 228 248 314 372 420 464 692  ; 5 1 3 8 7 4 4 5 6 3 6 2 3 6 
136.6 ; 7.642e-09 ; True ; 1 24 161 175 228 248 314 372 464 692 731  ; 4 1 4 8 7 4 4 5 5 3 6 2 3 6 
137.6 ; 7.879e-09 ; True ; 1 118 161 175 248 314 372 420 464 692 859  ; 5 1 3 7 5 4 4 5 6 3 5 3 3 5 
138 ; 8.307e-09 ; True ; 1 24 118 161 175 314 372 420 464 606 692  ; 5 1 3 9 6 4 4 5 6 3 5 3 3 5 
140.9 ; 8.403e-09 ; True ; 1 24 118 161 175 248 314 372 420 464 692  ; 5 1 3 8 6 5 4 5 6 3 6 3 2 6 
142.9 ; 8.455e-09 ; True ; 1 24 148 175 248 314 372 464 524 584 692  ; 4 1 3 8 7 3 5 4 5 3 6 3 4 6 
142.9 ; 8.513e-09 ; True ; 1 24 118 161 175 248 314 372 420 692 859  ; 4 1 3 7 6 5 4 5 6 3 5 3 3 5 
143.2 ; 8.516e-09 ; True ; 1 24 118 161 175 314 372 420 606 692 731  ; 4 1 3 9 6 5 4 5 6 3 5 3 3 5 
143.2 ; 8.711e-09 ; True ; 1 161 175 314 372 420 464 524 606 607 692  ; 5 1 3 9 6 3 4 4 7 3 6 3 4 5 
143.6 ; 8.861e-09 ; True ; 1 24 175 248 314 372 464 515 524 607 692  ; 3 1 4 8 6 4 4 4 6 3 7 3 3 6 
143.8 ; 9.254e-09 ; True ; 1 24 148 175 248 314 372 464 524 692 731  ; 3 1 4 8 7 4 5 5 5 2 6 3 4 6 
145.5 ; 9.486e-09 ; True ; 1 24 175 228 248 314 372 464 524 692 731  ; 3 1 4 8 7 4 5 5 6 2 6 3 4 5 
145.7 ; 1.126e-08 ; True ; 1 14 24 175 248 314 372 464 524 692 731  ; 3 1 4 8 7 5 4 5 5 3 7 3 3 6 
146.9 ; 1.127e-08 ; True ; 1 24 175 248 314 372 464 524 584 692 731  ; 4 1 4 8 6 4 4 5 5 3 7 3 3 6 
149.6 ; 1.156e-08 ; True ; 1 24 175 248 314 372 464 524 606 692 731  ; 3 1 4 8 7 4 4 5 6 3 6 3 4 5 
151.1 ; 1.169e-08 ; True ; 1 161 175 248 314 372 420 464 524 692 859  ; 5 1 3 7 6 4 4 5 6 3 6 3 4 5 
151.6 ; 1.183e-08 ; True ; 1 14 24 175 248 314 372 420 464 524 692  ; 4 1 3 8 7 5 4 5 6 3 7 3 3 6 
152.6 ; 1.21e-08 ; True ; 1 24 161 175 314 372 420 464 524 606 692  ; 5 1 3 9 7 4 4 5 6 3 6 3 4 5 
153.5 ; 1.223e-08 ; True ; 1 24 161 175 248 314 372 464 524 692 859  ; 4 1 4 7 7 4 4 5 5 3 6 3 4 5 
153.7 ; 1.355e-08 ; True ; 1 24 161 175 248 314 372 464 524 692 731  ; 4 1 4 8 7 5 4 5 5 3 7 3 3 6 
158.4 ; 1.359e-08 ; True ; 1 24 118 161 314 372 420 464 524 606 692  ; 5 1 3 9 6 5 4 5 6 3 6 3 4 5 
160.6 ; 1.369e-08 ; True ; 1 14 24 107 175 248 314 372 464 524 692  ; 3 1 3 8 7 5 5 5 5 3 6 4 4 5 
160.8 ; 1.37e-08 ; True ; 1 24 107 175 248 314 372 464 524 584 692  ; 4 1 3 8 6 4 5 5 5 3 6 4 4 5 
160.8 ; 1.482e-08 ; True ; 1 24 118 161 175 314 372 420 464 606 607 692  ; 5 1 4 10 6 4 4 5 7 3 6 3 3 6 
164.1 ; 1.577e-08 ; True ; 1 24 118 161 175 228 248 372 420 464 606 692  ; 4 1 3 10 7 5 4 5 7 4 6 3 3 6 
166.5 ; 1.58e-08 ; True ; 1 24 118 161 175 314 372 420 464 606 692 859  ; 5 1 4 9 6 4 4 6 6 3 5 3 4 5 
166.6 ; 1.647e-08 ; True ; 1 24 107 161 175 248 314 372 464 524 692  ; 4 1 3 8 7 5 5 5 5 3 6 4 4 5 
166.7 ; 1.714e-08 ; True ; 1 24 118 161 175 228 248 314 372 464 692 731  ; 4 1 4 9 7 5 5 5 6 3 6 3 3 6 
167.5 ; 1.788e-08 ; True ; 1 24 118 161 175 248 314 372 420 464 606 692  ; 5 1 3 9 7 5 4 5 7 4 6 3 3 6 
169.2 ; 1.858e-08 ; True ; 1 24 148 175 248 314 372 464 515 524 692 731  ; 3 1 4 9 7 5 5 5 5 3 7 3 4 7 
169.3 ; 1.925e-08 ; True ; 1 24 148 175 248 314 372 464 524 584 692 731  ; 4 1 4 9 7 4 5 5 5 3 7 3 4 7 
170.9 ; 1.954e-08 ; True ; 1 24 175 228 248 314 372 464 515 524 692 731  ; 3 1 4 9 7 5 5 5 6 3 7 3 4 6 
171.1 ; 2.045e-08 ; True ; 1 14 24 175 248 314 372 464 524 584 692 731  ; 4 1 4 9 7 5 4 5 5 4 8 3 3 7 
175.9 ; 2.165e-08 ; True ; 1 14 24 175 248 314 372 464 524 606 692 731  ; 3 1 4 9 8 5 4 5 6 4 7 3 4 6 
177 ; 2.193e-08 ; True ; 1 24 175 248 314 372 464 524 584 606 692 731  ; 4 1 4 9 7 4 4 5 6 4 7 3 4 6 
177.7 ; 2.207e-08 ; True ; 1 24 175 248 314 372 464 524 606 692 731 747  ; 4 1 4 9 8 5 4 5 7 3 7 3 4 6 
177.9 ; 2.233e-08 ; True ; 1 24 161 175 248 314 372 420 464 524 607 692  ; 5 1 4 9 7 5 4 5 7 3 8 3 3 7 
178.1 ; 2.288e-08 ; True ; 1 24 148 161 175 248 314 372 464 524 692 731  ; 4 1 4 9 8 5 5 5 5 3 7 3 4 7 
178.7 ; 2.317e-08 ; True ; 1 24 161 175 228 248 314 372 420 464 524 692  ; 5 1 3 9 8 5 5 5 7 3 7 3 4 6 
178.8 ; 2.405e-08 ; True ; 1 24 161 175 228 248 314 372 464 524 692 731  ; 4 1 4 9 8 5 5 5 6 3 7 3 4 6 
181.4 ; 2.494e-08 ; True ; 1 14 24 175 248 314 372 464 524 692 731 829  ; 4 1 4 9 8 5 4 5 6 3 7 4 4 6 
182.7 ; 2.51e-08 ; True ; 1 24 161 175 248 314 372 420 464 524 606 692  ; 5 1 3 9 8 5 4 5 7 4 7 3 4 6 
182.9 ; 2.606e-08 ; True ; 1 24 161 175 248 314 372 464 524 606 692 731  ; 4 1 4 9 8 5 4 5 6 4 7 3 4 6 
188 ; 2.623e-08 ; True ; 1 24 118 161 175 228 248 372 420 464 606 607 692  ; 4 1 4 11 7 5 4 5 8 4 7 3 3 7 
188.1 ; 2.775e-08 ; True ; 1 14 24 107 175 248 314 372 464 524 692 731  ; 3 1 4 9 7 6 5 6 5 3 7 4 4 6 
189.2 ; 2.887e-08 ; True ; 1 24 107 175 248 314 372 464 524 584 692 731  ; 4 1 4 9 6 5 5 6 5 3 7 4 4 6 
191 ; 2.943e-08 ; True ; 1 24 107 161 175 248 314 372 464 524 607 692  ; 4 1 4 9 7 5 5 5 6 3 7 4 4 6 
192.3 ; 2.973e-08 ; True ; 1 24 118 161 175 248 314 372 420 464 606 607 692  ; 5 1 4 10 7 5 4 5 8 4 7 3 3 7 
195.2 ; 3.134e-08 ; True ; 1 24 175 228 248 314 372 464 515 524 692 731 770  ; 4 1 4 10 7 5 5 6 6 3 8 3 4 7 
197 ; 3.34e-08 ; True ; 1 24 107 161 175 248 314 372 464 524 692 731  ; 4 1 4 9 7 6 5 6 5 3 7 4 4 6 
198.3 ; 3.548e-08 ; True ; 1 24 175 228 248 314 372 464 515 524 584 692 731  ; 4 1 4 10 7 5 5 5 6 4 8 3 4 7 
202.5 ; 3.603e-08 ; True ; 1 24 148 161 175 248 314 372 464 524 607 692 731  ; 4 1 5 10 8 5 5 5 6 3 8 3 4 8 
203.1 ; 3.782e-08 ; True ; 1 24 161 175 228 248 314 372 420 464 524 607 692  ; 5 1 4 10 8 5 5 5 8 3 8 3 4 7 
206.4 ; 3.876e-08 ; True ; 1 118 161 175 248 314 372 420 464 524 607 692 859  ; 5 1 4 9 6 5 5 5 8 3 7 4 4 6 
206.9 ; 4.011e-08 ; True ; 1 24 118 161 175 314 372 420 464 524 606 607 692  ; 5 1 4 11 7 5 5 5 8 3 7 4 4 6 
207.1 ; 4.118e-08 ; True ; 1 14 24 161 175 228 248 314 372 464 524 692 731  ; 4 1 4 10 9 6 5 5 6 4 8 3 4 7 
209 ; 4.193e-08 ; True ; 1 24 161 175 228 248 314 372 464 524 606 692 731  ; 4 1 4 10 9 5 5 5 7 4 7 3 5 6 
209.5 ; 4.264e-08 ; True ; 1 14 24 175 248 314 372 464 524 584 692 731 829  ; 5 1 4 10 8 5 4 5 6 4 8 4 4 7 
212.1 ; 4.497e-08 ; True ; 1 24 161 175 228 248 314 372 420 464 524 692 731  ; 5 1 4 10 8 6 5 6 7 3 8 3 4 7 
214.5 ; 4.602e-08 ; True ; 1 24 118 161 175 248 314 372 420 464 524 606 692  ; 5 1 3 10 8 6 5 5 8 4 7 4 4 6 
215.5 ; 4.63e-08 ; True ; 1 24 107 175 248 314 372 464 524 584 607 692 731  ; 4 1 5 10 6 5 5 6 6 3 8 4 4 7 
216.1 ; 4.872e-08 ; True ; 1 24 161 175 248 314 372 420 464 524 606 692 731  ; 5 1 4 10 8 6 4 6 7 4 8 3 4 7 
219.3 ; 4.969e-08 ; True ; 1 24 107 175 248 314 372 464 524 584 692 731 747  ; 5 1 4 10 7 6 5 6 6 3 8 4 4 7 
222.2 ; 5.007e-08 ; True ; 1 14 24 107 175 248 314 372 464 524 606 692 731  ; 3 1 4 10 8 6 5 6 6 4 7 4 5 6 
222.4 ; 5.032e-08 ; True ; 1 24 107 161 175 248 314 372 464 524 584 607 692  ; 5 1 4 10 7 5 5 5 6 4 8 4 4 7 
223.1 ; 5.168e-08 ; True ; 1 24 107 161 175 248 314 372 464 524 606 607 692  ; 4 1 4 10 8 5 5 5 7 4 7 4 5 6 
223.3 ; 5.271e-08 ; True ; 1 24 107 175 248 314 372 464 524 584 606 692 731  ; 4 1 4 10 7 5 5 6 6 4 7 4 5 6 
223.4 ; 5.356e-08 ; True ; 1 24 107 161 175 248 314 372 464 524 607 692 731  ; 4 1 5 10 7 6 5 6 6 3 8 4 4 7 
225.2 ; 5.502e-08 ; True ; 1 24 107 161 175 248 314 372 420 464 524 607 692  ; 5 1 4 10 7 6 5 6 7 3 8 4 4 7 
227.3 ; 5.614e-08 ; True ; 1 14 24 107 161 175 248 314 372 464 524 692 731  ; 4 1 4 10 8 7 5 6 5 4 8 4 4 7 
228.4 ; 5.711e-08 ; True ; 1 24 107 161 175 248 314 372 464 524 584 692 731  ; 5 1 4 10 7 6 5 6 5 4 8 4 4 7 
230.2 ; 6.027e-08 ; True ; 1 24 107 161 175 248 314 372 464 524 606 692 731  ; 4 1 4 10 8 6 5 6 6 4 7 4 5 6 
233.3 ; 6.081e-08 ; True ; 1 24 107 161 175 248 314 372 420 464 524 692 731  ; 5 1 4 10 7 7 5 7 6 3 8 4 4 7 
235.6 ; 6.281e-08 ; True ; 1 24 148 161 175 248 314 372 464 524 606 607 692 731  ; 4 1 5 11 9 5 5 5 7 4 8 3 5 8 
236.4 ; 6.328e-08 ; True ; 1 24 148 161 175 248 314 372 420 464 524 606 607 692  ; 5 1 4 11 9 5 5 5 8 4 8 3 5 8 
238.1 ; 6.331e-08 ; True ; 1 24 161 175 228 248 314 372 420 464 524 607 692 859  ; 5 1 5 10 8 5 5 6 8 3 8 3 5 7 
238.4 ; 6.673e-08 ; True ; 1 24 161 175 228 248 314 372 420 464 524 607 692 731  ; 5 1 5 11 8 6 5 6 8 3 9 3 4 8 
241.2 ; 6.713e-08 ; True ; 1 24 118 161 175 314 372 420 464 524 606 607 692 859  ; 5 1 5 11 7 5 5 6 8 3 7 4 5 6 
242.3 ; 7.404e-08 ; True ; 1 24 118 161 175 248 314 372 420 464 524 606 607 692  ; 5 1 4 11 8 6 5 5 9 4 8 4 4 7 
244.3 ; 7.689e-08 ; True ; 1 24 161 175 228 248 314 372 420 464 524 606 692 731  ; 5 1 4 11 9 6 5 6 8 4 8 3 5 7 
249.8 ; 8.214e-08 ; True ; 1 24 118 161 175 248 314 372 420 464 524 606 692 859  ; 5 1 4 10 8 6 5 6 8 4 7 4 5 6 
251.9 ; 8.704e-08 ; True ; 1 24 118 161 175 248 314 372 420 464 524 606 692 731  ; 5 1 4 11 8 7 5 6 8 4 8 4 4 7 
255.6 ; 8.725e-08 ; True ; 1 14 24 107 161 175 248 314 372 464 524 607 692 731  ; 4 1 5 11 8 7 5 6 6 4 9 4 4 8 
256.7 ; 8.877e-08 ; True ; 1 24 107 161 175 248 314 372 464 524 584 607 692 731  ; 5 1 5 11 7 6 5 6 6 4 9 4 4 8 
258.5 ; 9.408e-08 ; True ; 1 24 107 161 175 248 314 372 464 524 606 607 692 731  ; 4 1 5 11 8 6 5 6 7 4 8 4 5 7 
259.4 ; 9.477e-08 ; True ; 1 24 107 161 175 248 314 372 420 464 524 606 607 692  ; 5 1 4 11 8 6 5 6 8 4 8 4 5 7 
264.5 ; 9.663e-08 ; True ; 1 24 107 161 175 248 314 372 464 524 584 606 692 731  ; 5 1 4 11 8 6 5 6 6 5 8 4 5 7 
266.3 ; 9.687e-08 ; True ; 1 24 107 161 175 248 314 372 420 464 524 606 692 859  ; 5 1 4 10 8 6 5 7 7 4 7 4 6 6 
266.5 ; 9.725e-08 ; True ; 1 14 24 107 161 175 248 314 372 420 464 524 692 731  ; 5 1 4 11 8 8 5 7 6 4 9 4 4 8 
268.4 ; 1.068e-07 ; True ; 1 24 107 161 175 248 314 372 420 464 524 606 692 731  ; 5 1 4 11 8 7 5 7 7 4 8 4 5 7 
275.7 ; 1.092e-07 ; True ; 1 24 118 161 175 248 314 372 464 524 606 607 692 731 770  ; 5 1 5 12 8 6 5 6 8 4 9 4 4 8 
278.3 ; 1.123e-07 ; True ; 1 24 118 161 175 228 248 372 420 464 524 606 607 692 731  ; 4 1 5 13 8 7 5 6 9 4 9 4 4 8 
280.4 ; 1.239e-07 ; True ; 1 24 118 161 175 248 314 372 420 464 524 606 607 692 859  ; 5 1 5 11 8 6 5 6 9 4 8 4 5 7 
281.6 ; 1.273e-07 ; True ; 1 24 118 161 175 248 314 372 420 464 524 606 607 692 731  ; 5 1 5 12 8 7 5 6 9 4 9 4 4 8 
288.7 ; 1.339e-07 ; True ; 1 24 107 161 175 248 314 372 464 524 606 607 692 731 770  ; 5 1 5 12 8 6 5 7 7 4 9 4 5 8 
291 ; 1.417e-07 ; True ; 1 24 118 161 175 248 314 372 420 464 524 606 692 731 859  ; 5 1 5 11 8 7 5 7 8 4 8 4 5 7 
297.5 ; 1.483e-07 ; True ; 1 24 107 161 175 248 314 372 420 464 524 606 607 692 859  ; 5 1 5 11 8 6 5 7 8 4 8 4 6 7 
298.5 ; 1.505e-07 ; True ; 1 24 107 118 161 175 248 314 372 420 464 524 606 607 692  ; 5 1 4 12 8 7 6 6 9 4 8 5 5 7 
298.7 ; 1.585e-07 ; True ; 1 24 107 161 175 248 314 372 420 464 524 606 607 692 731  ; 5 1 5 12 8 7 5 7 8 4 9 4 5 8 
307.5 ; 1.638e-07 ; True ; 1 24 107 161 175 248 314 372 420 464 524 606 692 731 859  ; 5 1 5 11 8 7 5 8 7 4 8 4 6 7 
309.2 ; 1.689e-07 ; True ; 1 24 107 118 161 175 248 314 372 420 464 524 606 692 731  ; 5 1 4 12 8 8 6 7 8 4 8 5 5 7 
314.9 ; 1.707e-07 ; True ; 1 24 118 161 175 248 314 372 420 464 524 606 607 692 731 770  ; 6 1 5 13 8 7 5 7 9 4 10 4 4 9 
315.7 ; 1.773e-07 ; True ; 1 24 118 161 175 248 314 372 420 464 524 606 607 657 692 731  ; 5 1 5 13 8 7 5 6 9 4 9 5 5 8 
319.7 ; 1.777e-07 ; True ; 1 24 107 161 175 248 314 372 420 437 464 524 606 692 731  ; 5 1 5 11 8 7 6 7 7 4 8 5 5 7 
320.4 ; 1.863e-07 ; True ; 1 24 118 161 175 248 314 372 420 464 524 584 606 607 692 731  ; 6 1 5 13 8 7 5 6 9 5 10 4 4 9 
320.8 ; 1.878e-07 ; True ; 1 14 24 118 161 175 248 314 372 420 464 524 606 607 692 859  ; 5 1 5 12 9 7 5 6 9 5 9 4 5 8 
323.6 ; 1.99e-07 ; True ; 1 24 118 161 175 248 314 372 420 464 524 606 607 692 731 859  ; 5 1 6 12 8 7 5 7 9 4 9 4 5 8 
330.3 ; 2.004e-07 ; True ; 1 24 107 161 175 228 248 314 372 464 524 606 607 692 731 859  ; 4 1 6 12 9 6 6 7 8 4 8 4 7 7 
330.8 ; 2.123e-07 ; True ; 1 24 118 161 175 248 314 372 420 464 524 584 606 692 731 859  ; 6 1 5 12 8 7 5 7 8 5 9 4 5 8 
336.7 ; 2.196e-07 ; True ; 1 24 107 161 175 248 314 372 464 524 584 606 607 692 731 859  ; 5 1 6 12 8 6 5 7 7 5 9 4 6 8 
337.8 ; 2.222e-07 ; True ; 1 24 107 161 175 248 314 372 420 464 524 584 606 607 692 859  ; 6 1 5 12 8 6 5 7 8 5 9 4 6 8 
340.4 ; 2.302e-07 ; True ; 1 107 118 161 175 248 314 372 420 464 524 606 607 692 731 859  ; 5 1 5 12 7 7 6 7 9 4 8 5 6 7 
340.6 ; 2.333e-07 ; True ; 1 24 107 161 175 248 314 372 420 464 524 606 607 692 731 859  ; 5 1 6 12 8 7 5 8 8 4 9 4 6 8 
341.8 ; 2.47e-07 ; True ; 1 24 107 118 161 175 248 314 372 420 464 524 606 607 692 731  ; 5 1 5 13 8 8 6 7 9 4 9 5 5 8 
349 ; 2.519e-07 ; True ; 1 24 107 161 175 248 314 372 420 464 524 606 607 692 731 829  ; 6 1 5 13 9 7 5 7 9 4 9 5 6 8 
351.2 ; 2.591e-07 ; True ; 1 24 107 118 161 175 248 314 372 420 464 524 606 692 731 859  ; 5 1 5 12 8 8 6 8 8 4 8 5 6 7 
359.7 ; 2.684e-07 ; True ; 1 24 107 175 228 248 314 372 463 464 524 584 607 692 731 747 859  ; 5 1 6 13 8 7 6 7 8 4 10 4 6 9 
365.4 ; 2.749e-07 ; True ; 1 24 118 161 175 248 314 372 420 464 480 524 606 692 731 859  ; 5 1 5 12 9 8 6 7 9 5 8 5 5 7 
368.8 ; 2.752e-07 ; True ; 1 24 107 118 161 175 248 314 372 420 464 515 606 607 692 731 859  ; 5 1 6 13 7 8 5 8 8 5 9 4 5 9 
372.7 ; 2.93e-07 ; True ; 1 24 107 161 175 248 314 372 420 464 480 524 606 607 692 859  ; 5 1 5 12 9 7 6 7 9 5 8 5 6 7 
375.7 ; 3.048e-07 ; True ; 1 24 118 161 175 245 248 314 372 420 464 524 584 606 692 731 859  ; 6 1 5 12 9 7 6 7 9 5 9 4 6 8 
375.9 ; 3.074e-07 ; True ; 1 24 107 161 175 248 314 372 420 464 480 524 606 607 692 731  ; 5 1 5 13 9 8 6 7 9 5 9 5 5 8 
376.8 ; 3.168e-07 ; True ; 1 24 107 118 161 175 248 314 372 420 464 524 606 607 692 770 859  ; 6 1 5 13 8 7 6 8 9 4 9 5 6 8 
378.1 ; 3.205e-07 ; True ; 1 24 107 161 175 228 248 253 314 372 420 464 524 607 692 731 859  ; 5 1 6 13 8 7 6 9 8 4 10 4 6 9 
382.9 ; 3.416e-07 ; True ; 1 24 107 161 175 248 314 372 420 464 524 584 606 607 692 731 859  ; 6 1 6 13 8 7 5 8 8 5 10 4 6 9 
386.7 ; 3.637e-07 ; True ; 1 24 107 118 161 175 248 314 372 420 464 524 606 607 692 731 859  ; 5 1 6 13 8 8 6 8 9 4 9 5 6 8 
394.9 ; 3.881e-07 ; True ; 1 24 107 118 161 175 248 314 372 420 464 524 584 606 692 731 859  ; 6 1 5 13 8 8 6 8 8 5 9 5 6 8 
410.3 ; 3.917e-07 ; True ; 1 24 107 144 161 175 248 253 314 372 420 464 524 606 692 731 859  ; 5 1 5 13 9 8 6 9 8 6 9 4 6 8 
410.6 ; 3.95e-07 ; True ; 1 24 107 118 161 175 248 314 372 420 464 524 606 692 731 845 859  ; 6 1 5 13 9 9 6 8 8 5 8 5 6 8 
412.9 ; 4.035e-07 ; True ; 1 24 107 144 161 175 248 314 372 420 464 524 607 692 731 829 859  ; 6 1 6 13 9 8 6 8 9 4 9 5 6 8 
414.9 ; 4.041e-07 ; True ; 1 24 107 161 175 248 314 372 420 464 480 524 606 607 692 731 770  ; 6 1 5 14 9 8 6 8 9 5 10 5 5 9 
415.9 ; 4.08e-07 ; True ; 1 24 107 148 161 175 248 314 372 420 464 480 524 607 692 731 859  ; 5 1 6 13 9 8 7 8 8 4 9 5 6 9 
420.9 ; 4.226e-07 ; True ; 1 24 107 144 161 175 248 314 372 420 464 524 606 692 731 829 859  ; 6 1 5 13 10 8 6 8 9 5 8 5 7 7 
421.8 ; 4.526e-07 ; True ; 1 24 107 161 175 248 314 372 420 464 480 524 606 607 692 731 859  ; 5 1 6 13 9 8 6 8 9 5 9 5 6 8 
432.1 ; 4.623e-07 ; True ; 1 24 107 161 175 248 314 372 420 464 480 524 606 607 692 731 829  ; 6 1 5 14 10 8 6 7 10 5 9 6 6 8 
434.4 ; 4.704e-07 ; True ; 1 24 107 118 161 248 314 372 420 464 480 524 606 607 692 731 859  ; 5 1 6 13 8 9 6 8 9 5 9 5 6 8 
434.5 ; 5.139e-07 ; True ; 1 24 107 118 161 175 248 314 372 420 464 515 524 606 607 692 731 859  ; 5 1 6 14 8 9 6 8 9 5 10 5 6 9 
449 ; 5.473e-07 ; True ; 1 24 107 118 161 175 248 314 372 420 464 524 606 607 692 731 845 859  ; 6 1 6 14 9 9 6 8 9 5 9 5 6 9 
467.6 ; 5.873e-07 ; True ; 1 24 107 161 175 248 314 369 372 420 464 480 524 606 607 692 731 859  ; 5 1 7 14 9 8 6 9 9 5 9 5 6 9 
469.9 ; 6.361e-07 ; True ; 1 24 107 161 175 248 314 372 420 464 480 524 584 606 607 692 731 859  ; 6 1 6 14 9 8 6 8 9 6 10 5 6 9 
481.9 ; 6.626e-07 ; True ; 1 24 107 161 175 248 314 372 420 464 480 524 606 607 692 731 829 859  ; 6 1 6 14 10 8 6 8 10 5 9 6 7 8 
493.5 ; 7.193e-07 ; True ; 1 24 107 161 175 248 314 317 369 372 420 464 524 606 607 692 731 829 859  ; 6 1 7 15 10 8 6 9 9 5 9 5 7 9 
509.9 ; 7.257e-07 ; True ; 1 24 107 144 161 175 248 314 372 396 420 464 524 606 607 692 731 829 859  ; 6 1 7 14 10 8 6 9 10 5 9 5 7 8 
521.5 ; 7.328e-07 ; True ; 1 24 107 144 161 175 248 253 314 372 420 464 524 550 607 692 731 845 859  ; 6 1 6 15 10 9 7 9 9 6 10 4 6 10 
521.8 ; 7.513e-07 ; True ; 1 24 107 118 161 228 248 314 372 420 464 524 606 607 692 731 735 845 859  ; 6 1 7 14 9 9 6 9 9 5 9 5 7 9 
525.5 ; 7.516e-07 ; True ; 1 24 107 148 161 175 248 314 372 420 464 480 524 607 692 731 770 845 859  ; 7 1 6 15 10 9 7 9 8 5 10 5 6 11 
528 ; 7.959e-07 ; True ; 1 24 118 161 175 248 314 372 420 464 480 524 606 607 692 731 829 845 859  ; 7 1 6 15 11 9 6 7 11 6 9 6 6 9 
534.3 ; 7.965e-07 ; True ; 1 24 118 161 175 248 314 372 420 464 480 524 606 607 692 731 845 846 859  ; 6 1 6 15 10 9 7 7 10 6 9 6 6 9 
534.5 ; 8.771e-07 ; True ; 1 24 107 144 161 175 248 314 372 420 464 480 524 606 607 692 731 770 859  ; 6 1 6 15 10 9 7 9 10 6 10 5 6 9 
542.7 ; 8.994e-07 ; True ; 1 24 107 118 161 228 248 314 372 420 464 480 524 606 607 692 731 845 859  ; 6 1 6 15 10 10 7 8 10 6 9 5 7 9 
553.6 ; 9.195e-07 ; True ; 1 24 107 161 175 248 314 372 420 464 480 524 606 607 692 731 845 846 859  ; 6 1 6 15 10 9 7 8 9 6 9 6 7 9 
560.7 ; 9.235e-07 ; True ; 1 24 107 118 161 175 248 314 372 404 420 464 524 606 607 692 731 770 845 859  ; 7 1 6 16 9 9 7 9 10 5 10 6 6 10 
575.3 ; 9.325e-07 ; True ; 1 24 107 161 175 248 312 314 372 420 464 480 524 606 607 692 731 770 845 859  ; 7 1 6 16 10 9 6 9 9 7 10 5 6 10 
576.1 ; 9.48e-07 ; True ; 1 24 107 161 175 228 248 314 372 420 464 524 606 607 692 731 770 835 845 859  ; 7 1 7 15 10 8 6 10 9 5 11 5 7 11 
578.2 ; 9.55e-07 ; True ; 1 24 107 118 148 161 248 314 372 420 464 480 524 606 607 692 835 845 859  ; 6 1 6 14 10 9 7 8 9 6 9 6 7 10 
579.6 ; 9.663e-07 ; True ; 1 24 107 161 228 248 314 372 420 464 480 524 606 607 692 731 835 845 859  ; 6 1 7 14 10 9 6 9 9 6 10 5 7 10 
581.4 ; 1.025e-06 ; True ; 1 24 107 161 175 248 314 372 420 464 480 524 584 606 692 731 829 835 859  ; 7 1 6 14 10 8 6 9 9 6 10 7 7 9 
592.3 ; 1.221e-06 ; True ; 1 24 107 118 161 175 248 314 372 420 464 480 515 524 606 607 692 731 829 859  ; 6 1 6 16 10 10 7 8 11 6 10 7 7 9 
633.1 ; 1.231e-06 ; True ; 1 24 107 118 161 228 248 314 372 464 480 524 606 607 692 731 770 835 845 859  ; 6 1 7 15 10 9 7 9 9 6 10 6 7 10 
633.3 ; 1.271e-06 ; True ; 1 24 95 107 175 248 253 314 372 420 464 480 524 606 607 692 731 829 845 859  ; 6 1 6 16 11 9 7 9 10 6 9 7 8 9 
640.4 ; 1.306e-06 ; True ; 1 24 107 144 161 175 248 314 372 420 464 480 524 606 607 692 731 781 845 859  ; 6 1 7 16 11 10 7 9 10 7 9 6 6 9 
660 ; 1.416e-06 ; True ; 1 24 107 118 161 228 248 314 372 420 464 480 524 606 692 731 829 835 845 859  ; 7 1 6 15 11 10 7 9 10 6 9 7 8 9 
666.1 ; 1.464e-06 ; True ; 1 24 107 144 161 248 253 314 372 420 464 480 524 606 607 692 731 829 835 859  ; 6 1 7 15 10 9 6 10 10 7 11 6 7 10 
694.6 ; 1.494e-06 ; True ; 1 24 107 144 161 248 314 317 372 420 464 480 524 606 692 731 829 835 845 859  ; 7 1 6 15 12 11 7 9 9 8 9 6 7 9 
710.7 ; 1.512e-06 ; True ; 1 24 107 161 175 248 314 372 420 463 480 524 606 607 692 731 735 829 845 846 859  ; 6 1 6 16 11 10 7 8 10 7 9 8 8 9 
712.9 ; 1.524e-06 ; True ; 1 24 118 161 175 245 248 314 372 420 464 480 524 606 679 692 731 829 835 845 859  ; 8 1 6 15 13 10 7 8 11 7 9 7 7 9 
717 ; 1.771e-06 ; True ; 1 24 107 144 161 228 248 314 372 420 464 480 524 606 607 678 692 731 829 835 859  ; 6 1 7 16 12 9 8 10 11 6 11 6 8 9 
737.5 ; 1.776e-06 ; True ; 1 24 100 107 144 161 228 248 314 372 420 464 480 524 606 607 692 731 829 835 859  ; 6 1 7 16 12 9 7 9 11 7 10 6 9 9 
738 ; 1.877e-06 ; True ; 1 24 107 144 161 228 248 314 372 420 464 480 524 606 607 692 731 735 835 845 859  ; 6 1 8 15 11 10 7 10 10 7 10 6 7 10 
766 ; 1.915e-06 ; True ; 1 14 24 107 144 161 248 253 314 372 420 464 471 480 524 584 606 692 731 829 846 859  ; 8 1 5 17 11 11 7 10 9 9 11 6 8 10 
773.6 ; 1.949e-06 ; True ; 1 24 107 120 161 175 248 314 369 372 420 464 480 524 606 607 692 731 829 835 846 859  ; 6 1 8 17 11 9 7 11 10 5 11 8 8 11 
791.9 ; 2.169e-06 ; True ; 1 24 107 144 161 175 248 253 314 372 420 464 480 524 692 731 735 770 829 845 846 859  ; 8 1 6 17 11 10 8 11 9 7 10 8 7 10 
864.6 ; 2.335e-06 ; True ; 1 24 95 107 144 161 248 253 314 372 420 464 480 606 692 731 735 829 835 845 846 859  ; 7 1 7 16 11 10 7 11 8 8 9 8 8 10 
865.8 ; 2.402e-06 ; True ; 1 24 95 107 144 161 248 314 372 420 464 480 524 606 692 731 735 781 829 845 846 859  ; 7 1 7 17 12 11 8 10 9 7 8 9 9 8 
884.1 ; 2.482e-06 ; True ; 1 24 95 107 144 161 228 248 314 372 420 464 480 492 524 584 606 692 731 829 845 846 859  ; 8 1 5 18 13 11 10 8 10 8 9 8 10 9 
885.1 ; 2.636e-06 ; True ; 1 24 107 144 161 228 248 314 372 420 464 480 524 607 678 682 692 731 781 829 845 846 859  ; 7 1 8 19 13 10 9 10 10 6 10 8 8 9 
930.7 ; 2.732e-06 ; True ; 1 24 47 107 144 161 228 248 253 314 372 420 464 480 524 678 692 735 829 835 845 846 859  ; 7 1 7 16 13 9 9 12 9 7 10 8 8 9 
984.4 ; 3.61e-06 ; True ; 1 24 107 144 161 228 248 253 314 372 420 422 464 480 524 606 607 678 692 731 829 835 846 859  ; 7 1 7 18 12 9 9 11 12 7 13 8 9 10 
1015 ; 3.955e-06 ; True ; 1 24 95 107 144 161 248 253 314 372 420 464 480 524 584 606 692 731 735 781 829 845 846 859  ; 8 1 7 19 12 11 8 11 9 9 10 9 9 10 


RUN 8:
Optimum Distance: 15.16
Optimal Team: 118,161,372,859,
Required Skills: 0 1 4 5 9 10 11 12 14 15 16 18 23 24 
Distance; Skill Score; isValid; Team; Skill Counts
17.13 ; 3.403e-14 ; True ; 1 118 314 372  ; 1 1 1 2 1 1 2 2 2 1 1 1 1 1 
18.63 ; 5.537e-14 ; True ; 161 369 372 692  ; 2 1 1 3 2 1 1 2 1 1 1 1 1 2 
18.81 ; 1.996e-13 ; True ; 1 161 372 692  ; 2 1 1 3 2 1 1 2 1 2 2 1 1 2 
19.54 ; 2.342e-13 ; True ; 24 248 372 692  ; 1 1 1 2 3 2 1 2 2 1 2 1 1 2 
20.7 ; 2.354e-13 ; True ; 1 372 420 524  ; 1 1 1 3 1 2 1 3 2 1 3 1 1 2 
21.56 ; 2.395e-13 ; True ; 24 161 372 692  ; 2 1 1 3 3 2 1 2 1 1 2 1 1 2 
21.56 ; 2.848e-13 ; True ; 1 161 372 524  ; 1 1 1 3 2 2 1 2 1 2 3 1 1 2 
22.79 ; 4.009e-13 ; True ; 1 372 524 692  ; 1 1 1 3 2 1 2 2 2 1 2 2 2 1 
24.67 ; 5.853e-13 ; True ; 1 118 161 372 606  ; 1 1 1 4 2 2 1 2 2 3 2 1 1 2 
25.33 ; 1.341e-12 ; True ; 1 118 161 314 372  ; 2 1 1 3 2 2 2 2 2 2 2 1 1 2 
27.44 ; 2.569e-12 ; True ; 1 118 161 372 692  ; 2 1 1 4 2 2 2 2 2 2 2 2 1 2 
27.57 ; 2.629e-12 ; True ; 1 161 372 420 692  ; 3 1 1 4 2 2 1 3 2 2 3 1 1 3 
29.06 ; 3.018e-12 ; True ; 1 118 161 372 420 468  ; 2 1 1 4 1 3 1 3 2 2 3 2 1 3 
31.25 ; 3.336e-12 ; True ; 1 161 372 420 524  ; 2 1 1 4 2 3 1 3 2 2 4 1 1 3 
31.55 ; 3.653e-12 ; True ; 1 314 372 420 524  ; 2 1 1 3 2 2 2 3 3 1 3 1 2 2 
32.41 ; 4.469e-12 ; True ; 1 161 314 372 524  ; 2 1 1 3 3 2 2 2 2 2 3 1 2 2 
33.34 ; 5.685e-12 ; True ; 1 118 161 372 420 606  ; 2 1 1 5 2 3 1 3 3 3 3 1 1 3 
34.33 ; 7.454e-12 ; True ; 1 118 161 228 372 420  ; 2 1 1 5 2 3 2 3 3 2 3 1 1 3 
34.92 ; 9.973e-12 ; True ; 1 118 161 314 372 420  ; 3 1 1 4 2 3 2 3 3 2 3 1 1 3 
37.09 ; 1.88e-11 ; True ; 1 118 161 372 420 692  ; 3 1 1 5 2 3 2 3 3 2 3 2 1 3 
39.37 ; 2.084e-11 ; True ; 1 161 314 372 420 692  ; 4 1 1 4 3 2 2 3 3 2 3 1 2 3 
42.57 ; 2.125e-11 ; True ; 1 118 161 372 420 524  ; 2 1 1 5 2 4 2 3 3 2 4 2 1 3 
42.88 ; 2.81e-11 ; True ; 1 24 248 314 372 692  ; 2 1 2 3 4 2 2 3 3 2 3 1 2 3 
45.02 ; 2.961e-11 ; True ; 1 161 314 372 420 524  ; 3 1 1 4 3 3 2 3 3 2 4 1 2 3 
45.73 ; 3.529e-11 ; True ; 1 118 161 314 372 420 468  ; 3 1 1 4 2 3 2 3 3 2 3 2 2 3 
47.29 ; 3.849e-11 ; True ; 1 161 314 372 524 692  ; 3 1 1 4 4 2 3 2 3 2 3 2 3 2 
47.84 ; 4.37e-11 ; True ; 1 118 161 175 314 372 420  ; 3 1 1 5 3 3 3 3 4 2 3 2 1 3 
47.93 ; 4.997e-11 ; True ; 1 118 161 372 420 468 692  ; 3 1 1 5 2 3 2 3 3 2 3 3 2 3 
48.11 ; 5.581e-11 ; True ; 1 161 372 420 524 692  ; 3 1 1 5 3 3 2 3 3 2 4 2 2 3 
50.01 ; 6.155e-11 ; True ; 1 118 161 175 372 420 692  ; 3 1 1 6 3 3 3 3 4 2 3 3 1 3 
51.21 ; 8.421e-11 ; True ; 1 118 161 372 420 606 692  ; 3 1 1 6 3 3 2 3 4 3 3 2 2 3 
51.81 ; 9.949e-11 ; True ; 1 118 161 314 372 420 692  ; 4 1 1 5 3 3 3 3 4 2 3 2 2 3 
54.64 ; 1.066e-10 ; True ; 1 24 175 248 314 372 692  ; 2 1 2 4 5 2 3 3 4 2 3 2 2 3 
55.91 ; 1.11e-10 ; True ; 1 118 161 314 372 464 692  ; 4 1 2 5 3 2 3 3 3 2 3 2 2 3 
55.91 ; 1.149e-10 ; True ; 1 24 161 175 314 372 692  ; 3 1 2 5 5 2 3 3 3 2 3 2 2 3 
59.26 ; 1.259e-10 ; True ; 1 118 161 314 372 420 524  ; 3 1 1 5 3 4 3 3 4 2 4 2 2 3 
59.53 ; 1.468e-10 ; True ; 1 24 118 161 314 372 692  ; 3 1 2 5 4 3 3 3 3 2 3 2 2 3 
62.42 ; 1.774e-10 ; True ; 1 118 161 372 420 524 692  ; 3 1 1 6 3 4 3 3 4 2 4 3 2 3 
62.88 ; 1.995e-10 ; True ; 1 161 314 372 420 524 692  ; 4 1 1 5 4 3 3 3 4 2 4 2 3 3 
63.83 ; 2.315e-10 ; True ; 1 248 314 372 464 524 692  ; 3 1 2 4 4 2 3 3 4 2 4 2 3 3 
65.59 ; 2.59e-10 ; True ; 1 24 248 314 372 524 692  ; 2 1 2 4 5 3 3 3 4 2 4 2 3 3 
66.86 ; 2.875e-10 ; True ; 1 161 175 314 372 420 607 692  ; 4 1 2 6 4 2 3 3 5 2 4 2 2 4 
67.18 ; 2.921e-10 ; True ; 1 161 175 314 372 420 692 859  ; 4 1 2 5 4 2 3 4 4 2 3 2 3 3 
68.24 ; 2.943e-10 ; True ; 1 118 161 372 420 606 607 692  ; 3 1 2 7 3 3 2 3 5 3 4 2 2 4 
68.7 ; 3.539e-10 ; True ; 1 118 161 314 372 420 692 859  ; 4 1 2 5 3 3 3 4 4 2 3 2 3 3 
70.19 ; 4.109e-10 ; True ; 1 24 175 248 314 372 464 692  ; 3 1 3 5 5 2 3 4 4 2 4 2 2 4 
71.32 ; 4.232e-10 ; True ; 1 24 175 248 314 372 692 731  ; 2 1 3 5 5 3 3 4 4 2 4 2 2 4 
71.43 ; 4.275e-10 ; True ; 1 118 161 314 372 420 464 692  ; 5 1 2 6 3 3 3 4 4 2 4 2 2 4 
73.41 ; 4.695e-10 ; True ; 1 24 161 175 314 372 420 692  ; 4 1 2 6 5 3 3 4 4 2 4 2 2 4 
74.25 ; 4.706e-10 ; True ; 1 24 161 175 248 314 372 692  ; 3 1 2 5 6 3 3 3 4 3 4 2 2 4 
75.92 ; 5.345e-10 ; True ; 1 24 118 161 314 372 420 692  ; 4 1 2 6 4 4 3 4 4 2 4 2 2 4 
78.56 ; 5.424e-10 ; True ; 1 175 248 314 372 464 524 692  ; 3 1 2 5 5 2 4 3 5 2 4 3 3 3 
78.77 ; 5.529e-10 ; True ; 1 161 175 314 372 464 524 692  ; 4 1 2 6 5 2 4 3 4 2 4 3 3 3 
79.74 ; 6.313e-10 ; True ; 1 161 314 372 420 524 692 859  ; 4 1 2 5 4 3 3 4 4 2 4 2 4 3 
80.41 ; 6.563e-10 ; True ; 1 161 314 372 420 524 607 692  ; 4 1 2 6 4 3 3 3 5 2 5 2 3 4 
81.68 ; 7.039e-10 ; True ; 1 161 175 372 420 464 524 692  ; 4 1 2 7 4 3 3 4 4 2 5 3 2 4 
82.49 ; 8.056e-10 ; True ; 1 161 314 372 420 464 524 692  ; 5 1 2 6 4 3 3 4 4 2 5 2 3 4 
83.13 ; 9.38e-10 ; True ; 1 24 248 314 372 464 524 692  ; 3 1 3 5 5 3 3 4 4 2 5 2 3 4 
85.72 ; 9.946e-10 ; True ; 14 24 175 248 314 372 464 692 731  ; 3 1 3 6 6 4 3 4 4 2 5 2 2 5 
86.34 ; 1.049e-09 ; True ; 1 118 161 175 314 372 420 464 692  ; 5 1 2 7 4 3 4 4 5 2 4 3 2 4 
87.65 ; 1.058e-09 ; True ; 1 118 161 175 372 420 464 606 692  ; 4 1 2 8 4 3 3 4 5 3 4 3 2 4 
88.64 ; 1.183e-09 ; True ; 1 14 24 175 248 314 372 464 692  ; 3 1 3 6 6 3 3 4 4 3 5 2 2 5 
88.82 ; 1.195e-09 ; True ; 1 24 175 248 314 372 464 692 731  ; 3 1 4 6 5 3 3 5 4 2 5 2 2 5 
90.37 ; 1.212e-09 ; True ; 1 118 161 314 372 420 464 606 692  ; 5 1 2 7 4 3 3 4 5 3 4 2 3 4 
91.28 ; 1.236e-09 ; True ; 1 161 175 248 314 372 420 464 692  ; 5 1 2 6 5 3 3 4 5 3 5 2 2 5 
91.77 ; 1.244e-09 ; True ; 1 24 118 161 175 314 372 420 692  ; 4 1 2 7 5 4 4 4 5 2 4 3 2 4 
92.75 ; 1.424e-09 ; True ; 1 24 161 175 248 314 372 464 692  ; 4 1 3 6 6 3 3 4 4 3 5 2 2 5 
94.87 ; 1.437e-09 ; True ; 1 24 118 161 314 372 420 606 692  ; 4 1 2 7 5 4 3 4 5 3 4 2 3 4 
94.88 ; 1.463e-09 ; True ; 1 24 161 175 248 314 372 692 731  ; 3 1 3 6 6 4 3 4 4 3 5 2 2 5 
97.23 ; 1.468e-09 ; True ; 1 161 175 314 372 420 524 607 692  ; 4 1 2 7 5 3 4 3 6 2 5 3 3 4 
97.56 ; 1.471e-09 ; True ; 1 161 175 314 372 420 524 692 859  ; 4 1 2 6 5 3 4 4 5 2 4 3 4 3 
98.71 ; 1.568e-09 ; True ; 1 24 118 161 248 314 372 420 692  ; 4 1 2 6 5 5 3 4 5 3 5 2 2 5 
99.31 ; 1.875e-09 ; True ; 1 161 175 314 372 420 464 524 692  ; 5 1 2 7 5 3 4 4 5 2 5 3 3 4 
99.79 ; 2.121e-09 ; True ; 1 24 175 248 314 372 464 524 692  ; 3 1 3 6 6 3 4 4 5 2 5 3 3 4 
102.7 ; 2.134e-09 ; True ; 1 118 161 314 372 420 464 524 692  ; 5 1 2 7 4 4 4 4 5 2 5 3 3 4 
103 ; 2.159e-09 ; True ; 1 24 161 175 314 372 464 524 692  ; 4 1 3 7 6 3 4 4 4 2 5 3 3 4 
103.5 ; 2.315e-09 ; True ; 1 14 24 248 314 372 464 524 692  ; 3 1 3 6 6 4 3 4 4 3 6 2 3 5 
103.8 ; 2.34e-09 ; True ; 1 24 248 314 372 464 524 692 731  ; 3 1 4 6 5 4 3 5 4 2 6 2 3 5 
106.7 ; 2.355e-09 ; True ; 1 118 161 175 372 420 464 606 607 692  ; 4 1 3 9 4 3 3 4 6 3 5 3 2 5 
106.9 ; 2.42e-09 ; True ; 1 161 248 314 372 420 464 524 692  ; 5 1 2 6 5 4 3 4 5 3 6 2 3 5 
106.9 ; 2.649e-09 ; True ; 1 14 24 175 228 248 314 372 464 692  ; 3 1 3 7 7 3 4 4 5 3 5 2 3 5 
107.2 ; 2.71e-09 ; True ; 1 118 161 175 314 372 420 464 606 692  ; 5 1 2 8 5 3 4 4 6 3 4 3 3 4 
108.1 ; 2.727e-09 ; True ; 1 24 175 228 248 314 372 464 692 731  ; 3 1 4 7 6 3 4 5 5 2 5 2 3 5 
108.3 ; 2.836e-09 ; True ; 1 14 24 175 248 314 372 464 692 731  ; 3 1 4 7 6 4 3 5 4 3 6 2 2 6 
111.1 ; 3.189e-09 ; True ; 1 24 161 175 228 248 314 372 464 692  ; 4 1 3 7 7 3 4 4 5 3 5 2 3 5 
114.3 ; 3.276e-09 ; True ; 1 24 161 175 228 248 314 372 692 731  ; 3 1 3 7 7 4 4 4 5 3 5 2 3 5 
114.3 ; 3.317e-09 ; True ; 1 24 118 161 175 314 372 420 464 692  ; 5 1 3 8 5 4 4 5 5 2 5 3 2 5 
115.3 ; 3.414e-09 ; True ; 1 24 161 175 248 314 372 464 692 731  ; 4 1 4 7 6 4 3 5 4 3 6 2 2 6 
116.2 ; 3.514e-09 ; True ; 1 24 161 175 248 314 372 420 464 692  ; 5 1 3 7 6 4 3 5 5 3 6 2 2 6 
116.6 ; 3.772e-09 ; True ; 1 24 118 161 175 248 314 372 464 692  ; 4 1 3 7 6 4 4 4 5 3 5 3 2 5 
118.8 ; 4.016e-09 ; True ; 1 161 175 314 372 420 464 524 607 692  ; 5 1 3 8 5 3 4 4 6 2 6 3 3 5 
119.2 ; 4.041e-09 ; True ; 1 24 175 248 314 372 464 524 607 692  ; 3 1 4 7 6 3 4 4 6 2 6 3 3 5 
120.2 ; 4.054e-09 ; True ; 14 24 175 248 314 372 464 524 692 731  ; 3 1 3 7 7 5 4 4 5 2 6 3 3 5 
121 ; 4.175e-09 ; True ; 1 161 175 314 372 420 464 524 692 859  ; 5 1 3 7 5 3 4 5 5 2 5 3 4 4 
121.6 ; 4.284e-09 ; True ; 1 161 175 248 314 372 464 524 607 692  ; 4 1 3 7 6 3 4 3 6 3 6 3 3 5 
122.1 ; 5.131e-09 ; True ; 1 14 24 175 248 314 372 464 524 692  ; 3 1 3 7 7 4 4 4 5 3 6 3 3 5 
122.4 ; 5.282e-09 ; True ; 1 24 175 248 314 372 464 524 692 731  ; 3 1 4 7 6 4 4 5 5 2 6 3 3 5 
126.3 ; 5.551e-09 ; True ; 1 24 175 248 314 372 420 464 524 692  ; 4 1 3 7 6 4 4 5 6 2 6 3 3 5 
127.1 ; 6.176e-09 ; True ; 1 24 161 175 248 314 372 464 524 692  ; 4 1 3 7 7 4 4 4 5 3 6 3 3 5 
129.5 ; 6.349e-09 ; True ; 1 14 24 175 228 248 314 372 464 692 731  ; 3 1 4 8 7 4 4 5 5 3 6 2 3 6 
134.5 ; 6.749e-09 ; True ; 1 24 118 161 175 314 372 420 606 607 692  ; 4 1 3 9 6 4 4 4 7 3 5 3 3 5 
135.1 ; 6.936e-09 ; True ; 1 24 118 161 248 314 372 464 524 692  ; 4 1 3 7 6 5 4 4 5 3 6 3 3 5 
135.5 ; 7.329e-09 ; True ; 1 24 118 161 175 228 372 420 464 606 692  ; 4 1 3 10 6 4 4 5 6 3 5 3 3 5 
136.5 ; 7.562e-09 ; True ; 1 24 161 175 228 248 314 372 420 464 692  ; 5 1 3 8 7 4 4 5 6 3 6 2 3 6 
136.6 ; 7.642e-09 ; True ; 1 24 161 175 228 248 314 372 464 692 731  ; 4 1 4 8 7 4 4 5 5 3 6 2 3 6 
137.6 ; 7.879e-09 ; True ; 1 118 161 175 248 314 372 420 464 692 859  ; 5 1 3 7 5 4 4 5 6 3 5 3 3 5 
138 ; 8.307e-09 ; True ; 1 24 118 161 175 314 372 420 464 606 692  ; 5 1 3 9 6 4 4 5 6 3 5 3 3 5 
140.9 ; 8.403e-09 ; True ; 1 24 118 161 175 248 314 372 420 464 692  ; 5 1 3 8 6 5 4 5 6 3 6 3 2 6 
142.7 ; 8.651e-09 ; True ; 14 24 175 248 314 372 464 524 584 692 731  ; 4 1 3 8 7 5 4 4 5 3 7 3 3 6 
143.2 ; 8.711e-09 ; True ; 1 161 175 314 372 420 464 524 606 607 692  ; 5 1 3 9 6 3 4 4 7 3 6 3 4 5 
143.4 ; 8.951e-09 ; True ; 1 14 24 175 248 314 372 464 524 692 770  ; 4 1 3 8 7 4 4 5 5 3 7 3 3 6 
143.5 ; 9.168e-09 ; True ; 1 14 24 175 248 314 372 464 524 607 692  ; 3 1 4 8 7 4 4 4 6 3 7 3 3 6 
143.8 ; 9.254e-09 ; True ; 1 24 148 175 248 314 372 464 524 692 731  ; 3 1 4 8 7 4 5 5 5 2 6 3 4 6 
145.5 ; 9.486e-09 ; True ; 1 24 175 228 248 314 372 464 524 692 731  ; 3 1 4 8 7 4 5 5 6 2 6 3 4 5 
145.6 ; 9.734e-09 ; True ; 1 14 24 175 248 314 372 464 524 584 692  ; 4 1 3 8 7 4 4 4 5 4 7 3 3 6 
145.7 ; 1.126e-08 ; True ; 1 14 24 175 248 314 372 464 524 692 731  ; 3 1 4 8 7 5 4 5 5 3 7 3 3 6 
146.9 ; 1.127e-08 ; True ; 1 24 175 248 314 372 464 524 584 692 731  ; 4 1 4 8 6 4 4 5 5 3 7 3 3 6 
149.6 ; 1.156e-08 ; True ; 1 24 175 248 314 372 464 524 606 692 731  ; 3 1 4 8 7 4 4 5 6 3 6 3 4 5 
151.1 ; 1.169e-08 ; True ; 1 161 175 248 314 372 420 464 524 692 859  ; 5 1 3 7 6 4 4 5 6 3 6 3 4 5 
151.6 ; 1.183e-08 ; True ; 1 14 24 175 248 314 372 420 464 524 692  ; 4 1 3 8 7 5 4 5 6 3 7 3 3 6 
152.6 ; 1.21e-08 ; True ; 1 24 161 175 314 372 420 464 524 606 692  ; 5 1 3 9 7 4 4 5 6 3 6 3 4 5 
153.5 ; 1.223e-08 ; True ; 1 24 161 175 248 314 372 464 524 692 859  ; 4 1 4 7 7 4 4 5 5 3 6 3 4 5 
153.7 ; 1.355e-08 ; True ; 1 24 161 175 248 314 372 464 524 692 731  ; 4 1 4 8 7 5 4 5 5 3 7 3 3 6 
158.4 ; 1.359e-08 ; True ; 1 24 118 161 314 372 420 464 524 606 692  ; 5 1 3 9 6 5 4 5 6 3 6 3 4 5 
160.6 ; 1.369e-08 ; True ; 1 14 24 107 175 248 314 372 464 524 692  ; 3 1 3 8 7 5 5 5 5 3 6 4 4 5 
160.8 ; 1.37e-08 ; True ; 1 24 107 175 248 314 372 464 524 584 692  ; 4 1 3 8 6 4 5 5 5 3 6 4 4 5 
160.8 ; 1.482e-08 ; True ; 1 24 118 161 175 314 372 420 464 606 607 692  ; 5 1 4 10 6 4 4 5 7 3 6 3 3 6 
164.4 ; 1.52e-08 ; True ; 1 118 161 175 248 314 372 420 464 606 692 859  ; 5 1 3 8 6 4 4 5 7 4 5 3 4 5 
165.7 ; 1.533e-08 ; True ; 1 24 107 248 314 372 464 524 584 692 731  ; 4 1 4 8 5 5 4 6 4 3 7 3 4 6 
165.7 ; 1.548e-08 ; True ; 1 14 24 107 175 228 248 314 372 464 607 692  ; 3 1 4 9 7 4 5 5 6 3 6 3 4 6 
165.9 ; 1.554e-08 ; True ; 1 24 161 175 228 248 314 372 420 464 692 731  ; 5 1 4 9 7 5 4 6 6 3 7 2 3 7 
166.5 ; 1.58e-08 ; True ; 1 24 118 161 175 314 372 420 464 606 692 859  ; 5 1 4 9 6 4 4 6 6 3 5 3 4 5 
166.6 ; 1.647e-08 ; True ; 1 24 107 161 175 248 314 372 464 524 692  ; 4 1 3 8 7 5 5 5 5 3 6 4 4 5 
166.7 ; 1.714e-08 ; True ; 1 24 118 161 175 228 248 314 372 464 692 731  ; 4 1 4 9 7 5 5 5 6 3 6 3 3 6 
167.5 ; 1.788e-08 ; True ; 1 24 118 161 175 248 314 372 420 464 606 692  ; 5 1 3 9 7 5 4 5 7 4 6 3 3 6 
169 ; 1.806e-08 ; True ; 1 14 24 175 248 314 372 464 524 692 731 770  ; 4 1 4 9 7 5 4 6 5 3 8 3 3 7 
169.1 ; 1.901e-08 ; True ; 1 14 24 148 175 248 314 372 464 524 692 731  ; 3 1 4 9 8 5 5 5 5 3 7 3 4 7 
169.3 ; 1.925e-08 ; True ; 1 24 148 175 248 314 372 464 524 584 692 731  ; 4 1 4 9 7 4 5 5 5 3 7 3 4 7 
170.8 ; 1.999e-08 ; True ; 1 14 24 175 228 248 314 372 464 524 692 731  ; 3 1 4 9 8 5 5 5 6 3 7 3 4 6 
171.1 ; 2.045e-08 ; True ; 1 14 24 175 248 314 372 464 524 584 692 731  ; 4 1 4 9 7 5 4 5 5 4 8 3 3 7 
175.9 ; 2.165e-08 ; True ; 1 14 24 175 248 314 372 464 524 606 692 731  ; 3 1 4 9 8 5 4 5 6 4 7 3 4 6 
177 ; 2.193e-08 ; True ; 1 24 175 248 314 372 464 524 584 606 692 731  ; 4 1 4 9 7 4 4 5 6 4 7 3 4 6 
177.9 ; 2.233e-08 ; True ; 1 24 161 175 248 314 372 420 464 524 607 692  ; 5 1 4 9 7 5 4 5 7 3 8 3 3 7 
178.1 ; 2.288e-08 ; True ; 1 24 148 161 175 248 314 372 464 524 692 731  ; 4 1 4 9 8 5 5 5 5 3 7 3 4 7 
178.7 ; 2.317e-08 ; True ; 1 24 161 175 228 248 314 372 420 464 524 692  ; 5 1 3 9 8 5 5 5 7 3 7 3 4 6 
178.8 ; 2.405e-08 ; True ; 1 24 161 175 228 248 314 372 464 524 692 731  ; 4 1 4 9 8 5 5 5 6 3 7 3 4 6 
181.4 ; 2.494e-08 ; True ; 1 14 24 175 248 314 372 464 524 692 731 829  ; 4 1 4 9 8 5 4 5 6 3 7 4 4 6 
182.7 ; 2.51e-08 ; True ; 1 24 161 175 248 314 372 420 464 524 606 692  ; 5 1 3 9 8 5 4 5 7 4 7 3 4 6 
182.9 ; 2.606e-08 ; True ; 1 24 161 175 248 314 372 464 524 606 692 731  ; 4 1 4 9 8 5 4 5 6 4 7 3 4 6 
188.1 ; 2.775e-08 ; True ; 1 14 24 107 175 248 314 372 464 524 692 731  ; 3 1 4 9 7 6 5 6 5 3 7 4 4 6 
189.2 ; 2.887e-08 ; True ; 1 24 107 175 248 314 372 464 524 584 692 731  ; 4 1 4 9 6 5 5 6 5 3 7 4 4 6 
191 ; 2.943e-08 ; True ; 1 24 107 161 175 248 314 372 464 524 607 692  ; 4 1 4 9 7 5 5 5 6 3 7 4 4 6 
191.2 ; 3.029e-08 ; True ; 1 24 118 161 175 228 248 314 372 420 464 606 692  ; 5 1 3 10 8 5 5 5 8 4 6 3 4 6 
195.1 ; 3.119e-08 ; True ; 1 14 24 175 228 248 314 372 464 524 607 692 731  ; 3 1 5 10 8 5 5 5 7 3 8 3 4 7 
196.4 ; 3.178e-08 ; True ; 1 14 24 175 248 314 372 464 524 584 607 692 731  ; 4 1 5 10 7 5 4 5 6 4 9 3 3 8 
196.9 ; 3.263e-08 ; True ; 1 24 118 161 175 228 248 314 372 420 464 692 731  ; 5 1 4 10 7 6 5 6 7 3 7 3 3 7 
197 ; 3.34e-08 ; True ; 1 24 107 161 175 248 314 372 464 524 692 731  ; 4 1 4 9 7 6 5 6 5 3 7 4 4 6 
199.1 ; 3.371e-08 ; True ; 1 14 24 175 248 314 372 464 524 584 692 731 747  ; 5 1 4 10 8 6 4 5 6 4 9 3 3 8 
199.9 ; 3.401e-08 ; True ; 1 24 118 161 175 248 314 372 420 464 606 692 859  ; 5 1 4 9 7 5 4 6 7 4 6 3 4 6 
201 ; 3.535e-08 ; True ; 1 24 118 161 175 248 314 372 420 464 606 692 731  ; 5 1 4 10 7 6 4 6 7 4 7 3 3 7 
202.5 ; 3.603e-08 ; True ; 1 24 148 161 175 248 314 372 464 524 607 692 731  ; 4 1 5 10 8 5 5 5 6 3 8 3 4 8 
203.1 ; 3.782e-08 ; True ; 1 24 161 175 228 248 314 372 420 464 524 607 692  ; 5 1 4 10 8 5 5 5 8 3 8 3 4 7 
206.2 ; 3.968e-08 ; True ; 1 14 24 175 228 248 314 372 420 464 524 692 731  ; 4 1 4 10 8 6 5 6 7 3 8 3 4 7 
206.9 ; 4.011e-08 ; True ; 1 24 118 161 175 314 372 420 464 524 606 607 692  ; 5 1 4 11 7 5 5 5 8 3 7 4 4 6 
208.1 ; 4.098e-08 ; True ; 1 24 161 175 248 314 372 420 464 524 606 607 692  ; 5 1 4 10 8 5 4 5 8 4 8 3 4 7 
209 ; 4.193e-08 ; True ; 1 24 161 175 228 248 314 372 464 524 606 692 731  ; 4 1 4 10 9 5 5 5 7 4 7 3 5 6 
209.5 ; 4.264e-08 ; True ; 1 14 24 175 248 314 372 464 524 584 692 731 829  ; 5 1 4 10 8 5 4 5 6 4 8 4 4 7 
211.3 ; 4.299e-08 ; True ; 1 14 24 175 248 314 372 420 464 524 606 692 731  ; 4 1 4 10 8 6 4 6 7 4 8 3 4 7 
212.1 ; 4.497e-08 ; True ; 1 24 161 175 228 248 314 372 420 464 524 692 731  ; 5 1 4 10 8 6 5 6 7 3 8 3 4 7 
214.5 ; 4.602e-08 ; True ; 1 24 118 161 175 248 314 372 420 464 524 606 692  ; 5 1 3 10 8 6 5 5 8 4 7 4 4 6 
215.5 ; 4.63e-08 ; True ; 1 24 107 175 248 314 372 464 524 584 607 692 731  ; 4 1 5 10 6 5 5 6 6 3 8 4 4 7 
216.1 ; 4.872e-08 ; True ; 1 24 161 175 248 314 372 420 464 524 606 692 731  ; 5 1 4 10 8 6 4 6 7 4 8 3 4 7 
220.8 ; 4.894e-08 ; True ; 1 24 118 161 175 228 314 372 420 464 606 607 692 731  ; 5 1 5 12 7 5 5 6 8 3 7 3 4 7 
222.2 ; 5.076e-08 ; True ; 1 14 24 107 161 175 248 314 372 464 524 607 692  ; 4 1 4 10 8 6 5 5 6 4 8 4 4 7 
223.1 ; 5.168e-08 ; True ; 1 24 107 161 175 248 314 372 464 524 606 607 692  ; 4 1 4 10 8 5 5 5 7 4 7 4 5 6 
223.3 ; 5.271e-08 ; True ; 1 24 107 175 248 314 372 464 524 584 606 692 731  ; 4 1 4 10 7 5 5 6 6 4 7 4 5 6 
223.4 ; 5.356e-08 ; True ; 1 24 107 161 175 248 314 372 464 524 607 692 731  ; 4 1 5 10 7 6 5 6 6 3 8 4 4 7 
225.2 ; 5.502e-08 ; True ; 1 24 107 161 175 248 314 372 420 464 524 607 692  ; 5 1 4 10 7 6 5 6 7 3 8 4 4 7 
227.3 ; 5.614e-08 ; True ; 1 14 24 107 161 175 248 314 372 464 524 692 731  ; 4 1 4 10 8 7 5 6 5 4 8 4 4 7 
228.4 ; 5.711e-08 ; True ; 1 24 107 161 175 248 314 372 464 524 584 692 731  ; 5 1 4 10 7 6 5 6 5 4 8 4 4 7 
230.2 ; 6.027e-08 ; True ; 1 24 107 161 175 248 314 372 464 524 606 692 731  ; 4 1 4 10 8 6 5 6 6 4 7 4 5 6 
233.3 ; 6.081e-08 ; True ; 1 24 107 161 175 248 314 372 420 464 524 692 731  ; 5 1 4 10 7 7 5 7 6 3 8 4 4 7 
234.3 ; 6.372e-08 ; True ; 1 24 161 175 228 248 314 372 420 464 524 606 607 692  ; 5 1 4 11 9 5 5 5 9 4 8 3 5 7 
236.7 ; 6.584e-08 ; True ; 1 14 24 148 175 248 314 372 464 524 584 692 731 829  ; 5 1 4 11 9 5 5 5 6 4 8 4 5 8 
238.4 ; 6.673e-08 ; True ; 1 24 161 175 228 248 314 372 420 464 524 607 692 731  ; 5 1 5 11 8 6 5 6 8 3 9 3 4 8 
241.2 ; 6.713e-08 ; True ; 1 24 118 161 175 314 372 420 464 524 606 607 692 859  ; 5 1 5 11 7 5 5 6 8 3 7 4 5 6 
242.1 ; 6.874e-08 ; True ; 1 24 118 161 175 228 248 314 372 420 464 524 606 692  ; 5 1 3 11 9 6 6 5 9 4 7 4 5 6 
242.3 ; 7.404e-08 ; True ; 1 24 118 161 175 248 314 372 420 464 524 606 607 692  ; 5 1 4 11 8 6 5 5 9 4 8 4 4 7 
244.3 ; 7.689e-08 ; True ; 1 24 161 175 228 248 314 372 420 464 524 606 692 731  ; 5 1 4 11 9 6 5 6 8 4 8 3 5 7 
245.6 ; 7.831e-08 ; True ; 1 14 24 107 175 248 314 372 464 524 584 607 692 731  ; 4 1 5 11 7 6 5 6 6 4 9 4 4 8 
249.8 ; 8.214e-08 ; True ; 1 24 118 161 175 248 314 372 420 464 524 606 692 859  ; 5 1 4 10 8 6 5 6 8 4 7 4 5 6 
251.5 ; 8.227e-08 ; True ; 1 24 107 175 248 314 372 464 524 584 606 607 692 731  ; 4 1 5 11 7 5 5 6 7 4 8 4 5 7 
251.9 ; 8.704e-08 ; True ; 1 24 118 161 175 248 314 372 420 464 524 606 692 731  ; 5 1 4 11 8 7 5 6 8 4 8 4 4 7 
256.7 ; 8.877e-08 ; True ; 1 24 107 161 175 248 314 372 464 524 584 607 692 731  ; 5 1 5 11 7 6 5 6 6 4 9 4 4 8 
258.5 ; 9.408e-08 ; True ; 1 24 107 161 175 248 314 372 464 524 606 607 692 731  ; 4 1 5 11 8 6 5 6 7 4 8 4 5 7 
259.4 ; 9.477e-08 ; True ; 1 24 107 161 175 248 314 372 420 464 524 606 607 692  ; 5 1 4 11 8 6 5 6 8 4 8 4 5 7 
263.6 ; 9.586e-08 ; True ; 1 24 107 175 248 314 372 420 464 524 584 606 692 731  ; 5 1 4 11 7 6 5 7 7 4 8 4 5 7 
264.5 ; 9.663e-08 ; True ; 1 24 107 161 175 248 314 372 464 524 584 606 692 731  ; 5 1 4 11 8 6 5 6 6 5 8 4 5 7 
266.3 ; 9.687e-08 ; True ; 1 24 107 161 175 248 314 372 420 464 524 606 692 859  ; 5 1 4 10 8 6 5 7 7 4 7 4 6 6 
266.5 ; 9.725e-08 ; True ; 1 14 24 107 161 175 248 314 372 420 464 524 692 731  ; 5 1 4 11 8 8 5 7 6 4 9 4 4 8 
266.5 ; 9.75e-08 ; True ; 1 24 118 161 175 228 248 314 372 420 464 606 692 731 859  ; 5 1 5 11 8 6 5 7 8 4 7 3 5 7 
268.4 ; 1.068e-07 ; True ; 1 24 107 161 175 248 314 372 420 464 524 606 692 731  ; 5 1 4 11 8 7 5 7 7 4 8 4 5 7 
272.6 ; 1.124e-07 ; True ; 1 24 161 175 228 248 314 372 420 464 524 606 607 692 731  ; 5 1 5 12 9 6 5 6 9 4 9 3 5 8 
279 ; 1.135e-07 ; True ; 1 14 24 148 175 248 314 372 420 464 524 584 692 731 829  ; 6 1 4 12 9 6 5 6 7 4 9 4 5 9 
280.4 ; 1.239e-07 ; True ; 1 24 118 161 175 248 314 372 420 464 524 606 607 692 859  ; 5 1 5 11 8 6 5 6 9 4 8 4 5 7 
281.6 ; 1.273e-07 ; True ; 1 24 118 161 175 248 314 372 420 464 524 606 607 692 731  ; 5 1 5 12 8 7 5 6 9 4 9 4 4 8 
284.3 ; 1.291e-07 ; True ; 1 24 118 148 161 175 248 314 372 420 464 524 606 692 731  ; 5 1 4 12 9 7 6 6 8 4 8 4 5 8 
288.5 ; 1.37e-07 ; True ; 1 24 107 161 175 228 248 314 372 464 524 606 607 692 731  ; 4 1 5 12 9 6 6 6 8 4 8 4 6 7 
291 ; 1.417e-07 ; True ; 1 24 118 161 175 248 314 372 420 464 524 606 692 731 859  ; 5 1 5 11 8 7 5 7 8 4 8 4 5 7 
294.7 ; 1.462e-07 ; True ; 1 24 107 161 175 248 314 372 464 524 584 606 607 692 731  ; 5 1 5 12 8 6 5 6 7 5 9 4 5 8 
297.5 ; 1.483e-07 ; True ; 1 24 107 161 175 248 314 372 420 464 524 606 607 692 859  ; 5 1 5 11 8 6 5 7 8 4 8 4 6 7 
298.7 ; 1.585e-07 ; True ; 1 24 107 161 175 248 314 372 420 464 524 606 607 692 731  ; 5 1 5 12 8 7 5 7 8 4 9 4 5 8 
304.6 ; 1.589e-07 ; True ; 1 14 24 107 161 175 248 314 372 420 464 524 606 692 731  ; 5 1 4 12 9 8 5 7 7 5 9 4 5 8 
305.7 ; 1.6e-07 ; True ; 1 24 107 161 175 248 314 372 420 464 524 584 606 692 731  ; 6 1 4 12 8 7 5 7 7 5 9 4 5 8 
307.5 ; 1.638e-07 ; True ; 1 24 107 161 175 248 314 372 420 464 524 606 692 731 859  ; 5 1 5 11 8 7 5 8 7 4 8 4 6 7 
311.3 ; 1.657e-07 ; True ; 1 24 107 118 161 248 314 372 420 464 524 606 607 692 731  ; 5 1 5 12 7 8 5 7 8 4 9 4 5 8 
313.9 ; 1.665e-07 ; True ; 1 14 24 107 161 175 248 314 372 420 464 524 692 731 829  ; 6 1 4 12 9 8 5 7 7 4 9 5 5 8 
314.4 ; 1.689e-07 ; True ; 1 24 161 175 228 248 314 372 420 464 524 606 607 692 731 859  ; 5 1 6 12 9 6 5 7 9 4 9 3 6 8 
314.9 ; 1.863e-07 ; True ; 1 24 118 148 161 175 248 314 372 420 464 524 606 607 692 731  ; 5 1 5 13 9 7 6 6 9 4 9 4 5 9 
321 ; 1.873e-07 ; True ; 1 24 161 175 228 248 314 372 420 464 524 606 607 692 731 829  ; 6 1 5 13 10 6 5 6 10 4 9 4 6 8 
323.6 ; 1.99e-07 ; True ; 1 24 118 161 175 248 314 372 420 464 524 606 607 692 731 859  ; 5 1 6 12 8 7 5 7 9 4 9 4 5 8 
329.5 ; 2.072e-07 ; True ; 1 24 107 161 175 228 248 314 372 420 464 524 606 607 692 859  ; 5 1 5 12 9 6 6 7 9 4 8 4 7 7 
330.8 ; 2.123e-07 ; True ; 1 24 118 161 175 248 314 372 420 464 524 584 606 692 731 859  ; 6 1 5 12 8 7 5 7 8 5 9 4 5 8 
336.3 ; 2.139e-07 ; True ; 1 24 107 161 175 228 248 314 372 464 524 584 692 731 747 859  ; 6 1 5 12 9 7 6 7 7 4 9 4 6 8 
336.7 ; 2.196e-07 ; True ; 1 24 107 161 175 248 314 372 464 524 584 606 607 692 731 859  ; 5 1 6 12 8 6 5 7 7 5 9 4 6 8 
337.8 ; 2.222e-07 ; True ; 1 24 107 161 175 248 314 372 420 464 524 584 606 607 692 859  ; 6 1 5 12 8 6 5 7 8 5 9 4 6 8 
338 ; 2.32e-07 ; True ; 1 24 107 161 175 248 314 372 420 464 524 584 606 607 692 731  ; 6 1 5 13 8 7 5 7 8 5 10 4 5 9 
339.6 ; 2.354e-07 ; True ; 1 24 107 118 161 175 248 314 372 420 464 524 606 607 692 859  ; 5 1 5 12 8 7 6 7 9 4 8 5 6 7 
346.7 ; 2.445e-07 ; True ; 1 24 107 161 175 248 314 317 372 420 464 524 606 607 692 731  ; 5 1 5 13 9 8 6 7 8 5 9 4 5 8 
347.8 ; 2.454e-07 ; True ; 1 24 107 161 175 248 314 372 420 464 524 584 606 692 731 859  ; 6 1 5 12 8 7 5 8 7 5 9 4 6 8 
349 ; 2.519e-07 ; True ; 1 24 107 161 175 248 314 372 420 464 524 606 607 692 731 829  ; 6 1 5 13 9 7 5 7 9 4 9 5 6 8 
353.9 ; 2.532e-07 ; True ; 1 24 107 161 175 248 314 372 420 437 464 524 606 607 692 731  ; 5 1 6 12 8 7 6 7 8 4 9 5 5 8 
359.8 ; 2.572e-07 ; True ; 1 24 107 161 175 248 314 372 420 464 524 606 692 731 829 859  ; 6 1 5 12 9 7 5 8 8 4 8 5 7 7 
363.7 ; 2.744e-07 ; True ; 1 24 107 144 161 175 248 314 372 420 464 524 606 692 731 859  ; 5 1 5 12 9 8 6 8 8 5 8 4 6 7 
369.3 ; 2.824e-07 ; True ; 1 24 118 161 175 248 314 372 420 464 524 550 606 607 692 731 859  ; 5 1 6 13 9 7 6 7 10 4 9 4 6 8 
371.5 ; 3.069e-07 ; True ; 1 24 118 161 175 248 314 317 372 420 464 524 606 607 692 731 859  ; 5 1 6 13 9 8 6 7 9 5 9 4 5 8 
375.9 ; 3.074e-07 ; True ; 1 24 107 161 175 248 314 372 420 464 480 524 606 607 692 731  ; 5 1 5 13 9 8 6 7 9 5 9 5 5 8 
376.8 ; 3.128e-07 ; True ; 1 24 118 161 175 248 314 372 420 464 524 606 607 692 731 829 859  ; 6 1 6 13 9 7 5 7 10 4 9 5 6 8 
379 ; 3.196e-07 ; True ; 1 24 118 161 175 248 314 317 372 420 464 524 606 607 692 731 829  ; 6 1 5 14 10 8 6 6 10 5 9 5 5 8 
382.9 ; 3.416e-07 ; True ; 1 24 107 161 175 248 314 372 420 464 524 584 606 607 692 731 859  ; 6 1 6 13 8 7 5 8 8 5 10 4 6 9 
390.3 ; 3.459e-07 ; True ; 1 24 118 161 175 248 314 317 372 420 464 524 606 692 731 829 859  ; 6 1 5 13 10 8 6 7 9 5 8 5 6 7 
390.9 ; 3.601e-07 ; True ; 1 24 107 161 175 248 314 372 420 464 524 584 606 607 692 731 829  ; 7 1 5 14 9 7 5 7 9 5 10 5 6 9 
394.9 ; 3.611e-07 ; True ; 1 24 107 161 175 248 314 372 420 464 524 606 607 692 731 829 859  ; 6 1 6 13 9 7 5 8 9 4 9 5 7 8 
400.9 ; 3.77e-07 ; True ; 1 24 107 161 175 248 314 317 372 420 464 524 607 692 731 829 859  ; 6 1 6 13 9 8 6 8 8 4 9 5 6 8 
403.7 ; 3.816e-07 ; True ; 1 24 118 161 175 248 314 372 420 464 480 524 606 607 692 731 859  ; 5 1 6 13 9 8 6 7 10 5 9 5 5 8 
409.1 ; 3.87e-07 ; True ; 1 24 107 161 175 248 314 372 420 437 464 524 606 607 692 731 829  ; 6 1 6 13 9 7 6 7 9 4 9 6 6 8 
410.8 ; 3.949e-07 ; True ; 1 24 107 161 175 248 314 317 372 420 464 524 606 692 731 829 859  ; 6 1 5 13 10 8 6 8 8 5 8 5 7 7 
412.5 ; 3.984e-07 ; True ; 1 24 118 161 175 248 253 314 372 420 464 480 524 606 692 731 859  ; 5 1 5 13 9 8 6 8 9 6 9 5 5 8 
413.8 ; 4.222e-07 ; True ; 1 24 107 161 175 228 248 314 372 420 464 480 524 606 607 692 731  ; 5 1 5 14 10 8 7 7 10 5 9 5 6 8 
420.9 ; 4.276e-07 ; True ; 1 14 24 107 161 175 248 314 372 420 464 480 524 607 692 731 859  ; 5 1 6 13 9 9 6 8 8 5 10 5 5 9 
421.1 ; 4.364e-07 ; True ; 1 24 107 161 175 248 314 372 420 464 480 524 584 607 692 731 859  ; 6 1 6 13 8 8 6 8 8 5 10 5 5 9 
421.7 ; 4.452e-07 ; True ; 1 24 107 161 175 248 314 372 420 464 524 584 606 607 657 692 731 859  ; 6 1 6 14 8 7 5 8 8 5 10 5 7 9 
421.8 ; 4.526e-07 ; True ; 1 24 107 161 175 248 314 372 420 464 480 524 606 607 692 731 859  ; 5 1 6 13 9 8 6 8 9 5 9 5 6 8 
427.1 ; 4.994e-07 ; True ; 1 14 24 107 161 175 228 248 314 372 420 464 524 606 607 692 731 829  ; 6 1 5 15 11 8 6 7 10 5 10 5 7 9 
446.7 ; 5.044e-07 ; True ; 1 24 107 161 175 228 248 314 372 420 437 464 524 606 607 692 845 859  ; 6 1 6 13 10 7 7 7 9 5 8 5 7 8 
452.1 ; 5.278e-07 ; True ; 1 24 107 118 161 175 248 314 372 420 464 480 584 606 607 692 731 859  ; 6 1 6 14 8 8 6 8 9 6 9 5 5 9 
457.8 ; 5.352e-07 ; True ; 1 24 107 161 175 248 314 372 420 464 524 606 607 692 731 829 845 859  ; 7 1 6 14 10 8 5 8 9 5 9 5 7 9 
461 ; 5.355e-07 ; True ; 1 24 107 161 175 248 314 317 372 420 464 524 606 692 731 747 829 859  ; 7 1 5 14 11 9 6 8 9 5 9 5 7 8 
462.5 ; 6.051e-07 ; True ; 1 24 107 161 175 228 248 314 372 420 464 480 524 606 607 692 731 859  ; 5 1 6 14 10 8 7 8 10 5 9 5 7 8 
472.5 ; 6.094e-07 ; True ; 1 24 107 161 175 248 314 372 420 464 480 524 606 607 692 731 747 859  ; 6 1 6 14 10 9 6 8 10 5 10 5 6 9 
474.1 ; 6.106e-07 ; True ; 1 24 107 148 161 175 248 314 372 420 464 480 524 606 607 692 731 829  ; 6 1 5 15 11 8 7 7 10 5 9 6 7 9 
477.6 ; 6.401e-07 ; True ; 1 24 107 161 175 248 314 317 372 420 464 480 524 606 607 692 731 859  ; 5 1 6 14 10 9 7 8 9 6 9 5 6 8 
479.9 ; 6.514e-07 ; True ; 1 24 107 161 175 248 314 372 420 464 480 524 584 607 692 731 829 859  ; 7 1 6 14 9 8 6 8 9 5 10 6 6 9 
481.9 ; 6.626e-07 ; True ; 1 24 107 161 175 248 314 372 420 464 480 524 606 607 692 731 829 859  ; 6 1 6 14 10 8 6 8 10 5 9 6 7 8 
487 ; 6.714e-07 ; True ; 1 24 107 161 175 248 314 317 372 420 464 480 524 607 692 731 829 859  ; 6 1 6 14 10 9 7 8 9 5 9 6 6 8 
496.9 ; 6.729e-07 ; True ; 1 24 107 161 175 248 314 317 372 420 464 480 524 606 692 731 829 859  ; 6 1 5 14 11 9 7 8 9 6 8 6 7 7 
505.9 ; 6.767e-07 ; True ; 1 24 107 161 175 248 314 372 420 464 480 524 606 692 731 829 845 859  ; 7 1 5 14 11 9 6 8 9 6 8 6 7 8 
507.6 ; 6.911e-07 ; True ; 1 24 107 161 175 248 314 372 420 464 480 524 606 607 692 731 835 859  ; 5 1 7 13 9 8 6 9 9 5 10 6 6 9 
508.4 ; 7.006e-07 ; True ; 1 24 107 161 175 228 248 314 372 420 464 480 524 606 692 731 835 859  ; 5 1 6 13 10 8 7 9 9 5 9 6 7 8 
508.9 ; 7.12e-07 ; True ; 1 24 107 144 161 175 248 314 372 420 464 480 524 606 692 731 829 859  ; 6 1 5 14 11 9 7 8 10 6 8 6 7 7 
512.4 ; 7.284e-07 ; True ; 1 24 107 144 161 248 314 372 420 464 480 524 606 607 692 731 829 859  ; 6 1 6 14 10 9 6 8 10 6 9 5 7 8 
522.5 ; 7.328e-07 ; True ; 1 24 107 161 175 248 314 317 372 420 464 480 524 606 692 731 835 859  ; 5 1 6 13 10 9 7 9 8 6 9 6 6 8 
523.7 ; 7.569e-07 ; True ; 1 24 107 161 175 248 314 372 420 437 464 524 584 607 692 731 829 845 859  ; 8 1 7 14 9 8 6 8 8 5 10 6 6 10 
525.5 ; 8.582e-07 ; True ; 1 24 107 161 175 228 248 314 372 420 464 480 524 606 607 692 731 829 859  ; 6 1 6 15 11 8 7 8 11 5 9 6 8 8 
540.3 ; 8.676e-07 ; True ; 1 24 107 118 161 175 248 314 372 420 464 480 524 584 607 692 731 845 859  ; 7 1 6 15 9 10 7 8 9 6 10 6 5 10 
540.6 ; 9.34e-07 ; True ; 1 24 107 161 175 248 314 317 372 420 464 480 524 606 607 692 731 829 859  ; 6 1 6 15 11 9 7 8 10 6 9 6 7 8 
560.2 ; 9.435e-07 ; True ; 1 24 107 144 148 161 248 314 372 420 464 480 524 606 607 692 731 829 859  ; 6 1 6 15 11 9 7 8 10 6 9 5 8 9 
576.3 ; 9.839e-07 ; True ; 1 24 107 161 175 248 314 372 420 464 480 524 606 607 692 731 835 845 859  ; 6 1 7 14 10 9 6 9 9 6 10 6 6 10 
577.1 ; 1.004e-06 ; True ; 1 24 107 161 175 228 248 314 372 420 464 480 524 606 692 731 835 845 859  ; 6 1 6 14 11 9 7 9 9 6 9 6 7 9 
585.5 ; 1.011e-06 ; True ; 1 24 107 161 175 228 248 314 372 399 420 464 480 524 606 607 692 731 845 859  ; 7 1 6 16 12 10 7 8 10 6 10 5 7 9 
592.1 ; 1.051e-06 ; True ; 1 24 107 161 248 314 317 372 420 464 480 524 606 607 692 731 829 835 859  ; 6 1 7 14 10 9 6 9 9 6 10 6 7 9 
596.1 ; 1.144e-06 ; True ; 1 14 24 107 161 175 248 314 372 420 464 480 524 606 607 692 731 747 846 859  ; 6 1 6 16 11 10 7 8 10 6 11 6 7 10 
604.4 ; 1.186e-06 ; True ; 1 24 107 161 175 248 314 372 420 464 480 524 606 607 678 692 731 829 845 859  ; 7 1 6 16 12 9 7 9 10 6 10 6 7 9 
623.8 ; 1.206e-06 ; True ; 1 24 107 161 175 248 314 372 420 464 474 480 524 606 607 692 731 829 845 859  ; 7 1 6 16 11 9 7 8 11 6 9 7 7 9 
657.6 ; 1.273e-06 ; True ; 1 24 107 161 175 248 314 372 420 464 480 524 565 606 607 692 731 829 835 859  ; 6 1 8 14 10 8 6 10 10 5 10 8 7 9 
658.6 ; 1.321e-06 ; True ; 1 24 107 118 161 175 215 248 314 372 420 464 480 524 606 607 692 731 829 845 859  ; 8 1 6 17 11 10 7 8 11 6 9 7 7 9 
665.7 ; 1.401e-06 ; True ; 1 24 107 161 248 314 317 372 420 464 480 524 606 607 692 731 829 835 845 859  ; 7 1 7 15 11 10 6 9 9 7 10 6 7 10 
677.5 ; 1.426e-06 ; True ; 1 24 107 161 175 248 314 372 420 464 480 524 606 607 678 692 731 829 845 859 861  ; 7 1 6 17 12 9 8 9 10 6 10 6 8 9 
691.7 ; 1.506e-06 ; True ; 1 19 24 107 137 161 175 248 314 372 420 464 480 524 606 607 692 731 829 845 859  ; 8 1 6 16 13 9 7 8 10 7 10 7 7 10 
708.1 ; 1.691e-06 ; True ; 1 24 107 161 175 225 248 314 317 372 420 464 480 524 606 607 692 731 829 835 859  ; 7 1 7 16 11 9 7 9 11 6 10 7 8 9 
714.8 ; 1.847e-06 ; True ; 1 24 107 161 175 248 314 317 372 420 464 480 524 606 607 692 731 829 835 845 859  ; 7 1 7 16 12 10 7 9 10 7 10 7 7 10 
810.1 ; 1.99e-06 ; True ; 1 24 107 161 175 248 314 317 372 420 437 464 480 524 606 607 642 692 731 829 835 845  ; 8 1 7 17 12 11 8 8 10 7 10 8 6 10 
818.8 ; 2.103e-06 ; True ; 1 24 78 107 118 175 248 314 317 372 420 463 464 480 524 606 607 678 692 731 829 845 859  ; 7 1 6 19 13 12 9 9 11 7 10 7 7 9 
904.6 ; 2.143e-06 ; True ; 1 24 95 107 175 248 314 345 372 420 464 480 524 606 607 692 731 747 829 835 845 859 861  ; 7 1 7 17 12 10 8 10 11 5 10 8 9 10 
923.9 ; 2.193e-06 ; True ; 1 24 107 161 175 231 248 314 372 420 480 524 606 607 678 692 731 800 829 835 845 859 861  ; 7 1 6 18 12 10 9 9 10 6 10 9 9 9 
926.6 ; 2.533e-06 ; True ; 1 24 107 161 175 248 256 314 317 372 420 437 464 480 524 606 607 692 725 731 829 835 845  ; 7 1 8 17 12 10 9 9 11 7 10 8 6 10 
973.2 ; 2.575e-06 ; True ; 1 15 19 24 107 161 175 248 314 372 420 464 480 524 606 607 692 731 829 835 845 859 861 865  ; 8 1 7 18 12 10 8 10 10 7 10 7 8 11 


RUN 9:
Optimum Distance: 15.16
Optimal Team: 118,161,372,859,
Required Skills: 0 1 4 5 9 10 11 12 14 15 16 18 23 24 
Distance; Skill Score; isValid; Team; Skill Counts
15.16 ; 1.727e-14 ; True ; 118 161 372 859  ; 1 1 1 2 1 2 1 2 1 1 1 1 1 1 
17.13 ; 3.403e-14 ; True ; 1 118 314 372  ; 1 1 1 2 1 1 2 2 2 1 1 1 1 1 
18.63 ; 5.537e-14 ; True ; 161 369 372 692  ; 2 1 1 3 2 1 1 2 1 1 1 1 1 2 
18.81 ; 1.996e-13 ; True ; 1 161 372 692  ; 2 1 1 3 2 1 1 2 1 2 2 1 1 2 
19.54 ; 2.342e-13 ; True ; 24 248 372 692  ; 1 1 1 2 3 2 1 2 2 1 2 1 1 2 
20.7 ; 2.354e-13 ; True ; 1 372 420 524  ; 1 1 1 3 1 2 1 3 2 1 3 1 1 2 
21.56 ; 2.395e-13 ; True ; 24 161 372 692  ; 2 1 1 3 3 2 1 2 1 1 2 1 1 2 
21.56 ; 2.848e-13 ; True ; 1 161 372 524  ; 1 1 1 3 2 2 1 2 1 2 3 1 1 2 
22.79 ; 4.009e-13 ; True ; 1 372 524 692  ; 1 1 1 3 2 1 2 2 2 1 2 2 2 1 
22.84 ; 4.228e-13 ; True ; 118 161 372 420 859  ; 2 1 1 3 1 3 1 3 2 1 2 1 1 2 
24.67 ; 5.853e-13 ; True ; 1 118 161 372 606  ; 1 1 1 4 2 2 1 2 2 3 2 1 1 2 
25.33 ; 1.341e-12 ; True ; 1 118 161 314 372  ; 2 1 1 3 2 2 2 2 2 2 2 1 1 2 
27.44 ; 2.569e-12 ; True ; 1 118 161 372 692  ; 2 1 1 4 2 2 2 2 2 2 2 2 1 2 
27.57 ; 2.629e-12 ; True ; 1 161 372 420 692  ; 3 1 1 4 2 2 1 3 2 2 3 1 1 3 
29.06 ; 3.018e-12 ; True ; 1 118 161 372 420 468  ; 2 1 1 4 1 3 1 3 2 2 3 2 1 3 
31.25 ; 3.336e-12 ; True ; 1 161 372 420 524  ; 2 1 1 4 2 3 1 3 2 2 4 1 1 3 
31.55 ; 3.653e-12 ; True ; 1 314 372 420 524  ; 2 1 1 3 2 2 2 3 3 1 3 1 2 2 
32.41 ; 4.469e-12 ; True ; 1 161 314 372 524  ; 2 1 1 3 3 2 2 2 2 2 3 1 2 2 
33.34 ; 5.685e-12 ; True ; 1 118 161 372 420 606  ; 2 1 1 5 2 3 1 3 3 3 3 1 1 3 
34.33 ; 7.454e-12 ; True ; 1 118 161 228 372 420  ; 2 1 1 5 2 3 2 3 3 2 3 1 1 3 
34.92 ; 9.973e-12 ; True ; 1 118 161 314 372 420  ; 3 1 1 4 2 3 2 3 3 2 3 1 1 3 
37.09 ; 1.88e-11 ; True ; 1 118 161 372 420 692  ; 3 1 1 5 2 3 2 3 3 2 3 2 1 3 
39.37 ; 2.084e-11 ; True ; 1 161 314 372 420 692  ; 4 1 1 4 3 2 2 3 3 2 3 1 2 3 
42.57 ; 2.125e-11 ; True ; 1 118 161 372 420 524  ; 2 1 1 5 2 4 2 3 3 2 4 2 1 3 
42.88 ; 2.81e-11 ; True ; 1 24 248 314 372 692  ; 2 1 2 3 4 2 2 3 3 2 3 1 2 3 
45.02 ; 2.961e-11 ; True ; 1 161 314 372 420 524  ; 3 1 1 4 3 3 2 3 3 2 4 1 2 3 
45.73 ; 3.529e-11 ; True ; 1 118 161 314 372 420 468  ; 3 1 1 4 2 3 2 3 3 2 3 2 2 3 
47.29 ; 3.849e-11 ; True ; 1 161 314 372 524 692  ; 3 1 1 4 4 2 3 2 3 2 3 2 3 2 
47.84 ; 4.37e-11 ; True ; 1 118 161 175 314 372 420  ; 3 1 1 5 3 3 3 3 4 2 3 2 1 3 
48.11 ; 5.581e-11 ; True ; 1 161 372 420 524 692  ; 3 1 1 5 3 3 2 3 3 2 4 2 2 3 
50.01 ; 6.155e-11 ; True ; 1 118 161 175 372 420 692  ; 3 1 1 6 3 3 3 3 4 2 3 3 1 3 
51.21 ; 8.421e-11 ; True ; 1 118 161 372 420 606 692  ; 3 1 1 6 3 3 2 3 4 3 3 2 2 3 
51.81 ; 9.949e-11 ; True ; 1 118 161 314 372 420 692  ; 4 1 1 5 3 3 3 3 4 2 3 2 2 3 
54.64 ; 1.066e-10 ; True ; 1 24 175 248 314 372 692  ; 2 1 2 4 5 2 3 3 4 2 3 2 2 3 
55.91 ; 1.11e-10 ; True ; 1 118 161 314 372 464 692  ; 4 1 2 5 3 2 3 3 3 2 3 2 2 3 
55.91 ; 1.149e-10 ; True ; 1 24 161 175 314 372 692  ; 3 1 2 5 5 2 3 3 3 2 3 2 2 3 
59.26 ; 1.259e-10 ; True ; 1 118 161 314 372 420 524  ; 3 1 1 5 3 4 3 3 4 2 4 2 2 3 
59.53 ; 1.468e-10 ; True ; 1 24 118 161 314 372 692  ; 3 1 2 5 4 3 3 3 3 2 3 2 2 3 
62.42 ; 1.774e-10 ; True ; 1 118 161 372 420 524 692  ; 3 1 1 6 3 4 3 3 4 2 4 3 2 3 
62.88 ; 1.995e-10 ; True ; 1 161 314 372 420 524 692  ; 4 1 1 5 4 3 3 3 4 2 4 2 3 3 
63.83 ; 2.315e-10 ; True ; 1 248 314 372 464 524 692  ; 3 1 2 4 4 2 3 3 4 2 4 2 3 3 
65.59 ; 2.59e-10 ; True ; 1 24 248 314 372 524 692  ; 2 1 2 4 5 3 3 3 4 2 4 2 3 3 
66.86 ; 2.875e-10 ; True ; 1 161 175 314 372 420 607 692  ; 4 1 2 6 4 2 3 3 5 2 4 2 2 4 
67.18 ; 2.921e-10 ; True ; 1 161 175 314 372 420 692 859  ; 4 1 2 5 4 2 3 4 4 2 3 2 3 3 
68.24 ; 2.943e-10 ; True ; 1 118 161 372 420 606 607 692  ; 3 1 2 7 3 3 2 3 5 3 4 2 2 4 
68.7 ; 3.539e-10 ; True ; 1 118 161 314 372 420 692 859  ; 4 1 2 5 3 3 3 4 4 2 3 2 3 3 
70.19 ; 4.109e-10 ; True ; 1 24 175 248 314 372 464 692  ; 3 1 3 5 5 2 3 4 4 2 4 2 2 4 
71.32 ; 4.232e-10 ; True ; 1 24 175 248 314 372 692 731  ; 2 1 3 5 5 3 3 4 4 2 4 2 2 4 
71.43 ; 4.275e-10 ; True ; 1 118 161 314 372 420 464 692  ; 5 1 2 6 3 3 3 4 4 2 4 2 2 4 
73.41 ; 4.695e-10 ; True ; 1 24 161 175 314 372 420 692  ; 4 1 2 6 5 3 3 4 4 2 4 2 2 4 
74.25 ; 4.706e-10 ; True ; 1 24 161 175 248 314 372 692  ; 3 1 2 5 6 3 3 3 4 3 4 2 2 4 
75.92 ; 5.345e-10 ; True ; 1 24 118 161 314 372 420 692  ; 4 1 2 6 4 4 3 4 4 2 4 2 2 4 
78.56 ; 5.424e-10 ; True ; 1 175 248 314 372 464 524 692  ; 3 1 2 5 5 2 4 3 5 2 4 3 3 3 
78.77 ; 5.529e-10 ; True ; 1 161 175 314 372 464 524 692  ; 4 1 2 6 5 2 4 3 4 2 4 3 3 3 
79.74 ; 6.313e-10 ; True ; 1 161 314 372 420 524 692 859  ; 4 1 2 5 4 3 3 4 4 2 4 2 4 3 
80.41 ; 6.563e-10 ; True ; 1 161 314 372 420 524 607 692  ; 4 1 2 6 4 3 3 3 5 2 5 2 3 4 
81.68 ; 7.039e-10 ; True ; 1 161 175 372 420 464 524 692  ; 4 1 2 7 4 3 3 4 4 2 5 3 2 4 
82.49 ; 8.056e-10 ; True ; 1 161 314 372 420 464 524 692  ; 5 1 2 6 4 3 3 4 4 2 5 2 3 4 
83.13 ; 9.38e-10 ; True ; 1 24 248 314 372 464 524 692  ; 3 1 3 5 5 3 3 4 4 2 5 2 3 4 
85.63 ; 9.437e-10 ; True ; 24 175 248 314 372 464 515 692 731  ; 3 1 3 6 5 4 3 4 4 2 5 2 2 5 
85.72 ; 9.946e-10 ; True ; 14 24 175 248 314 372 464 692 731  ; 3 1 3 6 6 4 3 4 4 2 5 2 2 5 
86.34 ; 1.049e-09 ; True ; 1 118 161 175 314 372 420 464 692  ; 5 1 2 7 4 3 4 4 5 2 4 3 2 4 
87.65 ; 1.058e-09 ; True ; 1 118 161 175 372 420 464 606 692  ; 4 1 2 8 4 3 3 4 5 3 4 3 2 4 
88.64 ; 1.183e-09 ; True ; 1 14 24 175 248 314 372 464 692  ; 3 1 3 6 6 3 3 4 4 3 5 2 2 5 
88.82 ; 1.195e-09 ; True ; 1 24 175 248 314 372 464 692 731  ; 3 1 4 6 5 3 3 5 4 2 5 2 2 5 
90.37 ; 1.212e-09 ; True ; 1 118 161 314 372 420 464 606 692  ; 5 1 2 7 4 3 3 4 5 3 4 2 3 4 
91.28 ; 1.236e-09 ; True ; 1 161 175 248 314 372 420 464 692  ; 5 1 2 6 5 3 3 4 5 3 5 2 2 5 
91.77 ; 1.244e-09 ; True ; 1 24 118 161 175 314 372 420 692  ; 4 1 2 7 5 4 4 4 5 2 4 3 2 4 
92.75 ; 1.424e-09 ; True ; 1 24 161 175 248 314 372 464 692  ; 4 1 3 6 6 3 3 4 4 3 5 2 2 5 
94.87 ; 1.437e-09 ; True ; 1 24 118 161 314 372 420 606 692  ; 4 1 2 7 5 4 3 4 5 3 4 2 3 4 
94.88 ; 1.463e-09 ; True ; 1 24 161 175 248 314 372 692 731  ; 3 1 3 6 6 4 3 4 4 3 5 2 2 5 
97.23 ; 1.468e-09 ; True ; 1 161 175 314 372 420 524 607 692  ; 4 1 2 7 5 3 4 3 6 2 5 3 3 4 
97.56 ; 1.471e-09 ; True ; 1 161 175 314 372 420 524 692 859  ; 4 1 2 6 5 3 4 4 5 2 4 3 4 3 
98.71 ; 1.568e-09 ; True ; 1 24 118 161 248 314 372 420 692  ; 4 1 2 6 5 5 3 4 5 3 5 2 2 5 
99.31 ; 1.875e-09 ; True ; 1 161 175 314 372 420 464 524 692  ; 5 1 2 7 5 3 4 4 5 2 5 3 3 4 
99.79 ; 2.121e-09 ; True ; 1 24 175 248 314 372 464 524 692  ; 3 1 3 6 6 3 4 4 5 2 5 3 3 4 
102.7 ; 2.134e-09 ; True ; 1 118 161 314 372 420 464 524 692  ; 5 1 2 7 4 4 4 4 5 2 5 3 3 4 
103 ; 2.159e-09 ; True ; 1 24 161 175 314 372 464 524 692  ; 4 1 3 7 6 3 4 4 4 2 5 3 3 4 
103.5 ; 2.315e-09 ; True ; 1 14 24 248 314 372 464 524 692  ; 3 1 3 6 6 4 3 4 4 3 6 2 3 5 
103.8 ; 2.34e-09 ; True ; 1 24 248 314 372 464 524 692 731  ; 3 1 4 6 5 4 3 5 4 2 6 2 3 5 
105.6 ; 2.391e-09 ; True ; 1 118 161 175 228 372 420 464 606 692  ; 4 1 2 9 5 3 4 4 6 3 4 3 3 4 
106.9 ; 2.42e-09 ; True ; 1 161 248 314 372 420 464 524 692  ; 5 1 2 6 5 4 3 4 5 3 6 2 3 5 
107 ; 2.561e-09 ; True ; 1 24 175 228 248 314 372 464 515 692  ; 3 1 3 7 6 3 4 4 5 3 5 2 3 5 
107.2 ; 2.71e-09 ; True ; 1 118 161 175 314 372 420 464 606 692  ; 5 1 2 8 5 3 4 4 6 3 4 3 3 4 
108.1 ; 2.727e-09 ; True ; 1 24 175 228 248 314 372 464 692 731  ; 3 1 4 7 6 3 4 5 5 2 5 2 3 5 
108.3 ; 2.836e-09 ; True ; 1 14 24 175 248 314 372 464 692 731  ; 3 1 4 7 6 4 3 5 4 3 6 2 2 6 
111.1 ; 3.189e-09 ; True ; 1 24 161 175 228 248 314 372 464 692  ; 4 1 3 7 7 3 4 4 5 3 5 2 3 5 
114.3 ; 3.276e-09 ; True ; 1 24 161 175 228 248 314 372 692 731  ; 3 1 3 7 7 4 4 4 5 3 5 2 3 5 
114.3 ; 3.317e-09 ; True ; 1 24 118 161 175 314 372 420 464 692  ; 5 1 3 8 5 4 4 5 5 2 5 3 2 5 
115.3 ; 3.414e-09 ; True ; 1 24 161 175 248 314 372 464 692 731  ; 4 1 4 7 6 4 3 5 4 3 6 2 2 6 
116.2 ; 3.514e-09 ; True ; 1 24 161 175 248 314 372 420 464 692  ; 5 1 3 7 6 4 3 5 5 3 6 2 2 6 
116.6 ; 3.772e-09 ; True ; 1 24 118 161 175 248 314 372 464 692  ; 4 1 3 7 6 4 4 4 5 3 5 3 2 5 
118.8 ; 4.016e-09 ; True ; 1 161 175 314 372 420 464 524 607 692  ; 5 1 3 8 5 3 4 4 6 2 6 3 3 5 
119.2 ; 4.041e-09 ; True ; 1 24 175 248 314 372 464 524 607 692  ; 3 1 4 7 6 3 4 4 6 2 6 3 3 5 
120.2 ; 4.054e-09 ; True ; 14 24 175 248 314 372 464 524 692 731  ; 3 1 3 7 7 5 4 4 5 2 6 3 3 5 
121 ; 4.175e-09 ; True ; 1 161 175 314 372 420 464 524 692 859  ; 5 1 3 7 5 3 4 5 5 2 5 3 4 4 
121.6 ; 4.284e-09 ; True ; 1 161 175 248 314 372 464 524 607 692  ; 4 1 3 7 6 3 4 3 6 3 6 3 3 5 
122.1 ; 5.131e-09 ; True ; 1 14 24 175 248 314 372 464 524 692  ; 3 1 3 7 7 4 4 4 5 3 6 3 3 5 
122.4 ; 5.282e-09 ; True ; 1 24 175 248 314 372 464 524 692 731  ; 3 1 4 7 6 4 4 5 5 2 6 3 3 5 
126.3 ; 5.551e-09 ; True ; 1 24 175 248 314 372 420 464 524 692  ; 4 1 3 7 6 4 4 5 6 2 6 3 3 5 
127.1 ; 6.176e-09 ; True ; 1 24 161 175 248 314 372 464 524 692  ; 4 1 3 7 7 4 4 4 5 3 6 3 3 5 
132.8 ; 6.299e-09 ; True ; 1 118 161 175 228 248 314 372 420 464 692  ; 5 1 2 8 6 4 5 4 7 3 5 3 3 5 
132.9 ; 6.319e-09 ; True ; 1 118 161 175 248 314 372 420 464 607 692  ; 5 1 3 8 5 4 4 4 7 3 6 3 2 6 
134.5 ; 6.749e-09 ; True ; 1 24 118 161 175 314 372 420 606 607 692  ; 4 1 3 9 6 4 4 4 7 3 5 3 3 5 
135 ; 6.817e-09 ; True ; 1 24 118 161 175 228 314 372 420 464 692  ; 5 1 3 9 6 4 5 5 6 2 5 3 3 5 
135.1 ; 6.936e-09 ; True ; 1 24 118 161 248 314 372 464 524 692  ; 4 1 3 7 6 5 4 4 5 3 6 3 3 5 
135.5 ; 7.329e-09 ; True ; 1 24 118 161 175 228 372 420 464 606 692  ; 4 1 3 10 6 4 4 5 6 3 5 3 3 5 
136.5 ; 7.562e-09 ; True ; 1 24 161 175 228 248 314 372 420 464 692  ; 5 1 3 8 7 4 4 5 6 3 6 2 3 6 
136.6 ; 7.642e-09 ; True ; 1 24 161 175 228 248 314 372 464 692 731  ; 4 1 4 8 7 4 4 5 5 3 6 2 3 6 
137.6 ; 7.879e-09 ; True ; 1 118 161 175 248 314 372 420 464 692 859  ; 5 1 3 7 5 4 4 5 6 3 5 3 3 5 
138 ; 8.307e-09 ; True ; 1 24 118 161 175 314 372 420 464 606 692  ; 5 1 3 9 6 4 4 5 6 3 5 3 3 5 
140.9 ; 8.403e-09 ; True ; 1 24 118 161 175 248 314 372 420 464 692  ; 5 1 3 8 6 5 4 5 6 3 6 3 2 6 
142.9 ; 8.513e-09 ; True ; 1 24 118 161 175 248 314 372 420 692 859  ; 4 1 3 7 6 5 4 5 6 3 5 3 3 5 
143.2 ; 8.516e-09 ; True ; 1 24 118 161 175 314 372 420 606 692 731  ; 4 1 3 9 6 5 4 5 6 3 5 3 3 5 
143.2 ; 8.711e-09 ; True ; 1 161 175 314 372 420 464 524 606 607 692  ; 5 1 3 9 6 3 4 4 7 3 6 3 4 5 
143.6 ; 8.861e-09 ; True ; 1 24 175 248 314 372 464 515 524 607 692  ; 3 1 4 8 6 4 4 4 6 3 7 3 3 6 
143.8 ; 9.254e-09 ; True ; 1 24 148 175 248 314 372 464 524 692 731  ; 3 1 4 8 7 4 5 5 5 2 6 3 4 6 
145.5 ; 9.486e-09 ; True ; 1 24 175 228 248 314 372 464 524 692 731  ; 3 1 4 8 7 4 5 5 6 2 6 3 4 5 
145.6 ; 9.734e-09 ; True ; 1 14 24 175 248 314 372 464 524 584 692  ; 4 1 3 8 7 4 4 4 5 4 7 3 3 6 
145.7 ; 1.126e-08 ; True ; 1 14 24 175 248 314 372 464 524 692 731  ; 3 1 4 8 7 5 4 5 5 3 7 3 3 6 
146.9 ; 1.127e-08 ; True ; 1 24 175 248 314 372 464 524 584 692 731  ; 4 1 4 8 6 4 4 5 5 3 7 3 3 6 
149.6 ; 1.156e-08 ; True ; 1 24 175 248 314 372 464 524 606 692 731  ; 3 1 4 8 7 4 4 5 6 3 6 3 4 5 
151.1 ; 1.169e-08 ; True ; 1 161 175 248 314 372 420 464 524 692 859  ; 5 1 3 7 6 4 4 5 6 3 6 3 4 5 
151.6 ; 1.183e-08 ; True ; 1 14 24 175 248 314 372 420 464 524 692  ; 4 1 3 8 7 5 4 5 6 3 7 3 3 6 
152.6 ; 1.21e-08 ; True ; 1 24 161 175 314 372 420 464 524 606 692  ; 5 1 3 9 7 4 4 5 6 3 6 3 4 5 
153.5 ; 1.223e-08 ; True ; 1 24 161 175 248 314 372 464 524 692 859  ; 4 1 4 7 7 4 4 5 5 3 6 3 4 5 
153.7 ; 1.355e-08 ; True ; 1 24 161 175 248 314 372 464 524 692 731  ; 4 1 4 8 7 5 4 5 5 3 7 3 3 6 
158.4 ; 1.359e-08 ; True ; 1 24 118 161 314 372 420 464 524 606 692  ; 5 1 3 9 6 5 4 5 6 3 6 3 4 5 
159.7 ; 1.452e-08 ; True ; 1 24 118 161 175 228 314 372 420 464 606 692  ; 5 1 3 10 7 4 5 5 7 3 5 3 4 5 
160.8 ; 1.482e-08 ; True ; 1 24 118 161 175 314 372 420 464 606 607 692  ; 5 1 4 10 6 4 4 5 7 3 6 3 3 6 
163.6 ; 1.65e-08 ; True ; 1 24 118 161 175 228 248 314 372 420 464 692  ; 5 1 3 9 7 5 5 5 7 3 6 3 3 6 
167.5 ; 1.788e-08 ; True ; 1 24 118 161 175 248 314 372 420 464 606 692  ; 5 1 3 9 7 5 4 5 7 4 6 3 3 6 
169.1 ; 1.813e-08 ; True ; 1 24 148 175 247 248 314 372 464 524 692 731  ; 4 1 4 9 8 4 5 5 5 3 6 3 4 7 
169.2 ; 1.858e-08 ; True ; 1 24 148 175 248 314 372 464 515 524 692 731  ; 3 1 4 9 7 5 5 5 5 3 7 3 4 7 
170.9 ; 1.954e-08 ; True ; 1 24 175 228 248 314 372 464 515 524 692 731  ; 3 1 4 9 7 5 5 5 6 3 7 3 4 6 
171.3 ; 1.976e-08 ; True ; 1 24 175 248 314 372 464 515 524 584 692 731  ; 4 1 4 9 6 5 4 5 5 4 8 3 3 7 
172 ; 2.024e-08 ; True ; 1 24 175 228 248 314 372 464 524 584 692 731  ; 4 1 4 9 7 4 5 5 6 3 7 3 4 6 
175.5 ; 2.034e-08 ; True ; 1 161 175 248 314 372 420 464 524 607 692 859  ; 5 1 4 8 6 4 4 5 7 3 7 3 4 6 
175.9 ; 2.117e-08 ; True ; 1 24 175 248 314 372 464 515 524 606 692 731  ; 3 1 4 9 7 5 4 5 6 4 7 3 4 6 
177 ; 2.193e-08 ; True ; 1 24 175 248 314 372 464 524 584 606 692 731  ; 4 1 4 9 7 4 4 5 6 4 7 3 4 6 
177.7 ; 2.207e-08 ; True ; 1 24 175 248 314 372 464 524 606 692 731 747  ; 4 1 4 9 8 5 4 5 7 3 7 3 4 6 
177.9 ; 2.233e-08 ; True ; 1 24 161 175 248 314 372 420 464 524 607 692  ; 5 1 4 9 7 5 4 5 7 3 8 3 3 7 
178.1 ; 2.288e-08 ; True ; 1 24 148 161 175 248 314 372 464 524 692 731  ; 4 1 4 9 8 5 5 5 5 3 7 3 4 7 
178.7 ; 2.317e-08 ; True ; 1 24 161 175 228 248 314 372 420 464 524 692  ; 5 1 3 9 8 5 5 5 7 3 7 3 4 6 
178.8 ; 2.405e-08 ; True ; 1 24 161 175 228 248 314 372 464 524 692 731  ; 4 1 4 9 8 5 5 5 6 3 7 3 4 6 
181.4 ; 2.438e-08 ; True ; 1 24 175 248 314 372 464 515 524 692 731 829  ; 4 1 4 9 7 5 4 5 6 3 7 4 4 6 
181.4 ; 2.494e-08 ; True ; 1 14 24 175 248 314 372 464 524 692 731 829  ; 4 1 4 9 8 5 4 5 6 3 7 4 4 6 
182.7 ; 2.51e-08 ; True ; 1 24 161 175 248 314 372 420 464 524 606 692  ; 5 1 3 9 8 5 4 5 7 4 7 3 4 6 
182.9 ; 2.606e-08 ; True ; 1 24 161 175 248 314 372 464 524 606 692 731  ; 4 1 4 9 8 5 4 5 6 4 7 3 4 6 
187.4 ; 2.744e-08 ; True ; 1 24 118 161 175 228 248 314 372 420 464 607 692  ; 5 1 4 10 7 5 5 5 8 3 7 3 3 7 
189.2 ; 2.887e-08 ; True ; 1 24 107 175 248 314 372 464 524 584 692 731  ; 4 1 4 9 6 5 5 6 5 3 7 4 4 6 
191 ; 2.943e-08 ; True ; 1 24 107 161 175 248 314 372 464 524 607 692  ; 4 1 4 9 7 5 5 5 6 3 7 4 4 6 
192.3 ; 2.973e-08 ; True ; 1 24 118 161 175 248 314 372 420 464 606 607 692  ; 5 1 4 10 7 5 4 5 8 4 7 3 3 7 
195.1 ; 3.139e-08 ; True ; 1 24 118 161 175 228 314 372 420 464 606 692 731  ; 5 1 4 11 7 5 5 6 7 3 6 3 4 6 
197 ; 3.34e-08 ; True ; 1 24 107 161 175 248 314 372 464 524 692 731  ; 4 1 4 9 7 6 5 6 5 3 7 4 4 6 
197.2 ; 3.371e-08 ; True ; 1 14 24 175 228 248 314 372 464 515 524 692 731  ; 3 1 4 10 8 6 5 5 6 4 8 3 4 7 
199.9 ; 3.401e-08 ; True ; 1 24 118 161 175 248 314 372 420 464 606 692 859  ; 5 1 4 9 7 5 4 6 7 4 6 3 4 6 
201 ; 3.535e-08 ; True ; 1 24 118 161 175 248 314 372 420 464 606 692 731  ; 5 1 4 10 7 6 4 6 7 4 7 3 3 7 
202.3 ; 3.591e-08 ; True ; 1 24 107 161 175 228 248 314 372 464 607 692 731  ; 4 1 5 10 7 5 5 6 6 3 7 3 4 7 
202.5 ; 3.603e-08 ; True ; 1 24 148 161 175 248 314 372 464 524 607 692 731  ; 4 1 5 10 8 5 5 5 6 3 8 3 4 8 
203.1 ; 3.782e-08 ; True ; 1 24 161 175 228 248 314 372 420 464 524 607 692  ; 5 1 4 10 8 5 5 5 8 3 8 3 4 7 
206.4 ; 3.876e-08 ; True ; 1 118 161 175 248 314 372 420 464 524 607 692 859  ; 5 1 4 9 6 5 5 5 8 3 7 4 4 6 
206.9 ; 4.011e-08 ; True ; 1 24 118 161 175 314 372 420 464 524 606 607 692  ; 5 1 4 11 7 5 5 5 8 3 7 4 4 6 
208.1 ; 4.098e-08 ; True ; 1 24 161 175 248 314 372 420 464 524 606 607 692  ; 5 1 4 10 8 5 4 5 8 4 8 3 4 7 
209 ; 4.193e-08 ; True ; 1 24 161 175 228 248 314 372 464 524 606 692 731  ; 4 1 4 10 9 5 5 5 7 4 7 3 5 6 
212.1 ; 4.497e-08 ; True ; 1 24 161 175 228 248 314 372 420 464 524 692 731  ; 5 1 4 10 8 6 5 6 7 3 8 3 4 7 
214.5 ; 4.602e-08 ; True ; 1 24 118 161 175 248 314 372 420 464 524 606 692  ; 5 1 3 10 8 6 5 5 8 4 7 4 4 6 
215.5 ; 4.63e-08 ; True ; 1 24 107 175 248 314 372 464 524 584 607 692 731  ; 4 1 5 10 6 5 5 6 6 3 8 4 4 7 
216.1 ; 4.872e-08 ; True ; 1 24 161 175 248 314 372 420 464 524 606 692 731  ; 5 1 4 10 8 6 4 6 7 4 8 3 4 7 
221.8 ; 4.89e-08 ; True ; 1 107 161 175 248 314 372 420 464 524 607 692 859  ; 5 1 4 9 6 5 5 6 7 3 7 4 5 6 
222.4 ; 5.032e-08 ; True ; 1 24 107 161 175 248 314 372 464 524 584 607 692  ; 5 1 4 10 7 5 5 5 6 4 8 4 4 7 
223.1 ; 5.168e-08 ; True ; 1 24 107 161 175 248 314 372 464 524 606 607 692  ; 4 1 4 10 8 5 5 5 7 4 7 4 5 6 
223.3 ; 5.271e-08 ; True ; 1 24 107 175 248 314 372 464 524 584 606 692 731  ; 4 1 4 10 7 5 5 6 6 4 7 4 5 6 
223.4 ; 5.356e-08 ; True ; 1 24 107 161 175 248 314 372 464 524 607 692 731  ; 4 1 5 10 7 6 5 6 6 3 8 4 4 7 
225.2 ; 5.502e-08 ; True ; 1 24 107 161 175 248 314 372 420 464 524 607 692  ; 5 1 4 10 7 6 5 6 7 3 8 4 4 7 
227.5 ; 5.988e-08 ; True ; 1 24 118 161 175 228 248 314 372 420 464 606 692 731  ; 5 1 4 11 8 6 5 6 8 4 7 3 4 7 
230.2 ; 6.027e-08 ; True ; 1 24 107 161 175 248 314 372 464 524 606 692 731  ; 4 1 4 10 8 6 5 6 6 4 7 4 5 6 
233.3 ; 6.081e-08 ; True ; 1 24 107 161 175 248 314 372 420 464 524 692 731  ; 5 1 4 10 7 7 5 7 6 3 8 4 4 7 
234.5 ; 6.353e-08 ; True ; 1 24 107 161 175 228 248 314 372 420 464 606 607 692  ; 5 1 4 11 8 5 5 6 8 4 7 3 5 7 
235.3 ; 6.419e-08 ; True ; 1 24 161 175 228 248 314 372 464 524 606 607 692 731  ; 4 1 5 11 9 5 5 5 8 4 8 3 5 7 
238.4 ; 6.673e-08 ; True ; 1 24 161 175 228 248 314 372 420 464 524 607 692 731  ; 5 1 5 11 8 6 5 6 8 3 9 3 4 8 
240.5 ; 6.775e-08 ; True ; 1 24 175 228 248 314 372 420 464 524 584 606 692 731  ; 5 1 4 11 8 5 5 6 8 4 8 3 5 7 
242.3 ; 7.404e-08 ; True ; 1 24 118 161 175 248 314 372 420 464 524 606 607 692  ; 5 1 4 11 8 6 5 5 9 4 8 4 4 7 
244.3 ; 7.689e-08 ; True ; 1 24 161 175 228 248 314 372 420 464 524 606 692 731  ; 5 1 4 11 9 6 5 6 8 4 8 3 5 7 
247.9 ; 7.717e-08 ; True ; 1 24 118 161 175 228 248 314 372 420 464 524 692 731  ; 5 1 4 11 8 7 6 6 8 3 8 4 4 7 
249.8 ; 8.214e-08 ; True ; 1 24 118 161 175 248 314 372 420 464 524 606 692 859  ; 5 1 4 10 8 6 5 6 8 4 7 4 5 6 
251.5 ; 8.227e-08 ; True ; 1 24 107 175 248 314 372 464 524 584 606 607 692 731  ; 4 1 5 11 7 5 5 6 7 4 8 4 5 7 
251.9 ; 8.704e-08 ; True ; 1 24 118 161 175 248 314 372 420 464 524 606 692 731  ; 5 1 4 11 8 7 5 6 8 4 8 4 4 7 
256.7 ; 8.877e-08 ; True ; 1 24 107 161 175 248 314 372 464 524 584 607 692 731  ; 5 1 5 11 7 6 5 6 6 4 9 4 4 8 
258.5 ; 9.408e-08 ; True ; 1 24 107 161 175 248 314 372 464 524 606 607 692 731  ; 4 1 5 11 8 6 5 6 7 4 8 4 5 7 
259.4 ; 9.477e-08 ; True ; 1 24 107 161 175 248 314 372 420 464 524 606 607 692  ; 5 1 4 11 8 6 5 6 8 4 8 4 5 7 
263.6 ; 9.586e-08 ; True ; 1 24 107 175 248 314 372 420 464 524 584 606 692 731  ; 5 1 4 11 7 6 5 7 7 4 8 4 5 7 
264.5 ; 9.663e-08 ; True ; 1 24 107 161 175 248 314 372 464 524 584 606 692 731  ; 5 1 4 11 8 6 5 6 6 5 8 4 5 7 
266.3 ; 9.687e-08 ; True ; 1 24 107 161 175 248 314 372 420 464 524 606 692 859  ; 5 1 4 10 8 6 5 7 7 4 7 4 6 6 
267.6 ; 9.717e-08 ; True ; 1 24 107 161 175 248 314 372 420 464 524 584 692 731  ; 6 1 4 11 7 7 5 7 6 4 9 4 4 8 
268.4 ; 1.068e-07 ; True ; 1 24 107 161 175 248 314 372 420 464 524 606 692 731  ; 5 1 4 11 8 7 5 7 7 4 8 4 5 7 
272.6 ; 1.124e-07 ; True ; 1 24 161 175 228 248 314 372 420 464 524 606 607 692 731  ; 5 1 5 12 9 6 5 6 9 4 9 3 5 8 
279.7 ; 1.152e-07 ; True ; 1 24 161 175 228 248 314 372 420 464 524 584 606 692 731  ; 6 1 4 12 9 6 5 6 8 5 9 3 5 8 
280.4 ; 1.239e-07 ; True ; 1 24 118 161 175 248 314 372 420 464 524 606 607 692 859  ; 5 1 5 11 8 6 5 6 9 4 8 4 5 7 
281.6 ; 1.273e-07 ; True ; 1 24 118 161 175 248 314 372 420 464 524 606 607 692 731  ; 5 1 5 12 8 7 5 6 9 4 9 4 4 8 
282.4 ; 1.3e-07 ; True ; 1 24 118 161 175 228 248 314 372 420 464 524 606 692 731  ; 5 1 4 12 9 7 6 6 9 4 8 4 5 7 
288.7 ; 1.304e-07 ; True ; 1 24 118 161 175 248 314 372 420 464 524 584 606 692 731  ; 6 1 4 12 8 7 5 6 8 5 9 4 4 8 
290.7 ; 1.307e-07 ; True ; 1 24 118 161 175 248 314 372 464 524 584 606 692 731 859  ; 5 1 5 11 8 6 5 6 7 5 8 4 5 7 
291 ; 1.417e-07 ; True ; 1 24 118 161 175 248 314 372 420 464 524 606 692 731 859  ; 5 1 5 11 8 7 5 7 8 4 8 4 5 7 
293.9 ; 1.422e-07 ; True ; 1 24 107 175 248 314 372 420 464 524 584 606 607 692 731  ; 5 1 5 12 7 6 5 7 8 4 9 4 5 8 
294.7 ; 1.462e-07 ; True ; 1 24 107 161 175 248 314 372 464 524 584 606 607 692 731  ; 5 1 5 12 8 6 5 6 7 5 9 4 5 8 
297.5 ; 1.483e-07 ; True ; 1 24 107 161 175 248 314 372 420 464 524 606 607 692 859  ; 5 1 5 11 8 6 5 7 8 4 8 4 6 7 
298.7 ; 1.585e-07 ; True ; 1 24 107 161 175 248 314 372 420 464 524 606 607 692 731  ; 5 1 5 12 8 7 5 7 8 4 9 4 5 8 
305.7 ; 1.6e-07 ; True ; 1 24 107 161 175 248 314 372 420 464 524 584 606 692 731  ; 6 1 4 12 8 7 5 7 7 5 9 4 5 8 
307.5 ; 1.638e-07 ; True ; 1 24 107 161 175 248 314 372 420 464 524 606 692 731 859  ; 5 1 5 11 8 7 5 8 7 4 8 4 6 7 
309.2 ; 1.689e-07 ; True ; 1 24 107 118 161 175 248 314 372 420 464 524 606 692 731  ; 5 1 4 12 8 8 6 7 8 4 8 5 5 7 
313.1 ; 1.88e-07 ; True ; 1 24 118 161 175 228 248 314 372 420 464 524 606 607 692 731  ; 5 1 5 13 9 7 6 6 10 4 9 4 5 8 
322.7 ; 1.915e-07 ; True ; 1 24 118 161 175 248 253 314 372 420 464 524 606 607 692 731  ; 5 1 5 13 8 7 5 7 9 5 10 4 4 9 
323.6 ; 1.99e-07 ; True ; 1 24 118 161 175 248 314 372 420 464 524 606 607 692 731 859  ; 5 1 6 12 8 7 5 7 9 4 9 4 5 8 
330.7 ; 2.101e-07 ; True ; 1 24 107 161 175 228 248 314 372 420 464 524 584 607 692 859  ; 6 1 5 12 8 6 6 7 8 4 9 4 6 8 
330.8 ; 2.123e-07 ; True ; 1 24 118 161 175 248 314 372 420 464 524 584 606 692 731 859  ; 6 1 5 12 8 7 5 7 8 5 9 4 5 8 
336.7 ; 2.196e-07 ; True ; 1 24 107 161 175 248 314 372 464 524 584 606 607 692 731 859  ; 5 1 6 12 8 6 5 7 7 5 9 4 6 8 
337.8 ; 2.222e-07 ; True ; 1 24 107 161 175 248 314 372 420 464 524 584 606 607 692 859  ; 6 1 5 12 8 6 5 7 8 5 9 4 6 8 
338 ; 2.32e-07 ; True ; 1 24 107 161 175 248 314 372 420 464 524 584 606 607 692 731  ; 6 1 5 13 8 7 5 7 8 5 10 4 5 9 
340.6 ; 2.333e-07 ; True ; 1 24 107 161 175 248 314 372 420 464 524 606 607 692 731 859  ; 5 1 6 12 8 7 5 8 8 4 9 4 6 8 
341.3 ; 2.337e-07 ; True ; 1 24 107 161 175 248 253 314 372 420 464 524 606 607 692 731  ; 5 1 5 13 8 7 5 8 8 5 10 4 5 9 
346.9 ; 2.372e-07 ; True ; 1 24 107 161 175 248 314 372 420 464 524 584 607 692 731 829  ; 7 1 5 13 8 7 5 7 8 4 10 5 5 9 
347.8 ; 2.454e-07 ; True ; 1 24 107 161 175 248 314 372 420 464 524 584 606 692 731 859  ; 6 1 5 12 8 7 5 8 7 5 9 4 6 8 
349 ; 2.519e-07 ; True ; 1 24 107 161 175 248 314 372 420 464 524 606 607 692 731 829  ; 6 1 5 13 9 7 5 7 9 4 9 5 6 8 
353.9 ; 2.532e-07 ; True ; 1 24 107 161 175 248 314 372 420 437 464 524 606 607 692 731  ; 5 1 6 12 8 7 6 7 8 4 9 5 5 8 
357.8 ; 2.637e-07 ; True ; 1 24 118 161 175 228 314 372 420 464 524 584 606 607 692 731 859  ; 6 1 6 14 8 6 6 7 9 4 9 4 6 8 
362.6 ; 2.654e-07 ; True ; 1 24 107 118 161 248 314 372 420 464 524 606 607 692 731 829  ; 6 1 5 13 8 8 5 7 9 4 9 5 6 8 
365.3 ; 2.912e-07 ; True ; 1 24 118 161 175 248 314 372 420 464 524 584 606 607 692 731 859  ; 6 1 6 13 8 7 5 7 9 5 10 4 5 9 
366.1 ; 3.048e-07 ; True ; 1 24 118 161 175 228 248 314 372 420 464 524 584 606 692 731 859  ; 6 1 5 13 9 7 6 7 9 5 9 4 6 8 
374.8 ; 3.132e-07 ; True ; 1 24 118 161 175 248 253 314 372 420 464 524 606 607 692 731 829  ; 6 1 5 14 9 7 5 7 10 5 10 5 5 9 
382.9 ; 3.224e-07 ; True ; 1 24 107 161 175 248 314 372 420 464 480 524 606 692 731 859  ; 5 1 5 12 9 8 6 8 8 5 8 5 6 7 
383.7 ; 3.479e-07 ; True ; 1 24 107 161 175 228 248 314 372 420 464 524 584 606 692 731 859  ; 6 1 5 13 9 7 6 8 8 5 9 4 7 8 
392.8 ; 3.493e-07 ; True ; 1 24 107 161 175 248 314 372 420 464 524 584 607 692 731 829 859  ; 7 1 6 13 8 7 5 8 8 4 10 5 6 9 
394.5 ; 3.716e-07 ; True ; 1 24 107 161 175 248 253 314 372 420 464 524 606 607 692 731 829  ; 6 1 5 14 9 7 5 8 9 5 10 5 6 9 
402.7 ; 3.762e-07 ; True ; 1 24 107 161 175 248 314 372 420 464 524 584 606 692 731 829 859  ; 7 1 5 13 9 7 5 8 8 5 9 5 7 8 
403.7 ; 3.816e-07 ; True ; 1 24 118 161 175 248 314 372 420 464 480 524 606 607 692 731 859  ; 5 1 6 13 9 8 6 7 10 5 9 5 5 8 
405.3 ; 3.824e-07 ; True ; 1 24 107 161 175 248 253 314 372 420 464 524 606 692 731 829 859  ; 6 1 5 13 9 7 5 9 8 5 9 5 7 8 
407.3 ; 3.898e-07 ; True ; 1 24 107 118 161 175 248 253 314 372 420 464 524 606 692 731 829  ; 6 1 4 14 9 8 6 8 9 5 9 6 6 8 
408.5 ; 3.915e-07 ; True ; 1 24 107 118 161 248 253 314 372 420 464 524 606 607 692 731 829  ; 6 1 5 14 8 8 5 8 9 5 10 5 6 9 
412.5 ; 3.935e-07 ; True ; 1 24 118 161 175 248 314 372 420 463 464 524 584 606 607 692 731 859  ; 6 1 6 14 8 8 5 7 9 6 11 4 5 10 
420.4 ; 4.161e-07 ; True ; 1 24 107 161 175 248 253 314 372 420 437 464 524 606 692 731 829  ; 6 1 5 13 9 7 6 8 8 5 9 6 6 8 
421.1 ; 4.47e-07 ; True ; 1 24 118 161 175 248 314 372 420 464 524 584 606 607 692 731 829 859  ; 7 1 6 14 9 7 5 7 10 5 10 5 6 9 
421.8 ; 4.526e-07 ; True ; 1 24 107 161 175 248 314 372 420 464 480 524 606 607 692 731 859  ; 5 1 6 13 9 8 6 8 9 5 9 5 6 8 
428.2 ; 4.858e-07 ; True ; 1 24 107 148 161 175 248 314 372 420 464 524 584 606 607 692 731 829  ; 7 1 5 15 10 7 6 7 9 5 10 5 7 10 
439.8 ; 5.16e-07 ; True ; 1 24 107 161 175 248 314 372 420 464 524 584 606 607 692 731 829 859  ; 7 1 6 14 9 7 5 8 9 5 10 5 7 9 
452.7 ; 5.403e-07 ; True ; 1 24 118 161 175 248 253 314 372 420 464 480 524 606 607 692 731 859  ; 5 1 6 14 9 8 6 8 10 6 10 5 5 9 
462.7 ; 5.688e-07 ; True ; 1 24 118 161 175 248 314 372 420 464 480 524 606 607 692 731 829 859  ; 6 1 6 14 10 8 6 7 11 5 9 6 6 8 
471.6 ; 6.169e-07 ; True ; 1 24 107 161 175 247 248 314 372 420 464 480 524 606 607 692 731 859  ; 6 1 6 14 10 8 6 8 9 6 9 5 6 9 
477.4 ; 6.295e-07 ; True ; 1 24 118 161 175 228 248 314 372 420 464 524 606 607 692 731 829 845 859  ; 7 1 6 15 11 8 6 7 11 5 9 5 7 9 
481.9 ; 6.626e-07 ; True ; 1 24 107 161 175 248 314 372 420 464 480 524 606 607 692 731 829 859  ; 6 1 6 14 10 8 6 8 10 5 9 6 7 8 
489.8 ; 6.704e-07 ; True ; 1 24 107 161 175 248 314 372 420 464 480 524 584 606 692 731 829 859  ; 7 1 5 14 10 8 6 8 9 6 9 6 7 8 
501 ; 7.104e-07 ; True ; 1 24 107 144 161 175 248 314 372 420 464 480 524 607 692 731 829 859  ; 6 1 6 14 10 9 7 8 10 5 9 6 6 8 
517.9 ; 7.176e-07 ; True ; 1 24 107 161 175 248 314 372 420 464 480 524 606 607 692 731 829 835  ; 6 1 6 14 10 8 6 8 10 5 10 7 6 9 
518.3 ; 7.21e-07 ; True ; 1 24 95 107 161 175 248 314 369 372 420 464 524 606 607 692 731 829 859  ; 6 1 7 15 10 8 6 9 9 4 9 6 8 9 
518.6 ; 7.249e-07 ; True ; 24 107 161 175 228 248 253 314 372 420 464 480 524 584 606 607 692 731 859  ; 6 1 5 15 10 8 7 8 10 6 10 5 7 9 
519.4 ; 7.443e-07 ; True ; 1 24 161 175 228 248 314 372 420 464 480 524 606 607 692 731 829 845 859  ; 7 1 6 15 12 8 6 7 11 6 9 5 7 9 
521.8 ; 7.667e-07 ; True ; 1 24 107 161 175 248 314 372 420 437 464 524 584 606 607 692 731 829 845  ; 8 1 6 15 10 8 6 7 9 6 10 6 6 10 
530.7 ; 7.819e-07 ; True ; 1 24 107 161 175 228 248 314 372 420 480 524 584 606 607 692 731 829 859  ; 6 1 5 15 11 8 7 7 11 6 9 6 8 8 
532 ; 7.894e-07 ; True ; 1 24 107 161 175 247 248 253 314 372 420 464 480 524 584 606 692 731 859  ; 7 1 5 15 10 8 6 9 8 8 10 5 6 10 
532.2 ; 8.925e-07 ; True ; 1 24 107 161 175 248 253 314 372 420 464 480 524 584 607 692 731 829 859  ; 7 1 6 15 9 8 6 9 9 6 11 6 6 10 
567.3 ; 9.552e-07 ; True ; 1 24 107 161 175 228 248 314 372 420 464 480 524 606 607 692 731 835 845  ; 6 1 6 15 11 9 7 8 10 6 10 6 6 10 
574 ; 1.041e-06 ; True ; 1 24 118 161 175 228 248 314 372 420 464 480 524 606 607 692 731 829 845 859  ; 7 1 6 16 12 9 7 7 12 6 9 6 7 9 
592.4 ; 1.086e-06 ; True ; 1 24 107 161 175 228 248 314 372 463 464 492 524 528 584 606 607 692 731 829 859  ; 6 1 6 16 11 7 8 7 10 6 10 7 8 9 
599.2 ; 1.109e-06 ; True ; 1 24 107 161 175 248 314 372 420 464 480 524 606 607 657 692 731 829 845 859  ; 7 1 6 16 11 9 6 8 10 6 9 7 8 9 
613.2 ; 1.142e-06 ; True ; 1 24 107 118 144 175 248 314 369 372 420 464 480 524 606 607 692 731 845 859  ; 5 1 7 16 10 10 8 9 11 6 8 6 6 9 
624.9 ; 1.311e-06 ; True ; 1 24 107 161 175 228 248 314 372 420 464 480 524 606 607 692 731 835 845 859  ; 6 1 7 15 11 9 7 9 10 6 10 6 7 10 
648.6 ; 1.35e-06 ; True ; 1 24 107 161 228 248 314 372 420 464 480 524 606 607 692 731 829 835 845 859  ; 7 1 7 15 11 9 6 9 10 6 10 6 8 10 
649.6 ; 1.396e-06 ; True ; 1 24 107 161 175 228 248 253 314 372 396 420 464 480 524 584 607 692 829 845 859  ; 8 1 6 16 11 8 7 9 10 7 10 6 7 10 
688.9 ; 1.418e-06 ; True ; 1 24 107 161 175 228 248 253 372 420 464 480 524 584 606 692 731 747 781 845 859  ; 7 1 6 18 11 10 6 10 9 8 11 6 6 11 
713.4 ; 1.498e-06 ; True ; 1 24 107 161 175 228 248 253 314 372 420 437 464 480 524 606 673 692 731 835 845  ; 7 1 6 16 11 9 8 9 9 7 10 7 6 11 
713.5 ; 1.621e-06 ; True ; 1 24 107 161 175 248 314 372 420 464 480 524 550 584 606 692 731 752 829 835 859  ; 7 1 6 16 12 8 7 10 11 6 10 7 9 9 
727.4 ; 1.683e-06 ; True ; 1 24 107 161 175 248 314 372 420 464 480 524 584 606 692 731 752 829 835 845 859  ; 8 1 6 16 12 9 6 10 10 7 10 7 8 10 
758.6 ; 1.72e-06 ; True ; 1 24 118 144 161 228 253 314 317 372 420 464 524 606 607 692 747 829 835 845 846 859  ; 8 1 6 18 12 9 8 8 11 7 10 6 8 10 
772.5 ; 1.782e-06 ; True ; 1 24 95 107 161 175 253 314 369 372 420 480 524 528 606 607 678 692 731 829 845 859  ; 6 1 6 19 13 9 9 10 10 6 9 8 8 9 
775.7 ; 1.94e-06 ; True ; 1 24 144 161 175 228 253 314 372 420 464 480 524 528 584 606 692 731 735 747 835 859  ; 7 1 7 17 12 8 8 10 11 7 11 7 6 10 
805.9 ; 1.957e-06 ; True ; 1 24 107 144 161 228 248 314 369 372 420 448 464 480 524 607 692 731 829 835 845 859  ; 8 1 8 16 11 10 7 10 10 6 11 6 7 11 
812.7 ; 2.073e-06 ; True ; 1 24 107 161 175 245 248 253 314 372 420 480 524 584 606 692 731 747 781 835 845 859  ; 7 1 6 16 12 10 7 10 10 8 11 7 7 11 
842.3 ; 2.234e-06 ; True ; 1 24 107 144 161 228 248 253 314 372 420 464 480 524 584 607 676 692 731 735 823 829 859  ; 9 1 7 18 12 9 7 10 10 7 12 6 8 11 
855.5 ; 2.37e-06 ; True ; 1 24 107 148 161 175 248 253 314 372 420 464 480 524 528 606 692 707 731 781 829 845 859  ; 7 1 6 19 13 9 9 10 11 7 9 8 8 10 
942.1 ; 2.445e-06 ; True ; 1 24 107 122 144 206 245 248 253 314 372 420 437 464 480 524 606 692 731 747 829 845 859  ; 8 1 7 16 12 10 8 9 11 7 10 7 8 10 
948.4 ; 2.618e-06 ; True ; 1 24 118 144 245 248 253 314 369 372 396 420 437 464 480 524 606 608 692 731 781 829 846 859  ; 6 1 9 17 11 8 9 11 11 6 9 8 8 9 
966.6 ; 2.839e-06 ; True ; 1 24 107 144 175 228 248 253 314 372 399 420 464 480 524 528 584 606 731 781 823 829 835 859  ; 7 1 7 19 13 9 8 11 11 7 11 8 8 10 
979.3 ; 3.194e-06 ; True ; 1 19 24 64 144 161 245 248 253 314 369 372 420 464 480 524 584 692 731 747 829 835 846 859  ; 8 1 7 17 12 9 8 11 10 8 12 7 8 12 
1108 ; 3.841e-06 ; True ; 1 24 64 107 161 228 245 248 314 372 420 464 480 524 584 606 649 692 731 781 829 835 845 846 859  ; 8 1 7 17 12 9 8 11 11 7 10 10 11 10 


RUN 10:
Optimum Distance: 15.16
Optimal Team: 118,161,372,859,
Required Skills: 0 1 4 5 9 10 11 12 14 15 16 18 23 24 
Distance; Skill Score; isValid; Team; Skill Counts
15.16 ; 1.727e-14 ; True ; 118 161 372 859  ; 1 1 1 2 1 2 1 2 1 1 1 1 1 1 
17.13 ; 3.403e-14 ; True ; 1 118 314 372  ; 1 1 1 2 1 1 2 2 2 1 1 1 1 1 
18.63 ; 5.537e-14 ; True ; 161 369 372 692  ; 2 1 1 3 2 1 1 2 1 1 1 1 1 2 
18.81 ; 1.996e-13 ; True ; 1 161 372 692  ; 2 1 1 3 2 1 1 2 1 2 2 1 1 2 
19.54 ; 2.342e-13 ; True ; 24 248 372 692  ; 1 1 1 2 3 2 1 2 2 1 2 1 1 2 
20.7 ; 2.354e-13 ; True ; 1 372 420 524  ; 1 1 1 3 1 2 1 3 2 1 3 1 1 2 
21.56 ; 2.395e-13 ; True ; 24 161 372 692  ; 2 1 1 3 3 2 1 2 1 1 2 1 1 2 
21.56 ; 2.848e-13 ; True ; 1 161 372 524  ; 1 1 1 3 2 2 1 2 1 2 3 1 1 2 
22.79 ; 4.009e-13 ; True ; 1 372 524 692  ; 1 1 1 3 2 1 2 2 2 1 2 2 2 1 
22.84 ; 4.228e-13 ; True ; 118 161 372 420 859  ; 2 1 1 3 1 3 1 3 2 1 2 1 1 2 
24.67 ; 5.853e-13 ; True ; 1 118 161 372 606  ; 1 1 1 4 2 2 1 2 2 3 2 1 1 2 
25.33 ; 1.341e-12 ; True ; 1 118 161 314 372  ; 2 1 1 3 2 2 2 2 2 2 2 1 1 2 
27.44 ; 2.569e-12 ; True ; 1 118 161 372 692  ; 2 1 1 4 2 2 2 2 2 2 2 2 1 2 
27.57 ; 2.629e-12 ; True ; 1 161 372 420 692  ; 3 1 1 4 2 2 1 3 2 2 3 1 1 3 
29.06 ; 3.018e-12 ; True ; 1 118 161 372 420 468  ; 2 1 1 4 1 3 1 3 2 2 3 2 1 3 
31.25 ; 3.336e-12 ; True ; 1 161 372 420 524  ; 2 1 1 4 2 3 1 3 2 2 4 1 1 3 
31.55 ; 3.653e-12 ; True ; 1 314 372 420 524  ; 2 1 1 3 2 2 2 3 3 1 3 1 2 2 
32.41 ; 4.469e-12 ; True ; 1 161 314 372 524  ; 2 1 1 3 3 2 2 2 2 2 3 1 2 2 
33.34 ; 5.685e-12 ; True ; 1 118 161 372 420 606  ; 2 1 1 5 2 3 1 3 3 3 3 1 1 3 
34.33 ; 7.454e-12 ; True ; 1 118 161 228 372 420  ; 2 1 1 5 2 3 2 3 3 2 3 1 1 3 
34.92 ; 9.973e-12 ; True ; 1 118 161 314 372 420  ; 3 1 1 4 2 3 2 3 3 2 3 1 1 3 
37.09 ; 1.88e-11 ; True ; 1 118 161 372 420 692  ; 3 1 1 5 2 3 2 3 3 2 3 2 1 3 
39.37 ; 2.084e-11 ; True ; 1 161 314 372 420 692  ; 4 1 1 4 3 2 2 3 3 2 3 1 2 3 
42.57 ; 2.125e-11 ; True ; 1 118 161 372 420 524  ; 2 1 1 5 2 4 2 3 3 2 4 2 1 3 
42.88 ; 2.81e-11 ; True ; 1 24 248 314 372 692  ; 2 1 2 3 4 2 2 3 3 2 3 1 2 3 
45.02 ; 2.961e-11 ; True ; 1 161 314 372 420 524  ; 3 1 1 4 3 3 2 3 3 2 4 1 2 3 
45.73 ; 3.529e-11 ; True ; 1 118 161 314 372 420 468  ; 3 1 1 4 2 3 2 3 3 2 3 2 2 3 
47.29 ; 3.849e-11 ; True ; 1 161 314 372 524 692  ; 3 1 1 4 4 2 3 2 3 2 3 2 3 2 
47.84 ; 4.37e-11 ; True ; 1 118 161 175 314 372 420  ; 3 1 1 5 3 3 3 3 4 2 3 2 1 3 
47.93 ; 4.997e-11 ; True ; 1 118 161 372 420 468 692  ; 3 1 1 5 2 3 2 3 3 2 3 3 2 3 
48.11 ; 5.581e-11 ; True ; 1 161 372 420 524 692  ; 3 1 1 5 3 3 2 3 3 2 4 2 2 3 
50.01 ; 6.155e-11 ; True ; 1 118 161 175 372 420 692  ; 3 1 1 6 3 3 3 3 4 2 3 3 1 3 
51.21 ; 8.421e-11 ; True ; 1 118 161 372 420 606 692  ; 3 1 1 6 3 3 2 3 4 3 3 2 2 3 
51.81 ; 9.949e-11 ; True ; 1 118 161 314 372 420 692  ; 4 1 1 5 3 3 3 3 4 2 3 2 2 3 
54.64 ; 1.066e-10 ; True ; 1 24 175 248 314 372 692  ; 2 1 2 4 5 2 3 3 4 2 3 2 2 3 
55.91 ; 1.11e-10 ; True ; 1 118 161 314 372 464 692  ; 4 1 2 5 3 2 3 3 3 2 3 2 2 3 
55.91 ; 1.149e-10 ; True ; 1 24 161 175 314 372 692  ; 3 1 2 5 5 2 3 3 3 2 3 2 2 3 
59.26 ; 1.259e-10 ; True ; 1 118 161 314 372 420 524  ; 3 1 1 5 3 4 3 3 4 2 4 2 2 3 
59.53 ; 1.468e-10 ; True ; 1 24 118 161 314 372 692  ; 3 1 2 5 4 3 3 3 3 2 3 2 2 3 
62.42 ; 1.774e-10 ; True ; 1 118 161 372 420 524 692  ; 3 1 1 6 3 4 3 3 4 2 4 3 2 3 
62.88 ; 1.995e-10 ; True ; 1 161 314 372 420 524 692  ; 4 1 1 5 4 3 3 3 4 2 4 2 3 3 
63.83 ; 2.315e-10 ; True ; 1 248 314 372 464 524 692  ; 3 1 2 4 4 2 3 3 4 2 4 2 3 3 
65.59 ; 2.59e-10 ; True ; 1 24 248 314 372 524 692  ; 2 1 2 4 5 3 3 3 4 2 4 2 3 3 
66.86 ; 2.875e-10 ; True ; 1 161 175 314 372 420 607 692  ; 4 1 2 6 4 2 3 3 5 2 4 2 2 4 
67.18 ; 2.921e-10 ; True ; 1 161 175 314 372 420 692 859  ; 4 1 2 5 4 2 3 4 4 2 3 2 3 3 
68.24 ; 2.943e-10 ; True ; 1 118 161 372 420 606 607 692  ; 3 1 2 7 3 3 2 3 5 3 4 2 2 4 
68.7 ; 3.539e-10 ; True ; 1 118 161 314 372 420 692 859  ; 4 1 2 5 3 3 3 4 4 2 3 2 3 3 
70.19 ; 4.109e-10 ; True ; 1 24 175 248 314 372 464 692  ; 3 1 3 5 5 2 3 4 4 2 4 2 2 4 
71.32 ; 4.232e-10 ; True ; 1 24 175 248 314 372 692 731  ; 2 1 3 5 5 3 3 4 4 2 4 2 2 4 
71.43 ; 4.275e-10 ; True ; 1 118 161 314 372 420 464 692  ; 5 1 2 6 3 3 3 4 4 2 4 2 2 4 
73.41 ; 4.695e-10 ; True ; 1 24 161 175 314 372 420 692  ; 4 1 2 6 5 3 3 4 4 2 4 2 2 4 
74.25 ; 4.706e-10 ; True ; 1 24 161 175 248 314 372 692  ; 3 1 2 5 6 3 3 3 4 3 4 2 2 4 
75.92 ; 5.345e-10 ; True ; 1 24 118 161 314 372 420 692  ; 4 1 2 6 4 4 3 4 4 2 4 2 2 4 
78.56 ; 5.424e-10 ; True ; 1 175 248 314 372 464 524 692  ; 3 1 2 5 5 2 4 3 5 2 4 3 3 3 
78.77 ; 5.529e-10 ; True ; 1 161 175 314 372 464 524 692  ; 4 1 2 6 5 2 4 3 4 2 4 3 3 3 
79.74 ; 6.313e-10 ; True ; 1 161 314 372 420 524 692 859  ; 4 1 2 5 4 3 3 4 4 2 4 2 4 3 
80.41 ; 6.563e-10 ; True ; 1 161 314 372 420 524 607 692  ; 4 1 2 6 4 3 3 3 5 2 5 2 3 4 
81.68 ; 7.039e-10 ; True ; 1 161 175 372 420 464 524 692  ; 4 1 2 7 4 3 3 4 4 2 5 3 2 4 
82.49 ; 8.056e-10 ; True ; 1 161 314 372 420 464 524 692  ; 5 1 2 6 4 3 3 4 4 2 5 2 3 4 
83.13 ; 9.38e-10 ; True ; 1 24 248 314 372 464 524 692  ; 3 1 3 5 5 3 3 4 4 2 5 2 3 4 
85.63 ; 9.437e-10 ; True ; 24 175 248 314 372 464 515 692 731  ; 3 1 3 6 5 4 3 4 4 2 5 2 2 5 
85.72 ; 9.946e-10 ; True ; 14 24 175 248 314 372 464 692 731  ; 3 1 3 6 6 4 3 4 4 2 5 2 2 5 
86.34 ; 1.049e-09 ; True ; 1 118 161 175 314 372 420 464 692  ; 5 1 2 7 4 3 4 4 5 2 4 3 2 4 
87.65 ; 1.058e-09 ; True ; 1 118 161 175 372 420 464 606 692  ; 4 1 2 8 4 3 3 4 5 3 4 3 2 4 
88.64 ; 1.183e-09 ; True ; 1 14 24 175 248 314 372 464 692  ; 3 1 3 6 6 3 3 4 4 3 5 2 2 5 
88.82 ; 1.195e-09 ; True ; 1 24 175 248 314 372 464 692 731  ; 3 1 4 6 5 3 3 5 4 2 5 2 2 5 
90.37 ; 1.212e-09 ; True ; 1 118 161 314 372 420 464 606 692  ; 5 1 2 7 4 3 3 4 5 3 4 2 3 4 
91.28 ; 1.236e-09 ; True ; 1 161 175 248 314 372 420 464 692  ; 5 1 2 6 5 3 3 4 5 3 5 2 2 5 
91.77 ; 1.244e-09 ; True ; 1 24 118 161 175 314 372 420 692  ; 4 1 2 7 5 4 4 4 5 2 4 3 2 4 
92.75 ; 1.424e-09 ; True ; 1 24 161 175 248 314 372 464 692  ; 4 1 3 6 6 3 3 4 4 3 5 2 2 5 
94.87 ; 1.437e-09 ; True ; 1 24 118 161 314 372 420 606 692  ; 4 1 2 7 5 4 3 4 5 3 4 2 3 4 
94.88 ; 1.463e-09 ; True ; 1 24 161 175 248 314 372 692 731  ; 3 1 3 6 6 4 3 4 4 3 5 2 2 5 
97.23 ; 1.468e-09 ; True ; 1 161 175 314 372 420 524 607 692  ; 4 1 2 7 5 3 4 3 6 2 5 3 3 4 
97.56 ; 1.471e-09 ; True ; 1 161 175 314 372 420 524 692 859  ; 4 1 2 6 5 3 4 4 5 2 4 3 4 3 
98.71 ; 1.568e-09 ; True ; 1 24 118 161 248 314 372 420 692  ; 4 1 2 6 5 5 3 4 5 3 5 2 2 5 
99.31 ; 1.875e-09 ; True ; 1 161 175 314 372 420 464 524 692  ; 5 1 2 7 5 3 4 4 5 2 5 3 3 4 
99.79 ; 2.121e-09 ; True ; 1 24 175 248 314 372 464 524 692  ; 3 1 3 6 6 3 4 4 5 2 5 3 3 4 
102.7 ; 2.134e-09 ; True ; 1 118 161 314 372 420 464 524 692  ; 5 1 2 7 4 4 4 4 5 2 5 3 3 4 
103 ; 2.159e-09 ; True ; 1 24 161 175 314 372 464 524 692  ; 4 1 3 7 6 3 4 4 4 2 5 3 3 4 
103.5 ; 2.315e-09 ; True ; 1 14 24 248 314 372 464 524 692  ; 3 1 3 6 6 4 3 4 4 3 6 2 3 5 
103.8 ; 2.34e-09 ; True ; 1 24 248 314 372 464 524 692 731  ; 3 1 4 6 5 4 3 5 4 2 6 2 3 5 
106.7 ; 2.355e-09 ; True ; 1 118 161 175 372 420 464 606 607 692  ; 4 1 3 9 4 3 3 4 6 3 5 3 2 5 
106.9 ; 2.42e-09 ; True ; 1 161 248 314 372 420 464 524 692  ; 5 1 2 6 5 4 3 4 5 3 6 2 3 5 
107.2 ; 2.71e-09 ; True ; 1 118 161 175 314 372 420 464 606 692  ; 5 1 2 8 5 3 4 4 6 3 4 3 3 4 
108.3 ; 2.836e-09 ; True ; 1 14 24 175 248 314 372 464 692 731  ; 3 1 4 7 6 4 3 5 4 3 6 2 2 6 
111.1 ; 3.189e-09 ; True ; 1 24 161 175 228 248 314 372 464 692  ; 4 1 3 7 7 3 4 4 5 3 5 2 3 5 
114.3 ; 3.276e-09 ; True ; 1 24 161 175 228 248 314 372 692 731  ; 3 1 3 7 7 4 4 4 5 3 5 2 3 5 
114.3 ; 3.317e-09 ; True ; 1 24 118 161 175 314 372 420 464 692  ; 5 1 3 8 5 4 4 5 5 2 5 3 2 5 
115.3 ; 3.414e-09 ; True ; 1 24 161 175 248 314 372 464 692 731  ; 4 1 4 7 6 4 3 5 4 3 6 2 2 6 
116.2 ; 3.514e-09 ; True ; 1 24 161 175 248 314 372 420 464 692  ; 5 1 3 7 6 4 3 5 5 3 6 2 2 6 
116.6 ; 3.772e-09 ; True ; 1 24 118 161 175 248 314 372 464 692  ; 4 1 3 7 6 4 4 4 5 3 5 3 2 5 
118.8 ; 4.016e-09 ; True ; 1 161 175 314 372 420 464 524 607 692  ; 5 1 3 8 5 3 4 4 6 2 6 3 3 5 
119.2 ; 4.041e-09 ; True ; 1 24 175 248 314 372 464 524 607 692  ; 3 1 4 7 6 3 4 4 6 2 6 3 3 5 
120.2 ; 4.054e-09 ; True ; 14 24 175 248 314 372 464 524 692 731  ; 3 1 3 7 7 5 4 4 5 2 6 3 3 5 
121 ; 4.175e-09 ; True ; 1 161 175 314 372 420 464 524 692 859  ; 5 1 3 7 5 3 4 5 5 2 5 3 4 4 
121.6 ; 4.284e-09 ; True ; 1 161 175 248 314 372 464 524 607 692  ; 4 1 3 7 6 3 4 3 6 3 6 3 3 5 
122.1 ; 5.131e-09 ; True ; 1 14 24 175 248 314 372 464 524 692  ; 3 1 3 7 7 4 4 4 5 3 6 3 3 5 
122.4 ; 5.282e-09 ; True ; 1 24 175 248 314 372 464 524 692 731  ; 3 1 4 7 6 4 4 5 5 2 6 3 3 5 
126.3 ; 5.551e-09 ; True ; 1 24 175 248 314 372 420 464 524 692  ; 4 1 3 7 6 4 4 5 6 2 6 3 3 5 
127.1 ; 6.176e-09 ; True ; 1 24 161 175 248 314 372 464 524 692  ; 4 1 3 7 7 4 4 4 5 3 6 3 3 5 
132.9 ; 6.319e-09 ; True ; 1 118 161 175 248 314 372 420 464 607 692  ; 5 1 3 8 5 4 4 4 7 3 6 3 2 6 
134.5 ; 6.749e-09 ; True ; 1 24 118 161 175 314 372 420 606 607 692  ; 4 1 3 9 6 4 4 4 7 3 5 3 3 5 
135 ; 6.817e-09 ; True ; 1 24 118 161 175 228 314 372 420 464 692  ; 5 1 3 9 6 4 5 5 6 2 5 3 3 5 
135.1 ; 6.936e-09 ; True ; 1 24 118 161 248 314 372 464 524 692  ; 4 1 3 7 6 5 4 4 5 3 6 3 3 5 
135.5 ; 7.329e-09 ; True ; 1 24 118 161 175 228 372 420 464 606 692  ; 4 1 3 10 6 4 4 5 6 3 5 3 3 5 
136.5 ; 7.562e-09 ; True ; 1 24 161 175 228 248 314 372 420 464 692  ; 5 1 3 8 7 4 4 5 6 3 6 2 3 6 
136.6 ; 7.642e-09 ; True ; 1 24 161 175 228 248 314 372 464 692 731  ; 4 1 4 8 7 4 4 5 5 3 6 2 3 6 
137.6 ; 7.879e-09 ; True ; 1 118 161 175 248 314 372 420 464 692 859  ; 5 1 3 7 5 4 4 5 6 3 5 3 3 5 
138 ; 8.307e-09 ; True ; 1 24 118 161 175 314 372 420 464 606 692  ; 5 1 3 9 6 4 4 5 6 3 5 3 3 5 
140.9 ; 8.403e-09 ; True ; 1 24 118 161 175 248 314 372 420 464 692  ; 5 1 3 8 6 5 4 5 6 3 6 3 2 6 
142.7 ; 8.651e-09 ; True ; 14 24 175 248 314 372 464 524 584 692 731  ; 4 1 3 8 7 5 4 4 5 3 7 3 3 6 
143.2 ; 8.711e-09 ; True ; 1 161 175 314 372 420 464 524 606 607 692  ; 5 1 3 9 6 3 4 4 7 3 6 3 4 5 
143.5 ; 9.168e-09 ; True ; 1 14 24 175 248 314 372 464 524 607 692  ; 3 1 4 8 7 4 4 4 6 3 7 3 3 6 
143.8 ; 9.254e-09 ; True ; 1 24 148 175 248 314 372 464 524 692 731  ; 3 1 4 8 7 4 5 5 5 2 6 3 4 6 
145.5 ; 9.486e-09 ; True ; 1 24 175 228 248 314 372 464 524 692 731  ; 3 1 4 8 7 4 5 5 6 2 6 3 4 5 
145.6 ; 9.734e-09 ; True ; 1 14 24 175 248 314 372 464 524 584 692  ; 4 1 3 8 7 4 4 4 5 4 7 3 3 6 
145.7 ; 1.126e-08 ; True ; 1 14 24 175 248 314 372 464 524 692 731  ; 3 1 4 8 7 5 4 5 5 3 7 3 3 6 
146.9 ; 1.127e-08 ; True ; 1 24 175 248 314 372 464 524 584 692 731  ; 4 1 4 8 6 4 4 5 5 3 7 3 3 6 
149.6 ; 1.156e-08 ; True ; 1 24 175 248 314 372 464 524 606 692 731  ; 3 1 4 8 7 4 4 5 6 3 6 3 4 5 
151.1 ; 1.169e-08 ; True ; 1 161 175 248 314 372 420 464 524 692 859  ; 5 1 3 7 6 4 4 5 6 3 6 3 4 5 
151.6 ; 1.183e-08 ; True ; 1 14 24 175 248 314 372 420 464 524 692  ; 4 1 3 8 7 5 4 5 6 3 7 3 3 6 
152.6 ; 1.21e-08 ; True ; 1 24 161 175 314 372 420 464 524 606 692  ; 5 1 3 9 7 4 4 5 6 3 6 3 4 5 
153.5 ; 1.223e-08 ; True ; 1 24 161 175 248 314 372 464 524 692 859  ; 4 1 4 7 7 4 4 5 5 3 6 3 4 5 
153.7 ; 1.355e-08 ; True ; 1 24 161 175 248 314 372 464 524 692 731  ; 4 1 4 8 7 5 4 5 5 3 7 3 3 6 
158.4 ; 1.359e-08 ; True ; 1 24 118 161 314 372 420 464 524 606 692  ; 5 1 3 9 6 5 4 5 6 3 6 3 4 5 
159.7 ; 1.452e-08 ; True ; 1 24 118 161 175 228 314 372 420 464 606 692  ; 5 1 3 10 7 4 5 5 7 3 5 3 4 5 
160.8 ; 1.482e-08 ; True ; 1 24 118 161 175 314 372 420 464 606 607 692  ; 5 1 4 10 6 4 4 5 7 3 6 3 3 6 
164.1 ; 1.577e-08 ; True ; 1 24 118 161 175 228 248 372 420 464 606 692  ; 4 1 3 10 7 5 4 5 7 4 6 3 3 6 
166.5 ; 1.58e-08 ; True ; 1 24 118 161 175 314 372 420 464 606 692 859  ; 5 1 4 9 6 4 4 6 6 3 5 3 4 5 
166.6 ; 1.647e-08 ; True ; 1 24 107 161 175 248 314 372 464 524 692  ; 4 1 3 8 7 5 5 5 5 3 6 4 4 5 
167.5 ; 1.788e-08 ; True ; 1 24 118 161 175 248 314 372 420 464 606 692  ; 5 1 3 9 7 5 4 5 7 4 6 3 3 6 
169 ; 1.806e-08 ; True ; 1 14 24 175 248 314 372 464 524 607 692 731  ; 3 1 5 9 7 5 4 5 6 3 8 3 3 7 
169.2 ; 1.858e-08 ; True ; 1 24 148 175 248 314 372 464 515 524 692 731  ; 3 1 4 9 7 5 5 5 5 3 7 3 4 7 
169.3 ; 1.925e-08 ; True ; 1 24 148 175 248 314 372 464 524 584 692 731  ; 4 1 4 9 7 4 5 5 5 3 7 3 4 7 
170.8 ; 1.999e-08 ; True ; 1 14 24 175 228 248 314 372 464 524 692 731  ; 3 1 4 9 8 5 5 5 6 3 7 3 4 6 
171.1 ; 2.045e-08 ; True ; 1 14 24 175 248 314 372 464 524 584 692 731  ; 4 1 4 9 7 5 4 5 5 4 8 3 3 7 
175.9 ; 2.165e-08 ; True ; 1 14 24 175 248 314 372 464 524 606 692 731  ; 3 1 4 9 8 5 4 5 6 4 7 3 4 6 
177 ; 2.193e-08 ; True ; 1 24 175 248 314 372 464 524 584 606 692 731  ; 4 1 4 9 7 4 4 5 6 4 7 3 4 6 
177.7 ; 2.207e-08 ; True ; 1 24 175 248 314 372 464 524 606 692 731 747  ; 4 1 4 9 8 5 4 5 7 3 7 3 4 6 
177.9 ; 2.233e-08 ; True ; 1 24 161 175 248 314 372 420 464 524 607 692  ; 5 1 4 9 7 5 4 5 7 3 8 3 3 7 
178.1 ; 2.288e-08 ; True ; 1 24 148 161 175 248 314 372 464 524 692 731  ; 4 1 4 9 8 5 5 5 5 3 7 3 4 7 
178.7 ; 2.317e-08 ; True ; 1 24 161 175 228 248 314 372 420 464 524 692  ; 5 1 3 9 8 5 5 5 7 3 7 3 4 6 
178.8 ; 2.405e-08 ; True ; 1 24 161 175 228 248 314 372 464 524 692 731  ; 4 1 4 9 8 5 5 5 6 3 7 3 4 6 
181.4 ; 2.438e-08 ; True ; 1 24 175 248 314 372 464 515 524 692 731 829  ; 4 1 4 9 7 5 4 5 6 3 7 4 4 6 
182 ; 2.492e-08 ; True ; 1 24 175 248 314 372 420 464 524 606 692 731  ; 4 1 4 9 7 5 4 6 7 3 7 3 4 6 
182.7 ; 2.51e-08 ; True ; 1 24 161 175 248 314 372 420 464 524 606 692  ; 5 1 3 9 8 5 4 5 7 4 7 3 4 6 
182.9 ; 2.606e-08 ; True ; 1 24 161 175 248 314 372 464 524 606 692 731  ; 4 1 4 9 8 5 4 5 6 4 7 3 4 6 
188 ; 2.623e-08 ; True ; 1 24 118 161 175 228 248 372 420 464 606 607 692  ; 4 1 4 11 7 5 4 5 8 4 7 3 3 7 
188.1 ; 2.682e-08 ; True ; 1 24 107 175 248 314 372 464 515 524 692 731  ; 3 1 4 9 6 6 5 6 5 3 7 4 4 6 
188.2 ; 2.751e-08 ; True ; 1 24 107 175 247 248 314 372 464 524 692 731  ; 4 1 4 9 7 5 5 6 5 3 6 4 4 6 
189.2 ; 2.887e-08 ; True ; 1 24 107 175 248 314 372 464 524 584 692 731  ; 4 1 4 9 6 5 5 6 5 3 7 4 4 6 
191 ; 2.943e-08 ; True ; 1 24 107 161 175 248 314 372 464 524 607 692  ; 4 1 4 9 7 5 5 5 6 3 7 4 4 6 
191.2 ; 3.029e-08 ; True ; 1 24 118 161 175 228 248 314 372 420 464 606 692  ; 5 1 3 10 8 5 5 5 8 4 6 3 4 6 
195.3 ; 3.207e-08 ; True ; 1 24 118 161 175 228 248 314 372 464 606 692 731  ; 4 1 4 10 8 5 5 5 7 4 6 3 4 6 
197 ; 3.34e-08 ; True ; 1 24 107 161 175 248 314 372 464 524 692 731  ; 4 1 4 9 7 6 5 6 5 3 7 4 4 6 
199.1 ; 3.371e-08 ; True ; 1 14 24 175 248 314 372 464 524 584 692 731 747  ; 5 1 4 10 8 6 4 5 6 4 9 3 3 8 
199.9 ; 3.401e-08 ; True ; 1 24 118 161 175 248 314 372 420 464 606 692 859  ; 5 1 4 9 7 5 4 6 7 4 6 3 4 6 
201 ; 3.535e-08 ; True ; 1 24 118 161 175 248 314 372 420 464 606 692 731  ; 5 1 4 10 7 6 4 6 7 4 7 3 3 7 
202.3 ; 3.591e-08 ; True ; 1 24 107 161 175 228 248 314 372 464 607 692 731  ; 4 1 5 10 7 5 5 6 6 3 7 3 4 7 
202.5 ; 3.603e-08 ; True ; 1 24 148 161 175 248 314 372 464 524 607 692 731  ; 4 1 5 10 8 5 5 5 6 3 8 3 4 8 
203.1 ; 3.782e-08 ; True ; 1 24 161 175 228 248 314 372 420 464 524 607 692  ; 5 1 4 10 8 5 5 5 8 3 8 3 4 7 
206.2 ; 3.968e-08 ; True ; 1 14 24 175 228 248 314 372 420 464 524 692 731  ; 4 1 4 10 8 6 5 6 7 3 8 3 4 7 
206.9 ; 4.011e-08 ; True ; 1 24 118 161 175 314 372 420 464 524 606 607 692  ; 5 1 4 11 7 5 5 5 8 3 7 4 4 6 
208.1 ; 4.098e-08 ; True ; 1 24 161 175 248 314 372 420 464 524 606 607 692  ; 5 1 4 10 8 5 4 5 8 4 8 3 4 7 
209 ; 4.193e-08 ; True ; 1 24 161 175 228 248 314 372 464 524 606 692 731  ; 4 1 4 10 9 5 5 5 7 4 7 3 5 6 
211.3 ; 4.299e-08 ; True ; 1 14 24 175 248 314 372 420 464 524 606 692 731  ; 4 1 4 10 8 6 4 6 7 4 8 3 4 7 
212.1 ; 4.497e-08 ; True ; 1 24 161 175 228 248 314 372 420 464 524 692 731  ; 5 1 4 10 8 6 5 6 7 3 8 3 4 7 
214.5 ; 4.602e-08 ; True ; 1 24 118 161 175 248 314 372 420 464 524 606 692  ; 5 1 3 10 8 6 5 5 8 4 7 4 4 6 
215.5 ; 4.63e-08 ; True ; 1 24 107 175 248 314 372 464 524 584 607 692 731  ; 4 1 5 10 6 5 5 6 6 3 8 4 4 7 
216.1 ; 4.872e-08 ; True ; 1 24 161 175 248 314 372 420 464 524 606 692 731  ; 5 1 4 10 8 6 4 6 7 4 8 3 4 7 
220.7 ; 4.928e-08 ; True ; 1 24 118 148 161 175 248 314 372 420 464 606 607 692  ; 5 1 4 11 8 5 5 5 8 4 7 3 4 8 
222.2 ; 5.076e-08 ; True ; 1 14 24 107 161 175 248 314 372 464 524 607 692  ; 4 1 4 10 8 6 5 5 6 4 8 4 4 7 
223.1 ; 5.168e-08 ; True ; 1 24 107 161 175 248 314 372 464 524 606 607 692  ; 4 1 4 10 8 5 5 5 7 4 7 4 5 6 
223.3 ; 5.271e-08 ; True ; 1 24 107 175 248 314 372 464 524 584 606 692 731  ; 4 1 4 10 7 5 5 6 6 4 7 4 5 6 
223.4 ; 5.356e-08 ; True ; 1 24 107 161 175 248 314 372 464 524 607 692 731  ; 4 1 5 10 7 6 5 6 6 3 8 4 4 7 
225.2 ; 5.502e-08 ; True ; 1 24 107 161 175 248 314 372 420 464 524 607 692  ; 5 1 4 10 7 6 5 6 7 3 8 4 4 7 
227.3 ; 5.614e-08 ; True ; 1 14 24 107 161 175 248 314 372 464 524 692 731  ; 4 1 4 10 8 7 5 6 5 4 8 4 4 7 
228.4 ; 5.711e-08 ; True ; 1 24 107 161 175 248 314 372 464 524 584 692 731  ; 5 1 4 10 7 6 5 6 5 4 8 4 4 7 
230.2 ; 6.027e-08 ; True ; 1 24 107 161 175 248 314 372 464 524 606 692 731  ; 4 1 4 10 8 6 5 6 6 4 7 4 5 6 
233.3 ; 6.081e-08 ; True ; 1 24 107 161 175 248 314 372 420 464 524 692 731  ; 5 1 4 10 7 7 5 7 6 3 8 4 4 7 
234.5 ; 6.353e-08 ; True ; 1 24 107 161 175 228 248 314 372 420 464 606 607 692  ; 5 1 4 11 8 5 5 6 8 4 7 3 5 7 
235.3 ; 6.419e-08 ; True ; 1 24 161 175 228 248 314 372 464 524 606 607 692 731  ; 4 1 5 11 9 5 5 5 8 4 8 3 5 7 
237.3 ; 6.564e-08 ; True ; 1 24 118 161 175 228 248 314 372 420 464 524 607 692  ; 5 1 4 11 8 6 6 5 9 3 8 4 4 7 
238.4 ; 6.673e-08 ; True ; 1 24 161 175 228 248 314 372 420 464 524 607 692 731  ; 5 1 5 11 8 6 5 6 8 3 9 3 4 8 
241.2 ; 6.713e-08 ; True ; 1 24 118 161 175 314 372 420 464 524 606 607 692 859  ; 5 1 5 11 7 5 5 6 8 3 7 4 5 6 
242.3 ; 7.404e-08 ; True ; 1 24 118 161 175 248 314 372 420 464 524 606 607 692  ; 5 1 4 11 8 6 5 5 9 4 8 4 4 7 
244.3 ; 7.689e-08 ; True ; 1 24 161 175 228 248 314 372 420 464 524 606 692 731  ; 5 1 4 11 9 6 5 6 8 4 8 3 5 7 
249.8 ; 8.214e-08 ; True ; 1 24 118 161 175 248 314 372 420 464 524 606 692 859  ; 5 1 4 10 8 6 5 6 8 4 7 4 5 6 
251.5 ; 8.227e-08 ; True ; 1 24 107 175 248 314 372 464 524 584 606 607 692 731  ; 4 1 5 11 7 5 5 6 7 4 8 4 5 7 
251.9 ; 8.704e-08 ; True ; 1 24 118 161 175 248 314 372 420 464 524 606 692 731  ; 5 1 4 11 8 7 5 6 8 4 8 4 4 7 
255.2 ; 8.873e-08 ; True ; 1 24 118 161 175 228 248 314 372 420 464 606 607 692 731  ; 5 1 5 12 8 6 5 6 9 4 8 3 4 8 
256.7 ; 8.877e-08 ; True ; 1 24 107 161 175 248 314 372 464 524 584 607 692 731  ; 5 1 5 11 7 6 5 6 6 4 9 4 4 8 
258.5 ; 9.408e-08 ; True ; 1 24 107 161 175 248 314 372 464 524 606 607 692 731  ; 4 1 5 11 8 6 5 6 7 4 8 4 5 7 
259.4 ; 9.477e-08 ; True ; 1 24 107 161 175 248 314 372 420 464 524 606 607 692  ; 5 1 4 11 8 6 5 6 8 4 8 4 5 7 
263.6 ; 9.586e-08 ; True ; 1 24 107 175 248 314 372 420 464 524 584 606 692 731  ; 5 1 4 11 7 6 5 7 7 4 8 4 5 7 
264.5 ; 9.663e-08 ; True ; 1 24 107 161 175 248 314 372 464 524 584 606 692 731  ; 5 1 4 11 8 6 5 6 6 5 8 4 5 7 
266.3 ; 9.687e-08 ; True ; 1 24 107 161 175 248 314 372 420 464 524 606 692 859  ; 5 1 4 10 8 6 5 7 7 4 7 4 6 6 
267.6 ; 9.717e-08 ; True ; 1 24 107 161 175 248 314 372 420 464 524 584 692 731  ; 6 1 4 11 7 7 5 7 6 4 9 4 4 8 
267.8 ; 9.767e-08 ; True ; 1 24 148 161 175 228 248 314 372 420 464 524 607 692 731  ; 5 1 5 12 9 6 6 6 8 3 9 3 5 9 
268.4 ; 1.068e-07 ; True ; 1 24 107 161 175 248 314 372 420 464 524 606 692 731  ; 5 1 4 11 8 7 5 7 7 4 8 4 5 7 
273.8 ; 1.102e-07 ; True ; 1 24 148 161 175 248 314 372 420 464 524 606 607 692 731  ; 5 1 5 12 9 6 5 6 8 4 9 3 5 9 
274.9 ; 1.114e-07 ; True ; 1 24 118 161 175 228 248 314 372 464 524 606 607 692 731  ; 4 1 5 12 9 6 6 5 9 4 8 4 5 7 
276.6 ; 1.128e-07 ; True ; 1 24 118 161 175 228 248 314 372 420 464 524 607 692 731  ; 5 1 5 12 8 7 6 6 9 3 9 4 4 8 
278.7 ; 1.138e-07 ; True ; 1 24 118 161 175 253 314 372 420 464 524 606 607 692 859  ; 5 1 5 12 7 5 5 7 8 4 8 4 5 7 
280.4 ; 1.239e-07 ; True ; 1 24 118 161 175 248 314 372 420 464 524 606 607 692 859  ; 5 1 5 11 8 6 5 6 9 4 8 4 5 7 
281.6 ; 1.273e-07 ; True ; 1 24 118 161 175 248 314 372 420 464 524 606 607 692 731  ; 5 1 5 12 8 7 5 6 9 4 9 4 4 8 
287.7 ; 1.382e-07 ; True ; 1 24 107 161 175 228 248 314 372 464 524 584 607 692 731  ; 5 1 5 12 8 6 6 6 7 4 9 4 5 8 
290.8 ; 1.401e-07 ; True ; 1 14 24 107 175 248 314 372 464 524 584 607 692 731 829  ; 5 1 5 12 8 6 5 6 7 4 9 5 5 8 
291 ; 1.417e-07 ; True ; 1 24 118 161 175 248 314 372 420 464 524 606 692 731 859  ; 5 1 5 11 8 7 5 7 8 4 8 4 5 7 
293.6 ; 1.426e-07 ; True ; 1 14 24 107 161 175 248 314 372 464 524 606 607 692 731  ; 4 1 5 12 9 7 5 6 7 5 9 4 5 8 
294.7 ; 1.462e-07 ; True ; 1 24 107 161 175 248 314 372 464 524 584 606 607 692 731  ; 5 1 5 12 8 6 5 6 7 5 9 4 5 8 
297.5 ; 1.483e-07 ; True ; 1 24 107 161 175 248 314 372 420 464 524 606 607 692 859  ; 5 1 5 11 8 6 5 7 8 4 8 4 6 7 
298.7 ; 1.585e-07 ; True ; 1 24 107 161 175 248 314 372 420 464 524 606 607 692 731  ; 5 1 5 12 8 7 5 7 8 4 9 4 5 8 
305.7 ; 1.6e-07 ; True ; 1 24 107 161 175 248 314 372 420 464 524 584 606 692 731  ; 6 1 4 12 8 7 5 7 7 5 9 4 5 8 
307.5 ; 1.638e-07 ; True ; 1 24 107 161 175 248 314 372 420 464 524 606 692 731 859  ; 5 1 5 11 8 7 5 8 7 4 8 4 6 7 
309.2 ; 1.689e-07 ; True ; 1 24 107 118 161 175 248 314 372 420 464 524 606 692 731  ; 5 1 4 12 8 8 6 7 8 4 8 5 5 7 
311.8 ; 1.759e-07 ; True ; 1 24 118 161 175 228 248 314 372 420 464 524 606 607 692 859  ; 5 1 5 12 9 6 6 6 10 4 8 4 6 7 
319.7 ; 1.777e-07 ; True ; 1 24 107 161 175 248 314 372 420 437 464 524 606 692 731  ; 5 1 5 11 8 7 6 7 7 4 8 5 5 7 
322.7 ; 1.782e-07 ; True ; 1 24 107 144 161 175 248 314 372 420 464 524 692 731 859  ; 5 1 5 11 8 8 6 8 7 4 8 4 5 7 
323 ; 1.962e-07 ; True ; 1 24 107 175 228 248 314 372 420 464 515 524 584 607 692 731  ; 5 1 5 13 7 7 6 7 8 4 10 4 5 9 
323.6 ; 1.99e-07 ; True ; 1 24 118 161 175 248 314 372 420 464 524 606 607 692 731 859  ; 5 1 6 12 8 7 5 7 9 4 9 4 5 8 
330.7 ; 2.275e-07 ; True ; 1 24 107 161 175 228 248 314 372 420 464 524 606 607 692 731  ; 5 1 5 13 9 7 6 7 9 4 9 4 6 8 
336.8 ; 2.304e-07 ; True ; 1 14 24 107 161 175 248 314 372 420 464 524 606 607 692 731  ; 5 1 5 13 9 8 5 7 8 5 10 4 5 9 
338 ; 2.32e-07 ; True ; 1 24 107 161 175 248 314 372 420 464 524 584 606 607 692 731  ; 6 1 5 13 8 7 5 7 8 5 10 4 5 9 
340.6 ; 2.333e-07 ; True ; 1 24 107 161 175 248 314 372 420 464 524 606 607 692 731 859  ; 5 1 6 12 8 7 5 8 8 4 9 4 6 8 
341.3 ; 2.337e-07 ; True ; 1 24 107 161 175 248 253 314 372 420 464 524 606 607 692 731  ; 5 1 5 13 8 7 5 8 8 5 10 4 5 9 
341.8 ; 2.47e-07 ; True ; 1 24 107 118 161 175 248 314 372 420 464 524 606 607 692 731  ; 5 1 5 13 8 8 6 7 9 4 9 5 5 8 
349 ; 2.519e-07 ; True ; 1 24 107 161 175 248 314 372 420 464 524 606 607 692 731 829  ; 6 1 5 13 9 7 5 7 9 4 9 5 6 8 
353.9 ; 2.532e-07 ; True ; 1 24 107 161 175 248 314 372 420 437 464 524 606 607 692 731  ; 5 1 6 12 8 7 6 7 8 4 9 5 5 8 
355.2 ; 2.56e-07 ; True ; 1 24 107 161 175 248 314 317 372 420 464 524 607 692 731 829  ; 6 1 5 13 9 8 6 7 8 4 9 5 5 8 
359.8 ; 2.572e-07 ; True ; 1 24 107 161 175 248 314 372 420 464 524 606 692 731 829 859  ; 6 1 5 12 9 7 5 8 8 4 8 5 7 7 
360.3 ; 2.601e-07 ; True ; 1 24 107 161 175 248 253 314 372 420 464 524 606 692 731 829  ; 6 1 4 13 9 7 5 8 8 5 9 5 6 8 
360.8 ; 2.617e-07 ; True ; 1 24 107 161 175 248 314 372 420 437 464 524 606 692 731 859  ; 5 1 6 11 8 7 6 8 7 4 8 5 6 7 
363.1 ; 2.682e-07 ; True ; 1 24 148 161 175 248 314 372 420 464 515 524 606 607 692 731 829  ; 6 1 5 14 10 7 5 6 9 5 10 4 6 10 
367 ; 2.708e-07 ; True ; 1 24 118 161 175 248 314 317 372 420 464 524 607 657 692 731 859  ; 5 1 6 13 8 8 6 7 8 4 9 5 5 8 
369.9 ; 2.827e-07 ; True ; 1 24 107 161 175 228 248 314 372 420 464 480 524 607 692 731  ; 5 1 5 13 9 8 7 7 9 4 9 5 5 8 
370.9 ; 2.844e-07 ; True ; 1 24 118 161 175 248 314 317 372 420 464 524 584 607 692 731 859  ; 6 1 6 13 8 8 6 7 8 5 10 4 4 9 
372.7 ; 2.93e-07 ; True ; 1 24 107 161 175 248 314 372 420 464 480 524 606 607 692 859  ; 5 1 5 12 9 7 6 7 9 5 8 5 6 7 
374 ; 2.939e-07 ; True ; 1 14 24 118 161 175 248 314 372 420 464 524 606 607 692 829 859  ; 6 1 5 13 10 7 5 6 10 5 9 5 6 8 
375.9 ; 3.074e-07 ; True ; 1 24 107 161 175 248 314 372 420 464 480 524 606 607 692 731  ; 5 1 5 13 9 8 6 7 9 5 9 5 5 8 
376.8 ; 3.128e-07 ; True ; 1 24 118 161 175 248 314 372 420 464 524 606 607 692 731 829 859  ; 6 1 6 13 9 7 5 7 10 4 9 5 6 8 
382.2 ; 3.136e-07 ; True ; 1 24 107 161 175 248 314 372 420 464 480 524 584 692 731 859  ; 6 1 5 12 8 8 6 8 7 5 9 5 5 8 
382.9 ; 3.416e-07 ; True ; 1 24 107 161 175 248 314 372 420 464 524 584 606 607 692 731 859  ; 6 1 6 13 8 7 5 8 8 5 10 4 6 9 
388.9 ; 3.436e-07 ; True ; 1 24 107 161 175 248 314 317 372 420 464 524 584 606 607 692 731  ; 6 1 5 14 9 8 6 7 8 6 10 4 5 9 
390.6 ; 3.448e-07 ; True ; 1 24 107 161 175 248 314 372 464 524 584 606 607 692 731 829 859  ; 6 1 6 13 9 6 5 7 8 5 9 5 7 8 
391.5 ; 3.6e-07 ; True ; 1 24 107 161 175 248 314 317 372 420 464 524 606 607 692 731 859  ; 5 1 6 13 9 8 6 8 8 5 9 4 6 8 
391.9 ; 3.609e-07 ; True ; 1 24 107 161 175 248 314 372 420 464 515 524 606 607 692 731 829  ; 6 1 5 14 9 8 5 7 9 5 10 5 6 9 
394.5 ; 3.716e-07 ; True ; 1 24 107 161 175 248 253 314 372 420 464 524 606 607 692 731 829  ; 6 1 5 14 9 7 5 8 9 5 10 5 6 9 
400 ; 3.868e-07 ; True ; 1 24 107 161 175 248 314 317 372 420 464 524 606 607 692 731 829  ; 6 1 5 14 10 8 6 7 9 5 9 5 6 8 
407.8 ; 3.872e-07 ; True ; 1 24 107 161 175 248 314 317 372 420 464 524 584 692 731 829 859  ; 7 1 5 13 9 8 6 8 7 5 9 5 6 8 
410.8 ; 3.949e-07 ; True ; 1 24 107 161 175 248 314 317 372 420 464 524 606 692 731 829 859  ; 6 1 5 13 10 8 6 8 8 5 8 5 7 7 
413.4 ; 3.977e-07 ; True ; 1 107 161 175 228 248 314 372 420 464 480 524 584 607 692 731 859  ; 6 1 5 13 8 7 7 7 9 5 9 5 6 8 
415.6 ; 4.163e-07 ; True ; 1 24 107 161 175 228 248 314 372 420 464 480 524 607 692 731 859  ; 5 1 6 13 9 8 7 8 9 4 9 5 6 8 
421.1 ; 4.364e-07 ; True ; 1 24 107 161 175 248 314 372 420 464 480 524 584 607 692 731 859  ; 6 1 6 13 8 8 6 8 8 5 10 5 5 9 
421.8 ; 4.526e-07 ; True ; 1 24 107 161 175 248 314 372 420 464 480 524 606 607 692 731 859  ; 5 1 6 13 9 8 6 8 9 5 9 5 6 8 
429.2 ; 4.868e-07 ; True ; 1 24 107 161 175 228 248 314 317 372 420 464 524 606 607 692 731 859  ; 5 1 6 14 10 8 7 8 9 5 9 4 7 8 
436.7 ; 5.06e-07 ; True ; 1 24 107 161 175 248 314 317 372 420 464 524 584 606 607 692 731 859  ; 6 1 6 14 9 8 6 8 8 6 10 4 6 9 
441.6 ; 5.172e-07 ; True ; 1 24 107 161 175 248 314 372 420 464 515 524 606 607 692 731 829 859  ; 6 1 6 14 9 8 5 8 9 5 10 5 7 9 
442.3 ; 5.245e-07 ; True ; 1 24 107 161 175 248 253 314 372 420 464 524 606 607 692 731 829 859  ; 6 1 6 14 9 7 5 9 9 5 10 5 7 9 
446.7 ; 5.247e-07 ; True ; 1 24 107 161 175 248 314 317 372 420 464 515 524 606 607 692 731 829  ; 6 1 5 15 10 9 6 7 9 6 10 5 6 9 
448.8 ; 5.543e-07 ; True ; 1 24 107 161 175 248 314 317 372 420 464 524 606 607 692 731 829 859  ; 6 1 6 14 10 8 6 8 9 5 9 5 7 8 
464.5 ; 5.672e-07 ; True ; 1 24 107 161 175 248 314 372 420 464 480 524 606 607 657 692 731 859  ; 5 1 6 14 9 8 6 8 9 5 9 6 7 8 
467.8 ; 5.69e-07 ; True ; 1 24 161 175 248 314 317 372 420 464 480 524 606 607 692 731 829 859  ; 6 1 6 14 11 8 6 7 10 6 9 5 6 8 
469.9 ; 6.361e-07 ; True ; 1 24 107 161 175 248 314 372 420 464 480 524 584 606 607 692 731 859  ; 6 1 6 14 9 8 6 8 9 6 10 5 6 9 
479.9 ; 6.514e-07 ; True ; 1 24 107 161 175 248 314 372 420 464 480 524 584 607 692 731 829 859  ; 7 1 6 14 9 8 6 8 9 5 10 6 6 9 
481.9 ; 6.626e-07 ; True ; 1 24 107 161 175 248 314 372 420 464 480 524 606 607 692 731 829 859  ; 6 1 6 14 10 8 6 8 10 5 9 6 7 8 
487 ; 6.714e-07 ; True ; 1 24 107 161 175 248 314 317 372 420 464 480 524 607 692 731 829 859  ; 6 1 6 14 10 9 7 8 9 5 9 6 6 8 
494 ; 6.716e-07 ; True ; 1 24 107 161 175 248 314 317 372 420 464 480 524 584 692 731 829 859  ; 7 1 5 14 10 9 7 8 8 6 9 6 6 8 
496.9 ; 6.729e-07 ; True ; 1 24 107 161 175 248 314 317 372 420 464 480 524 606 692 731 829 859  ; 6 1 5 14 11 9 7 8 9 6 8 6 7 7 
500.9 ; 7.204e-07 ; True ; 1 24 107 161 175 248 314 317 372 420 464 515 524 550 607 692 731 829 859  ; 6 1 6 15 10 9 7 8 9 5 10 5 7 9 
512.4 ; 7.284e-07 ; True ; 1 24 107 144 161 248 314 372 420 464 480 524 606 607 692 731 829 859  ; 6 1 6 14 10 9 6 8 10 6 9 5 7 8 
512.4 ; 7.305e-07 ; True ; 1 24 107 161 175 228 248 314 372 420 464 480 524 597 606 607 692 731 859  ; 5 1 6 15 10 8 8 8 11 5 10 5 7 8 
522.5 ; 7.328e-07 ; True ; 1 24 107 161 175 248 314 317 372 420 464 480 524 606 692 731 835 859  ; 5 1 6 13 10 9 7 9 8 6 9 6 6 8 
522.8 ; 7.745e-07 ; True ; 1 24 107 161 175 248 314 372 420 464 480 524 584 607 692 731 829 839 859  ; 7 1 6 15 10 8 6 8 9 6 10 6 6 9 
526.8 ; 7.928e-07 ; True ; 1 24 107 161 175 248 314 372 420 464 480 524 606 607 638 692 731 829 859  ; 6 1 7 15 10 8 6 8 10 5 9 6 7 9 
530.7 ; 8.096e-07 ; True ; 1 24 105 107 161 175 248 314 372 420 464 480 524 606 607 692 731 829 859  ; 7 1 6 15 11 8 6 9 10 5 9 6 7 9 
531.2 ; 8.122e-07 ; True ; 1 24 107 161 175 248 314 372 420 464 480 524 606 607 692 731 823 829 859  ; 7 1 6 15 11 8 6 8 10 5 9 6 8 9 
532.2 ; 8.925e-07 ; True ; 1 24 107 161 175 248 253 314 372 420 464 480 524 584 607 692 731 829 859  ; 7 1 6 15 9 8 6 9 9 6 11 6 6 10 
532.6 ; 9.092e-07 ; True ; 1 24 107 161 175 248 314 372 420 464 480 524 584 606 607 692 731 829 859  ; 7 1 6 15 10 8 6 8 10 6 10 6 7 9 
549.7 ; 9.222e-07 ; True ; 1 24 107 144 175 248 314 372 420 464 480 524 584 606 607 692 731 829 859  ; 6 1 6 15 10 8 7 8 11 6 9 6 7 8 
561.5 ; 9.542e-07 ; True ; 1 24 107 161 175 248 314 372 420 464 480 524 584 606 607 692 731 835 859  ; 6 1 7 14 9 8 6 9 9 6 11 6 6 10 
569.8 ; 9.838e-07 ; True ; 1 24 107 144 161 175 248 314 372 420 464 480 524 607 692 731 829 845 859  ; 7 1 6 15 11 10 7 8 10 6 9 6 6 9 
572.6 ; 9.85e-07 ; True ; 1 24 107 161 175 248 314 372 420 464 480 524 606 607 692 731 829 835 859  ; 6 1 7 14 10 8 6 9 10 5 10 7 7 9 
579.4 ; 1.01e-06 ; True ; 1 24 107 161 175 248 253 314 372 420 464 515 524 606 607 692 731 800 829 859  ; 6 1 6 16 9 8 6 9 9 6 11 6 8 10 
585.6 ; 1.027e-06 ; True ; 1 24 107 161 175 248 314 317 372 420 464 480 524 584 692 731 829 835 859  ; 7 1 6 14 10 9 7 9 8 6 10 7 6 9 
596.7 ; 1.044e-06 ; True ; 1 24 107 161 175 247 314 317 372 420 464 480 524 597 606 607 692 731 829 859  ; 7 1 6 17 11 8 8 8 10 6 9 6 7 8 
598.4 ; 1.047e-06 ; True ; 1 24 107 161 175 244 248 314 372 420 464 480 524 606 607 692 731 829 845 859  ; 7 1 6 15 11 9 6 8 10 6 9 6 8 10 
606.2 ; 1.064e-06 ; True ; 1 24 107 161 175 248 253 314 317 372 420 464 524 606 607 692 731 835 845 859  ; 6 1 7 15 10 9 6 10 8 7 11 5 6 11 
607.1 ; 1.102e-06 ; True ; 1 24 107 120 161 175 253 314 372 420 464 480 524 606 607 692 731 829 845 859  ; 7 1 6 17 11 9 6 10 9 6 10 6 7 10 
613.4 ; 1.226e-06 ; True ; 1 24 107 161 175 253 314 317 372 420 464 480 524 606 607 692 731 829 845 859  ; 7 1 6 17 11 9 7 9 9 7 9 6 7 9 
631.7 ; 1.334e-06 ; True ; 1 24 107 161 175 248 253 314 372 420 464 480 524 606 607 692 731 829 835 859  ; 6 1 7 15 10 8 6 10 10 6 11 7 7 10 
657.2 ; 1.348e-06 ; True ; 1 24 107 144 175 248 314 317 372 420 464 480 524 606 607 692 731 829 835 859  ; 5 1 7 15 11 9 8 9 11 6 9 7 7 8 
660.7 ; 1.387e-06 ; True ; 1 24 107 161 164 175 248 314 317 372 420 464 524 584 606 607 692 731 829 835 859  ; 7 1 7 16 11 9 6 9 9 7 11 6 7 10 
669.7 ; 1.462e-06 ; True ; 1 24 107 144 161 248 314 317 372 420 464 480 524 584 607 692 731 829 835 859  ; 7 1 7 15 10 10 7 9 9 7 11 6 6 10 
694.1 ; 1.48e-06 ; True ; 1 24 107 144 161 175 253 312 314 372 420 464 480 524 607 692 731 829 845 846 859  ; 7 1 6 18 10 9 8 9 9 7 9 7 7 9 
699.6 ; 1.502e-06 ; True ; 1 24 48 107 161 175 248 314 317 372 420 464 480 524 606 607 692 731 829 845 859  ; 7 1 6 16 12 10 7 8 10 7 9 7 8 9 
723.4 ; 1.523e-06 ; True ; 1 24 40 107 161 175 247 248 314 317 372 420 464 480 524 606 607 678 692 747 829 859  ; 8 1 5 18 14 9 8 8 12 8 10 6 7 9 
727.6 ; 1.655e-06 ; True ; 1 24 107 144 175 253 314 372 420 464 480 524 606 607 678 692 731 829 835 845 859  ; 6 1 7 17 11 8 8 11 10 6 10 7 7 9 
746.9 ; 1.689e-06 ; True ; 1 24 64 144 161 248 314 317 372 420 464 480 524 606 607 692 731 735 829 835 859  ; 6 1 8 14 11 9 6 10 10 7 10 7 7 9 
752.1 ; 1.845e-06 ; True ; 1 24 107 108 161 248 314 317 372 420 464 480 524 606 607 678 692 731 747 829 846 859  ; 7 1 6 18 12 10 8 10 11 6 12 6 8 10 
779.2 ; 1.856e-06 ; True ; 1 24 107 144 248 314 317 372 420 464 480 524 584 606 692 731 735 835 845 846 859  ; 6 1 7 15 10 10 8 10 8 8 9 7 7 9 
782.9 ; 1.932e-06 ; True ; 1 18 24 107 161 175 248 314 372 420 464 480 524 584 607 678 692 731 829 835 845 859  ; 8 1 7 16 11 9 7 10 9 6 12 8 7 11 
788.8 ; 2.131e-06 ; True ; 1 24 99 107 161 175 248 314 317 372 420 464 480 524 584 606 607 692 731 829 835 859  ; 8 1 7 17 12 9 7 9 11 7 12 7 7 11 
797 ; 2.221e-06 ; True ; 1 24 107 161 175 206 248 314 317 372 420 464 480 524 606 607 678 692 731 829 845 859  ; 8 1 7 17 13 10 8 9 10 7 11 7 7 10 
829.7 ; 2.238e-06 ; True ; 1 24 64 107 161 248 314 317 372 420 463 464 480 524 606 607 692 731 735 829 835 846  ; 6 1 7 16 10 10 7 10 9 7 11 9 8 10 
869.3 ; 2.291e-06 ; True ; 1 24 107 161 164 175 229 248 314 317 372 404 420 464 480 524 584 607 692 731 829 835 859  ; 7 1 7 18 11 10 8 9 10 8 11 8 6 10 
871 ; 2.692e-06 ; True ; 1 24 66 107 144 175 248 314 317 372 420 464 480 524 606 607 678 692 731 747 829 845 859  ; 7 1 6 18 14 11 9 9 13 8 10 7 8 9 


