Iteration: 1000
 Population Size: 1000
RUN 1:
Optimum Distance: 22.67
Optimal Team: 1,152,373,695,
Required Skills: 0 1 4 5 9 10 11 12 14 15 16 18 22 23 24 26 
Distance; Skill Score; isValid; Team; Skill Counts
22.67 ; 2.278e-17 ; True ; 1 152 373 695  ; 2 1 1 3 2 1 1 2 1 1 2 1 1 1 2 1 
24.56 ; 3.252e-17 ; True ; 1 152 373 527  ; 1 1 1 3 2 2 1 2 1 1 3 1 1 1 2 1 
33.45 ; 2.699e-16 ; True ; 1 152 315 373 695  ; 3 1 1 3 3 1 2 2 2 1 2 1 1 2 2 1 
34.47 ; 2.765e-16 ; True ; 1 152 162 373 695  ; 3 1 1 4 3 2 1 2 1 2 3 1 1 1 3 1 
34.48 ; 3.009e-16 ; True ; 1 152 373 422 695  ; 3 1 1 4 2 2 1 3 2 1 3 1 1 1 3 1 
35.31 ; 4.06e-16 ; True ; 1 152 373 609 695  ; 2 1 1 4 3 1 1 2 2 2 2 1 2 2 2 1 
37.31 ; 5.112e-16 ; True ; 1 152 315 373 527  ; 2 1 1 3 3 2 2 2 2 1 3 1 1 2 2 1 
38.26 ; 6.831e-16 ; True ; 1 29 152 373 527  ; 2 1 1 4 3 2 1 3 2 1 4 1 2 1 3 1 
39.43 ; 1.909e-15 ; True ; 1 152 373 527 695  ; 2 1 1 4 3 2 2 2 2 1 3 2 2 2 2 1 
47.01 ; 2.636e-15 ; True ; 1 119 152 162 373 695  ; 3 1 1 5 3 3 2 2 2 2 3 2 1 1 3 1 
49.11 ; 3.27e-15 ; True ; 1 152 162 373 609 695  ; 3 1 1 5 4 2 1 2 2 3 3 1 2 2 3 1 
49.12 ; 3.961e-15 ; True ; 1 152 373 422 609 695  ; 3 1 1 5 3 2 1 3 3 2 3 1 2 2 3 1 
52.8 ; 4.643e-15 ; True ; 1 24 152 373 609 695  ; 2 1 2 5 4 2 1 3 2 2 3 1 2 2 3 1 
52.96 ; 5.195e-15 ; True ; 1 29 152 373 527 849  ; 3 1 1 5 4 3 1 3 2 2 4 1 3 1 4 1 
53.16 ; 5.208e-15 ; True ; 1 19 29 373 527 849  ; 2 1 1 5 4 2 2 3 2 3 3 1 3 1 3 1 
53.17 ; 8.602e-15 ; True ; 1 152 315 373 527 695  ; 3 1 1 4 4 2 3 2 3 1 3 2 2 3 2 1 
55.08 ; 9.033e-15 ; True ; 1 152 373 527 610 695  ; 2 1 2 5 3 2 2 2 3 1 4 2 2 2 3 1 
55.15 ; 1.248e-14 ; True ; 1 152 373 422 527 695  ; 3 1 1 5 3 3 2 3 3 1 4 2 2 2 3 1 
56 ; 1.373e-14 ; True ; 1 152 162 373 527 695  ; 3 1 1 5 4 3 2 2 2 2 4 2 2 2 3 1 
57.04 ; 1.506e-14 ; True ; 1 29 152 373 527 695  ; 3 1 1 5 4 2 2 3 3 1 4 2 3 2 3 1 
57.11 ; 1.629e-14 ; True ; 1 152 373 527 695 849  ; 3 1 1 5 4 3 2 2 2 2 3 2 3 2 3 1 
61.98 ; 1.689e-14 ; True ; 1 19 162 373 422 609 695  ; 3 1 1 6 4 2 2 3 3 4 3 1 2 2 3 1 
63.69 ; 1.732e-14 ; True ; 1 152 373 483 527 695  ; 2 1 1 5 4 3 3 2 3 2 3 3 2 2 2 1 
63.94 ; 1.823e-14 ; True ; 1 152 162 176 373 609 695  ; 3 1 1 6 5 2 2 2 3 3 3 2 2 2 3 1 
63.95 ; 2.073e-14 ; True ; 1 152 176 373 422 609 695  ; 3 1 1 6 4 2 2 3 4 2 3 2 2 2 3 1 
64.01 ; 2.329e-14 ; True ; 1 119 152 162 373 609 695  ; 3 1 1 6 4 3 2 2 3 3 3 2 2 2 3 1 
64.56 ; 2.511e-14 ; True ; 1 119 152 373 422 609 695  ; 3 1 1 6 3 3 2 3 4 2 3 2 2 2 3 1 
67.56 ; 2.588e-14 ; True ; 1 24 152 176 373 609 695  ; 2 1 2 6 5 2 2 3 3 2 3 2 2 2 3 1 
68.38 ; 2.643e-14 ; True ; 1 24 152 315 373 609 695  ; 3 1 2 5 5 2 2 3 3 2 3 1 2 3 3 1 
68.49 ; 2.801e-14 ; True ; 1 119 152 373 467 609 695  ; 3 1 2 6 3 2 2 3 3 2 3 2 2 2 3 1 
68.76 ; 2.806e-14 ; True ; 1 162 293 373 422 527 695  ; 3 1 1 5 4 3 2 3 3 2 4 2 2 2 3 1 
68.96 ; 3.063e-14 ; True ; 1 152 315 373 527 695 863  ; 3 1 2 4 4 2 3 3 3 1 3 2 2 4 2 1 
69 ; 3.336e-14 ; True ; 1 19 315 373 467 527 695  ; 3 1 2 5 4 1 4 3 3 2 3 2 2 3 2 1 
70.05 ; 3.977e-14 ; True ; 1 19 315 373 422 527 695  ; 3 1 1 5 4 2 4 3 4 2 3 2 2 3 2 1 
70.84 ; 4.985e-14 ; True ; 1 152 315 373 467 527 695  ; 4 1 2 5 4 2 3 3 3 1 4 2 2 3 3 1 
72.59 ; 5.952e-14 ; True ; 1 152 162 373 422 527 695  ; 4 1 1 6 4 4 2 3 3 2 5 2 2 2 4 1 
72.69 ; 5.988e-14 ; True ; 1 19 162 373 422 527 695  ; 3 1 1 6 4 3 3 3 3 3 4 2 2 2 3 1 
73.73 ; 7.366e-14 ; True ; 1 152 373 422 527 609 695  ; 3 1 1 6 4 3 2 3 4 2 4 2 3 3 3 1 
74.64 ; 8.218e-14 ; True ; 1 152 373 467 527 609 695  ; 3 1 2 6 4 2 2 3 3 2 4 2 3 3 3 1 
75.68 ; 8.575e-14 ; True ; 1 29 152 373 527 695 849  ; 4 1 1 6 5 3 2 3 3 2 4 2 4 2 4 1 
77.46 ; 9.197e-14 ; True ; 1 24 152 373 527 609 695  ; 2 1 2 6 5 3 2 3 3 2 4 2 3 3 3 1 
79.55 ; 9.347e-14 ; True ; 1 24 152 373 527 695 849  ; 3 1 2 6 5 4 2 3 2 2 4 2 3 2 4 1 
79.58 ; 9.541e-14 ; True ; 1 119 152 162 373 422 609 695  ; 4 1 1 7 4 4 2 3 4 3 4 2 2 2 4 1 
83.78 ; 9.821e-14 ; True ; 1 19 162 373 422 609 685 695  ; 3 1 2 7 5 2 2 3 3 4 3 2 3 2 3 1 
85.25 ; 1.06e-13 ; True ; 1 24 152 176 315 373 518 695  ; 3 1 2 6 5 3 3 3 3 2 4 2 2 2 4 1 
85.28 ; 1.118e-13 ; True ; 1 152 373 467 483 527 695  ; 3 1 2 6 4 3 3 3 3 2 4 3 2 2 3 1 
85.6 ; 1.195e-13 ; True ; 1 119 152 162 373 467 609 695  ; 4 1 2 7 4 3 2 3 3 3 4 2 2 2 4 1 
86.87 ; 1.26e-13 ; True ; 1 19 315 373 422 527 695 863  ; 3 1 2 5 4 2 4 4 4 2 3 2 2 4 2 1 
87.59 ; 1.459e-13 ; True ; 1 19 121 315 373 467 527 695  ; 3 1 2 6 5 2 4 4 3 2 4 2 2 3 3 1 
89.5 ; 1.564e-13 ; True ; 1 19 315 373 422 527 610 695  ; 3 1 2 6 4 2 4 3 5 2 4 2 2 3 3 1 
90.35 ; 1.729e-13 ; True ; 1 19 315 373 467 527 695 751  ; 4 1 2 6 5 2 4 3 4 2 4 2 2 3 3 1 
90.42 ; 1.807e-13 ; True ; 1 19 162 315 373 422 527 695  ; 4 1 1 6 5 3 4 3 4 3 4 2 2 3 3 1 
90.6 ; 2.039e-13 ; True ; 1 19 315 373 422 467 527 695  ; 4 1 2 6 4 2 4 4 4 2 4 2 2 3 3 1 
91.27 ; 2.139e-13 ; True ; 1 19 24 315 373 467 527 695  ; 3 1 3 6 5 2 4 4 3 2 4 2 2 3 3 1 
91.34 ; 2.231e-13 ; True ; 1 19 162 373 422 527 609 695  ; 3 1 1 7 5 3 3 3 4 4 4 2 3 3 3 1 
91.53 ; 2.252e-13 ; True ; 1 19 315 373 467 518 527 695  ; 3 1 2 6 4 2 4 3 3 3 4 2 3 3 3 1 
92.24 ; 2.482e-13 ; True ; 1 152 315 373 467 527 609 695  ; 4 1 2 6 5 2 3 3 4 2 4 2 3 4 3 1 
93.17 ; 2.494e-13 ; True ; 1 152 162 373 422 527 609 695  ; 4 1 1 7 5 4 2 3 4 3 5 2 3 3 4 1 
93.3 ; 2.52e-13 ; True ; 1 19 24 315 373 518 527 695  ; 2 1 2 6 5 3 4 3 3 3 4 2 3 3 3 1 
93.4 ; 2.831e-13 ; True ; 1 19 373 422 467 527 609 695  ; 3 1 2 7 4 2 3 4 4 3 4 2 3 3 3 1 
95.31 ; 3.159e-13 ; True ; 1 152 373 422 467 527 609 695  ; 4 1 2 7 4 3 2 4 4 2 5 2 3 3 4 1 
96.06 ; 3.168e-13 ; True ; 1 19 24 373 422 527 609 695  ; 2 1 2 7 5 3 3 4 4 3 4 2 3 3 3 1 
98.01 ; 3.314e-13 ; True ; 1 24 152 373 467 527 609 695  ; 3 1 3 7 5 3 2 4 3 2 5 2 3 3 4 1 
98.98 ; 3.527e-13 ; True ; 1 24 152 373 422 527 609 695  ; 3 1 2 7 5 4 2 4 4 2 5 2 3 3 4 1 
101.1 ; 4.007e-13 ; True ; 1 19 24 29 373 527 695 849  ; 3 1 2 7 6 3 3 4 3 3 4 2 4 2 4 1 
106.8 ; 4.123e-13 ; True ; 1 19 24 152 373 527 609 695  ; 2 1 2 7 6 3 3 3 3 3 4 2 3 3 3 2 
107.6 ; 4.31e-13 ; True ; 1 24 152 176 315 373 518 609 695  ; 3 1 2 7 6 3 3 3 4 3 4 2 3 3 4 1 
108.4 ; 4.456e-13 ; True ; 1 19 176 315 373 422 467 527 695  ; 4 1 2 7 5 2 5 4 5 2 4 3 2 3 3 1 
109 ; 4.831e-13 ; True ; 1 19 24 176 315 373 467 527 695  ; 3 1 3 7 6 2 5 4 4 2 4 3 2 3 3 1 
109.3 ; 5.242e-13 ; True ; 1 19 176 315 373 467 518 527 695  ; 3 1 2 7 5 2 5 3 4 3 4 3 3 3 3 1 
110 ; 5.278e-13 ; True ; 1 19 121 315 373 467 527 609 695  ; 3 1 2 7 6 2 4 4 4 3 4 2 3 4 3 1 
111 ; 5.61e-13 ; True ; 1 152 176 315 373 467 527 609 695  ; 4 1 2 7 6 2 4 3 5 2 4 3 3 4 3 1 
111.6 ; 5.727e-13 ; True ; 1 152 176 315 373 467 527 587 695  ; 5 1 2 7 5 2 4 3 4 2 5 3 3 3 4 1 
111.9 ; 5.944e-13 ; True ; 1 19 162 315 373 422 527 610 695  ; 4 1 2 7 5 3 4 3 5 3 5 2 2 3 4 1 
112.1 ; 7.137e-13 ; True ; 1 19 315 373 422 467 527 609 695  ; 4 1 2 7 5 2 4 4 5 3 4 2 3 4 3 1 
112.9 ; 7.332e-13 ; True ; 1 19 162 373 422 527 609 610 695  ; 3 1 2 8 5 3 3 3 5 4 5 2 3 3 4 1 
113.6 ; 7.737e-13 ; True ; 1 19 24 315 373 467 527 609 695  ; 3 1 3 7 6 2 4 4 4 3 4 2 3 4 3 1 
114.3 ; 7.873e-13 ; True ; 1 19 24 315 373 467 527 587 695  ; 4 1 3 7 5 2 4 4 3 3 5 2 3 3 4 1 
114.4 ; 8.254e-13 ; True ; 1 19 24 249 315 373 467 527 695  ; 3 1 3 6 6 3 4 4 4 3 5 2 2 3 4 1 
114.8 ; 9.079e-13 ; True ; 1 19 24 315 373 467 518 527 695  ; 3 1 3 7 5 3 4 4 3 3 5 2 3 3 4 1 
115.8 ; 9.56e-13 ; True ; 1 19 162 373 422 467 527 609 695  ; 4 1 2 8 5 3 3 4 4 4 5 2 3 3 4 1 
118.4 ; 9.708e-13 ; True ; 1 24 152 315 373 467 527 609 695  ; 4 1 3 7 6 3 3 4 4 2 5 2 3 4 4 1 
118.8 ; 9.918e-13 ; True ; 1 119 152 162 373 467 527 609 695  ; 4 1 2 8 5 4 3 3 4 3 5 3 3 3 4 1 
119.3 ; 1.036e-12 ; True ; 1 19 24 162 373 422 527 609 695  ; 3 1 2 8 6 4 3 4 4 4 5 2 3 3 4 1 
119.5 ; 1.07e-12 ; True ; 1 19 24 373 422 467 527 609 695  ; 3 1 3 8 5 3 3 5 4 3 5 2 3 3 4 1 
121 ; 1.073e-12 ; True ; 1 19 373 422 467 527 609 695 849  ; 4 1 2 8 5 3 3 4 4 4 4 2 4 3 4 1 
123.4 ; 1.184e-12 ; True ; 1 19 24 29 373 422 527 609 695  ; 3 1 2 8 6 3 3 5 5 3 5 2 4 3 4 1 
124.5 ; 1.184e-12 ; True ; 1 19 24 29 373 527 609 695 849  ; 3 1 2 8 7 3 3 4 4 4 4 2 5 3 4 1 
126.5 ; 1.209e-12 ; True ; 1 19 24 29 373 422 527 695 849  ; 4 1 2 8 6 4 3 5 4 3 5 2 4 2 5 1 
127.3 ; 1.245e-12 ; True ; 1 24 29 152 373 527 609 695 849  ; 4 1 2 8 7 4 2 4 4 3 5 2 5 3 5 1 
128.7 ; 1.459e-12 ; True ; 1 19 152 373 422 467 527 609 695  ; 4 1 2 8 5 3 3 4 4 3 5 2 3 3 4 2 
131.3 ; 1.484e-12 ; True ; 1 19 24 152 373 467 527 609 695  ; 3 1 3 8 6 3 3 4 3 3 5 2 3 3 4 2 
132.3 ; 1.58e-12 ; True ; 1 19 24 152 373 422 527 609 695  ; 3 1 2 8 6 4 3 4 4 3 5 2 3 3 4 2 
133.3 ; 1.609e-12 ; True ; 1 19 24 176 315 373 467 527 609 695  ; 3 1 3 8 7 2 5 4 5 3 4 3 3 4 3 1 
133.9 ; 1.777e-12 ; True ; 1 19 24 176 315 373 467 527 587 695  ; 4 1 3 8 6 2 5 4 4 3 5 3 3 3 4 1 
134.4 ; 2.049e-12 ; True ; 1 19 24 176 315 373 467 518 527 695  ; 3 1 3 8 6 3 5 4 4 3 5 3 3 3 4 1 
136.6 ; 2.159e-12 ; True ; 1 19 162 176 373 422 467 527 609 695  ; 4 1 2 9 6 3 4 4 5 4 5 3 3 3 4 1 
137.4 ; 2.201e-12 ; True ; 1 19 162 315 373 422 467 527 609 695  ; 5 1 2 8 6 3 4 4 5 4 5 2 3 4 4 1 
138.8 ; 2.388e-12 ; True ; 1 19 24 315 373 467 518 527 587 695  ; 4 1 3 8 5 3 4 4 3 4 6 2 4 3 5 1 
138.9 ; 2.51e-12 ; True ; 1 19 24 249 315 373 467 518 527 695  ; 3 1 3 7 6 4 4 4 4 4 6 2 3 3 5 1 
140.1 ; 2.594e-12 ; True ; 1 19 24 315 373 467 518 527 609 695  ; 3 1 3 8 6 3 4 4 4 4 5 2 4 4 4 1 
141 ; 2.617e-12 ; True ; 1 19 24 315 373 422 467 527 609 695  ; 4 1 3 8 6 3 4 5 5 3 5 2 3 4 4 1 
143.7 ; 2.653e-12 ; True ; 1 24 152 176 373 467 527 587 609 695  ; 4 1 3 9 6 3 3 4 4 3 6 3 4 3 5 1 
144.2 ; 2.726e-12 ; True ; 1 24 152 176 373 467 518 527 609 695  ; 3 1 3 9 6 4 3 4 4 3 6 3 4 3 5 1 
145.5 ; 2.782e-12 ; True ; 1 24 152 249 315 373 467 527 609 695  ; 4 1 3 7 7 4 3 4 5 3 6 2 3 4 5 1 
145.6 ; 2.815e-12 ; True ; 1 19 24 373 422 467 527 587 609 695  ; 4 1 3 9 5 3 3 5 4 4 6 2 4 3 5 1 
145.7 ; 2.825e-12 ; True ; 1 19 24 162 373 422 467 527 609 695  ; 4 1 3 9 6 4 3 5 4 4 6 2 3 3 5 1 
145.9 ; 2.951e-12 ; True ; 1 24 152 315 373 467 518 527 609 695  ; 4 1 3 8 6 4 3 4 4 3 6 2 4 4 5 1 
149.2 ; 3.001e-12 ; True ; 1 19 24 29 315 373 518 527 695 735  ; 3 1 3 8 6 4 4 5 4 3 6 2 4 3 5 1 
149.6 ; 3.069e-12 ; True ; 1 19 24 29 162 373 422 527 609 695  ; 4 1 2 9 7 4 3 5 5 4 6 2 4 3 5 1 
150.7 ; 3.107e-12 ; True ; 1 24 152 315 373 467 527 609 695 849  ; 5 1 3 8 7 4 3 4 4 3 5 2 4 4 5 1 
150.9 ; 3.294e-12 ; True ; 1 19 24 373 422 467 527 609 695 849  ; 4 1 3 9 6 4 3 5 4 4 5 2 4 3 5 1 
151.3 ; 3.295e-12 ; True ; 1 19 152 176 373 422 467 527 609 695  ; 4 1 2 9 6 3 4 4 5 3 5 3 3 3 4 2 
151.9 ; 3.355e-12 ; True ; 1 19 24 29 373 422 527 609 695 849  ; 4 1 2 9 7 4 3 5 5 4 5 2 5 3 5 1 
152.1 ; 3.359e-12 ; True ; 1 19 152 315 373 422 467 527 609 695  ; 5 1 2 8 6 3 4 4 5 3 5 2 3 4 4 2 
153.9 ; 3.507e-12 ; True ; 1 19 24 152 176 373 467 527 609 695  ; 3 1 3 9 7 3 4 4 4 3 5 3 3 3 4 2 
154.6 ; 3.797e-12 ; True ; 1 19 24 152 315 373 467 527 609 695  ; 4 1 3 8 7 3 4 4 4 3 5 2 3 4 4 2 
157.8 ; 3.814e-12 ; True ; 1 19 24 176 315 373 467 518 527 695 774  ; 4 1 3 9 6 3 5 5 4 3 6 3 3 3 5 1 
157.8 ; 4.064e-12 ; True ; 1 19 24 176 315 373 467 518 527 610 695  ; 3 1 4 9 6 3 5 4 5 3 6 3 3 3 5 1 
159.1 ; 4.526e-12 ; True ; 19 24 176 249 373 467 518 527 587 695 735  ; 3 1 3 9 6 5 4 4 4 4 7 3 4 2 6 1 
160.1 ; 4.629e-12 ; True ; 1 19 162 176 373 422 467 527 609 610 695  ; 4 1 3 10 6 3 4 4 6 4 6 3 3 3 5 1 
160.4 ; 5.39e-12 ; True ; 1 19 24 176 315 373 467 518 527 587 695  ; 4 1 3 9 6 3 5 4 4 4 6 3 4 3 5 1 
161.7 ; 5.395e-12 ; True ; 1 19 24 176 315 373 467 518 527 609 695  ; 3 1 3 9 7 3 5 4 5 4 5 3 4 4 4 1 
162.5 ; 5.538e-12 ; True ; 1 19 24 176 315 373 466 467 518 527 695  ; 3 1 3 9 6 4 5 4 4 4 6 3 4 3 5 1 
164.5 ; 5.809e-12 ; True ; 1 19 24 249 315 373 467 518 527 587 695  ; 4 1 3 8 6 4 4 4 4 5 7 2 4 3 6 1 
166.4 ; 5.811e-12 ; True ; 1 19 24 176 373 467 527 587 609 695 735  ; 3 1 4 10 6 3 4 5 4 4 6 3 4 3 5 1 
167 ; 5.999e-12 ; True ; 1 19 24 315 373 467 518 527 587 609 695  ; 4 1 3 9 6 3 4 4 4 5 6 2 5 4 5 1 
167.1 ; 6.197e-12 ; True ; 1 19 24 249 315 373 467 518 527 609 695  ; 3 1 3 8 7 4 4 4 5 5 6 2 4 4 5 1 
167.6 ; 6.465e-12 ; True ; 1 19 24 315 373 467 518 527 609 695 735  ; 3 1 4 9 6 4 4 5 4 4 6 2 4 4 5 1 
168.5 ; 6.543e-12 ; True ; 1 24 152 176 315 373 467 518 527 609 695  ; 4 1 3 9 7 4 4 4 5 3 6 3 4 4 5 1 
171.3 ; 7.072e-12 ; True ; 1 19 24 315 373 422 467 518 527 609 695  ; 4 1 3 9 6 4 4 5 5 4 6 2 4 4 5 1 
175.5 ; 7.302e-12 ; True ; 1 19 24 176 373 422 467 527 609 695 849  ; 4 1 3 10 7 4 4 5 5 4 5 3 4 3 5 1 
176.3 ; 7.446e-12 ; True ; 1 19 24 315 373 422 467 527 609 695 849  ; 5 1 3 9 7 4 4 5 5 4 5 2 4 4 5 1 
178.3 ; 7.804e-12 ; True ; 1 19 24 152 176 315 373 467 527 609 695  ; 4 1 3 9 8 3 5 4 5 3 5 3 3 4 4 2 
179.5 ; 8.105e-12 ; True ; 1 19 24 152 176 315 373 467 518 527 695  ; 4 1 3 9 7 4 5 4 4 3 6 3 3 3 5 2 
181.5 ; 8.186e-12 ; True ; 1 19 24 29 315 373 527 609 695 735 849  ; 4 1 3 9 8 4 4 5 5 4 5 2 5 4 5 1 
183.5 ; 8.55e-12 ; True ; 1 19 24 108 249 373 467 527 587 609 695  ; 3 1 3 9 6 4 4 5 4 5 6 3 4 4 5 1 
183.9 ; 9.222e-12 ; True ; 1 19 24 152 176 373 467 527 587 609 695  ; 4 1 3 10 7 3 4 4 4 4 6 3 4 3 5 2 
184.3 ; 9.558e-12 ; True ; 1 19 24 152 176 373 422 467 527 609 695  ; 4 1 3 10 7 4 4 5 5 3 6 3 3 3 5 2 
185.7 ; 9.56e-12 ; True ; 1 19 24 152 249 315 373 467 527 609 695  ; 4 1 3 8 8 4 4 4 5 4 6 2 3 4 5 2 
185.7 ; 1.003e-11 ; True ; 1 19 24 176 315 373 467 518 527 587 610 695  ; 4 1 4 10 6 3 5 4 5 4 7 3 4 3 6 1 
186 ; 1.026e-11 ; True ; 1 19 24 152 315 373 467 518 527 609 695  ; 4 1 3 9 7 4 4 4 4 4 6 2 4 4 5 2 
187 ; 1.145e-11 ; True ; 19 24 176 249 315 373 467 518 527 587 695 735  ; 4 1 3 9 7 5 5 4 5 4 7 3 4 3 6 1 
188 ; 1.147e-11 ; True ; 1 19 24 176 249 315 373 467 518 527 695 735  ; 3 1 4 9 7 5 5 5 5 4 7 3 3 3 6 1 
188 ; 1.208e-11 ; True ; 1 19 24 176 249 315 373 467 518 527 587 695  ; 4 1 3 9 7 4 5 4 5 5 7 3 4 3 6 1 
188.8 ; 1.26e-11 ; True ; 1 19 24 176 315 373 467 518 527 587 695 735  ; 4 1 4 10 6 4 5 5 4 4 7 3 4 3 6 1 
191.2 ; 1.344e-11 ; True ; 1 19 24 176 315 373 467 518 527 609 695 735  ; 3 1 4 10 7 4 5 5 5 4 6 3 4 4 5 1 
194.9 ; 1.413e-11 ; True ; 1 19 24 176 315 373 422 467 518 527 609 695  ; 4 1 3 10 7 4 5 5 6 4 6 3 4 4 5 1 
198.3 ; 1.426e-11 ; True ; 1 24 152 176 315 373 467 518 527 587 609 695  ; 5 1 3 10 7 4 4 4 5 4 7 3 5 4 6 1 
198.9 ; 1.437e-11 ; True ; 1 24 152 176 315 373 467 518 527 609 695 735  ; 4 1 4 10 7 5 4 5 5 3 7 3 4 4 6 1 
199.6 ; 1.462e-11 ; True ; 1 24 152 176 315 373 466 467 518 527 609 695  ; 4 1 3 10 7 5 4 4 5 4 7 3 5 4 6 1 
201.6 ; 1.489e-11 ; True ; 1 19 24 249 315 373 467 518 527 587 656 695  ; 4 1 3 8 6 4 4 4 5 5 7 3 5 4 6 1 
202.4 ; 1.525e-11 ; True ; 1 19 24 315 373 467 518 527 587 656 695 735  ; 4 1 4 9 5 4 4 5 4 4 7 3 5 4 6 1 
202.7 ; 1.562e-11 ; True ; 1 19 24 249 315 373 467 527 587 656 695 735  ; 4 1 4 8 6 4 4 5 5 4 7 3 4 4 6 1 
204.9 ; 1.564e-11 ; True ; 1 19 24 119 315 373 467 527 587 609 695 735  ; 4 1 4 10 6 4 5 5 5 4 6 3 4 4 5 1 
206.3 ; 1.591e-11 ; True ; 1 19 24 315 373 467 518 527 609 695 735 833  ; 4 1 4 10 7 4 4 5 5 4 6 3 4 5 5 1 
207.7 ; 1.634e-11 ; True ; 1 19 24 315 373 422 467 518 527 609 685 695  ; 4 1 4 10 7 4 4 5 5 4 6 3 5 4 5 1 
208.8 ; 1.742e-11 ; True ; 1 19 24 108 249 315 373 467 518 527 587 695  ; 4 1 3 9 6 5 5 5 4 5 7 3 4 4 6 1 
210.3 ; 1.883e-11 ; True ; 1 19 24 152 176 315 373 467 518 527 587 695  ; 5 1 3 10 7 4 5 4 4 4 7 3 4 3 6 2 
211.1 ; 1.933e-11 ; True ; 1 19 24 152 176 315 373 467 527 587 609 695  ; 5 1 3 10 8 3 5 4 5 4 6 3 4 4 5 2 
211.6 ; 2.109e-11 ; True ; 1 19 24 152 176 315 373 467 518 527 609 695  ; 4 1 3 10 8 4 5 4 5 4 6 3 4 4 5 2 
216.5 ; 2.156e-11 ; True ; 1 19 24 152 176 373 467 527 587 609 695 735  ; 4 1 4 11 7 4 4 5 4 4 7 3 4 3 6 2 
217.3 ; 2.221e-11 ; True ; 1 19 24 152 176 373 422 467 527 587 609 695  ; 5 1 3 11 7 4 4 5 5 4 7 3 4 3 6 2 
217.4 ; 2.54e-11 ; True ; 1 19 24 176 249 315 373 467 518 527 587 695 735  ; 4 1 4 10 7 5 5 5 5 5 8 3 4 3 7 1 
221.1 ; 2.689e-11 ; True ; 1 19 24 176 249 315 373 467 518 527 609 695 735  ; 3 1 4 10 8 5 5 5 6 5 7 3 4 4 6 1 
222 ; 2.916e-11 ; True ; 1 19 24 176 315 373 467 518 527 587 609 695 735  ; 4 1 4 11 7 4 5 5 5 5 7 3 5 4 6 1 
228.3 ; 2.982e-11 ; True ; 1 19 24 176 315 373 422 467 518 527 609 695 735  ; 4 1 4 11 7 5 5 6 6 4 7 3 4 4 6 1 
230.7 ; 2.998e-11 ; True ; 1 24 152 176 315 373 467 518 527 587 609 695 735  ; 5 1 4 11 7 5 4 5 5 4 8 3 5 4 7 1 
232 ; 3.132e-11 ; True ; 1 19 24 249 315 373 467 518 527 587 656 695 735  ; 4 1 4 9 6 5 4 5 5 5 8 3 5 4 7 1 
235.4 ; 3.192e-11 ; True ; 1 19 24 176 315 373 467 518 527 609 695 735 849  ; 4 1 4 11 8 5 5 5 5 5 6 3 5 4 6 1 
237.6 ; 3.24e-11 ; True ; 1 19 24 315 373 467 518 527 587 609 656 695 735  ; 4 1 4 10 6 4 4 5 5 5 7 3 6 5 6 1 
237.8 ; 3.25e-11 ; True ; 1 19 24 315 373 467 518 527 587 609 695 735 833  ; 5 1 4 11 7 4 4 5 5 5 7 3 5 5 6 1 
239.6 ; 3.354e-11 ; True ; 1 19 24 152 176 315 373 467 518 527 587 610 695  ; 5 1 4 11 7 4 5 4 5 4 8 3 4 3 7 2 
240.2 ; 3.385e-11 ; True ; 1 19 24 108 249 315 373 467 518 527 587 695 735  ; 4 1 4 10 6 6 5 6 4 5 8 3 4 4 7 1 
240.3 ; 3.456e-11 ; True ; 1 19 24 152 176 315 373 467 527 587 609 610 695  ; 5 1 4 11 8 3 5 4 6 4 7 3 4 4 6 2 
240.9 ; 3.77e-11 ; True ; 1 19 24 152 176 315 373 467 518 527 609 610 695  ; 4 1 4 11 8 4 5 4 6 4 7 3 4 4 6 2 
243.7 ; 3.96e-11 ; True ; 1 19 24 152 176 315 373 467 518 527 587 695 735  ; 5 1 4 11 7 5 5 5 4 4 8 3 4 3 7 2 
245.4 ; 4.308e-11 ; True ; 1 19 24 152 176 315 373 467 518 527 587 609 695  ; 5 1 3 11 8 4 5 4 5 5 7 3 5 4 6 2 
246 ; 4.632e-11 ; True ; 1 19 24 152 176 315 373 467 518 527 609 695 735  ; 4 1 4 11 8 5 5 5 5 4 7 3 4 4 6 2 
251.1 ; 4.681e-11 ; True ; 1 19 24 176 315 373 467 518 527 587 609 610 695 735  ; 4 1 5 12 7 4 5 5 6 5 8 3 5 4 7 1 
253.5 ; 5.362e-11 ; True ; 1 19 24 176 249 315 373 467 518 527 587 609 695 735  ; 4 1 4 11 8 5 5 5 6 6 8 3 5 4 7 1 
255.7 ; 5.39e-11 ; True ; 1 19 24 176 315 373 466 467 518 527 587 609 695 735  ; 4 1 4 12 7 5 5 5 5 6 8 3 6 4 7 1 
261.5 ; 5.422e-11 ; True ; 1 19 24 176 249 315 373 422 467 527 587 609 695 735  ; 5 1 4 11 8 5 5 6 7 5 8 3 4 4 7 1 
261.7 ; 5.536e-11 ; True ; 1 19 24 176 315 373 466 467 518 527 587 656 695 735  ; 4 1 4 11 6 5 5 5 5 5 8 4 6 4 7 1 
262.1 ; 5.832e-11 ; True ; 1 19 24 176 315 373 422 467 518 527 587 609 695 735  ; 5 1 4 12 7 5 5 6 6 5 8 3 5 4 7 1 
267.1 ; 5.898e-11 ; True ; 1 19 24 108 152 315 373 467 518 527 587 609 695  ; 5 1 3 11 7 5 5 5 4 5 7 3 5 5 6 2 
268.1 ; 5.943e-11 ; True ; 1 19 24 108 152 315 373 467 527 587 609 695 735  ; 5 1 4 11 7 5 5 6 4 4 7 3 4 5 6 2 
268.6 ; 6.019e-11 ; True ; 1 19 24 108 176 249 315 373 467 518 527 587 695 735  ; 4 1 4 11 7 6 6 6 5 5 8 4 4 4 7 1 
271.5 ; 6.038e-11 ; True ; 1 19 24 108 152 315 373 422 467 518 527 609 695  ; 5 1 3 11 7 6 5 6 5 4 7 3 4 5 6 2 
272.3 ; 6.136e-11 ; True ; 1 19 24 108 176 249 315 373 467 518 527 587 609 695  ; 4 1 3 11 8 5 6 5 6 6 7 4 5 5 6 1 
273.1 ; 6.741e-11 ; True ; 1 19 24 108 176 315 373 467 518 527 587 609 695 735  ; 4 1 4 12 7 5 6 6 5 5 7 4 5 5 6 1 
276.5 ; 6.845e-11 ; True ; 1 19 24 152 176 229 315 373 467 518 527 587 609 695  ; 5 1 3 12 9 4 6 4 6 5 7 3 5 5 6 2 
276.6 ; 7.373e-11 ; True ; 1 19 24 152 176 315 373 467 518 527 587 609 610 695  ; 5 1 4 12 8 4 5 4 6 5 8 3 5 4 7 2 
277.3 ; 7.434e-11 ; True ; 1 19 24 152 176 315 373 467 518 527 609 610 695 735  ; 4 1 5 12 8 5 5 5 6 4 8 3 4 4 7 2 
278.8 ; 7.558e-11 ; True ; 1 19 24 152 176 315 373 466 467 518 527 609 610 695  ; 4 1 4 12 8 5 5 4 6 5 8 3 5 4 7 2 
280 ; 7.64e-11 ; True ; 1 19 24 152 176 315 373 422 467 518 527 609 610 695  ; 5 1 4 12 8 5 5 5 7 4 8 3 4 4 7 2 
280.9 ; 8.469e-11 ; True ; 1 19 24 152 176 249 315 373 467 518 527 609 695 735  ; 4 1 4 11 9 6 5 5 6 5 8 3 4 4 7 2 
281.7 ; 9.058e-11 ; True ; 1 19 24 152 176 315 373 467 518 527 587 609 695 735  ; 5 1 4 12 8 5 5 5 5 5 8 3 5 4 7 2 
292.2 ; 9.072e-11 ; True ; 1 19 24 108 152 176 315 373 467 518 527 609 610 695  ; 4 1 4 12 8 5 6 5 6 4 7 4 4 5 6 2 
293 ; 9.253e-11 ; True ; 1 19 24 152 176 315 373 422 467 518 527 609 685 695  ; 5 1 4 12 9 5 5 5 6 4 7 4 5 4 6 2 
293.5 ; 9.302e-11 ; True ; 1 19 24 152 176 315 373 467 527 587 609 656 695 735  ; 5 1 4 11 8 4 5 5 6 4 7 4 5 5 6 2 
293.9 ; 9.858e-11 ; True ; 1 19 24 29 152 176 315 373 467 518 527 609 695 735  ; 5 1 4 12 9 5 5 6 6 4 8 3 5 4 7 2 
297.6 ; 1.037e-10 ; True ; 1 19 24 108 152 176 315 373 467 518 527 587 609 695  ; 5 1 3 12 8 5 6 5 5 5 7 4 5 5 6 2 
298.6 ; 1.044e-10 ; True ; 1 19 24 108 152 176 315 373 467 527 587 609 695 735  ; 5 1 4 12 8 5 6 6 5 4 7 4 4 5 6 2 
300.3 ; 1.05e-10 ; True ; 1 19 24 108 152 315 373 467 518 527 587 609 610 695  ; 5 1 4 12 7 5 5 5 5 5 8 3 5 5 7 2 
301.2 ; 1.066e-10 ; True ; 1 19 24 108 152 176 373 467 518 527 587 609 695 735  ; 4 1 4 13 7 6 5 6 4 5 8 4 5 4 7 2 
304.7 ; 1.095e-10 ; True ; 1 19 24 108 152 249 315 373 467 518 527 609 695 735  ; 4 1 4 11 8 7 5 6 5 5 8 3 4 5 7 2 
305.4 ; 1.146e-10 ; True ; 1 19 24 108 152 315 373 467 518 527 587 609 695 735  ; 5 1 4 12 7 6 5 6 4 5 8 3 5 5 7 2 
308.6 ; 1.192e-10 ; True ; 1 19 24 108 176 249 315 373 467 518 527 587 609 695 735  ; 4 1 4 12 8 6 6 6 6 6 8 4 5 5 7 1 
310.9 ; 1.199e-10 ; True ; 1 19 24 108 176 315 373 466 467 518 527 587 609 695 735  ; 4 1 4 13 7 6 6 6 5 6 8 4 6 5 7 1 
313.9 ; 1.28e-10 ; True ; 1 19 24 152 176 315 373 467 518 527 587 609 695 735 774  ; 6 1 4 13 8 5 5 6 5 5 9 3 5 4 8 2 
314.1 ; 1.345e-10 ; True ; 1 19 24 149 152 176 315 373 467 518 527 587 609 695 735  ; 5 1 4 13 9 5 6 5 5 5 8 3 5 5 8 2 
314.9 ; 1.409e-10 ; True ; 1 19 24 152 176 315 373 467 518 527 587 609 610 695 735  ; 5 1 5 13 8 5 5 5 6 5 9 3 5 4 8 2 
315.7 ; 1.439e-10 ; True ; 1 19 24 152 176 229 315 373 467 518 527 587 609 695 735  ; 5 1 4 13 9 5 6 5 6 5 8 3 5 5 7 2 
318.2 ; 1.541e-10 ; True ; 1 19 24 152 176 249 315 373 467 518 527 587 609 695 735  ; 5 1 4 12 9 6 5 5 6 6 9 3 5 4 8 2 
320.5 ; 1.561e-10 ; True ; 1 19 24 152 176 315 373 466 467 518 527 587 609 695 735  ; 5 1 4 13 8 6 5 5 5 6 9 3 6 4 8 2 
325.8 ; 1.628e-10 ; True ; 1 19 24 152 176 315 373 422 467 518 527 587 609 695 735  ; 6 1 4 13 8 6 5 6 6 5 9 3 5 4 8 2 
328.4 ; 1.672e-10 ; True ; 1 19 24 119 152 176 315 373 467 518 527 587 609 695 735  ; 5 1 4 13 8 6 6 5 6 5 8 4 5 4 7 2 
330.9 ; 1.699e-10 ; True ; 1 19 24 152 176 315 373 467 518 527 587 609 695 735 833  ; 6 1 4 13 9 5 5 5 6 5 8 4 5 5 7 2 
331.7 ; 1.791e-10 ; True ; 1 19 24 152 176 315 373 467 518 527 587 609 656 695 735  ; 5 1 4 12 8 5 5 5 6 5 8 4 6 5 7 2 
337.1 ; 1.82e-10 ; True ; 1 19 24 108 152 176 249 315 373 467 518 527 587 609 695  ; 5 1 3 12 9 6 6 5 6 6 8 4 5 5 7 2 
337.1 ; 1.835e-10 ; True ; 1 19 24 108 152 176 249 315 373 467 518 527 609 695 735  ; 4 1 4 12 9 7 6 6 6 5 8 4 4 5 7 2 
337.9 ; 2.014e-10 ; True ; 1 19 24 108 152 176 315 373 467 518 527 587 609 695 735  ; 5 1 4 13 8 6 6 6 5 5 8 4 5 5 7 2 
351.9 ; 2.07e-10 ; True ; 1 19 24 108 152 249 315 373 467 518 527 587 656 695 735  ; 5 1 4 11 7 7 5 6 5 5 9 4 5 5 8 2 
352.3 ; 2.089e-10 ; True ; 1 19 24 108 152 176 315 373 467 518 527 609 695 735 849  ; 5 1 4 13 9 7 6 6 5 5 7 4 5 5 7 2 
352.6 ; 2.096e-10 ; True ; 1 19 24 108 152 176 315 373 467 527 587 609 695 735 849  ; 6 1 4 13 9 6 6 6 5 5 7 4 5 5 7 2 
353.9 ; 2.103e-10 ; True ; 1 19 24 108 152 249 315 373 467 518 527 587 609 685 695  ; 5 1 4 12 9 6 5 5 5 6 8 4 6 5 7 2 
354.1 ; 2.372e-10 ; True ; 1 19 24 152 176 229 249 315 373 467 518 527 587 609 695 735  ; 5 1 4 13 10 6 6 5 7 6 9 3 5 5 8 2 
355.6 ; 2.372e-10 ; True ; 1 19 24 152 176 315 373 466 467 518 527 587 609 610 695 735  ; 5 1 5 14 8 6 5 5 6 6 10 3 6 4 9 2 
356.4 ; 2.48e-10 ; True ; 1 19 24 152 176 229 315 373 466 467 518 527 587 609 695 735  ; 5 1 4 14 9 6 6 5 6 6 9 3 6 5 8 2 
363 ; 2.581e-10 ; True ; 1 19 24 152 176 249 315 373 467 518 527 587 609 695 735 863  ; 5 1 5 12 9 6 5 6 6 6 9 3 5 5 8 2 
365.1 ; 2.614e-10 ; True ; 1 19 24 152 176 315 373 466 467 518 527 587 609 695 735 863  ; 5 1 5 13 8 6 5 6 5 6 9 3 6 5 8 2 
368.2 ; 2.699e-10 ; True ; 1 19 24 119 152 176 249 315 373 467 518 527 587 609 695 735  ; 5 1 4 13 9 7 6 5 7 6 9 4 5 4 8 2 
369.4 ; 2.786e-10 ; True ; 1 19 24 152 176 249 315 373 467 518 527 587 609 685 695 735  ; 5 1 5 13 10 6 5 5 6 6 9 4 6 4 8 2 
370.2 ; 2.799e-10 ; True ; 1 19 24 152 176 249 315 373 467 518 527 587 609 695 735 833  ; 6 1 4 13 10 6 5 5 7 6 9 4 5 5 8 2 
371.1 ; 2.965e-10 ; True ; 1 19 24 152 176 249 315 373 467 518 527 587 609 656 695 735  ; 5 1 4 12 9 6 5 5 7 6 9 4 6 5 8 2 
374 ; 3.133e-10 ; True ; 1 19 24 108 152 176 315 373 467 518 527 587 609 610 695 735  ; 5 1 5 14 8 6 6 6 6 5 9 4 5 5 8 2 
378.3 ; 3.339e-10 ; True ; 1 19 24 108 152 176 249 315 373 467 518 527 587 609 695 735  ; 5 1 4 13 9 7 6 6 6 6 9 4 5 5 8 2 
380.6 ; 3.382e-10 ; True ; 1 19 24 108 152 176 315 373 466 467 518 527 587 609 695 735  ; 5 1 4 14 8 7 6 6 5 6 9 4 6 5 8 2 
386.9 ; 3.432e-10 ; True ; 1 19 24 108 152 176 315 373 422 467 518 527 587 609 695 735  ; 6 1 4 14 8 7 6 7 6 5 9 4 5 5 8 2 
391 ; 3.436e-10 ; True ; 1 19 24 108 152 176 315 373 467 518 527 587 609 685 695 735  ; 5 1 5 14 9 6 6 6 5 5 8 5 6 5 7 2 
392.8 ; 3.593e-10 ; True ; 1 19 24 108 152 176 315 373 467 518 527 587 609 656 695 735  ; 5 1 4 13 8 6 6 6 6 5 8 5 6 6 7 2 
397.2 ; 3.619e-10 ; True ; 1 19 24 108 152 249 315 373 467 518 527 587 609 685 695 735  ; 5 1 5 13 9 7 5 6 5 6 9 4 6 5 8 2 
398.8 ; 3.785e-10 ; True ; 1 19 24 108 152 249 315 373 467 518 527 587 609 656 695 735  ; 5 1 4 12 8 7 5 6 6 6 9 4 6 6 8 2 
401.7 ; 3.817e-10 ; True ; 1 19 24 152 176 229 249 315 373 467 518 527 587 609 695 735 863  ; 5 1 5 13 10 6 6 6 7 6 9 3 5 6 8 2 
406.4 ; 3.961e-10 ; True ; 1 19 24 152 176 229 373 466 467 518 527 587 609 610 695 735 833  ; 5 1 5 16 9 6 5 5 7 6 10 4 6 5 9 2 
407.3 ; 4.117e-10 ; True ; 1 19 24 152 176 249 315 373 466 467 518 527 587 609 695 735 863  ; 5 1 5 13 9 7 5 6 6 7 10 3 6 5 9 2 
409.7 ; 4.33e-10 ; True ; 1 19 24 152 176 315 373 466 467 518 527 587 609 610 695 735 833  ; 6 1 5 15 9 6 5 5 7 6 10 4 6 5 9 2 
413.7 ; 4.6e-10 ; True ; 1 19 24 152 176 249 315 373 466 467 518 527 587 609 656 695 735  ; 5 1 4 13 9 7 5 5 7 7 10 4 7 5 9 2 
416.4 ; 4.939e-10 ; True ; 1 19 24 108 152 176 249 315 373 467 518 527 587 609 610 695 735  ; 5 1 5 14 9 7 6 6 7 6 10 4 5 5 9 2 
422.9 ; 5.229e-10 ; True ; 1 19 24 108 152 176 249 315 373 466 467 518 527 587 609 695 735  ; 5 1 4 14 9 8 6 6 6 7 10 4 6 5 9 2 
428.2 ; 5.295e-10 ; True ; 1 19 24 108 152 176 315 373 466 467 518 527 587 609 695 735 863  ; 5 1 5 14 8 7 6 7 5 6 9 4 6 6 8 2 
430.3 ; 5.312e-10 ; True ; 1 19 24 108 152 176 249 315 373 422 467 518 527 587 609 695 735  ; 6 1 4 14 9 8 6 7 7 6 10 4 5 5 9 2 
434.4 ; 5.668e-10 ; True ; 1 19 24 108 152 176 249 315 373 467 518 527 587 609 685 695 735  ; 5 1 5 14 10 7 6 6 6 6 9 5 6 5 8 2 
436.2 ; 5.798e-10 ; True ; 1 19 24 108 152 176 249 315 373 467 518 527 587 609 656 695 735  ; 5 1 4 13 9 7 6 6 7 6 9 5 6 6 8 2 
439 ; 5.87e-10 ; True ; 1 19 24 29 108 152 176 249 315 373 467 518 527 587 609 695 735  ; 6 1 4 14 10 7 6 7 7 6 10 4 6 5 9 2 
446.8 ; 5.959e-10 ; True ; 1 19 24 108 152 176 315 373 422 467 518 527 587 609 656 695 735  ; 6 1 4 14 8 7 6 7 7 5 9 5 6 6 8 2 
453.5 ; 6.002e-10 ; True ; 1 19 24 108 119 152 249 315 373 467 518 527 587 609 685 695 735  ; 5 1 5 14 9 8 6 6 6 6 9 5 6 5 8 2 
453.8 ; 6.02e-10 ; True ; 1 19 24 108 152 249 315 373 422 467 518 527 587 609 656 695 735  ; 6 1 4 13 8 8 5 7 7 6 10 4 6 6 9 2 
455.1 ; 6.094e-10 ; True ; 1 19 24 108 152 249 315 373 467 518 527 587 609 685 695 735 833  ; 6 1 5 14 10 7 5 6 6 6 9 5 6 6 8 2 
455.8 ; 6.188e-10 ; True ; 1 19 24 108 152 176 315 373 467 518 527 587 609 656 695 735 849  ; 6 1 4 14 9 7 6 6 6 6 8 5 7 6 8 2 
455.9 ; 6.356e-10 ; True ; 1 19 24 108 152 176 249 315 373 466 467 518 527 587 609 610 695 774  ; 6 1 4 15 9 7 6 6 7 7 11 4 6 5 10 2 
460.2 ; 6.607e-10 ; True ; 1 19 24 108 152 176 315 373 466 467 518 527 587 609 610 695 774 863  ; 6 1 5 15 8 6 6 7 6 6 10 4 6 6 9 2 
461.1 ; 6.923e-10 ; True ; 1 19 24 108 152 176 229 315 373 466 467 518 527 587 609 610 695 863  ; 5 1 5 15 9 6 7 6 7 6 9 4 6 7 8 2 
466.9 ; 6.943e-10 ; True ; 1 19 24 152 176 249 315 373 422 466 467 518 527 587 609 685 695 735  ; 6 1 5 15 10 8 5 6 7 7 11 4 7 4 10 2 
466.9 ; 7.425e-10 ; True ; 1 19 24 108 152 176 249 315 373 467 518 527 587 609 610 695 735 863  ; 5 1 6 14 9 7 6 7 7 6 10 4 5 6 9 2 
468.3 ; 7.543e-10 ; True ; 1 19 24 108 152 176 249 315 373 466 467 518 527 587 609 610 695 863  ; 5 1 5 14 9 7 6 6 7 7 10 4 6 6 9 2 
469.1 ; 7.726e-10 ; True ; 1 19 24 108 152 176 315 373 466 467 518 527 587 609 610 695 735 863  ; 5 1 6 15 8 7 6 7 6 6 10 4 6 6 9 2 
474.3 ; 8.186e-10 ; True ; 1 19 24 108 152 176 249 315 373 466 467 518 527 587 609 695 735 863  ; 5 1 5 14 9 8 6 7 6 7 10 4 6 6 9 2 
482 ; 8.632e-10 ; True ; 1 19 24 108 152 176 249 315 373 466 467 518 527 587 609 685 695 735  ; 5 1 5 15 10 8 6 6 6 7 10 5 7 5 9 2 
482.7 ; 8.829e-10 ; True ; 1 19 24 108 152 176 249 315 373 466 467 518 527 587 609 656 695 735  ; 5 1 4 14 9 8 6 6 7 7 10 5 7 6 9 2 
488.9 ; 8.939e-10 ; True ; 1 19 24 108 152 176 315 373 466 467 518 527 587 609 656 695 735 863  ; 5 1 5 14 8 7 6 7 6 6 9 5 7 7 8 2 
489.4 ; 9.017e-10 ; True ; 1 19 24 108 152 176 249 315 373 422 467 518 527 587 609 685 695 735  ; 6 1 5 15 10 8 6 7 7 6 10 5 6 5 9 2 
493.1 ; 9.045e-10 ; True ; 1 19 24 108 152 176 249 315 373 422 467 518 527 587 609 656 695 735  ; 6 1 4 14 9 8 6 7 8 6 10 5 6 6 9 2 
498.7 ; 9.202e-10 ; True ; 1 19 24 108 152 176 249 315 373 466 467 527 587 609 656 685 695 735  ; 5 1 5 14 10 7 6 6 7 6 9 6 7 6 8 2 
503 ; 9.36e-10 ; True ; 1 19 24 108 152 176 249 315 373 467 518 527 587 609 656 695 735 849  ; 6 1 4 14 10 8 6 6 7 7 9 5 7 6 9 2 
507.4 ; 9.428e-10 ; True ; 1 19 24 108 152 176 315 373 467 518 527 587 609 656 695 735 849 863  ; 6 1 5 14 9 7 6 7 6 6 8 5 7 7 8 2 
516.7 ; 1.002e-09 ; True ; 1 19 24 108 152 176 249 315 373 398 466 467 518 527 587 609 610 695 735  ; 5 1 6 15 9 8 6 7 7 7 11 4 6 5 10 2 
517.2 ; 1.142e-09 ; True ; 1 19 24 108 152 176 249 315 373 466 467 518 527 587 609 610 695 735 863  ; 5 1 6 15 9 8 6 7 7 7 11 4 6 6 10 2 
526.6 ; 1.212e-09 ; True ; 1 19 24 108 152 176 229 249 315 373 466 467 518 527 587 609 656 695 735  ; 5 1 4 15 10 8 7 6 8 7 10 5 7 7 9 2 
533.7 ; 1.233e-09 ; True ; 1 19 24 108 152 176 229 315 373 466 467 518 527 587 609 656 695 735 863  ; 5 1 5 15 9 7 7 7 7 6 9 5 7 8 8 2 
537.4 ; 1.297e-09 ; True ; 1 19 24 108 152 176 249 315 373 466 467 518 527 587 609 685 695 735 863  ; 5 1 6 15 10 8 6 7 6 7 10 5 7 6 9 2 
538 ; 1.306e-09 ; True ; 1 19 24 108 152 176 249 315 373 466 467 518 527 587 609 695 735 833 863  ; 6 1 5 15 10 8 6 7 7 7 10 5 6 7 9 2 
543.5 ; 1.335e-09 ; True ; 1 19 24 108 152 176 249 315 373 422 466 467 518 527 587 609 656 695 735  ; 6 1 4 15 9 9 6 7 8 7 11 5 7 6 10 2 
544.4 ; 1.339e-09 ; True ; 1 19 24 108 152 176 249 315 373 422 466 467 518 527 587 609 685 695 863  ; 6 1 5 15 10 8 6 7 7 7 10 5 7 6 9 2 
547.1 ; 1.351e-09 ; True ; 1 19 24 108 152 176 315 373 422 466 467 518 527 587 609 685 695 735 863  ; 6 1 6 16 9 8 6 8 6 6 10 5 7 6 9 2 
555.9 ; 1.371e-09 ; True ; 1 19 24 108 152 176 249 315 373 467 518 527 587 609 685 695 735 849 863  ; 6 1 6 15 11 8 6 7 6 7 9 5 7 6 9 2 
561.6 ; 1.384e-09 ; True ; 1 19 24 108 152 176 249 315 373 422 466 467 527 587 609 685 695 735 849  ; 7 1 5 16 11 9 6 7 7 7 10 5 7 5 10 2 
561.6 ; 1.426e-09 ; True ; 1 19 24 108 152 176 249 315 373 466 467 527 587 609 656 695 735 849 863  ; 6 1 5 14 10 8 6 7 7 7 9 5 7 7 9 2 
570.4 ; 1.451e-09 ; True ; 1 19 24 108 152 176 249 315 373 466 467 527 587 609 656 685 695 735 849  ; 6 1 5 15 11 8 6 6 7 7 9 6 8 6 9 2 
580.2 ; 1.451e-09 ; True ; 1 19 24 108 152 176 249 315 373 467 518 527 587 609 685 695 735 750 849  ; 6 1 5 16 11 8 6 6 7 7 9 6 8 6 9 2 
583.3 ; 1.578e-09 ; True ; 1 19 24 108 149 152 176 249 315 373 422 467 518 527 587 609 610 695 735 849  ; 7 1 5 17 11 9 7 7 8 7 11 4 6 6 12 2 
589.4 ; 1.806e-09 ; True ; 1 19 24 108 152 176 229 249 315 373 422 466 467 518 527 587 609 656 695 735  ; 6 1 4 16 10 9 7 7 9 7 11 5 7 7 10 2 
599.3 ; 1.823e-09 ; True ; 1 19 24 108 152 176 229 249 373 422 466 467 518 527 587 609 656 695 735 863  ; 5 1 5 16 9 9 6 8 8 7 11 5 7 7 10 2 
605.4 ; 1.83e-09 ; True ; 1 19 24 108 149 152 176 249 315 373 467 518 527 587 609 656 695 735 849 863  ; 6 1 5 15 11 8 7 7 7 7 9 5 7 8 10 2 
606.5 ; 1.839e-09 ; True ; 1 19 24 108 152 176 249 293 315 373 466 467 527 587 609 610 695 735 849 863  ; 6 1 6 15 11 8 6 7 7 7 10 4 6 6 10 3 
609.4 ; 1.898e-09 ; True ; 1 19 24 108 152 176 249 315 373 466 467 518 527 609 610 656 695 735 849 863  ; 5 1 6 15 10 9 6 7 8 7 10 5 7 7 10 2 
610.6 ; 2.076e-09 ; True ; 1 19 24 108 152 176 249 315 373 422 466 467 518 527 587 609 656 685 695 735  ; 6 1 5 16 10 9 6 7 8 7 11 6 8 6 10 2 
621.3 ; 2.079e-09 ; True ; 1 19 24 108 152 176 249 315 373 422 467 518 527 587 609 656 695 735 849 863  ; 7 1 5 15 10 9 6 8 8 7 10 5 7 7 10 2 
629.6 ; 2.122e-09 ; True ; 1 19 24 108 152 176 249 315 373 466 467 527 587 609 656 685 695 735 849 863  ; 6 1 6 15 11 8 6 7 7 7 9 6 8 7 9 2 
644.9 ; 2.123e-09 ; True ; 1 19 24 108 152 176 249 315 373 422 467 527 587 609 685 695 735 750 849 863  ; 7 1 6 16 11 8 6 8 8 6 9 6 7 7 9 2 
645.9 ; 2.217e-09 ; True ; 1 19 24 108 152 176 229 315 373 422 466 467 511 518 527 587 609 610 695 735 863  ; 7 1 6 18 9 9 7 8 8 6 12 4 7 7 11 2 
659.1 ; 2.282e-09 ; True ; 1 19 24 108 152 176 249 293 315 373 467 483 518 527 587 609 695 735 849 863  ; 6 1 5 15 12 9 7 7 7 8 9 5 6 6 9 3 
659.6 ; 2.307e-09 ; True ; 1 19 24 108 176 249 293 315 373 422 467 518 527 587 609 610 656 685 695 849 863  ; 6 1 6 15 11 7 6 7 9 7 9 6 8 7 9 2 
671.2 ; 2.649e-09 ; True ; 1 19 24 108 149 152 176 249 315 373 422 467 518 527 587 609 656 695 735 849 863  ; 7 1 5 16 11 9 7 8 8 7 10 5 7 8 11 2 
679.4 ; 2.775e-09 ; True ; 1 19 24 108 152 176 249 315 373 466 467 518 527 531 587 609 685 695 735 849 863  ; 6 1 6 17 12 9 7 7 7 8 10 6 8 6 10 2 
684.6 ; 2.85e-09 ; True ; 1 19 24 108 152 176 249 315 373 422 466 467 527 587 609 610 656 685 695 849 863  ; 7 1 6 16 11 8 6 7 9 7 10 6 8 7 10 2 
688 ; 2.976e-09 ; True ; 1 19 24 108 152 176 249 315 373 422 466 467 518 527 587 609 685 695 735 750 863  ; 6 1 6 17 10 9 6 8 8 7 11 6 8 7 10 2 
698.1 ; 3.109e-09 ; True ; 1 19 24 108 152 176 249 315 373 422 439 467 518 527 587 609 656 695 735 849 863  ; 7 1 6 15 10 9 7 8 8 7 10 6 7 7 10 2 
728.1 ; 3.116e-09 ; True ; 1 19 24 108 152 176 249 315 373 422 467 483 527 587 609 610 656 685 695 849 863  ; 7 1 6 16 12 8 7 7 10 7 9 7 7 7 9 2 
730.5 ; 3.126e-09 ; True ; 1 19 24 108 152 176 249 293 315 373 422 467 518 527 568 587 609 656 685 695 849  ; 7 1 5 15 12 8 6 7 8 7 9 7 8 6 9 3 
731.3 ; 3.191e-09 ; True ; 1 19 24 108 176 246 249 293 315 373 422 466 467 518 527 587 609 656 685 695 849 863  ; 6 1 5 15 12 8 7 7 9 8 9 6 9 8 9 2 
732.3 ; 3.33e-09 ; True ; 1 19 24 108 152 176 249 293 315 373 466 467 518 527 587 609 656 695 735 839 849  ; 6 1 5 15 11 9 6 7 7 8 11 6 8 6 11 3 
744.9 ; 3.649e-09 ; True ; 1 19 24 108 152 176 249 254 315 373 422 466 467 518 527 587 609 656 695 735 849 863  ; 7 1 5 17 10 10 6 9 8 9 12 5 8 7 12 2 
752.1 ; 3.714e-09 ; True ; 1 19 24 108 152 246 249 293 315 373 422 467 518 527 587 609 656 685 695 735 774 863  ; 7 1 6 15 11 8 6 9 8 6 11 5 7 8 10 3 
755.9 ; 3.775e-09 ; True ; 1 19 24 108 152 176 249 315 373 422 466 467 518 527 609 610 656 695 735 849 850 863  ; 6 1 6 17 10 10 7 8 9 7 11 6 7 8 11 2 
766.3 ; 4.099e-09 ; True ; 1 19 24 108 152 176 246 249 293 373 466 467 518 527 587 609 685 695 735 833 849 863  ; 6 1 6 17 13 9 6 7 7 8 10 6 8 7 10 3 
786.6 ; 4.363e-09 ; True ; 1 19 24 108 152 176 249 293 315 373 422 466 467 518 527 587 656 695 735 750 849 863  ; 7 1 5 16 10 10 6 8 8 7 11 6 8 7 11 3 
812.4 ; 4.426e-09 ; True ; 1 19 24 108 152 176 229 249 315 320 373 422 466 467 518 527 587 609 656 695 735 849 863  ; 8 1 5 17 12 11 7 8 10 8 11 5 8 8 11 2 
815.4 ; 4.698e-09 ; True ; 1 19 24 108 152 176 246 293 315 373 466 467 483 527 587 609 656 685 695 735 849 863  ; 6 1 6 16 13 8 8 7 8 7 8 7 8 8 8 3 
817.8 ; 4.824e-09 ; True ; 1 19 24 108 152 176 249 315 373 422 466 467 518 527 587 609 641 656 695 735 849 850 863  ; 7 1 6 18 10 10 7 8 8 8 11 6 8 8 12 2 
836.1 ; 4.927e-09 ; True ; 1 19 24 108 152 176 249 293 301 315 373 422 466 467 518 527 587 609 656 695 735 849 863  ; 7 1 5 16 11 10 6 8 8 8 11 6 8 7 11 3 
859.2 ; 5.031e-09 ; True ; 1 19 24 108 152 246 249 315 373 466 467 483 527 587 609 656 685 695 735 839 849 863  ; 6 1 7 15 12 9 7 8 8 8 10 7 8 8 10 2 
884.7 ; 5.206e-09 ; True ; 1 19 24 108 152 249 315 373 422 466 467 483 527 587 609 656 685 695 735 818 849 863  ; 8 1 6 16 12 10 7 8 8 8 10 7 9 7 10 2 
886.2 ; 5.212e-09 ; True ; 1 19 24 106 108 152 246 249 293 315 373 422 466 467 483 527 587 609 695 735 833 849 863  ; 9 1 5 17 14 10 7 9 9 8 10 5 6 8 11 3 
890.5 ; 5.386e-09 ; True ; 1 19 24 108 152 246 293 315 373 422 466 518 527 587 609 656 685 695 735 739 774 849 850  ; 7 1 5 17 11 9 7 8 7 7 10 7 9 8 10 3 
892.9 ; 5.76e-09 ; True ; 1 19 24 108 152 176 246 293 315 373 467 483 518 527 587 600 609 685 695 735 750 849 863  ; 6 1 6 18 13 8 9 7 9 7 9 7 8 8 8 3 
915.6 ; 5.981e-09 ; True ; 1 19 24 108 152 246 249 293 373 422 466 467 518 527 568 587 609 656 685 695 750 849 863  ; 6 1 6 16 11 9 5 8 8 8 10 7 10 8 10 3 
922.1 ; 6.135e-09 ; True ; 1 14 19 24 108 152 176 229 293 373 422 466 518 527 587 609 610 685 695 735 774 839 849 863  ; 6 1 7 20 12 10 6 9 7 8 13 6 8 6 13 3 
957.1 ; 8.299e-09 ; True ; 1 19 24 108 152 249 293 315 373 422 466 467 518 527 568 587 609 610 656 685 695 849 850 863  ; 7 1 7 17 11 9 6 8 8 8 11 7 9 8 11 3 
1050 ; 8.676e-09 ; True ; 1 19 24 108 152 293 315 373 422 466 467 483 518 527 609 695 735 739 750 774 839 849 850 863  ; 7 1 7 18 10 10 7 11 7 7 11 8 7 8 11 3 
1077 ; 1.037e-08 ; True ; 1 19 24 108 152 176 249 293 315 373 422 466 467 518 527 568 609 656 685 695 735 758 849 850 863  ; 6 1 7 18 13 10 8 9 9 7 10 9 8 8 10 3 
1122 ; 1.102e-08 ; True ; 1 19 24 108 152 176 249 293 315 373 422 466 467 518 527 546 587 609 656 685 695 735 758 849 850 863  ; 7 1 6 20 13 10 8 8 9 8 11 8 9 8 11 3 
1228 ; 1.251e-08 ; True ; 1 19 24 108 152 176 249 258 293 315 373 422 466 467 518 527 546 587 609 656 685 695 735 758 849 850 863  ; 7 1 6 20 13 10 8 8 10 8 11 8 9 9 11 3 
1277 ; 1.462e-08 ; True ; 1 19 24 108 128 152 249 293 315 373 422 467 518 527 568 587 609 610 656 685 695 739 774 839 849 850 863  ; 8 1 9 18 11 8 7 11 8 7 12 10 8 8 12 3 
1329 ; 1.513e-08 ; True ; 1 19 24 108 152 246 249 293 373 422 466 467 518 527 568 587 609 619 656 685 695 739 774 839 849 850 863  ; 7 1 8 18 11 9 7 11 7 8 12 10 9 8 12 3 


RUN 2:
Optimum Distance: 22.67
Optimal Team: 1,152,373,695,
Required Skills: 0 1 4 5 9 10 11 12 14 15 16 18 22 23 24 26 
Distance; Skill Score; isValid; Team; Skill Counts
22.67 ; 2.278e-17 ; True ; 1 152 373 695  ; 2 1 1 3 2 1 1 2 1 1 2 1 1 1 2 1 
24.56 ; 3.252e-17 ; True ; 1 152 373 527  ; 1 1 1 3 2 2 1 2 1 1 3 1 1 1 2 1 
33.45 ; 2.699e-16 ; True ; 1 152 315 373 695  ; 3 1 1 3 3 1 2 2 2 1 2 1 1 2 2 1 
34.47 ; 2.765e-16 ; True ; 1 152 162 373 695  ; 3 1 1 4 3 2 1 2 1 2 3 1 1 1 3 1 
34.48 ; 3.009e-16 ; True ; 1 152 373 422 695  ; 3 1 1 4 2 2 1 3 2 1 3 1 1 1 3 1 
35.31 ; 4.06e-16 ; True ; 1 152 373 609 695  ; 2 1 1 4 3 1 1 2 2 2 2 1 2 2 2 1 
37.31 ; 5.112e-16 ; True ; 1 152 315 373 527  ; 2 1 1 3 3 2 2 2 2 1 3 1 1 2 2 1 
38.26 ; 6.831e-16 ; True ; 1 29 152 373 527  ; 2 1 1 4 3 2 1 3 2 1 4 1 2 1 3 1 
39.43 ; 1.909e-15 ; True ; 1 152 373 527 695  ; 2 1 1 4 3 2 2 2 2 1 3 2 2 2 2 1 
47.01 ; 2.636e-15 ; True ; 1 119 152 162 373 695  ; 3 1 1 5 3 3 2 2 2 2 3 2 1 1 3 1 
49.11 ; 3.27e-15 ; True ; 1 152 162 373 609 695  ; 3 1 1 5 4 2 1 2 2 3 3 1 2 2 3 1 
49.12 ; 3.961e-15 ; True ; 1 152 373 422 609 695  ; 3 1 1 5 3 2 1 3 3 2 3 1 2 2 3 1 
52.8 ; 4.643e-15 ; True ; 1 24 152 373 609 695  ; 2 1 2 5 4 2 1 3 2 2 3 1 2 2 3 1 
52.96 ; 5.195e-15 ; True ; 1 29 152 373 527 849  ; 3 1 1 5 4 3 1 3 2 2 4 1 3 1 4 1 
53.16 ; 5.208e-15 ; True ; 1 19 29 373 527 849  ; 2 1 1 5 4 2 2 3 2 3 3 1 3 1 3 1 
53.17 ; 8.602e-15 ; True ; 1 152 315 373 527 695  ; 3 1 1 4 4 2 3 2 3 1 3 2 2 3 2 1 
55.08 ; 9.033e-15 ; True ; 1 152 373 527 610 695  ; 2 1 2 5 3 2 2 2 3 1 4 2 2 2 3 1 
55.15 ; 1.248e-14 ; True ; 1 152 373 422 527 695  ; 3 1 1 5 3 3 2 3 3 1 4 2 2 2 3 1 
56 ; 1.373e-14 ; True ; 1 152 162 373 527 695  ; 3 1 1 5 4 3 2 2 2 2 4 2 2 2 3 1 
57.04 ; 1.506e-14 ; True ; 1 29 152 373 527 695  ; 3 1 1 5 4 2 2 3 3 1 4 2 3 2 3 1 
57.11 ; 1.629e-14 ; True ; 1 152 373 527 695 849  ; 3 1 1 5 4 3 2 2 2 2 3 2 3 2 3 1 
61.98 ; 1.689e-14 ; True ; 1 19 162 373 422 609 695  ; 3 1 1 6 4 2 2 3 3 4 3 1 2 2 3 1 
63.69 ; 1.732e-14 ; True ; 1 152 373 483 527 695  ; 2 1 1 5 4 3 3 2 3 2 3 3 2 2 2 1 
63.94 ; 1.823e-14 ; True ; 1 152 162 176 373 609 695  ; 3 1 1 6 5 2 2 2 3 3 3 2 2 2 3 1 
63.95 ; 2.073e-14 ; True ; 1 152 176 373 422 609 695  ; 3 1 1 6 4 2 2 3 4 2 3 2 2 2 3 1 
64.01 ; 2.329e-14 ; True ; 1 119 152 162 373 609 695  ; 3 1 1 6 4 3 2 2 3 3 3 2 2 2 3 1 
64.56 ; 2.511e-14 ; True ; 1 119 152 373 422 609 695  ; 3 1 1 6 3 3 2 3 4 2 3 2 2 2 3 1 
67.56 ; 2.588e-14 ; True ; 1 24 152 176 373 609 695  ; 2 1 2 6 5 2 2 3 3 2 3 2 2 2 3 1 
68.38 ; 2.643e-14 ; True ; 1 24 152 315 373 609 695  ; 3 1 2 5 5 2 2 3 3 2 3 1 2 3 3 1 
68.49 ; 2.801e-14 ; True ; 1 119 152 373 467 609 695  ; 3 1 2 6 3 2 2 3 3 2 3 2 2 2 3 1 
68.76 ; 2.806e-14 ; True ; 1 162 293 373 422 527 695  ; 3 1 1 5 4 3 2 3 3 2 4 2 2 2 3 1 
68.96 ; 3.063e-14 ; True ; 1 152 315 373 527 695 863  ; 3 1 2 4 4 2 3 3 3 1 3 2 2 4 2 1 
69 ; 3.336e-14 ; True ; 1 19 315 373 467 527 695  ; 3 1 2 5 4 1 4 3 3 2 3 2 2 3 2 1 
70.05 ; 3.977e-14 ; True ; 1 19 315 373 422 527 695  ; 3 1 1 5 4 2 4 3 4 2 3 2 2 3 2 1 
70.84 ; 4.985e-14 ; True ; 1 152 315 373 467 527 695  ; 4 1 2 5 4 2 3 3 3 1 4 2 2 3 3 1 
72.59 ; 5.952e-14 ; True ; 1 152 162 373 422 527 695  ; 4 1 1 6 4 4 2 3 3 2 5 2 2 2 4 1 
72.69 ; 5.988e-14 ; True ; 1 19 162 373 422 527 695  ; 3 1 1 6 4 3 3 3 3 3 4 2 2 2 3 1 
73.73 ; 7.366e-14 ; True ; 1 152 373 422 527 609 695  ; 3 1 1 6 4 3 2 3 4 2 4 2 3 3 3 1 
74.64 ; 8.218e-14 ; True ; 1 152 373 467 527 609 695  ; 3 1 2 6 4 2 2 3 3 2 4 2 3 3 3 1 
75.68 ; 8.575e-14 ; True ; 1 29 152 373 527 695 849  ; 4 1 1 6 5 3 2 3 3 2 4 2 4 2 4 1 
77.46 ; 9.197e-14 ; True ; 1 24 152 373 527 609 695  ; 2 1 2 6 5 3 2 3 3 2 4 2 3 3 3 1 
79.55 ; 9.347e-14 ; True ; 1 24 152 373 527 695 849  ; 3 1 2 6 5 4 2 3 2 2 4 2 3 2 4 1 
79.58 ; 9.541e-14 ; True ; 1 119 152 162 373 422 609 695  ; 4 1 1 7 4 4 2 3 4 3 4 2 2 2 4 1 
84.15 ; 9.544e-14 ; True ; 1 24 152 176 315 373 609 695  ; 3 1 2 6 6 2 3 3 4 2 3 2 2 3 3 1 
84.62 ; 9.649e-14 ; True ; 1 19 119 373 422 467 609 695  ; 3 1 2 7 3 2 3 4 4 3 3 2 2 2 3 1 
85.25 ; 1.06e-13 ; True ; 1 24 152 176 315 373 518 695  ; 3 1 2 6 5 3 3 3 3 2 4 2 2 2 4 1 
85.28 ; 1.118e-13 ; True ; 1 152 373 467 483 527 695  ; 3 1 2 6 4 3 3 3 3 2 4 3 2 2 3 1 
85.6 ; 1.195e-13 ; True ; 1 119 152 162 373 467 609 695  ; 4 1 2 7 4 3 2 3 3 3 4 2 2 2 4 1 
86.87 ; 1.26e-13 ; True ; 1 19 315 373 422 527 695 863  ; 3 1 2 5 4 2 4 4 4 2 3 2 2 4 2 1 
87.59 ; 1.459e-13 ; True ; 1 19 121 315 373 467 527 695  ; 3 1 2 6 5 2 4 4 3 2 4 2 2 3 3 1 
89.5 ; 1.564e-13 ; True ; 1 19 315 373 422 527 610 695  ; 3 1 2 6 4 2 4 3 5 2 4 2 2 3 3 1 
90.35 ; 1.729e-13 ; True ; 1 19 315 373 467 527 695 751  ; 4 1 2 6 5 2 4 3 4 2 4 2 2 3 3 1 
90.42 ; 1.807e-13 ; True ; 1 19 162 315 373 422 527 695  ; 4 1 1 6 5 3 4 3 4 3 4 2 2 3 3 1 
90.6 ; 2.039e-13 ; True ; 1 19 315 373 422 467 527 695  ; 4 1 2 6 4 2 4 4 4 2 4 2 2 3 3 1 
91.27 ; 2.139e-13 ; True ; 1 19 24 315 373 467 527 695  ; 3 1 3 6 5 2 4 4 3 2 4 2 2 3 3 1 
91.34 ; 2.231e-13 ; True ; 1 19 162 373 422 527 609 695  ; 3 1 1 7 5 3 3 3 4 4 4 2 3 3 3 1 
91.53 ; 2.252e-13 ; True ; 1 19 315 373 467 518 527 695  ; 3 1 2 6 4 2 4 3 3 3 4 2 3 3 3 1 
92.24 ; 2.482e-13 ; True ; 1 152 315 373 467 527 609 695  ; 4 1 2 6 5 2 3 3 4 2 4 2 3 4 3 1 
93.17 ; 2.494e-13 ; True ; 1 152 162 373 422 527 609 695  ; 4 1 1 7 5 4 2 3 4 3 5 2 3 3 4 1 
93.3 ; 2.52e-13 ; True ; 1 19 24 315 373 518 527 695  ; 2 1 2 6 5 3 4 3 3 3 4 2 3 3 3 1 
93.4 ; 2.831e-13 ; True ; 1 19 373 422 467 527 609 695  ; 3 1 2 7 4 2 3 4 4 3 4 2 3 3 3 1 
95.31 ; 3.159e-13 ; True ; 1 152 373 422 467 527 609 695  ; 4 1 2 7 4 3 2 4 4 2 5 2 3 3 4 1 
96.06 ; 3.168e-13 ; True ; 1 19 24 373 422 527 609 695  ; 2 1 2 7 5 3 3 4 4 3 4 2 3 3 3 1 
98.01 ; 3.314e-13 ; True ; 1 24 152 373 467 527 609 695  ; 3 1 3 7 5 3 2 4 3 2 5 2 3 3 4 1 
98.98 ; 3.527e-13 ; True ; 1 24 152 373 422 527 609 695  ; 3 1 2 7 5 4 2 4 4 2 5 2 3 3 4 1 
101.1 ; 4.007e-13 ; True ; 1 19 24 29 373 527 695 849  ; 3 1 2 7 6 3 3 4 3 3 4 2 4 2 4 1 
106.1 ; 4.084e-13 ; True ; 1 19 24 119 162 373 422 609 695  ; 3 1 2 8 5 4 3 4 4 4 4 2 2 2 4 1 
106.8 ; 4.123e-13 ; True ; 1 19 24 152 373 527 609 695  ; 2 1 2 7 6 3 3 3 3 3 4 2 3 3 3 2 
107.6 ; 4.31e-13 ; True ; 1 24 152 176 315 373 518 609 695  ; 3 1 2 7 6 3 3 3 4 3 4 2 3 3 4 1 
108.4 ; 4.456e-13 ; True ; 1 19 176 315 373 422 467 527 695  ; 4 1 2 7 5 2 5 4 5 2 4 3 2 3 3 1 
109 ; 4.831e-13 ; True ; 1 19 24 176 315 373 467 527 695  ; 3 1 3 7 6 2 5 4 4 2 4 3 2 3 3 1 
109.3 ; 5.242e-13 ; True ; 1 19 176 315 373 467 518 527 695  ; 3 1 2 7 5 2 5 3 4 3 4 3 3 3 3 1 
110 ; 5.278e-13 ; True ; 1 19 121 315 373 467 527 609 695  ; 3 1 2 7 6 2 4 4 4 3 4 2 3 4 3 1 
110.2 ; 5.723e-13 ; True ; 1 19 162 315 373 422 527 695 863  ; 4 1 2 6 5 3 4 4 4 3 4 2 2 4 3 1 
111.6 ; 5.727e-13 ; True ; 1 152 176 315 373 467 527 587 695  ; 5 1 2 7 5 2 4 3 4 2 5 3 3 3 4 1 
112 ; 5.918e-13 ; True ; 1 19 315 373 467 518 527 610 695  ; 3 1 3 7 4 2 4 3 4 3 5 2 3 3 4 1 
112.1 ; 7.137e-13 ; True ; 1 19 315 373 422 467 527 609 695  ; 4 1 2 7 5 2 4 4 5 3 4 2 3 4 3 1 
113.6 ; 7.737e-13 ; True ; 1 19 24 315 373 467 527 609 695  ; 3 1 3 7 6 2 4 4 4 3 4 2 3 4 3 1 
114.3 ; 7.873e-13 ; True ; 1 19 24 315 373 467 527 587 695  ; 4 1 3 7 5 2 4 4 3 3 5 2 3 3 4 1 
114.4 ; 8.254e-13 ; True ; 1 19 24 249 315 373 467 527 695  ; 3 1 3 6 6 3 4 4 4 3 5 2 2 3 4 1 
114.8 ; 9.079e-13 ; True ; 1 19 24 315 373 467 518 527 695  ; 3 1 3 7 5 3 4 4 3 3 5 2 3 3 4 1 
115.8 ; 9.56e-13 ; True ; 1 19 162 373 422 467 527 609 695  ; 4 1 2 8 5 3 3 4 4 4 5 2 3 3 4 1 
118.4 ; 9.708e-13 ; True ; 1 24 152 315 373 467 527 609 695  ; 4 1 3 7 6 3 3 4 4 2 5 2 3 4 4 1 
118.8 ; 9.918e-13 ; True ; 1 119 152 162 373 467 527 609 695  ; 4 1 2 8 5 4 3 3 4 3 5 3 3 3 4 1 
119.3 ; 1.036e-12 ; True ; 1 19 24 162 373 422 527 609 695  ; 3 1 2 8 6 4 3 4 4 4 5 2 3 3 4 1 
119.5 ; 1.07e-12 ; True ; 1 19 24 373 422 467 527 609 695  ; 3 1 3 8 5 3 3 5 4 3 5 2 3 3 4 1 
121 ; 1.073e-12 ; True ; 1 19 373 422 467 527 609 695 849  ; 4 1 2 8 5 3 3 4 4 4 4 2 4 3 4 1 
123.4 ; 1.184e-12 ; True ; 1 19 24 29 373 422 527 609 695  ; 3 1 2 8 6 3 3 5 5 3 5 2 4 3 4 1 
124.5 ; 1.184e-12 ; True ; 1 19 24 29 373 527 609 695 849  ; 3 1 2 8 7 3 3 4 4 4 4 2 5 3 4 1 
126.5 ; 1.209e-12 ; True ; 1 19 24 29 373 422 527 695 849  ; 4 1 2 8 6 4 3 5 4 3 5 2 4 2 5 1 
127.3 ; 1.245e-12 ; True ; 1 24 29 152 373 527 609 695 849  ; 4 1 2 8 7 4 2 4 4 3 5 2 5 3 5 1 
128.7 ; 1.459e-12 ; True ; 1 19 152 373 422 467 527 609 695  ; 4 1 2 8 5 3 3 4 4 3 5 2 3 3 4 2 
131.3 ; 1.484e-12 ; True ; 1 19 24 152 373 467 527 609 695  ; 3 1 3 8 6 3 3 4 3 3 5 2 3 3 4 2 
132.3 ; 1.58e-12 ; True ; 1 19 24 152 373 422 527 609 695  ; 3 1 2 8 6 4 3 4 4 3 5 2 3 3 4 2 
133.3 ; 1.609e-12 ; True ; 1 19 24 176 315 373 467 527 609 695  ; 3 1 3 8 7 2 5 4 5 3 4 3 3 4 3 1 
133.9 ; 1.777e-12 ; True ; 1 19 24 176 315 373 467 527 587 695  ; 4 1 3 8 6 2 5 4 4 3 5 3 3 3 4 1 
134.4 ; 2.049e-12 ; True ; 1 19 24 176 315 373 467 518 527 695  ; 3 1 3 8 6 3 5 4 4 3 5 3 3 3 4 1 
136.6 ; 2.159e-12 ; True ; 1 19 162 176 373 422 467 527 609 695  ; 4 1 2 9 6 3 4 4 5 4 5 3 3 3 4 1 
137.4 ; 2.201e-12 ; True ; 1 19 162 315 373 422 467 527 609 695  ; 5 1 2 8 6 3 4 4 5 4 5 2 3 4 4 1 
138.8 ; 2.388e-12 ; True ; 1 19 24 315 373 467 518 527 587 695  ; 4 1 3 8 5 3 4 4 3 4 6 2 4 3 5 1 
138.9 ; 2.51e-12 ; True ; 1 19 24 249 315 373 467 518 527 695  ; 3 1 3 7 6 4 4 4 4 4 6 2 3 3 5 1 
140.1 ; 2.594e-12 ; True ; 1 19 24 315 373 467 518 527 609 695  ; 3 1 3 8 6 3 4 4 4 4 5 2 4 4 4 1 
141 ; 2.617e-12 ; True ; 1 19 24 315 373 422 467 527 609 695  ; 4 1 3 8 6 3 4 5 5 3 5 2 3 4 4 1 
143.7 ; 2.653e-12 ; True ; 1 24 152 176 373 467 527 587 609 695  ; 4 1 3 9 6 3 3 4 4 3 6 3 4 3 5 1 
144.2 ; 2.726e-12 ; True ; 1 24 152 176 373 467 518 527 609 695  ; 3 1 3 9 6 4 3 4 4 3 6 3 4 3 5 1 
145.5 ; 2.782e-12 ; True ; 1 24 152 249 315 373 467 527 609 695  ; 4 1 3 7 7 4 3 4 5 3 6 2 3 4 5 1 
145.6 ; 2.815e-12 ; True ; 1 19 24 373 422 467 527 587 609 695  ; 4 1 3 9 5 3 3 5 4 4 6 2 4 3 5 1 
145.7 ; 2.825e-12 ; True ; 1 19 24 162 373 422 467 527 609 695  ; 4 1 3 9 6 4 3 5 4 4 6 2 3 3 5 1 
145.9 ; 2.951e-12 ; True ; 1 24 152 315 373 467 518 527 609 695  ; 4 1 3 8 6 4 3 4 4 3 6 2 4 4 5 1 
149.2 ; 3.001e-12 ; True ; 1 19 24 29 315 373 518 527 695 735  ; 3 1 3 8 6 4 4 5 4 3 6 2 4 3 5 1 
150 ; 3.048e-12 ; True ; 1 24 152 176 373 467 527 609 695 849  ; 4 1 3 9 7 4 3 4 4 3 5 3 4 3 5 1 
150.7 ; 3.107e-12 ; True ; 1 24 152 315 373 467 527 609 695 849  ; 5 1 3 8 7 4 3 4 4 3 5 2 4 4 5 1 
150.9 ; 3.294e-12 ; True ; 1 19 24 373 422 467 527 609 695 849  ; 4 1 3 9 6 4 3 5 4 4 5 2 4 3 5 1 
151.3 ; 3.295e-12 ; True ; 1 19 152 176 373 422 467 527 609 695  ; 4 1 2 9 6 3 4 4 5 3 5 3 3 3 4 2 
151.9 ; 3.355e-12 ; True ; 1 19 24 29 373 422 527 609 695 849  ; 4 1 2 9 7 4 3 5 5 4 5 2 5 3 5 1 
152.1 ; 3.359e-12 ; True ; 1 19 152 315 373 422 467 527 609 695  ; 5 1 2 8 6 3 4 4 5 3 5 2 3 4 4 2 
153.9 ; 3.507e-12 ; True ; 1 19 24 152 176 373 467 527 609 695  ; 3 1 3 9 7 3 4 4 4 3 5 3 3 3 4 2 
154.6 ; 3.797e-12 ; True ; 1 19 24 152 315 373 467 527 609 695  ; 4 1 3 8 7 3 4 4 4 3 5 2 3 4 4 2 
156.1 ; 3.866e-12 ; True ; 1 19 119 152 373 422 467 527 609 695  ; 4 1 2 9 5 4 4 4 5 3 5 3 3 3 4 2 
157.8 ; 4.064e-12 ; True ; 1 19 24 176 315 373 467 518 527 610 695  ; 3 1 4 9 6 3 5 4 5 3 6 3 3 3 5 1 
159.1 ; 4.526e-12 ; True ; 19 24 176 249 373 467 518 527 587 695 735  ; 3 1 3 9 6 5 4 4 4 4 7 3 4 2 6 1 
160.4 ; 5.39e-12 ; True ; 1 19 24 176 315 373 467 518 527 587 695  ; 4 1 3 9 6 3 5 4 4 4 6 3 4 3 5 1 
161.7 ; 5.395e-12 ; True ; 1 19 24 176 315 373 467 518 527 609 695  ; 3 1 3 9 7 3 5 4 5 4 5 3 4 4 4 1 
162.5 ; 5.538e-12 ; True ; 1 19 24 176 315 373 466 467 518 527 695  ; 3 1 3 9 6 4 5 4 4 4 6 3 4 3 5 1 
164.5 ; 5.809e-12 ; True ; 1 19 24 249 315 373 467 518 527 587 695  ; 4 1 3 8 6 4 4 4 4 5 7 2 4 3 6 1 
166.4 ; 5.811e-12 ; True ; 1 19 24 176 373 467 527 587 609 695 735  ; 3 1 4 10 6 3 4 5 4 4 6 3 4 3 5 1 
167 ; 5.999e-12 ; True ; 1 19 24 315 373 467 518 527 587 609 695  ; 4 1 3 9 6 3 4 4 4 5 6 2 5 4 5 1 
167.1 ; 6.197e-12 ; True ; 1 19 24 249 315 373 467 518 527 609 695  ; 3 1 3 8 7 4 4 4 5 5 6 2 4 4 5 1 
167.6 ; 6.465e-12 ; True ; 1 19 24 315 373 467 518 527 609 695 735  ; 3 1 4 9 6 4 4 5 4 4 6 2 4 4 5 1 
168.5 ; 6.543e-12 ; True ; 1 24 152 176 315 373 467 518 527 609 695  ; 4 1 3 9 7 4 4 4 5 3 6 3 4 4 5 1 
171.3 ; 7.072e-12 ; True ; 1 19 24 315 373 422 467 518 527 609 695  ; 4 1 3 9 6 4 4 5 5 4 6 2 4 4 5 1 
175.5 ; 7.302e-12 ; True ; 1 19 24 176 373 422 467 527 609 695 849  ; 4 1 3 10 7 4 4 5 5 4 5 3 4 3 5 1 
176.3 ; 7.446e-12 ; True ; 1 19 24 315 373 422 467 527 609 695 849  ; 5 1 3 9 7 4 4 5 5 4 5 2 4 4 5 1 
178.3 ; 7.804e-12 ; True ; 1 19 24 152 176 315 373 467 527 609 695  ; 4 1 3 9 8 3 5 4 5 3 5 3 3 4 4 2 
179.5 ; 8.105e-12 ; True ; 1 19 24 152 176 315 373 467 518 527 695  ; 4 1 3 9 7 4 5 4 4 3 6 3 3 3 5 2 
181.5 ; 8.186e-12 ; True ; 1 19 24 29 315 373 527 609 695 735 849  ; 4 1 3 9 8 4 4 5 5 4 5 2 5 4 5 1 
181.8 ; 8.201e-12 ; True ; 1 19 24 119 373 422 467 527 609 695 849  ; 4 1 3 10 6 5 4 5 5 4 5 3 4 3 5 1 
183.5 ; 8.55e-12 ; True ; 1 19 24 108 249 373 467 527 587 609 695  ; 3 1 3 9 6 4 4 5 4 5 6 3 4 4 5 1 
183.9 ; 9.222e-12 ; True ; 1 19 24 152 176 373 467 527 587 609 695  ; 4 1 3 10 7 3 4 4 4 4 6 3 4 3 5 2 
184.3 ; 9.558e-12 ; True ; 1 19 24 152 176 373 422 467 527 609 695  ; 4 1 3 10 7 4 4 5 5 3 6 3 3 3 5 2 
185.7 ; 9.56e-12 ; True ; 1 19 24 152 249 315 373 467 527 609 695  ; 4 1 3 8 8 4 4 4 5 4 6 2 3 4 5 2 
185.7 ; 1.003e-11 ; True ; 1 19 24 176 315 373 467 518 527 587 610 695  ; 4 1 4 10 6 3 5 4 5 4 7 3 4 3 6 1 
186 ; 1.026e-11 ; True ; 1 19 24 152 315 373 467 518 527 609 695  ; 4 1 3 9 7 4 4 4 4 4 6 2 4 4 5 2 
187 ; 1.145e-11 ; True ; 19 24 176 249 315 373 467 518 527 587 695 735  ; 4 1 3 9 7 5 5 4 5 4 7 3 4 3 6 1 
188 ; 1.147e-11 ; True ; 1 19 24 176 249 315 373 467 518 527 695 735  ; 3 1 4 9 7 5 5 5 5 4 7 3 3 3 6 1 
188 ; 1.208e-11 ; True ; 1 19 24 176 249 315 373 467 518 527 587 695  ; 4 1 3 9 7 4 5 4 5 5 7 3 4 3 6 1 
188.8 ; 1.26e-11 ; True ; 1 19 24 176 315 373 467 518 527 587 695 735  ; 4 1 4 10 6 4 5 5 4 4 7 3 4 3 6 1 
191.2 ; 1.344e-11 ; True ; 1 19 24 176 315 373 467 518 527 609 695 735  ; 3 1 4 10 7 4 5 5 5 4 6 3 4 4 5 1 
194.9 ; 1.413e-11 ; True ; 1 19 24 176 315 373 422 467 518 527 609 695  ; 4 1 3 10 7 4 5 5 6 4 6 3 4 4 5 1 
198.3 ; 1.426e-11 ; True ; 1 24 152 176 315 373 467 518 527 587 609 695  ; 5 1 3 10 7 4 4 4 5 4 7 3 5 4 6 1 
198.9 ; 1.437e-11 ; True ; 1 24 152 176 315 373 467 518 527 609 695 735  ; 4 1 4 10 7 5 4 5 5 3 7 3 4 4 6 1 
199.6 ; 1.462e-11 ; True ; 1 24 152 176 315 373 466 467 518 527 609 695  ; 4 1 3 10 7 5 4 4 5 4 7 3 5 4 6 1 
201.9 ; 1.471e-11 ; True ; 1 19 24 176 315 373 422 467 527 609 695 849  ; 5 1 3 10 8 4 5 5 6 4 5 3 4 4 5 1 
202.1 ; 1.486e-11 ; True ; 1 19 24 176 315 373 467 527 609 695 735 849  ; 4 1 4 10 8 4 5 5 5 4 5 3 4 4 5 1 
202.4 ; 1.525e-11 ; True ; 1 19 24 315 373 467 518 527 587 656 695 735  ; 4 1 4 9 5 4 4 5 4 4 7 3 5 4 6 1 
202.7 ; 1.562e-11 ; True ; 1 19 24 249 315 373 467 527 587 656 695 735  ; 4 1 4 8 6 4 4 5 5 4 7 3 4 4 6 1 
204.9 ; 1.564e-11 ; True ; 1 19 24 119 315 373 467 527 587 609 695 735  ; 4 1 4 10 6 4 5 5 5 4 6 3 4 4 5 1 
207.1 ; 1.617e-11 ; True ; 1 19 152 162 176 373 422 467 527 609 610 695  ; 5 1 3 11 7 4 4 4 6 4 7 3 3 3 6 2 
207.7 ; 1.619e-11 ; True ; 1 19 24 29 315 373 467 518 527 609 695 735  ; 4 1 4 10 7 4 4 6 5 4 7 2 5 4 6 1 
208.8 ; 1.742e-11 ; True ; 1 19 24 108 249 315 373 467 518 527 587 695  ; 4 1 3 9 6 5 5 5 4 5 7 3 4 4 6 1 
210.3 ; 1.883e-11 ; True ; 1 19 24 152 176 315 373 467 518 527 587 695  ; 5 1 3 10 7 4 5 4 4 4 7 3 4 3 6 2 
211.1 ; 1.933e-11 ; True ; 1 19 24 152 176 315 373 467 527 587 609 695  ; 5 1 3 10 8 3 5 4 5 4 6 3 4 4 5 2 
211.6 ; 2.109e-11 ; True ; 1 19 24 152 176 315 373 467 518 527 609 695  ; 4 1 3 10 8 4 5 4 5 4 6 3 4 4 5 2 
216.5 ; 2.156e-11 ; True ; 1 19 24 152 176 373 467 527 587 609 695 735  ; 4 1 4 11 7 4 4 5 4 4 7 3 4 3 6 2 
217.3 ; 2.221e-11 ; True ; 1 19 24 152 176 373 422 467 527 587 609 695  ; 5 1 3 11 7 4 4 5 5 4 7 3 4 3 6 2 
217.4 ; 2.54e-11 ; True ; 1 19 24 176 249 315 373 467 518 527 587 695 735  ; 4 1 4 10 7 5 5 5 5 5 8 3 4 3 7 1 
221.1 ; 2.689e-11 ; True ; 1 19 24 176 249 315 373 467 518 527 609 695 735  ; 3 1 4 10 8 5 5 5 6 5 7 3 4 4 6 1 
222 ; 2.916e-11 ; True ; 1 19 24 176 315 373 467 518 527 587 609 695 735  ; 4 1 4 11 7 4 5 5 5 5 7 3 5 4 6 1 
228.3 ; 2.982e-11 ; True ; 1 19 24 176 315 373 422 467 518 527 609 695 735  ; 4 1 4 11 7 5 5 6 6 4 7 3 4 4 6 1 
230.7 ; 2.998e-11 ; True ; 1 24 152 176 315 373 467 518 527 587 609 695 735  ; 5 1 4 11 7 5 4 5 5 4 8 3 5 4 7 1 
235 ; 3.026e-11 ; True ; 1 19 24 176 249 315 373 467 527 609 695 735 849  ; 4 1 4 10 9 5 5 5 6 5 6 3 4 4 6 1 
235.2 ; 3.198e-11 ; True ; 1 19 24 29 176 315 373 467 518 527 609 695 735  ; 4 1 4 11 8 4 5 6 6 4 7 3 5 4 6 1 
238.8 ; 3.219e-11 ; True ; 1 19 24 108 176 315 373 467 527 587 609 695 735  ; 4 1 4 11 7 4 6 6 5 4 6 4 4 5 5 1 
239 ; 3.24e-11 ; True ; 1 19 24 315 373 466 467 527 587 609 656 695 735  ; 4 1 4 10 6 4 4 5 5 5 7 3 6 5 6 1 
239.6 ; 3.354e-11 ; True ; 1 19 24 152 176 315 373 467 518 527 587 610 695  ; 5 1 4 11 7 4 5 4 5 4 8 3 4 3 7 2 
240.2 ; 3.385e-11 ; True ; 1 19 24 108 249 315 373 467 518 527 587 695 735  ; 4 1 4 10 6 6 5 6 4 5 8 3 4 4 7 1 
240.3 ; 3.456e-11 ; True ; 1 19 24 152 176 315 373 467 527 587 609 610 695  ; 5 1 4 11 8 3 5 4 6 4 7 3 4 4 6 2 
240.9 ; 3.77e-11 ; True ; 1 19 24 152 176 315 373 467 518 527 609 610 695  ; 4 1 4 11 8 4 5 4 6 4 7 3 4 4 6 2 
243.7 ; 3.96e-11 ; True ; 1 19 24 152 176 315 373 467 518 527 587 695 735  ; 5 1 4 11 7 5 5 5 4 4 8 3 4 3 7 2 
245.4 ; 4.308e-11 ; True ; 1 19 24 152 176 315 373 467 518 527 587 609 695  ; 5 1 3 11 8 4 5 4 5 5 7 3 5 4 6 2 
246 ; 4.632e-11 ; True ; 1 19 24 152 176 315 373 467 518 527 609 695 735  ; 4 1 4 11 8 5 5 5 5 4 7 3 4 4 6 2 
252 ; 4.669e-11 ; True ; 1 19 24 176 229 315 373 467 518 527 587 609 695 735  ; 4 1 4 12 8 4 6 5 6 5 7 3 5 5 6 1 
253.5 ; 5.362e-11 ; True ; 1 19 24 176 249 315 373 467 518 527 587 609 695 735  ; 4 1 4 11 8 5 5 5 6 6 8 3 5 4 7 1 
255.7 ; 5.39e-11 ; True ; 1 19 24 176 315 373 466 467 518 527 587 609 695 735  ; 4 1 4 12 7 5 5 5 5 6 8 3 6 4 7 1 
261.5 ; 5.422e-11 ; True ; 1 19 24 176 249 315 373 422 467 527 587 609 695 735  ; 5 1 4 11 8 5 5 6 7 5 8 3 4 4 7 1 
261.7 ; 5.536e-11 ; True ; 1 19 24 176 315 373 466 467 518 527 587 656 695 735  ; 4 1 4 11 6 5 5 5 5 5 8 4 6 4 7 1 
262.1 ; 5.832e-11 ; True ; 1 19 24 176 315 373 422 467 518 527 587 609 695 735  ; 5 1 4 12 7 5 5 6 6 5 8 3 5 4 7 1 
267.1 ; 5.898e-11 ; True ; 1 19 24 108 152 315 373 467 518 527 587 609 695  ; 5 1 3 11 7 5 5 5 4 5 7 3 5 5 6 2 
268.1 ; 5.943e-11 ; True ; 1 19 24 108 152 315 373 467 527 587 609 695 735  ; 5 1 4 11 7 5 5 6 4 4 7 3 4 5 6 2 
268.6 ; 6.019e-11 ; True ; 1 19 24 108 176 249 315 373 467 518 527 587 695 735  ; 4 1 4 11 7 6 6 6 5 5 8 4 4 4 7 1 
270.1 ; 6.027e-11 ; True ; 1 19 24 249 315 373 467 518 527 587 609 656 695 735  ; 4 1 4 10 7 5 4 5 6 6 8 3 6 5 7 1 
271.5 ; 6.038e-11 ; True ; 1 19 24 108 152 315 373 422 467 518 527 609 695  ; 5 1 3 11 7 6 5 6 5 4 7 3 4 5 6 2 
272.3 ; 6.136e-11 ; True ; 1 19 24 108 176 249 315 373 467 518 527 587 609 695  ; 4 1 3 11 8 5 6 5 6 6 7 4 5 5 6 1 
273.1 ; 6.741e-11 ; True ; 1 19 24 108 176 315 373 467 518 527 587 609 695 735  ; 4 1 4 12 7 5 6 6 5 5 7 4 5 5 6 1 
276.5 ; 6.845e-11 ; True ; 1 19 24 152 176 229 315 373 467 518 527 587 609 695  ; 5 1 3 12 9 4 6 4 6 5 7 3 5 5 6 2 
276.6 ; 7.373e-11 ; True ; 1 19 24 152 176 315 373 467 518 527 587 609 610 695  ; 5 1 4 12 8 4 5 4 6 5 8 3 5 4 7 2 
277.3 ; 7.434e-11 ; True ; 1 19 24 152 176 315 373 467 518 527 609 610 695 735  ; 4 1 5 12 8 5 5 5 6 4 8 3 4 4 7 2 
280.9 ; 8.469e-11 ; True ; 1 19 24 152 176 249 315 373 467 518 527 609 695 735  ; 4 1 4 11 9 6 5 5 6 5 8 3 4 4 7 2 
281.7 ; 9.058e-11 ; True ; 1 19 24 152 176 315 373 467 518 527 587 609 695 735  ; 5 1 4 12 8 5 5 5 5 5 8 3 5 4 7 2 
292.2 ; 9.072e-11 ; True ; 1 19 24 108 152 176 315 373 467 518 527 609 610 695  ; 4 1 4 12 8 5 6 5 6 4 7 4 4 5 6 2 
293.5 ; 9.302e-11 ; True ; 1 19 24 152 176 315 373 467 527 587 609 656 695 735  ; 5 1 4 11 8 4 5 5 6 4 7 4 5 5 6 2 
293.9 ; 9.858e-11 ; True ; 1 19 24 29 152 176 315 373 467 518 527 609 695 735  ; 5 1 4 12 9 5 5 6 6 4 8 3 5 4 7 2 
297 ; 9.902e-11 ; True ; 1 19 24 119 152 315 373 467 518 527 587 609 695 735  ; 5 1 4 12 7 6 5 5 5 5 8 3 5 4 7 2 
297.6 ; 1.037e-10 ; True ; 1 19 24 108 152 176 315 373 467 518 527 587 609 695  ; 5 1 3 12 8 5 6 5 5 5 7 4 5 5 6 2 
298.6 ; 1.044e-10 ; True ; 1 19 24 108 152 176 315 373 467 527 587 609 695 735  ; 5 1 4 12 8 5 6 6 5 4 7 4 4 5 6 2 
300.3 ; 1.05e-10 ; True ; 1 19 24 108 152 315 373 467 518 527 587 609 610 695  ; 5 1 4 12 7 5 5 5 5 5 8 3 5 5 7 2 
301.2 ; 1.066e-10 ; True ; 1 19 24 108 152 176 373 467 518 527 587 609 695 735  ; 4 1 4 13 7 6 5 6 4 5 8 4 5 4 7 2 
304.7 ; 1.095e-10 ; True ; 1 19 24 108 152 249 315 373 467 518 527 609 695 735  ; 4 1 4 11 8 7 5 6 5 5 8 3 4 5 7 2 
305.4 ; 1.146e-10 ; True ; 1 19 24 108 152 315 373 467 518 527 587 609 695 735  ; 5 1 4 12 7 6 5 6 4 5 8 3 5 5 7 2 
308.6 ; 1.192e-10 ; True ; 1 19 24 108 176 249 315 373 467 518 527 587 609 695 735  ; 4 1 4 12 8 6 6 6 6 6 8 4 5 5 7 1 
310.9 ; 1.199e-10 ; True ; 1 19 24 108 176 315 373 466 467 518 527 587 609 695 735  ; 4 1 4 13 7 6 6 6 5 6 8 4 6 5 7 1 
314.9 ; 1.257e-10 ; True ; 1 19 24 152 176 249 315 373 466 467 518 527 587 695 735  ; 5 1 4 12 8 7 5 5 5 6 10 3 5 3 9 2 
314.9 ; 1.409e-10 ; True ; 1 19 24 152 176 315 373 467 518 527 587 609 610 695 735  ; 5 1 5 13 8 5 5 5 6 5 9 3 5 4 8 2 
315.7 ; 1.439e-10 ; True ; 1 19 24 152 176 229 315 373 467 518 527 587 609 695 735  ; 5 1 4 13 9 5 6 5 6 5 8 3 5 5 7 2 
318.2 ; 1.541e-10 ; True ; 1 19 24 152 176 249 315 373 467 518 527 587 609 695 735  ; 5 1 4 12 9 6 5 5 6 6 9 3 5 4 8 2 
320.5 ; 1.561e-10 ; True ; 1 19 24 152 176 315 373 466 467 518 527 587 609 695 735  ; 5 1 4 13 8 6 5 5 5 6 9 3 6 4 8 2 
325.8 ; 1.628e-10 ; True ; 1 19 24 152 176 315 373 422 467 518 527 587 609 695 735  ; 6 1 4 13 8 6 5 6 6 5 9 3 5 4 8 2 
328.4 ; 1.672e-10 ; True ; 1 19 24 119 152 176 315 373 467 518 527 587 609 695 735  ; 5 1 4 13 8 6 6 5 6 5 8 4 5 4 7 2 
330.9 ; 1.699e-10 ; True ; 1 19 24 152 176 315 373 467 518 527 587 609 695 735 833  ; 6 1 4 13 9 5 5 5 6 5 8 4 5 5 7 2 
331.7 ; 1.791e-10 ; True ; 1 19 24 152 176 315 373 467 518 527 587 609 656 695 735  ; 5 1 4 12 8 5 5 5 6 5 8 4 6 5 7 2 
337.1 ; 1.82e-10 ; True ; 1 19 24 108 152 176 249 315 373 467 518 527 587 609 695  ; 5 1 3 12 9 6 6 5 6 6 8 4 5 5 7 2 
337.1 ; 1.835e-10 ; True ; 1 19 24 108 152 176 249 315 373 467 518 527 609 695 735  ; 4 1 4 12 9 7 6 6 6 5 8 4 4 5 7 2 
337.9 ; 2.014e-10 ; True ; 1 19 24 108 152 176 315 373 467 518 527 587 609 695 735  ; 5 1 4 13 8 6 6 6 5 5 8 4 5 5 7 2 
349.8 ; 2.179e-10 ; True ; 1 19 24 152 176 229 315 373 467 518 527 587 609 610 695 735  ; 5 1 5 14 9 5 6 5 7 5 9 3 5 5 8 2 
353.3 ; 2.28e-10 ; True ; 1 19 24 152 176 249 315 373 467 518 527 587 609 610 695 735  ; 5 1 5 13 9 6 5 5 7 6 10 3 5 4 9 2 
356.4 ; 2.48e-10 ; True ; 1 19 24 152 176 229 315 373 466 467 518 527 587 609 695 735  ; 5 1 4 14 9 6 6 5 6 6 9 3 6 5 8 2 
363 ; 2.581e-10 ; True ; 1 19 24 152 176 249 315 373 467 518 527 587 609 695 735 863  ; 5 1 5 12 9 6 5 6 6 6 9 3 5 5 8 2 
365.1 ; 2.614e-10 ; True ; 1 19 24 152 176 315 373 466 467 518 527 587 609 695 735 863  ; 5 1 5 13 8 6 5 6 5 6 9 3 6 5 8 2 
369.8 ; 2.653e-10 ; True ; 1 19 24 152 176 315 373 422 467 518 527 587 609 695 735 863  ; 6 1 5 13 8 6 5 7 6 5 9 3 5 5 8 2 
371.7 ; 2.702e-10 ; True ; 1 19 24 108 152 176 315 373 466 467 518 527 587 610 695 735  ; 5 1 5 14 7 7 6 6 5 5 10 4 5 4 9 2 
373.5 ; 2.965e-10 ; True ; 1 19 24 152 176 249 315 373 466 467 527 587 609 656 695 735  ; 5 1 4 12 9 6 5 5 7 6 9 4 6 5 8 2 
374 ; 3.133e-10 ; True ; 1 19 24 108 152 176 315 373 467 518 527 587 609 610 695 735  ; 5 1 5 14 8 6 6 6 6 5 9 4 5 5 8 2 
378.3 ; 3.339e-10 ; True ; 1 19 24 108 152 176 249 315 373 467 518 527 587 609 695 735  ; 5 1 4 13 9 7 6 6 6 6 9 4 5 5 8 2 
380.6 ; 3.382e-10 ; True ; 1 19 24 108 152 176 315 373 466 467 518 527 587 609 695 735  ; 5 1 4 14 8 7 6 6 5 6 9 4 6 5 8 2 
386.9 ; 3.432e-10 ; True ; 1 19 24 108 152 176 315 373 422 467 518 527 587 609 695 735  ; 6 1 4 14 8 7 6 7 6 5 9 4 5 5 8 2 
392.5 ; 3.669e-10 ; True ; 1 19 24 152 176 229 315 373 466 467 518 527 587 609 610 695 735  ; 5 1 5 15 9 6 6 5 7 6 10 3 6 5 9 2 
398.8 ; 3.785e-10 ; True ; 1 19 24 108 152 249 315 373 467 518 527 587 609 656 695 735  ; 5 1 4 12 8 7 5 6 6 6 9 4 6 6 8 2 
401.7 ; 3.817e-10 ; True ; 1 19 24 152 176 229 249 315 373 467 518 527 587 609 695 735 863  ; 5 1 5 13 10 6 6 6 7 6 9 3 5 6 8 2 
403.9 ; 3.992e-10 ; True ; 1 19 24 152 176 229 315 373 466 467 518 527 587 609 695 735 863  ; 5 1 5 14 9 6 6 6 6 6 9 3 6 6 8 2 
407.3 ; 4.117e-10 ; True ; 1 19 24 152 176 249 315 373 466 467 518 527 587 609 695 735 863  ; 5 1 5 13 9 7 5 6 6 7 10 3 6 5 9 2 
411.9 ; 4.53e-10 ; True ; 1 19 24 108 152 176 229 315 373 467 518 527 587 609 610 695 735  ; 5 1 5 15 9 6 7 6 7 5 9 4 5 6 8 2 
416.4 ; 4.939e-10 ; True ; 1 19 24 108 152 176 249 315 373 467 518 527 587 609 610 695 735  ; 5 1 5 14 9 7 6 6 7 6 10 4 5 5 9 2 
419.5 ; 5.024e-10 ; True ; 1 19 24 108 152 176 229 315 373 466 467 518 527 587 609 695 735  ; 5 1 4 15 9 7 7 6 6 6 9 4 6 6 8 2 
422.9 ; 5.229e-10 ; True ; 1 19 24 108 152 176 249 315 373 466 467 518 527 587 609 695 735  ; 5 1 4 14 9 8 6 6 6 7 10 4 6 5 9 2 
428.2 ; 5.295e-10 ; True ; 1 19 24 108 152 176 315 373 466 467 518 527 587 609 695 735 863  ; 5 1 5 14 8 7 6 7 5 6 9 4 6 6 8 2 
430.3 ; 5.312e-10 ; True ; 1 19 24 108 152 176 249 315 373 422 467 518 527 587 609 695 735  ; 6 1 4 14 9 8 6 7 7 6 10 4 5 5 9 2 
431.9 ; 5.44e-10 ; True ; 1 19 24 108 152 176 315 373 467 518 527 587 609 610 656 695 735  ; 5 1 5 14 8 6 6 6 7 5 9 5 6 6 8 2 
436.2 ; 5.798e-10 ; True ; 1 19 24 108 152 176 249 315 373 467 518 527 587 609 656 695 735  ; 5 1 4 13 9 7 6 6 7 6 9 5 6 6 8 2 
437.5 ; 5.867e-10 ; True ; 1 19 24 108 152 176 315 373 466 467 518 527 587 609 656 695 735  ; 5 1 4 14 8 7 6 6 6 6 9 5 7 6 8 2 
446.7 ; 5.959e-10 ; True ; 1 19 24 108 152 176 315 373 422 467 518 527 587 609 656 695 735  ; 6 1 4 14 8 7 6 7 7 5 9 5 6 6 8 2 
453.8 ; 6.02e-10 ; True ; 1 19 24 108 152 249 315 373 422 467 518 527 587 609 656 695 735  ; 6 1 4 13 8 8 5 7 7 6 10 4 6 6 9 2 
454.6 ; 6.047e-10 ; True ; 1 19 24 108 134 152 176 249 315 373 467 518 527 587 609 610 695 735  ; 5 1 5 14 9 7 6 6 7 6 11 4 5 6 10 2 
455.8 ; 6.188e-10 ; True ; 1 19 24 108 152 176 315 373 467 518 527 587 609 656 695 735 849  ; 6 1 4 14 9 7 6 6 6 6 8 5 7 6 8 2 
458.7 ; 6.529e-10 ; True ; 1 19 24 152 176 229 315 373 422 467 518 527 587 609 610 656 695 735  ; 6 1 5 15 9 6 6 6 9 5 10 4 6 6 9 2 
463.8 ; 7.006e-10 ; True ; 1 19 24 108 152 176 249 315 373 466 467 518 527 587 609 660 695 735  ; 5 1 4 15 9 8 6 6 6 7 10 5 6 6 9 2 
466.9 ; 7.425e-10 ; True ; 1 19 24 108 152 176 249 315 373 467 518 527 587 609 610 695 735 863  ; 5 1 6 14 9 7 6 7 7 6 10 4 5 6 9 2 
468.9 ; 7.429e-10 ; True ; 1 19 108 152 176 249 315 373 466 467 518 527 587 609 610 695 735 863  ; 5 1 5 14 8 7 6 6 7 7 10 4 6 6 9 2 
469.1 ; 7.726e-10 ; True ; 1 19 24 108 152 176 315 373 466 467 518 527 587 609 610 695 735 863  ; 5 1 6 15 8 7 6 7 6 6 10 4 6 6 9 2 
474.3 ; 8.186e-10 ; True ; 1 19 24 108 152 176 249 315 373 466 467 518 527 587 609 695 735 863  ; 5 1 5 14 9 8 6 7 6 7 10 4 6 6 9 2 
481.5 ; 8.433e-10 ; True ; 1 19 24 108 152 176 315 373 466 467 518 527 587 609 656 695 735 751  ; 6 1 4 15 9 8 6 6 7 6 10 5 7 6 9 2 
482.7 ; 8.57e-10 ; True ; 1 19 24 108 152 176 249 315 373 466 467 518 527 587 609 695 735 833  ; 6 1 4 15 10 8 6 6 7 7 10 5 6 6 9 2 
482.7 ; 8.829e-10 ; True ; 1 19 24 108 152 176 249 315 373 466 467 518 527 587 609 656 695 735  ; 5 1 4 14 9 8 6 6 7 7 10 5 7 6 9 2 
487.7 ; 8.834e-10 ; True ; 1 19 24 108 152 176 249 315 373 467 518 527 587 609 656 695 735 863  ; 5 1 5 13 9 7 6 7 7 6 9 5 6 7 8 2 
488.9 ; 8.939e-10 ; True ; 1 19 24 108 152 176 315 373 466 467 518 527 587 609 656 695 735 863  ; 5 1 5 14 8 7 6 7 6 6 9 5 7 7 8 2 
503 ; 9.36e-10 ; True ; 1 19 24 108 152 176 249 315 373 467 518 527 587 609 656 695 735 849  ; 6 1 4 14 10 8 6 6 7 7 9 5 7 6 9 2 
511.9 ; 1.087e-09 ; True ; 1 19 24 108 152 176 229 315 373 466 467 518 527 587 609 610 695 735 863  ; 5 1 6 16 9 7 7 7 7 6 10 4 6 7 9 2 
517.2 ; 1.142e-09 ; True ; 1 19 24 108 152 176 249 315 373 466 467 518 527 587 609 610 695 735 863  ; 5 1 6 15 9 8 6 7 7 7 11 4 6 6 10 2 
526.6 ; 1.212e-09 ; True ; 1 19 24 108 152 176 229 249 315 373 466 467 518 527 587 609 656 695 735  ; 5 1 4 15 10 8 7 6 8 7 10 5 7 7 9 2 
537.9 ; 1.345e-09 ; True ; 1 19 24 108 152 176 249 315 373 466 467 518 527 587 609 656 695 735 863  ; 5 1 5 14 9 8 6 7 7 7 10 5 7 7 9 2 
554.2 ; 1.345e-09 ; True ; 1 19 24 108 152 176 249 315 373 466 467 518 527 587 609 695 735 750 863  ; 5 1 5 15 9 8 6 7 7 7 10 5 7 7 9 2 
559.9 ; 1.351e-09 ; True ; 1 19 24 108 152 176 249 315 373 422 467 518 527 587 609 695 735 750 863  ; 6 1 5 15 9 8 6 8 8 6 10 5 6 7 9 2 
560.6 ; 1.421e-09 ; True ; 1 19 24 108 152 176 315 373 466 467 518 527 587 609 656 695 735 849 863  ; 6 1 5 15 9 8 6 7 6 7 9 5 8 7 9 2 
561.6 ; 1.426e-09 ; True ; 1 19 24 108 152 176 249 315 373 466 467 527 587 609 656 695 735 849 863  ; 6 1 5 14 10 8 6 7 7 7 9 5 7 7 9 2 
569.5 ; 1.45e-09 ; True ; 1 19 24 108 152 176 315 373 422 466 467 527 587 609 656 695 735 849 863  ; 7 1 5 15 9 8 6 8 7 6 9 5 7 7 9 2 
576.7 ; 1.495e-09 ; True ; 1 19 24 108 152 176 249 315 373 466 467 518 527 587 609 610 656 660 695 863  ; 5 1 5 15 9 7 6 6 8 7 10 6 7 8 9 2 
584.5 ; 1.738e-09 ; True ; 1 19 24 108 152 176 229 315 373 466 467 518 527 587 609 610 695 735 849 863  ; 6 1 6 17 10 8 7 7 7 7 10 4 7 7 10 2 
591.7 ; 1.765e-09 ; True ; 1 19 24 108 152 176 229 249 315 373 466 467 518 527 587 609 695 735 849 863  ; 6 1 5 16 11 9 7 7 7 8 10 4 7 7 10 2 
601.1 ; 1.841e-09 ; True ; 1 19 24 108 152 176 249 315 373 466 467 518 527 587 609 610 695 735 750 863  ; 5 1 6 16 9 8 6 7 8 7 11 5 7 7 10 2 
607.2 ; 1.862e-09 ; True ; 1 19 24 108 152 176 229 293 315 373 466 467 518 527 587 609 695 735 849 863  ; 6 1 5 16 11 8 7 7 6 7 9 4 7 7 9 3 
608.3 ; 1.876e-09 ; True ; 1 19 24 108 152 176 293 315 373 422 467 518 527 587 609 610 695 735 849 863  ; 7 1 6 16 10 8 6 8 7 6 10 4 6 6 10 3 
608.3 ; 1.951e-09 ; True ; 1 19 24 108 152 176 229 315 373 466 467 518 527 587 609 656 695 735 849 863  ; 6 1 5 16 10 8 7 7 7 7 9 5 8 8 9 2 
615.9 ; 1.964e-09 ; True ; 1 19 24 108 152 176 249 315 373 466 467 518 527 587 609 656 695 735 785 863  ; 5 1 6 15 9 8 6 8 7 7 10 6 7 7 9 2 
640.3 ; 2.031e-09 ; True ; 1 19 24 108 152 176 229 315 373 466 467 518 527 587 609 695 735 839 849 863  ; 6 1 6 16 10 8 7 8 6 7 10 5 7 7 10 2 
646.7 ; 2.083e-09 ; True ; 1 19 24 108 152 176 249 315 373 422 467 518 527 587 609 656 695 735 750 849  ; 7 1 4 16 10 9 6 7 9 7 10 6 8 7 10 2 
648.5 ; 2.134e-09 ; True ; 1 19 24 108 152 176 249 315 373 422 466 467 518 527 587 609 656 695 839 863  ; 6 1 5 14 9 8 6 8 8 7 11 6 7 7 10 2 
649.7 ; 2.248e-09 ; True ; 1 19 24 108 152 176 249 315 373 422 466 467 483 527 587 609 656 695 735 863  ; 6 1 5 15 10 9 7 8 9 7 10 6 6 7 9 2 
663 ; 2.328e-09 ; True ; 1 19 24 108 152 176 229 293 315 373 466 467 518 527 552 587 609 610 695 735 849  ; 7 1 5 18 12 9 7 6 7 7 10 4 8 6 11 3 
664.5 ; 2.623e-09 ; True ; 1 19 24 65 108 152 176 229 293 315 373 466 467 518 527 587 609 610 695 735 849  ; 6 1 5 17 11 8 7 7 7 7 10 5 7 7 10 3 
686.9 ; 2.63e-09 ; True ; 1 19 24 108 152 176 229 293 315 373 422 467 518 527 587 609 695 735 849 850 863  ; 7 1 5 17 11 8 8 8 7 6 9 5 6 8 9 3 
694.1 ; 2.859e-09 ; True ; 1 19 24 108 152 176 249 293 315 373 422 467 518 527 587 609 695 735 849 850 863  ; 7 1 5 16 11 9 7 8 7 7 10 5 6 7 10 3 
712.5 ; 2.878e-09 ; True ; 1 19 24 108 152 176 249 315 373 466 467 527 553 587 609 610 656 695 735 839 849  ; 6 1 6 16 11 8 7 7 9 7 11 6 7 7 11 2 
714.3 ; 3.024e-09 ; True ; 1 19 24 108 152 176 293 315 373 422 466 467 518 527 587 609 656 695 735 849 850  ; 7 1 4 17 10 9 7 7 7 7 10 6 8 7 10 3 
725.3 ; 3.196e-09 ; True ; 1 19 24 108 152 176 249 315 373 467 483 518 527 587 609 610 695 735 750 849 863  ; 6 1 6 17 11 9 7 7 9 8 10 6 7 7 10 2 
750.9 ; 3.534e-09 ; True ; 1 19 24 29 108 152 229 249 293 315 373 467 483 518 527 587 609 695 735 750 863  ; 6 1 5 16 12 8 7 8 9 7 10 5 7 8 9 3 
755.2 ; 3.577e-09 ; True ; 1 19 24 29 108 152 249 293 315 373 422 467 483 518 527 609 610 656 695 735 849  ; 7 1 5 16 12 10 6 8 10 7 11 5 7 6 11 3 
773.9 ; 3.648e-09 ; True ; 1 19 24 108 152 176 229 249 315 373 422 439 467 518 527 531 587 609 695 735 750 849  ; 7 1 5 18 12 9 9 7 10 7 10 7 7 7 10 2 
787.8 ; 3.97e-09 ; True ; 1 19 24 108 152 249 293 315 373 422 467 527 531 587 609 610 656 695 735 849 850 863  ; 7 1 6 16 11 8 7 8 9 6 10 6 6 8 10 3 
812 ; 4.224e-09 ; True ; 1 19 24 108 152 229 249 315 373 422 466 467 518 527 587 609 656 695 735 839 849 850  ; 7 1 5 17 10 10 7 8 8 8 12 6 8 8 12 2 
835.4 ; 4.44e-09 ; True ; 1 19 24 108 152 176 229 249 315 373 399 466 467 518 527 587 609 656 695 735 750 785 863  ; 6 1 6 18 10 9 7 8 9 7 11 7 8 9 9 2 
840.1 ; 5.075e-09 ; True ; 1 19 24 29 108 152 176 229 315 373 466 467 495 518 527 587 609 610 695 735 839 849 863  ; 7 1 7 18 11 8 8 9 8 7 12 6 8 7 12 2 
880.7 ; 5.344e-09 ; True ; 1 19 24 108 111 152 176 293 315 373 422 466 467 518 527 553 587 609 656 695 735 839 849  ; 8 1 5 17 11 10 7 8 8 7 12 6 8 7 11 3 
881.8 ; 5.556e-09 ; True ; 1 19 24 29 108 152 176 229 249 315 373 422 466 467 518 527 609 695 735 785 839 849 863  ; 7 1 7 18 12 10 7 11 9 7 12 6 7 7 12 2 
936.9 ; 6.198e-09 ; True ; 1 19 24 108 152 176 229 293 315 373 422 466 467 518 527 587 609 611 656 695 735 750 849 850  ; 8 1 4 20 12 9 8 7 9 7 11 7 9 9 11 3 
938.7 ; 7.518e-09 ; True ; 1 19 24 108 152 162 176 229 293 315 373 466 467 518 527 587 609 656 695 735 750 849 850 863  ; 7 1 5 19 12 9 8 7 8 8 10 7 9 10 10 3 
1070 ; 7.565e-09 ; True ; 1 19 29 108 152 176 229 249 297 315 373 422 439 467 518 527 587 609 681 695 735 750 818 849 863  ; 9 1 5 19 13 8 10 9 11 7 11 8 9 8 10 2 
1099 ; 8.264e-09 ; True ; 1 19 24 29 67 108 152 176 293 315 373 422 466 483 518 527 587 609 695 735 749 839 849 863  ; 8 1 5 18 12 10 7 9 9 9 11 7 8 7 11 3 
1117 ; 9.142e-09 ; True ; 1 19 24 108 145 152 229 249 293 315 329 373 380 422 467 518 527 609 656 695 711 735 839 849 863  ; 7 1 6 17 14 11 8 10 10 7 11 5 8 9 11 3 
1207 ; 1.181e-08 ; True ; 1 19 24 108 145 152 229 249 293 315 329 373 380 422 467 518 527 531 609 656 695 711 735 839 849 863  ; 7 1 6 18 15 11 9 10 11 7 11 6 8 9 11 3 


RUN 3:
Optimum Distance: 22.67
Optimal Team: 1,152,373,695,
Required Skills: 0 1 4 5 9 10 11 12 14 15 16 18 22 23 24 26 
Distance; Skill Score; isValid; Team; Skill Counts
22.67 ; 2.278e-17 ; True ; 1 152 373 695  ; 2 1 1 3 2 1 1 2 1 1 2 1 1 1 2 1 
24.56 ; 3.252e-17 ; True ; 1 152 373 527  ; 1 1 1 3 2 2 1 2 1 1 3 1 1 1 2 1 
33.45 ; 2.699e-16 ; True ; 1 152 315 373 695  ; 3 1 1 3 3 1 2 2 2 1 2 1 1 2 2 1 
34.47 ; 2.765e-16 ; True ; 1 152 162 373 695  ; 3 1 1 4 3 2 1 2 1 2 3 1 1 1 3 1 
34.48 ; 3.009e-16 ; True ; 1 152 373 422 695  ; 3 1 1 4 2 2 1 3 2 1 3 1 1 1 3 1 
35.31 ; 4.06e-16 ; True ; 1 152 373 609 695  ; 2 1 1 4 3 1 1 2 2 2 2 1 2 2 2 1 
37.31 ; 5.112e-16 ; True ; 1 152 315 373 527  ; 2 1 1 3 3 2 2 2 2 1 3 1 1 2 2 1 
38.26 ; 6.831e-16 ; True ; 1 29 152 373 527  ; 2 1 1 4 3 2 1 3 2 1 4 1 2 1 3 1 
39.43 ; 1.909e-15 ; True ; 1 152 373 527 695  ; 2 1 1 4 3 2 2 2 2 1 3 2 2 2 2 1 
47.01 ; 2.636e-15 ; True ; 1 119 152 162 373 695  ; 3 1 1 5 3 3 2 2 2 2 3 2 1 1 3 1 
49.11 ; 3.27e-15 ; True ; 1 152 162 373 609 695  ; 3 1 1 5 4 2 1 2 2 3 3 1 2 2 3 1 
49.12 ; 3.961e-15 ; True ; 1 152 373 422 609 695  ; 3 1 1 5 3 2 1 3 3 2 3 1 2 2 3 1 
52.8 ; 4.643e-15 ; True ; 1 24 152 373 609 695  ; 2 1 2 5 4 2 1 3 2 2 3 1 2 2 3 1 
52.96 ; 5.195e-15 ; True ; 1 29 152 373 527 849  ; 3 1 1 5 4 3 1 3 2 2 4 1 3 1 4 1 
53.16 ; 5.208e-15 ; True ; 1 19 29 373 527 849  ; 2 1 1 5 4 2 2 3 2 3 3 1 3 1 3 1 
53.17 ; 8.602e-15 ; True ; 1 152 315 373 527 695  ; 3 1 1 4 4 2 3 2 3 1 3 2 2 3 2 1 
55.08 ; 9.033e-15 ; True ; 1 152 373 527 610 695  ; 2 1 2 5 3 2 2 2 3 1 4 2 2 2 3 1 
55.15 ; 1.248e-14 ; True ; 1 152 373 422 527 695  ; 3 1 1 5 3 3 2 3 3 1 4 2 2 2 3 1 
56 ; 1.373e-14 ; True ; 1 152 162 373 527 695  ; 3 1 1 5 4 3 2 2 2 2 4 2 2 2 3 1 
57.04 ; 1.506e-14 ; True ; 1 29 152 373 527 695  ; 3 1 1 5 4 2 2 3 3 1 4 2 3 2 3 1 
57.11 ; 1.629e-14 ; True ; 1 152 373 527 695 849  ; 3 1 1 5 4 3 2 2 2 2 3 2 3 2 3 1 
61.98 ; 1.689e-14 ; True ; 1 19 162 373 422 609 695  ; 3 1 1 6 4 2 2 3 3 4 3 1 2 2 3 1 
63.69 ; 1.732e-14 ; True ; 1 152 373 483 527 695  ; 2 1 1 5 4 3 3 2 3 2 3 3 2 2 2 1 
63.94 ; 1.823e-14 ; True ; 1 152 162 176 373 609 695  ; 3 1 1 6 5 2 2 2 3 3 3 2 2 2 3 1 
63.95 ; 2.073e-14 ; True ; 1 152 176 373 422 609 695  ; 3 1 1 6 4 2 2 3 4 2 3 2 2 2 3 1 
64.01 ; 2.329e-14 ; True ; 1 119 152 162 373 609 695  ; 3 1 1 6 4 3 2 2 3 3 3 2 2 2 3 1 
64.56 ; 2.511e-14 ; True ; 1 119 152 373 422 609 695  ; 3 1 1 6 3 3 2 3 4 2 3 2 2 2 3 1 
67.56 ; 2.588e-14 ; True ; 1 24 152 176 373 609 695  ; 2 1 2 6 5 2 2 3 3 2 3 2 2 2 3 1 
68.38 ; 2.643e-14 ; True ; 1 24 152 315 373 609 695  ; 3 1 2 5 5 2 2 3 3 2 3 1 2 3 3 1 
68.49 ; 2.801e-14 ; True ; 1 119 152 373 467 609 695  ; 3 1 2 6 3 2 2 3 3 2 3 2 2 2 3 1 
68.76 ; 2.806e-14 ; True ; 1 162 293 373 422 527 695  ; 3 1 1 5 4 3 2 3 3 2 4 2 2 2 3 1 
68.96 ; 3.063e-14 ; True ; 1 152 315 373 527 695 863  ; 3 1 2 4 4 2 3 3 3 1 3 2 2 4 2 1 
69 ; 3.336e-14 ; True ; 1 19 315 373 467 527 695  ; 3 1 2 5 4 1 4 3 3 2 3 2 2 3 2 1 
70.05 ; 3.977e-14 ; True ; 1 19 315 373 422 527 695  ; 3 1 1 5 4 2 4 3 4 2 3 2 2 3 2 1 
70.84 ; 4.985e-14 ; True ; 1 152 315 373 467 527 695  ; 4 1 2 5 4 2 3 3 3 1 4 2 2 3 3 1 
72.59 ; 5.952e-14 ; True ; 1 152 162 373 422 527 695  ; 4 1 1 6 4 4 2 3 3 2 5 2 2 2 4 1 
72.69 ; 5.988e-14 ; True ; 1 19 162 373 422 527 695  ; 3 1 1 6 4 3 3 3 3 3 4 2 2 2 3 1 
73.73 ; 7.366e-14 ; True ; 1 152 373 422 527 609 695  ; 3 1 1 6 4 3 2 3 4 2 4 2 3 3 3 1 
74.64 ; 8.218e-14 ; True ; 1 152 373 467 527 609 695  ; 3 1 2 6 4 2 2 3 3 2 4 2 3 3 3 1 
75.68 ; 8.575e-14 ; True ; 1 29 152 373 527 695 849  ; 4 1 1 6 5 3 2 3 3 2 4 2 4 2 4 1 
77.46 ; 9.197e-14 ; True ; 1 24 152 373 527 609 695  ; 2 1 2 6 5 3 2 3 3 2 4 2 3 3 3 1 
79.55 ; 9.347e-14 ; True ; 1 24 152 373 527 695 849  ; 3 1 2 6 5 4 2 3 2 2 4 2 3 2 4 1 
79.58 ; 9.541e-14 ; True ; 1 119 152 162 373 422 609 695  ; 4 1 1 7 4 4 2 3 4 3 4 2 2 2 4 1 
84.15 ; 9.544e-14 ; True ; 1 24 152 176 315 373 609 695  ; 3 1 2 6 6 2 3 3 4 2 3 2 2 3 3 1 
84.62 ; 9.649e-14 ; True ; 1 19 119 373 422 467 609 695  ; 3 1 2 7 3 2 3 4 4 3 3 2 2 2 3 1 
85.25 ; 1.06e-13 ; True ; 1 24 152 176 315 373 518 695  ; 3 1 2 6 5 3 3 3 3 2 4 2 2 2 4 1 
85.28 ; 1.118e-13 ; True ; 1 152 373 467 483 527 695  ; 3 1 2 6 4 3 3 3 3 2 4 3 2 2 3 1 
85.6 ; 1.195e-13 ; True ; 1 119 152 162 373 467 609 695  ; 4 1 2 7 4 3 2 3 3 3 4 2 2 2 4 1 
86.87 ; 1.26e-13 ; True ; 1 19 315 373 422 527 695 863  ; 3 1 2 5 4 2 4 4 4 2 3 2 2 4 2 1 
88.69 ; 1.394e-13 ; True ; 1 19 315 373 422 527 609 695  ; 3 1 1 6 5 2 4 3 5 3 3 2 3 4 2 1 
89.5 ; 1.564e-13 ; True ; 1 19 315 373 422 527 610 695  ; 3 1 2 6 4 2 4 3 5 2 4 2 2 3 3 1 
90.42 ; 1.807e-13 ; True ; 1 19 162 315 373 422 527 695  ; 4 1 1 6 5 3 4 3 4 3 4 2 2 3 3 1 
90.6 ; 2.039e-13 ; True ; 1 19 315 373 422 467 527 695  ; 4 1 2 6 4 2 4 4 4 2 4 2 2 3 3 1 
91.27 ; 2.139e-13 ; True ; 1 19 24 315 373 467 527 695  ; 3 1 3 6 5 2 4 4 3 2 4 2 2 3 3 1 
91.34 ; 2.231e-13 ; True ; 1 19 162 373 422 527 609 695  ; 3 1 1 7 5 3 3 3 4 4 4 2 3 3 3 1 
91.53 ; 2.252e-13 ; True ; 1 19 315 373 467 518 527 695  ; 3 1 2 6 4 2 4 3 3 3 4 2 3 3 3 1 
92.24 ; 2.482e-13 ; True ; 1 152 315 373 467 527 609 695  ; 4 1 2 6 5 2 3 3 4 2 4 2 3 4 3 1 
93.17 ; 2.494e-13 ; True ; 1 152 162 373 422 527 609 695  ; 4 1 1 7 5 4 2 3 4 3 5 2 3 3 4 1 
93.3 ; 2.52e-13 ; True ; 1 19 24 315 373 518 527 695  ; 2 1 2 6 5 3 4 3 3 3 4 2 3 3 3 1 
93.4 ; 2.831e-13 ; True ; 1 19 373 422 467 527 609 695  ; 3 1 2 7 4 2 3 4 4 3 4 2 3 3 3 1 
95.31 ; 3.159e-13 ; True ; 1 152 373 422 467 527 609 695  ; 4 1 2 7 4 3 2 4 4 2 5 2 3 3 4 1 
96.06 ; 3.168e-13 ; True ; 1 19 24 373 422 527 609 695  ; 2 1 2 7 5 3 3 4 4 3 4 2 3 3 3 1 
98.01 ; 3.314e-13 ; True ; 1 24 152 373 467 527 609 695  ; 3 1 3 7 5 3 2 4 3 2 5 2 3 3 4 1 
98.98 ; 3.527e-13 ; True ; 1 24 152 373 422 527 609 695  ; 3 1 2 7 5 4 2 4 4 2 5 2 3 3 4 1 
101.1 ; 4.007e-13 ; True ; 1 19 24 29 373 527 695 849  ; 3 1 2 7 6 3 3 4 3 3 4 2 4 2 4 1 
106.1 ; 4.084e-13 ; True ; 1 19 24 119 162 373 422 609 695  ; 3 1 2 8 5 4 3 4 4 4 4 2 2 2 4 1 
106.8 ; 4.123e-13 ; True ; 1 19 24 152 373 527 609 695  ; 2 1 2 7 6 3 3 3 3 3 4 2 3 3 3 2 
107.6 ; 4.31e-13 ; True ; 1 24 152 176 315 373 518 609 695  ; 3 1 2 7 6 3 3 3 4 3 4 2 3 3 4 1 
108.4 ; 4.456e-13 ; True ; 1 19 176 315 373 422 467 527 695  ; 4 1 2 7 5 2 5 4 5 2 4 3 2 3 3 1 
109 ; 4.831e-13 ; True ; 1 19 24 176 315 373 467 527 695  ; 3 1 3 7 6 2 5 4 4 2 4 3 2 3 3 1 
109.3 ; 5.242e-13 ; True ; 1 19 176 315 373 467 518 527 695  ; 3 1 2 7 5 2 5 3 4 3 4 3 3 3 3 1 
110 ; 5.278e-13 ; True ; 1 19 121 315 373 467 527 609 695  ; 3 1 2 7 6 2 4 4 4 3 4 2 3 4 3 1 
110.2 ; 5.723e-13 ; True ; 1 19 162 315 373 422 527 695 863  ; 4 1 2 6 5 3 4 4 4 3 4 2 2 4 3 1 
111.6 ; 5.727e-13 ; True ; 1 152 176 315 373 467 527 587 695  ; 5 1 2 7 5 2 4 3 4 2 5 3 3 3 4 1 
111.9 ; 5.944e-13 ; True ; 1 19 162 315 373 422 527 610 695  ; 4 1 2 7 5 3 4 3 5 3 5 2 2 3 4 1 
112.1 ; 7.137e-13 ; True ; 1 19 315 373 422 467 527 609 695  ; 4 1 2 7 5 2 4 4 5 3 4 2 3 4 3 1 
112.9 ; 7.332e-13 ; True ; 1 19 162 373 422 527 609 610 695  ; 3 1 2 8 5 3 3 3 5 4 5 2 3 3 4 1 
113.6 ; 7.737e-13 ; True ; 1 19 24 315 373 467 527 609 695  ; 3 1 3 7 6 2 4 4 4 3 4 2 3 4 3 1 
114.3 ; 7.873e-13 ; True ; 1 19 24 315 373 467 527 587 695  ; 4 1 3 7 5 2 4 4 3 3 5 2 3 3 4 1 
114.4 ; 8.254e-13 ; True ; 1 19 24 249 315 373 467 527 695  ; 3 1 3 6 6 3 4 4 4 3 5 2 2 3 4 1 
114.8 ; 9.079e-13 ; True ; 1 19 24 315 373 467 518 527 695  ; 3 1 3 7 5 3 4 4 3 3 5 2 3 3 4 1 
115.8 ; 9.56e-13 ; True ; 1 19 162 373 422 467 527 609 695  ; 4 1 2 8 5 3 3 4 4 4 5 2 3 3 4 1 
118.4 ; 9.708e-13 ; True ; 1 24 152 315 373 467 527 609 695  ; 4 1 3 7 6 3 3 4 4 2 5 2 3 4 4 1 
118.8 ; 9.918e-13 ; True ; 1 119 152 162 373 467 527 609 695  ; 4 1 2 8 5 4 3 3 4 3 5 3 3 3 4 1 
119.3 ; 1.036e-12 ; True ; 1 19 24 162 373 422 527 609 695  ; 3 1 2 8 6 4 3 4 4 4 5 2 3 3 4 1 
119.5 ; 1.07e-12 ; True ; 1 19 24 373 422 467 527 609 695  ; 3 1 3 8 5 3 3 5 4 3 5 2 3 3 4 1 
121 ; 1.073e-12 ; True ; 1 19 373 422 467 527 609 695 849  ; 4 1 2 8 5 3 3 4 4 4 4 2 4 3 4 1 
123.4 ; 1.184e-12 ; True ; 1 19 24 29 373 422 527 609 695  ; 3 1 2 8 6 3 3 5 5 3 5 2 4 3 4 1 
124.5 ; 1.184e-12 ; True ; 1 19 24 29 373 527 609 695 849  ; 3 1 2 8 7 3 3 4 4 4 4 2 5 3 4 1 
126.5 ; 1.209e-12 ; True ; 1 19 24 29 373 422 527 695 849  ; 4 1 2 8 6 4 3 5 4 3 5 2 4 2 5 1 
127.3 ; 1.245e-12 ; True ; 1 24 29 152 373 527 609 695 849  ; 4 1 2 8 7 4 2 4 4 3 5 2 5 3 5 1 
128.7 ; 1.459e-12 ; True ; 1 19 152 373 422 467 527 609 695  ; 4 1 2 8 5 3 3 4 4 3 5 2 3 3 4 2 
131.3 ; 1.484e-12 ; True ; 1 19 24 152 373 467 527 609 695  ; 3 1 3 8 6 3 3 4 3 3 5 2 3 3 4 2 
132.3 ; 1.58e-12 ; True ; 1 19 24 152 373 422 527 609 695  ; 3 1 2 8 6 4 3 4 4 3 5 2 3 3 4 2 
133.3 ; 1.609e-12 ; True ; 1 19 24 176 315 373 467 527 609 695  ; 3 1 3 8 7 2 5 4 5 3 4 3 3 4 3 1 
133.8 ; 1.621e-12 ; True ; 1 19 162 315 373 422 527 609 695 863  ; 4 1 2 7 6 3 4 4 5 4 4 2 3 5 3 1 
133.9 ; 1.777e-12 ; True ; 1 19 24 176 315 373 467 527 587 695  ; 4 1 3 8 6 2 5 4 4 3 5 3 3 3 4 1 
134.4 ; 2.049e-12 ; True ; 1 19 24 176 315 373 467 518 527 695  ; 3 1 3 8 6 3 5 4 4 3 5 3 3 3 4 1 
136.6 ; 2.159e-12 ; True ; 1 19 162 176 373 422 467 527 609 695  ; 4 1 2 9 6 3 4 4 5 4 5 3 3 3 4 1 
137.4 ; 2.201e-12 ; True ; 1 19 162 315 373 422 467 527 609 695  ; 5 1 2 8 6 3 4 4 5 4 5 2 3 4 4 1 
138.8 ; 2.388e-12 ; True ; 1 19 24 315 373 467 518 527 587 695  ; 4 1 3 8 5 3 4 4 3 4 6 2 4 3 5 1 
138.9 ; 2.51e-12 ; True ; 1 19 24 249 315 373 467 518 527 695  ; 3 1 3 7 6 4 4 4 4 4 6 2 3 3 5 1 
140.1 ; 2.594e-12 ; True ; 1 19 24 315 373 467 518 527 609 695  ; 3 1 3 8 6 3 4 4 4 4 5 2 4 4 4 1 
141 ; 2.617e-12 ; True ; 1 19 24 315 373 422 467 527 609 695  ; 4 1 3 8 6 3 4 5 5 3 5 2 3 4 4 1 
143.7 ; 2.653e-12 ; True ; 1 24 152 176 373 467 527 587 609 695  ; 4 1 3 9 6 3 3 4 4 3 6 3 4 3 5 1 
144.2 ; 2.726e-12 ; True ; 1 24 152 176 373 467 518 527 609 695  ; 3 1 3 9 6 4 3 4 4 3 6 3 4 3 5 1 
145.5 ; 2.782e-12 ; True ; 1 24 152 249 315 373 467 527 609 695  ; 4 1 3 7 7 4 3 4 5 3 6 2 3 4 5 1 
145.6 ; 2.815e-12 ; True ; 1 19 24 373 422 467 527 587 609 695  ; 4 1 3 9 5 3 3 5 4 4 6 2 4 3 5 1 
145.7 ; 2.825e-12 ; True ; 1 19 24 162 373 422 467 527 609 695  ; 4 1 3 9 6 4 3 5 4 4 6 2 3 3 5 1 
145.9 ; 2.951e-12 ; True ; 1 24 152 315 373 467 518 527 609 695  ; 4 1 3 8 6 4 3 4 4 3 6 2 4 4 5 1 
149.2 ; 3.001e-12 ; True ; 1 19 24 29 315 373 518 527 695 735  ; 3 1 3 8 6 4 4 5 4 3 6 2 4 3 5 1 
149.5 ; 3.006e-12 ; True ; 1 29 119 152 162 373 467 527 609 695  ; 5 1 2 9 6 4 3 4 5 3 6 3 4 3 5 1 
150 ; 3.048e-12 ; True ; 1 24 152 176 373 467 527 609 695 849  ; 4 1 3 9 7 4 3 4 4 3 5 3 4 3 5 1 
150.7 ; 3.107e-12 ; True ; 1 24 152 315 373 467 527 609 695 849  ; 5 1 3 8 7 4 3 4 4 3 5 2 4 4 5 1 
150.9 ; 3.294e-12 ; True ; 1 19 24 373 422 467 527 609 695 849  ; 4 1 3 9 6 4 3 5 4 4 5 2 4 3 5 1 
151.3 ; 3.295e-12 ; True ; 1 19 152 176 373 422 467 527 609 695  ; 4 1 2 9 6 3 4 4 5 3 5 3 3 3 4 2 
151.9 ; 3.355e-12 ; True ; 1 19 24 29 373 422 527 609 695 849  ; 4 1 2 9 7 4 3 5 5 4 5 2 5 3 5 1 
152.1 ; 3.359e-12 ; True ; 1 19 152 315 373 422 467 527 609 695  ; 5 1 2 8 6 3 4 4 5 3 5 2 3 4 4 2 
153.9 ; 3.507e-12 ; True ; 1 19 24 152 176 373 467 527 609 695  ; 3 1 3 9 7 3 4 4 4 3 5 3 3 3 4 2 
154.6 ; 3.797e-12 ; True ; 1 19 24 152 315 373 467 527 609 695  ; 4 1 3 8 7 3 4 4 4 3 5 2 3 4 4 2 
156.1 ; 3.866e-12 ; True ; 1 19 119 152 373 422 467 527 609 695  ; 4 1 2 9 5 4 4 4 5 3 5 3 3 3 4 2 
157.8 ; 4.064e-12 ; True ; 1 19 24 176 315 373 467 518 527 610 695  ; 3 1 4 9 6 3 5 4 5 3 6 3 3 3 5 1 
159.1 ; 4.4e-12 ; True ; 1 19 162 176 315 373 422 467 527 609 695  ; 5 1 2 9 7 3 5 4 6 4 5 3 3 4 4 1 
160.1 ; 4.629e-12 ; True ; 1 19 162 176 373 422 467 527 609 610 695  ; 4 1 3 10 6 3 4 4 6 4 6 3 3 3 5 1 
160.4 ; 5.39e-12 ; True ; 1 19 24 176 315 373 467 518 527 587 695  ; 4 1 3 9 6 3 5 4 4 4 6 3 4 3 5 1 
161.7 ; 5.395e-12 ; True ; 1 19 24 176 315 373 467 518 527 609 695  ; 3 1 3 9 7 3 5 4 5 4 5 3 4 4 4 1 
162.5 ; 5.538e-12 ; True ; 1 19 24 176 315 373 466 467 518 527 695  ; 3 1 3 9 6 4 5 4 4 4 6 3 4 3 5 1 
164.5 ; 5.809e-12 ; True ; 1 19 24 249 315 373 467 518 527 587 695  ; 4 1 3 8 6 4 4 4 4 5 7 2 4 3 6 1 
166.4 ; 5.811e-12 ; True ; 1 19 24 176 373 467 527 587 609 695 735  ; 3 1 4 10 6 3 4 5 4 4 6 3 4 3 5 1 
167 ; 5.999e-12 ; True ; 1 19 24 315 373 467 518 527 587 609 695  ; 4 1 3 9 6 3 4 4 4 5 6 2 5 4 5 1 
167.1 ; 6.197e-12 ; True ; 1 19 24 249 315 373 467 518 527 609 695  ; 3 1 3 8 7 4 4 4 5 5 6 2 4 4 5 1 
167.6 ; 6.465e-12 ; True ; 1 19 24 315 373 467 518 527 609 695 735  ; 3 1 4 9 6 4 4 5 4 4 6 2 4 4 5 1 
168.5 ; 6.543e-12 ; True ; 1 24 152 176 315 373 467 518 527 609 695  ; 4 1 3 9 7 4 4 4 5 3 6 3 4 4 5 1 
171.3 ; 7.072e-12 ; True ; 1 19 24 315 373 422 467 518 527 609 695  ; 4 1 3 9 6 4 4 5 5 4 6 2 4 4 5 1 
175.5 ; 7.302e-12 ; True ; 1 19 24 176 373 422 467 527 609 695 849  ; 4 1 3 10 7 4 4 5 5 4 5 3 4 3 5 1 
176.3 ; 7.446e-12 ; True ; 1 19 24 315 373 422 467 527 609 695 849  ; 5 1 3 9 7 4 4 5 5 4 5 2 4 4 5 1 
176.5 ; 7.459e-12 ; True ; 1 19 24 119 373 422 467 527 587 609 695  ; 4 1 3 10 5 4 4 5 5 4 6 3 4 3 5 1 
178.3 ; 7.804e-12 ; True ; 1 19 24 152 176 315 373 467 527 609 695  ; 4 1 3 9 8 3 5 4 5 3 5 3 3 4 4 2 
179.5 ; 8.105e-12 ; True ; 1 19 24 152 176 315 373 467 518 527 695  ; 4 1 3 9 7 4 5 4 4 3 6 3 3 3 5 2 
181.5 ; 8.186e-12 ; True ; 1 19 24 29 315 373 527 609 695 735 849  ; 4 1 3 9 8 4 4 5 5 4 5 2 5 4 5 1 
181.8 ; 8.201e-12 ; True ; 1 19 24 119 373 422 467 527 609 695 849  ; 4 1 3 10 6 5 4 5 5 4 5 3 4 3 5 1 
183 ; 8.287e-12 ; True ; 1 19 119 152 373 422 467 527 609 610 695  ; 4 1 3 10 5 4 4 4 6 3 6 3 3 3 5 2 
183.5 ; 8.55e-12 ; True ; 1 19 24 108 249 373 467 527 587 609 695  ; 3 1 3 9 6 4 4 5 4 5 6 3 4 4 5 1 
183.9 ; 9.222e-12 ; True ; 1 19 24 152 176 373 467 527 587 609 695  ; 4 1 3 10 7 3 4 4 4 4 6 3 4 3 5 2 
184.3 ; 9.558e-12 ; True ; 1 19 24 152 176 373 422 467 527 609 695  ; 4 1 3 10 7 4 4 5 5 3 6 3 3 3 5 2 
185.7 ; 9.56e-12 ; True ; 1 19 24 152 249 315 373 467 527 609 695  ; 4 1 3 8 8 4 4 4 5 4 6 2 3 4 5 2 
185.7 ; 1.003e-11 ; True ; 1 19 24 176 315 373 467 518 527 587 610 695  ; 4 1 4 10 6 3 5 4 5 4 7 3 4 3 6 1 
186 ; 1.026e-11 ; True ; 1 19 24 152 315 373 467 518 527 609 695  ; 4 1 3 9 7 4 4 4 4 4 6 2 4 4 5 2 
187 ; 1.145e-11 ; True ; 19 24 176 249 315 373 467 518 527 587 695 735  ; 4 1 3 9 7 5 5 4 5 4 7 3 4 3 6 1 
188 ; 1.147e-11 ; True ; 1 19 24 176 249 315 373 467 518 527 695 735  ; 3 1 4 9 7 5 5 5 5 4 7 3 3 3 6 1 
188 ; 1.208e-11 ; True ; 1 19 24 176 249 315 373 467 518 527 587 695  ; 4 1 3 9 7 4 5 4 5 5 7 3 4 3 6 1 
188.8 ; 1.26e-11 ; True ; 1 19 24 176 315 373 467 518 527 587 695 735  ; 4 1 4 10 6 4 5 5 4 4 7 3 4 3 6 1 
191.2 ; 1.344e-11 ; True ; 1 19 24 176 315 373 467 518 527 609 695 735  ; 3 1 4 10 7 4 5 5 5 4 6 3 4 4 5 1 
194.9 ; 1.413e-11 ; True ; 1 19 24 176 315 373 422 467 518 527 609 695  ; 4 1 3 10 7 4 5 5 6 4 6 3 4 4 5 1 
198.3 ; 1.426e-11 ; True ; 1 24 152 176 315 373 467 518 527 587 609 695  ; 5 1 3 10 7 4 4 4 5 4 7 3 5 4 6 1 
198.9 ; 1.437e-11 ; True ; 1 24 152 176 315 373 467 518 527 609 695 735  ; 4 1 4 10 7 5 4 5 5 3 7 3 4 4 6 1 
199.6 ; 1.462e-11 ; True ; 1 24 152 176 315 373 466 467 518 527 609 695  ; 4 1 3 10 7 5 4 4 5 4 7 3 5 4 6 1 
201.9 ; 1.471e-11 ; True ; 1 19 24 176 315 373 422 467 527 609 695 849  ; 5 1 3 10 8 4 5 5 6 4 5 3 4 4 5 1 
202.1 ; 1.486e-11 ; True ; 1 19 24 176 315 373 467 527 609 695 735 849  ; 4 1 4 10 8 4 5 5 5 4 5 3 4 4 5 1 
202.7 ; 1.496e-11 ; True ; 1 19 24 315 373 467 518 527 587 695 735 833  ; 5 1 4 10 6 4 4 5 4 4 7 3 4 4 6 1 
203.7 ; 1.548e-11 ; True ; 1 19 24 119 315 373 422 467 527 587 609 695  ; 5 1 3 10 6 4 5 5 6 4 6 3 4 4 5 1 
204.9 ; 1.564e-11 ; True ; 1 19 24 119 315 373 467 527 587 609 695 735  ; 4 1 4 10 6 4 5 5 5 4 6 3 4 4 5 1 
205.7 ; 1.587e-11 ; True ; 1 19 24 119 315 373 422 467 518 527 609 695  ; 4 1 3 10 6 5 5 5 6 4 6 3 4 4 5 1 
206.3 ; 1.591e-11 ; True ; 1 19 24 315 373 467 518 527 609 695 735 833  ; 4 1 4 10 7 4 4 5 5 4 6 3 4 5 5 1 
207.7 ; 1.634e-11 ; True ; 1 19 24 315 373 422 467 518 527 609 685 695  ; 4 1 4 10 7 4 4 5 5 4 6 3 5 4 5 1 
208.8 ; 1.742e-11 ; True ; 1 19 24 108 249 315 373 467 518 527 587 695  ; 4 1 3 9 6 5 5 5 4 5 7 3 4 4 6 1 
210.3 ; 1.883e-11 ; True ; 1 19 24 152 176 315 373 467 518 527 587 695  ; 5 1 3 10 7 4 5 4 4 4 7 3 4 3 6 2 
211.1 ; 1.933e-11 ; True ; 1 19 24 152 176 315 373 467 527 587 609 695  ; 5 1 3 10 8 3 5 4 5 4 6 3 4 4 5 2 
211.6 ; 2.109e-11 ; True ; 1 19 24 152 176 315 373 467 518 527 609 695  ; 4 1 3 10 8 4 5 4 5 4 6 3 4 4 5 2 
216.5 ; 2.156e-11 ; True ; 1 19 24 152 176 373 467 527 587 609 695 735  ; 4 1 4 11 7 4 4 5 4 4 7 3 4 3 6 2 
217.3 ; 2.221e-11 ; True ; 1 19 24 152 176 373 422 467 527 587 609 695  ; 5 1 3 11 7 4 4 5 5 4 7 3 4 3 6 2 
217.4 ; 2.54e-11 ; True ; 1 19 24 176 249 315 373 467 518 527 587 695 735  ; 4 1 4 10 7 5 5 5 5 5 8 3 4 3 7 1 
221.1 ; 2.689e-11 ; True ; 1 19 24 176 249 315 373 467 518 527 609 695 735  ; 3 1 4 10 8 5 5 5 6 5 7 3 4 4 6 1 
222 ; 2.916e-11 ; True ; 1 19 24 176 315 373 467 518 527 587 609 695 735  ; 4 1 4 11 7 4 5 5 5 5 7 3 5 4 6 1 
228.3 ; 2.982e-11 ; True ; 1 19 24 176 315 373 422 467 518 527 609 695 735  ; 4 1 4 11 7 5 5 6 6 4 7 3 4 4 6 1 
230.7 ; 2.998e-11 ; True ; 1 24 152 176 315 373 467 518 527 587 609 695 735  ; 5 1 4 11 7 5 4 5 5 4 8 3 5 4 7 1 
234.4 ; 3.024e-11 ; True ; 1 19 24 176 373 467 518 527 587 609 695 735 833  ; 4 1 4 12 7 4 4 5 5 5 7 4 5 4 6 1 
235 ; 3.026e-11 ; True ; 1 19 24 176 249 315 373 467 527 609 695 735 849  ; 4 1 4 10 9 5 5 5 6 5 6 3 4 4 6 1 
235.2 ; 3.198e-11 ; True ; 1 19 24 29 176 315 373 467 518 527 609 695 735  ; 4 1 4 11 8 4 5 6 6 4 7 3 5 4 6 1 
237.2 ; 3.275e-11 ; True ; 1 19 24 119 315 373 467 518 527 587 609 695 735  ; 4 1 4 11 6 5 5 5 5 5 7 3 5 4 6 1 
239.6 ; 3.354e-11 ; True ; 1 19 24 152 176 315 373 467 518 527 587 610 695  ; 5 1 4 11 7 4 5 4 5 4 8 3 4 3 7 2 
240.2 ; 3.385e-11 ; True ; 1 19 24 108 249 315 373 467 518 527 587 695 735  ; 4 1 4 10 6 6 5 6 4 5 8 3 4 4 7 1 
240.3 ; 3.456e-11 ; True ; 1 19 24 152 176 315 373 467 527 587 609 610 695  ; 5 1 4 11 8 3 5 4 6 4 7 3 4 4 6 2 
240.9 ; 3.77e-11 ; True ; 1 19 24 152 176 315 373 467 518 527 609 610 695  ; 4 1 4 11 8 4 5 4 6 4 7 3 4 4 6 2 
243.7 ; 3.96e-11 ; True ; 1 19 24 152 176 315 373 467 518 527 587 695 735  ; 5 1 4 11 7 5 5 5 4 4 8 3 4 3 7 2 
245.4 ; 4.308e-11 ; True ; 1 19 24 152 176 315 373 467 518 527 587 609 695  ; 5 1 3 11 8 4 5 4 5 5 7 3 5 4 6 2 
246 ; 4.632e-11 ; True ; 1 19 24 152 176 315 373 467 518 527 609 695 735  ; 4 1 4 11 8 5 5 5 5 4 7 3 4 4 6 2 
251.1 ; 4.681e-11 ; True ; 1 19 24 176 315 373 467 518 527 587 609 610 695 735  ; 4 1 5 12 7 4 5 5 6 5 8 3 5 4 7 1 
253.5 ; 5.362e-11 ; True ; 1 19 24 176 249 315 373 467 518 527 587 609 695 735  ; 4 1 4 11 8 5 5 5 6 6 8 3 5 4 7 1 
255.7 ; 5.39e-11 ; True ; 1 19 24 176 315 373 466 467 518 527 587 609 695 735  ; 4 1 4 12 7 5 5 5 5 6 8 3 6 4 7 1 
261.5 ; 5.422e-11 ; True ; 1 19 24 176 249 315 373 422 467 527 587 609 695 735  ; 5 1 4 11 8 5 5 6 7 5 8 3 4 4 7 1 
262.1 ; 5.832e-11 ; True ; 1 19 24 176 315 373 422 467 518 527 587 609 695 735  ; 5 1 4 12 7 5 5 6 6 5 8 3 5 4 7 1 
267 ; 5.953e-11 ; True ; 1 19 24 176 293 315 373 467 518 527 587 609 695 735  ; 4 1 4 11 8 4 5 5 5 5 7 3 5 4 6 2 
268.6 ; 6.019e-11 ; True ; 1 19 24 108 176 249 315 373 467 518 527 587 695 735  ; 4 1 4 11 7 6 6 6 5 5 8 4 4 4 7 1 
271.5 ; 6.038e-11 ; True ; 1 19 24 108 152 315 373 422 467 518 527 609 695  ; 5 1 3 11 7 6 5 6 5 4 7 3 4 5 6 2 
272.3 ; 6.136e-11 ; True ; 1 19 24 108 176 249 315 373 467 518 527 587 609 695  ; 4 1 3 11 8 5 6 5 6 6 7 4 5 5 6 1 
273.1 ; 6.741e-11 ; True ; 1 19 24 108 176 315 373 467 518 527 587 609 695 735  ; 4 1 4 12 7 5 6 6 5 5 7 4 5 5 6 1 
276.5 ; 6.845e-11 ; True ; 1 19 24 152 176 229 315 373 467 518 527 587 609 695  ; 5 1 3 12 9 4 6 4 6 5 7 3 5 5 6 2 
276.6 ; 7.373e-11 ; True ; 1 19 24 152 176 315 373 467 518 527 587 609 610 695  ; 5 1 4 12 8 4 5 4 6 5 8 3 5 4 7 2 
277.3 ; 7.434e-11 ; True ; 1 19 24 152 176 315 373 467 518 527 609 610 695 735  ; 4 1 5 12 8 5 5 5 6 4 8 3 4 4 7 2 
278.8 ; 7.558e-11 ; True ; 1 19 24 152 176 315 373 466 467 518 527 609 610 695  ; 4 1 4 12 8 5 5 4 6 5 8 3 5 4 7 2 
280 ; 7.64e-11 ; True ; 1 19 24 152 176 315 373 422 467 518 527 609 610 695  ; 5 1 4 12 8 5 5 5 7 4 8 3 4 4 7 2 
280.9 ; 8.469e-11 ; True ; 1 19 24 152 176 249 315 373 467 518 527 609 695 735  ; 4 1 4 11 9 6 5 5 6 5 8 3 4 4 7 2 
281.7 ; 9.058e-11 ; True ; 1 19 24 152 176 315 373 467 518 527 587 609 695 735  ; 5 1 4 12 8 5 5 5 5 5 8 3 5 4 7 2 
292.2 ; 9.072e-11 ; True ; 1 19 24 108 152 176 315 373 467 518 527 609 610 695  ; 4 1 4 12 8 5 6 5 6 4 7 4 4 5 6 2 
293.7 ; 9.095e-11 ; True ; 1 19 24 152 176 249 315 373 467 527 609 695 735 849  ; 5 1 4 11 10 6 5 5 6 5 7 3 4 4 7 2 
294 ; 9.535e-11 ; True ; 1 19 24 152 176 315 373 467 518 527 609 656 695 735  ; 4 1 4 11 8 5 5 5 6 4 7 4 5 5 6 2 
294.1 ; 9.642e-11 ; True ; 1 19 24 152 176 315 373 467 518 527 609 695 735 849  ; 5 1 4 12 9 6 5 5 5 5 7 3 5 4 7 2 
296.1 ; 9.772e-11 ; True ; 1 19 24 108 152 176 373 467 518 527 587 609 610 695  ; 4 1 4 13 7 5 5 5 5 5 8 4 5 4 7 2 
297 ; 9.902e-11 ; True ; 1 19 24 119 152 315 373 467 518 527 587 609 695 735  ; 5 1 4 12 7 6 5 5 5 5 8 3 5 4 7 2 
297.6 ; 1.037e-10 ; True ; 1 19 24 108 152 176 315 373 467 518 527 587 609 695  ; 5 1 3 12 8 5 6 5 5 5 7 4 5 5 6 2 
298.6 ; 1.044e-10 ; True ; 1 19 24 108 152 176 315 373 467 527 587 609 695 735  ; 5 1 4 12 8 5 6 6 5 4 7 4 4 5 6 2 
300.3 ; 1.05e-10 ; True ; 1 19 24 108 152 315 373 467 518 527 587 609 610 695  ; 5 1 4 12 7 5 5 5 5 5 8 3 5 5 7 2 
301.2 ; 1.066e-10 ; True ; 1 19 24 108 152 176 373 467 518 527 587 609 695 735  ; 4 1 4 13 7 6 5 6 4 5 8 4 5 4 7 2 
302.3 ; 1.086e-10 ; True ; 1 19 24 176 249 293 315 373 467 518 527 587 609 695 735  ; 4 1 4 11 9 5 5 5 6 6 8 3 5 4 7 2 
304.7 ; 1.095e-10 ; True ; 1 19 24 108 152 249 315 373 467 518 527 609 695 735  ; 4 1 4 11 8 7 5 6 5 5 8 3 4 5 7 2 
305.4 ; 1.146e-10 ; True ; 1 19 24 108 152 315 373 467 518 527 587 609 695 735  ; 5 1 4 12 7 6 5 6 4 5 8 3 5 5 7 2 
308.6 ; 1.192e-10 ; True ; 1 19 24 108 176 249 315 373 467 518 527 587 609 695 735  ; 4 1 4 12 8 6 6 6 6 6 8 4 5 5 7 1 
310.9 ; 1.199e-10 ; True ; 1 19 24 108 176 315 373 466 467 518 527 587 609 695 735  ; 4 1 4 13 7 6 6 6 5 6 8 4 6 5 7 1 
313.9 ; 1.21e-10 ; True ; 1 19 24 152 176 229 249 315 373 467 518 527 587 609 695  ; 5 1 3 12 10 5 6 4 7 6 8 3 5 5 7 2 
314 ; 1.282e-10 ; True ; 1 19 24 152 176 249 315 373 467 518 527 609 610 695 735  ; 4 1 5 12 9 6 5 5 7 5 9 3 4 4 8 2 
314.9 ; 1.409e-10 ; True ; 1 19 24 152 176 315 373 467 518 527 587 609 610 695 735  ; 5 1 5 13 8 5 5 5 6 5 9 3 5 4 8 2 
315.7 ; 1.439e-10 ; True ; 1 19 24 152 176 229 315 373 467 518 527 587 609 695 735  ; 5 1 4 13 9 5 6 5 6 5 8 3 5 5 7 2 
318.2 ; 1.541e-10 ; True ; 1 19 24 152 176 249 315 373 467 518 527 587 609 695 735  ; 5 1 4 12 9 6 5 5 6 6 9 3 5 4 8 2 
320.5 ; 1.561e-10 ; True ; 1 19 24 152 176 315 373 466 467 518 527 587 609 695 735  ; 5 1 4 13 8 6 5 5 5 6 9 3 6 4 8 2 
325.8 ; 1.628e-10 ; True ; 1 19 24 152 176 315 373 422 467 518 527 587 609 695 735  ; 6 1 4 13 8 6 5 6 6 5 9 3 5 4 8 2 
328.4 ; 1.672e-10 ; True ; 1 19 24 119 152 176 315 373 467 518 527 587 609 695 735  ; 5 1 4 13 8 6 6 5 6 5 8 4 5 4 7 2 
330.9 ; 1.699e-10 ; True ; 1 19 24 152 176 315 373 467 518 527 587 609 695 735 833  ; 6 1 4 13 9 5 5 5 6 5 8 4 5 5 7 2 
331.7 ; 1.791e-10 ; True ; 1 19 24 152 176 315 373 467 518 527 587 609 656 695 735  ; 5 1 4 12 8 5 5 5 6 5 8 4 6 5 7 2 
337.1 ; 1.82e-10 ; True ; 1 19 24 108 152 176 249 315 373 467 518 527 587 609 695  ; 5 1 3 12 9 6 6 5 6 6 8 4 5 5 7 2 
337.1 ; 1.835e-10 ; True ; 1 19 24 108 152 176 249 315 373 467 518 527 609 695 735  ; 4 1 4 12 9 7 6 6 6 5 8 4 4 5 7 2 
337.9 ; 2.014e-10 ; True ; 1 19 24 108 152 176 315 373 467 518 527 587 609 695 735  ; 5 1 4 13 8 6 6 6 5 5 8 4 5 5 7 2 
349.8 ; 2.179e-10 ; True ; 1 19 24 152 176 229 315 373 467 518 527 587 609 610 695 735  ; 5 1 5 14 9 5 6 5 7 5 9 3 5 5 8 2 
353.3 ; 2.28e-10 ; True ; 1 19 24 152 176 249 315 373 467 518 527 587 609 610 695 735  ; 5 1 5 13 9 6 5 5 7 6 10 3 5 4 9 2 
354.1 ; 2.372e-10 ; True ; 1 19 24 152 176 229 249 315 373 467 518 527 587 609 695 735  ; 5 1 4 13 10 6 6 5 7 6 9 3 5 5 8 2 
355.6 ; 2.372e-10 ; True ; 1 19 24 152 176 315 373 466 467 518 527 587 609 610 695 735  ; 5 1 5 14 8 6 5 5 6 6 10 3 6 4 9 2 
356.4 ; 2.48e-10 ; True ; 1 19 24 152 176 229 315 373 466 467 518 527 587 609 695 735  ; 5 1 4 14 9 6 6 5 6 6 9 3 6 5 8 2 
363 ; 2.581e-10 ; True ; 1 19 24 152 176 249 315 373 467 518 527 587 609 695 735 863  ; 5 1 5 12 9 6 5 6 6 6 9 3 5 5 8 2 
365.1 ; 2.614e-10 ; True ; 1 19 24 152 176 315 373 466 467 518 527 587 609 695 735 863  ; 5 1 5 13 8 6 5 6 5 6 9 3 6 5 8 2 
369.4 ; 2.786e-10 ; True ; 1 19 24 152 176 249 315 373 467 518 527 587 609 685 695 735  ; 5 1 5 13 10 6 5 5 6 6 9 4 6 4 8 2 
370.2 ; 2.799e-10 ; True ; 1 19 24 152 176 249 315 373 467 518 527 587 609 695 735 833  ; 6 1 4 13 10 6 5 5 7 6 9 4 5 5 8 2 
372.4 ; 2.801e-10 ; True ; 1 19 24 119 152 176 315 373 467 518 527 587 609 695 735 863  ; 5 1 5 13 8 6 6 6 6 5 8 4 5 5 7 2 
373.2 ; 2.938e-10 ; True ; 1 19 24 108 152 176 249 315 373 467 518 527 587 609 610 695  ; 5 1 4 13 9 6 6 5 7 6 9 4 5 5 8 2 
374 ; 3.133e-10 ; True ; 1 19 24 108 152 176 315 373 467 518 527 587 609 610 695 735  ; 5 1 5 14 8 6 6 6 6 5 9 4 5 5 8 2 
378.3 ; 3.339e-10 ; True ; 1 19 24 108 152 176 249 315 373 467 518 527 587 609 695 735  ; 5 1 4 13 9 7 6 6 6 6 9 4 5 5 8 2 
380.6 ; 3.382e-10 ; True ; 1 19 24 108 152 176 315 373 466 467 518 527 587 609 695 735  ; 5 1 4 14 8 7 6 6 5 6 9 4 6 5 8 2 
386.9 ; 3.432e-10 ; True ; 1 19 24 108 152 176 315 373 422 467 518 527 587 609 695 735  ; 6 1 4 14 8 7 6 7 6 5 9 4 5 5 8 2 
391 ; 3.436e-10 ; True ; 1 19 24 108 152 176 315 373 467 518 527 587 609 685 695 735  ; 5 1 5 14 9 6 6 6 5 5 8 5 6 5 7 2 
393.7 ; 3.44e-10 ; True ; 1 19 24 108 152 176 249 373 467 518 527 587 609 656 695 735  ; 4 1 4 13 8 7 5 6 6 6 9 5 6 5 8 2 
394.9 ; 3.498e-10 ; True ; 1 19 24 108 152 176 315 373 422 467 518 527 587 609 685 695  ; 6 1 4 14 9 6 6 6 6 5 8 5 6 5 7 2 
395.8 ; 3.567e-10 ; True ; 1 19 24 108 152 176 315 373 467 518 527 587 609 695 735 849  ; 6 1 4 14 9 7 6 6 5 6 8 4 6 5 8 2 
398.8 ; 3.785e-10 ; True ; 1 19 24 108 152 249 315 373 467 518 527 587 609 656 695 735  ; 5 1 4 12 8 7 5 6 6 6 9 4 6 6 8 2 
406.3 ; 3.899e-10 ; True ; 1 19 24 108 176 293 315 373 422 467 518 527 587 609 610 695 735  ; 5 1 5 14 8 6 6 7 7 5 9 4 5 5 8 2 
407.3 ; 4.117e-10 ; True ; 1 19 24 152 176 249 315 373 466 467 518 527 587 609 695 735 863  ; 5 1 5 13 9 7 5 6 6 7 10 3 6 5 9 2 
410.1 ; 4.145e-10 ; True ; 1 19 24 108 152 176 229 249 315 373 467 518 527 587 609 610 695  ; 5 1 4 14 10 6 7 5 8 6 9 4 5 6 8 2 
413 ; 4.182e-10 ; True ; 1 19 24 152 176 249 315 373 422 467 518 527 587 609 695 735 863  ; 6 1 5 13 9 7 5 7 7 6 10 3 5 5 9 2 
414.4 ; 4.53e-10 ; True ; 1 19 24 108 152 176 229 315 373 466 467 527 587 609 610 695 735  ; 5 1 5 15 9 6 7 6 7 5 9 4 5 6 8 2 
416.4 ; 4.939e-10 ; True ; 1 19 24 108 152 176 249 315 373 467 518 527 587 609 610 695 735  ; 5 1 5 14 9 7 6 6 7 6 10 4 5 5 9 2 
422.9 ; 5.229e-10 ; True ; 1 19 24 108 152 176 249 315 373 466 467 518 527 587 609 695 735  ; 5 1 4 14 9 8 6 6 6 7 10 4 6 5 9 2 
428.2 ; 5.295e-10 ; True ; 1 19 24 108 152 176 315 373 466 467 518 527 587 609 695 735 863  ; 5 1 5 14 8 7 6 7 5 6 9 4 6 6 8 2 
430.3 ; 5.312e-10 ; True ; 1 19 24 108 152 176 249 315 373 422 467 518 527 587 609 695 735  ; 6 1 4 14 9 8 6 7 7 6 10 4 5 5 9 2 
434.4 ; 5.668e-10 ; True ; 1 19 24 108 152 176 249 315 373 467 518 527 587 609 685 695 735  ; 5 1 5 14 10 7 6 6 6 6 9 5 6 5 8 2 
436.2 ; 5.798e-10 ; True ; 1 19 24 108 152 176 249 315 373 467 518 527 587 609 656 695 735  ; 5 1 4 13 9 7 6 6 7 6 9 5 6 6 8 2 
437.5 ; 5.867e-10 ; True ; 1 19 24 108 152 176 315 373 466 467 518 527 587 609 656 695 735  ; 5 1 4 14 8 7 6 6 6 6 9 5 7 6 8 2 
446.7 ; 5.959e-10 ; True ; 1 19 24 108 152 176 315 373 422 467 518 527 587 609 656 695 735  ; 6 1 4 14 8 7 6 7 7 5 9 5 6 6 8 2 
457 ; 5.999e-10 ; True ; 1 19 24 108 152 176 315 373 422 467 527 587 609 685 695 735 849  ; 7 1 5 15 10 7 6 7 6 5 8 5 6 5 8 2 
461.1 ; 6.691e-10 ; True ; 1 19 24 152 176 315 373 466 467 518 527 587 609 610 695 735 833 863  ; 6 1 6 15 9 6 5 6 7 6 10 4 6 6 9 2 
462.5 ; 6.819e-10 ; True ; 1 19 108 152 176 229 315 373 466 467 518 527 587 609 610 695 735 863  ; 5 1 5 15 8 6 7 6 7 6 9 4 6 7 8 2 
462.9 ; 7.599e-10 ; True ; 1 19 24 108 152 176 249 315 373 466 467 518 527 587 609 610 695 735  ; 5 1 5 15 9 8 6 6 7 7 11 4 6 5 10 2 
473.9 ; 7.819e-10 ; True ; 1 19 24 108 152 176 315 373 466 467 518 527 587 609 695 735 751 863  ; 6 1 5 15 9 8 6 7 6 6 10 4 6 6 9 2 
474.3 ; 8.186e-10 ; True ; 1 19 24 108 152 176 249 315 373 466 467 518 527 587 609 695 735 863  ; 5 1 5 14 9 8 6 7 6 7 10 4 6 6 9 2 
477.6 ; 8.466e-10 ; True ; 1 19 24 108 152 176 315 373 466 467 518 527 587 609 610 695 735 833  ; 6 1 5 16 9 7 6 6 7 6 10 5 6 6 9 2 
482.7 ; 8.57e-10 ; True ; 1 19 24 108 152 176 249 315 373 466 467 518 527 587 609 695 735 833  ; 6 1 4 15 10 8 6 6 7 7 10 5 6 6 9 2 
488.9 ; 8.939e-10 ; True ; 1 19 24 108 152 176 315 373 466 467 518 527 587 609 656 695 735 863  ; 5 1 5 14 8 7 6 7 6 6 9 5 7 7 8 2 
489.4 ; 9.017e-10 ; True ; 1 19 24 108 152 176 249 315 373 422 467 518 527 587 609 685 695 735  ; 6 1 5 15 10 8 6 7 7 6 10 5 6 5 9 2 
500.1 ; 9.159e-10 ; True ; 1 19 24 108 176 249 293 315 373 466 467 518 527 587 609 695 735 751 863  ; 5 1 5 14 10 8 6 7 7 7 10 4 6 6 9 2 
503.6 ; 9.281e-10 ; True ; 1 19 24 108 152 249 315 373 466 467 518 527 587 609 685 695 735 833  ; 6 1 5 15 10 8 5 6 6 7 10 5 7 6 9 2 
504.5 ; 9.368e-10 ; True ; 1 19 24 108 152 249 315 373 466 467 518 527 587 609 656 685 695 735  ; 5 1 5 14 9 8 5 6 6 7 10 5 8 6 9 2 
507.4 ; 9.428e-10 ; True ; 1 19 24 108 152 176 315 373 467 518 527 587 609 656 695 735 849 863  ; 6 1 5 14 9 7 6 7 6 6 8 5 7 7 8 2 
508.8 ; 9.892e-10 ; True ; 1 19 24 108 152 176 229 315 373 466 467 518 527 587 609 610 695 751 863  ; 6 1 5 16 10 7 7 6 8 6 10 4 6 7 9 2 
516.9 ; 1.091e-09 ; True ; 1 19 24 108 152 176 315 373 466 467 518 527 587 609 610 695 735 751 863  ; 6 1 6 16 9 8 6 7 7 6 11 4 6 6 10 2 
522 ; 1.135e-09 ; True ; 1 19 24 108 152 176 249 315 373 466 467 518 527 587 609 695 735 751 863  ; 6 1 5 15 10 9 6 7 7 7 11 4 6 6 10 2 
528.2 ; 1.135e-09 ; True ; 1 19 24 152 176 249 315 373 466 467 518 527 587 609 685 695 735 833 863  ; 6 1 6 15 11 7 5 6 7 7 10 5 7 6 9 2 
529.3 ; 1.152e-09 ; True ; 1 19 24 108 152 176 229 315 373 467 518 527 587 609 610 695 735 849 863  ; 6 1 6 16 10 7 7 7 7 6 9 4 6 7 9 2 
530.4 ; 1.195e-09 ; True ; 1 19 24 108 152 176 249 315 373 466 467 518 527 587 609 610 685 695 863  ; 5 1 6 15 10 7 6 6 7 7 10 5 7 6 9 2 
533 ; 1.213e-09 ; True ; 1 19 24 108 152 176 229 315 373 466 467 518 527 587 609 685 695 735 863  ; 5 1 6 16 10 7 7 7 6 6 9 5 7 7 8 2 
535.7 ; 1.22e-09 ; True ; 1 19 24 108 152 176 249 315 373 467 518 527 587 609 610 695 735 849 863  ; 6 1 6 15 10 8 6 7 7 7 10 4 6 6 10 2 
538 ; 1.306e-09 ; True ; 1 19 24 108 152 176 249 315 373 466 467 518 527 587 609 695 735 833 863  ; 6 1 5 15 10 8 6 7 7 7 10 5 6 7 9 2 
545.8 ; 1.356e-09 ; True ; 1 19 24 108 152 176 249 315 373 466 467 518 527 587 609 685 695 735 833  ; 6 1 5 16 11 8 6 6 7 7 10 6 7 6 9 2 
552.8 ; 1.361e-09 ; True ; 1 19 24 108 152 176 229 315 373 422 467 518 527 587 609 685 695 735 849  ; 7 1 5 17 11 8 7 7 7 6 9 5 7 6 9 2 
559.8 ; 1.374e-09 ; True ; 1 19 24 108 152 176 315 373 466 467 518 527 587 609 695 735 833 849 863  ; 7 1 5 16 10 8 6 7 6 7 9 5 7 7 9 2 
559.9 ; 1.381e-09 ; True ; 1 19 24 108 152 176 249 315 373 422 467 518 527 587 609 685 695 849 863  ; 7 1 5 15 11 8 6 7 7 7 9 5 7 6 9 2 
562.7 ; 1.398e-09 ; True ; 1 19 24 108 152 176 315 373 422 467 518 527 587 609 685 695 735 849 863  ; 7 1 6 16 10 8 6 8 6 6 9 5 7 6 9 2 
573.1 ; 1.49e-09 ; True ; 1 19 24 108 152 176 249 315 373 466 467 518 527 587 609 610 695 733 735 863  ; 5 1 6 16 9 8 6 7 7 7 11 5 6 7 10 2 
582 ; 1.568e-09 ; True ; 1 19 24 108 152 176 315 373 466 467 518 527 587 600 609 610 695 735 833 863  ; 6 1 6 17 9 7 7 7 8 6 11 5 6 7 9 2 
582.8 ; 1.648e-09 ; True ; 1 19 24 108 152 176 249 315 373 466 467 518 527 587 609 695 735 774 833 863  ; 7 1 5 16 10 8 6 8 7 7 11 5 6 7 10 2 
582.9 ; 1.787e-09 ; True ; 1 19 24 108 152 176 249 315 373 466 467 518 527 587 609 610 695 735 833 863  ; 6 1 6 16 10 8 6 7 8 7 11 5 6 7 10 2 
600.8 ; 1.818e-09 ; True ; 1 19 24 108 152 176 229 315 373 466 467 518 527 587 609 685 695 735 833 863  ; 6 1 6 17 11 7 7 7 7 6 9 6 7 8 8 2 
605 ; 1.983e-09 ; True ; 1 19 24 108 152 176 249 315 373 466 467 518 527 587 609 685 695 735 833 863  ; 6 1 6 16 11 8 6 7 7 7 10 6 7 7 9 2 
616.8 ; 2.038e-09 ; True ; 1 19 24 108 152 176 249 315 373 422 467 518 527 587 609 685 695 735 849 863  ; 7 1 6 16 11 9 6 8 7 7 10 5 7 6 10 2 
627.6 ; 2.061e-09 ; True ; 1 19 24 108 152 176 249 293 315 373 466 467 527 587 609 685 695 735 849 863  ; 6 1 6 15 12 8 6 7 6 7 9 5 7 6 9 3 
641.8 ; 2.19e-09 ; True ; 1 19 24 108 176 249 293 315 373 422 467 518 527 587 609 610 695 735 833 849 863  ; 7 1 6 16 11 8 6 8 9 7 10 5 6 7 10 2 
652.9 ; 2.639e-09 ; True ; 1 19 24 108 152 176 249 315 373 466 467 518 527 587 609 610 685 695 735 833 863  ; 6 1 7 17 11 8 6 7 8 7 11 6 7 7 10 2 
668.4 ; 2.706e-09 ; True ; 1 19 24 108 152 176 249 315 373 466 467 518 527 587 609 610 685 695 735 833 849  ; 7 1 6 18 12 9 6 6 8 8 11 6 8 6 11 2 
672 ; 2.793e-09 ; True ; 1 19 24 108 152 176 249 293 315 373 467 518 527 587 609 610 695 735 833 849 863  ; 7 1 6 16 12 8 6 7 8 7 10 5 6 7 10 3 
675.3 ; 2.913e-09 ; True ; 1 19 24 108 152 176 293 315 373 466 467 518 527 587 609 610 695 735 833 849 863  ; 7 1 6 17 11 8 6 7 7 7 10 5 7 7 10 3 
701.3 ; 2.923e-09 ; True ; 1 19 24 108 152 176 293 315 373 466 467 477 518 527 587 609 695 735 833 849 863  ; 7 1 5 17 11 8 7 7 7 7 9 6 7 7 9 3 
718.1 ; 3.151e-09 ; True ; 1 19 24 29 108 152 249 293 315 373 466 467 518 527 587 609 685 695 735 833 849  ; 8 1 5 17 13 9 5 7 7 8 11 5 9 6 11 3 
726.7 ; 3.177e-09 ; True ; 1 19 24 29 108 152 229 293 315 373 467 483 518 527 587 609 610 695 735 833 863  ; 7 1 6 17 12 7 7 8 9 6 10 5 6 8 9 3 
734 ; 3.181e-09 ; True ; 1 19 24 108 152 171 176 249 293 315 373 422 467 518 527 587 609 610 695 735 833 849  ; 8 1 6 18 12 9 6 7 9 7 11 5 6 6 11 3 
739.6 ; 3.231e-09 ; True ; 1 19 24 108 145 152 249 293 315 373 422 518 527 587 609 656 685 695 735 849 863  ; 6 1 5 15 12 10 6 7 8 8 9 5 8 7 9 3 
742 ; 3.311e-09 ; True ; 1 19 29 108 152 176 249 293 373 467 483 518 527 587 609 610 695 735 833 849 863  ; 7 1 5 17 12 8 6 7 9 8 10 6 7 6 10 3 
744.1 ; 3.401e-09 ; True ; 1 19 24 108 152 176 249 293 315 373 422 467 482 518 527 587 609 685 695 735 849 863  ; 7 1 6 17 12 9 6 8 7 7 10 5 7 7 10 3 
746.4 ; 3.416e-09 ; True ; 1 19 24 108 152 176 293 315 373 422 466 483 518 527 587 609 685 695 735 849 863  ; 6 1 5 17 12 10 7 7 7 8 9 6 8 6 9 3 
752.3 ; 3.427e-09 ; True ; 1 19 29 108 152 176 249 293 315 373 466 467 518 527 609 685 695 735 839 849 863  ; 6 1 6 15 12 8 6 8 7 7 10 6 8 6 10 3 
753.4 ; 3.506e-09 ; True ; 1 19 24 60 108 152 176 293 315 373 466 467 518 527 609 610 656 695 735 833 849 863  ; 6 1 6 17 11 8 6 8 8 6 10 6 7 8 10 3 
758.6 ; 3.692e-09 ; True ; 1 19 24 108 152 176 249 315 370 373 422 467 518 527 587 609 610 685 695 750 849 863  ; 7 1 7 18 11 8 6 8 9 7 10 6 8 7 11 2 
770.2 ; 3.809e-09 ; True ; 1 19 24 108 152 176 249 315 373 422 467 518 527 587 609 610 685 695 750 833 849 863  ; 8 1 6 18 12 8 6 7 10 7 10 7 8 8 10 2 
785.4 ; 4.007e-09 ; True ; 1 19 29 41 108 152 176 229 293 315 373 422 467 483 527 587 609 610 695 735 849 863  ; 8 1 5 18 12 7 8 8 11 7 9 5 7 7 9 3 
789.6 ; 4.185e-09 ; True ; 1 19 24 108 152 176 293 315 373 422 467 518 527 587 609 610 695 735 833 839 849 863  ; 8 1 7 17 11 8 6 9 8 6 11 6 6 7 11 3 
818.6 ; 4.776e-09 ; True ; 1 19 24 108 152 176 293 315 373 422 466 467 489 518 527 587 609 610 695 735 833 849 863  ; 8 1 6 18 11 9 6 9 9 7 11 5 7 7 11 3 
851.8 ; 5.104e-09 ; True ; 1 19 29 108 152 162 229 293 315 373 466 467 483 527 609 610 685 695 735 839 849 863  ; 7 1 7 17 13 8 7 8 8 7 10 6 7 7 10 3 
862.1 ; 5.26e-09 ; True ; 1 19 29 108 152 162 176 249 293 315 373 466 467 483 527 609 685 695 735 839 849 863  ; 7 1 6 16 14 9 7 8 8 8 10 7 7 6 10 3 
877 ; 5.767e-09 ; True ; 1 19 24 108 150 152 249 293 315 373 467 483 518 527 587 609 610 685 695 735 833 849 863  ; 7 1 7 18 13 10 6 8 8 8 10 6 7 7 11 3 
899.2 ; 6.2e-09 ; True ; 1 19 24 96 108 152 176 229 249 293 373 466 467 518 527 587 610 685 695 735 800 833 849 863  ; 6 1 7 20 13 10 8 7 8 7 11 7 7 7 11 3 
946.9 ; 6.886e-09 ; True ; 1 19 29 108 152 176 249 293 315 373 466 467 518 527 587 609 610 650 695 735 839 849 850 863  ; 7 1 6 18 12 9 7 8 8 8 13 6 8 7 13 3 
969.1 ; 7.148e-09 ; True ; 1 19 29 41 108 152 293 315 373 422 466 467 483 518 527 609 685 695 735 833 839 850 863  ; 7 1 6 18 11 8 7 9 9 7 10 8 8 8 9 3 
1011 ; 7.565e-09 ; True ; 1 19 29 108 152 176 249 293 315 370 373 380 466 518 527 587 656 685 695 735 833 839 849 863  ; 8 1 6 17 13 9 6 8 8 7 11 8 10 7 12 3 
1038 ; 8.281e-09 ; True ; 1 19 29 108 152 229 249 293 315 373 439 466 483 527 587 609 685 695 735 800 833 839 849 863  ; 7 1 6 17 14 8 9 7 10 8 9 8 8 8 9 3 
1089 ; 9.478e-09 ; True ; 1 19 24 29 108 152 176 249 293 315 329 373 414 467 518 527 587 609 610 695 833 839 849 850 863  ; 9 1 6 18 13 8 8 8 9 7 12 7 9 8 12 3 
1139 ; 9.994e-09 ; True ; 1 19 29 41 108 152 176 249 293 315 373 466 467 483 518 527 587 609 685 695 735 838 839 849 850  ; 7 1 5 19 13 9 8 8 9 10 12 8 10 6 11 3 
1226 ; 1.051e-08 ; True ; 1 19 29 41 108 152 176 249 293 315 373 466 467 483 518 527 579 587 609 685 695 735 838 839 849 850  ; 8 1 5 20 14 9 8 8 9 10 12 8 10 6 11 3 
1245 ; 1.312e-08 ; True ; 1 19 26 29 108 152 176 249 293 315 370 373 464 466 467 483 518 527 587 610 695 735 800 833 839 849 863  ; 8 1 7 21 12 9 9 9 10 8 12 7 8 7 13 3 


RUN 4:
Optimum Distance: 22.67
Optimal Team: 1,152,373,695,
Required Skills: 0 1 4 5 9 10 11 12 14 15 16 18 22 23 24 26 
Distance; Skill Score; isValid; Team; Skill Counts
22.67 ; 2.278e-17 ; True ; 1 152 373 695  ; 2 1 1 3 2 1 1 2 1 1 2 1 1 1 2 1 
24.56 ; 3.252e-17 ; True ; 1 152 373 527  ; 1 1 1 3 2 2 1 2 1 1 3 1 1 1 2 1 
33.45 ; 2.699e-16 ; True ; 1 152 315 373 695  ; 3 1 1 3 3 1 2 2 2 1 2 1 1 2 2 1 
34.47 ; 2.765e-16 ; True ; 1 152 162 373 695  ; 3 1 1 4 3 2 1 2 1 2 3 1 1 1 3 1 
34.48 ; 3.009e-16 ; True ; 1 152 373 422 695  ; 3 1 1 4 2 2 1 3 2 1 3 1 1 1 3 1 
35.31 ; 4.06e-16 ; True ; 1 152 373 609 695  ; 2 1 1 4 3 1 1 2 2 2 2 1 2 2 2 1 
37.31 ; 5.112e-16 ; True ; 1 152 315 373 527  ; 2 1 1 3 3 2 2 2 2 1 3 1 1 2 2 1 
38.26 ; 6.831e-16 ; True ; 1 29 152 373 527  ; 2 1 1 4 3 2 1 3 2 1 4 1 2 1 3 1 
39.43 ; 1.909e-15 ; True ; 1 152 373 527 695  ; 2 1 1 4 3 2 2 2 2 1 3 2 2 2 2 1 
47.01 ; 2.636e-15 ; True ; 1 119 152 162 373 695  ; 3 1 1 5 3 3 2 2 2 2 3 2 1 1 3 1 
49.11 ; 3.27e-15 ; True ; 1 152 162 373 609 695  ; 3 1 1 5 4 2 1 2 2 3 3 1 2 2 3 1 
49.12 ; 3.961e-15 ; True ; 1 152 373 422 609 695  ; 3 1 1 5 3 2 1 3 3 2 3 1 2 2 3 1 
52.8 ; 4.643e-15 ; True ; 1 24 152 373 609 695  ; 2 1 2 5 4 2 1 3 2 2 3 1 2 2 3 1 
52.96 ; 5.195e-15 ; True ; 1 29 152 373 527 849  ; 3 1 1 5 4 3 1 3 2 2 4 1 3 1 4 1 
53.16 ; 5.208e-15 ; True ; 1 19 29 373 527 849  ; 2 1 1 5 4 2 2 3 2 3 3 1 3 1 3 1 
53.17 ; 8.602e-15 ; True ; 1 152 315 373 527 695  ; 3 1 1 4 4 2 3 2 3 1 3 2 2 3 2 1 
55.08 ; 9.033e-15 ; True ; 1 152 373 527 610 695  ; 2 1 2 5 3 2 2 2 3 1 4 2 2 2 3 1 
55.15 ; 1.248e-14 ; True ; 1 152 373 422 527 695  ; 3 1 1 5 3 3 2 3 3 1 4 2 2 2 3 1 
56 ; 1.373e-14 ; True ; 1 152 162 373 527 695  ; 3 1 1 5 4 3 2 2 2 2 4 2 2 2 3 1 
57.04 ; 1.506e-14 ; True ; 1 29 152 373 527 695  ; 3 1 1 5 4 2 2 3 3 1 4 2 3 2 3 1 
57.11 ; 1.629e-14 ; True ; 1 152 373 527 695 849  ; 3 1 1 5 4 3 2 2 2 2 3 2 3 2 3 1 
61.98 ; 1.689e-14 ; True ; 1 19 162 373 422 609 695  ; 3 1 1 6 4 2 2 3 3 4 3 1 2 2 3 1 
63.69 ; 1.732e-14 ; True ; 1 152 373 483 527 695  ; 2 1 1 5 4 3 3 2 3 2 3 3 2 2 2 1 
63.94 ; 1.823e-14 ; True ; 1 152 162 176 373 609 695  ; 3 1 1 6 5 2 2 2 3 3 3 2 2 2 3 1 
63.95 ; 2.073e-14 ; True ; 1 152 176 373 422 609 695  ; 3 1 1 6 4 2 2 3 4 2 3 2 2 2 3 1 
64.01 ; 2.329e-14 ; True ; 1 119 152 162 373 609 695  ; 3 1 1 6 4 3 2 2 3 3 3 2 2 2 3 1 
64.56 ; 2.511e-14 ; True ; 1 119 152 373 422 609 695  ; 3 1 1 6 3 3 2 3 4 2 3 2 2 2 3 1 
67.56 ; 2.588e-14 ; True ; 1 24 152 176 373 609 695  ; 2 1 2 6 5 2 2 3 3 2 3 2 2 2 3 1 
68.38 ; 2.643e-14 ; True ; 1 24 152 315 373 609 695  ; 3 1 2 5 5 2 2 3 3 2 3 1 2 3 3 1 
68.49 ; 2.801e-14 ; True ; 1 119 152 373 467 609 695  ; 3 1 2 6 3 2 2 3 3 2 3 2 2 2 3 1 
68.76 ; 2.806e-14 ; True ; 1 162 293 373 422 527 695  ; 3 1 1 5 4 3 2 3 3 2 4 2 2 2 3 1 
68.96 ; 3.063e-14 ; True ; 1 152 315 373 527 695 863  ; 3 1 2 4 4 2 3 3 3 1 3 2 2 4 2 1 
69 ; 3.336e-14 ; True ; 1 19 315 373 467 527 695  ; 3 1 2 5 4 1 4 3 3 2 3 2 2 3 2 1 
70.05 ; 3.977e-14 ; True ; 1 19 315 373 422 527 695  ; 3 1 1 5 4 2 4 3 4 2 3 2 2 3 2 1 
70.84 ; 4.985e-14 ; True ; 1 152 315 373 467 527 695  ; 4 1 2 5 4 2 3 3 3 1 4 2 2 3 3 1 
72.59 ; 5.952e-14 ; True ; 1 152 162 373 422 527 695  ; 4 1 1 6 4 4 2 3 3 2 5 2 2 2 4 1 
72.69 ; 5.988e-14 ; True ; 1 19 162 373 422 527 695  ; 3 1 1 6 4 3 3 3 3 3 4 2 2 2 3 1 
73.73 ; 7.366e-14 ; True ; 1 152 373 422 527 609 695  ; 3 1 1 6 4 3 2 3 4 2 4 2 3 3 3 1 
74.64 ; 8.218e-14 ; True ; 1 152 373 467 527 609 695  ; 3 1 2 6 4 2 2 3 3 2 4 2 3 3 3 1 
75.68 ; 8.575e-14 ; True ; 1 29 152 373 527 695 849  ; 4 1 1 6 5 3 2 3 3 2 4 2 4 2 4 1 
77.46 ; 9.197e-14 ; True ; 1 24 152 373 527 609 695  ; 2 1 2 6 5 3 2 3 3 2 4 2 3 3 3 1 
79.55 ; 9.347e-14 ; True ; 1 24 152 373 527 695 849  ; 3 1 2 6 5 4 2 3 2 2 4 2 3 2 4 1 
79.59 ; 9.541e-14 ; True ; 1 119 152 162 373 422 609 695  ; 4 1 1 7 4 4 2 3 4 3 4 2 2 2 4 1 
84.15 ; 9.544e-14 ; True ; 1 24 152 176 315 373 609 695  ; 3 1 2 6 6 2 3 3 4 2 3 2 2 3 3 1 
84.62 ; 9.649e-14 ; True ; 1 19 119 373 422 467 609 695  ; 3 1 2 7 3 2 3 4 4 3 3 2 2 2 3 1 
85.25 ; 1.06e-13 ; True ; 1 24 152 176 315 373 518 695  ; 3 1 2 6 5 3 3 3 3 2 4 2 2 2 4 1 
85.28 ; 1.118e-13 ; True ; 1 152 373 467 483 527 695  ; 3 1 2 6 4 3 3 3 3 2 4 3 2 2 3 1 
85.6 ; 1.195e-13 ; True ; 1 119 152 162 373 467 609 695  ; 4 1 2 7 4 3 2 3 3 3 4 2 2 2 4 1 
86.87 ; 1.26e-13 ; True ; 1 19 315 373 422 527 695 863  ; 3 1 2 5 4 2 4 4 4 2 3 2 2 4 2 1 
87.59 ; 1.459e-13 ; True ; 1 19 121 315 373 467 527 695  ; 3 1 2 6 5 2 4 4 3 2 4 2 2 3 3 1 
89.5 ; 1.564e-13 ; True ; 1 19 315 373 422 527 610 695  ; 3 1 2 6 4 2 4 3 5 2 4 2 2 3 3 1 
90.35 ; 1.729e-13 ; True ; 1 19 315 373 467 527 695 751  ; 4 1 2 6 5 2 4 3 4 2 4 2 2 3 3 1 
90.42 ; 1.807e-13 ; True ; 1 19 162 315 373 422 527 695  ; 4 1 1 6 5 3 4 3 4 3 4 2 2 3 3 1 
90.6 ; 2.039e-13 ; True ; 1 19 315 373 422 467 527 695  ; 4 1 2 6 4 2 4 4 4 2 4 2 2 3 3 1 
91.27 ; 2.139e-13 ; True ; 1 19 24 315 373 467 527 695  ; 3 1 3 6 5 2 4 4 3 2 4 2 2 3 3 1 
91.34 ; 2.231e-13 ; True ; 1 19 162 373 422 527 609 695  ; 3 1 1 7 5 3 3 3 4 4 4 2 3 3 3 1 
91.53 ; 2.252e-13 ; True ; 1 19 315 373 467 518 527 695  ; 3 1 2 6 4 2 4 3 3 3 4 2 3 3 3 1 
92.24 ; 2.482e-13 ; True ; 1 152 315 373 467 527 609 695  ; 4 1 2 6 5 2 3 3 4 2 4 2 3 4 3 1 
93.17 ; 2.494e-13 ; True ; 1 152 162 373 422 527 609 695  ; 4 1 1 7 5 4 2 3 4 3 5 2 3 3 4 1 
93.3 ; 2.52e-13 ; True ; 1 19 24 315 373 518 527 695  ; 2 1 2 6 5 3 4 3 3 3 4 2 3 3 3 1 
93.4 ; 2.831e-13 ; True ; 1 19 373 422 467 527 609 695  ; 3 1 2 7 4 2 3 4 4 3 4 2 3 3 3 1 
95.31 ; 3.159e-13 ; True ; 1 152 373 422 467 527 609 695  ; 4 1 2 7 4 3 2 4 4 2 5 2 3 3 4 1 
96.06 ; 3.168e-13 ; True ; 1 19 24 373 422 527 609 695  ; 2 1 2 7 5 3 3 4 4 3 4 2 3 3 3 1 
98.01 ; 3.314e-13 ; True ; 1 24 152 373 467 527 609 695  ; 3 1 3 7 5 3 2 4 3 2 5 2 3 3 4 1 
98.98 ; 3.527e-13 ; True ; 1 24 152 373 422 527 609 695  ; 3 1 2 7 5 4 2 4 4 2 5 2 3 3 4 1 
101.1 ; 4.007e-13 ; True ; 1 19 24 29 373 527 695 849  ; 3 1 2 7 6 3 3 4 3 3 4 2 4 2 4 1 
106.8 ; 4.123e-13 ; True ; 1 19 24 152 373 527 609 695  ; 2 1 2 7 6 3 3 3 3 3 4 2 3 3 3 2 
107.6 ; 4.31e-13 ; True ; 1 24 152 176 315 373 518 609 695  ; 3 1 2 7 6 3 3 3 4 3 4 2 3 3 4 1 
108.4 ; 4.456e-13 ; True ; 1 19 176 315 373 422 467 527 695  ; 4 1 2 7 5 2 5 4 5 2 4 3 2 3 3 1 
109 ; 4.831e-13 ; True ; 1 19 24 176 315 373 467 527 695  ; 3 1 3 7 6 2 5 4 4 2 4 3 2 3 3 1 
109.3 ; 5.242e-13 ; True ; 1 19 176 315 373 467 518 527 695  ; 3 1 2 7 5 2 5 3 4 3 4 3 3 3 3 1 
110 ; 5.278e-13 ; True ; 1 19 121 315 373 467 527 609 695  ; 3 1 2 7 6 2 4 4 4 3 4 2 3 4 3 1 
110.2 ; 5.723e-13 ; True ; 1 19 162 315 373 422 527 695 863  ; 4 1 2 6 5 3 4 4 4 3 4 2 2 4 3 1 
111.6 ; 5.727e-13 ; True ; 1 152 176 315 373 467 527 587 695  ; 5 1 2 7 5 2 4 3 4 2 5 3 3 3 4 1 
111.9 ; 5.944e-13 ; True ; 1 19 162 315 373 422 527 610 695  ; 4 1 2 7 5 3 4 3 5 3 5 2 2 3 4 1 
112.1 ; 7.137e-13 ; True ; 1 19 315 373 422 467 527 609 695  ; 4 1 2 7 5 2 4 4 5 3 4 2 3 4 3 1 
112.9 ; 7.332e-13 ; True ; 1 19 162 373 422 527 609 610 695  ; 3 1 2 8 5 3 3 3 5 4 5 2 3 3 4 1 
113.6 ; 7.737e-13 ; True ; 1 19 24 315 373 467 527 609 695  ; 3 1 3 7 6 2 4 4 4 3 4 2 3 4 3 1 
114.3 ; 7.873e-13 ; True ; 1 19 24 315 373 467 527 587 695  ; 4 1 3 7 5 2 4 4 3 3 5 2 3 3 4 1 
114.4 ; 8.254e-13 ; True ; 1 19 24 249 315 373 467 527 695  ; 3 1 3 6 6 3 4 4 4 3 5 2 2 3 4 1 
114.8 ; 9.079e-13 ; True ; 1 19 24 315 373 467 518 527 695  ; 3 1 3 7 5 3 4 4 3 3 5 2 3 3 4 1 
115.8 ; 9.56e-13 ; True ; 1 19 162 373 422 467 527 609 695  ; 4 1 2 8 5 3 3 4 4 4 5 2 3 3 4 1 
118.4 ; 9.708e-13 ; True ; 1 24 152 315 373 467 527 609 695  ; 4 1 3 7 6 3 3 4 4 2 5 2 3 4 4 1 
118.8 ; 9.918e-13 ; True ; 1 119 152 162 373 467 527 609 695  ; 4 1 2 8 5 4 3 3 4 3 5 3 3 3 4 1 
119.3 ; 1.036e-12 ; True ; 1 19 24 162 373 422 527 609 695  ; 3 1 2 8 6 4 3 4 4 4 5 2 3 3 4 1 
119.5 ; 1.07e-12 ; True ; 1 19 24 373 422 467 527 609 695  ; 3 1 3 8 5 3 3 5 4 3 5 2 3 3 4 1 
121 ; 1.073e-12 ; True ; 1 19 373 422 467 527 609 695 849  ; 4 1 2 8 5 3 3 4 4 4 4 2 4 3 4 1 
123.4 ; 1.184e-12 ; True ; 1 19 24 29 373 422 527 609 695  ; 3 1 2 8 6 3 3 5 5 3 5 2 4 3 4 1 
124.5 ; 1.184e-12 ; True ; 1 19 24 29 373 527 609 695 849  ; 3 1 2 8 7 3 3 4 4 4 4 2 5 3 4 1 
126.5 ; 1.209e-12 ; True ; 1 19 24 29 373 422 527 695 849  ; 4 1 2 8 6 4 3 5 4 3 5 2 4 2 5 1 
126.8 ; 1.228e-12 ; True ; 1 29 96 152 373 467 527 695 849  ; 5 1 2 8 6 4 3 4 3 2 5 3 4 3 5 1 
127.3 ; 1.245e-12 ; True ; 1 24 29 152 373 527 609 695 849  ; 4 1 2 8 7 4 2 4 4 3 5 2 5 3 5 1 
128.7 ; 1.459e-12 ; True ; 1 19 152 373 422 467 527 609 695  ; 4 1 2 8 5 3 3 4 4 3 5 2 3 3 4 2 
131.3 ; 1.484e-12 ; True ; 1 19 24 152 373 467 527 609 695  ; 3 1 3 8 6 3 3 4 3 3 5 2 3 3 4 2 
132.3 ; 1.58e-12 ; True ; 1 19 24 152 373 422 527 609 695  ; 3 1 2 8 6 4 3 4 4 3 5 2 3 3 4 2 
133.3 ; 1.609e-12 ; True ; 1 19 24 176 315 373 467 527 609 695  ; 3 1 3 8 7 2 5 4 5 3 4 3 3 4 3 1 
133.8 ; 1.621e-12 ; True ; 1 19 162 315 373 422 527 609 695 863  ; 4 1 2 7 6 3 4 4 5 4 4 2 3 5 3 1 
133.9 ; 1.777e-12 ; True ; 1 19 24 176 315 373 467 527 587 695  ; 4 1 3 8 6 2 5 4 4 3 5 3 3 3 4 1 
134.4 ; 2.049e-12 ; True ; 1 19 24 176 315 373 467 518 527 695  ; 3 1 3 8 6 3 5 4 4 3 5 3 3 3 4 1 
136.6 ; 2.159e-12 ; True ; 1 19 162 176 373 422 467 527 609 695  ; 4 1 2 9 6 3 4 4 5 4 5 3 3 3 4 1 
137.4 ; 2.201e-12 ; True ; 1 19 162 315 373 422 467 527 609 695  ; 5 1 2 8 6 3 4 4 5 4 5 2 3 4 4 1 
138.8 ; 2.388e-12 ; True ; 1 19 24 315 373 467 518 527 587 695  ; 4 1 3 8 5 3 4 4 3 4 6 2 4 3 5 1 
138.9 ; 2.51e-12 ; True ; 1 19 24 249 315 373 467 518 527 695  ; 3 1 3 7 6 4 4 4 4 4 6 2 3 3 5 1 
140.1 ; 2.594e-12 ; True ; 1 19 24 315 373 467 518 527 609 695  ; 3 1 3 8 6 3 4 4 4 4 5 2 4 4 4 1 
141 ; 2.617e-12 ; True ; 1 19 24 315 373 422 467 527 609 695  ; 4 1 3 8 6 3 4 5 5 3 5 2 3 4 4 1 
143.7 ; 2.653e-12 ; True ; 1 24 152 176 373 467 527 587 609 695  ; 4 1 3 9 6 3 3 4 4 3 6 3 4 3 5 1 
144.2 ; 2.726e-12 ; True ; 1 24 152 176 373 467 518 527 609 695  ; 3 1 3 9 6 4 3 4 4 3 6 3 4 3 5 1 
145.5 ; 2.782e-12 ; True ; 1 24 152 249 315 373 467 527 609 695  ; 4 1 3 7 7 4 3 4 5 3 6 2 3 4 5 1 
145.6 ; 2.815e-12 ; True ; 1 19 24 373 422 467 527 587 609 695  ; 4 1 3 9 5 3 3 5 4 4 6 2 4 3 5 1 
145.7 ; 2.825e-12 ; True ; 1 19 24 162 373 422 467 527 609 695  ; 4 1 3 9 6 4 3 5 4 4 6 2 3 3 5 1 
145.9 ; 2.951e-12 ; True ; 1 24 152 315 373 467 518 527 609 695  ; 4 1 3 8 6 4 3 4 4 3 6 2 4 4 5 1 
149.2 ; 3.001e-12 ; True ; 1 19 24 29 315 373 518 527 695 735  ; 3 1 3 8 6 4 4 5 4 3 6 2 4 3 5 1 
150 ; 3.048e-12 ; True ; 1 24 152 176 373 467 527 609 695 849  ; 4 1 3 9 7 4 3 4 4 3 5 3 4 3 5 1 
150.7 ; 3.107e-12 ; True ; 1 24 152 315 373 467 527 609 695 849  ; 5 1 3 8 7 4 3 4 4 3 5 2 4 4 5 1 
150.9 ; 3.294e-12 ; True ; 1 19 24 373 422 467 527 609 695 849  ; 4 1 3 9 6 4 3 5 4 4 5 2 4 3 5 1 
151.3 ; 3.295e-12 ; True ; 1 19 152 176 373 422 467 527 609 695  ; 4 1 2 9 6 3 4 4 5 3 5 3 3 3 4 2 
151.9 ; 3.355e-12 ; True ; 1 19 24 29 373 422 527 609 695 849  ; 4 1 2 9 7 4 3 5 5 4 5 2 5 3 5 1 
152.1 ; 3.359e-12 ; True ; 1 19 152 315 373 422 467 527 609 695  ; 5 1 2 8 6 3 4 4 5 3 5 2 3 4 4 2 
153.9 ; 3.507e-12 ; True ; 1 19 24 152 176 373 467 527 609 695  ; 3 1 3 9 7 3 4 4 4 3 5 3 3 3 4 2 
154.6 ; 3.797e-12 ; True ; 1 19 24 152 315 373 467 527 609 695  ; 4 1 3 8 7 3 4 4 4 3 5 2 3 4 4 2 
156.1 ; 3.866e-12 ; True ; 1 19 119 152 373 422 467 527 609 695  ; 4 1 2 9 5 4 4 4 5 3 5 3 3 3 4 2 
157.8 ; 4.064e-12 ; True ; 1 19 24 176 315 373 467 518 527 610 695  ; 3 1 4 9 6 3 5 4 5 3 6 3 3 3 5 1 
159.1 ; 4.4e-12 ; True ; 1 19 162 176 315 373 422 467 527 609 695  ; 5 1 2 9 7 3 5 4 6 4 5 3 3 4 4 1 
160.1 ; 4.629e-12 ; True ; 1 19 162 176 373 422 467 527 609 610 695  ; 4 1 3 10 6 3 4 4 6 4 6 3 3 3 5 1 
160.4 ; 5.39e-12 ; True ; 1 19 24 176 315 373 467 518 527 587 695  ; 4 1 3 9 6 3 5 4 4 4 6 3 4 3 5 1 
161.7 ; 5.395e-12 ; True ; 1 19 24 176 315 373 467 518 527 609 695  ; 3 1 3 9 7 3 5 4 5 4 5 3 4 4 4 1 
162.5 ; 5.538e-12 ; True ; 1 19 24 176 315 373 466 467 518 527 695  ; 3 1 3 9 6 4 5 4 4 4 6 3 4 3 5 1 
164.5 ; 5.809e-12 ; True ; 1 19 24 249 315 373 467 518 527 587 695  ; 4 1 3 8 6 4 4 4 4 5 7 2 4 3 6 1 
166.4 ; 5.811e-12 ; True ; 1 19 24 176 373 467 527 587 609 695 735  ; 3 1 4 10 6 3 4 5 4 4 6 3 4 3 5 1 
167 ; 5.999e-12 ; True ; 1 19 24 315 373 467 518 527 587 609 695  ; 4 1 3 9 6 3 4 4 4 5 6 2 5 4 5 1 
167.1 ; 6.197e-12 ; True ; 1 19 24 249 315 373 467 518 527 609 695  ; 3 1 3 8 7 4 4 4 5 5 6 2 4 4 5 1 
167.6 ; 6.465e-12 ; True ; 1 19 24 315 373 467 518 527 609 695 735  ; 3 1 4 9 6 4 4 5 4 4 6 2 4 4 5 1 
168.5 ; 6.543e-12 ; True ; 1 24 152 176 315 373 467 518 527 609 695  ; 4 1 3 9 7 4 4 4 5 3 6 3 4 4 5 1 
171.3 ; 7.072e-12 ; True ; 1 19 24 315 373 422 467 518 527 609 695  ; 4 1 3 9 6 4 4 5 5 4 6 2 4 4 5 1 
175.5 ; 7.302e-12 ; True ; 1 19 24 176 373 422 467 527 609 695 849  ; 4 1 3 10 7 4 4 5 5 4 5 3 4 3 5 1 
176.3 ; 7.446e-12 ; True ; 1 19 24 315 373 422 467 527 609 695 849  ; 5 1 3 9 7 4 4 5 5 4 5 2 4 4 5 1 
178.3 ; 7.804e-12 ; True ; 1 19 24 152 176 315 373 467 527 609 695  ; 4 1 3 9 8 3 5 4 5 3 5 3 3 4 4 2 
179.5 ; 8.105e-12 ; True ; 1 19 24 152 176 315 373 467 518 527 695  ; 4 1 3 9 7 4 5 4 4 3 6 3 3 3 5 2 
181.5 ; 8.186e-12 ; True ; 1 19 24 29 315 373 527 609 695 735 849  ; 4 1 3 9 8 4 4 5 5 4 5 2 5 4 5 1 
181.8 ; 8.201e-12 ; True ; 1 19 24 119 373 422 467 527 609 695 849  ; 4 1 3 10 6 5 4 5 5 4 5 3 4 3 5 1 
182.8 ; 9.03e-12 ; True ; 1 19 119 152 162 373 422 467 527 609 695  ; 5 1 2 10 6 5 4 4 5 4 6 3 3 3 5 2 
183.9 ; 9.222e-12 ; True ; 1 19 24 152 176 373 467 527 587 609 695  ; 4 1 3 10 7 3 4 4 4 4 6 3 4 3 5 2 
184.3 ; 9.558e-12 ; True ; 1 19 24 152 176 373 422 467 527 609 695  ; 4 1 3 10 7 4 4 5 5 3 6 3 3 3 5 2 
185.7 ; 9.56e-12 ; True ; 1 19 24 152 249 315 373 467 527 609 695  ; 4 1 3 8 8 4 4 4 5 4 6 2 3 4 5 2 
185.7 ; 1.003e-11 ; True ; 1 19 24 176 315 373 467 518 527 587 610 695  ; 4 1 4 10 6 3 5 4 5 4 7 3 4 3 6 1 
186 ; 1.026e-11 ; True ; 1 19 24 152 315 373 467 518 527 609 695  ; 4 1 3 9 7 4 4 4 4 4 6 2 4 4 5 2 
187 ; 1.145e-11 ; True ; 19 24 176 249 315 373 467 518 527 587 695 735  ; 4 1 3 9 7 5 5 4 5 4 7 3 4 3 6 1 
188 ; 1.147e-11 ; True ; 1 19 24 176 249 315 373 467 518 527 695 735  ; 3 1 4 9 7 5 5 5 5 4 7 3 3 3 6 1 
188 ; 1.208e-11 ; True ; 1 19 24 176 249 315 373 467 518 527 587 695  ; 4 1 3 9 7 4 5 4 5 5 7 3 4 3 6 1 
188.8 ; 1.26e-11 ; True ; 1 19 24 176 315 373 467 518 527 587 695 735  ; 4 1 4 10 6 4 5 5 4 4 7 3 4 3 6 1 
191.2 ; 1.344e-11 ; True ; 1 19 24 176 315 373 467 518 527 609 695 735  ; 3 1 4 10 7 4 5 5 5 4 6 3 4 4 5 1 
194.9 ; 1.413e-11 ; True ; 1 19 24 176 315 373 422 467 518 527 609 695  ; 4 1 3 10 7 4 5 5 6 4 6 3 4 4 5 1 
198.3 ; 1.426e-11 ; True ; 1 24 152 176 315 373 467 518 527 587 609 695  ; 5 1 3 10 7 4 4 4 5 4 7 3 5 4 6 1 
198.9 ; 1.437e-11 ; True ; 1 24 152 176 315 373 467 518 527 609 695 735  ; 4 1 4 10 7 5 4 5 5 3 7 3 4 4 6 1 
199.6 ; 1.462e-11 ; True ; 1 24 152 176 315 373 466 467 518 527 609 695  ; 4 1 3 10 7 5 4 4 5 4 7 3 5 4 6 1 
201.6 ; 1.489e-11 ; True ; 1 19 24 249 315 373 467 518 527 587 656 695  ; 4 1 3 8 6 4 4 4 5 5 7 3 5 4 6 1 
202.4 ; 1.525e-11 ; True ; 1 19 24 315 373 467 518 527 587 656 695 735  ; 4 1 4 9 5 4 4 5 4 4 7 3 5 4 6 1 
202.7 ; 1.562e-11 ; True ; 1 19 24 249 315 373 467 527 587 656 695 735  ; 4 1 4 8 6 4 4 5 5 4 7 3 4 4 6 1 
204.9 ; 1.564e-11 ; True ; 1 19 24 119 315 373 467 527 587 609 695 735  ; 4 1 4 10 6 4 5 5 5 4 6 3 4 4 5 1 
207.7 ; 1.634e-11 ; True ; 1 19 24 315 373 422 467 518 527 609 685 695  ; 4 1 4 10 7 4 4 5 5 4 6 3 5 4 5 1 
208.8 ; 1.742e-11 ; True ; 1 19 24 108 249 315 373 467 518 527 587 695  ; 4 1 3 9 6 5 5 5 4 5 7 3 4 4 6 1 
210.3 ; 1.883e-11 ; True ; 1 19 24 152 176 315 373 467 518 527 587 695  ; 5 1 3 10 7 4 5 4 4 4 7 3 4 3 6 2 
211.1 ; 1.933e-11 ; True ; 1 19 24 152 176 315 373 467 527 587 609 695  ; 5 1 3 10 8 3 5 4 5 4 6 3 4 4 5 2 
211.6 ; 2.109e-11 ; True ; 1 19 24 152 176 315 373 467 518 527 609 695  ; 4 1 3 10 8 4 5 4 5 4 6 3 4 4 5 2 
216.5 ; 2.156e-11 ; True ; 1 19 24 152 176 373 467 527 587 609 695 735  ; 4 1 4 11 7 4 4 5 4 4 7 3 4 3 6 2 
216.7 ; 2.209e-11 ; True ; 19 24 176 249 315 373 466 467 518 527 587 695 735  ; 4 1 3 10 7 6 5 4 5 5 8 3 5 3 7 1 
217.3 ; 2.221e-11 ; True ; 1 19 24 152 176 373 422 467 527 587 609 695  ; 5 1 3 11 7 4 4 5 5 4 7 3 4 3 6 2 
217.4 ; 2.54e-11 ; True ; 1 19 24 176 249 315 373 467 518 527 587 695 735  ; 4 1 4 10 7 5 5 5 5 5 8 3 4 3 7 1 
221.1 ; 2.689e-11 ; True ; 1 19 24 176 249 315 373 467 518 527 609 695 735  ; 3 1 4 10 8 5 5 5 6 5 7 3 4 4 6 1 
222 ; 2.916e-11 ; True ; 1 19 24 176 315 373 467 518 527 587 609 695 735  ; 4 1 4 11 7 4 5 5 5 5 7 3 5 4 6 1 
228.3 ; 2.982e-11 ; True ; 1 19 24 176 315 373 422 467 518 527 609 695 735  ; 4 1 4 11 7 5 5 6 6 4 7 3 4 4 6 1 
230.7 ; 2.998e-11 ; True ; 1 24 152 176 315 373 467 518 527 587 609 695 735  ; 5 1 4 11 7 5 4 5 5 4 8 3 5 4 7 1 
232 ; 3.132e-11 ; True ; 1 19 24 249 315 373 467 518 527 587 656 695 735  ; 4 1 4 9 6 5 4 5 5 5 8 3 5 4 7 1 
235.2 ; 3.198e-11 ; True ; 1 19 24 29 176 315 373 467 518 527 609 695 735  ; 4 1 4 11 8 4 5 6 6 4 7 3 5 4 6 1 
237.2 ; 3.275e-11 ; True ; 1 19 24 119 315 373 467 518 527 587 609 695 735  ; 4 1 4 11 6 5 5 5 5 5 7 3 5 4 6 1 
239.6 ; 3.354e-11 ; True ; 1 19 24 152 176 315 373 467 518 527 587 610 695  ; 5 1 4 11 7 4 5 4 5 4 8 3 4 3 7 2 
240.2 ; 3.385e-11 ; True ; 1 19 24 108 249 315 373 467 518 527 587 695 735  ; 4 1 4 10 6 6 5 6 4 5 8 3 4 4 7 1 
240.3 ; 3.456e-11 ; True ; 1 19 24 152 176 315 373 467 527 587 609 610 695  ; 5 1 4 11 8 3 5 4 6 4 7 3 4 4 6 2 
240.9 ; 3.77e-11 ; True ; 1 19 24 152 176 315 373 467 518 527 609 610 695  ; 4 1 4 11 8 4 5 4 6 4 7 3 4 4 6 2 
243.7 ; 3.96e-11 ; True ; 1 19 24 152 176 315 373 467 518 527 587 695 735  ; 5 1 4 11 7 5 5 5 4 4 8 3 4 3 7 2 
245.4 ; 4.308e-11 ; True ; 1 19 24 152 176 315 373 467 518 527 587 609 695  ; 5 1 3 11 8 4 5 4 5 5 7 3 5 4 6 2 
246 ; 4.632e-11 ; True ; 1 19 24 152 176 315 373 467 518 527 609 695 735  ; 4 1 4 11 8 5 5 5 5 4 7 3 4 4 6 2 
251.1 ; 4.681e-11 ; True ; 1 19 24 176 315 373 467 518 527 587 609 610 695 735  ; 4 1 5 12 7 4 5 5 6 5 8 3 5 4 7 1 
253.5 ; 5.362e-11 ; True ; 1 19 24 176 249 315 373 467 518 527 587 609 695 735  ; 4 1 4 11 8 5 5 5 6 6 8 3 5 4 7 1 
255.7 ; 5.39e-11 ; True ; 1 19 24 176 315 373 466 467 518 527 587 609 695 735  ; 4 1 4 12 7 5 5 5 5 6 8 3 6 4 7 1 
260.5 ; 5.572e-11 ; True ; 1 19 24 176 249 315 373 467 518 527 587 656 695 735  ; 4 1 4 10 7 5 5 5 6 5 8 4 5 4 7 1 
262.1 ; 5.832e-11 ; True ; 1 19 24 176 315 373 422 467 518 527 587 609 695 735  ; 5 1 4 12 7 5 5 6 6 5 8 3 5 4 7 1 
267.1 ; 5.898e-11 ; True ; 1 19 24 108 152 315 373 467 518 527 587 609 695  ; 5 1 3 11 7 5 5 5 4 5 7 3 5 5 6 2 
268.1 ; 5.943e-11 ; True ; 1 19 24 108 152 315 373 467 527 587 609 695 735  ; 5 1 4 11 7 5 5 6 4 4 7 3 4 5 6 2 
268.6 ; 6.019e-11 ; True ; 1 19 24 108 176 249 315 373 467 518 527 587 695 735  ; 4 1 4 11 7 6 6 6 5 5 8 4 4 4 7 1 
271.5 ; 6.038e-11 ; True ; 1 19 24 108 152 315 373 422 467 518 527 609 695  ; 5 1 3 11 7 6 5 6 5 4 7 3 4 5 6 2 
272.3 ; 6.136e-11 ; True ; 1 19 24 108 176 249 315 373 467 518 527 587 609 695  ; 4 1 3 11 8 5 6 5 6 6 7 4 5 5 6 1 
273.1 ; 6.741e-11 ; True ; 1 19 24 108 176 315 373 467 518 527 587 609 695 735  ; 4 1 4 12 7 5 6 6 5 5 7 4 5 5 6 1 
276.6 ; 7.373e-11 ; True ; 1 19 24 152 176 315 373 467 518 527 587 609 610 695  ; 5 1 4 12 8 4 5 4 6 5 8 3 5 4 7 2 
277.3 ; 7.434e-11 ; True ; 1 19 24 152 176 315 373 467 518 527 609 610 695 735  ; 4 1 5 12 8 5 5 5 6 4 8 3 4 4 7 2 
278.8 ; 7.558e-11 ; True ; 1 19 24 152 176 315 373 466 467 518 527 609 610 695  ; 4 1 4 12 8 5 5 4 6 5 8 3 5 4 7 2 
280 ; 7.64e-11 ; True ; 1 19 24 152 176 315 373 422 467 518 527 609 610 695  ; 5 1 4 12 8 5 5 5 7 4 8 3 4 4 7 2 
280.9 ; 8.469e-11 ; True ; 1 19 24 152 176 249 315 373 467 518 527 609 695 735  ; 4 1 4 11 9 6 5 5 6 5 8 3 4 4 7 2 
281.7 ; 9.058e-11 ; True ; 1 19 24 152 176 315 373 467 518 527 587 609 695 735  ; 5 1 4 12 8 5 5 5 5 5 8 3 5 4 7 2 
292.2 ; 9.072e-11 ; True ; 1 19 24 108 152 176 315 373 467 518 527 609 610 695  ; 4 1 4 12 8 5 6 5 6 4 7 4 4 5 6 2 
293 ; 9.253e-11 ; True ; 1 19 24 152 176 315 373 422 467 518 527 609 685 695  ; 5 1 4 12 9 5 5 5 6 4 7 4 5 4 6 2 
293.9 ; 9.858e-11 ; True ; 1 19 24 29 152 176 315 373 467 518 527 609 695 735  ; 5 1 4 12 9 5 5 6 6 4 8 3 5 4 7 2 
297 ; 9.902e-11 ; True ; 1 19 24 119 152 315 373 467 518 527 587 609 695 735  ; 5 1 4 12 7 6 5 5 5 5 8 3 5 4 7 2 
297.6 ; 1.037e-10 ; True ; 1 19 24 108 152 176 315 373 467 518 527 587 609 695  ; 5 1 3 12 8 5 6 5 5 5 7 4 5 5 6 2 
298.6 ; 1.044e-10 ; True ; 1 19 24 108 152 176 315 373 467 527 587 609 695 735  ; 5 1 4 12 8 5 6 6 5 4 7 4 4 5 6 2 
300.3 ; 1.05e-10 ; True ; 1 19 24 108 152 315 373 467 518 527 587 609 610 695  ; 5 1 4 12 7 5 5 5 5 5 8 3 5 5 7 2 
301.2 ; 1.066e-10 ; True ; 1 19 24 108 152 176 373 467 518 527 587 609 695 735  ; 4 1 4 13 7 6 5 6 4 5 8 4 5 4 7 2 
304.7 ; 1.095e-10 ; True ; 1 19 24 108 152 249 315 373 467 518 527 609 695 735  ; 4 1 4 11 8 7 5 6 5 5 8 3 4 5 7 2 
305.4 ; 1.146e-10 ; True ; 1 19 24 108 152 315 373 467 518 527 587 609 695 735  ; 5 1 4 12 7 6 5 6 4 5 8 3 5 5 7 2 
308.6 ; 1.192e-10 ; True ; 1 19 24 108 176 249 315 373 467 518 527 587 609 695 735  ; 4 1 4 12 8 6 6 6 6 6 8 4 5 5 7 1 
310.9 ; 1.199e-10 ; True ; 1 19 24 108 176 315 373 466 467 518 527 587 609 695 735  ; 4 1 4 13 7 6 6 6 5 6 8 4 6 5 7 1 
313.7 ; 1.2e-10 ; True ; 1 19 24 29 108 152 176 373 467 527 587 609 695 735  ; 5 1 4 13 8 5 5 7 5 4 8 4 5 4 7 2 
314 ; 1.282e-10 ; True ; 1 19 24 152 176 249 315 373 467 518 527 609 610 695 735  ; 4 1 5 12 9 6 5 5 7 5 9 3 4 4 8 2 
314.9 ; 1.409e-10 ; True ; 1 19 24 152 176 315 373 467 518 527 587 609 610 695 735  ; 5 1 5 13 8 5 5 5 6 5 9 3 5 4 8 2 
315.7 ; 1.439e-10 ; True ; 1 19 24 152 176 229 315 373 467 518 527 587 609 695 735  ; 5 1 4 13 9 5 6 5 6 5 8 3 5 5 7 2 
318.2 ; 1.541e-10 ; True ; 1 19 24 152 176 249 315 373 467 518 527 587 609 695 735  ; 5 1 4 12 9 6 5 5 6 6 9 3 5 4 8 2 
320.5 ; 1.561e-10 ; True ; 1 19 24 152 176 315 373 466 467 518 527 587 609 695 735  ; 5 1 4 13 8 6 5 5 5 6 9 3 6 4 8 2 
325.8 ; 1.628e-10 ; True ; 1 19 24 152 176 315 373 422 467 518 527 587 609 695 735  ; 6 1 4 13 8 6 5 6 6 5 9 3 5 4 8 2 
329.9 ; 1.646e-10 ; True ; 1 19 24 152 176 315 373 467 518 527 587 609 685 695 735  ; 5 1 5 13 9 5 5 5 5 5 8 4 6 4 7 2 
331.8 ; 1.774e-10 ; True ; 1 19 24 108 152 176 315 373 467 518 527 587 609 610 695  ; 5 1 4 13 8 5 6 5 6 5 8 4 5 5 7 2 
333.2 ; 1.791e-10 ; True ; 1 19 24 152 176 315 373 466 467 527 587 609 656 695 735  ; 5 1 4 12 8 5 5 5 6 5 8 4 6 5 7 2 
337.1 ; 1.82e-10 ; True ; 1 19 24 108 152 176 249 315 373 467 518 527 587 609 695  ; 5 1 3 12 9 6 6 5 6 6 8 4 5 5 7 2 
337.1 ; 1.835e-10 ; True ; 1 19 24 108 152 176 249 315 373 467 518 527 609 695 735  ; 4 1 4 12 9 7 6 6 6 5 8 4 4 5 7 2 
337.9 ; 2.014e-10 ; True ; 1 19 24 108 152 176 315 373 467 518 527 587 609 695 735  ; 5 1 4 13 8 6 6 6 5 5 8 4 5 5 7 2 
351.5 ; 2.042e-10 ; True ; 1 19 24 108 152 176 373 467 518 527 587 609 695 735 833  ; 5 1 4 14 8 6 5 6 5 5 8 5 5 5 7 2 
352.3 ; 2.089e-10 ; True ; 1 19 24 108 152 176 315 373 467 518 527 609 695 735 849  ; 5 1 4 13 9 7 6 6 5 5 7 4 5 5 7 2 
352.3 ; 2.127e-10 ; True ; 1 19 24 152 176 249 315 373 467 518 527 587 609 695 735 774  ; 6 1 4 13 9 6 5 6 6 6 10 3 5 4 9 2 
353.3 ; 2.28e-10 ; True ; 1 19 24 152 176 249 315 373 467 518 527 587 609 610 695 735  ; 5 1 5 13 9 6 5 5 7 6 10 3 5 4 9 2 
355.6 ; 2.372e-10 ; True ; 1 19 24 152 176 315 373 466 467 518 527 587 609 610 695 735  ; 5 1 5 14 8 6 5 5 6 6 10 3 6 4 9 2 
361 ; 2.409e-10 ; True ; 1 19 24 152 176 315 373 422 467 518 527 587 609 610 695 735  ; 6 1 5 14 8 6 5 6 7 5 10 3 5 4 9 2 
362.4 ; 2.48e-10 ; True ; 1 19 24 152 176 246 315 373 466 467 518 527 587 609 695 735  ; 5 1 4 13 9 6 6 5 6 6 9 3 6 5 8 2 
363 ; 2.581e-10 ; True ; 1 19 24 152 176 249 315 373 467 518 527 587 609 695 735 863  ; 5 1 5 12 9 6 5 6 6 6 9 3 5 5 8 2 
365.1 ; 2.614e-10 ; True ; 1 19 24 152 176 315 373 466 467 518 527 587 609 695 735 863  ; 5 1 5 13 8 6 5 6 5 6 9 3 6 5 8 2 
369.4 ; 2.786e-10 ; True ; 1 19 24 152 176 249 315 373 467 518 527 587 609 685 695 735  ; 5 1 5 13 10 6 5 5 6 6 9 4 6 4 8 2 
374 ; 3.133e-10 ; True ; 1 19 24 108 152 176 315 373 467 518 527 587 609 610 695 735  ; 5 1 5 14 8 6 6 6 6 5 9 4 5 5 8 2 
378.3 ; 3.339e-10 ; True ; 1 19 24 108 152 176 249 315 373 467 518 527 587 609 695 735  ; 5 1 4 13 9 7 6 6 6 6 9 4 5 5 8 2 
380.6 ; 3.382e-10 ; True ; 1 19 24 108 152 176 315 373 466 467 518 527 587 609 695 735  ; 5 1 4 14 8 7 6 6 5 6 9 4 6 5 8 2 
386.9 ; 3.432e-10 ; True ; 1 19 24 108 152 176 315 373 422 467 518 527 587 609 695 735  ; 6 1 4 14 8 7 6 7 6 5 9 4 5 5 8 2 
391 ; 3.436e-10 ; True ; 1 19 24 108 152 176 315 373 467 518 527 587 609 685 695 735  ; 5 1 5 14 9 6 6 6 5 5 8 5 6 5 7 2 
395.6 ; 3.498e-10 ; True ; 1 19 24 108 152 176 315 373 422 466 467 527 587 609 685 695  ; 6 1 4 14 9 6 6 6 6 5 8 5 6 5 7 2 
395.8 ; 3.567e-10 ; True ; 1 19 24 108 152 176 315 373 467 518 527 587 609 695 735 849  ; 6 1 4 14 9 7 6 6 5 6 8 4 6 5 8 2 
397.2 ; 3.619e-10 ; True ; 1 19 24 108 152 249 315 373 467 518 527 587 609 685 695 735  ; 5 1 5 13 9 7 5 6 5 6 9 4 6 5 8 2 
400.9 ; 3.665e-10 ; True ; 1 19 24 152 176 249 315 373 467 518 527 587 609 610 695 735 863  ; 5 1 6 13 9 6 5 6 7 6 10 3 5 5 9 2 
403.1 ; 3.814e-10 ; True ; 1 19 24 152 176 315 373 466 467 518 527 587 609 610 695 735 863  ; 5 1 6 14 8 6 5 6 6 6 10 3 6 5 9 2 
405.5 ; 3.882e-10 ; True ; 1 19 24 152 176 315 373 422 466 467 518 527 587 609 610 695 735  ; 6 1 5 15 8 7 5 6 7 6 11 3 6 4 10 2 
407.5 ; 3.957e-10 ; True ; 1 19 24 152 176 249 315 373 467 518 527 587 609 610 685 695 735  ; 5 1 6 14 10 6 5 5 7 6 10 4 6 4 9 2 
410.3 ; 4.291e-10 ; True ; 1 19 24 108 149 152 176 315 373 467 518 527 587 609 610 695 735  ; 5 1 5 15 9 6 7 6 6 5 9 4 5 6 9 2 
411.6 ; 4.42e-10 ; True ; 1 19 24 108 152 176 229 315 373 466 467 518 527 587 609 610 695  ; 5 1 4 15 9 6 7 5 7 6 9 4 6 6 8 2 
411.9 ; 4.53e-10 ; True ; 1 19 24 108 152 176 229 315 373 467 518 527 587 609 610 695 735  ; 5 1 5 15 9 6 7 6 7 5 9 4 5 6 8 2 
419.5 ; 5.024e-10 ; True ; 1 19 24 108 152 176 229 315 373 466 467 518 527 587 609 695 735  ; 5 1 4 15 9 7 7 6 6 6 9 4 6 6 8 2 
422.9 ; 5.229e-10 ; True ; 1 19 24 108 152 176 249 315 373 466 467 518 527 587 609 695 735  ; 5 1 4 14 9 8 6 6 6 7 10 4 6 5 9 2 
428.2 ; 5.295e-10 ; True ; 1 19 24 108 152 176 315 373 466 467 518 527 587 609 695 735 863  ; 5 1 5 14 8 7 6 7 5 6 9 4 6 6 8 2 
430.3 ; 5.312e-10 ; True ; 1 19 24 108 152 176 249 315 373 422 467 518 527 587 609 695 735  ; 6 1 4 14 9 8 6 7 7 6 10 4 5 5 9 2 
434.9 ; 5.476e-10 ; True ; 1 19 24 108 152 176 315 373 467 518 527 587 609 610 695 735 849  ; 6 1 5 15 9 7 6 6 6 6 9 4 6 5 9 2 
436.7 ; 5.611e-10 ; True ; 1 19 24 108 152 176 315 373 466 467 518 527 587 609 685 695 735  ; 5 1 5 15 9 7 6 6 5 6 9 5 7 5 8 2 
443 ; 5.855e-10 ; True ; 1 19 24 108 152 176 315 373 422 467 518 527 587 609 685 695 735  ; 6 1 5 15 9 7 6 7 6 5 9 5 6 5 8 2 
450.6 ; 5.867e-10 ; True ; 1 19 24 108 152 176 315 373 466 467 518 527 587 609 695 735 750  ; 5 1 4 15 8 7 6 6 6 6 9 5 7 6 8 2 
453.8 ; 6.02e-10 ; True ; 1 19 24 108 152 249 315 373 422 467 518 527 587 609 656 695 735  ; 6 1 4 13 8 8 5 7 7 6 10 4 6 6 9 2 
455.7 ; 6.079e-10 ; True ; 1 19 24 119 152 176 249 315 373 422 467 518 527 587 609 610 695 735  ; 6 1 5 15 9 8 6 6 9 6 11 4 5 4 10 2 
458.5 ; 7.431e-10 ; True ; 1 19 24 108 152 176 229 315 373 466 467 518 527 587 609 610 695 735  ; 5 1 5 16 9 7 7 6 7 6 10 4 6 6 9 2 
462.9 ; 7.599e-10 ; True ; 1 19 24 108 152 176 249 315 373 466 467 518 527 587 609 610 695 735  ; 5 1 5 15 9 8 6 6 7 7 11 4 6 5 10 2 
469.1 ; 7.726e-10 ; True ; 1 19 24 108 152 176 315 373 466 467 518 527 587 609 610 695 735 863  ; 5 1 6 15 8 7 6 7 6 6 10 4 6 6 9 2 
475.8 ; 7.794e-10 ; True ; 1 19 108 152 176 315 373 422 466 467 518 527 587 609 610 695 735 863  ; 6 1 5 15 7 7 6 7 7 6 10 4 6 6 9 2 
477.8 ; 8.187e-10 ; True ; 1 19 24 108 152 176 315 373 466 467 518 527 587 609 610 685 695 735  ; 5 1 6 16 9 7 6 6 6 6 10 5 7 5 9 2 
478.6 ; 8.293e-10 ; True ; 1 19 24 108 152 176 229 315 373 466 467 518 527 587 609 685 695 735  ; 5 1 5 16 10 7 7 6 6 6 9 5 7 6 8 2 
488.3 ; 8.434e-10 ; True ; 1 19 24 108 152 176 315 373 466 467 518 527 587 609 685 695 735 863  ; 5 1 6 15 9 7 6 7 5 6 9 5 7 6 8 2 
489.4 ; 9.017e-10 ; True ; 1 19 24 108 152 176 249 315 373 422 467 518 527 587 609 685 695 735  ; 6 1 5 15 10 8 6 7 7 6 10 5 6 5 9 2 
506.8 ; 9.162e-10 ; True ; 1 19 24 108 152 176 315 373 422 467 518 527 587 609 685 695 849 863  ; 7 1 5 15 10 7 6 7 6 6 8 5 7 6 8 2 
507.1 ; 9.195e-10 ; True ; 1 19 24 108 152 176 249 315 373 422 467 518 527 609 685 695 735 849  ; 6 1 5 15 11 9 6 7 7 6 9 5 6 5 9 2 
507.9 ; 9.491e-10 ; True ; 1 19 24 108 152 176 315 373 422 467 518 527 587 609 685 695 735 849  ; 7 1 5 16 10 8 6 7 6 6 9 5 7 5 9 2 
510.9 ; 1.007e-09 ; True ; 1 19 24 108 152 176 229 315 373 466 467 518 527 587 609 695 735 774 863  ; 6 1 5 16 9 7 7 8 6 6 10 4 6 7 9 2 
511.9 ; 1.087e-09 ; True ; 1 19 24 108 152 176 229 315 373 466 467 518 527 587 609 610 695 735 863  ; 5 1 6 16 9 7 7 7 7 6 10 4 6 7 9 2 
522 ; 1.135e-09 ; True ; 1 19 24 108 152 176 249 315 373 466 467 518 527 587 609 695 735 751 863  ; 6 1 5 15 10 9 6 7 7 7 11 4 6 6 10 2 
535 ; 1.234e-09 ; True ; 1 19 24 108 152 176 249 315 373 422 466 467 527 587 609 610 685 695 735  ; 6 1 6 16 10 8 6 7 8 6 11 5 6 5 10 2 
538 ; 1.251e-09 ; True ; 1 19 108 152 176 315 373 422 466 467 518 527 587 609 610 685 695 735 863  ; 6 1 6 16 8 7 6 7 7 6 10 5 7 6 9 2 
541.9 ; 1.258e-09 ; True ; 1 19 24 108 152 176 249 315 373 466 467 518 527 587 609 610 695 735 750  ; 5 1 5 16 9 8 6 6 8 7 11 5 7 6 10 2 
547.8 ; 1.263e-09 ; True ; 1 19 24 108 152 176 249 315 373 467 518 527 587 609 610 685 695 849 863  ; 6 1 6 15 11 7 6 6 7 7 9 5 7 6 9 2 
548.1 ; 1.27e-09 ; True ; 1 19 24 108 152 176 315 373 466 467 518 527 587 609 610 695 735 750 863  ; 5 1 6 16 8 7 6 7 7 6 10 5 7 7 9 2 
549.8 ; 1.29e-09 ; True ; 1 19 24 108 152 176 249 315 373 422 467 518 527 587 609 695 735 849 863  ; 7 1 5 15 10 9 6 8 7 7 10 4 6 6 10 2 
551.7 ; 1.314e-09 ; True ; 1 19 24 108 152 176 315 373 422 467 518 527 587 609 610 685 695 849 863  ; 7 1 6 16 10 7 6 7 7 6 9 5 7 6 9 2 
552.8 ; 1.361e-09 ; True ; 1 19 24 108 152 176 229 315 373 422 467 518 527 587 609 685 695 735 849  ; 7 1 5 17 11 8 7 7 7 6 9 5 7 6 9 2 
558.2 ; 1.384e-09 ; True ; 1 19 24 108 152 176 249 315 373 422 467 518 527 587 609 685 695 735 849  ; 7 1 5 16 11 9 6 7 7 7 10 5 7 5 10 2 
565.9 ; 1.41e-09 ; True ; 1 19 24 108 152 176 315 373 466 467 483 518 527 587 609 610 695 735 863  ; 5 1 6 16 9 8 7 7 7 7 10 5 6 6 9 2 
574.9 ; 1.421e-09 ; True ; 1 19 24 108 152 176 315 373 466 467 518 527 587 609 695 735 750 849 863  ; 6 1 5 16 9 8 6 7 6 7 9 5 8 7 9 2 
582.4 ; 1.649e-09 ; True ; 1 19 24 108 152 176 293 315 373 466 467 518 527 587 609 610 695 735 751 863  ; 6 1 6 16 10 8 6 7 7 6 11 4 6 6 10 3 
595.7 ; 1.752e-09 ; True ; 1 19 24 108 152 176 249 315 373 422 467 518 527 587 609 610 695 735 849 863  ; 7 1 6 16 10 9 6 8 8 7 11 4 6 6 11 2 
599.7 ; 1.817e-09 ; True ; 1 19 24 108 152 176 315 373 422 466 467 518 527 587 609 610 695 735 849 863  ; 7 1 6 17 9 9 6 8 7 7 11 4 7 6 11 2 
615.6 ; 1.929e-09 ; True ; 1 19 24 108 152 176 293 315 373 466 467 518 527 587 609 610 695 735 750 863  ; 5 1 6 16 9 7 6 7 7 6 10 5 7 7 9 3 
616.8 ; 2.038e-09 ; True ; 1 19 24 108 152 176 249 315 373 422 467 518 527 587 609 685 695 735 849 863  ; 7 1 6 16 11 9 6 8 7 7 10 5 7 6 10 2 
630.9 ; 2.065e-09 ; True ; 1 19 24 108 152 176 249 315 373 422 439 467 518 527 587 609 685 695 849 863  ; 7 1 6 15 11 8 7 7 7 7 9 6 7 6 9 2 
631.6 ; 2.067e-09 ; True ; 1 19 108 152 176 293 315 373 422 466 467 518 527 587 609 685 695 735 849 863  ; 7 1 5 16 10 8 6 7 6 7 9 5 8 6 9 3 
632.7 ; 2.107e-09 ; True ; 1 19 24 108 152 176 293 315 373 422 466 467 527 587 609 685 695 735 849 863  ; 7 1 6 16 11 8 6 8 6 6 9 5 7 6 9 3 
655.7 ; 2.137e-09 ; True ; 1 19 24 108 152 176 293 315 373 422 466 467 527 587 609 685 695 750 849 863  ; 7 1 5 16 11 7 6 7 7 6 8 6 8 7 8 3 
656.5 ; 2.279e-09 ; True ; 1 19 24 108 152 176 293 315 373 466 467 483 518 527 587 609 685 695 735 863  ; 5 1 6 16 11 8 7 7 6 7 9 6 7 6 8 3 
660.4 ; 2.395e-09 ; True ; 1 19 108 152 176 229 315 373 422 466 467 518 527 587 609 685 695 735 774 849 863  ; 8 1 5 18 10 8 7 8 7 7 10 5 8 7 10 2 
668.5 ; 2.615e-09 ; True ; 1 19 24 108 152 176 293 315 373 422 466 467 518 527 587 609 610 695 735 739 863  ; 6 1 7 16 9 8 6 9 7 6 11 5 6 6 10 3 
669.7 ; 2.744e-09 ; True ; 1 19 24 108 152 176 315 373 422 466 467 518 527 587 609 610 685 695 735 849 863  ; 7 1 7 18 10 9 6 8 7 7 11 5 8 6 11 2 
681.2 ; 2.771e-09 ; True ; 1 19 24 108 152 176 293 315 373 466 467 518 527 587 609 610 695 735 739 849 863  ; 6 1 7 16 10 8 6 8 6 7 10 5 7 6 10 3 
682.4 ; 2.946e-09 ; True ; 1 19 24 108 119 152 176 249 315 373 422 467 518 527 587 609 685 695 735 849 863  ; 7 1 6 17 11 10 7 8 8 7 10 6 7 6 10 2 
719.2 ; 3.053e-09 ; True ; 1 19 24 108 119 152 176 315 373 422 467 483 518 527 587 609 610 685 695 735 849  ; 7 1 6 19 11 10 8 7 9 7 10 7 7 5 10 2 
725.3 ; 3.061e-09 ; True ; 1 19 24 108 152 176 293 315 373 422 466 467 518 527 587 609 610 695 750 839 863  ; 6 1 6 16 9 7 6 8 8 6 11 6 7 7 10 3 
730.4 ; 3.072e-09 ; True ; 1 19 24 108 152 176 315 373 422 466 467 518 527 587 609 610 695 750 839 849 863  ; 7 1 6 17 9 8 6 8 8 7 11 6 8 7 11 2 
736.1 ; 3.465e-09 ; True ; 1 19 24 108 152 176 293 315 373 466 467 483 518 527 587 609 685 695 735 849 863  ; 6 1 6 17 12 9 7 7 6 8 9 6 8 6 9 3 
776.1 ; 4.17e-09 ; True ; 1 19 24 108 145 152 176 315 373 466 467 518 527 587 609 610 685 695 735 750 849 863  ; 6 1 7 19 11 9 7 7 8 8 10 6 9 7 10 2 
827.5 ; 4.291e-09 ; True ; 1 19 24 108 152 176 293 373 422 466 467 518 527 587 609 610 685 695 750 839 849 863  ; 6 1 7 18 10 8 5 8 7 7 11 7 9 6 11 3 
852.3 ; 5.432e-09 ; True ; 1 19 24 108 152 162 176 293 315 373 422 466 467 518 527 587 609 610 695 735 839 849 863  ; 8 1 7 18 11 10 6 9 7 8 13 5 7 6 13 3 
892.5 ; 5.441e-09 ; True ; 1 19 24 108 152 176 315 373 422 466 467 518 527 587 609 610 685 695 711 750 839 849 863  ; 7 1 7 19 11 8 6 9 9 7 11 7 9 8 11 2 
921.2 ; 5.669e-09 ; True ; 1 19 24 108 119 152 176 315 370 373 467 483 518 527 587 609 610 685 695 750 839 849 863  ; 6 1 8 19 11 8 8 8 9 7 9 9 8 7 10 2 
921.4 ; 6.933e-09 ; True ; 1 19 108 119 152 249 293 315 373 422 466 467 518 527 587 609 685 695 735 750 839 849 863  ; 7 1 6 17 10 10 6 8 8 8 11 7 9 7 11 3 
981.7 ; 7.635e-09 ; True ; 1 19 24 108 119 152 264 293 315 370 373 422 466 467 518 527 587 609 610 695 750 839 849 863  ; 7 1 7 18 9 9 7 9 8 7 11 7 8 7 12 3 
1100 ; 9.15e-09 ; True ; 1 19 29 108 119 152 249 293 315 370 373 422 466 527 587 609 610 684 695 735 750 796 839 849 863  ; 8 1 6 19 10 9 7 9 10 7 12 6 9 8 13 3 
1143 ; 1.035e-08 ; True ; 1 19 24 108 152 249 293 315 373 422 424 466 467 483 527 553 587 609 610 695 720 735 839 849 863  ; 8 1 7 17 13 10 8 9 11 8 13 6 6 8 12 3 
1342 ; 1.241e-08 ; True ; 1 19 24 108 119 160 249 293 315 370 373 422 466 483 518 527 568 587 609 610 684 695 750 796 839 849 863  ; 6 1 8 19 10 10 8 10 10 9 12 8 9 8 12 2 
1431 ; 1.241e-08 ; True ; 1 19 24 108 119 160 249 293 315 370 373 422 466 483 518 527 568 587 609 610 684 695 750 796 839 849 863 864  ; 6 1 8 20 10 10 8 10 10 9 12 8 9 8 12 2 
1435 ; 1.241e-08 ; True ; 1 19 24 108 152 249 293 315 327 370 373 422 467 483 518 527 587 609 610 664 684 735 750 752 796 839 849 863  ; 8 1 8 21 12 12 7 10 8 8 15 6 7 8 15 3 


RUN 5:
Optimum Distance: 22.67
Optimal Team: 1,152,373,695,
Required Skills: 0 1 4 5 9 10 11 12 14 15 16 18 22 23 24 26 
Distance; Skill Score; isValid; Team; Skill Counts
22.67 ; 2.278e-17 ; True ; 1 152 373 695  ; 2 1 1 3 2 1 1 2 1 1 2 1 1 1 2 1 
24.56 ; 3.252e-17 ; True ; 1 152 373 527  ; 1 1 1 3 2 2 1 2 1 1 3 1 1 1 2 1 
33.45 ; 2.699e-16 ; True ; 1 152 315 373 695  ; 3 1 1 3 3 1 2 2 2 1 2 1 1 2 2 1 
34.47 ; 2.765e-16 ; True ; 1 152 162 373 695  ; 3 1 1 4 3 2 1 2 1 2 3 1 1 1 3 1 
34.48 ; 3.009e-16 ; True ; 1 152 373 422 695  ; 3 1 1 4 2 2 1 3 2 1 3 1 1 1 3 1 
35.31 ; 4.06e-16 ; True ; 1 152 373 609 695  ; 2 1 1 4 3 1 1 2 2 2 2 1 2 2 2 1 
37.31 ; 5.112e-16 ; True ; 1 152 315 373 527  ; 2 1 1 3 3 2 2 2 2 1 3 1 1 2 2 1 
38.27 ; 6.831e-16 ; True ; 1 29 152 373 527  ; 2 1 1 4 3 2 1 3 2 1 4 1 2 1 3 1 
39.43 ; 1.909e-15 ; True ; 1 152 373 527 695  ; 2 1 1 4 3 2 2 2 2 1 3 2 2 2 2 1 
47.01 ; 2.636e-15 ; True ; 1 119 152 162 373 695  ; 3 1 1 5 3 3 2 2 2 2 3 2 1 1 3 1 
49.11 ; 3.27e-15 ; True ; 1 152 162 373 609 695  ; 3 1 1 5 4 2 1 2 2 3 3 1 2 2 3 1 
49.12 ; 3.961e-15 ; True ; 1 152 373 422 609 695  ; 3 1 1 5 3 2 1 3 3 2 3 1 2 2 3 1 
52.8 ; 4.643e-15 ; True ; 1 24 152 373 609 695  ; 2 1 2 5 4 2 1 3 2 2 3 1 2 2 3 1 
52.96 ; 5.195e-15 ; True ; 1 29 152 373 527 849  ; 3 1 1 5 4 3 1 3 2 2 4 1 3 1 4 1 
53.16 ; 5.208e-15 ; True ; 1 19 29 373 527 849  ; 2 1 1 5 4 2 2 3 2 3 3 1 3 1 3 1 
53.17 ; 8.602e-15 ; True ; 1 152 315 373 527 695  ; 3 1 1 4 4 2 3 2 3 1 3 2 2 3 2 1 
55.08 ; 9.033e-15 ; True ; 1 152 373 527 610 695  ; 2 1 2 5 3 2 2 2 3 1 4 2 2 2 3 1 
55.15 ; 1.248e-14 ; True ; 1 152 373 422 527 695  ; 3 1 1 5 3 3 2 3 3 1 4 2 2 2 3 1 
56 ; 1.373e-14 ; True ; 1 152 162 373 527 695  ; 3 1 1 5 4 3 2 2 2 2 4 2 2 2 3 1 
57.04 ; 1.506e-14 ; True ; 1 29 152 373 527 695  ; 3 1 1 5 4 2 2 3 3 1 4 2 3 2 3 1 
57.11 ; 1.629e-14 ; True ; 1 152 373 527 695 849  ; 3 1 1 5 4 3 2 2 2 2 3 2 3 2 3 1 
61.98 ; 1.689e-14 ; True ; 1 19 162 373 422 609 695  ; 3 1 1 6 4 2 2 3 3 4 3 1 2 2 3 1 
63.69 ; 1.732e-14 ; True ; 1 152 373 483 527 695  ; 2 1 1 5 4 3 3 2 3 2 3 3 2 2 2 1 
63.94 ; 1.823e-14 ; True ; 1 152 162 176 373 609 695  ; 3 1 1 6 5 2 2 2 3 3 3 2 2 2 3 1 
63.95 ; 2.073e-14 ; True ; 1 152 176 373 422 609 695  ; 3 1 1 6 4 2 2 3 4 2 3 2 2 2 3 1 
64.01 ; 2.329e-14 ; True ; 1 119 152 162 373 609 695  ; 3 1 1 6 4 3 2 2 3 3 3 2 2 2 3 1 
64.56 ; 2.511e-14 ; True ; 1 119 152 373 422 609 695  ; 3 1 1 6 3 3 2 3 4 2 3 2 2 2 3 1 
67.56 ; 2.588e-14 ; True ; 1 24 152 176 373 609 695  ; 2 1 2 6 5 2 2 3 3 2 3 2 2 2 3 1 
68.38 ; 2.643e-14 ; True ; 1 24 152 315 373 609 695  ; 3 1 2 5 5 2 2 3 3 2 3 1 2 3 3 1 
68.49 ; 2.801e-14 ; True ; 1 119 152 373 467 609 695  ; 3 1 2 6 3 2 2 3 3 2 3 2 2 2 3 1 
68.76 ; 2.806e-14 ; True ; 1 162 293 373 422 527 695  ; 3 1 1 5 4 3 2 3 3 2 4 2 2 2 3 1 
68.96 ; 3.063e-14 ; True ; 1 152 315 373 527 695 863  ; 3 1 2 4 4 2 3 3 3 1 3 2 2 4 2 1 
69 ; 3.336e-14 ; True ; 1 19 315 373 467 527 695  ; 3 1 2 5 4 1 4 3 3 2 3 2 2 3 2 1 
70.05 ; 3.977e-14 ; True ; 1 19 315 373 422 527 695  ; 3 1 1 5 4 2 4 3 4 2 3 2 2 3 2 1 
70.84 ; 4.985e-14 ; True ; 1 152 315 373 467 527 695  ; 4 1 2 5 4 2 3 3 3 1 4 2 2 3 3 1 
72.59 ; 5.952e-14 ; True ; 1 152 162 373 422 527 695  ; 4 1 1 6 4 4 2 3 3 2 5 2 2 2 4 1 
72.69 ; 5.988e-14 ; True ; 1 19 162 373 422 527 695  ; 3 1 1 6 4 3 3 3 3 3 4 2 2 2 3 1 
73.73 ; 7.366e-14 ; True ; 1 152 373 422 527 609 695  ; 3 1 1 6 4 3 2 3 4 2 4 2 3 3 3 1 
74.64 ; 8.218e-14 ; True ; 1 152 373 467 527 609 695  ; 3 1 2 6 4 2 2 3 3 2 4 2 3 3 3 1 
75.68 ; 8.575e-14 ; True ; 1 29 152 373 527 695 849  ; 4 1 1 6 5 3 2 3 3 2 4 2 4 2 4 1 
77.46 ; 9.197e-14 ; True ; 1 24 152 373 527 609 695  ; 2 1 2 6 5 3 2 3 3 2 4 2 3 3 3 1 
79.55 ; 9.347e-14 ; True ; 1 24 152 373 527 695 849  ; 3 1 2 6 5 4 2 3 2 2 4 2 3 2 4 1 
79.58 ; 9.541e-14 ; True ; 1 119 152 162 373 422 609 695  ; 4 1 1 7 4 4 2 3 4 3 4 2 2 2 4 1 
84.15 ; 9.544e-14 ; True ; 1 24 152 176 315 373 609 695  ; 3 1 2 6 6 2 3 3 4 2 3 2 2 3 3 1 
84.62 ; 9.649e-14 ; True ; 1 19 119 373 422 467 609 695  ; 3 1 2 7 3 2 3 4 4 3 3 2 2 2 3 1 
85.25 ; 1.06e-13 ; True ; 1 24 152 176 315 373 518 695  ; 3 1 2 6 5 3 3 3 3 2 4 2 2 2 4 1 
85.28 ; 1.118e-13 ; True ; 1 152 373 467 483 527 695  ; 3 1 2 6 4 3 3 3 3 2 4 3 2 2 3 1 
85.6 ; 1.195e-13 ; True ; 1 119 152 162 373 467 609 695  ; 4 1 2 7 4 3 2 3 3 3 4 2 2 2 4 1 
86.87 ; 1.26e-13 ; True ; 1 19 315 373 422 527 695 863  ; 3 1 2 5 4 2 4 4 4 2 3 2 2 4 2 1 
87.59 ; 1.459e-13 ; True ; 1 19 121 315 373 467 527 695  ; 3 1 2 6 5 2 4 4 3 2 4 2 2 3 3 1 
89.5 ; 1.564e-13 ; True ; 1 19 315 373 422 527 610 695  ; 3 1 2 6 4 2 4 3 5 2 4 2 2 3 3 1 
90.42 ; 1.807e-13 ; True ; 1 19 162 315 373 422 527 695  ; 4 1 1 6 5 3 4 3 4 3 4 2 2 3 3 1 
90.6 ; 2.039e-13 ; True ; 1 19 315 373 422 467 527 695  ; 4 1 2 6 4 2 4 4 4 2 4 2 2 3 3 1 
91.27 ; 2.139e-13 ; True ; 1 19 24 315 373 467 527 695  ; 3 1 3 6 5 2 4 4 3 2 4 2 2 3 3 1 
91.34 ; 2.231e-13 ; True ; 1 19 162 373 422 527 609 695  ; 3 1 1 7 5 3 3 3 4 4 4 2 3 3 3 1 
91.53 ; 2.252e-13 ; True ; 1 19 315 373 467 518 527 695  ; 3 1 2 6 4 2 4 3 3 3 4 2 3 3 3 1 
92.24 ; 2.482e-13 ; True ; 1 152 315 373 467 527 609 695  ; 4 1 2 6 5 2 3 3 4 2 4 2 3 4 3 1 
93.17 ; 2.494e-13 ; True ; 1 152 162 373 422 527 609 695  ; 4 1 1 7 5 4 2 3 4 3 5 2 3 3 4 1 
93.3 ; 2.52e-13 ; True ; 1 19 24 315 373 518 527 695  ; 2 1 2 6 5 3 4 3 3 3 4 2 3 3 3 1 
93.4 ; 2.831e-13 ; True ; 1 19 373 422 467 527 609 695  ; 3 1 2 7 4 2 3 4 4 3 4 2 3 3 3 1 
95.31 ; 3.159e-13 ; True ; 1 152 373 422 467 527 609 695  ; 4 1 2 7 4 3 2 4 4 2 5 2 3 3 4 1 
96.06 ; 3.168e-13 ; True ; 1 19 24 373 422 527 609 695  ; 2 1 2 7 5 3 3 4 4 3 4 2 3 3 3 1 
98.01 ; 3.314e-13 ; True ; 1 24 152 373 467 527 609 695  ; 3 1 3 7 5 3 2 4 3 2 5 2 3 3 4 1 
98.98 ; 3.527e-13 ; True ; 1 24 152 373 422 527 609 695  ; 3 1 2 7 5 4 2 4 4 2 5 2 3 3 4 1 
101.1 ; 4.007e-13 ; True ; 1 19 24 29 373 527 695 849  ; 3 1 2 7 6 3 3 4 3 3 4 2 4 2 4 1 
105.7 ; 4.165e-13 ; True ; 1 119 152 162 373 422 609 685 695  ; 4 1 2 8 5 4 2 3 4 3 4 3 3 2 4 1 
107.6 ; 4.31e-13 ; True ; 1 24 152 176 315 373 518 609 695  ; 3 1 2 7 6 3 3 3 4 3 4 2 3 3 4 1 
108.4 ; 4.456e-13 ; True ; 1 19 176 315 373 422 467 527 695  ; 4 1 2 7 5 2 5 4 5 2 4 3 2 3 3 1 
109 ; 4.831e-13 ; True ; 1 19 24 176 315 373 467 527 695  ; 3 1 3 7 6 2 5 4 4 2 4 3 2 3 3 1 
109.3 ; 5.242e-13 ; True ; 1 19 176 315 373 467 518 527 695  ; 3 1 2 7 5 2 5 3 4 3 4 3 3 3 3 1 
110 ; 5.278e-13 ; True ; 1 19 121 315 373 467 527 609 695  ; 3 1 2 7 6 2 4 4 4 3 4 2 3 4 3 1 
110.2 ; 5.723e-13 ; True ; 1 19 162 315 373 422 527 695 863  ; 4 1 2 6 5 3 4 4 4 3 4 2 2 4 3 1 
111.6 ; 5.727e-13 ; True ; 1 152 176 315 373 467 527 587 695  ; 5 1 2 7 5 2 4 3 4 2 5 3 3 3 4 1 
111.9 ; 5.944e-13 ; True ; 1 19 162 315 373 422 527 610 695  ; 4 1 2 7 5 3 4 3 5 3 5 2 2 3 4 1 
112.1 ; 7.137e-13 ; True ; 1 19 315 373 422 467 527 609 695  ; 4 1 2 7 5 2 4 4 5 3 4 2 3 4 3 1 
112.9 ; 7.332e-13 ; True ; 1 19 162 373 422 527 609 610 695  ; 3 1 2 8 5 3 3 3 5 4 5 2 3 3 4 1 
113.6 ; 7.737e-13 ; True ; 1 19 24 315 373 467 527 609 695  ; 3 1 3 7 6 2 4 4 4 3 4 2 3 4 3 1 
114.3 ; 7.873e-13 ; True ; 1 19 24 315 373 467 527 587 695  ; 4 1 3 7 5 2 4 4 3 3 5 2 3 3 4 1 
114.4 ; 8.254e-13 ; True ; 1 19 24 249 315 373 467 527 695  ; 3 1 3 6 6 3 4 4 4 3 5 2 2 3 4 1 
114.8 ; 9.079e-13 ; True ; 1 19 24 315 373 467 518 527 695  ; 3 1 3 7 5 3 4 4 3 3 5 2 3 3 4 1 
115.8 ; 9.56e-13 ; True ; 1 19 162 373 422 467 527 609 695  ; 4 1 2 8 5 3 3 4 4 4 5 2 3 3 4 1 
118.4 ; 9.708e-13 ; True ; 1 24 152 315 373 467 527 609 695  ; 4 1 3 7 6 3 3 4 4 2 5 2 3 4 4 1 
118.8 ; 9.918e-13 ; True ; 1 119 152 162 373 467 527 609 695  ; 4 1 2 8 5 4 3 3 4 3 5 3 3 3 4 1 
119.3 ; 1.036e-12 ; True ; 1 19 24 162 373 422 527 609 695  ; 3 1 2 8 6 4 3 4 4 4 5 2 3 3 4 1 
119.5 ; 1.07e-12 ; True ; 1 19 24 373 422 467 527 609 695  ; 3 1 3 8 5 3 3 5 4 3 5 2 3 3 4 1 
121 ; 1.073e-12 ; True ; 1 19 373 422 467 527 609 695 849  ; 4 1 2 8 5 3 3 4 4 4 4 2 4 3 4 1 
123.4 ; 1.184e-12 ; True ; 1 19 24 29 373 422 527 609 695  ; 3 1 2 8 6 3 3 5 5 3 5 2 4 3 4 1 
124.5 ; 1.184e-12 ; True ; 1 19 24 29 373 527 609 695 849  ; 3 1 2 8 7 3 3 4 4 4 4 2 5 3 4 1 
126.5 ; 1.209e-12 ; True ; 1 19 24 29 373 422 527 695 849  ; 4 1 2 8 6 4 3 5 4 3 5 2 4 2 5 1 
127.3 ; 1.245e-12 ; True ; 1 24 29 152 373 527 609 695 849  ; 4 1 2 8 7 4 2 4 4 3 5 2 5 3 5 1 
128.7 ; 1.459e-12 ; True ; 1 19 152 373 422 467 527 609 695  ; 4 1 2 8 5 3 3 4 4 3 5 2 3 3 4 2 
131.3 ; 1.484e-12 ; True ; 1 19 24 152 373 467 527 609 695  ; 3 1 3 8 6 3 3 4 3 3 5 2 3 3 4 2 
132.3 ; 1.58e-12 ; True ; 1 19 24 152 373 422 527 609 695  ; 3 1 2 8 6 4 3 4 4 3 5 2 3 3 4 2 
133.3 ; 1.609e-12 ; True ; 1 19 24 176 315 373 467 527 609 695  ; 3 1 3 8 7 2 5 4 5 3 4 3 3 4 3 1 
133.8 ; 1.621e-12 ; True ; 1 19 162 315 373 422 527 609 695 863  ; 4 1 2 7 6 3 4 4 5 4 4 2 3 5 3 1 
133.9 ; 1.777e-12 ; True ; 1 19 24 176 315 373 467 527 587 695  ; 4 1 3 8 6 2 5 4 4 3 5 3 3 3 4 1 
134.4 ; 2.049e-12 ; True ; 1 19 24 176 315 373 467 518 527 695  ; 3 1 3 8 6 3 5 4 4 3 5 3 3 3 4 1 
136.6 ; 2.159e-12 ; True ; 1 19 162 176 373 422 467 527 609 695  ; 4 1 2 9 6 3 4 4 5 4 5 3 3 3 4 1 
137.4 ; 2.201e-12 ; True ; 1 19 162 315 373 422 467 527 609 695  ; 5 1 2 8 6 3 4 4 5 4 5 2 3 4 4 1 
138.8 ; 2.388e-12 ; True ; 1 19 24 315 373 467 518 527 587 695  ; 4 1 3 8 5 3 4 4 3 4 6 2 4 3 5 1 
138.9 ; 2.51e-12 ; True ; 1 19 24 249 315 373 467 518 527 695  ; 3 1 3 7 6 4 4 4 4 4 6 2 3 3 5 1 
139.7 ; 2.534e-12 ; True ; 1 19 119 162 373 422 467 527 609 695  ; 4 1 2 9 5 4 4 4 5 4 5 3 3 3 4 1 
140.1 ; 2.594e-12 ; True ; 1 19 24 315 373 467 518 527 609 695  ; 3 1 3 8 6 3 4 4 4 4 5 2 4 4 4 1 
141 ; 2.617e-12 ; True ; 1 19 24 315 373 422 467 527 609 695  ; 4 1 3 8 6 3 4 5 5 3 5 2 3 4 4 1 
143.7 ; 2.653e-12 ; True ; 1 24 152 176 373 467 527 587 609 695  ; 4 1 3 9 6 3 3 4 4 3 6 3 4 3 5 1 
144.2 ; 2.726e-12 ; True ; 1 24 152 176 373 467 518 527 609 695  ; 3 1 3 9 6 4 3 4 4 3 6 3 4 3 5 1 
145.5 ; 2.782e-12 ; True ; 1 24 152 249 315 373 467 527 609 695  ; 4 1 3 7 7 4 3 4 5 3 6 2 3 4 5 1 
145.6 ; 2.815e-12 ; True ; 1 19 24 373 422 467 527 587 609 695  ; 4 1 3 9 5 3 3 5 4 4 6 2 4 3 5 1 
145.7 ; 2.825e-12 ; True ; 1 19 24 162 373 422 467 527 609 695  ; 4 1 3 9 6 4 3 5 4 4 6 2 3 3 5 1 
145.9 ; 2.951e-12 ; True ; 1 24 152 315 373 467 518 527 609 695  ; 4 1 3 8 6 4 3 4 4 3 6 2 4 4 5 1 
149.2 ; 3.001e-12 ; True ; 1 19 24 29 315 373 518 527 695 735  ; 3 1 3 8 6 4 4 5 4 3 6 2 4 3 5 1 
150 ; 3.048e-12 ; True ; 1 24 152 176 373 467 527 609 695 849  ; 4 1 3 9 7 4 3 4 4 3 5 3 4 3 5 1 
150.7 ; 3.107e-12 ; True ; 1 24 152 315 373 467 527 609 695 849  ; 5 1 3 8 7 4 3 4 4 3 5 2 4 4 5 1 
150.9 ; 3.294e-12 ; True ; 1 19 24 373 422 467 527 609 695 849  ; 4 1 3 9 6 4 3 5 4 4 5 2 4 3 5 1 
151.3 ; 3.295e-12 ; True ; 1 19 152 176 373 422 467 527 609 695  ; 4 1 2 9 6 3 4 4 5 3 5 3 3 3 4 2 
151.9 ; 3.355e-12 ; True ; 1 19 24 29 373 422 527 609 695 849  ; 4 1 2 9 7 4 3 5 5 4 5 2 5 3 5 1 
152.1 ; 3.359e-12 ; True ; 1 19 152 315 373 422 467 527 609 695  ; 5 1 2 8 6 3 4 4 5 3 5 2 3 4 4 2 
153.9 ; 3.507e-12 ; True ; 1 19 24 152 176 373 467 527 609 695  ; 3 1 3 9 7 3 4 4 4 3 5 3 3 3 4 2 
154.6 ; 3.797e-12 ; True ; 1 19 24 152 315 373 467 527 609 695  ; 4 1 3 8 7 3 4 4 4 3 5 2 3 4 4 2 
156.1 ; 3.866e-12 ; True ; 1 19 119 152 373 422 467 527 609 695  ; 4 1 2 9 5 4 4 4 5 3 5 3 3 3 4 2 
157.8 ; 4.064e-12 ; True ; 1 19 24 176 315 373 467 518 527 610 695  ; 3 1 4 9 6 3 5 4 5 3 6 3 3 3 5 1 
159.1 ; 4.4e-12 ; True ; 1 19 162 176 315 373 422 467 527 609 695  ; 5 1 2 9 7 3 5 4 6 4 5 3 3 4 4 1 
160.1 ; 4.629e-12 ; True ; 1 19 162 176 373 422 467 527 609 610 695  ; 4 1 3 10 6 3 4 4 6 4 6 3 3 3 5 1 
160.4 ; 5.39e-12 ; True ; 1 19 24 176 315 373 467 518 527 587 695  ; 4 1 3 9 6 3 5 4 4 4 6 3 4 3 5 1 
161.7 ; 5.395e-12 ; True ; 1 19 24 176 315 373 467 518 527 609 695  ; 3 1 3 9 7 3 5 4 5 4 5 3 4 4 4 1 
162.5 ; 5.538e-12 ; True ; 1 19 24 176 315 373 466 467 518 527 695  ; 3 1 3 9 6 4 5 4 4 4 6 3 4 3 5 1 
164.5 ; 5.809e-12 ; True ; 1 19 24 249 315 373 467 518 527 587 695  ; 4 1 3 8 6 4 4 4 4 5 7 2 4 3 6 1 
166.4 ; 5.811e-12 ; True ; 1 19 24 176 373 467 527 587 609 695 735  ; 3 1 4 10 6 3 4 5 4 4 6 3 4 3 5 1 
167 ; 5.999e-12 ; True ; 1 19 24 315 373 467 518 527 587 609 695  ; 4 1 3 9 6 3 4 4 4 5 6 2 5 4 5 1 
167.1 ; 6.197e-12 ; True ; 1 19 24 249 315 373 467 518 527 609 695  ; 3 1 3 8 7 4 4 4 5 5 6 2 4 4 5 1 
167.6 ; 6.465e-12 ; True ; 1 19 24 315 373 467 518 527 609 695 735  ; 3 1 4 9 6 4 4 5 4 4 6 2 4 4 5 1 
168.5 ; 6.543e-12 ; True ; 1 24 152 176 315 373 467 518 527 609 695  ; 4 1 3 9 7 4 4 4 5 3 6 3 4 4 5 1 
171.3 ; 7.072e-12 ; True ; 1 19 24 315 373 422 467 518 527 609 695  ; 4 1 3 9 6 4 4 5 5 4 6 2 4 4 5 1 
175.5 ; 7.302e-12 ; True ; 1 19 24 176 373 422 467 527 609 695 849  ; 4 1 3 10 7 4 4 5 5 4 5 3 4 3 5 1 
176.3 ; 7.446e-12 ; True ; 1 19 24 315 373 422 467 527 609 695 849  ; 5 1 3 9 7 4 4 5 5 4 5 2 4 4 5 1 
176.5 ; 7.459e-12 ; True ; 1 19 24 119 373 422 467 527 587 609 695  ; 4 1 3 10 5 4 4 5 5 4 6 3 4 3 5 1 
178.3 ; 7.804e-12 ; True ; 1 19 24 152 176 315 373 467 527 609 695  ; 4 1 3 9 8 3 5 4 5 3 5 3 3 4 4 2 
179.5 ; 8.105e-12 ; True ; 1 19 24 152 176 315 373 467 518 527 695  ; 4 1 3 9 7 4 5 4 4 3 6 3 3 3 5 2 
181.8 ; 8.201e-12 ; True ; 1 19 24 119 373 422 467 527 609 695 849  ; 4 1 3 10 6 5 4 5 5 4 5 3 4 3 5 1 
183.5 ; 8.55e-12 ; True ; 1 19 24 108 249 373 467 527 587 609 695  ; 3 1 3 9 6 4 4 5 4 5 6 3 4 4 5 1 
183.9 ; 9.222e-12 ; True ; 1 19 24 152 176 373 467 527 587 609 695  ; 4 1 3 10 7 3 4 4 4 4 6 3 4 3 5 2 
184.3 ; 9.558e-12 ; True ; 1 19 24 152 176 373 422 467 527 609 695  ; 4 1 3 10 7 4 4 5 5 3 6 3 3 3 5 2 
185.7 ; 9.56e-12 ; True ; 1 19 24 152 249 315 373 467 527 609 695  ; 4 1 3 8 8 4 4 4 5 4 6 2 3 4 5 2 
185.7 ; 1.003e-11 ; True ; 1 19 24 176 315 373 467 518 527 587 610 695  ; 4 1 4 10 6 3 5 4 5 4 7 3 4 3 6 1 
186 ; 1.026e-11 ; True ; 1 19 24 152 315 373 467 518 527 609 695  ; 4 1 3 9 7 4 4 4 4 4 6 2 4 4 5 2 
187 ; 1.145e-11 ; True ; 19 24 176 249 315 373 467 518 527 587 695 735  ; 4 1 3 9 7 5 5 4 5 4 7 3 4 3 6 1 
188 ; 1.147e-11 ; True ; 1 19 24 176 249 315 373 467 518 527 695 735  ; 3 1 4 9 7 5 5 5 5 4 7 3 3 3 6 1 
188 ; 1.208e-11 ; True ; 1 19 24 176 249 315 373 467 518 527 587 695  ; 4 1 3 9 7 4 5 4 5 5 7 3 4 3 6 1 
188.8 ; 1.26e-11 ; True ; 1 19 24 176 315 373 467 518 527 587 695 735  ; 4 1 4 10 6 4 5 5 4 4 7 3 4 3 6 1 
191.2 ; 1.344e-11 ; True ; 1 19 24 176 315 373 467 518 527 609 695 735  ; 3 1 4 10 7 4 5 5 5 4 6 3 4 4 5 1 
194.9 ; 1.413e-11 ; True ; 1 19 24 176 315 373 422 467 518 527 609 695  ; 4 1 3 10 7 4 5 5 6 4 6 3 4 4 5 1 
198.3 ; 1.426e-11 ; True ; 1 24 152 176 315 373 467 518 527 587 609 695  ; 5 1 3 10 7 4 4 4 5 4 7 3 5 4 6 1 
198.9 ; 1.437e-11 ; True ; 1 24 152 176 315 373 467 518 527 609 695 735  ; 4 1 4 10 7 5 4 5 5 3 7 3 4 4 6 1 
199.6 ; 1.462e-11 ; True ; 1 24 152 176 315 373 466 467 518 527 609 695  ; 4 1 3 10 7 5 4 4 5 4 7 3 5 4 6 1 
201.6 ; 1.489e-11 ; True ; 1 19 24 249 315 373 467 518 527 587 656 695  ; 4 1 3 8 6 4 4 4 5 5 7 3 5 4 6 1 
202.4 ; 1.525e-11 ; True ; 1 19 24 315 373 467 518 527 587 656 695 735  ; 4 1 4 9 5 4 4 5 4 4 7 3 5 4 6 1 
202.7 ; 1.562e-11 ; True ; 1 19 24 249 315 373 467 527 587 656 695 735  ; 4 1 4 8 6 4 4 5 5 4 7 3 4 4 6 1 
204.9 ; 1.564e-11 ; True ; 1 19 24 119 315 373 467 527 587 609 695 735  ; 4 1 4 10 6 4 5 5 5 4 6 3 4 4 5 1 
206.3 ; 1.591e-11 ; True ; 1 19 24 315 373 467 518 527 609 695 735 833  ; 4 1 4 10 7 4 4 5 5 4 6 3 4 5 5 1 
207.7 ; 1.634e-11 ; True ; 1 19 24 315 373 422 467 518 527 609 685 695  ; 4 1 4 10 7 4 4 5 5 4 6 3 5 4 5 1 
208.8 ; 1.742e-11 ; True ; 1 19 24 108 249 315 373 467 518 527 587 695  ; 4 1 3 9 6 5 5 5 4 5 7 3 4 4 6 1 
210.3 ; 1.883e-11 ; True ; 1 19 24 152 176 315 373 467 518 527 587 695  ; 5 1 3 10 7 4 5 4 4 4 7 3 4 3 6 2 
211.1 ; 1.933e-11 ; True ; 1 19 24 152 176 315 373 467 527 587 609 695  ; 5 1 3 10 8 3 5 4 5 4 6 3 4 4 5 2 
211.6 ; 2.109e-11 ; True ; 1 19 24 152 176 315 373 467 518 527 609 695  ; 4 1 3 10 8 4 5 4 5 4 6 3 4 4 5 2 
216.5 ; 2.156e-11 ; True ; 1 19 24 152 176 373 467 527 587 609 695 735  ; 4 1 4 11 7 4 4 5 4 4 7 3 4 3 6 2 
216.7 ; 2.209e-11 ; True ; 19 24 176 249 315 373 466 467 518 527 587 695 735  ; 4 1 3 10 7 6 5 4 5 5 8 3 5 3 7 1 
217.3 ; 2.221e-11 ; True ; 1 19 24 152 176 373 422 467 527 587 609 695  ; 5 1 3 11 7 4 4 5 5 4 7 3 4 3 6 2 
217.4 ; 2.54e-11 ; True ; 1 19 24 176 249 315 373 467 518 527 587 695 735  ; 4 1 4 10 7 5 5 5 5 5 8 3 4 3 7 1 
221.1 ; 2.689e-11 ; True ; 1 19 24 176 249 315 373 467 518 527 609 695 735  ; 3 1 4 10 8 5 5 5 6 5 7 3 4 4 6 1 
222 ; 2.916e-11 ; True ; 1 19 24 176 315 373 467 518 527 587 609 695 735  ; 4 1 4 11 7 4 5 5 5 5 7 3 5 4 6 1 
228.3 ; 2.982e-11 ; True ; 1 19 24 176 315 373 422 467 518 527 609 695 735  ; 4 1 4 11 7 5 5 6 6 4 7 3 4 4 6 1 
230.7 ; 2.998e-11 ; True ; 1 24 152 176 315 373 467 518 527 587 609 695 735  ; 5 1 4 11 7 5 4 5 5 4 8 3 5 4 7 1 
232 ; 3.132e-11 ; True ; 1 19 24 249 315 373 467 518 527 587 656 695 735  ; 4 1 4 9 6 5 4 5 5 5 8 3 5 4 7 1 
235.2 ; 3.198e-11 ; True ; 1 19 24 29 176 315 373 467 518 527 609 695 735  ; 4 1 4 11 8 4 5 6 6 4 7 3 5 4 6 1 
237.2 ; 3.275e-11 ; True ; 1 19 24 119 315 373 467 518 527 587 609 695 735  ; 4 1 4 11 6 5 5 5 5 5 7 3 5 4 6 1 
239.6 ; 3.354e-11 ; True ; 1 19 24 152 176 315 373 467 518 527 587 610 695  ; 5 1 4 11 7 4 5 4 5 4 8 3 4 3 7 2 
240.2 ; 3.385e-11 ; True ; 1 19 24 108 249 315 373 467 518 527 587 695 735  ; 4 1 4 10 6 6 5 6 4 5 8 3 4 4 7 1 
240.3 ; 3.456e-11 ; True ; 1 19 24 152 176 315 373 467 527 587 609 610 695  ; 5 1 4 11 8 3 5 4 6 4 7 3 4 4 6 2 
240.9 ; 3.77e-11 ; True ; 1 19 24 152 176 315 373 467 518 527 609 610 695  ; 4 1 4 11 8 4 5 4 6 4 7 3 4 4 6 2 
243.7 ; 3.96e-11 ; True ; 1 19 24 152 176 315 373 467 518 527 587 695 735  ; 5 1 4 11 7 5 5 5 4 4 8 3 4 3 7 2 
245.4 ; 4.308e-11 ; True ; 1 19 24 152 176 315 373 467 518 527 587 609 695  ; 5 1 3 11 8 4 5 4 5 5 7 3 5 4 6 2 
246 ; 4.632e-11 ; True ; 1 19 24 152 176 315 373 467 518 527 609 695 735  ; 4 1 4 11 8 5 5 5 5 4 7 3 4 4 6 2 
252 ; 4.669e-11 ; True ; 1 19 24 176 229 315 373 467 518 527 587 609 695 735  ; 4 1 4 12 8 4 6 5 6 5 7 3 5 5 6 1 
253.5 ; 5.362e-11 ; True ; 1 19 24 176 249 315 373 467 518 527 587 609 695 735  ; 4 1 4 11 8 5 5 5 6 6 8 3 5 4 7 1 
255.7 ; 5.39e-11 ; True ; 1 19 24 176 315 373 466 467 518 527 587 609 695 735  ; 4 1 4 12 7 5 5 5 5 6 8 3 6 4 7 1 
260.5 ; 5.572e-11 ; True ; 1 19 24 176 249 315 373 467 518 527 587 656 695 735  ; 4 1 4 10 7 5 5 5 6 5 8 4 5 4 7 1 
262.1 ; 5.832e-11 ; True ; 1 19 24 176 315 373 422 467 518 527 587 609 695 735  ; 5 1 4 12 7 5 5 6 6 5 8 3 5 4 7 1 
267 ; 5.953e-11 ; True ; 1 19 24 176 293 315 373 467 518 527 587 609 695 735  ; 4 1 4 11 8 4 5 5 5 5 7 3 5 4 6 2 
268.6 ; 6.019e-11 ; True ; 1 19 24 108 176 249 315 373 467 518 527 587 695 735  ; 4 1 4 11 7 6 6 6 5 5 8 4 4 4 7 1 
270.1 ; 6.027e-11 ; True ; 1 19 24 249 315 373 467 518 527 587 609 656 695 735  ; 4 1 4 10 7 5 4 5 6 6 8 3 6 5 7 1 
271.5 ; 6.038e-11 ; True ; 1 19 24 108 152 315 373 422 467 518 527 609 695  ; 5 1 3 11 7 6 5 6 5 4 7 3 4 5 6 2 
272.3 ; 6.136e-11 ; True ; 1 19 24 108 176 249 315 373 467 518 527 587 609 695  ; 4 1 3 11 8 5 6 5 6 6 7 4 5 5 6 1 
272.9 ; 6.156e-11 ; True ; 1 19 24 29 176 315 373 466 467 518 527 609 695 735  ; 4 1 4 12 8 5 5 6 6 5 8 3 6 4 7 1 
273.1 ; 6.741e-11 ; True ; 1 19 24 108 176 315 373 467 518 527 587 609 695 735  ; 4 1 4 12 7 5 6 6 5 5 7 4 5 5 6 1 
276.5 ; 6.845e-11 ; True ; 1 19 24 152 176 229 315 373 467 518 527 587 609 695  ; 5 1 3 12 9 4 6 4 6 5 7 3 5 5 6 2 
276.6 ; 7.373e-11 ; True ; 1 19 24 152 176 315 373 467 518 527 587 609 610 695  ; 5 1 4 12 8 4 5 4 6 5 8 3 5 4 7 2 
277.3 ; 7.434e-11 ; True ; 1 19 24 152 176 315 373 467 518 527 609 610 695 735  ; 4 1 5 12 8 5 5 5 6 4 8 3 4 4 7 2 
278.8 ; 7.558e-11 ; True ; 1 19 24 152 176 315 373 466 467 518 527 609 610 695  ; 4 1 4 12 8 5 5 4 6 5 8 3 5 4 7 2 
280 ; 7.64e-11 ; True ; 1 19 24 152 176 315 373 422 467 518 527 609 610 695  ; 5 1 4 12 8 5 5 5 7 4 8 3 4 4 7 2 
280.9 ; 8.469e-11 ; True ; 1 19 24 152 176 249 315 373 467 518 527 609 695 735  ; 4 1 4 11 9 6 5 5 6 5 8 3 4 4 7 2 
281.7 ; 9.058e-11 ; True ; 1 19 24 152 176 315 373 467 518 527 587 609 695 735  ; 5 1 4 12 8 5 5 5 5 5 8 3 5 4 7 2 
292.2 ; 9.072e-11 ; True ; 1 19 24 108 152 176 315 373 467 518 527 609 610 695  ; 4 1 4 12 8 5 6 5 6 4 7 4 4 5 6 2 
293.5 ; 9.302e-11 ; True ; 1 19 24 152 176 315 373 467 527 587 609 656 695 735  ; 5 1 4 11 8 4 5 5 6 4 7 4 5 5 6 2 
293.9 ; 9.858e-11 ; True ; 1 19 24 29 152 176 315 373 467 518 527 609 695 735  ; 5 1 4 12 9 5 5 6 6 4 8 3 5 4 7 2 
297 ; 9.902e-11 ; True ; 1 19 24 119 152 315 373 467 518 527 587 609 695 735  ; 5 1 4 12 7 6 5 5 5 5 8 3 5 4 7 2 
297.6 ; 1.037e-10 ; True ; 1 19 24 108 152 176 315 373 467 518 527 587 609 695  ; 5 1 3 12 8 5 6 5 5 5 7 4 5 5 6 2 
298.6 ; 1.044e-10 ; True ; 1 19 24 108 152 176 315 373 467 527 587 609 695 735  ; 5 1 4 12 8 5 6 6 5 4 7 4 4 5 6 2 
301.2 ; 1.066e-10 ; True ; 1 19 24 108 152 176 373 467 518 527 587 609 695 735  ; 4 1 4 13 7 6 5 6 4 5 8 4 5 4 7 2 
304.7 ; 1.095e-10 ; True ; 1 19 24 108 152 249 315 373 467 518 527 609 695 735  ; 4 1 4 11 8 7 5 6 5 5 8 3 4 5 7 2 
305.4 ; 1.146e-10 ; True ; 1 19 24 108 152 315 373 467 518 527 587 609 695 735  ; 5 1 4 12 7 6 5 6 4 5 8 3 5 5 7 2 
308.6 ; 1.192e-10 ; True ; 1 19 24 108 176 249 315 373 467 518 527 587 609 695 735  ; 4 1 4 12 8 6 6 6 6 6 8 4 5 5 7 1 
310.9 ; 1.199e-10 ; True ; 1 19 24 108 176 315 373 466 467 518 527 587 609 695 735  ; 4 1 4 13 7 6 6 6 5 6 8 4 6 5 7 1 
314.4 ; 1.314e-10 ; True ; 1 19 24 152 176 229 315 373 466 467 518 527 587 695 735  ; 5 1 4 13 8 6 6 5 5 5 9 3 5 4 8 2 
314.9 ; 1.409e-10 ; True ; 1 19 24 152 176 315 373 467 518 527 587 609 610 695 735  ; 5 1 5 13 8 5 5 5 6 5 9 3 5 4 8 2 
315.7 ; 1.439e-10 ; True ; 1 19 24 152 176 229 315 373 467 518 527 587 609 695 735  ; 5 1 4 13 9 5 6 5 6 5 8 3 5 5 7 2 
318.2 ; 1.541e-10 ; True ; 1 19 24 152 176 249 315 373 467 518 527 587 609 695 735  ; 5 1 4 12 9 6 5 5 6 6 9 3 5 4 8 2 
320.5 ; 1.561e-10 ; True ; 1 19 24 152 176 315 373 466 467 518 527 587 609 695 735  ; 5 1 4 13 8 6 5 5 5 6 9 3 6 4 8 2 
325.8 ; 1.628e-10 ; True ; 1 19 24 152 176 315 373 422 467 518 527 587 609 695 735  ; 6 1 4 13 8 6 5 6 6 5 9 3 5 4 8 2 
328.4 ; 1.672e-10 ; True ; 1 19 24 119 152 176 315 373 467 518 527 587 609 695 735  ; 5 1 4 13 8 6 6 5 6 5 8 4 5 4 7 2 
330.9 ; 1.699e-10 ; True ; 1 19 24 152 176 315 373 467 518 527 587 609 695 735 833  ; 6 1 4 13 9 5 5 5 6 5 8 4 5 5 7 2 
331.7 ; 1.791e-10 ; True ; 1 19 24 152 176 315 373 467 518 527 587 609 656 695 735  ; 5 1 4 12 8 5 5 5 6 5 8 4 6 5 7 2 
337.9 ; 2.014e-10 ; True ; 1 19 24 108 152 176 315 373 467 518 527 587 609 695 735  ; 5 1 4 13 8 6 6 6 5 5 8 4 5 5 7 2 
349.8 ; 2.033e-10 ; True ; 1 19 24 152 176 229 315 373 467 474 518 527 587 609 695 735  ; 6 1 4 13 9 6 6 6 6 5 8 3 5 5 7 2 
351.9 ; 2.07e-10 ; True ; 1 19 24 108 152 249 315 373 467 518 527 587 656 695 735  ; 5 1 4 11 7 7 5 6 5 5 9 4 5 5 8 2 
352 ; 2.149e-10 ; True ; 1 19 24 152 176 229 315 373 466 467 518 527 609 610 695 735  ; 4 1 5 14 9 6 6 5 7 5 9 3 5 5 8 2 
355.6 ; 2.372e-10 ; True ; 1 19 24 152 176 315 373 466 467 518 527 587 609 610 695 735  ; 5 1 5 14 8 6 5 5 6 6 10 3 6 4 9 2 
356.4 ; 2.48e-10 ; True ; 1 19 24 152 176 229 315 373 466 467 518 527 587 609 695 735  ; 5 1 4 14 9 6 6 5 6 6 9 3 6 5 8 2 
361.8 ; 2.519e-10 ; True ; 1 19 24 152 176 229 315 373 422 467 518 527 587 609 695 735  ; 6 1 4 14 9 6 6 6 7 5 9 3 5 5 8 2 
363 ; 2.581e-10 ; True ; 1 19 24 152 176 249 315 373 467 518 527 587 609 695 735 863  ; 5 1 5 12 9 6 5 6 6 6 9 3 5 5 8 2 
365.1 ; 2.614e-10 ; True ; 1 19 24 152 176 315 373 466 467 518 527 587 609 695 735 863  ; 5 1 5 13 8 6 5 6 5 6 9 3 6 5 8 2 
365.8 ; 2.648e-10 ; True ; 1 19 24 152 176 249 315 373 466 467 518 527 587 656 695 735  ; 5 1 4 12 8 7 5 5 6 6 10 4 6 4 9 2 
367.8 ; 2.711e-10 ; True ; 1 19 24 152 176 315 373 467 518 527 587 609 610 656 695 735  ; 5 1 5 13 8 5 5 5 7 5 9 4 6 5 8 2 
370.2 ; 2.799e-10 ; True ; 1 19 24 152 176 249 315 373 467 518 527 587 609 695 735 833  ; 6 1 4 13 10 6 5 5 7 6 9 4 5 5 8 2 
372.4 ; 3.001e-10 ; True ; 1 19 24 152 176 315 373 466 467 518 527 587 609 656 695 735  ; 5 1 4 13 8 6 5 5 6 6 9 4 7 5 8 2 
374 ; 3.133e-10 ; True ; 1 19 24 108 152 176 315 373 467 518 527 587 609 610 695 735  ; 5 1 5 14 8 6 6 6 6 5 9 4 5 5 8 2 
378.3 ; 3.339e-10 ; True ; 1 19 24 108 152 176 249 315 373 467 518 527 587 609 695 735  ; 5 1 4 13 9 7 6 6 6 6 9 4 5 5 8 2 
380.6 ; 3.382e-10 ; True ; 1 19 24 108 152 176 315 373 466 467 518 527 587 609 695 735  ; 5 1 4 14 8 7 6 6 5 6 9 4 6 5 8 2 
386.9 ; 3.432e-10 ; True ; 1 19 24 108 152 176 315 373 422 467 518 527 587 609 695 735  ; 6 1 4 14 8 7 6 7 6 5 9 4 5 5 8 2 
391 ; 3.436e-10 ; True ; 1 19 24 108 152 176 315 373 467 518 527 587 609 685 695 735  ; 5 1 5 14 9 6 6 6 5 5 8 5 6 5 7 2 
392.8 ; 3.593e-10 ; True ; 1 19 24 108 152 176 315 373 467 518 527 587 609 656 695 735  ; 5 1 4 13 8 6 6 6 6 5 8 5 6 6 7 2 
398.8 ; 3.785e-10 ; True ; 1 19 24 108 152 249 315 373 467 518 527 587 609 656 695 735  ; 5 1 4 12 8 7 5 6 6 6 9 4 6 6 8 2 
403.9 ; 3.992e-10 ; True ; 1 19 24 152 176 229 315 373 466 467 518 527 587 609 695 735 863  ; 5 1 5 14 9 6 6 6 6 6 9 3 6 6 8 2 
407.3 ; 4.117e-10 ; True ; 1 19 24 152 176 249 315 373 466 467 518 527 587 609 695 735 863  ; 5 1 5 13 9 7 5 6 6 7 10 3 6 5 9 2 
411.4 ; 4.46e-10 ; True ; 1 19 24 152 176 229 315 373 466 467 518 527 587 609 656 695 735  ; 5 1 4 14 9 6 6 5 7 6 9 4 7 6 8 2 
418.7 ; 5.14e-10 ; True ; 1 19 24 108 152 176 315 373 466 467 518 527 587 609 610 695 735  ; 5 1 5 15 8 7 6 6 6 6 10 4 6 5 9 2 
422.9 ; 5.229e-10 ; True ; 1 19 24 108 152 176 249 315 373 466 467 518 527 587 609 695 735  ; 5 1 4 14 9 8 6 6 6 7 10 4 6 5 9 2 
428.2 ; 5.295e-10 ; True ; 1 19 24 108 152 176 315 373 466 467 518 527 587 609 695 735 863  ; 5 1 5 14 8 7 6 7 5 6 9 4 6 6 8 2 
433.5 ; 5.528e-10 ; True ; 1 19 24 108 152 176 315 373 422 466 467 518 527 587 609 695 735  ; 6 1 4 15 8 8 6 7 6 6 10 4 6 5 9 2 
436.7 ; 5.611e-10 ; True ; 1 19 24 108 152 176 315 373 466 467 518 527 587 609 685 695 735  ; 5 1 5 15 9 7 6 6 5 6 9 5 7 5 8 2 
437.5 ; 5.867e-10 ; True ; 1 19 24 108 152 176 315 373 466 467 518 527 587 609 656 695 735  ; 5 1 4 14 8 7 6 6 6 6 9 5 7 6 8 2 
448.3 ; 5.959e-10 ; True ; 1 19 24 108 152 176 315 373 422 466 467 527 587 609 656 695 735  ; 6 1 4 14 8 7 6 7 7 5 9 5 6 6 8 2 
455.8 ; 6.188e-10 ; True ; 1 19 24 108 152 176 315 373 467 518 527 587 609 656 695 735 849  ; 6 1 4 14 9 7 6 6 6 6 8 5 7 6 8 2 
456.9 ; 6.468e-10 ; True ; 1 19 24 152 176 229 315 373 422 466 467 518 527 587 609 695 735 863  ; 6 1 5 15 9 7 6 7 7 6 10 3 6 6 9 2 
462.6 ; 6.986e-10 ; True ; 1 19 24 152 176 229 315 373 466 467 518 527 587 609 656 695 735 863  ; 5 1 5 14 9 6 6 6 7 6 9 4 7 7 8 2 
469.1 ; 7.726e-10 ; True ; 1 19 24 108 152 176 315 373 466 467 518 527 587 609 610 695 735 863  ; 5 1 6 15 8 7 6 7 6 6 10 4 6 6 9 2 
474.3 ; 8.186e-10 ; True ; 1 19 24 108 152 176 249 315 373 466 467 518 527 587 609 695 735 863  ; 5 1 5 14 9 8 6 7 6 7 10 4 6 6 9 2 
479.4 ; 8.255e-10 ; True ; 1 19 24 108 152 176 229 315 373 466 467 518 527 587 609 656 695 735  ; 5 1 4 15 9 7 7 6 7 6 9 5 7 7 8 2 
481.5 ; 8.433e-10 ; True ; 1 19 24 108 152 176 315 373 466 467 518 527 587 609 656 695 735 751  ; 6 1 4 15 9 8 6 6 7 6 10 5 7 6 9 2 
488.3 ; 8.434e-10 ; True ; 1 19 24 108 152 176 315 373 466 467 518 527 587 609 685 695 735 863  ; 5 1 6 15 9 7 6 7 5 6 9 5 7 6 8 2 
488.4 ; 8.52e-10 ; True ; 1 19 24 108 152 176 249 315 373 466 467 527 587 609 685 695 735 863  ; 5 1 6 14 10 7 6 7 6 6 9 5 6 6 8 2 
488.9 ; 8.939e-10 ; True ; 1 19 24 108 152 176 315 373 466 467 518 527 587 609 656 695 735 863  ; 5 1 5 14 8 7 6 7 6 6 9 5 7 7 8 2 
505.3 ; 9.327e-10 ; True ; 1 19 24 108 152 176 315 373 466 467 518 527 587 609 656 695 735 849  ; 6 1 4 15 9 8 6 6 6 7 9 5 8 6 9 2 
507.4 ; 9.428e-10 ; True ; 1 19 24 108 152 176 315 373 467 518 527 587 609 656 695 735 849 863  ; 6 1 5 14 9 7 6 7 6 6 8 5 7 7 8 2 
511.9 ; 1.087e-09 ; True ; 1 19 24 108 152 176 229 315 373 466 467 518 527 587 609 610 695 735 863  ; 5 1 6 16 9 7 7 7 7 6 10 4 6 7 9 2 
520.5 ; 1.11e-09 ; True ; 1 19 24 152 176 229 315 373 422 466 467 518 527 587 609 656 695 735 863  ; 6 1 5 15 9 7 6 7 8 6 10 4 7 7 9 2 
528.6 ; 1.112e-09 ; True ; 1 19 24 108 152 176 229 315 373 466 467 518 527 531 587 609 695 735 863  ; 5 1 5 16 10 7 8 7 7 6 9 5 6 7 8 2 
533.3 ; 1.136e-09 ; True ; 1 19 24 108 152 176 249 315 373 466 467 518 527 609 610 695 735 833 863  ; 5 1 6 15 10 8 6 7 8 6 10 5 5 7 9 2 
537.9 ; 1.345e-09 ; True ; 1 19 24 108 152 176 249 315 373 466 467 518 527 587 609 656 695 735 863  ; 5 1 5 14 9 8 6 7 7 7 10 5 7 7 9 2 
546.8 ; 1.373e-09 ; True ; 1 19 24 108 152 176 249 315 373 466 467 518 527 587 609 656 685 695 735  ; 5 1 5 15 10 8 6 6 7 7 10 6 8 6 9 2 
559.8 ; 1.374e-09 ; True ; 1 19 24 108 152 176 315 373 466 467 518 527 587 609 695 735 833 849 863  ; 7 1 5 16 10 8 6 7 6 7 9 5 7 7 9 2 
560.6 ; 1.421e-09 ; True ; 1 19 24 108 152 176 315 373 466 467 518 527 587 609 656 695 735 849 863  ; 6 1 5 15 9 8 6 7 6 7 9 5 8 7 9 2 
566.3 ; 1.444e-09 ; True ; 1 19 24 108 152 249 315 373 422 466 467 518 527 587 609 656 685 695 735  ; 6 1 5 15 9 9 5 7 7 7 11 5 8 6 10 2 
567.3 ; 1.45e-09 ; True ; 1 19 24 108 152 176 315 373 422 467 518 527 587 609 656 695 735 849 863  ; 7 1 5 15 9 8 6 8 7 6 9 5 7 7 9 2 
577.7 ; 1.51e-09 ; True ; 1 19 24 108 152 176 315 373 422 467 518 527 587 609 656 685 695 735 849  ; 7 1 5 16 10 8 6 7 7 6 9 6 8 6 9 2 
583.1 ; 1.564e-09 ; True ; 1 19 24 108 176 293 315 373 466 467 518 527 587 609 610 695 735 833 849 863  ; 6 1 6 16 10 7 6 7 7 7 9 5 7 7 9 2 
583.2 ; 1.668e-09 ; True ; 1 14 19 24 108 152 176 229 315 373 466 467 518 527 587 609 656 695 735 863  ; 5 1 5 16 10 8 7 7 7 7 10 5 7 8 9 2 
584.6 ; 1.729e-09 ; True ; 1 19 24 108 152 176 229 315 373 466 467 518 527 587 609 685 695 735 751 863  ; 6 1 6 17 11 8 7 7 7 6 10 5 7 7 9 2 
596.4 ; 1.886e-09 ; True ; 1 19 24 108 152 176 229 315 373 422 466 467 518 527 587 609 656 695 735 863  ; 6 1 5 16 9 8 7 8 8 6 10 5 7 8 9 2 
606.1 ; 1.914e-09 ; True ; 1 19 24 108 152 176 229 249 315 373 467 518 527 587 609 656 695 735 849 863  ; 6 1 5 15 11 8 7 7 8 7 9 5 7 8 9 2 
622.3 ; 1.99e-09 ; True ; 1 19 29 108 152 176 249 315 373 466 467 518 527 609 610 685 695 735 849 863  ; 6 1 6 16 11 8 6 7 8 7 10 5 8 6 10 2 
630.4 ; 2.107e-09 ; True ; 1 19 24 108 152 176 293 315 373 422 467 518 527 587 609 685 695 735 849 863  ; 7 1 6 16 11 8 6 8 6 6 9 5 7 6 9 3 
631.5 ; 2.166e-09 ; True ; 1 19 24 108 152 229 293 315 373 422 466 467 518 527 587 609 656 685 695 735  ; 6 1 5 16 10 8 6 7 7 6 10 5 8 7 9 3 
650.8 ; 2.192e-09 ; True ; 1 19 24 108 152 176 229 315 373 466 467 518 527 587 609 656 695 735 839 849  ; 6 1 5 16 10 8 7 7 7 7 10 6 8 7 10 2 
661.2 ; 2.254e-09 ; True ; 1 19 24 108 176 293 315 318 373 422 466 467 518 527 587 609 656 695 735 833 863  ; 6 1 5 16 10 8 7 8 8 7 9 6 7 8 8 2 
662.5 ; 2.315e-09 ; True ; 1 19 24 108 152 176 293 315 373 422 466 467 518 527 587 609 656 695 735 839  ; 6 1 5 15 9 8 6 8 7 6 11 6 7 6 10 3 
663.9 ; 2.406e-09 ; True ; 1 19 24 108 152 176 229 315 373 422 467 518 527 587 609 656 695 735 774 849 863  ; 8 1 5 17 10 8 7 9 8 6 10 5 7 8 10 2 
670.4 ; 2.501e-09 ; True ; 1 19 24 108 152 176 249 293 315 373 466 467 518 527 587 609 655 656 695 735 863  ; 5 1 5 15 10 8 6 7 7 7 10 6 7 8 9 3 
673.4 ; 2.519e-09 ; True ; 1 19 24 29 108 176 293 315 373 422 466 467 518 527 587 609 695 735 833 849 863  ; 8 1 5 17 11 8 6 9 8 7 10 5 8 7 10 2 
675.8 ; 2.573e-09 ; True ; 1 19 24 108 109 152 176 249 315 373 422 467 518 527 587 609 656 695 735 849 863  ; 7 1 5 16 10 9 6 9 9 7 11 5 7 7 11 2 
688.8 ; 2.624e-09 ; True ; 1 19 24 108 152 176 293 315 318 373 466 467 518 527 587 610 656 695 735 849 863  ; 6 1 6 16 10 9 7 7 6 7 10 5 7 6 10 3 
703 ; 2.703e-09 ; True ; 1 19 24 108 152 176 293 315 373 422 467 518 527 587 609 663 685 695 735 849 863  ; 8 1 6 17 11 9 6 8 6 6 9 5 8 6 10 3 
705.5 ; 2.926e-09 ; True ; 1 19 24 108 152 249 293 315 373 422 466 467 518 527 587 609 656 695 735 849 863  ; 7 1 5 15 10 10 5 8 7 8 11 4 8 7 11 3 
707 ; 2.952e-09 ; True ; 1 19 24 108 152 176 293 315 373 466 467 518 527 587 610 656 695 735 750 849 863  ; 6 1 6 16 9 8 6 7 7 6 10 6 8 7 10 3 
708.3 ; 3.036e-09 ; True ; 1 19 24 108 152 176 249 315 373 422 466 467 518 527 587 609 656 695 735 839 863  ; 6 1 6 15 9 9 6 9 8 7 12 6 7 7 11 2 
712.7 ; 3.039e-09 ; True ; 1 19 24 108 152 176 293 315 373 422 467 518 527 587 609 656 695 735 849 850 863  ; 7 1 5 16 10 8 7 8 7 6 9 6 7 8 9 3 
718.9 ; 3.13e-09 ; True ; 1 19 24 108 152 293 315 373 422 466 467 477 518 527 587 609 656 685 695 735 863  ; 6 1 6 16 9 8 6 8 7 6 10 6 8 7 9 3 
729.2 ; 3.344e-09 ; True ; 1 19 24 108 152 176 249 315 373 422 466 467 483 527 587 609 656 695 735 849 863  ; 7 1 5 16 11 10 7 8 9 8 10 6 7 7 10 2 
741.4 ; 3.411e-09 ; True ; 1 19 24 108 152 176 293 315 373 422 467 518 527 587 609 656 695 735 839 849 863  ; 7 1 6 15 10 8 6 9 7 6 10 6 7 7 10 3 
744.5 ; 4.052e-09 ; True ; 1 19 24 108 152 229 293 315 373 422 466 467 518 527 587 609 610 656 685 695 735 863  ; 6 1 7 17 10 8 6 8 8 6 11 5 8 8 10 3 
780.2 ; 4.331e-09 ; True ; 1 19 24 108 152 162 229 293 315 373 422 466 467 527 587 609 656 685 695 735 849 863  ; 8 1 6 17 12 9 6 8 7 7 10 5 8 8 10 3 
819.8 ; 4.431e-09 ; True ; 1 19 24 108 152 162 293 315 373 466 467 518 527 553 587 609 656 695 735 839 849 863  ; 7 1 6 16 11 9 6 8 6 8 11 5 8 8 11 3 
822.4 ; 4.596e-09 ; True ; 1 19 24 108 152 176 293 315 373 422 467 477 518 527 587 609 656 695 735 839 849 863  ; 7 1 6 16 10 8 7 9 8 6 10 7 7 7 10 3 
824.2 ; 4.659e-09 ; True ; 1 19 24 108 152 176 229 249 315 373 422 460 467 518 527 587 609 656 685 695 735 849 863  ; 7 1 7 17 12 9 7 8 9 7 10 6 8 8 10 2 
850.8 ; 4.69e-09 ; True ; 1 19 24 108 152 293 315 373 422 467 518 527 587 609 656 685 695 735 839 849 850 863  ; 7 1 7 16 10 8 6 9 6 6 10 7 8 8 10 3 
865.6 ; 4.801e-09 ; True ; 1 19 24 108 152 176 249 293 315 373 394 466 467 518 527 587 609 656 695 735 750 849 863  ; 7 1 5 16 11 9 6 7 8 8 10 6 9 8 10 3 
874.9 ; 4.837e-09 ; True ; 1 19 24 67 108 152 293 315 373 466 467 518 527 587 609 656 695 735 839 849 850 863  ; 6 1 6 15 9 8 6 8 6 8 10 7 8 9 10 3 
876.1 ; 5.284e-09 ; True ; 1 19 24 108 152 249 293 315 345 373 422 466 467 477 527 587 609 656 685 695 735 849 863  ; 7 1 7 16 11 9 6 8 8 7 10 6 8 7 10 3 
880.1 ; 5.398e-09 ; True ; 1 19 24 108 152 176 249 293 315 373 422 466 467 495 518 527 587 656 695 735 839 849 863  ; 7 1 6 15 10 10 7 9 7 7 12 7 7 6 12 3 
893.3 ; 5.954e-09 ; True ; 1 19 24 29 108 152 176 293 315 373 422 467 518 527 587 609 656 695 735 804 849 850 863  ; 8 1 5 18 11 8 8 9 8 6 10 7 8 9 10 3 
894.1 ; 6.2e-09 ; True ; 1 19 24 108 152 176 293 315 373 422 466 518 527 587 609 610 656 695 735 839 849 850 863  ; 6 1 6 17 10 9 7 8 8 7 11 7 8 8 11 3 
914.7 ; 6.835e-09 ; True ; 1 19 24 108 152 176 229 315 373 422 466 467 518 527 553 587 609 656 695 735 751 839 849 863  ; 8 1 6 19 12 10 8 9 10 7 12 6 8 9 12 2 
1010 ; 7.019e-09 ; True ; 1 19 24 108 152 176 226 315 373 422 466 467 483 518 527 587 609 656 695 735 752 839 849 863  ; 9 1 6 19 11 11 7 9 9 8 12 7 8 8 11 2 
1036 ; 7.283e-09 ; True ; 1 19 24 108 152 176 226 293 315 373 467 483 518 527 587 609 656 695 735 752 839 849 850 863  ; 8 1 6 18 12 9 8 8 8 7 10 8 7 9 9 3 
1061 ; 7.326e-09 ; True ; 1 19 24 108 152 176 226 293 315 373 422 466 467 483 518 527 587 609 638 656 695 735 752 849 863  ; 9 1 5 19 12 12 7 8 9 8 11 6 8 8 10 3 
1103 ; 9.191e-09 ; True ; 1 19 24 43 108 152 176 293 315 373 422 466 467 483 518 527 587 609 656 695 735 752 839 849 863  ; 8 1 6 19 12 12 7 9 8 8 13 7 8 7 11 3 
1128 ; 9.217e-09 ; True ; 1 19 24 108 152 176 226 229 293 315 373 422 466 467 483 518 527 587 609 638 656 695 735 752 849 863  ; 9 1 5 20 13 12 8 8 10 8 11 6 8 9 10 3 
1145 ; 9.515e-09 ; True ; 1 19 24 71 108 152 176 293 315 373 466 467 483 518 527 587 609 656 695 735 790 839 849 850 863  ; 7 1 6 18 12 9 8 9 7 8 11 9 8 8 11 3 
1147 ; 9.67e-09 ; True ; 1 19 24 71 108 152 176 293 315 373 466 467 483 518 527 587 609 656 695 735 752 839 849 850 863  ; 7 1 6 18 13 10 8 9 7 8 11 9 8 8 10 3 
1242 ; 1.075e-08 ; True ; 1 19 24 71 108 152 176 293 315 373 466 467 483 518 527 587 609 656 695 735 752 790 839 849 850 863  ; 8 1 6 19 13 10 8 9 7 8 12 9 8 8 11 3 
1325 ; 1.102e-08 ; True ; 1 19 24 71 108 152 176 293 315 373 445 466 467 483 518 527 587 609 656 695 735 752 790 839 849 850 863  ; 8 1 6 19 13 10 8 9 7 8 12 9 8 8 12 3 
1329 ; 1.143e-08 ; True ; 1 19 24 71 108 152 176 293 315 373 466 467 483 518 527 573 587 609 656 695 735 752 790 839 849 850 863  ; 9 1 6 20 13 10 8 9 7 8 12 9 8 8 12 3 
1344 ; 1.345e-08 ; True ; 1 19 24 71 108 152 176 293 315 373 466 467 483 518 527 587 609 656 695 711 735 752 790 839 849 850 863  ; 8 1 6 20 14 10 8 10 8 8 12 9 8 9 11 3 


RUN 6:
Optimum Distance: 22.67
Optimal Team: 1,152,373,695,
Required Skills: 0 1 4 5 9 10 11 12 14 15 16 18 22 23 24 26 
Distance; Skill Score; isValid; Team; Skill Counts
22.67 ; 2.278e-17 ; True ; 1 152 373 695  ; 2 1 1 3 2 1 1 2 1 1 2 1 1 1 2 1 
24.56 ; 3.252e-17 ; True ; 1 152 373 527  ; 1 1 1 3 2 2 1 2 1 1 3 1 1 1 2 1 
33.45 ; 2.699e-16 ; True ; 1 152 315 373 695  ; 3 1 1 3 3 1 2 2 2 1 2 1 1 2 2 1 
34.47 ; 2.765e-16 ; True ; 1 152 162 373 695  ; 3 1 1 4 3 2 1 2 1 2 3 1 1 1 3 1 
34.48 ; 3.009e-16 ; True ; 1 152 373 422 695  ; 3 1 1 4 2 2 1 3 2 1 3 1 1 1 3 1 
35.31 ; 4.06e-16 ; True ; 1 152 373 609 695  ; 2 1 1 4 3 1 1 2 2 2 2 1 2 2 2 1 
37.31 ; 5.112e-16 ; True ; 1 152 315 373 527  ; 2 1 1 3 3 2 2 2 2 1 3 1 1 2 2 1 
38.26 ; 6.831e-16 ; True ; 1 29 152 373 527  ; 2 1 1 4 3 2 1 3 2 1 4 1 2 1 3 1 
39.43 ; 1.909e-15 ; True ; 1 152 373 527 695  ; 2 1 1 4 3 2 2 2 2 1 3 2 2 2 2 1 
47.01 ; 2.636e-15 ; True ; 1 119 152 162 373 695  ; 3 1 1 5 3 3 2 2 2 2 3 2 1 1 3 1 
49.11 ; 3.27e-15 ; True ; 1 152 162 373 609 695  ; 3 1 1 5 4 2 1 2 2 3 3 1 2 2 3 1 
49.12 ; 3.961e-15 ; True ; 1 152 373 422 609 695  ; 3 1 1 5 3 2 1 3 3 2 3 1 2 2 3 1 
52.8 ; 4.643e-15 ; True ; 1 24 152 373 609 695  ; 2 1 2 5 4 2 1 3 2 2 3 1 2 2 3 1 
52.96 ; 5.195e-15 ; True ; 1 29 152 373 527 849  ; 3 1 1 5 4 3 1 3 2 2 4 1 3 1 4 1 
53.16 ; 5.208e-15 ; True ; 1 19 29 373 527 849  ; 2 1 1 5 4 2 2 3 2 3 3 1 3 1 3 1 
53.17 ; 8.602e-15 ; True ; 1 152 315 373 527 695  ; 3 1 1 4 4 2 3 2 3 1 3 2 2 3 2 1 
55.08 ; 9.033e-15 ; True ; 1 152 373 527 610 695  ; 2 1 2 5 3 2 2 2 3 1 4 2 2 2 3 1 
55.15 ; 1.248e-14 ; True ; 1 152 373 422 527 695  ; 3 1 1 5 3 3 2 3 3 1 4 2 2 2 3 1 
56 ; 1.373e-14 ; True ; 1 152 162 373 527 695  ; 3 1 1 5 4 3 2 2 2 2 4 2 2 2 3 1 
57.04 ; 1.506e-14 ; True ; 1 29 152 373 527 695  ; 3 1 1 5 4 2 2 3 3 1 4 2 3 2 3 1 
57.11 ; 1.629e-14 ; True ; 1 152 373 527 695 849  ; 3 1 1 5 4 3 2 2 2 2 3 2 3 2 3 1 
61.98 ; 1.689e-14 ; True ; 1 19 162 373 422 609 695  ; 3 1 1 6 4 2 2 3 3 4 3 1 2 2 3 1 
63.69 ; 1.732e-14 ; True ; 1 152 373 483 527 695  ; 2 1 1 5 4 3 3 2 3 2 3 3 2 2 2 1 
63.94 ; 1.823e-14 ; True ; 1 152 162 176 373 609 695  ; 3 1 1 6 5 2 2 2 3 3 3 2 2 2 3 1 
63.95 ; 2.073e-14 ; True ; 1 152 176 373 422 609 695  ; 3 1 1 6 4 2 2 3 4 2 3 2 2 2 3 1 
64.01 ; 2.329e-14 ; True ; 1 119 152 162 373 609 695  ; 3 1 1 6 4 3 2 2 3 3 3 2 2 2 3 1 
64.56 ; 2.511e-14 ; True ; 1 119 152 373 422 609 695  ; 3 1 1 6 3 3 2 3 4 2 3 2 2 2 3 1 
67.56 ; 2.588e-14 ; True ; 1 24 152 176 373 609 695  ; 2 1 2 6 5 2 2 3 3 2 3 2 2 2 3 1 
68.38 ; 2.643e-14 ; True ; 1 24 152 315 373 609 695  ; 3 1 2 5 5 2 2 3 3 2 3 1 2 3 3 1 
68.49 ; 2.801e-14 ; True ; 1 119 152 373 467 609 695  ; 3 1 2 6 3 2 2 3 3 2 3 2 2 2 3 1 
68.76 ; 2.806e-14 ; True ; 1 162 293 373 422 527 695  ; 3 1 1 5 4 3 2 3 3 2 4 2 2 2 3 1 
68.96 ; 3.063e-14 ; True ; 1 152 315 373 527 695 863  ; 3 1 2 4 4 2 3 3 3 1 3 2 2 4 2 1 
69 ; 3.336e-14 ; True ; 1 19 315 373 467 527 695  ; 3 1 2 5 4 1 4 3 3 2 3 2 2 3 2 1 
70.05 ; 3.977e-14 ; True ; 1 19 315 373 422 527 695  ; 3 1 1 5 4 2 4 3 4 2 3 2 2 3 2 1 
70.84 ; 4.985e-14 ; True ; 1 152 315 373 467 527 695  ; 4 1 2 5 4 2 3 3 3 1 4 2 2 3 3 1 
72.59 ; 5.952e-14 ; True ; 1 152 162 373 422 527 695  ; 4 1 1 6 4 4 2 3 3 2 5 2 2 2 4 1 
72.69 ; 5.988e-14 ; True ; 1 19 162 373 422 527 695  ; 3 1 1 6 4 3 3 3 3 3 4 2 2 2 3 1 
73.73 ; 7.366e-14 ; True ; 1 152 373 422 527 609 695  ; 3 1 1 6 4 3 2 3 4 2 4 2 3 3 3 1 
74.64 ; 8.218e-14 ; True ; 1 152 373 467 527 609 695  ; 3 1 2 6 4 2 2 3 3 2 4 2 3 3 3 1 
75.68 ; 8.575e-14 ; True ; 1 29 152 373 527 695 849  ; 4 1 1 6 5 3 2 3 3 2 4 2 4 2 4 1 
77.46 ; 9.197e-14 ; True ; 1 24 152 373 527 609 695  ; 2 1 2 6 5 3 2 3 3 2 4 2 3 3 3 1 
79.55 ; 9.347e-14 ; True ; 1 24 152 373 527 695 849  ; 3 1 2 6 5 4 2 3 2 2 4 2 3 2 4 1 
79.58 ; 9.541e-14 ; True ; 1 119 152 162 373 422 609 695  ; 4 1 1 7 4 4 2 3 4 3 4 2 2 2 4 1 
83.78 ; 9.821e-14 ; True ; 1 19 162 373 422 609 685 695  ; 3 1 2 7 5 2 2 3 3 4 3 2 3 2 3 1 
85.24 ; 1.06e-13 ; True ; 1 24 152 176 315 373 518 695  ; 3 1 2 6 5 3 3 3 3 2 4 2 2 2 4 1 
85.28 ; 1.118e-13 ; True ; 1 152 373 467 483 527 695  ; 3 1 2 6 4 3 3 3 3 2 4 3 2 2 3 1 
85.6 ; 1.195e-13 ; True ; 1 119 152 162 373 467 609 695  ; 4 1 2 7 4 3 2 3 3 3 4 2 2 2 4 1 
86.87 ; 1.26e-13 ; True ; 1 19 315 373 422 527 695 863  ; 3 1 2 5 4 2 4 4 4 2 3 2 2 4 2 1 
87.59 ; 1.459e-13 ; True ; 1 19 121 315 373 467 527 695  ; 3 1 2 6 5 2 4 4 3 2 4 2 2 3 3 1 
89.5 ; 1.564e-13 ; True ; 1 19 315 373 422 527 610 695  ; 3 1 2 6 4 2 4 3 5 2 4 2 2 3 3 1 
90.35 ; 1.729e-13 ; True ; 1 19 315 373 467 527 695 751  ; 4 1 2 6 5 2 4 3 4 2 4 2 2 3 3 1 
90.42 ; 1.807e-13 ; True ; 1 19 162 315 373 422 527 695  ; 4 1 1 6 5 3 4 3 4 3 4 2 2 3 3 1 
90.6 ; 2.039e-13 ; True ; 1 19 315 373 422 467 527 695  ; 4 1 2 6 4 2 4 4 4 2 4 2 2 3 3 1 
91.27 ; 2.139e-13 ; True ; 1 19 24 315 373 467 527 695  ; 3 1 3 6 5 2 4 4 3 2 4 2 2 3 3 1 
91.34 ; 2.231e-13 ; True ; 1 19 162 373 422 527 609 695  ; 3 1 1 7 5 3 3 3 4 4 4 2 3 3 3 1 
91.53 ; 2.252e-13 ; True ; 1 19 315 373 467 518 527 695  ; 3 1 2 6 4 2 4 3 3 3 4 2 3 3 3 1 
92.24 ; 2.482e-13 ; True ; 1 152 315 373 467 527 609 695  ; 4 1 2 6 5 2 3 3 4 2 4 2 3 4 3 1 
93.17 ; 2.494e-13 ; True ; 1 152 162 373 422 527 609 695  ; 4 1 1 7 5 4 2 3 4 3 5 2 3 3 4 1 
93.3 ; 2.52e-13 ; True ; 1 19 24 315 373 518 527 695  ; 2 1 2 6 5 3 4 3 3 3 4 2 3 3 3 1 
93.4 ; 2.831e-13 ; True ; 1 19 373 422 467 527 609 695  ; 3 1 2 7 4 2 3 4 4 3 4 2 3 3 3 1 
95.31 ; 3.159e-13 ; True ; 1 152 373 422 467 527 609 695  ; 4 1 2 7 4 3 2 4 4 2 5 2 3 3 4 1 
96.06 ; 3.168e-13 ; True ; 1 19 24 373 422 527 609 695  ; 2 1 2 7 5 3 3 4 4 3 4 2 3 3 3 1 
98.01 ; 3.314e-13 ; True ; 1 24 152 373 467 527 609 695  ; 3 1 3 7 5 3 2 4 3 2 5 2 3 3 4 1 
98.98 ; 3.527e-13 ; True ; 1 24 152 373 422 527 609 695  ; 3 1 2 7 5 4 2 4 4 2 5 2 3 3 4 1 
101.1 ; 4.007e-13 ; True ; 1 19 24 29 373 527 695 849  ; 3 1 2 7 6 3 3 4 3 3 4 2 4 2 4 1 
106.1 ; 4.084e-13 ; True ; 1 19 24 119 162 373 422 609 695  ; 3 1 2 8 5 4 3 4 4 4 4 2 2 2 4 1 
106.8 ; 4.123e-13 ; True ; 1 19 24 152 373 527 609 695  ; 2 1 2 7 6 3 3 3 3 3 4 2 3 3 3 2 
107.6 ; 4.31e-13 ; True ; 1 24 152 176 315 373 518 609 695  ; 3 1 2 7 6 3 3 3 4 3 4 2 3 3 4 1 
108.4 ; 4.456e-13 ; True ; 1 19 176 315 373 422 467 527 695  ; 4 1 2 7 5 2 5 4 5 2 4 3 2 3 3 1 
109 ; 4.831e-13 ; True ; 1 19 24 176 315 373 467 527 695  ; 3 1 3 7 6 2 5 4 4 2 4 3 2 3 3 1 
109.3 ; 5.242e-13 ; True ; 1 19 176 315 373 467 518 527 695  ; 3 1 2 7 5 2 5 3 4 3 4 3 3 3 3 1 
110 ; 5.278e-13 ; True ; 1 19 121 315 373 467 527 609 695  ; 3 1 2 7 6 2 4 4 4 3 4 2 3 4 3 1 
110.7 ; 5.371e-13 ; True ; 1 19 121 315 373 467 527 587 695  ; 4 1 2 7 5 2 4 4 3 3 5 2 3 3 4 1 
111 ; 5.61e-13 ; True ; 1 152 176 315 373 467 527 609 695  ; 4 1 2 7 6 2 4 3 5 2 4 3 3 4 3 1 
111.6 ; 5.727e-13 ; True ; 1 152 176 315 373 467 527 587 695  ; 5 1 2 7 5 2 4 3 4 2 5 3 3 3 4 1 
111.9 ; 5.944e-13 ; True ; 1 19 162 315 373 422 527 610 695  ; 4 1 2 7 5 3 4 3 5 3 5 2 2 3 4 1 
112.1 ; 7.137e-13 ; True ; 1 19 315 373 422 467 527 609 695  ; 4 1 2 7 5 2 4 4 5 3 4 2 3 4 3 1 
112.9 ; 7.332e-13 ; True ; 1 19 162 373 422 527 609 610 695  ; 3 1 2 8 5 3 3 3 5 4 5 2 3 3 4 1 
113.6 ; 7.737e-13 ; True ; 1 19 24 315 373 467 527 609 695  ; 3 1 3 7 6 2 4 4 4 3 4 2 3 4 3 1 
114.3 ; 7.873e-13 ; True ; 1 19 24 315 373 467 527 587 695  ; 4 1 3 7 5 2 4 4 3 3 5 2 3 3 4 1 
114.4 ; 8.254e-13 ; True ; 1 19 24 249 315 373 467 527 695  ; 3 1 3 6 6 3 4 4 4 3 5 2 2 3 4 1 
114.8 ; 9.079e-13 ; True ; 1 19 24 315 373 467 518 527 695  ; 3 1 3 7 5 3 4 4 3 3 5 2 3 3 4 1 
115.8 ; 9.56e-13 ; True ; 1 19 162 373 422 467 527 609 695  ; 4 1 2 8 5 3 3 4 4 4 5 2 3 3 4 1 
118.4 ; 9.708e-13 ; True ; 1 24 152 315 373 467 527 609 695  ; 4 1 3 7 6 3 3 4 4 2 5 2 3 4 4 1 
118.8 ; 9.918e-13 ; True ; 1 119 152 162 373 467 527 609 695  ; 4 1 2 8 5 4 3 3 4 3 5 3 3 3 4 1 
119.3 ; 1.036e-12 ; True ; 1 19 24 162 373 422 527 609 695  ; 3 1 2 8 6 4 3 4 4 4 5 2 3 3 4 1 
119.5 ; 1.07e-12 ; True ; 1 19 24 373 422 467 527 609 695  ; 3 1 3 8 5 3 3 5 4 3 5 2 3 3 4 1 
121 ; 1.073e-12 ; True ; 1 19 373 422 467 527 609 695 849  ; 4 1 2 8 5 3 3 4 4 4 4 2 4 3 4 1 
123.4 ; 1.184e-12 ; True ; 1 19 24 29 373 422 527 609 695  ; 3 1 2 8 6 3 3 5 5 3 5 2 4 3 4 1 
124.5 ; 1.184e-12 ; True ; 1 19 24 29 373 527 609 695 849  ; 3 1 2 8 7 3 3 4 4 4 4 2 5 3 4 1 
126.5 ; 1.209e-12 ; True ; 1 19 24 29 373 422 527 695 849  ; 4 1 2 8 6 4 3 5 4 3 5 2 4 2 5 1 
127.3 ; 1.245e-12 ; True ; 1 24 29 152 373 527 609 695 849  ; 4 1 2 8 7 4 2 4 4 3 5 2 5 3 5 1 
128.7 ; 1.459e-12 ; True ; 1 19 152 373 422 467 527 609 695  ; 4 1 2 8 5 3 3 4 4 3 5 2 3 3 4 2 
131.3 ; 1.484e-12 ; True ; 1 19 24 152 373 467 527 609 695  ; 3 1 3 8 6 3 3 4 3 3 5 2 3 3 4 2 
132.3 ; 1.58e-12 ; True ; 1 19 24 152 373 422 527 609 695  ; 3 1 2 8 6 4 3 4 4 3 5 2 3 3 4 2 
133.3 ; 1.609e-12 ; True ; 1 19 24 176 315 373 467 527 609 695  ; 3 1 3 8 7 2 5 4 5 3 4 3 3 4 3 1 
133.8 ; 1.621e-12 ; True ; 1 19 162 315 373 422 527 609 695 863  ; 4 1 2 7 6 3 4 4 5 4 4 2 3 5 3 1 
133.9 ; 1.777e-12 ; True ; 1 19 24 176 315 373 467 527 587 695  ; 4 1 3 8 6 2 5 4 4 3 5 3 3 3 4 1 
134.4 ; 2.049e-12 ; True ; 1 19 24 176 315 373 467 518 527 695  ; 3 1 3 8 6 3 5 4 4 3 5 3 3 3 4 1 
136.6 ; 2.159e-12 ; True ; 1 19 162 176 373 422 467 527 609 695  ; 4 1 2 9 6 3 4 4 5 4 5 3 3 3 4 1 
137.4 ; 2.201e-12 ; True ; 1 19 162 315 373 422 467 527 609 695  ; 5 1 2 8 6 3 4 4 5 4 5 2 3 4 4 1 
138.8 ; 2.388e-12 ; True ; 1 19 24 315 373 467 518 527 587 695  ; 4 1 3 8 5 3 4 4 3 4 6 2 4 3 5 1 
138.9 ; 2.51e-12 ; True ; 1 19 24 249 315 373 467 518 527 695  ; 3 1 3 7 6 4 4 4 4 4 6 2 3 3 5 1 
139.7 ; 2.534e-12 ; True ; 1 19 119 162 373 422 467 527 609 695  ; 4 1 2 9 5 4 4 4 5 4 5 3 3 3 4 1 
140.1 ; 2.594e-12 ; True ; 1 19 24 315 373 467 518 527 609 695  ; 3 1 3 8 6 3 4 4 4 4 5 2 4 4 4 1 
141 ; 2.617e-12 ; True ; 1 19 24 315 373 422 467 527 609 695  ; 4 1 3 8 6 3 4 5 5 3 5 2 3 4 4 1 
143.7 ; 2.653e-12 ; True ; 1 24 152 176 373 467 527 587 609 695  ; 4 1 3 9 6 3 3 4 4 3 6 3 4 3 5 1 
144.2 ; 2.726e-12 ; True ; 1 24 152 176 373 467 518 527 609 695  ; 3 1 3 9 6 4 3 4 4 3 6 3 4 3 5 1 
145.5 ; 2.782e-12 ; True ; 1 24 152 249 315 373 467 527 609 695  ; 4 1 3 7 7 4 3 4 5 3 6 2 3 4 5 1 
145.6 ; 2.815e-12 ; True ; 1 19 24 373 422 467 527 587 609 695  ; 4 1 3 9 5 3 3 5 4 4 6 2 4 3 5 1 
145.7 ; 2.825e-12 ; True ; 1 19 24 162 373 422 467 527 609 695  ; 4 1 3 9 6 4 3 5 4 4 6 2 3 3 5 1 
145.9 ; 2.951e-12 ; True ; 1 24 152 315 373 467 518 527 609 695  ; 4 1 3 8 6 4 3 4 4 3 6 2 4 4 5 1 
149.2 ; 3.001e-12 ; True ; 1 19 24 29 315 373 518 527 695 735  ; 3 1 3 8 6 4 4 5 4 3 6 2 4 3 5 1 
149.5 ; 3.006e-12 ; True ; 1 29 119 152 162 373 467 527 609 695  ; 5 1 2 9 6 4 3 4 5 3 6 3 4 3 5 1 
150 ; 3.048e-12 ; True ; 1 24 152 176 373 467 527 609 695 849  ; 4 1 3 9 7 4 3 4 4 3 5 3 4 3 5 1 
150.7 ; 3.107e-12 ; True ; 1 24 152 315 373 467 527 609 695 849  ; 5 1 3 8 7 4 3 4 4 3 5 2 4 4 5 1 
150.9 ; 3.294e-12 ; True ; 1 19 24 373 422 467 527 609 695 849  ; 4 1 3 9 6 4 3 5 4 4 5 2 4 3 5 1 
151.3 ; 3.295e-12 ; True ; 1 19 152 176 373 422 467 527 609 695  ; 4 1 2 9 6 3 4 4 5 3 5 3 3 3 4 2 
151.9 ; 3.355e-12 ; True ; 1 19 24 29 373 422 527 609 695 849  ; 4 1 2 9 7 4 3 5 5 4 5 2 5 3 5 1 
152.1 ; 3.359e-12 ; True ; 1 19 152 315 373 422 467 527 609 695  ; 5 1 2 8 6 3 4 4 5 3 5 2 3 4 4 2 
153.9 ; 3.507e-12 ; True ; 1 19 24 152 176 373 467 527 609 695  ; 3 1 3 9 7 3 4 4 4 3 5 3 3 3 4 2 
154.6 ; 3.797e-12 ; True ; 1 19 24 152 315 373 467 527 609 695  ; 4 1 3 8 7 3 4 4 4 3 5 2 3 4 4 2 
156.1 ; 3.866e-12 ; True ; 1 19 119 152 373 422 467 527 609 695  ; 4 1 2 9 5 4 4 4 5 3 5 3 3 3 4 2 
157.8 ; 4.064e-12 ; True ; 1 19 24 176 315 373 467 518 527 610 695  ; 3 1 4 9 6 3 5 4 5 3 6 3 3 3 5 1 
159.1 ; 4.526e-12 ; True ; 19 24 176 249 373 467 518 527 587 695 735  ; 3 1 3 9 6 5 4 4 4 4 7 3 4 2 6 1 
160.4 ; 5.39e-12 ; True ; 1 19 24 176 315 373 467 518 527 587 695  ; 4 1 3 9 6 3 5 4 4 4 6 3 4 3 5 1 
161.7 ; 5.395e-12 ; True ; 1 19 24 176 315 373 467 518 527 609 695  ; 3 1 3 9 7 3 5 4 5 4 5 3 4 4 4 1 
162.5 ; 5.538e-12 ; True ; 1 19 24 176 315 373 466 467 518 527 695  ; 3 1 3 9 6 4 5 4 4 4 6 3 4 3 5 1 
164.5 ; 5.809e-12 ; True ; 1 19 24 249 315 373 467 518 527 587 695  ; 4 1 3 8 6 4 4 4 4 5 7 2 4 3 6 1 
166.4 ; 5.811e-12 ; True ; 1 19 24 176 373 467 527 587 609 695 735  ; 3 1 4 10 6 3 4 5 4 4 6 3 4 3 5 1 
167 ; 5.999e-12 ; True ; 1 19 24 315 373 467 518 527 587 609 695  ; 4 1 3 9 6 3 4 4 4 5 6 2 5 4 5 1 
167.1 ; 6.197e-12 ; True ; 1 19 24 249 315 373 467 518 527 609 695  ; 3 1 3 8 7 4 4 4 5 5 6 2 4 4 5 1 
167.6 ; 6.465e-12 ; True ; 1 19 24 315 373 467 518 527 609 695 735  ; 3 1 4 9 6 4 4 5 4 4 6 2 4 4 5 1 
168.5 ; 6.543e-12 ; True ; 1 24 152 176 315 373 467 518 527 609 695  ; 4 1 3 9 7 4 4 4 5 3 6 3 4 4 5 1 
171.3 ; 7.072e-12 ; True ; 1 19 24 315 373 422 467 518 527 609 695  ; 4 1 3 9 6 4 4 5 5 4 6 2 4 4 5 1 
175.5 ; 7.302e-12 ; True ; 1 19 24 176 373 422 467 527 609 695 849  ; 4 1 3 10 7 4 4 5 5 4 5 3 4 3 5 1 
176.3 ; 7.446e-12 ; True ; 1 19 24 315 373 422 467 527 609 695 849  ; 5 1 3 9 7 4 4 5 5 4 5 2 4 4 5 1 
176.5 ; 7.459e-12 ; True ; 1 19 24 119 373 422 467 527 587 609 695  ; 4 1 3 10 5 4 4 5 5 4 6 3 4 3 5 1 
178.3 ; 7.804e-12 ; True ; 1 19 24 152 176 315 373 467 527 609 695  ; 4 1 3 9 8 3 5 4 5 3 5 3 3 4 4 2 
179.5 ; 8.105e-12 ; True ; 1 19 24 152 176 315 373 467 518 527 695  ; 4 1 3 9 7 4 5 4 4 3 6 3 3 3 5 2 
181.8 ; 8.201e-12 ; True ; 1 19 24 119 373 422 467 527 609 695 849  ; 4 1 3 10 6 5 4 5 5 4 5 3 4 3 5 1 
182.8 ; 9.03e-12 ; True ; 1 19 119 152 162 373 422 467 527 609 695  ; 5 1 2 10 6 5 4 4 5 4 6 3 3 3 5 2 
183.9 ; 9.222e-12 ; True ; 1 19 24 152 176 373 467 527 587 609 695  ; 4 1 3 10 7 3 4 4 4 4 6 3 4 3 5 2 
184.3 ; 9.558e-12 ; True ; 1 19 24 152 176 373 422 467 527 609 695  ; 4 1 3 10 7 4 4 5 5 3 6 3 3 3 5 2 
185.7 ; 9.56e-12 ; True ; 1 19 24 152 249 315 373 467 527 609 695  ; 4 1 3 8 8 4 4 4 5 4 6 2 3 4 5 2 
185.7 ; 1.003e-11 ; True ; 1 19 24 176 315 373 467 518 527 587 610 695  ; 4 1 4 10 6 3 5 4 5 4 7 3 4 3 6 1 
186 ; 1.026e-11 ; True ; 1 19 24 152 315 373 467 518 527 609 695  ; 4 1 3 9 7 4 4 4 4 4 6 2 4 4 5 2 
187 ; 1.145e-11 ; True ; 19 24 176 249 315 373 467 518 527 587 695 735  ; 4 1 3 9 7 5 5 4 5 4 7 3 4 3 6 1 
188 ; 1.147e-11 ; True ; 1 19 24 176 249 315 373 467 518 527 695 735  ; 3 1 4 9 7 5 5 5 5 4 7 3 3 3 6 1 
188 ; 1.208e-11 ; True ; 1 19 24 176 249 315 373 467 518 527 587 695  ; 4 1 3 9 7 4 5 4 5 5 7 3 4 3 6 1 
188.8 ; 1.26e-11 ; True ; 1 19 24 176 315 373 467 518 527 587 695 735  ; 4 1 4 10 6 4 5 5 4 4 7 3 4 3 6 1 
191.2 ; 1.344e-11 ; True ; 1 19 24 176 315 373 467 518 527 609 695 735  ; 3 1 4 10 7 4 5 5 5 4 6 3 4 4 5 1 
194.9 ; 1.413e-11 ; True ; 1 19 24 176 315 373 422 467 518 527 609 695  ; 4 1 3 10 7 4 5 5 6 4 6 3 4 4 5 1 
198.3 ; 1.426e-11 ; True ; 1 24 152 176 315 373 467 518 527 587 609 695  ; 5 1 3 10 7 4 4 4 5 4 7 3 5 4 6 1 
198.9 ; 1.437e-11 ; True ; 1 24 152 176 315 373 467 518 527 609 695 735  ; 4 1 4 10 7 5 4 5 5 3 7 3 4 4 6 1 
201.2 ; 1.445e-11 ; True ; 1 19 24 315 373 422 467 518 527 587 609 695  ; 5 1 3 10 6 4 4 5 5 5 7 2 5 4 6 1 
201.6 ; 1.489e-11 ; True ; 1 19 24 249 315 373 467 518 527 587 656 695  ; 4 1 3 8 6 4 4 4 5 5 7 3 5 4 6 1 
202.4 ; 1.525e-11 ; True ; 1 19 24 315 373 467 518 527 587 656 695 735  ; 4 1 4 9 5 4 4 5 4 4 7 3 5 4 6 1 
202.7 ; 1.562e-11 ; True ; 1 19 24 249 315 373 467 527 587 656 695 735  ; 4 1 4 8 6 4 4 5 5 4 7 3 4 4 6 1 
204.9 ; 1.564e-11 ; True ; 1 19 24 119 315 373 467 527 587 609 695 735  ; 4 1 4 10 6 4 5 5 5 4 6 3 4 4 5 1 
205.7 ; 1.587e-11 ; True ; 1 19 24 119 315 373 422 467 518 527 609 695  ; 4 1 3 10 6 5 5 5 6 4 6 3 4 4 5 1 
206.3 ; 1.591e-11 ; True ; 1 19 24 315 373 467 518 527 609 695 735 833  ; 4 1 4 10 7 4 4 5 5 4 6 3 4 5 5 1 
207.7 ; 1.634e-11 ; True ; 1 19 24 315 373 422 467 518 527 609 685 695  ; 4 1 4 10 7 4 4 5 5 4 6 3 5 4 5 1 
208.8 ; 1.742e-11 ; True ; 1 19 24 108 249 315 373 467 518 527 587 695  ; 4 1 3 9 6 5 5 5 4 5 7 3 4 4 6 1 
210.3 ; 1.883e-11 ; True ; 1 19 24 152 176 315 373 467 518 527 587 695  ; 5 1 3 10 7 4 5 4 4 4 7 3 4 3 6 2 
211.1 ; 1.933e-11 ; True ; 1 19 24 152 176 315 373 467 527 587 609 695  ; 5 1 3 10 8 3 5 4 5 4 6 3 4 4 5 2 
211.6 ; 2.109e-11 ; True ; 1 19 24 152 176 315 373 467 518 527 609 695  ; 4 1 3 10 8 4 5 4 5 4 6 3 4 4 5 2 
216.5 ; 2.156e-11 ; True ; 1 19 24 152 176 373 467 527 587 609 695 735  ; 4 1 4 11 7 4 4 5 4 4 7 3 4 3 6 2 
217.3 ; 2.221e-11 ; True ; 1 19 24 152 176 373 422 467 527 587 609 695  ; 5 1 3 11 7 4 4 5 5 4 7 3 4 3 6 2 
217.4 ; 2.54e-11 ; True ; 1 19 24 176 249 315 373 467 518 527 587 695 735  ; 4 1 4 10 7 5 5 5 5 5 8 3 4 3 7 1 
221.1 ; 2.689e-11 ; True ; 1 19 24 176 249 315 373 467 518 527 609 695 735  ; 3 1 4 10 8 5 5 5 6 5 7 3 4 4 6 1 
222 ; 2.916e-11 ; True ; 1 19 24 176 315 373 467 518 527 587 609 695 735  ; 4 1 4 11 7 4 5 5 5 5 7 3 5 4 6 1 
228.3 ; 2.982e-11 ; True ; 1 19 24 176 315 373 422 467 518 527 609 695 735  ; 4 1 4 11 7 5 5 6 6 4 7 3 4 4 6 1 
230.7 ; 2.998e-11 ; True ; 1 24 152 176 315 373 467 518 527 587 609 695 735  ; 5 1 4 11 7 5 4 5 5 4 8 3 5 4 7 1 
232 ; 3.132e-11 ; True ; 1 19 24 249 315 373 467 518 527 587 656 695 735  ; 4 1 4 9 6 5 4 5 5 5 8 3 5 4 7 1 
235.2 ; 3.198e-11 ; True ; 1 19 24 29 176 315 373 467 518 527 609 695 735  ; 4 1 4 11 8 4 5 6 6 4 7 3 5 4 6 1 
237.2 ; 3.275e-11 ; True ; 1 19 24 119 315 373 467 518 527 587 609 695 735  ; 4 1 4 11 6 5 5 5 5 5 7 3 5 4 6 1 
239.6 ; 3.354e-11 ; True ; 1 19 24 152 176 315 373 467 518 527 587 610 695  ; 5 1 4 11 7 4 5 4 5 4 8 3 4 3 7 2 
240.2 ; 3.385e-11 ; True ; 1 19 24 108 249 315 373 467 518 527 587 695 735  ; 4 1 4 10 6 6 5 6 4 5 8 3 4 4 7 1 
240.3 ; 3.456e-11 ; True ; 1 19 24 152 176 315 373 467 527 587 609 610 695  ; 5 1 4 11 8 3 5 4 6 4 7 3 4 4 6 2 
240.9 ; 3.77e-11 ; True ; 1 19 24 152 176 315 373 467 518 527 609 610 695  ; 4 1 4 11 8 4 5 4 6 4 7 3 4 4 6 2 
243.7 ; 3.96e-11 ; True ; 1 19 24 152 176 315 373 467 518 527 587 695 735  ; 5 1 4 11 7 5 5 5 4 4 8 3 4 3 7 2 
245.4 ; 4.308e-11 ; True ; 1 19 24 152 176 315 373 467 518 527 587 609 695  ; 5 1 3 11 8 4 5 4 5 5 7 3 5 4 6 2 
246 ; 4.632e-11 ; True ; 1 19 24 152 176 315 373 467 518 527 609 695 735  ; 4 1 4 11 8 5 5 5 5 4 7 3 4 4 6 2 
251.1 ; 4.681e-11 ; True ; 1 19 24 176 315 373 467 518 527 587 609 610 695 735  ; 4 1 5 12 7 4 5 5 6 5 8 3 5 4 7 1 
253.5 ; 5.362e-11 ; True ; 1 19 24 176 249 315 373 467 518 527 587 609 695 735  ; 4 1 4 11 8 5 5 5 6 6 8 3 5 4 7 1 
255.7 ; 5.39e-11 ; True ; 1 19 24 176 315 373 466 467 518 527 587 609 695 735  ; 4 1 4 12 7 5 5 5 5 6 8 3 6 4 7 1 
261.5 ; 5.422e-11 ; True ; 1 19 24 176 249 315 373 422 467 527 587 609 695 735  ; 5 1 4 11 8 5 5 6 7 5 8 3 4 4 7 1 
262.1 ; 5.832e-11 ; True ; 1 19 24 176 315 373 422 467 518 527 587 609 695 735  ; 5 1 4 12 7 5 5 6 6 5 8 3 5 4 7 1 
267.1 ; 5.898e-11 ; True ; 1 19 24 108 152 315 373 467 518 527 587 609 695  ; 5 1 3 11 7 5 5 5 4 5 7 3 5 5 6 2 
268.1 ; 5.943e-11 ; True ; 1 19 24 108 152 315 373 467 527 587 609 695 735  ; 5 1 4 11 7 5 5 6 4 4 7 3 4 5 6 2 
268.6 ; 6.019e-11 ; True ; 1 19 24 108 176 249 315 373 467 518 527 587 695 735  ; 4 1 4 11 7 6 6 6 5 5 8 4 4 4 7 1 
271.5 ; 6.038e-11 ; True ; 1 19 24 108 152 315 373 422 467 518 527 609 695  ; 5 1 3 11 7 6 5 6 5 4 7 3 4 5 6 2 
272.3 ; 6.136e-11 ; True ; 1 19 24 108 176 249 315 373 467 518 527 587 609 695  ; 4 1 3 11 8 5 6 5 6 6 7 4 5 5 6 1 
273.1 ; 6.741e-11 ; True ; 1 19 24 108 176 315 373 467 518 527 587 609 695 735  ; 4 1 4 12 7 5 6 6 5 5 7 4 5 5 6 1 
276.6 ; 7.373e-11 ; True ; 1 19 24 152 176 315 373 467 518 527 587 609 610 695  ; 5 1 4 12 8 4 5 4 6 5 8 3 5 4 7 2 
277.3 ; 7.434e-11 ; True ; 1 19 24 152 176 315 373 467 518 527 609 610 695 735  ; 4 1 5 12 8 5 5 5 6 4 8 3 4 4 7 2 
280 ; 7.64e-11 ; True ; 1 19 24 152 176 315 373 422 467 518 527 609 610 695  ; 5 1 4 12 8 5 5 5 7 4 8 3 4 4 7 2 
280.9 ; 8.469e-11 ; True ; 1 19 24 152 176 249 315 373 467 518 527 609 695 735  ; 4 1 4 11 9 6 5 5 6 5 8 3 4 4 7 2 
281.7 ; 9.058e-11 ; True ; 1 19 24 152 176 315 373 467 518 527 587 609 695 735  ; 5 1 4 12 8 5 5 5 5 5 8 3 5 4 7 2 
292.2 ; 9.072e-11 ; True ; 1 19 24 108 152 176 315 373 467 518 527 609 610 695  ; 4 1 4 12 8 5 6 5 6 4 7 4 4 5 6 2 
293 ; 9.253e-11 ; True ; 1 19 24 152 176 315 373 422 467 518 527 609 685 695  ; 5 1 4 12 9 5 5 5 6 4 7 4 5 4 6 2 
293.5 ; 9.302e-11 ; True ; 1 19 24 152 176 315 373 467 527 587 609 656 695 735  ; 5 1 4 11 8 4 5 5 6 4 7 4 5 5 6 2 
293.9 ; 9.858e-11 ; True ; 1 19 24 29 152 176 315 373 467 518 527 609 695 735  ; 5 1 4 12 9 5 5 6 6 4 8 3 5 4 7 2 
297 ; 9.902e-11 ; True ; 1 19 24 119 152 315 373 467 518 527 587 609 695 735  ; 5 1 4 12 7 6 5 5 5 5 8 3 5 4 7 2 
297.6 ; 1.037e-10 ; True ; 1 19 24 108 152 176 315 373 467 518 527 587 609 695  ; 5 1 3 12 8 5 6 5 5 5 7 4 5 5 6 2 
298.6 ; 1.044e-10 ; True ; 1 19 24 108 152 176 315 373 467 527 587 609 695 735  ; 5 1 4 12 8 5 6 6 5 4 7 4 4 5 6 2 
300.3 ; 1.05e-10 ; True ; 1 19 24 108 152 315 373 467 518 527 587 609 610 695  ; 5 1 4 12 7 5 5 5 5 5 8 3 5 5 7 2 
301.2 ; 1.066e-10 ; True ; 1 19 24 108 152 176 373 467 518 527 587 609 695 735  ; 4 1 4 13 7 6 5 6 4 5 8 4 5 4 7 2 
304.7 ; 1.095e-10 ; True ; 1 19 24 108 152 249 315 373 467 518 527 609 695 735  ; 4 1 4 11 8 7 5 6 5 5 8 3 4 5 7 2 
305.4 ; 1.146e-10 ; True ; 1 19 24 108 152 315 373 467 518 527 587 609 695 735  ; 5 1 4 12 7 6 5 6 4 5 8 3 5 5 7 2 
308.6 ; 1.192e-10 ; True ; 1 19 24 108 176 249 315 373 467 518 527 587 609 695 735  ; 4 1 4 12 8 6 6 6 6 6 8 4 5 5 7 1 
310.9 ; 1.199e-10 ; True ; 1 19 24 108 176 315 373 466 467 518 527 587 609 695 735  ; 4 1 4 13 7 6 6 6 5 6 8 4 6 5 7 1 
314 ; 1.282e-10 ; True ; 1 19 24 152 176 249 315 373 467 518 527 609 610 695 735  ; 4 1 5 12 9 6 5 5 7 5 9 3 4 4 8 2 
314.4 ; 1.314e-10 ; True ; 1 19 24 152 176 229 315 373 466 467 518 527 587 695 735  ; 5 1 4 13 8 6 6 5 5 5 9 3 5 4 8 2 
314.9 ; 1.409e-10 ; True ; 1 19 24 152 176 315 373 467 518 527 587 609 610 695 735  ; 5 1 5 13 8 5 5 5 6 5 9 3 5 4 8 2 
318.2 ; 1.439e-10 ; True ; 1 19 24 152 176 229 315 373 466 467 527 587 609 695 735  ; 5 1 4 13 9 5 6 5 6 5 8 3 5 5 7 2 
318.2 ; 1.541e-10 ; True ; 1 19 24 152 176 249 315 373 467 518 527 587 609 695 735  ; 5 1 4 12 9 6 5 5 6 6 9 3 5 4 8 2 
320.5 ; 1.561e-10 ; True ; 1 19 24 152 176 315 373 466 467 518 527 587 609 695 735  ; 5 1 4 13 8 6 5 5 5 6 9 3 6 4 8 2 
325.8 ; 1.628e-10 ; True ; 1 19 24 152 176 315 373 422 467 518 527 587 609 695 735  ; 6 1 4 13 8 6 5 6 6 5 9 3 5 4 8 2 
328.4 ; 1.672e-10 ; True ; 1 19 24 119 152 176 315 373 467 518 527 587 609 695 735  ; 5 1 4 13 8 6 6 5 6 5 8 4 5 4 7 2 
330.9 ; 1.699e-10 ; True ; 1 19 24 152 176 315 373 467 518 527 587 609 695 735 833  ; 6 1 4 13 9 5 5 5 6 5 8 4 5 5 7 2 
331.7 ; 1.791e-10 ; True ; 1 19 24 152 176 315 373 467 518 527 587 609 656 695 735  ; 5 1 4 12 8 5 5 5 6 5 8 4 6 5 7 2 
337.9 ; 2.014e-10 ; True ; 1 19 24 108 152 176 315 373 467 518 527 587 609 695 735  ; 5 1 4 13 8 6 6 6 5 5 8 4 5 5 7 2 
351.5 ; 2.042e-10 ; True ; 1 19 24 108 152 176 373 467 518 527 587 609 695 735 833  ; 5 1 4 14 8 6 5 6 5 5 8 5 5 5 7 2 
351.9 ; 2.07e-10 ; True ; 1 19 24 108 152 249 315 373 467 518 527 587 656 695 735  ; 5 1 4 11 7 7 5 6 5 5 9 4 5 5 8 2 
352.3 ; 2.089e-10 ; True ; 1 19 24 108 152 176 315 373 467 518 527 609 695 735 849  ; 5 1 4 13 9 7 6 6 5 5 7 4 5 5 7 2 
352.6 ; 2.096e-10 ; True ; 1 19 24 108 152 176 315 373 467 527 587 609 695 735 849  ; 6 1 4 13 9 6 6 6 5 5 7 4 5 5 7 2 
355 ; 2.155e-10 ; True ; 1 19 24 108 152 249 315 373 467 527 587 609 685 695 735  ; 5 1 5 12 9 6 5 6 5 5 8 4 5 5 7 2 
356.6 ; 2.166e-10 ; True ; 1 19 24 108 152 315 373 467 518 527 587 609 695 735 833  ; 6 1 4 13 8 6 5 6 5 5 8 4 5 6 7 2 
356.7 ; 2.28e-10 ; True ; 1 19 24 152 176 249 315 373 466 467 527 587 609 610 695 735  ; 5 1 5 13 9 6 5 5 7 6 10 3 5 4 9 2 
358.8 ; 2.458e-10 ; True ; 1 19 24 152 176 249 315 373 466 467 518 527 587 609 695 735  ; 5 1 4 13 9 7 5 5 6 7 10 3 6 4 9 2 
363 ; 2.581e-10 ; True ; 1 19 24 152 176 249 315 373 467 518 527 587 609 695 735 863  ; 5 1 5 12 9 6 5 6 6 6 9 3 5 5 8 2 
366.9 ; 2.602e-10 ; True ; 1 19 24 152 176 229 315 373 467 518 527 587 609 685 695 735  ; 5 1 5 14 10 5 6 5 6 5 8 4 6 5 7 2 
368.4 ; 2.671e-10 ; True ; 1 19 24 152 176 315 373 422 466 467 518 527 587 609 695 735  ; 6 1 4 14 8 7 5 6 6 6 10 3 6 4 9 2 
371.1 ; 2.965e-10 ; True ; 1 19 24 152 176 249 315 373 467 518 527 587 609 656 695 735  ; 5 1 4 12 9 6 5 5 7 6 9 4 6 5 8 2 
374 ; 3.133e-10 ; True ; 1 19 24 108 152 176 315 373 467 518 527 587 609 610 695 735  ; 5 1 5 14 8 6 6 6 6 5 9 4 5 5 8 2 
380.6 ; 3.382e-10 ; True ; 1 19 24 108 152 176 315 373 466 467 518 527 587 609 695 735  ; 5 1 4 14 8 7 6 6 5 6 9 4 6 5 8 2 
386.9 ; 3.432e-10 ; True ; 1 19 24 108 152 176 315 373 422 467 518 527 587 609 695 735  ; 6 1 4 14 8 7 6 7 6 5 9 4 5 5 8 2 
391 ; 3.436e-10 ; True ; 1 19 24 108 152 176 315 373 467 518 527 587 609 685 695 735  ; 5 1 5 14 9 6 6 6 5 5 8 5 6 5 7 2 
392.8 ; 3.593e-10 ; True ; 1 19 24 108 152 176 315 373 467 518 527 587 609 656 695 735  ; 5 1 4 13 8 6 6 6 6 5 8 5 6 6 7 2 
398.8 ; 3.785e-10 ; True ; 1 19 24 108 152 249 315 373 467 518 527 587 609 656 695 735  ; 5 1 4 12 8 7 5 6 6 6 9 4 6 6 8 2 
407.3 ; 4.117e-10 ; True ; 1 19 24 152 176 249 315 373 466 467 518 527 587 609 695 735 863  ; 5 1 5 13 9 7 5 6 6 7 10 3 6 5 9 2 
409.7 ; 4.33e-10 ; True ; 1 19 24 152 176 315 373 466 467 518 527 587 609 610 695 735 833  ; 6 1 5 15 9 6 5 5 7 6 10 4 6 5 9 2 
413.7 ; 4.465e-10 ; True ; 1 19 24 152 176 249 315 373 466 467 518 527 587 609 695 735 833  ; 6 1 4 14 10 7 5 5 7 7 10 4 6 5 9 2 
422.6 ; 4.72e-10 ; True ; 1 19 24 152 176 315 373 422 466 467 518 527 587 609 685 695 735  ; 6 1 5 15 9 7 5 6 6 6 10 4 7 4 9 2 
426.5 ; 4.855e-10 ; True ; 1 19 24 108 152 176 315 373 467 518 527 587 609 695 735 751 863  ; 6 1 5 14 9 7 6 7 6 5 9 4 5 6 8 2 
428.2 ; 5.295e-10 ; True ; 1 19 24 108 152 176 315 373 466 467 518 527 587 609 695 735 863  ; 5 1 5 14 8 7 6 7 5 6 9 4 6 6 8 2 
431.9 ; 5.44e-10 ; True ; 1 19 24 108 152 176 315 373 467 518 527 587 609 610 656 695 735  ; 5 1 5 14 8 6 6 6 7 5 9 5 6 6 8 2 
434.9 ; 5.476e-10 ; True ; 1 19 24 108 152 176 315 373 467 518 527 587 609 610 695 735 849  ; 6 1 5 15 9 7 6 6 6 6 9 4 6 5 9 2 
436.7 ; 5.611e-10 ; True ; 1 19 24 108 152 176 315 373 466 467 518 527 587 609 685 695 735  ; 5 1 5 15 9 7 6 6 5 6 9 5 7 5 8 2 
437.6 ; 5.724e-10 ; True ; 1 19 24 108 152 176 315 373 466 467 518 527 587 609 695 735 833  ; 6 1 4 15 9 7 6 6 6 6 9 5 6 6 8 2 
443 ; 5.855e-10 ; True ; 1 19 24 108 152 176 315 373 422 467 518 527 587 609 685 695 735  ; 6 1 5 15 9 7 6 7 6 5 9 5 6 5 8 2 
446.8 ; 5.959e-10 ; True ; 1 19 24 108 152 176 315 373 422 467 518 527 587 609 656 695 735  ; 6 1 4 14 8 7 6 7 7 5 9 5 6 6 8 2 
454.1 ; 6.089e-10 ; True ; 1 19 24 152 176 249 315 373 466 467 518 527 553 587 609 695 735 863  ; 5 1 5 14 10 7 6 6 7 7 10 3 6 6 9 2 
455.8 ; 6.188e-10 ; True ; 1 19 24 108 152 176 315 373 467 518 527 587 609 656 695 735 849  ; 6 1 4 14 9 7 6 6 6 6 8 5 7 6 8 2 
463 ; 6.468e-10 ; True ; 1 19 24 152 176 315 373 422 466 467 518 527 553 587 609 695 735 863  ; 6 1 5 15 9 7 6 7 7 6 10 3 6 6 9 2 
465.4 ; 6.949e-10 ; True ; 1 19 24 152 176 249 315 373 466 467 518 527 587 609 685 695 735 863  ; 5 1 6 14 10 7 5 6 6 7 10 4 7 5 9 2 
474.8 ; 7.48e-10 ; True ; 1 19 24 108 152 176 315 373 422 467 518 527 587 609 610 695 735 863  ; 6 1 6 15 8 7 6 8 7 5 10 4 5 6 9 2 
478.5 ; 7.839e-10 ; True ; 1 19 24 108 152 176 229 249 373 466 467 518 527 587 609 695 735 833  ; 5 1 4 16 10 8 6 6 7 7 10 5 6 6 9 2 
485.6 ; 8.232e-10 ; True ; 1 19 24 108 152 176 315 373 467 518 527 587 609 610 695 735 849 863  ; 6 1 6 15 9 7 6 7 6 6 9 4 6 6 9 2 
494.9 ; 8.591e-10 ; True ; 1 19 24 108 152 176 315 373 466 467 518 527 587 609 695 735 849 863  ; 6 1 5 15 9 8 6 7 5 7 9 4 7 6 9 2 
498.7 ; 8.822e-10 ; True ; 1 19 24 108 152 176 315 373 422 467 518 527 587 609 695 735 849 863  ; 7 1 5 15 9 8 6 8 6 6 9 4 6 6 9 2 
507.9 ; 8.838e-10 ; True ; 1 19 24 108 152 176 315 373 422 467 527 587 609 685 695 735 849 863  ; 7 1 6 15 10 7 6 8 6 5 8 5 6 6 8 2 
508.8 ; 9.049e-10 ; True ; 1 19 24 108 152 176 315 373 422 467 518 527 587 609 695 735 833 849  ; 8 1 4 16 10 8 6 7 7 6 9 5 6 6 9 2 
510.5 ; 9.17e-10 ; True ; 1 19 108 119 152 249 315 373 422 466 467 527 587 609 685 695 735 863  ; 6 1 5 14 8 8 6 7 7 6 9 5 6 6 8 2 
515 ; 9.708e-10 ; True ; 1 19 24 108 152 176 315 373 422 466 467 527 587 609 656 695 735 849  ; 7 1 4 15 9 8 6 7 7 6 9 5 7 6 9 2 
517.8 ; 1.02e-09 ; True ; 1 19 24 108 152 176 248 315 373 466 467 518 527 587 609 610 695 735 863  ; 6 1 6 16 9 7 6 7 6 7 10 4 6 6 10 2 
521.6 ; 1.023e-09 ; True ; 1 19 24 108 152 176 315 373 466 467 518 527 587 609 610 685 695 735 800  ; 5 1 6 17 9 7 7 6 7 6 10 5 7 5 9 2 
531.9 ; 1.032e-09 ; True ; 1 19 24 108 119 176 293 315 373 422 466 467 518 527 587 609 685 695 863  ; 5 1 5 15 9 7 7 7 7 6 8 6 7 6 7 2 
541.1 ; 1.032e-09 ; True ; 1 19 24 108 152 176 248 315 373 422 466 518 527 587 609 610 695 735 833  ; 7 1 4 17 10 8 6 6 8 7 10 5 6 6 10 2 
541.9 ; 1.129e-09 ; True ; 1 19 24 152 176 315 373 422 466 467 518 527 587 609 685 695 735 849 863  ; 7 1 6 16 10 8 5 7 6 7 10 4 8 5 10 2 
542.5 ; 1.13e-09 ; True ; 1 19 24 108 152 176 226 315 373 466 467 518 527 587 609 610 685 695 735  ; 6 1 6 17 9 7 6 6 7 6 10 5 7 6 9 2 
548.8 ; 1.158e-09 ; True ; 1 19 24 108 152 176 229 315 373 422 518 527 587 609 610 685 695 849 863  ; 6 1 5 16 11 7 7 6 8 6 8 5 7 7 8 2 
551.3 ; 1.183e-09 ; True ; 1 19 24 108 152 176 315 373 422 467 518 527 587 609 695 735 751 849 863  ; 8 1 5 16 10 9 6 8 7 6 10 4 6 6 10 2 
556 ; 1.231e-09 ; True ; 1 19 24 152 176 293 315 373 422 467 518 527 587 609 656 695 735 849 863  ; 7 1 5 14 10 7 5 7 7 6 9 4 7 6 9 3 
557.6 ; 1.304e-09 ; True ; 1 19 24 108 152 176 293 315 373 422 467 518 527 587 609 685 695 735 863  ; 6 1 6 15 10 7 6 8 6 5 9 5 6 6 8 3 
571.6 ; 1.342e-09 ; True ; 1 19 24 108 152 249 315 373 422 467 518 527 587 609 685 695 735 849 863  ; 7 1 6 15 10 9 5 8 6 7 10 4 7 6 10 2 
575.1 ; 1.358e-09 ; True ; 1 19 24 108 152 176 229 373 422 467 518 527 587 609 695 735 750 849 863  ; 6 1 5 17 9 8 6 8 7 6 9 5 7 7 9 2 
577 ; 1.365e-09 ; True ; 1 19 108 152 176 293 315 373 422 467 518 527 587 609 656 695 735 849 863  ; 7 1 4 14 9 7 6 7 7 6 8 5 7 7 8 3 
578.5 ; 1.401e-09 ; True ; 1 19 24 108 152 249 315 373 467 518 527 587 609 685 695 735 833 849 863  ; 7 1 6 15 11 8 5 7 6 7 9 5 7 7 9 2 
584.3 ; 1.425e-09 ; True ; 1 19 24 108 152 176 293 315 373 467 518 527 587 609 695 735 750 849 863  ; 6 1 5 15 10 7 6 7 6 6 8 5 7 7 8 3 
590.3 ; 1.482e-09 ; True ; 1 19 24 108 152 249 315 373 467 518 527 587 609 656 685 695 735 833 849  ; 7 1 5 15 11 8 5 6 7 7 9 6 8 7 9 2 
592.9 ; 1.816e-09 ; True ; 1 19 24 108 152 176 315 373 422 466 467 518 527 587 609 610 695 735 833 863  ; 7 1 6 17 9 8 6 8 8 6 11 5 6 7 10 2 
611.4 ; 1.846e-09 ; True ; 1 19 24 108 152 249 315 373 422 466 467 518 527 553 587 609 656 695 735 863  ; 6 1 5 15 9 9 6 8 8 7 11 4 7 8 10 2 
613.2 ; 1.913e-09 ; True ; 1 19 24 108 145 152 176 315 373 422 467 518 527 587 609 610 656 695 735 863  ; 6 1 6 16 9 8 7 8 9 6 10 5 6 7 9 2 
615.6 ; 1.915e-09 ; True ; 1 19 24 108 119 152 176 249 293 315 373 466 467 518 527 587 609 685 695 863  ; 5 1 5 15 11 8 7 6 7 7 9 6 7 6 8 3 
628.5 ; 1.948e-09 ; True ; 1 19 24 108 152 176 254 315 373 422 466 467 527 587 609 656 695 735 849 863  ; 7 1 5 16 9 8 6 9 7 7 10 5 7 7 10 2 
633.6 ; 2.036e-09 ; True ; 1 19 24 108 152 176 293 315 373 422 466 467 527 587 609 695 735 833 849 863  ; 8 1 5 16 11 8 6 8 7 6 9 5 6 7 9 3 
643.2 ; 2.055e-09 ; True ; 1 19 24 108 152 176 293 315 373 422 466 518 527 587 609 656 695 735 849 863  ; 6 1 4 15 10 9 6 7 7 7 9 5 8 7 9 3 
648.1 ; 2.134e-09 ; True ; 1 19 24 108 119 152 293 315 373 422 467 518 527 587 609 695 735 833 849 863  ; 8 1 5 16 10 9 6 8 7 6 9 5 6 7 9 3 
659 ; 2.283e-09 ; True ; 1 19 24 108 176 249 293 315 373 422 439 467 518 527 587 609 610 695 735 833 849  ; 7 1 6 16 11 8 7 7 9 7 10 6 6 6 10 2 
671.1 ; 2.386e-09 ; True ; 1 19 24 108 119 176 249 293 315 373 422 467 518 527 587 609 685 695 735 833 849  ; 7 1 5 17 12 9 7 7 9 7 9 7 7 6 9 2 
678.2 ; 2.746e-09 ; True ; 1 19 24 108 119 152 176 249 315 373 422 466 467 518 527 587 609 685 695 833 863  ; 7 1 5 17 11 9 7 7 9 7 10 7 7 7 9 2 
682.9 ; 2.866e-09 ; True ; 1 19 108 152 176 249 293 315 373 422 467 518 527 587 609 610 656 695 735 849 863  ; 7 1 5 15 10 8 6 7 9 7 10 5 7 7 10 3 
690.4 ; 2.903e-09 ; True ; 1 19 24 108 152 293 315 373 422 466 467 518 527 587 609 610 656 695 735 833 863  ; 7 1 6 16 9 8 5 8 8 6 11 5 7 8 10 3 
696.8 ; 2.993e-09 ; True ; 1 19 24 108 152 176 315 373 422 466 467 518 527 587 609 656 695 735 833 849 863  ; 8 1 5 17 10 9 6 8 8 7 10 6 8 8 10 2 
714.4 ; 3.077e-09 ; True ; 1 19 24 108 119 152 254 293 315 373 467 518 527 587 609 610 656 685 695 735 849  ; 6 1 6 17 10 8 6 7 7 7 10 6 8 6 10 3 
741.5 ; 3.099e-09 ; True ; 1 19 24 108 119 152 293 315 373 466 467 518 527 587 609 610 656 695 833 839 863  ; 6 1 6 15 9 7 6 7 8 6 10 7 7 8 9 3 
746.3 ; 3.268e-09 ; True ; 1 19 24 108 152 249 293 315 373 466 467 518 527 587 609 656 695 735 839 849 863  ; 6 1 6 14 10 9 5 8 6 8 11 5 8 7 11 3 
759.9 ; 3.816e-09 ; True ; 1 19 24 65 108 119 152 176 249 293 315 373 422 467 518 527 587 609 656 695 735 863  ; 6 1 5 15 10 9 7 9 9 6 10 7 6 8 9 3 
776.1 ; 3.825e-09 ; True ; 1 19 24 108 152 249 315 373 422 467 518 527 587 609 610 681 685 695 735 750 833 849  ; 8 1 6 19 12 9 6 8 9 7 12 6 8 7 11 2 
779.8 ; 3.984e-09 ; True ; 1 19 24 108 119 152 249 254 293 315 373 467 518 527 609 610 656 695 735 833 849 863  ; 6 1 6 16 11 9 6 8 9 7 10 6 6 8 10 3 
810 ; 4.02e-09 ; True ; 1 19 24 108 119 152 249 293 315 373 422 466 467 518 527 587 610 695 833 839 849 863  ; 8 1 6 16 10 10 6 8 8 7 12 6 6 6 12 3 
827.9 ; 4.2e-09 ; True ; 1 19 24 108 176 249 293 315 373 422 466 518 527 587 609 610 681 695 735 833 839 849 863  ; 6 1 6 17 12 9 7 9 9 8 12 6 7 7 11 2 
832.1 ; 4.27e-09 ; True ; 1 19 24 119 152 176 249 293 315 373 422 466 467 483 527 587 610 656 681 695 735 833 863  ; 7 1 6 17 12 9 8 8 11 6 12 7 5 6 10 3 
832.5 ; 4.389e-09 ; True ; 1 19 108 152 254 293 315 373 422 466 467 518 527 531 587 609 656 695 735 839 849 863  ; 7 1 5 16 9 8 6 9 7 8 11 6 8 7 11 3 
839.4 ; 4.596e-09 ; True ; 1 19 24 119 152 229 249 315 373 466 467 518 527 587 609 656 681 685 695 785 833 849 863  ; 7 1 6 18 13 8 7 7 9 8 10 7 9 8 9 2 
846.4 ; 5.151e-09 ; True ; 1 19 24 108 152 249 315 373 422 467 518 527 587 609 610 681 685 695 735 750 833 849 863  ; 8 1 7 19 12 9 6 9 9 7 12 6 8 8 11 2 
886.9 ; 5.798e-09 ; True ; 1 19 108 119 152 176 249 293 315 373 422 466 518 527 553 587 609 685 695 735 839 849 863  ; 6 1 5 17 12 10 8 7 9 8 10 7 8 7 10 3 
898.7 ; 6.781e-09 ; True ; 1 19 24 108 152 249 293 315 373 466 467 483 518 527 587 609 610 695 735 750 833 849 863  ; 7 1 6 18 12 10 6 7 9 9 11 6 8 8 11 3 
939.8 ; 7.873e-09 ; True ; 1 19 24 108 119 152 249 254 293 315 373 467 518 527 587 609 610 656 695 735 785 833 849 863  ; 7 1 7 18 11 9 6 9 9 8 11 7 7 8 11 3 
959.3 ; 8.298e-09 ; True ; 1 19 24 108 119 152 176 249 293 315 373 422 466 518 527 553 587 609 685 695 735 839 849 863  ; 6 1 6 18 13 11 8 8 9 8 11 7 8 7 11 3 
1029 ; 9.374e-09 ; True ; 1 19 24 108 152 176 249 293 315 373 422 466 483 518 527 587 609 695 735 750 833 839 849 863  ; 7 1 5 18 13 11 7 8 10 9 11 8 8 8 11 3 
1043 ; 9.938e-09 ; True ; 1 19 24 108 149 152 254 293 315 373 422 466 518 527 587 609 610 685 695 735 750 785 833 849 863  ; 7 1 7 21 12 9 6 9 8 8 11 7 9 9 12 3 
1119 ; 1.061e-08 ; True ; 1 19 24 108 119 149 152 249 293 315 373 422 466 518 527 587 609 610 656 695 735 743 750 833 849 863  ; 8 1 5 20 12 12 7 7 11 8 12 7 9 10 12 3 
1161 ; 1.174e-08 ; True ; 1 19 24 119 152 229 249 293 373 422 439 466 467 518 527 587 609 681 685 695 735 785 839 849 850 863  ; 6 1 9 20 12 10 8 10 7 8 13 8 8 6 12 3 
1165 ; 1.174e-08 ; True ; 1 19 24 108 149 152 249 293 315 373 422 466 518 527 587 609 610 656 695 735 743 750 833 839 849 863  ; 8 1 6 19 12 11 6 8 10 8 13 7 9 10 13 3 
1294 ; 1.18e-08 ; True ; 1 19 24 119 123 145 152 229 293 315 373 380 422 466 467 507 518 527 587 609 656 695 735 750 839 849 863  ; 8 1 6 20 12 11 7 8 10 8 12 6 10 9 12 3 
1310 ; 1.193e-08 ; True ; 1 19 41 108 149 152 229 249 293 315 373 422 467 483 518 568 587 609 652 656 681 695 743 750 839 849 863  ; 8 1 5 18 12 8 8 9 11 9 10 8 9 9 10 3 
1313 ; 1.378e-08 ; True ; 1 19 24 119 145 152 165 249 293 315 373 380 467 518 527 587 609 652 656 685 695 735 833 839 849 852 863  ; 8 1 7 18 15 11 7 7 11 9 11 8 10 7 11 3 
1355 ; 1.419e-08 ; True ; 1 4 19 108 152 249 254 293 315 327 373 422 439 467 483 518 527 553 587 656 681 695 756 833 839 849 863  ; 8 1 6 19 13 8 10 11 11 8 11 9 6 10 10 3 
1418 ; 1.687e-08 ; True ; 1 19 24 119 145 152 165 249 293 315 373 380 467 477 518 527 587 609 652 656 685 695 735 833 839 849 852 863  ; 8 1 7 19 15 11 8 7 12 9 11 9 10 7 11 3  


RUN 7:
Optimum Distance: 22.67
Optimal Team: 1,152,373,695,
Required Skills: 0 1 4 5 9 10 11 12 14 15 16 18 22 23 24 26 
Distance; Skill Score; isValid; Team; Skill Counts
22.67 ; 2.278e-17 ; True ; 1 152 373 695  ; 2 1 1 3 2 1 1 2 1 1 2 1 1 1 2 1 
24.56 ; 3.252e-17 ; True ; 1 152 373 527  ; 1 1 1 3 2 2 1 2 1 1 3 1 1 1 2 1 
33.45 ; 2.699e-16 ; True ; 1 152 315 373 695  ; 3 1 1 3 3 1 2 2 2 1 2 1 1 2 2 1 
34.47 ; 2.765e-16 ; True ; 1 152 162 373 695  ; 3 1 1 4 3 2 1 2 1 2 3 1 1 1 3 1 
34.48 ; 3.009e-16 ; True ; 1 152 373 422 695  ; 3 1 1 4 2 2 1 3 2 1 3 1 1 1 3 1 
35.31 ; 4.06e-16 ; True ; 1 152 373 609 695  ; 2 1 1 4 3 1 1 2 2 2 2 1 2 2 2 1 
37.31 ; 5.112e-16 ; True ; 1 152 315 373 527  ; 2 1 1 3 3 2 2 2 2 1 3 1 1 2 2 1 
38.26 ; 6.831e-16 ; True ; 1 29 152 373 527  ; 2 1 1 4 3 2 1 3 2 1 4 1 2 1 3 1 
39.43 ; 1.909e-15 ; True ; 1 152 373 527 695  ; 2 1 1 4 3 2 2 2 2 1 3 2 2 2 2 1 
47.01 ; 2.636e-15 ; True ; 1 119 152 162 373 695  ; 3 1 1 5 3 3 2 2 2 2 3 2 1 1 3 1 
49.11 ; 3.27e-15 ; True ; 1 152 162 373 609 695  ; 3 1 1 5 4 2 1 2 2 3 3 1 2 2 3 1 
49.12 ; 3.961e-15 ; True ; 1 152 373 422 609 695  ; 3 1 1 5 3 2 1 3 3 2 3 1 2 2 3 1 
52.8 ; 4.643e-15 ; True ; 1 24 152 373 609 695  ; 2 1 2 5 4 2 1 3 2 2 3 1 2 2 3 1 
52.96 ; 5.195e-15 ; True ; 1 29 152 373 527 849  ; 3 1 1 5 4 3 1 3 2 2 4 1 3 1 4 1 
53.16 ; 5.208e-15 ; True ; 1 19 29 373 527 849  ; 2 1 1 5 4 2 2 3 2 3 3 1 3 1 3 1 
53.17 ; 8.602e-15 ; True ; 1 152 315 373 527 695  ; 3 1 1 4 4 2 3 2 3 1 3 2 2 3 2 1 
55.08 ; 9.033e-15 ; True ; 1 152 373 527 610 695  ; 2 1 2 5 3 2 2 2 3 1 4 2 2 2 3 1 
55.15 ; 1.248e-14 ; True ; 1 152 373 422 527 695  ; 3 1 1 5 3 3 2 3 3 1 4 2 2 2 3 1 
56 ; 1.373e-14 ; True ; 1 152 162 373 527 695  ; 3 1 1 5 4 3 2 2 2 2 4 2 2 2 3 1 
57.04 ; 1.506e-14 ; True ; 1 29 152 373 527 695  ; 3 1 1 5 4 2 2 3 3 1 4 2 3 2 3 1 
57.11 ; 1.629e-14 ; True ; 1 152 373 527 695 849  ; 3 1 1 5 4 3 2 2 2 2 3 2 3 2 3 1 
61.98 ; 1.689e-14 ; True ; 1 19 162 373 422 609 695  ; 3 1 1 6 4 2 2 3 3 4 3 1 2 2 3 1 
63.69 ; 1.732e-14 ; True ; 1 152 373 483 527 695  ; 2 1 1 5 4 3 3 2 3 2 3 3 2 2 2 1 
63.94 ; 1.823e-14 ; True ; 1 152 162 176 373 609 695  ; 3 1 1 6 5 2 2 2 3 3 3 2 2 2 3 1 
63.95 ; 2.073e-14 ; True ; 1 152 176 373 422 609 695  ; 3 1 1 6 4 2 2 3 4 2 3 2 2 2 3 1 
64.01 ; 2.329e-14 ; True ; 1 119 152 162 373 609 695  ; 3 1 1 6 4 3 2 2 3 3 3 2 2 2 3 1 
64.56 ; 2.511e-14 ; True ; 1 119 152 373 422 609 695  ; 3 1 1 6 3 3 2 3 4 2 3 2 2 2 3 1 
67.56 ; 2.588e-14 ; True ; 1 24 152 176 373 609 695  ; 2 1 2 6 5 2 2 3 3 2 3 2 2 2 3 1 
68.38 ; 2.643e-14 ; True ; 1 24 152 315 373 609 695  ; 3 1 2 5 5 2 2 3 3 2 3 1 2 3 3 1 
68.49 ; 2.801e-14 ; True ; 1 119 152 373 467 609 695  ; 3 1 2 6 3 2 2 3 3 2 3 2 2 2 3 1 
68.76 ; 2.806e-14 ; True ; 1 162 293 373 422 527 695  ; 3 1 1 5 4 3 2 3 3 2 4 2 2 2 3 1 
68.96 ; 3.063e-14 ; True ; 1 152 315 373 527 695 863  ; 3 1 2 4 4 2 3 3 3 1 3 2 2 4 2 1 
69 ; 3.336e-14 ; True ; 1 19 315 373 467 527 695  ; 3 1 2 5 4 1 4 3 3 2 3 2 2 3 2 1 
70.05 ; 3.977e-14 ; True ; 1 19 315 373 422 527 695  ; 3 1 1 5 4 2 4 3 4 2 3 2 2 3 2 1 
70.84 ; 4.985e-14 ; True ; 1 152 315 373 467 527 695  ; 4 1 2 5 4 2 3 3 3 1 4 2 2 3 3 1 
72.59 ; 5.952e-14 ; True ; 1 152 162 373 422 527 695  ; 4 1 1 6 4 4 2 3 3 2 5 2 2 2 4 1 
72.69 ; 5.988e-14 ; True ; 1 19 162 373 422 527 695  ; 3 1 1 6 4 3 3 3 3 3 4 2 2 2 3 1 
73.73 ; 7.366e-14 ; True ; 1 152 373 422 527 609 695  ; 3 1 1 6 4 3 2 3 4 2 4 2 3 3 3 1 
74.64 ; 8.218e-14 ; True ; 1 152 373 467 527 609 695  ; 3 1 2 6 4 2 2 3 3 2 4 2 3 3 3 1 
75.68 ; 8.575e-14 ; True ; 1 29 152 373 527 695 849  ; 4 1 1 6 5 3 2 3 3 2 4 2 4 2 4 1 
77.46 ; 9.197e-14 ; True ; 1 24 152 373 527 609 695  ; 2 1 2 6 5 3 2 3 3 2 4 2 3 3 3 1 
79.55 ; 9.347e-14 ; True ; 1 24 152 373 527 695 849  ; 3 1 2 6 5 4 2 3 2 2 4 2 3 2 4 1 
79.58 ; 9.541e-14 ; True ; 1 119 152 162 373 422 609 695  ; 4 1 1 7 4 4 2 3 4 3 4 2 2 2 4 1 
83.78 ; 9.821e-14 ; True ; 1 19 162 373 422 609 685 695  ; 3 1 2 7 5 2 2 3 3 4 3 2 3 2 3 1 
85.25 ; 1.06e-13 ; True ; 1 24 152 176 315 373 518 695  ; 3 1 2 6 5 3 3 3 3 2 4 2 2 2 4 1 
85.28 ; 1.118e-13 ; True ; 1 152 373 467 483 527 695  ; 3 1 2 6 4 3 3 3 3 2 4 3 2 2 3 1 
85.6 ; 1.195e-13 ; True ; 1 119 152 162 373 467 609 695  ; 4 1 2 7 4 3 2 3 3 3 4 2 2 2 4 1 
86.87 ; 1.26e-13 ; True ; 1 19 315 373 422 527 695 863  ; 3 1 2 5 4 2 4 4 4 2 3 2 2 4 2 1 
88.69 ; 1.394e-13 ; True ; 1 19 315 373 422 527 609 695  ; 3 1 1 6 5 2 4 3 5 3 3 2 3 4 2 1 
89.5 ; 1.564e-13 ; True ; 1 19 315 373 422 527 610 695  ; 3 1 2 6 4 2 4 3 5 2 4 2 2 3 3 1 
90.42 ; 1.807e-13 ; True ; 1 19 162 315 373 422 527 695  ; 4 1 1 6 5 3 4 3 4 3 4 2 2 3 3 1 
90.6 ; 2.039e-13 ; True ; 1 19 315 373 422 467 527 695  ; 4 1 2 6 4 2 4 4 4 2 4 2 2 3 3 1 
91.27 ; 2.139e-13 ; True ; 1 19 24 315 373 467 527 695  ; 3 1 3 6 5 2 4 4 3 2 4 2 2 3 3 1 
91.34 ; 2.231e-13 ; True ; 1 19 162 373 422 527 609 695  ; 3 1 1 7 5 3 3 3 4 4 4 2 3 3 3 1 
91.53 ; 2.252e-13 ; True ; 1 19 315 373 467 518 527 695  ; 3 1 2 6 4 2 4 3 3 3 4 2 3 3 3 1 
92.24 ; 2.482e-13 ; True ; 1 152 315 373 467 527 609 695  ; 4 1 2 6 5 2 3 3 4 2 4 2 3 4 3 1 
93.17 ; 2.494e-13 ; True ; 1 152 162 373 422 527 609 695  ; 4 1 1 7 5 4 2 3 4 3 5 2 3 3 4 1 
93.3 ; 2.52e-13 ; True ; 1 19 24 315 373 518 527 695  ; 2 1 2 6 5 3 4 3 3 3 4 2 3 3 3 1 
93.4 ; 2.831e-13 ; True ; 1 19 373 422 467 527 609 695  ; 3 1 2 7 4 2 3 4 4 3 4 2 3 3 3 1 
95.31 ; 3.159e-13 ; True ; 1 152 373 422 467 527 609 695  ; 4 1 2 7 4 3 2 4 4 2 5 2 3 3 4 1 
96.06 ; 3.168e-13 ; True ; 1 19 24 373 422 527 609 695  ; 2 1 2 7 5 3 3 4 4 3 4 2 3 3 3 1 
98.01 ; 3.314e-13 ; True ; 1 24 152 373 467 527 609 695  ; 3 1 3 7 5 3 2 4 3 2 5 2 3 3 4 1 
98.98 ; 3.527e-13 ; True ; 1 24 152 373 422 527 609 695  ; 3 1 2 7 5 4 2 4 4 2 5 2 3 3 4 1 
101.1 ; 4.007e-13 ; True ; 1 19 24 29 373 527 695 849  ; 3 1 2 7 6 3 3 4 3 3 4 2 4 2 4 1 
106.1 ; 4.084e-13 ; True ; 1 19 24 119 162 373 422 609 695  ; 3 1 2 8 5 4 3 4 4 4 4 2 2 2 4 1 
106.8 ; 4.123e-13 ; True ; 1 19 24 152 373 527 609 695  ; 2 1 2 7 6 3 3 3 3 3 4 2 3 3 3 2 
107.6 ; 4.31e-13 ; True ; 1 24 152 176 315 373 518 609 695  ; 3 1 2 7 6 3 3 3 4 3 4 2 3 3 4 1 
108.4 ; 4.456e-13 ; True ; 1 19 176 315 373 422 467 527 695  ; 4 1 2 7 5 2 5 4 5 2 4 3 2 3 3 1 
109 ; 4.831e-13 ; True ; 1 19 24 176 315 373 467 527 695  ; 3 1 3 7 6 2 5 4 4 2 4 3 2 3 3 1 
109.3 ; 5.242e-13 ; True ; 1 19 176 315 373 467 518 527 695  ; 3 1 2 7 5 2 5 3 4 3 4 3 3 3 3 1 
110.1 ; 5.26e-13 ; True ; 1 19 315 373 422 527 609 610 695  ; 3 1 2 7 5 2 4 3 6 3 4 2 3 4 3 1 
110.2 ; 5.723e-13 ; True ; 1 19 162 315 373 422 527 695 863  ; 4 1 2 6 5 3 4 4 4 3 4 2 2 4 3 1 
111.6 ; 5.727e-13 ; True ; 1 152 176 315 373 467 527 587 695  ; 5 1 2 7 5 2 4 3 4 2 5 3 3 3 4 1 
111.9 ; 5.944e-13 ; True ; 1 19 162 315 373 422 527 610 695  ; 4 1 2 7 5 3 4 3 5 3 5 2 2 3 4 1 
112.1 ; 7.137e-13 ; True ; 1 19 315 373 422 467 527 609 695  ; 4 1 2 7 5 2 4 4 5 3 4 2 3 4 3 1 
112.9 ; 7.332e-13 ; True ; 1 19 162 373 422 527 609 610 695  ; 3 1 2 8 5 3 3 3 5 4 5 2 3 3 4 1 
113.6 ; 7.737e-13 ; True ; 1 19 24 315 373 467 527 609 695  ; 3 1 3 7 6 2 4 4 4 3 4 2 3 4 3 1 
114.3 ; 7.873e-13 ; True ; 1 19 24 315 373 467 527 587 695  ; 4 1 3 7 5 2 4 4 3 3 5 2 3 3 4 1 
114.4 ; 8.254e-13 ; True ; 1 19 24 249 315 373 467 527 695  ; 3 1 3 6 6 3 4 4 4 3 5 2 2 3 4 1 
114.8 ; 9.079e-13 ; True ; 1 19 24 315 373 467 518 527 695  ; 3 1 3 7 5 3 4 4 3 3 5 2 3 3 4 1 
115.8 ; 9.56e-13 ; True ; 1 19 162 373 422 467 527 609 695  ; 4 1 2 8 5 3 3 4 4 4 5 2 3 3 4 1 
118.4 ; 9.708e-13 ; True ; 1 24 152 315 373 467 527 609 695  ; 4 1 3 7 6 3 3 4 4 2 5 2 3 4 4 1 
118.8 ; 9.918e-13 ; True ; 1 119 152 162 373 467 527 609 695  ; 4 1 2 8 5 4 3 3 4 3 5 3 3 3 4 1 
119.3 ; 1.036e-12 ; True ; 1 19 24 162 373 422 527 609 695  ; 3 1 2 8 6 4 3 4 4 4 5 2 3 3 4 1 
119.5 ; 1.07e-12 ; True ; 1 19 24 373 422 467 527 609 695  ; 3 1 3 8 5 3 3 5 4 3 5 2 3 3 4 1 
121 ; 1.073e-12 ; True ; 1 19 373 422 467 527 609 695 849  ; 4 1 2 8 5 3 3 4 4 4 4 2 4 3 4 1 
123.4 ; 1.184e-12 ; True ; 1 19 24 29 373 422 527 609 695  ; 3 1 2 8 6 3 3 5 5 3 5 2 4 3 4 1 
124.5 ; 1.184e-12 ; True ; 1 19 24 29 373 527 609 695 849  ; 3 1 2 8 7 3 3 4 4 4 4 2 5 3 4 1 
126.5 ; 1.209e-12 ; True ; 1 19 24 29 373 422 527 695 849  ; 4 1 2 8 6 4 3 5 4 3 5 2 4 2 5 1 
127.3 ; 1.245e-12 ; True ; 1 24 29 152 373 527 609 695 849  ; 4 1 2 8 7 4 2 4 4 3 5 2 5 3 5 1 
128.7 ; 1.459e-12 ; True ; 1 19 152 373 422 467 527 609 695  ; 4 1 2 8 5 3 3 4 4 3 5 2 3 3 4 2 
131.3 ; 1.484e-12 ; True ; 1 19 24 152 373 467 527 609 695  ; 3 1 3 8 6 3 3 4 3 3 5 2 3 3 4 2 
132.3 ; 1.58e-12 ; True ; 1 19 24 152 373 422 527 609 695  ; 3 1 2 8 6 4 3 4 4 3 5 2 3 3 4 2 
133.3 ; 1.609e-12 ; True ; 1 19 24 176 315 373 467 527 609 695  ; 3 1 3 8 7 2 5 4 5 3 4 3 3 4 3 1 
133.8 ; 1.621e-12 ; True ; 1 19 162 315 373 422 527 609 695 863  ; 4 1 2 7 6 3 4 4 5 4 4 2 3 5 3 1 
133.9 ; 1.777e-12 ; True ; 1 19 24 176 315 373 467 527 587 695  ; 4 1 3 8 6 2 5 4 4 3 5 3 3 3 4 1 
134.4 ; 2.049e-12 ; True ; 1 19 24 176 315 373 467 518 527 695  ; 3 1 3 8 6 3 5 4 4 3 5 3 3 3 4 1 
136.6 ; 2.159e-12 ; True ; 1 19 162 176 373 422 467 527 609 695  ; 4 1 2 9 6 3 4 4 5 4 5 3 3 3 4 1 
137.4 ; 2.201e-12 ; True ; 1 19 162 315 373 422 467 527 609 695  ; 5 1 2 8 6 3 4 4 5 4 5 2 3 4 4 1 
138.8 ; 2.388e-12 ; True ; 1 19 24 315 373 467 518 527 587 695  ; 4 1 3 8 5 3 4 4 3 4 6 2 4 3 5 1 
138.9 ; 2.51e-12 ; True ; 1 19 24 249 315 373 467 518 527 695  ; 3 1 3 7 6 4 4 4 4 4 6 2 3 3 5 1 
139.7 ; 2.534e-12 ; True ; 1 19 119 162 373 422 467 527 609 695  ; 4 1 2 9 5 4 4 4 5 4 5 3 3 3 4 1 
140.1 ; 2.594e-12 ; True ; 1 19 24 315 373 467 518 527 609 695  ; 3 1 3 8 6 3 4 4 4 4 5 2 4 4 4 1 
141 ; 2.617e-12 ; True ; 1 19 24 315 373 422 467 527 609 695  ; 4 1 3 8 6 3 4 5 5 3 5 2 3 4 4 1 
143.7 ; 2.653e-12 ; True ; 1 24 152 176 373 467 527 587 609 695  ; 4 1 3 9 6 3 3 4 4 3 6 3 4 3 5 1 
144.2 ; 2.726e-12 ; True ; 1 24 152 176 373 467 518 527 609 695  ; 3 1 3 9 6 4 3 4 4 3 6 3 4 3 5 1 
145.5 ; 2.782e-12 ; True ; 1 24 152 249 315 373 467 527 609 695  ; 4 1 3 7 7 4 3 4 5 3 6 2 3 4 5 1 
145.6 ; 2.815e-12 ; True ; 1 19 24 373 422 467 527 587 609 695  ; 4 1 3 9 5 3 3 5 4 4 6 2 4 3 5 1 
145.7 ; 2.825e-12 ; True ; 1 19 24 162 373 422 467 527 609 695  ; 4 1 3 9 6 4 3 5 4 4 6 2 3 3 5 1 
145.9 ; 2.951e-12 ; True ; 1 24 152 315 373 467 518 527 609 695  ; 4 1 3 8 6 4 3 4 4 3 6 2 4 4 5 1 
149.2 ; 3.001e-12 ; True ; 1 19 24 29 315 373 518 527 695 735  ; 3 1 3 8 6 4 4 5 4 3 6 2 4 3 5 1 
150 ; 3.048e-12 ; True ; 1 24 152 176 373 467 527 609 695 849  ; 4 1 3 9 7 4 3 4 4 3 5 3 4 3 5 1 
150.7 ; 3.107e-12 ; True ; 1 24 152 315 373 467 527 609 695 849  ; 5 1 3 8 7 4 3 4 4 3 5 2 4 4 5 1 
150.9 ; 3.294e-12 ; True ; 1 19 24 373 422 467 527 609 695 849  ; 4 1 3 9 6 4 3 5 4 4 5 2 4 3 5 1 
151.3 ; 3.295e-12 ; True ; 1 19 152 176 373 422 467 527 609 695  ; 4 1 2 9 6 3 4 4 5 3 5 3 3 3 4 2 
151.9 ; 3.355e-12 ; True ; 1 19 24 29 373 422 527 609 695 849  ; 4 1 2 9 7 4 3 5 5 4 5 2 5 3 5 1 
152.1 ; 3.359e-12 ; True ; 1 19 152 315 373 422 467 527 609 695  ; 5 1 2 8 6 3 4 4 5 3 5 2 3 4 4 2 
153.9 ; 3.507e-12 ; True ; 1 19 24 152 176 373 467 527 609 695  ; 3 1 3 9 7 3 4 4 4 3 5 3 3 3 4 2 
154.6 ; 3.797e-12 ; True ; 1 19 24 152 315 373 467 527 609 695  ; 4 1 3 8 7 3 4 4 4 3 5 2 3 4 4 2 
156.1 ; 3.866e-12 ; True ; 1 19 119 152 373 422 467 527 609 695  ; 4 1 2 9 5 4 4 4 5 3 5 3 3 3 4 2 
157.8 ; 4.064e-12 ; True ; 1 19 24 176 315 373 467 518 527 610 695  ; 3 1 4 9 6 3 5 4 5 3 6 3 3 3 5 1 
159.1 ; 4.526e-12 ; True ; 19 24 176 249 373 467 518 527 587 695 735  ; 3 1 3 9 6 5 4 4 4 4 7 3 4 2 6 1 
160.4 ; 5.39e-12 ; True ; 1 19 24 176 315 373 467 518 527 587 695  ; 4 1 3 9 6 3 5 4 4 4 6 3 4 3 5 1 
161.7 ; 5.395e-12 ; True ; 1 19 24 176 315 373 467 518 527 609 695  ; 3 1 3 9 7 3 5 4 5 4 5 3 4 4 4 1 
162.5 ; 5.538e-12 ; True ; 1 19 24 176 315 373 466 467 518 527 695  ; 3 1 3 9 6 4 5 4 4 4 6 3 4 3 5 1 
164.5 ; 5.809e-12 ; True ; 1 19 24 249 315 373 467 518 527 587 695  ; 4 1 3 8 6 4 4 4 4 5 7 2 4 3 6 1 
166.4 ; 5.811e-12 ; True ; 1 19 24 176 373 467 527 587 609 695 735  ; 3 1 4 10 6 3 4 5 4 4 6 3 4 3 5 1 
167 ; 5.999e-12 ; True ; 1 19 24 315 373 467 518 527 587 609 695  ; 4 1 3 9 6 3 4 4 4 5 6 2 5 4 5 1 
167.1 ; 6.197e-12 ; True ; 1 19 24 249 315 373 467 518 527 609 695  ; 3 1 3 8 7 4 4 4 5 5 6 2 4 4 5 1 
167.6 ; 6.465e-12 ; True ; 1 19 24 315 373 467 518 527 609 695 735  ; 3 1 4 9 6 4 4 5 4 4 6 2 4 4 5 1 
168.5 ; 6.543e-12 ; True ; 1 24 152 176 315 373 467 518 527 609 695  ; 4 1 3 9 7 4 4 4 5 3 6 3 4 4 5 1 
171.3 ; 7.072e-12 ; True ; 1 19 24 315 373 422 467 518 527 609 695  ; 4 1 3 9 6 4 4 5 5 4 6 2 4 4 5 1 
175.5 ; 7.302e-12 ; True ; 1 19 24 176 373 422 467 527 609 695 849  ; 4 1 3 10 7 4 4 5 5 4 5 3 4 3 5 1 
176.3 ; 7.446e-12 ; True ; 1 19 24 315 373 422 467 527 609 695 849  ; 5 1 3 9 7 4 4 5 5 4 5 2 4 4 5 1 
176.5 ; 7.459e-12 ; True ; 1 19 24 119 373 422 467 527 587 609 695  ; 4 1 3 10 5 4 4 5 5 4 6 3 4 3 5 1 
178.3 ; 7.804e-12 ; True ; 1 19 24 152 176 315 373 467 527 609 695  ; 4 1 3 9 8 3 5 4 5 3 5 3 3 4 4 2 
179.5 ; 8.105e-12 ; True ; 1 19 24 152 176 315 373 467 518 527 695  ; 4 1 3 9 7 4 5 4 4 3 6 3 3 3 5 2 
181.5 ; 8.186e-12 ; True ; 1 19 24 29 315 373 527 609 695 735 849  ; 4 1 3 9 8 4 4 5 5 4 5 2 5 4 5 1 
181.8 ; 8.201e-12 ; True ; 1 19 24 119 373 422 467 527 609 695 849  ; 4 1 3 10 6 5 4 5 5 4 5 3 4 3 5 1 
183 ; 8.287e-12 ; True ; 1 19 119 152 373 422 467 527 609 610 695  ; 4 1 3 10 5 4 4 4 6 3 6 3 3 3 5 2 
183.5 ; 8.55e-12 ; True ; 1 19 24 108 249 373 467 527 587 609 695  ; 3 1 3 9 6 4 4 5 4 5 6 3 4 4 5 1 
183.9 ; 9.222e-12 ; True ; 1 19 24 152 176 373 467 527 587 609 695  ; 4 1 3 10 7 3 4 4 4 4 6 3 4 3 5 2 
184.3 ; 9.558e-12 ; True ; 1 19 24 152 176 373 422 467 527 609 695  ; 4 1 3 10 7 4 4 5 5 3 6 3 3 3 5 2 
185.7 ; 9.56e-12 ; True ; 1 19 24 152 249 315 373 467 527 609 695  ; 4 1 3 8 8 4 4 4 5 4 6 2 3 4 5 2 
186 ; 9.746e-12 ; True ; 1 19 24 152 315 373 422 467 527 609 695  ; 5 1 3 9 7 4 4 5 5 3 6 2 3 4 5 2 
186 ; 1.026e-11 ; True ; 1 19 24 152 315 373 467 518 527 609 695  ; 4 1 3 9 7 4 4 4 4 4 6 2 4 4 5 2 
187 ; 1.145e-11 ; True ; 19 24 176 249 315 373 467 518 527 587 695 735  ; 4 1 3 9 7 5 5 4 5 4 7 3 4 3 6 1 
188 ; 1.147e-11 ; True ; 1 19 24 176 249 315 373 467 518 527 695 735  ; 3 1 4 9 7 5 5 5 5 4 7 3 3 3 6 1 
188 ; 1.208e-11 ; True ; 1 19 24 176 249 315 373 467 518 527 587 695  ; 4 1 3 9 7 4 5 4 5 5 7 3 4 3 6 1 
188.8 ; 1.26e-11 ; True ; 1 19 24 176 315 373 467 518 527 587 695 735  ; 4 1 4 10 6 4 5 5 4 4 7 3 4 3 6 1 
191.2 ; 1.344e-11 ; True ; 1 19 24 176 315 373 467 518 527 609 695 735  ; 3 1 4 10 7 4 5 5 5 4 6 3 4 4 5 1 
194.9 ; 1.413e-11 ; True ; 1 19 24 176 315 373 422 467 518 527 609 695  ; 4 1 3 10 7 4 5 5 6 4 6 3 4 4 5 1 
198.3 ; 1.426e-11 ; True ; 1 24 152 176 315 373 467 518 527 587 609 695  ; 5 1 3 10 7 4 4 4 5 4 7 3 5 4 6 1 
198.9 ; 1.437e-11 ; True ; 1 24 152 176 315 373 467 518 527 609 695 735  ; 4 1 4 10 7 5 4 5 5 3 7 3 4 4 6 1 
199.6 ; 1.462e-11 ; True ; 1 24 152 176 315 373 466 467 518 527 609 695  ; 4 1 3 10 7 5 4 4 5 4 7 3 5 4 6 1 
201.6 ; 1.489e-11 ; True ; 1 19 24 249 315 373 467 518 527 587 656 695  ; 4 1 3 8 6 4 4 4 5 5 7 3 5 4 6 1 
202.4 ; 1.525e-11 ; True ; 1 19 24 315 373 467 518 527 587 656 695 735  ; 4 1 4 9 5 4 4 5 4 4 7 3 5 4 6 1 
202.7 ; 1.562e-11 ; True ; 1 19 24 249 315 373 467 527 587 656 695 735  ; 4 1 4 8 6 4 4 5 5 4 7 3 4 4 6 1 
205.7 ; 1.587e-11 ; True ; 1 19 24 119 315 373 422 467 518 527 609 695  ; 4 1 3 10 6 5 5 5 6 4 6 3 4 4 5 1 
207.1 ; 1.617e-11 ; True ; 1 19 152 162 176 373 422 467 527 609 610 695  ; 5 1 3 11 7 4 4 4 6 4 7 3 3 3 6 2 
207.7 ; 1.634e-11 ; True ; 1 19 24 315 373 422 467 518 527 609 685 695  ; 4 1 4 10 7 4 4 5 5 4 6 3 5 4 5 1 
208.8 ; 1.742e-11 ; True ; 1 19 24 108 249 315 373 467 518 527 587 695  ; 4 1 3 9 6 5 5 5 4 5 7 3 4 4 6 1 
210.3 ; 1.883e-11 ; True ; 1 19 24 152 176 315 373 467 518 527 587 695  ; 5 1 3 10 7 4 5 4 4 4 7 3 4 3 6 2 
211.1 ; 1.933e-11 ; True ; 1 19 24 152 176 315 373 467 527 587 609 695  ; 5 1 3 10 8 3 5 4 5 4 6 3 4 4 5 2 
211.6 ; 2.109e-11 ; True ; 1 19 24 152 176 315 373 467 518 527 609 695  ; 4 1 3 10 8 4 5 4 5 4 6 3 4 4 5 2 
216.5 ; 2.156e-11 ; True ; 1 19 24 152 176 373 467 527 587 609 695 735  ; 4 1 4 11 7 4 4 5 4 4 7 3 4 3 6 2 
217.3 ; 2.221e-11 ; True ; 1 19 24 152 176 373 422 467 527 587 609 695  ; 5 1 3 11 7 4 4 5 5 4 7 3 4 3 6 2 
217.4 ; 2.54e-11 ; True ; 1 19 24 176 249 315 373 467 518 527 587 695 735  ; 4 1 4 10 7 5 5 5 5 5 8 3 4 3 7 1 
221.1 ; 2.689e-11 ; True ; 1 19 24 176 249 315 373 467 518 527 609 695 735  ; 3 1 4 10 8 5 5 5 6 5 7 3 4 4 6 1 
222 ; 2.916e-11 ; True ; 1 19 24 176 315 373 467 518 527 587 609 695 735  ; 4 1 4 11 7 4 5 5 5 5 7 3 5 4 6 1 
228.3 ; 2.982e-11 ; True ; 1 19 24 176 315 373 422 467 518 527 609 695 735  ; 4 1 4 11 7 5 5 6 6 4 7 3 4 4 6 1 
230.7 ; 2.998e-11 ; True ; 1 24 152 176 315 373 467 518 527 587 609 695 735  ; 5 1 4 11 7 5 4 5 5 4 8 3 5 4 7 1 
232 ; 3.132e-11 ; True ; 1 19 24 249 315 373 467 518 527 587 656 695 735  ; 4 1 4 9 6 5 4 5 5 5 8 3 5 4 7 1 
235.2 ; 3.198e-11 ; True ; 1 19 24 29 176 315 373 467 518 527 609 695 735  ; 4 1 4 11 8 4 5 6 6 4 7 3 5 4 6 1 
237.2 ; 3.275e-11 ; True ; 1 19 24 119 315 373 467 518 527 587 609 695 735  ; 4 1 4 11 6 5 5 5 5 5 7 3 5 4 6 1 
240.1 ; 3.332e-11 ; True ; 1 19 24 315 373 466 467 518 527 609 695 735 833  ; 4 1 4 11 7 5 4 5 5 5 7 3 5 5 6 1 
240.2 ; 3.385e-11 ; True ; 1 19 24 108 249 315 373 467 518 527 587 695 735  ; 4 1 4 10 6 6 5 6 4 5 8 3 4 4 7 1 
242.4 ; 3.467e-11 ; True ; 1 19 24 152 176 315 373 466 467 527 609 695 774  ; 5 1 3 11 8 4 5 5 5 4 7 3 4 4 6 2 
242.9 ; 3.752e-11 ; True ; 1 19 24 152 176 249 315 373 467 518 527 587 695  ; 5 1 3 10 8 5 5 4 5 5 8 3 4 3 7 2 
243.7 ; 3.96e-11 ; True ; 1 19 24 152 176 315 373 467 518 527 587 695 735  ; 5 1 4 11 7 5 5 5 4 4 8 3 4 3 7 2 
245.4 ; 4.308e-11 ; True ; 1 19 24 152 176 315 373 467 518 527 587 609 695  ; 5 1 3 11 8 4 5 4 5 5 7 3 5 4 6 2 
246 ; 4.632e-11 ; True ; 1 19 24 152 176 315 373 467 518 527 609 695 735  ; 4 1 4 11 8 5 5 5 5 4 7 3 4 4 6 2 
251.1 ; 4.681e-11 ; True ; 1 19 24 176 315 373 467 518 527 587 609 610 695 735  ; 4 1 5 12 7 4 5 5 6 5 8 3 5 4 7 1 
253.5 ; 5.362e-11 ; True ; 1 19 24 176 249 315 373 467 518 527 587 609 695 735  ; 4 1 4 11 8 5 5 5 6 6 8 3 5 4 7 1 
255.7 ; 5.39e-11 ; True ; 1 19 24 176 315 373 466 467 518 527 587 609 695 735  ; 4 1 4 12 7 5 5 5 5 6 8 3 6 4 7 1 
262.1 ; 5.832e-11 ; True ; 1 19 24 176 315 373 422 467 518 527 587 609 695 735  ; 5 1 4 12 7 5 5 6 6 5 8 3 5 4 7 1 
267 ; 5.953e-11 ; True ; 1 19 24 176 293 315 373 467 518 527 587 609 695 735  ; 4 1 4 11 8 4 5 5 5 5 7 3 5 4 6 2 
268.6 ; 6.019e-11 ; True ; 1 19 24 108 176 249 315 373 467 518 527 587 695 735  ; 4 1 4 11 7 6 6 6 5 5 8 4 4 4 7 1 
271.5 ; 6.038e-11 ; True ; 1 19 24 108 152 315 373 422 467 518 527 609 695  ; 5 1 3 11 7 6 5 6 5 4 7 3 4 5 6 2 
273.1 ; 6.741e-11 ; True ; 1 19 24 108 176 315 373 467 518 527 587 609 695 735  ; 4 1 4 12 7 5 6 6 5 5 7 4 5 5 6 1 
276.5 ; 6.845e-11 ; True ; 1 19 24 152 176 229 315 373 467 518 527 587 609 695  ; 5 1 3 12 9 4 6 4 6 5 7 3 5 5 6 2 
277.2 ; 7.357e-11 ; True ; 1 19 24 152 176 249 315 373 467 518 527 587 695 735  ; 5 1 4 11 8 6 5 5 5 5 9 3 4 3 8 2 
277.3 ; 7.434e-11 ; True ; 1 19 24 152 176 315 373 467 518 527 609 610 695 735  ; 4 1 5 12 8 5 5 5 6 4 8 3 4 4 7 2 
280.9 ; 8.469e-11 ; True ; 1 19 24 152 176 249 315 373 467 518 527 609 695 735  ; 4 1 4 11 9 6 5 5 6 5 8 3 4 4 7 2 
281.7 ; 9.058e-11 ; True ; 1 19 24 152 176 315 373 467 518 527 587 609 695 735  ; 5 1 4 12 8 5 5 5 5 5 8 3 5 4 7 2 
293.5 ; 9.302e-11 ; True ; 1 19 24 152 176 315 373 467 527 587 609 656 695 735  ; 5 1 4 11 8 4 5 5 6 4 7 4 5 5 6 2 
293.9 ; 9.858e-11 ; True ; 1 19 24 29 152 176 315 373 467 518 527 609 695 735  ; 5 1 4 12 9 5 5 6 6 4 8 3 5 4 7 2 
297 ; 9.902e-11 ; True ; 1 19 24 119 152 315 373 467 518 527 587 609 695 735  ; 5 1 4 12 7 6 5 5 5 5 8 3 5 4 7 2 
297.6 ; 1.037e-10 ; True ; 1 19 24 108 152 176 315 373 467 518 527 587 609 695  ; 5 1 3 12 8 5 6 5 5 5 7 4 5 5 6 2 
298.6 ; 1.044e-10 ; True ; 1 19 24 108 152 176 315 373 467 527 587 609 695 735  ; 5 1 4 12 8 5 6 6 5 4 7 4 4 5 6 2 
301.2 ; 1.066e-10 ; True ; 1 19 24 108 152 176 373 467 518 527 587 609 695 735  ; 4 1 4 13 7 6 5 6 4 5 8 4 5 4 7 2 
304.7 ; 1.095e-10 ; True ; 1 19 24 108 152 249 315 373 467 518 527 609 695 735  ; 4 1 4 11 8 7 5 6 5 5 8 3 4 5 7 2 
305.4 ; 1.146e-10 ; True ; 1 19 24 108 152 315 373 467 518 527 587 609 695 735  ; 5 1 4 12 7 6 5 6 4 5 8 3 5 5 7 2 
308.6 ; 1.192e-10 ; True ; 1 19 24 108 176 249 315 373 467 518 527 587 609 695 735  ; 4 1 4 12 8 6 6 6 6 6 8 4 5 5 7 1 
315.4 ; 1.2e-10 ; True ; 1 19 24 108 152 315 373 422 467 527 587 609 685 695  ; 6 1 4 12 8 5 5 6 5 4 7 4 5 5 6 2 
315.4 ; 1.321e-10 ; True ; 1 19 24 152 176 315 373 466 467 518 527 587 609 610 695  ; 5 1 4 13 8 5 5 4 6 6 9 3 6 4 8 2 
316.6 ; 1.359e-10 ; True ; 1 19 24 152 176 229 249 373 467 518 527 587 609 695 735  ; 4 1 4 13 9 6 5 5 6 6 9 3 5 4 8 2 
317.4 ; 1.409e-10 ; True ; 1 19 24 152 176 315 373 466 467 527 587 609 610 695 735  ; 5 1 5 13 8 5 5 5 6 5 9 3 5 4 8 2 
318.2 ; 1.541e-10 ; True ; 1 19 24 152 176 249 315 373 467 518 527 587 609 695 735  ; 5 1 4 12 9 6 5 5 6 6 9 3 5 4 8 2 
320.5 ; 1.561e-10 ; True ; 1 19 24 152 176 315 373 466 467 518 527 587 609 695 735  ; 5 1 4 13 8 6 5 5 5 6 9 3 6 4 8 2 
325.8 ; 1.628e-10 ; True ; 1 19 24 152 176 315 373 422 467 518 527 587 609 695 735  ; 6 1 4 13 8 6 5 6 6 5 9 3 5 4 8 2 
328.4 ; 1.672e-10 ; True ; 1 19 24 119 152 176 315 373 467 518 527 587 609 695 735  ; 5 1 4 13 8 6 6 5 6 5 8 4 5 4 7 2 
331.7 ; 1.791e-10 ; True ; 1 19 24 152 176 315 373 467 518 527 587 609 656 695 735  ; 5 1 4 12 8 5 5 5 6 5 8 4 6 5 7 2 
337.9 ; 2.014e-10 ; True ; 1 19 24 108 152 176 315 373 467 518 527 587 609 695 735  ; 5 1 4 13 8 6 6 6 5 5 8 4 5 5 7 2 
351.1 ; 2.132e-10 ; True ; 1 19 24 29 108 152 176 315 373 467 518 527 609 695 735  ; 5 1 4 13 9 6 6 7 6 4 8 4 5 5 7 2 
355 ; 2.155e-10 ; True ; 1 19 24 108 152 249 315 373 467 527 587 609 685 695 735  ; 5 1 5 12 9 6 5 6 5 5 8 4 5 5 7 2 
357.4 ; 2.266e-10 ; True ; 1 19 24 108 152 315 373 467 518 527 587 609 656 695 735  ; 5 1 4 12 7 6 5 6 5 5 8 4 6 6 7 2 
359.5 ; 2.316e-10 ; True ; 1 19 24 152 176 229 315 373 467 518 527 587 609 695 735 863  ; 5 1 5 13 9 5 6 6 6 5 8 3 5 6 7 2 
365.1 ; 2.614e-10 ; True ; 1 19 24 152 176 315 373 466 467 518 527 587 609 695 735 863  ; 5 1 5 13 8 6 5 6 5 6 9 3 6 5 8 2 
369.4 ; 2.786e-10 ; True ; 1 19 24 152 176 249 315 373 467 518 527 587 609 685 695 735  ; 5 1 5 13 10 6 5 5 6 6 9 4 6 4 8 2 
371.1 ; 2.808e-10 ; True ; 1 19 24 119 152 176 315 373 466 467 518 527 587 609 695 735  ; 5 1 4 14 8 7 6 5 6 6 9 4 6 4 8 2 
373.4 ; 2.852e-10 ; True ; 1 19 24 119 152 176 315 373 422 467 518 527 587 609 695 735  ; 6 1 4 14 8 7 6 6 7 5 9 4 5 4 8 2 
373.5 ; 2.965e-10 ; True ; 1 19 24 152 176 249 315 373 466 467 527 587 609 656 695 735  ; 5 1 4 12 9 6 5 5 7 6 9 4 6 5 8 2 
378.3 ; 3.339e-10 ; True ; 1 19 24 108 152 176 249 315 373 467 518 527 587 609 695 735  ; 5 1 4 13 9 7 6 6 6 6 9 4 5 5 8 2 
386.9 ; 3.432e-10 ; True ; 1 19 24 108 152 176 315 373 422 467 518 527 587 609 695 735  ; 6 1 4 14 8 7 6 7 6 5 9 4 5 5 8 2 
392.6 ; 3.436e-10 ; True ; 1 19 24 108 152 176 315 373 466 467 527 587 609 685 695 735  ; 5 1 5 14 9 6 6 6 5 5 8 5 6 5 7 2 
395.8 ; 3.567e-10 ; True ; 1 19 24 108 152 176 315 373 467 518 527 587 609 695 735 849  ; 6 1 4 14 9 7 6 6 5 6 8 4 6 5 8 2 
398.8 ; 3.785e-10 ; True ; 1 19 24 108 152 249 315 373 467 518 527 587 609 656 695 735  ; 5 1 4 12 8 7 5 6 6 6 9 4 6 6 8 2 
406.1 ; 3.914e-10 ; True ; 1 19 24 29 108 152 176 315 373 467 518 527 609 695 735 849  ; 6 1 4 14 10 7 6 7 6 5 8 4 6 5 8 2 
418.1 ; 4.48e-10 ; True ; 1 19 24 152 176 249 315 373 467 518 527 587 609 685 695 735 863  ; 5 1 6 13 10 6 5 6 6 6 9 4 6 5 8 2 
421.2 ; 4.711e-10 ; True ; 1 19 24 152 176 315 373 466 467 518 527 587 609 695 735 833 863  ; 6 1 5 14 9 6 5 6 6 6 9 4 6 6 8 2 
424.8 ; 4.86e-10 ; True ; 1 19 24 108 152 176 315 373 422 467 518 527 587 609 610 695 863  ; 6 1 5 14 8 6 6 7 7 5 9 4 5 6 8 2 
426 ; 5.228e-10 ; True ; 1 19 24 108 152 176 249 315 373 467 518 527 587 609 695 735 863  ; 5 1 5 13 9 7 6 7 6 6 9 4 5 6 8 2 
428.2 ; 5.295e-10 ; True ; 1 19 24 108 152 176 315 373 466 467 518 527 587 609 695 735 863  ; 5 1 5 14 8 7 6 7 5 6 9 4 6 6 8 2 
436.7 ; 5.611e-10 ; True ; 1 19 24 108 152 176 315 373 466 467 518 527 587 609 685 695 735  ; 5 1 5 15 9 7 6 6 5 6 9 5 7 5 8 2 
436.9 ; 5.668e-10 ; True ; 1 19 24 108 152 176 249 315 373 466 467 527 587 609 685 695 735  ; 5 1 5 14 10 7 6 6 6 6 9 5 6 5 8 2 
437.6 ; 5.724e-10 ; True ; 1 19 24 108 152 176 315 373 466 467 518 527 587 609 695 735 833  ; 6 1 4 15 9 7 6 6 6 6 9 5 6 6 8 2 
448.4 ; 5.766e-10 ; True ; 1 19 24 108 152 249 315 373 467 518 527 587 609 656 695 735 863  ; 5 1 5 12 8 7 5 7 6 6 9 4 6 7 8 2 
450.6 ; 5.867e-10 ; True ; 1 19 24 108 152 176 315 373 466 467 518 527 587 609 695 735 750  ; 5 1 4 15 8 7 6 6 6 6 9 5 7 6 8 2 
452.2 ; 5.929e-10 ; True ; 1 19 24 108 152 176 249 315 373 467 527 587 609 685 695 735 849  ; 6 1 5 14 11 7 6 6 6 6 8 5 6 5 8 2 
455.9 ; 5.959e-10 ; True ; 1 19 24 108 152 176 315 373 422 467 518 527 587 609 695 735 750  ; 6 1 4 15 8 7 6 7 7 5 9 5 6 6 8 2 
459.3 ; 6.561e-10 ; True ; 1 14 19 24 108 152 176 249 315 373 467 518 527 587 609 610 695 735  ; 5 1 5 15 10 8 6 6 7 7 11 4 5 5 10 2 
471.9 ; 6.929e-10 ; True ; 1 19 24 152 176 249 315 373 422 466 467 518 527 587 656 695 735 863  ; 6 1 5 13 8 8 5 7 7 6 11 4 6 5 10 2 
477.6 ; 7.091e-10 ; True ; 1 19 24 119 152 176 249 315 373 422 466 467 518 527 609 685 695 735  ; 5 1 5 15 10 9 6 6 8 6 10 5 6 4 9 2 
478.5 ; 7.71e-10 ; True ; 1 19 24 108 152 176 315 373 466 467 474 518 527 587 609 656 695 735  ; 6 1 4 14 8 8 6 7 6 6 9 5 7 6 8 2 
483.4 ; 7.821e-10 ; True ; 1 19 24 108 152 176 248 315 373 466 467 518 527 587 609 656 695 735  ; 6 1 4 15 9 7 6 6 6 7 9 5 7 6 9 2 
483.9 ; 7.909e-10 ; True ; 1 19 24 119 152 176 315 373 422 467 518 527 587 609 656 695 735 863  ; 6 1 5 14 8 7 6 7 8 5 9 5 6 6 8 2 
489.1 ; 8.72e-10 ; True ; 1 19 24 108 152 176 315 373 466 467 518 527 587 609 695 735 833 863  ; 6 1 5 15 9 7 6 7 6 6 9 5 6 7 8 2 
497.4 ; 8.899e-10 ; True ; 1 19 24 108 152 176 315 373 422 467 518 527 587 609 656 695 735 863  ; 6 1 5 14 8 7 6 8 7 5 9 5 6 7 8 2 
505.3 ; 8.93e-10 ; True ; 1 19 29 108 152 176 249 315 373 467 518 527 587 609 695 735 849 863  ; 7 1 4 14 10 7 6 7 7 7 9 4 7 6 9 2 
510.1 ; 8.998e-10 ; True ; 1 19 24 108 152 176 249 315 373 422 466 467 527 609 685 695 849 863  ; 6 1 5 14 11 8 6 7 7 6 8 5 6 6 8 2 
510.6 ; 9.195e-10 ; True ; 1 19 24 108 152 176 249 315 373 422 466 467 527 609 685 695 735 849  ; 6 1 5 15 11 9 6 7 7 6 9 5 6 5 9 2 
515 ; 9.708e-10 ; True ; 1 19 24 108 152 176 315 373 422 466 467 527 587 609 656 695 735 849  ; 7 1 4 15 9 8 6 7 7 6 9 5 7 6 9 2 
522 ; 1.02e-09 ; True ; 1 19 24 119 149 152 176 249 315 373 422 467 518 527 587 609 656 695 735  ; 6 1 4 15 10 8 7 6 9 6 10 5 6 6 10 2 
533.8 ; 1.042e-09 ; True ; 1 19 24 108 152 176 315 373 467 483 518 527 587 609 695 735 849 863  ; 6 1 5 15 10 8 7 7 6 7 8 5 6 6 8 2 
538.2 ; 1.135e-09 ; True ; 1 19 24 119 152 176 249 315 373 467 518 527 587 609 685 695 735 833 863  ; 6 1 6 15 11 7 6 6 8 6 9 6 6 6 8 2 
546.1 ; 1.252e-09 ; True ; 1 19 24 108 152 176 246 315 373 422 466 467 518 527 587 609 685 695 863  ; 6 1 5 15 10 7 7 7 7 6 9 5 7 7 8 2 
559 ; 1.308e-09 ; True ; 1 19 24 108 152 176 249 315 373 422 466 467 518 527 587 656 685 695 863  ; 6 1 5 14 9 8 6 7 7 6 10 6 7 6 9 2 
563 ; 1.394e-09 ; True ; 1 19 24 108 152 176 315 373 422 466 467 518 527 587 609 695 735 750 863  ; 6 1 5 16 8 8 6 8 7 6 10 5 7 7 9 2 
580.8 ; 1.414e-09 ; True ; 1 19 24 108 152 249 293 315 373 467 518 527 587 609 656 695 735 849 863  ; 6 1 5 13 10 8 5 7 6 7 9 4 7 7 9 3 
582.7 ; 1.432e-09 ; True ; 1 19 24 108 152 249 315 373 422 467 518 527 587 609 685 695 735 750 863  ; 6 1 6 15 9 8 5 8 7 6 10 5 7 7 9 2 
593.6 ; 1.503e-09 ; True ; 1 19 24 41 108 134 152 176 315 373 466 467 518 527 587 609 656 695 735 863  ; 5 1 5 15 8 7 6 7 7 7 10 5 8 8 9 2 
600 ; 1.528e-09 ; True ; 1 19 29 108 152 176 249 315 373 467 518 527 587 609 695 735 839 849 863  ; 7 1 5 14 10 7 6 8 7 7 10 5 7 6 10 2 
604.9 ; 1.566e-09 ; True ; 1 19 29 108 152 176 315 373 422 467 483 518 527 587 609 656 695 735 863  ; 7 1 4 15 9 7 7 8 9 6 9 6 7 7 8 2 
608.2 ; 1.578e-09 ; True ; 1 19 108 152 176 249 315 373 422 466 467 518 527 587 609 695 735 739 827 863  ; 7 1 5 15 9 8 6 8 7 7 10 5 6 7 10 2 
613.5 ; 1.611e-09 ; True ; 1 8 19 24 108 152 176 249 315 373 422 467 527 587 609 656 695 735 849 863  ; 7 1 5 15 11 9 6 9 8 6 9 5 6 7 9 2 
614.1 ; 1.636e-09 ; True ; 1 19 24 119 152 176 315 373 422 466 518 527 609 610 685 695 735 833 849 863  ; 6 1 6 17 11 9 6 6 9 6 9 6 7 6 9 2 
616.3 ; 1.8e-09 ; True ; 1 19 24 119 152 176 249 315 373 422 466 467 527 587 609 656 685 695 849 863  ; 7 1 5 15 11 8 6 6 9 7 9 6 8 6 9 2 
625.8 ; 1.935e-09 ; True ; 1 19 24 108 152 176 249 315 373 422 466 467 518 527 587 609 695 739 849 863  ; 7 1 5 15 10 9 6 8 7 8 10 5 7 6 10 2 
634.2 ; 1.957e-09 ; True ; 1 19 29 108 152 176 249 293 315 373 422 466 467 527 587 609 695 735 849 863  ; 8 1 4 15 11 8 6 8 8 7 10 4 7 6 10 3 
642.4 ; 2.025e-09 ; True ; 1 19 24 96 108 152 176 315 373 466 467 518 527 587 609 695 735 833 849 863  ; 7 1 5 17 11 9 7 7 6 7 9 6 7 8 9 2 
642.8 ; 2.027e-09 ; True ; 1 19 24 108 152 176 249 373 422 466 467 527 587 609 656 695 735 833 849 863  ; 7 1 5 16 10 9 5 8 8 7 10 6 7 7 10 2 
648.7 ; 2.197e-09 ; True ; 1 19 24 119 152 176 249 315 373 422 466 467 518 527 553 587 609 695 735 849 863  ; 7 1 5 17 11 10 7 7 9 8 11 4 7 6 11 2 
675.3 ; 2.359e-09 ; True ; 1 19 24 108 119 249 293 315 373 466 467 527 587 609 610 685 695 735 833 849 863  ; 6 1 7 16 11 8 6 7 8 7 9 6 7 7 9 2 
684.6 ; 2.741e-09 ; True ; 1 19 24 108 152 176 249 315 373 422 466 467 518 527 587 609 695 735 739 849 863  ; 7 1 6 16 10 10 6 9 7 8 11 5 7 6 11 2 
718.5 ; 2.995e-09 ; True ; 1 19 24 108 152 176 249 315 373 422 439 466 467 527 587 609 656 695 739 849 863  ; 7 1 6 14 10 8 7 8 8 7 9 7 7 7 9 2 
730.8 ; 3.166e-09 ; True ; 1 19 29 108 152 249 293 315 373 422 467 518 527 587 609 685 695 735 739 849 863  ; 8 1 6 15 11 8 5 9 7 7 10 5 8 6 10 3 
743 ; 3.198e-09 ; True ; 1 19 24 108 152 162 293 315 373 422 466 467 483 527 587 609 610 685 695 735 849  ; 8 1 6 18 12 10 6 7 7 8 11 5 7 5 11 3 
750.5 ; 3.279e-09 ; True ; 1 19 29 108 152 249 293 315 373 422 466 467 518 527 587 609 685 695 735 839 863  ; 7 1 6 15 10 8 5 9 7 7 12 5 8 6 11 3 
759.3 ; 3.326e-09 ; True ; 1 19 29 108 152 293 315 373 422 466 467 518 527 609 610 656 695 735 839 849 863  ; 7 1 6 15 9 8 5 9 8 6 11 5 8 7 11 3 
763.7 ; 3.471e-09 ; True ; 1 19 29 108 152 249 293 315 373 422 466 467 518 527 587 609 656 685 695 735 839  ; 7 1 5 15 10 8 5 8 8 7 12 6 9 6 11 3 
792.1 ; 3.776e-09 ; True ; 1 19 24 108 152 249 293 315 373 422 467 518 527 587 609 682 685 695 735 849 850 863  ; 8 1 6 17 12 10 6 8 6 8 10 5 7 7 10 3 
793.3 ; 3.83e-09 ; True ; 1 19 24 108 152 176 246 249 293 373 422 467 518 527 587 609 685 695 735 750 850 863  ; 5 1 6 17 11 8 7 8 8 6 10 7 7 8 9 3 
794.2 ; 3.966e-09 ; True ; 1 19 24 108 152 176 249 315 373 422 466 467 518 527 587 609 695 739 750 849 850 863  ; 7 1 5 17 10 9 7 8 8 8 10 7 8 8 10 2 
807.6 ; 4.602e-09 ; True ; 1 19 29 108 152 249 293 315 373 422 467 518 527 587 609 685 695 735 739 849 850 863  ; 8 1 6 16 11 8 6 9 7 7 10 6 8 7 10 3 
813.1 ; 4.782e-09 ; True ; 1 19 24 108 152 176 293 315 373 422 466 467 483 527 609 610 656 685 695 735 849 863  ; 6 1 7 17 12 9 7 8 9 6 9 7 7 7 9 3 
853.1 ; 4.836e-09 ; True ; 1 19 24 108 152 176 315 373 422 466 467 483 518 527 587 609 656 685 695 735 750 757  ; 7 1 6 19 10 9 7 8 9 7 10 8 9 7 10 2 
857.6 ; 4.972e-09 ; True ; 1 19 29 108 152 249 293 315 373 422 467 518 527 587 609 656 695 735 750 839 849 863  ; 8 1 5 15 10 8 5 9 9 7 11 6 9 8 11 3 
880.6 ; 5.212e-09 ; True ; 1 19 29 108 152 162 249 293 315 373 422 483 527 587 609 685 695 735 839 849 850 863  ; 8 1 5 16 13 9 7 8 8 8 10 7 7 7 10 3 
894.5 ; 5.3e-09 ; True ; 1 19 108 152 249 293 315 373 422 467 483 527 587 609 685 695 735 750 839 849 850 863  ; 7 1 6 16 11 8 7 8 8 7 9 8 7 8 9 3 
894.7 ; 5.449e-09 ; True ; 1 19 24 108 152 249 293 315 373 422 467 483 518 527 587 609 656 695 735 742 833 849 863  ; 9 1 5 17 12 10 6 8 9 8 10 6 7 8 11 3 
901.4 ; 5.672e-09 ; True ; 1 19 24 108 119 145 152 249 293 373 422 466 467 518 527 587 609 610 695 735 833 839 849  ; 7 1 6 19 11 12 6 8 9 9 13 6 7 5 13 3 
905.3 ; 5.835e-09 ; True ; 1 19 24 108 152 249 293 315 373 422 467 518 527 587 609 685 695 720 735 739 849 850 863  ; 7 1 7 16 12 9 7 9 7 7 10 6 7 8 10 3 
942.2 ; 6.107e-09 ; True ; 1 19 29 109 119 152 249 293 315 373 467 483 518 527 587 609 695 735 739 839 849 850 863  ; 7 1 6 16 11 8 7 9 9 8 11 7 7 6 11 3 
958.8 ; 6.894e-09 ; True ; 1 19 29 108 152 176 293 315 373 466 467 483 518 527 609 695 735 750 751 833 839 849 863  ; 8 1 5 18 13 9 7 8 10 7 10 8 8 8 10 3 
963 ; 7.14e-09 ; True ; 1 19 29 108 152 162 249 293 315 373 422 466 483 527 587 609 685 695 735 839 849 850 863  ; 8 1 5 17 13 10 7 8 8 9 11 7 8 7 11 3 
988.4 ; 7.537e-09 ; True ; 1 19 24 29 108 152 162 293 315 373 466 467 483 518 527 609 656 695 735 818 833 849 863  ; 9 1 5 17 14 10 7 8 8 8 10 7 9 8 10 3 
1020 ; 7.669e-09 ; True ; 1 19 108 119 152 162 293 315 373 422 466 467 518 527 587 609 695 711 735 739 750 839 850 863  ; 7 1 6 18 9 9 7 10 8 7 11 8 7 9 10 3 
1030 ; 8.079e-09 ; True ; 1 19 108 119 152 162 293 315 373 422 466 467 518 527 609 656 695 735 739 750 757 833 849 863  ; 9 1 6 18 10 10 6 9 9 7 9 8 8 9 10 3 
1060 ; 9.055e-09 ; True ; 1 19 29 119 152 249 293 315 373 422 467 483 518 527 587 609 695 735 750 757 833 839 849 863  ; 10 1 6 18 12 9 6 9 11 8 11 7 8 7 12 3 
1089 ; 9.242e-09 ; True ; 1 19 29 108 152 176 249 293 315 373 422 483 511 518 527 609 656 695 735 750 757 839 849 863  ; 8 1 5 17 12 10 7 9 11 7 10 8 9 8 11 3 
1099 ; 1.024e-08 ; True ; 1 19 24 41 81 152 176 249 293 315 373 422 466 467 527 587 609 685 695 735 751 804 833 849 850 863  ; 9 1 6 20 15 9 7 8 10 8 11 7 9 8 11 3 
1119 ; 1.05e-08 ; True ; 1 19 24 26 108 152 176 246 249 293 315 373 422 466 467 483 527 587 656 695 739 750 839 849 863  ; 7 1 6 16 12 9 8 9 10 7 10 9 8 9 10 3 
1159 ; 1.084e-08 ; True ; 1 19 29 119 152 249 293 315 373 422 467 483 518 527 552 609 695 735 750 757 833 839 849 850 863  ; 10 1 6 19 13 10 7 9 11 7 10 8 8 8 12 3 
1187 ; 1.154e-08 ; True ; 1 19 24 26 108 152 162 171 293 315 373 422 466 467 527 587 609 656 685 695 735 750 839 849 850 863  ; 8 1 8 20 11 9 6 9 7 7 11 8 10 10 11 3 
1196 ; 1.174e-08 ; True ; 1 19 24 26 108 152 176 246 293 315 373 422 466 467 483 525 527 587 609 685 695 735 750 839 849 863  ; 7 1 7 20 14 9 8 9 9 7 10 8 9 9 10 3 
1218 ; 1.208e-08 ; True ; 1 19 41 108 119 152 249 293 315 373 422 467 483 527 587 609 656 695 735 750 757 785 839 849 850  ; 8 1 6 19 10 9 8 9 11 8 9 10 8 8 10 3 
1261 ; 1.21e-08 ; True ; 1 19 29 119 152 249 293 315 373 422 467 483 518 527 552 609 695 731 735 750 757 833 839 849 850 863  ; 10 1 6 20 13 10 7 9 12 7 10 8 8 9 12 3 
1292 ; 1.218e-08 ; True ; 1 19 29 119 152 249 254 293 315 373 422 454 467 483 511 527 587 609 695 735 739 751 833 839 849 850 863  ; 11 1 6 20 14 10 7 10 11 8 13 8 7 7 13 3 
1308 ; 1.244e-08 ; True ; 1 19 24 26 108 152 176 249 293 315 373 414 422 466 467 527 587 609 626 695 735 739 750 818 839 850 863  ; 8 1 7 19 11 9 8 10 8 6 12 9 9 9 11 3 
1329 ; 1.317e-08 ; True ; 1 19 29 119 152 246 293 315 373 380 422 467 483 518 527 609 656 663 695 735 743 750 833 839 849 850 863  ; 11 1 5 20 13 11 8 8 12 6 11 9 10 10 11 3 
1334 ; 1.397e-08 ; True ; 1 19 24 29 108 152 162 200 249 293 315 373 422 466 483 527 587 609 656 695 735 750 818 839 850 863  ; 8 1 5 17 13 10 8 9 10 8 12 10 9 9 11 3 
1396 ; 1.408e-08 ; True ; 1 19 24 26 108 152 176 249 293 315 373 414 422 466 467 527 587 609 626 695 735 750 804 818 833 849 850 863  ; 10 1 5 22 13 10 9 8 9 7 11 9 10 11 11 3 
1461 ; 1.624e-08 ; True ; 1 19 41 119 152 246 249 293 315 373 422 443 467 483 511 527 587 609 656 695 735 750 751 757 839 849 850 863  ; 10 1 6 20 13 10 8 8 13 8 11 8 9 9 12 3 
1548 ; 1.953e-08 ; True ; 1 19 29 119 152 246 249 293 315 373 410 422 467 483 495 511 527 587 609 656 695 735 750 751 757 839 849 850 863  ; 11 1 6 20 14 10 9 9 13 7 12 9 9 9 13 3 


RUN 8:
Optimum Distance: 22.67
Optimal Team: 1,152,373,695,
Required Skills: 0 1 4 5 9 10 11 12 14 15 16 18 22 23 24 26 
Distance; Skill Score; isValid; Team; Skill Counts
22.67 ; 2.278e-17 ; True ; 1 152 373 695  ; 2 1 1 3 2 1 1 2 1 1 2 1 1 1 2 1 
24.56 ; 3.252e-17 ; True ; 1 152 373 527  ; 1 1 1 3 2 2 1 2 1 1 3 1 1 1 2 1 
33.45 ; 2.699e-16 ; True ; 1 152 315 373 695  ; 3 1 1 3 3 1 2 2 2 1 2 1 1 2 2 1 
34.47 ; 2.765e-16 ; True ; 1 152 162 373 695  ; 3 1 1 4 3 2 1 2 1 2 3 1 1 1 3 1 
34.48 ; 3.009e-16 ; True ; 1 152 373 422 695  ; 3 1 1 4 2 2 1 3 2 1 3 1 1 1 3 1 
35.31 ; 4.06e-16 ; True ; 1 152 373 609 695  ; 2 1 1 4 3 1 1 2 2 2 2 1 2 2 2 1 
37.31 ; 5.112e-16 ; True ; 1 152 315 373 527  ; 2 1 1 3 3 2 2 2 2 1 3 1 1 2 2 1 
38.26 ; 6.831e-16 ; True ; 1 29 152 373 527  ; 2 1 1 4 3 2 1 3 2 1 4 1 2 1 3 1 
39.43 ; 1.909e-15 ; True ; 1 152 373 527 695  ; 2 1 1 4 3 2 2 2 2 1 3 2 2 2 2 1 
47.01 ; 2.636e-15 ; True ; 1 119 152 162 373 695  ; 3 1 1 5 3 3 2 2 2 2 3 2 1 1 3 1 
49.11 ; 3.27e-15 ; True ; 1 152 162 373 609 695  ; 3 1 1 5 4 2 1 2 2 3 3 1 2 2 3 1 
49.12 ; 3.961e-15 ; True ; 1 152 373 422 609 695  ; 3 1 1 5 3 2 1 3 3 2 3 1 2 2 3 1 
52.8 ; 4.643e-15 ; True ; 1 24 152 373 609 695  ; 2 1 2 5 4 2 1 3 2 2 3 1 2 2 3 1 
52.96 ; 5.195e-15 ; True ; 1 29 152 373 527 849  ; 3 1 1 5 4 3 1 3 2 2 4 1 3 1 4 1 
53.16 ; 5.208e-15 ; True ; 1 19 29 373 527 849  ; 2 1 1 5 4 2 2 3 2 3 3 1 3 1 3 1 
53.17 ; 8.602e-15 ; True ; 1 152 315 373 527 695  ; 3 1 1 4 4 2 3 2 3 1 3 2 2 3 2 1 
55.08 ; 9.033e-15 ; True ; 1 152 373 527 610 695  ; 2 1 2 5 3 2 2 2 3 1 4 2 2 2 3 1 
55.15 ; 1.248e-14 ; True ; 1 152 373 422 527 695  ; 3 1 1 5 3 3 2 3 3 1 4 2 2 2 3 1 
56 ; 1.373e-14 ; True ; 1 152 162 373 527 695  ; 3 1 1 5 4 3 2 2 2 2 4 2 2 2 3 1 
57.04 ; 1.506e-14 ; True ; 1 29 152 373 527 695  ; 3 1 1 5 4 2 2 3 3 1 4 2 3 2 3 1 
57.11 ; 1.629e-14 ; True ; 1 152 373 527 695 849  ; 3 1 1 5 4 3 2 2 2 2 3 2 3 2 3 1 
61.98 ; 1.689e-14 ; True ; 1 19 162 373 422 609 695  ; 3 1 1 6 4 2 2 3 3 4 3 1 2 2 3 1 
63.69 ; 1.732e-14 ; True ; 1 152 373 483 527 695  ; 2 1 1 5 4 3 3 2 3 2 3 3 2 2 2 1 
63.94 ; 1.823e-14 ; True ; 1 152 162 176 373 609 695  ; 3 1 1 6 5 2 2 2 3 3 3 2 2 2 3 1 
63.95 ; 2.073e-14 ; True ; 1 152 176 373 422 609 695  ; 3 1 1 6 4 2 2 3 4 2 3 2 2 2 3 1 
64.01 ; 2.329e-14 ; True ; 1 119 152 162 373 609 695  ; 3 1 1 6 4 3 2 2 3 3 3 2 2 2 3 1 
64.56 ; 2.511e-14 ; True ; 1 119 152 373 422 609 695  ; 3 1 1 6 3 3 2 3 4 2 3 2 2 2 3 1 
67.56 ; 2.588e-14 ; True ; 1 24 152 176 373 609 695  ; 2 1 2 6 5 2 2 3 3 2 3 2 2 2 3 1 
68.38 ; 2.643e-14 ; True ; 1 24 152 315 373 609 695  ; 3 1 2 5 5 2 2 3 3 2 3 1 2 3 3 1 
68.49 ; 2.801e-14 ; True ; 1 119 152 373 467 609 695  ; 3 1 2 6 3 2 2 3 3 2 3 2 2 2 3 1 
68.76 ; 2.806e-14 ; True ; 1 162 293 373 422 527 695  ; 3 1 1 5 4 3 2 3 3 2 4 2 2 2 3 1 
68.96 ; 3.063e-14 ; True ; 1 152 315 373 527 695 863  ; 3 1 2 4 4 2 3 3 3 1 3 2 2 4 2 1 
69 ; 3.336e-14 ; True ; 1 19 315 373 467 527 695  ; 3 1 2 5 4 1 4 3 3 2 3 2 2 3 2 1 
70.05 ; 3.977e-14 ; True ; 1 19 315 373 422 527 695  ; 3 1 1 5 4 2 4 3 4 2 3 2 2 3 2 1 
70.84 ; 4.985e-14 ; True ; 1 152 315 373 467 527 695  ; 4 1 2 5 4 2 3 3 3 1 4 2 2 3 3 1 
72.59 ; 5.952e-14 ; True ; 1 152 162 373 422 527 695  ; 4 1 1 6 4 4 2 3 3 2 5 2 2 2 4 1 
72.69 ; 5.988e-14 ; True ; 1 19 162 373 422 527 695  ; 3 1 1 6 4 3 3 3 3 3 4 2 2 2 3 1 
73.73 ; 7.366e-14 ; True ; 1 152 373 422 527 609 695  ; 3 1 1 6 4 3 2 3 4 2 4 2 3 3 3 1 
74.64 ; 8.218e-14 ; True ; 1 152 373 467 527 609 695  ; 3 1 2 6 4 2 2 3 3 2 4 2 3 3 3 1 
75.68 ; 8.575e-14 ; True ; 1 29 152 373 527 695 849  ; 4 1 1 6 5 3 2 3 3 2 4 2 4 2 4 1 
77.46 ; 9.197e-14 ; True ; 1 24 152 373 527 609 695  ; 2 1 2 6 5 3 2 3 3 2 4 2 3 3 3 1 
79.55 ; 9.347e-14 ; True ; 1 24 152 373 527 695 849  ; 3 1 2 6 5 4 2 3 2 2 4 2 3 2 4 1 
79.58 ; 9.541e-14 ; True ; 1 119 152 162 373 422 609 695  ; 4 1 1 7 4 4 2 3 4 3 4 2 2 2 4 1 
83.78 ; 9.821e-14 ; True ; 1 19 162 373 422 609 685 695  ; 3 1 2 7 5 2 2 3 3 4 3 2 3 2 3 1 
85.25 ; 1.06e-13 ; True ; 1 24 152 176 315 373 518 695  ; 3 1 2 6 5 3 3 3 3 2 4 2 2 2 4 1 
85.28 ; 1.118e-13 ; True ; 1 152 373 467 483 527 695  ; 3 1 2 6 4 3 3 3 3 2 4 3 2 2 3 1 
85.6 ; 1.195e-13 ; True ; 1 119 152 162 373 467 609 695  ; 4 1 2 7 4 3 2 3 3 3 4 2 2 2 4 1 
86.87 ; 1.26e-13 ; True ; 1 19 315 373 422 527 695 863  ; 3 1 2 5 4 2 4 4 4 2 3 2 2 4 2 1 
87.59 ; 1.459e-13 ; True ; 1 19 121 315 373 467 527 695  ; 3 1 2 6 5 2 4 4 3 2 4 2 2 3 3 1 
89.5 ; 1.564e-13 ; True ; 1 19 315 373 422 527 610 695  ; 3 1 2 6 4 2 4 3 5 2 4 2 2 3 3 1 
90.35 ; 1.729e-13 ; True ; 1 19 315 373 467 527 695 751  ; 4 1 2 6 5 2 4 3 4 2 4 2 2 3 3 1 
90.42 ; 1.807e-13 ; True ; 1 19 162 315 373 422 527 695  ; 4 1 1 6 5 3 4 3 4 3 4 2 2 3 3 1 
90.6 ; 2.039e-13 ; True ; 1 19 315 373 422 467 527 695  ; 4 1 2 6 4 2 4 4 4 2 4 2 2 3 3 1 
91.27 ; 2.139e-13 ; True ; 1 19 24 315 373 467 527 695  ; 3 1 3 6 5 2 4 4 3 2 4 2 2 3 3 1 
91.34 ; 2.231e-13 ; True ; 1 19 162 373 422 527 609 695  ; 3 1 1 7 5 3 3 3 4 4 4 2 3 3 3 1 
91.53 ; 2.252e-13 ; True ; 1 19 315 373 467 518 527 695  ; 3 1 2 6 4 2 4 3 3 3 4 2 3 3 3 1 
92.24 ; 2.482e-13 ; True ; 1 152 315 373 467 527 609 695  ; 4 1 2 6 5 2 3 3 4 2 4 2 3 4 3 1 
93.17 ; 2.494e-13 ; True ; 1 152 162 373 422 527 609 695  ; 4 1 1 7 5 4 2 3 4 3 5 2 3 3 4 1 
93.3 ; 2.52e-13 ; True ; 1 19 24 315 373 518 527 695  ; 2 1 2 6 5 3 4 3 3 3 4 2 3 3 3 1 
93.4 ; 2.831e-13 ; True ; 1 19 373 422 467 527 609 695  ; 3 1 2 7 4 2 3 4 4 3 4 2 3 3 3 1 
95.31 ; 3.159e-13 ; True ; 1 152 373 422 467 527 609 695  ; 4 1 2 7 4 3 2 4 4 2 5 2 3 3 4 1 
96.06 ; 3.168e-13 ; True ; 1 19 24 373 422 527 609 695  ; 2 1 2 7 5 3 3 4 4 3 4 2 3 3 3 1 
98.01 ; 3.314e-13 ; True ; 1 24 152 373 467 527 609 695  ; 3 1 3 7 5 3 2 4 3 2 5 2 3 3 4 1 
98.98 ; 3.527e-13 ; True ; 1 24 152 373 422 527 609 695  ; 3 1 2 7 5 4 2 4 4 2 5 2 3 3 4 1 
101.1 ; 4.007e-13 ; True ; 1 19 24 29 373 527 695 849  ; 3 1 2 7 6 3 3 4 3 3 4 2 4 2 4 1 
106.8 ; 4.123e-13 ; True ; 1 19 24 152 373 527 609 695  ; 2 1 2 7 6 3 3 3 3 3 4 2 3 3 3 2 
107.6 ; 4.31e-13 ; True ; 1 24 152 176 315 373 518 609 695  ; 3 1 2 7 6 3 3 3 4 3 4 2 3 3 4 1 
108.4 ; 4.456e-13 ; True ; 1 19 176 315 373 422 467 527 695  ; 4 1 2 7 5 2 5 4 5 2 4 3 2 3 3 1 
109 ; 4.831e-13 ; True ; 1 19 24 176 315 373 467 527 695  ; 3 1 3 7 6 2 5 4 4 2 4 3 2 3 3 1 
109.3 ; 5.242e-13 ; True ; 1 19 176 315 373 467 518 527 695  ; 3 1 2 7 5 2 5 3 4 3 4 3 3 3 3 1 
110 ; 5.278e-13 ; True ; 1 19 121 315 373 467 527 609 695  ; 3 1 2 7 6 2 4 4 4 3 4 2 3 4 3 1 
110.2 ; 5.723e-13 ; True ; 1 19 162 315 373 422 527 695 863  ; 4 1 2 6 5 3 4 4 4 3 4 2 2 4 3 1 
111.6 ; 5.727e-13 ; True ; 1 152 176 315 373 467 527 587 695  ; 5 1 2 7 5 2 4 3 4 2 5 3 3 3 4 1 
111.9 ; 5.944e-13 ; True ; 1 19 162 315 373 422 527 610 695  ; 4 1 2 7 5 3 4 3 5 3 5 2 2 3 4 1 
112.1 ; 7.137e-13 ; True ; 1 19 315 373 422 467 527 609 695  ; 4 1 2 7 5 2 4 4 5 3 4 2 3 4 3 1 
112.9 ; 7.332e-13 ; True ; 1 19 162 373 422 527 609 610 695  ; 3 1 2 8 5 3 3 3 5 4 5 2 3 3 4 1 
113.6 ; 7.737e-13 ; True ; 1 19 24 315 373 467 527 609 695  ; 3 1 3 7 6 2 4 4 4 3 4 2 3 4 3 1 
114.3 ; 7.873e-13 ; True ; 1 19 24 315 373 467 527 587 695  ; 4 1 3 7 5 2 4 4 3 3 5 2 3 3 4 1 
114.4 ; 8.254e-13 ; True ; 1 19 24 249 315 373 467 527 695  ; 3 1 3 6 6 3 4 4 4 3 5 2 2 3 4 1 
114.8 ; 9.079e-13 ; True ; 1 19 24 315 373 467 518 527 695  ; 3 1 3 7 5 3 4 4 3 3 5 2 3 3 4 1 
115.8 ; 9.56e-13 ; True ; 1 19 162 373 422 467 527 609 695  ; 4 1 2 8 5 3 3 4 4 4 5 2 3 3 4 1 
118.4 ; 9.708e-13 ; True ; 1 24 152 315 373 467 527 609 695  ; 4 1 3 7 6 3 3 4 4 2 5 2 3 4 4 1 
118.8 ; 9.918e-13 ; True ; 1 119 152 162 373 467 527 609 695  ; 4 1 2 8 5 4 3 3 4 3 5 3 3 3 4 1 
119.3 ; 1.036e-12 ; True ; 1 19 24 162 373 422 527 609 695  ; 3 1 2 8 6 4 3 4 4 4 5 2 3 3 4 1 
119.5 ; 1.07e-12 ; True ; 1 19 24 373 422 467 527 609 695  ; 3 1 3 8 5 3 3 5 4 3 5 2 3 3 4 1 
121 ; 1.073e-12 ; True ; 1 19 373 422 467 527 609 695 849  ; 4 1 2 8 5 3 3 4 4 4 4 2 4 3 4 1 
123.4 ; 1.184e-12 ; True ; 1 19 24 29 373 422 527 609 695  ; 3 1 2 8 6 3 3 5 5 3 5 2 4 3 4 1 
124.5 ; 1.184e-12 ; True ; 1 19 24 29 373 527 609 695 849  ; 3 1 2 8 7 3 3 4 4 4 4 2 5 3 4 1 
126.5 ; 1.209e-12 ; True ; 1 19 24 29 373 422 527 695 849  ; 4 1 2 8 6 4 3 5 4 3 5 2 4 2 5 1 
127.3 ; 1.245e-12 ; True ; 1 24 29 152 373 527 609 695 849  ; 4 1 2 8 7 4 2 4 4 3 5 2 5 3 5 1 
128.7 ; 1.459e-12 ; True ; 1 19 152 373 422 467 527 609 695  ; 4 1 2 8 5 3 3 4 4 3 5 2 3 3 4 2 
131.3 ; 1.484e-12 ; True ; 1 19 24 152 373 467 527 609 695  ; 3 1 3 8 6 3 3 4 3 3 5 2 3 3 4 2 
132.3 ; 1.58e-12 ; True ; 1 19 24 152 373 422 527 609 695  ; 3 1 2 8 6 4 3 4 4 3 5 2 3 3 4 2 
133.3 ; 1.609e-12 ; True ; 1 19 24 176 315 373 467 527 609 695  ; 3 1 3 8 7 2 5 4 5 3 4 3 3 4 3 1 
133.8 ; 1.621e-12 ; True ; 1 19 162 315 373 422 527 609 695 863  ; 4 1 2 7 6 3 4 4 5 4 4 2 3 5 3 1 
133.9 ; 1.777e-12 ; True ; 1 19 24 176 315 373 467 527 587 695  ; 4 1 3 8 6 2 5 4 4 3 5 3 3 3 4 1 
134.4 ; 2.049e-12 ; True ; 1 19 24 176 315 373 467 518 527 695  ; 3 1 3 8 6 3 5 4 4 3 5 3 3 3 4 1 
136.6 ; 2.159e-12 ; True ; 1 19 162 176 373 422 467 527 609 695  ; 4 1 2 9 6 3 4 4 5 4 5 3 3 3 4 1 
137.4 ; 2.201e-12 ; True ; 1 19 162 315 373 422 467 527 609 695  ; 5 1 2 8 6 3 4 4 5 4 5 2 3 4 4 1 
138.8 ; 2.388e-12 ; True ; 1 19 24 315 373 467 518 527 587 695  ; 4 1 3 8 5 3 4 4 3 4 6 2 4 3 5 1 
138.9 ; 2.51e-12 ; True ; 1 19 24 249 315 373 467 518 527 695  ; 3 1 3 7 6 4 4 4 4 4 6 2 3 3 5 1 
140.1 ; 2.594e-12 ; True ; 1 19 24 315 373 467 518 527 609 695  ; 3 1 3 8 6 3 4 4 4 4 5 2 4 4 4 1 
141 ; 2.617e-12 ; True ; 1 19 24 315 373 422 467 527 609 695  ; 4 1 3 8 6 3 4 5 5 3 5 2 3 4 4 1 
143.7 ; 2.653e-12 ; True ; 1 24 152 176 373 467 527 587 609 695  ; 4 1 3 9 6 3 3 4 4 3 6 3 4 3 5 1 
144.2 ; 2.726e-12 ; True ; 1 24 152 176 373 467 518 527 609 695  ; 3 1 3 9 6 4 3 4 4 3 6 3 4 3 5 1 
145.5 ; 2.782e-12 ; True ; 1 24 152 249 315 373 467 527 609 695  ; 4 1 3 7 7 4 3 4 5 3 6 2 3 4 5 1 
145.6 ; 2.815e-12 ; True ; 1 19 24 373 422 467 527 587 609 695  ; 4 1 3 9 5 3 3 5 4 4 6 2 4 3 5 1 
145.7 ; 2.825e-12 ; True ; 1 19 24 162 373 422 467 527 609 695  ; 4 1 3 9 6 4 3 5 4 4 6 2 3 3 5 1 
145.9 ; 2.951e-12 ; True ; 1 24 152 315 373 467 518 527 609 695  ; 4 1 3 8 6 4 3 4 4 3 6 2 4 4 5 1 
149.2 ; 3.001e-12 ; True ; 1 19 24 29 315 373 518 527 695 735  ; 3 1 3 8 6 4 4 5 4 3 6 2 4 3 5 1 
150 ; 3.048e-12 ; True ; 1 24 152 176 373 467 527 609 695 849  ; 4 1 3 9 7 4 3 4 4 3 5 3 4 3 5 1 
150.7 ; 3.107e-12 ; True ; 1 24 152 315 373 467 527 609 695 849  ; 5 1 3 8 7 4 3 4 4 3 5 2 4 4 5 1 
150.9 ; 3.294e-12 ; True ; 1 19 24 373 422 467 527 609 695 849  ; 4 1 3 9 6 4 3 5 4 4 5 2 4 3 5 1 
151.3 ; 3.295e-12 ; True ; 1 19 152 176 373 422 467 527 609 695  ; 4 1 2 9 6 3 4 4 5 3 5 3 3 3 4 2 
151.9 ; 3.355e-12 ; True ; 1 19 24 29 373 422 527 609 695 849  ; 4 1 2 9 7 4 3 5 5 4 5 2 5 3 5 1 
152.1 ; 3.359e-12 ; True ; 1 19 152 315 373 422 467 527 609 695  ; 5 1 2 8 6 3 4 4 5 3 5 2 3 4 4 2 
153.9 ; 3.507e-12 ; True ; 1 19 24 152 176 373 467 527 609 695  ; 3 1 3 9 7 3 4 4 4 3 5 3 3 3 4 2 
154.6 ; 3.797e-12 ; True ; 1 19 24 152 315 373 467 527 609 695  ; 4 1 3 8 7 3 4 4 4 3 5 2 3 4 4 2 
157.8 ; 4.064e-12 ; True ; 1 19 24 176 315 373 467 518 527 610 695  ; 3 1 4 9 6 3 5 4 5 3 6 3 3 3 5 1 
159.1 ; 4.4e-12 ; True ; 1 19 162 176 315 373 422 467 527 609 695  ; 5 1 2 9 7 3 5 4 6 4 5 3 3 4 4 1 
160.1 ; 4.629e-12 ; True ; 1 19 162 176 373 422 467 527 609 610 695  ; 4 1 3 10 6 3 4 4 6 4 6 3 3 3 5 1 
160.4 ; 5.39e-12 ; True ; 1 19 24 176 315 373 467 518 527 587 695  ; 4 1 3 9 6 3 5 4 4 4 6 3 4 3 5 1 
161.7 ; 5.395e-12 ; True ; 1 19 24 176 315 373 467 518 527 609 695  ; 3 1 3 9 7 3 5 4 5 4 5 3 4 4 4 1 
162.5 ; 5.538e-12 ; True ; 1 19 24 176 315 373 466 467 518 527 695  ; 3 1 3 9 6 4 5 4 4 4 6 3 4 3 5 1 
164.5 ; 5.809e-12 ; True ; 1 19 24 249 315 373 467 518 527 587 695  ; 4 1 3 8 6 4 4 4 4 5 7 2 4 3 6 1 
166.4 ; 5.811e-12 ; True ; 1 19 24 176 373 467 527 587 609 695 735  ; 3 1 4 10 6 3 4 5 4 4 6 3 4 3 5 1 
167 ; 5.999e-12 ; True ; 1 19 24 315 373 467 518 527 587 609 695  ; 4 1 3 9 6 3 4 4 4 5 6 2 5 4 5 1 
167.1 ; 6.197e-12 ; True ; 1 19 24 249 315 373 467 518 527 609 695  ; 3 1 3 8 7 4 4 4 5 5 6 2 4 4 5 1 
167.6 ; 6.465e-12 ; True ; 1 19 24 315 373 467 518 527 609 695 735  ; 3 1 4 9 6 4 4 5 4 4 6 2 4 4 5 1 
168.5 ; 6.543e-12 ; True ; 1 24 152 176 315 373 467 518 527 609 695  ; 4 1 3 9 7 4 4 4 5 3 6 3 4 4 5 1 
171.3 ; 7.072e-12 ; True ; 1 19 24 315 373 422 467 518 527 609 695  ; 4 1 3 9 6 4 4 5 5 4 6 2 4 4 5 1 
175.5 ; 7.302e-12 ; True ; 1 19 24 176 373 422 467 527 609 695 849  ; 4 1 3 10 7 4 4 5 5 4 5 3 4 3 5 1 
176.3 ; 7.446e-12 ; True ; 1 19 24 315 373 422 467 527 609 695 849  ; 5 1 3 9 7 4 4 5 5 4 5 2 4 4 5 1 
178.3 ; 7.804e-12 ; True ; 1 19 24 152 176 315 373 467 527 609 695  ; 4 1 3 9 8 3 5 4 5 3 5 3 3 4 4 2 
179.5 ; 8.105e-12 ; True ; 1 19 24 152 176 315 373 467 518 527 695  ; 4 1 3 9 7 4 5 4 4 3 6 3 3 3 5 2 
181.5 ; 8.186e-12 ; True ; 1 19 24 29 315 373 527 609 695 735 849  ; 4 1 3 9 8 4 4 5 5 4 5 2 5 4 5 1 
181.8 ; 8.201e-12 ; True ; 1 19 24 119 373 422 467 527 609 695 849  ; 4 1 3 10 6 5 4 5 5 4 5 3 4 3 5 1 
183.8 ; 8.397e-12 ; True ; 1 19 24 108 373 467 527 587 609 695 751  ; 4 1 3 10 6 4 4 5 4 4 6 3 4 4 5 1 
183.9 ; 9.222e-12 ; True ; 1 19 24 152 176 373 467 527 587 609 695  ; 4 1 3 10 7 3 4 4 4 4 6 3 4 3 5 2 
184.3 ; 9.558e-12 ; True ; 1 19 24 152 176 373 422 467 527 609 695  ; 4 1 3 10 7 4 4 5 5 3 6 3 3 3 5 2 
185.7 ; 9.56e-12 ; True ; 1 19 24 152 249 315 373 467 527 609 695  ; 4 1 3 8 8 4 4 4 5 4 6 2 3 4 5 2 
185.7 ; 1.003e-11 ; True ; 1 19 24 176 315 373 467 518 527 587 610 695  ; 4 1 4 10 6 3 5 4 5 4 7 3 4 3 6 1 
186 ; 1.026e-11 ; True ; 1 19 24 152 315 373 467 518 527 609 695  ; 4 1 3 9 7 4 4 4 4 4 6 2 4 4 5 2 
187 ; 1.145e-11 ; True ; 19 24 176 249 315 373 467 518 527 587 695 735  ; 4 1 3 9 7 5 5 4 5 4 7 3 4 3 6 1 
188 ; 1.147e-11 ; True ; 1 19 24 176 249 315 373 467 518 527 695 735  ; 3 1 4 9 7 5 5 5 5 4 7 3 3 3 6 1 
188 ; 1.208e-11 ; True ; 1 19 24 176 249 315 373 467 518 527 587 695  ; 4 1 3 9 7 4 5 4 5 5 7 3 4 3 6 1 
188.8 ; 1.26e-11 ; True ; 1 19 24 176 315 373 467 518 527 587 695 735  ; 4 1 4 10 6 4 5 5 4 4 7 3 4 3 6 1 
191.2 ; 1.344e-11 ; True ; 1 19 24 176 315 373 467 518 527 609 695 735  ; 3 1 4 10 7 4 5 5 5 4 6 3 4 4 5 1 
194.9 ; 1.413e-11 ; True ; 1 19 24 176 315 373 422 467 518 527 609 695  ; 4 1 3 10 7 4 5 5 6 4 6 3 4 4 5 1 
198.3 ; 1.426e-11 ; True ; 1 24 152 176 315 373 467 518 527 587 609 695  ; 5 1 3 10 7 4 4 4 5 4 7 3 5 4 6 1 
198.9 ; 1.437e-11 ; True ; 1 24 152 176 315 373 467 518 527 609 695 735  ; 4 1 4 10 7 5 4 5 5 3 7 3 4 4 6 1 
199.6 ; 1.462e-11 ; True ; 1 24 152 176 315 373 466 467 518 527 609 695  ; 4 1 3 10 7 5 4 4 5 4 7 3 5 4 6 1 
201.6 ; 1.489e-11 ; True ; 1 19 24 249 315 373 467 518 527 587 656 695  ; 4 1 3 8 6 4 4 4 5 5 7 3 5 4 6 1 
202.4 ; 1.525e-11 ; True ; 1 19 24 315 373 467 518 527 587 656 695 735  ; 4 1 4 9 5 4 4 5 4 4 7 3 5 4 6 1 
203.7 ; 1.548e-11 ; True ; 1 19 24 119 315 373 422 467 527 587 609 695  ; 5 1 3 10 6 4 5 5 6 4 6 3 4 4 5 1 
204.9 ; 1.564e-11 ; True ; 1 19 24 119 315 373 467 527 587 609 695 735  ; 4 1 4 10 6 4 5 5 5 4 6 3 4 4 5 1 
207.7 ; 1.619e-11 ; True ; 1 19 24 29 315 373 467 518 527 609 695 735  ; 4 1 4 10 7 4 4 6 5 4 7 2 5 4 6 1 
208.8 ; 1.742e-11 ; True ; 1 19 24 108 249 315 373 467 518 527 587 695  ; 4 1 3 9 6 5 5 5 4 5 7 3 4 4 6 1 
210.3 ; 1.883e-11 ; True ; 1 19 24 152 176 315 373 467 518 527 587 695  ; 5 1 3 10 7 4 5 4 4 4 7 3 4 3 6 2 
211.1 ; 1.933e-11 ; True ; 1 19 24 152 176 315 373 467 527 587 609 695  ; 5 1 3 10 8 3 5 4 5 4 6 3 4 4 5 2 
211.6 ; 2.109e-11 ; True ; 1 19 24 152 176 315 373 467 518 527 609 695  ; 4 1 3 10 8 4 5 4 5 4 6 3 4 4 5 2 
216.5 ; 2.156e-11 ; True ; 1 19 24 152 176 373 467 527 587 609 695 735  ; 4 1 4 11 7 4 4 5 4 4 7 3 4 3 6 2 
217.3 ; 2.221e-11 ; True ; 1 19 24 152 176 373 422 467 527 587 609 695  ; 5 1 3 11 7 4 4 5 5 4 7 3 4 3 6 2 
217.4 ; 2.54e-11 ; True ; 1 19 24 176 249 315 373 467 518 527 587 695 735  ; 4 1 4 10 7 5 5 5 5 5 8 3 4 3 7 1 
221.1 ; 2.689e-11 ; True ; 1 19 24 176 249 315 373 467 518 527 609 695 735  ; 3 1 4 10 8 5 5 5 6 5 7 3 4 4 6 1 
222 ; 2.916e-11 ; True ; 1 19 24 176 315 373 467 518 527 587 609 695 735  ; 4 1 4 11 7 4 5 5 5 5 7 3 5 4 6 1 
228.3 ; 2.982e-11 ; True ; 1 19 24 176 315 373 422 467 518 527 609 695 735  ; 4 1 4 11 7 5 5 6 6 4 7 3 4 4 6 1 
230.7 ; 2.998e-11 ; True ; 1 24 152 176 315 373 467 518 527 587 609 695 735  ; 5 1 4 11 7 5 4 5 5 4 8 3 5 4 7 1 
232 ; 3.132e-11 ; True ; 1 19 24 249 315 373 467 518 527 587 656 695 735  ; 4 1 4 9 6 5 4 5 5 5 8 3 5 4 7 1 
235.2 ; 3.198e-11 ; True ; 1 19 24 29 176 315 373 467 518 527 609 695 735  ; 4 1 4 11 8 4 5 6 6 4 7 3 5 4 6 1 
237.2 ; 3.275e-11 ; True ; 1 19 24 119 315 373 467 518 527 587 609 695 735  ; 4 1 4 11 6 5 5 5 5 5 7 3 5 4 6 1 
239.6 ; 3.354e-11 ; True ; 1 19 24 152 176 315 373 467 518 527 587 610 695  ; 5 1 4 11 7 4 5 4 5 4 8 3 4 3 7 2 
240.2 ; 3.385e-11 ; True ; 1 19 24 108 249 315 373 467 518 527 587 695 735  ; 4 1 4 10 6 6 5 6 4 5 8 3 4 4 7 1 
240.3 ; 3.456e-11 ; True ; 1 19 24 152 176 315 373 467 527 587 609 610 695  ; 5 1 4 11 8 3 5 4 6 4 7 3 4 4 6 2 
240.9 ; 3.77e-11 ; True ; 1 19 24 152 176 315 373 467 518 527 609 610 695  ; 4 1 4 11 8 4 5 4 6 4 7 3 4 4 6 2 
243.7 ; 3.96e-11 ; True ; 1 19 24 152 176 315 373 467 518 527 587 695 735  ; 5 1 4 11 7 5 5 5 4 4 8 3 4 3 7 2 
245.4 ; 4.308e-11 ; True ; 1 19 24 152 176 315 373 467 518 527 587 609 695  ; 5 1 3 11 8 4 5 4 5 5 7 3 5 4 6 2 
246 ; 4.632e-11 ; True ; 1 19 24 152 176 315 373 467 518 527 609 695 735  ; 4 1 4 11 8 5 5 5 5 4 7 3 4 4 6 2 
251.1 ; 4.681e-11 ; True ; 1 19 24 176 315 373 467 518 527 587 609 610 695 735  ; 4 1 5 12 7 4 5 5 6 5 8 3 5 4 7 1 
253.5 ; 5.362e-11 ; True ; 1 19 24 176 249 315 373 467 518 527 587 609 695 735  ; 4 1 4 11 8 5 5 5 6 6 8 3 5 4 7 1 
255.7 ; 5.39e-11 ; True ; 1 19 24 176 315 373 466 467 518 527 587 609 695 735  ; 4 1 4 12 7 5 5 5 5 6 8 3 6 4 7 1 
261.7 ; 5.536e-11 ; True ; 1 19 24 176 315 373 466 467 518 527 587 656 695 735  ; 4 1 4 11 6 5 5 5 5 5 8 4 6 4 7 1 
262.1 ; 5.832e-11 ; True ; 1 19 24 176 315 373 422 467 518 527 587 609 695 735  ; 5 1 4 12 7 5 5 6 6 5 8 3 5 4 7 1 
267 ; 5.953e-11 ; True ; 1 19 24 176 293 315 373 467 518 527 587 609 695 735  ; 4 1 4 11 8 4 5 5 5 5 7 3 5 4 6 2 
268.6 ; 6.019e-11 ; True ; 1 19 24 108 176 249 315 373 467 518 527 587 695 735  ; 4 1 4 11 7 6 6 6 5 5 8 4 4 4 7 1 
270.1 ; 6.027e-11 ; True ; 1 19 24 249 315 373 467 518 527 587 609 656 695 735  ; 4 1 4 10 7 5 4 5 6 6 8 3 6 5 7 1 
271.5 ; 6.038e-11 ; True ; 1 19 24 108 152 315 373 422 467 518 527 609 695  ; 5 1 3 11 7 6 5 6 5 4 7 3 4 5 6 2 
272.3 ; 6.136e-11 ; True ; 1 19 24 108 176 249 315 373 467 518 527 587 609 695  ; 4 1 3 11 8 5 6 5 6 6 7 4 5 5 6 1 
273.1 ; 6.741e-11 ; True ; 1 19 24 108 176 315 373 467 518 527 587 609 695 735  ; 4 1 4 12 7 5 6 6 5 5 7 4 5 5 6 1 
276.5 ; 6.845e-11 ; True ; 1 19 24 152 176 229 315 373 467 518 527 587 609 695  ; 5 1 3 12 9 4 6 4 6 5 7 3 5 5 6 2 
276.6 ; 7.373e-11 ; True ; 1 19 24 152 176 315 373 467 518 527 587 609 610 695  ; 5 1 4 12 8 4 5 4 6 5 8 3 5 4 7 2 
277.3 ; 7.434e-11 ; True ; 1 19 24 152 176 315 373 467 518 527 609 610 695 735  ; 4 1 5 12 8 5 5 5 6 4 8 3 4 4 7 2 
278.8 ; 7.558e-11 ; True ; 1 19 24 152 176 315 373 466 467 518 527 609 610 695  ; 4 1 4 12 8 5 5 4 6 5 8 3 5 4 7 2 
280 ; 7.64e-11 ; True ; 1 19 24 152 176 315 373 422 467 518 527 609 610 695  ; 5 1 4 12 8 5 5 5 7 4 8 3 4 4 7 2 
280.9 ; 8.469e-11 ; True ; 1 19 24 152 176 249 315 373 467 518 527 609 695 735  ; 4 1 4 11 9 6 5 5 6 5 8 3 4 4 7 2 
281.7 ; 9.058e-11 ; True ; 1 19 24 152 176 315 373 467 518 527 587 609 695 735  ; 5 1 4 12 8 5 5 5 5 5 8 3 5 4 7 2 
292.2 ; 9.072e-11 ; True ; 1 19 24 108 152 176 315 373 467 518 527 609 610 695  ; 4 1 4 12 8 5 6 5 6 4 7 4 4 5 6 2 
293 ; 9.253e-11 ; True ; 1 19 24 152 176 315 373 422 467 518 527 609 685 695  ; 5 1 4 12 9 5 5 5 6 4 7 4 5 4 6 2 
293.5 ; 9.302e-11 ; True ; 1 19 24 152 176 315 373 467 527 587 609 656 695 735  ; 5 1 4 11 8 4 5 5 6 4 7 4 5 5 6 2 
293.9 ; 9.858e-11 ; True ; 1 19 24 29 152 176 315 373 467 518 527 609 695 735  ; 5 1 4 12 9 5 5 6 6 4 8 3 5 4 7 2 
297.6 ; 1.037e-10 ; True ; 1 19 24 108 152 176 315 373 467 518 527 587 609 695  ; 5 1 3 12 8 5 6 5 5 5 7 4 5 5 6 2 
298.6 ; 1.044e-10 ; True ; 1 19 24 108 152 176 315 373 467 527 587 609 695 735  ; 5 1 4 12 8 5 6 6 5 4 7 4 4 5 6 2 
300.3 ; 1.05e-10 ; True ; 1 19 24 108 152 315 373 467 518 527 587 609 610 695  ; 5 1 4 12 7 5 5 5 5 5 8 3 5 5 7 2 
301.2 ; 1.066e-10 ; True ; 1 19 24 108 152 176 373 467 518 527 587 609 695 735  ; 4 1 4 13 7 6 5 6 4 5 8 4 5 4 7 2 
304.7 ; 1.095e-10 ; True ; 1 19 24 108 152 249 315 373 467 518 527 609 695 735  ; 4 1 4 11 8 7 5 6 5 5 8 3 4 5 7 2 
305.4 ; 1.146e-10 ; True ; 1 19 24 108 152 315 373 467 518 527 587 609 695 735  ; 5 1 4 12 7 6 5 6 4 5 8 3 5 5 7 2 
308.6 ; 1.192e-10 ; True ; 1 19 24 108 176 249 315 373 467 518 527 587 609 695 735  ; 4 1 4 12 8 6 6 6 6 6 8 4 5 5 7 1 
310.9 ; 1.199e-10 ; True ; 1 19 24 108 176 315 373 466 467 518 527 587 609 695 735  ; 4 1 4 13 7 6 6 6 5 6 8 4 6 5 7 1 
314 ; 1.282e-10 ; True ; 1 19 24 152 176 249 315 373 467 518 527 609 610 695 735  ; 4 1 5 12 9 6 5 5 7 5 9 3 4 4 8 2 
314.9 ; 1.409e-10 ; True ; 1 19 24 152 176 315 373 467 518 527 587 609 610 695 735  ; 5 1 5 13 8 5 5 5 6 5 9 3 5 4 8 2 
315.7 ; 1.439e-10 ; True ; 1 19 24 152 176 229 315 373 467 518 527 587 609 695 735  ; 5 1 4 13 9 5 6 5 6 5 8 3 5 5 7 2 
318.2 ; 1.541e-10 ; True ; 1 19 24 152 176 249 315 373 467 518 527 587 609 695 735  ; 5 1 4 12 9 6 5 5 6 6 9 3 5 4 8 2 
320.5 ; 1.561e-10 ; True ; 1 19 24 152 176 315 373 466 467 518 527 587 609 695 735  ; 5 1 4 13 8 6 5 5 5 6 9 3 6 4 8 2 
325.8 ; 1.628e-10 ; True ; 1 19 24 152 176 315 373 422 467 518 527 587 609 695 735  ; 6 1 4 13 8 6 5 6 6 5 9 3 5 4 8 2 
329.9 ; 1.646e-10 ; True ; 1 19 24 152 176 315 373 467 518 527 587 609 685 695 735  ; 5 1 5 13 9 5 5 5 5 5 8 4 6 4 7 2 
330.9 ; 1.672e-10 ; True ; 1 19 24 119 152 176 315 373 466 467 527 587 609 695 735  ; 5 1 4 13 8 6 6 5 6 5 8 4 5 4 7 2 
330.9 ; 1.699e-10 ; True ; 1 19 24 152 176 315 373 467 518 527 587 609 695 735 833  ; 6 1 4 13 9 5 5 5 6 5 8 4 5 5 7 2 
331.7 ; 1.791e-10 ; True ; 1 19 24 152 176 315 373 467 518 527 587 609 656 695 735  ; 5 1 4 12 8 5 5 5 6 5 8 4 6 5 7 2 
337.1 ; 1.82e-10 ; True ; 1 19 24 108 152 176 249 315 373 467 518 527 587 609 695  ; 5 1 3 12 9 6 6 5 6 6 8 4 5 5 7 2 
337.9 ; 2.014e-10 ; True ; 1 19 24 108 152 176 315 373 467 518 527 587 609 695 735  ; 5 1 4 13 8 6 6 6 5 5 8 4 5 5 7 2 
352.3 ; 2.089e-10 ; True ; 1 19 24 108 152 176 315 373 467 518 527 609 695 735 849  ; 5 1 4 13 9 7 6 6 5 5 7 4 5 5 7 2 
352.6 ; 2.096e-10 ; True ; 1 19 24 108 152 176 315 373 467 527 587 609 695 735 849  ; 6 1 4 13 9 6 6 6 5 5 7 4 5 5 7 2 
355 ; 2.155e-10 ; True ; 1 19 24 108 152 249 315 373 467 527 587 609 685 695 735  ; 5 1 5 12 9 6 5 6 5 5 8 4 5 5 7 2 
355.6 ; 2.372e-10 ; True ; 1 19 24 152 176 315 373 466 467 518 527 587 609 610 695 735  ; 5 1 5 14 8 6 5 5 6 6 10 3 6 4 9 2 
356.4 ; 2.48e-10 ; True ; 1 19 24 152 176 229 315 373 466 467 518 527 587 609 695 735  ; 5 1 4 14 9 6 6 5 6 6 9 3 6 5 8 2 
361.8 ; 2.519e-10 ; True ; 1 19 24 152 176 229 315 373 422 467 518 527 587 609 695 735  ; 6 1 4 14 9 6 6 6 7 5 9 3 5 5 8 2 
363 ; 2.581e-10 ; True ; 1 19 24 152 176 249 315 373 467 518 527 587 609 695 735 863  ; 5 1 5 12 9 6 5 6 6 6 9 3 5 5 8 2 
365.1 ; 2.614e-10 ; True ; 1 19 24 152 176 315 373 466 467 518 527 587 609 695 735 863  ; 5 1 5 13 8 6 5 6 5 6 9 3 6 5 8 2 
367.8 ; 2.711e-10 ; True ; 1 19 24 152 176 315 373 467 518 527 587 609 610 656 695 735  ; 5 1 5 13 8 5 5 5 7 5 9 4 6 5 8 2 
371.1 ; 2.965e-10 ; True ; 1 19 24 152 176 249 315 373 467 518 527 587 609 656 695 735  ; 5 1 4 12 9 6 5 5 7 6 9 4 6 5 8 2 
372.4 ; 3.001e-10 ; True ; 1 19 24 152 176 315 373 466 467 518 527 587 609 656 695 735  ; 5 1 4 13 8 6 5 5 6 6 9 4 7 5 8 2 
374 ; 3.133e-10 ; True ; 1 19 24 108 152 176 315 373 467 518 527 587 609 610 695 735  ; 5 1 5 14 8 6 6 6 6 5 9 4 5 5 8 2 
378.3 ; 3.339e-10 ; True ; 1 19 24 108 152 176 249 315 373 467 518 527 587 609 695 735  ; 5 1 4 13 9 7 6 6 6 6 9 4 5 5 8 2 
380.6 ; 3.382e-10 ; True ; 1 19 24 108 152 176 315 373 466 467 518 527 587 609 695 735  ; 5 1 4 14 8 7 6 6 5 6 9 4 6 5 8 2 
386.9 ; 3.432e-10 ; True ; 1 19 24 108 152 176 315 373 422 467 518 527 587 609 695 735  ; 6 1 4 14 8 7 6 7 6 5 9 4 5 5 8 2 
392.8 ; 3.593e-10 ; True ; 1 19 24 108 152 176 315 373 467 518 527 587 609 656 695 735  ; 5 1 4 13 8 6 6 6 6 5 8 5 6 6 7 2 
398.8 ; 3.785e-10 ; True ; 1 19 24 108 152 249 315 373 467 518 527 587 609 656 695 735  ; 5 1 4 12 8 7 5 6 6 6 9 4 6 6 8 2 
403.1 ; 3.814e-10 ; True ; 1 19 24 152 176 315 373 466 467 518 527 587 609 610 695 735 863  ; 5 1 6 14 8 6 5 6 6 6 10 3 6 5 9 2 
403.9 ; 3.992e-10 ; True ; 1 19 24 152 176 229 315 373 466 467 518 527 587 609 695 735 863  ; 5 1 5 14 9 6 6 6 6 6 9 3 6 6 8 2 
407.3 ; 4.117e-10 ; True ; 1 19 24 152 176 249 315 373 466 467 518 527 587 609 695 735 863  ; 5 1 5 13 9 7 5 6 6 7 10 3 6 5 9 2 
410.8 ; 4.187e-10 ; True ; 1 19 24 108 149 152 176 315 373 466 467 518 527 587 609 610 695  ; 5 1 4 15 9 6 7 5 6 6 9 4 6 6 9 2 
411.4 ; 4.46e-10 ; True ; 1 19 24 152 176 229 315 373 466 467 518 527 587 609 656 695 735  ; 5 1 4 14 9 6 6 5 7 6 9 4 7 6 8 2 
416.4 ; 4.939e-10 ; True ; 1 19 24 108 152 176 249 315 373 467 518 527 587 609 610 695 735  ; 5 1 5 14 9 7 6 6 7 6 10 4 5 5 9 2 
418.7 ; 5.14e-10 ; True ; 1 19 24 108 152 176 315 373 466 467 518 527 587 609 610 695 735  ; 5 1 5 15 8 7 6 6 6 6 10 4 6 5 9 2 
428.2 ; 5.295e-10 ; True ; 1 19 24 108 152 176 315 373 466 467 518 527 587 609 695 735 863  ; 5 1 5 14 8 7 6 7 5 6 9 4 6 6 8 2 
431.9 ; 5.44e-10 ; True ; 1 19 24 108 152 176 315 373 467 518 527 587 609 610 656 695 735  ; 5 1 5 14 8 6 6 6 7 5 9 5 6 6 8 2 
434.9 ; 5.476e-10 ; True ; 1 19 24 108 152 176 315 373 467 518 527 587 609 610 695 735 849  ; 6 1 5 15 9 7 6 6 6 6 9 4 6 5 9 2 
436.2 ; 5.798e-10 ; True ; 1 19 24 108 152 176 249 315 373 467 518 527 587 609 656 695 735  ; 5 1 4 13 9 7 6 6 7 6 9 5 6 6 8 2 
446.7 ; 5.959e-10 ; True ; 1 19 24 108 152 176 315 373 422 467 518 527 587 609 656 695 735  ; 6 1 4 14 8 7 6 7 7 5 9 5 6 6 8 2 
455.8 ; 6.188e-10 ; True ; 1 19 24 108 152 176 315 373 467 518 527 587 609 656 695 735 849  ; 6 1 4 14 9 7 6 6 6 6 8 5 7 6 8 2 
462.4 ; 6.868e-10 ; True ; 1 19 24 108 109 152 176 315 373 466 467 518 527 587 609 610 695 735  ; 5 1 5 16 8 7 6 7 7 6 11 4 6 5 10 2 
462.9 ; 7.599e-10 ; True ; 1 19 24 108 152 176 249 315 373 466 467 518 527 587 609 610 695 735  ; 5 1 5 15 9 8 6 6 7 7 11 4 6 5 10 2 
473.6 ; 8.033e-10 ; True ; 1 19 24 108 152 176 315 373 422 466 467 518 527 587 609 610 695 735  ; 6 1 5 16 8 8 6 7 7 6 11 4 6 5 10 2 
474.3 ; 8.186e-10 ; True ; 1 19 24 108 152 176 249 315 373 466 467 518 527 587 609 695 735 863  ; 5 1 5 14 9 8 6 7 6 7 10 4 6 6 9 2 
478.6 ; 8.679e-10 ; True ; 1 19 24 108 152 176 315 373 466 467 518 527 587 609 610 656 695 735  ; 5 1 5 15 8 7 6 6 7 6 10 5 7 6 9 2 
482.7 ; 8.829e-10 ; True ; 1 19 24 108 152 176 249 315 373 466 467 518 527 587 609 656 695 735  ; 5 1 4 14 9 8 6 6 7 7 10 5 7 6 9 2 
487.7 ; 8.834e-10 ; True ; 1 19 24 108 152 176 249 315 373 467 518 527 587 609 656 695 735 863  ; 5 1 5 13 9 7 6 7 7 6 9 5 6 7 8 2 
497.4 ; 8.899e-10 ; True ; 1 19 24 108 152 176 315 373 422 467 518 527 587 609 656 695 735 863  ; 6 1 5 14 8 7 6 8 7 5 9 5 6 7 8 2 
504.7 ; 8.992e-10 ; True ; 1 19 24 108 152 176 315 373 422 467 527 587 609 610 656 695 735 849  ; 7 1 5 15 9 7 6 7 8 5 9 5 6 6 9 2 
509.4 ; 9.382e-10 ; True ; 1 19 24 108 109 152 176 315 373 466 467 518 527 587 609 610 695 735 751  ; 6 1 5 17 9 8 6 7 8 6 12 4 6 5 11 2 
515.4 ; 9.422e-10 ; True ; 1 19 24 152 176 315 373 422 466 467 518 527 587 609 610 656 695 751 863  ; 7 1 5 15 9 7 5 6 9 6 11 4 7 6 10 2 
519.6 ; 1.071e-09 ; True ; 1 19 24 152 176 315 373 422 466 467 518 527 587 609 610 656 695 735 863  ; 6 1 6 15 8 7 5 7 8 6 11 4 7 6 10 2 
524.1 ; 1.142e-09 ; True ; 1 19 24 108 152 176 249 315 373 467 518 527 587 609 610 656 695 735 751  ; 6 1 5 15 10 8 6 6 9 6 11 5 6 6 10 2 
537.6 ; 1.193e-09 ; True ; 1 19 108 152 176 293 315 373 422 466 467 518 527 587 609 610 695 735 863  ; 6 1 5 15 8 7 6 7 7 6 10 4 6 6 9 3 
537.9 ; 1.345e-09 ; True ; 1 19 24 108 152 176 249 315 373 466 467 518 527 587 609 656 695 735 863  ; 5 1 5 14 9 8 6 7 7 7 10 5 7 7 9 2 
563 ; 1.381e-09 ; True ; 1 19 24 108 152 176 315 373 422 466 467 518 527 587 609 685 695 849 863  ; 7 1 5 16 10 8 6 7 6 7 9 5 8 6 9 2 
576.1 ; 1.411e-09 ; True ; 1 19 29 108 152 176 315 373 466 467 518 527 587 609 656 695 735 849 863  ; 7 1 4 15 9 7 6 7 7 7 9 5 9 7 9 2 
578.1 ; 1.514e-09 ; True ; 1 19 24 108 176 293 315 373 422 466 467 518 527 587 609 610 695 735 849 863  ; 6 1 6 16 9 8 6 8 7 7 10 4 7 6 10 2 
592.8 ; 1.574e-09 ; True ; 1 19 108 176 293 315 373 422 466 467 518 527 587 609 610 656 695 735 849 863  ; 6 1 5 15 8 7 6 7 8 7 9 5 8 7 9 2 
604.3 ; 1.753e-09 ; True ; 1 19 24 152 176 249 293 315 373 422 466 467 518 527 587 609 656 685 695 863  ; 6 1 5 14 11 7 5 6 8 7 10 5 8 6 9 3 
618 ; 1.783e-09 ; True ; 1 19 24 108 152 176 293 315 373 422 467 518 527 587 609 695 735 751 849 863  ; 8 1 5 16 11 9 6 8 7 6 10 4 6 6 10 3 
619.5 ; 1.865e-09 ; True ; 1 19 24 108 152 176 293 373 422 466 467 518 527 587 609 656 695 735 751 863  ; 6 1 5 16 9 9 5 8 7 6 11 5 7 6 10 3 
621.8 ; 1.943e-09 ; True ; 1 19 24 108 152 176 315 373 422 466 467 518 527 553 587 609 656 695 735 849  ; 7 1 4 17 10 9 7 7 8 7 10 5 8 7 10 2 
622.5 ; 1.952e-09 ; True ; 1 19 24 108 152 176 315 373 422 466 518 527 587 609 610 656 695 735 849 863  ; 6 1 5 16 9 9 6 7 8 7 10 5 8 7 10 2 
631.8 ; 1.96e-09 ; True ; 1 19 108 152 162 176 293 315 373 422 466 467 527 587 609 685 695 735 849 863  ; 8 1 5 16 11 8 6 7 6 7 9 5 7 6 9 3 
636.3 ; 2.06e-09 ; True ; 1 19 24 152 176 229 249 315 373 422 466 467 518 527 587 609 610 656 695 849 863  ; 7 1 5 16 11 8 6 6 10 8 11 4 8 7 11 2 
642.6 ; 2.079e-09 ; True ; 1 19 24 108 152 176 293 373 422 466 467 518 527 587 609 656 695 735 849 863  ; 6 1 5 16 9 9 5 8 6 7 10 5 8 6 10 3 
644.7 ; 2.184e-09 ; True ; 1 19 24 108 152 249 293 315 373 422 439 467 518 527 587 609 656 695 735 863  ; 6 1 6 13 9 8 6 8 7 6 10 5 6 7 9 3 
661.8 ; 2.349e-09 ; True ; 1 19 24 108 176 293 315 373 422 466 467 518 527 587 609 610 656 685 695 849 863  ; 6 1 6 16 10 7 6 7 8 7 9 6 9 7 9 2 
667.9 ; 2.351e-09 ; True ; 1 19 29 60 108 152 176 249 315 373 422 466 467 518 527 587 609 685 695 735 863  ; 7 1 5 17 10 8 6 9 8 7 12 5 8 6 11 2 
678.9 ; 2.415e-09 ; True ; 1 19 24 108 152 176 293 315 373 422 467 518 527 587 609 656 695 735 839 849  ; 7 1 5 15 10 8 6 8 7 6 10 6 7 6 10 3 
684.4 ; 2.562e-09 ; True ; 1 19 24 108 152 162 176 293 315 373 422 439 467 527 587 609 610 695 735 849 863  ; 8 1 7 16 11 8 7 8 7 6 10 5 5 6 10 3 
700.2 ; 2.919e-09 ; True ; 1 19 24 108 152 176 315 373 422 439 466 518 527 587 609 610 656 695 735 849 863  ; 6 1 6 16 9 9 7 7 8 7 10 6 8 7 10 2 
708.7 ; 3.013e-09 ; True ; 1 19 24 108 152 229 293 315 373 422 439 466 467 518 527 587 609 656 685 695 863  ; 6 1 6 15 10 7 7 7 7 6 9 6 8 8 8 3 
732.1 ; 3.086e-09 ; True ; 1 19 24 108 152 249 293 315 373 380 422 439 467 518 527 587 609 656 685 695 863  ; 7 1 6 14 11 8 6 7 7 6 10 6 8 7 9 3 
737.3 ; 3.203e-09 ; True ; 1 19 29 152 176 293 315 373 466 467 474 518 527 587 609 610 656 685 695 735 849 863  ; 8 1 6 16 11 7 5 7 8 7 10 5 10 6 10 3 
741.4 ; 3.911e-09 ; True ; 1 19 24 108 152 176 246 293 315 373 466 467 518 527 587 609 656 695 735 751 849 863  ; 7 1 5 16 12 9 7 7 8 7 10 5 8 8 10 3 
756.3 ; 4.059e-09 ; True ; 1 19 24 108 119 152 176 293 315 373 422 439 466 467 527 587 609 610 695 735 849 863  ; 7 1 7 17 10 9 8 8 8 6 10 6 6 6 10 3 
758.9 ; 4.104e-09 ; True ; 1 19 24 108 152 176 293 315 373 422 439 467 518 527 587 609 610 685 695 735 849 863  ; 7 1 8 17 11 8 7 8 7 6 10 6 7 6 10 3 
805.8 ; 4.63e-09 ; True ; 1 19 24 108 152 162 176 293 315 373 466 467 483 518 527 587 609 685 695 735 849 863  ; 7 1 6 18 13 10 7 7 6 9 10 6 8 6 10 3 
833.1 ; 4.767e-09 ; True ; 1 19 24 108 152 249 315 373 466 467 483 518 527 587 609 610 656 695 735 839 849 863  ; 6 1 7 16 10 10 6 8 8 9 12 6 8 7 12 2 
863.2 ; 5.471e-09 ; True ; 1 19 24 108 152 162 176 249 293 315 373 422 466 467 518 527 587 609 695 735 839 849 863  ; 8 1 6 17 12 11 6 9 7 9 13 5 7 6 13 3 
879.7 ; 5.846e-09 ; True ; 1 19 24 108 152 162 176 293 373 422 439 466 467 483 518 527 587 609 610 695 735 849 863  ; 7 1 7 19 11 11 7 8 7 9 12 6 7 5 12 3 
906 ; 5.984e-09 ; True ; 1 19 24 108 152 176 293 315 373 422 439 467 518 527 587 609 610 648 656 695 735 774 849 863  ; 9 1 7 18 10 9 7 9 8 6 11 6 7 7 12 3 
963 ; 6.895e-09 ; True ; 1 19 24 108 152 162 176 255 293 315 373 439 466 467 518 527 609 610 656 695 735 757 849 863  ; 7 1 8 17 11 9 8 8 7 7 10 7 7 7 11 3 
977.9 ; 6.985e-09 ; True ; 1 19 24 100 108 152 162 176 293 373 422 439 466 467 483 518 527 587 609 610 695 735 849 863  ; 8 1 7 20 12 11 7 8 8 9 13 6 7 5 13 3 
1032 ; 7.073e-09 ; True ; 1 19 24 108 145 152 293 315 373 380 422 466 467 471 527 587 609 656 685 695 700 735 839 849  ; 9 1 6 18 12 10 7 8 7 7 11 7 9 7 11 3 
1037 ; 8.288e-09 ; True ; 1 19 24 65 108 152 176 293 313 315 373 439 466 467 518 527 609 656 685 695 735 751 757 849 863  ; 7 1 8 18 12 9 7 9 7 7 9 8 8 8 10 3 
1053 ; 8.389e-09 ; True ; 1 19 24 145 152 293 313 315 318 373 380 422 439 467 518 527 587 609 610 656 695 833 839 849 863  ; 9 1 7 18 13 9 7 7 9 9 11 6 8 7 11 3 
1059 ; 8.69e-09 ; True ; 1 19 24 108 121 152 162 176 315 373 422 439 466 467 483 527 587 609 656 685 695 735 751 757 863  ; 9 1 8 20 13 11 8 10 9 7 12 8 7 7 12 2 
1064 ; 9.108e-09 ; True ; 1 19 24 108 145 152 195 249 293 315 373 439 466 467 518 527 609 656 685 695 735 751 757 849 863  ; 7 1 8 17 13 11 7 9 8 8 10 6 8 7 11 3 
1253 ; 9.811e-09 ; True ; 1 19 108 145 152 283 293 313 315 318 373 380 439 467 483 518 527 529 600 609 656 695 735 839 849 863  ; 6 1 7 17 12 10 10 8 8 9 9 8 8 7 8 3 
1314 ; 1.169e-08 ; True ; 1 19 24 145 152 283 293 313 315 318 373 380 422 439 467 483 518 527 529 587 600 656 695 735 839 849 863  ; 8 1 8 18 12 11 9 9 8 9 12 7 8 5 11 3 
1351 ; 1.175e-08 ; True ; 1 19 24 108 127 152 176 293 315 318 373 400 422 439 466 483 527 536 609 610 656 695 735 751 757 849 863  ; 8 1 8 19 13 11 9 9 10 7 10 7 7 7 12 3  


RUN 9:
Optimum Distance: 22.67
Optimal Team: 1,152,373,695,
Required Skills: 0 1 4 5 9 10 11 12 14 15 16 18 22 23 24 26 
Distance; Skill Score; isValid; Team; Skill Counts
22.67 ; 2.278e-17 ; True ; 1 152 373 695  ; 2 1 1 3 2 1 1 2 1 1 2 1 1 1 2 1 
24.56 ; 3.252e-17 ; True ; 1 152 373 527  ; 1 1 1 3 2 2 1 2 1 1 3 1 1 1 2 1 
33.45 ; 2.699e-16 ; True ; 1 152 315 373 695  ; 3 1 1 3 3 1 2 2 2 1 2 1 1 2 2 1 
34.47 ; 2.765e-16 ; True ; 1 152 162 373 695  ; 3 1 1 4 3 2 1 2 1 2 3 1 1 1 3 1 
34.48 ; 3.009e-16 ; True ; 1 152 373 422 695  ; 3 1 1 4 2 2 1 3 2 1 3 1 1 1 3 1 
35.31 ; 4.06e-16 ; True ; 1 152 373 609 695  ; 2 1 1 4 3 1 1 2 2 2 2 1 2 2 2 1 
37.31 ; 5.112e-16 ; True ; 1 152 315 373 527  ; 2 1 1 3 3 2 2 2 2 1 3 1 1 2 2 1 
38.26 ; 6.831e-16 ; True ; 1 29 152 373 527  ; 2 1 1 4 3 2 1 3 2 1 4 1 2 1 3 1 
39.43 ; 1.909e-15 ; True ; 1 152 373 527 695  ; 2 1 1 4 3 2 2 2 2 1 3 2 2 2 2 1 
47.01 ; 2.636e-15 ; True ; 1 119 152 162 373 695  ; 3 1 1 5 3 3 2 2 2 2 3 2 1 1 3 1 
49.11 ; 3.27e-15 ; True ; 1 152 162 373 609 695  ; 3 1 1 5 4 2 1 2 2 3 3 1 2 2 3 1 
49.12 ; 3.961e-15 ; True ; 1 152 373 422 609 695  ; 3 1 1 5 3 2 1 3 3 2 3 1 2 2 3 1 
52.8 ; 4.643e-15 ; True ; 1 24 152 373 609 695  ; 2 1 2 5 4 2 1 3 2 2 3 1 2 2 3 1 
52.96 ; 5.195e-15 ; True ; 1 29 152 373 527 849  ; 3 1 1 5 4 3 1 3 2 2 4 1 3 1 4 1 
53.16 ; 5.208e-15 ; True ; 1 19 29 373 527 849  ; 2 1 1 5 4 2 2 3 2 3 3 1 3 1 3 1 
53.17 ; 8.602e-15 ; True ; 1 152 315 373 527 695  ; 3 1 1 4 4 2 3 2 3 1 3 2 2 3 2 1 
55.08 ; 9.033e-15 ; True ; 1 152 373 527 610 695  ; 2 1 2 5 3 2 2 2 3 1 4 2 2 2 3 1 
55.15 ; 1.248e-14 ; True ; 1 152 373 422 527 695  ; 3 1 1 5 3 3 2 3 3 1 4 2 2 2 3 1 
56 ; 1.373e-14 ; True ; 1 152 162 373 527 695  ; 3 1 1 5 4 3 2 2 2 2 4 2 2 2 3 1 
57.04 ; 1.506e-14 ; True ; 1 29 152 373 527 695  ; 3 1 1 5 4 2 2 3 3 1 4 2 3 2 3 1 
57.11 ; 1.629e-14 ; True ; 1 152 373 527 695 849  ; 3 1 1 5 4 3 2 2 2 2 3 2 3 2 3 1 
61.98 ; 1.689e-14 ; True ; 1 19 162 373 422 609 695  ; 3 1 1 6 4 2 2 3 3 4 3 1 2 2 3 1 
63.69 ; 1.732e-14 ; True ; 1 152 373 483 527 695  ; 2 1 1 5 4 3 3 2 3 2 3 3 2 2 2 1 
63.94 ; 1.823e-14 ; True ; 1 152 162 176 373 609 695  ; 3 1 1 6 5 2 2 2 3 3 3 2 2 2 3 1 
63.95 ; 2.073e-14 ; True ; 1 152 176 373 422 609 695  ; 3 1 1 6 4 2 2 3 4 2 3 2 2 2 3 1 
64.01 ; 2.329e-14 ; True ; 1 119 152 162 373 609 695  ; 3 1 1 6 4 3 2 2 3 3 3 2 2 2 3 1 
64.56 ; 2.511e-14 ; True ; 1 119 152 373 422 609 695  ; 3 1 1 6 3 3 2 3 4 2 3 2 2 2 3 1 
67.56 ; 2.588e-14 ; True ; 1 24 152 176 373 609 695  ; 2 1 2 6 5 2 2 3 3 2 3 2 2 2 3 1 
68.38 ; 2.643e-14 ; True ; 1 24 152 315 373 609 695  ; 3 1 2 5 5 2 2 3 3 2 3 1 2 3 3 1 
68.49 ; 2.801e-14 ; True ; 1 119 152 373 467 609 695  ; 3 1 2 6 3 2 2 3 3 2 3 2 2 2 3 1 
68.76 ; 2.806e-14 ; True ; 1 162 293 373 422 527 695  ; 3 1 1 5 4 3 2 3 3 2 4 2 2 2 3 1 
68.96 ; 3.063e-14 ; True ; 1 152 315 373 527 695 863  ; 3 1 2 4 4 2 3 3 3 1 3 2 2 4 2 1 
69 ; 3.336e-14 ; True ; 1 19 315 373 467 527 695  ; 3 1 2 5 4 1 4 3 3 2 3 2 2 3 2 1 
70.05 ; 3.977e-14 ; True ; 1 19 315 373 422 527 695  ; 3 1 1 5 4 2 4 3 4 2 3 2 2 3 2 1 
70.84 ; 4.985e-14 ; True ; 1 152 315 373 467 527 695  ; 4 1 2 5 4 2 3 3 3 1 4 2 2 3 3 1 
72.59 ; 5.952e-14 ; True ; 1 152 162 373 422 527 695  ; 4 1 1 6 4 4 2 3 3 2 5 2 2 2 4 1 
72.69 ; 5.988e-14 ; True ; 1 19 162 373 422 527 695  ; 3 1 1 6 4 3 3 3 3 3 4 2 2 2 3 1 
73.73 ; 7.366e-14 ; True ; 1 152 373 422 527 609 695  ; 3 1 1 6 4 3 2 3 4 2 4 2 3 3 3 1 
74.64 ; 8.218e-14 ; True ; 1 152 373 467 527 609 695  ; 3 1 2 6 4 2 2 3 3 2 4 2 3 3 3 1 
75.68 ; 8.575e-14 ; True ; 1 29 152 373 527 695 849  ; 4 1 1 6 5 3 2 3 3 2 4 2 4 2 4 1 
77.46 ; 9.197e-14 ; True ; 1 24 152 373 527 609 695  ; 2 1 2 6 5 3 2 3 3 2 4 2 3 3 3 1 
79.55 ; 9.347e-14 ; True ; 1 24 152 373 527 695 849  ; 3 1 2 6 5 4 2 3 2 2 4 2 3 2 4 1 
79.58 ; 9.541e-14 ; True ; 1 119 152 162 373 422 609 695  ; 4 1 1 7 4 4 2 3 4 3 4 2 2 2 4 1 
83.78 ; 9.821e-14 ; True ; 1 19 162 373 422 609 685 695  ; 3 1 2 7 5 2 2 3 3 4 3 2 3 2 3 1 
85.25 ; 1.06e-13 ; True ; 1 24 152 176 315 373 518 695  ; 3 1 2 6 5 3 3 3 3 2 4 2 2 2 4 1 
85.28 ; 1.118e-13 ; True ; 1 152 373 467 483 527 695  ; 3 1 2 6 4 3 3 3 3 2 4 3 2 2 3 1 
85.6 ; 1.195e-13 ; True ; 1 119 152 162 373 467 609 695  ; 4 1 2 7 4 3 2 3 3 3 4 2 2 2 4 1 
86.87 ; 1.26e-13 ; True ; 1 19 315 373 422 527 695 863  ; 3 1 2 5 4 2 4 4 4 2 3 2 2 4 2 1 
87.59 ; 1.459e-13 ; True ; 1 19 121 315 373 467 527 695  ; 3 1 2 6 5 2 4 4 3 2 4 2 2 3 3 1 
89.5 ; 1.564e-13 ; True ; 1 19 315 373 422 527 610 695  ; 3 1 2 6 4 2 4 3 5 2 4 2 2 3 3 1 
90.35 ; 1.729e-13 ; True ; 1 19 315 373 467 527 695 751  ; 4 1 2 6 5 2 4 3 4 2 4 2 2 3 3 1 
90.42 ; 1.807e-13 ; True ; 1 19 162 315 373 422 527 695  ; 4 1 1 6 5 3 4 3 4 3 4 2 2 3 3 1 
90.6 ; 2.039e-13 ; True ; 1 19 315 373 422 467 527 695  ; 4 1 2 6 4 2 4 4 4 2 4 2 2 3 3 1 
91.27 ; 2.139e-13 ; True ; 1 19 24 315 373 467 527 695  ; 3 1 3 6 5 2 4 4 3 2 4 2 2 3 3 1 
91.34 ; 2.231e-13 ; True ; 1 19 162 373 422 527 609 695  ; 3 1 1 7 5 3 3 3 4 4 4 2 3 3 3 1 
91.53 ; 2.252e-13 ; True ; 1 19 315 373 467 518 527 695  ; 3 1 2 6 4 2 4 3 3 3 4 2 3 3 3 1 
92.24 ; 2.482e-13 ; True ; 1 152 315 373 467 527 609 695  ; 4 1 2 6 5 2 3 3 4 2 4 2 3 4 3 1 
93.17 ; 2.494e-13 ; True ; 1 152 162 373 422 527 609 695  ; 4 1 1 7 5 4 2 3 4 3 5 2 3 3 4 1 
93.3 ; 2.52e-13 ; True ; 1 19 24 315 373 518 527 695  ; 2 1 2 6 5 3 4 3 3 3 4 2 3 3 3 1 
93.4 ; 2.831e-13 ; True ; 1 19 373 422 467 527 609 695  ; 3 1 2 7 4 2 3 4 4 3 4 2 3 3 3 1 
95.31 ; 3.159e-13 ; True ; 1 152 373 422 467 527 609 695  ; 4 1 2 7 4 3 2 4 4 2 5 2 3 3 4 1 
96.06 ; 3.168e-13 ; True ; 1 19 24 373 422 527 609 695  ; 2 1 2 7 5 3 3 4 4 3 4 2 3 3 3 1 
98.01 ; 3.314e-13 ; True ; 1 24 152 373 467 527 609 695  ; 3 1 3 7 5 3 2 4 3 2 5 2 3 3 4 1 
98.98 ; 3.527e-13 ; True ; 1 24 152 373 422 527 609 695  ; 3 1 2 7 5 4 2 4 4 2 5 2 3 3 4 1 
101.1 ; 4.007e-13 ; True ; 1 19 24 29 373 527 695 849  ; 3 1 2 7 6 3 3 4 3 3 4 2 4 2 4 1 
106.1 ; 4.084e-13 ; True ; 1 19 24 119 162 373 422 609 695  ; 3 1 2 8 5 4 3 4 4 4 4 2 2 2 4 1 
106.8 ; 4.123e-13 ; True ; 1 19 24 152 373 527 609 695  ; 2 1 2 7 6 3 3 3 3 3 4 2 3 3 3 2 
107.6 ; 4.31e-13 ; True ; 1 24 152 176 315 373 518 609 695  ; 3 1 2 7 6 3 3 3 4 3 4 2 3 3 4 1 
108.4 ; 4.456e-13 ; True ; 1 19 176 315 373 422 467 527 695  ; 4 1 2 7 5 2 5 4 5 2 4 3 2 3 3 1 
109 ; 4.831e-13 ; True ; 1 19 24 176 315 373 467 527 695  ; 3 1 3 7 6 2 5 4 4 2 4 3 2 3 3 1 
109.3 ; 5.242e-13 ; True ; 1 19 176 315 373 467 518 527 695  ; 3 1 2 7 5 2 5 3 4 3 4 3 3 3 3 1 
110 ; 5.278e-13 ; True ; 1 19 121 315 373 467 527 609 695  ; 3 1 2 7 6 2 4 4 4 3 4 2 3 4 3 1 
110.2 ; 5.723e-13 ; True ; 1 19 162 315 373 422 527 695 863  ; 4 1 2 6 5 3 4 4 4 3 4 2 2 4 3 1 
111.6 ; 5.727e-13 ; True ; 1 152 176 315 373 467 527 587 695  ; 5 1 2 7 5 2 4 3 4 2 5 3 3 3 4 1 
111.9 ; 5.944e-13 ; True ; 1 19 162 315 373 422 527 610 695  ; 4 1 2 7 5 3 4 3 5 3 5 2 2 3 4 1 
112.1 ; 7.137e-13 ; True ; 1 19 315 373 422 467 527 609 695  ; 4 1 2 7 5 2 4 4 5 3 4 2 3 4 3 1 
112.9 ; 7.332e-13 ; True ; 1 19 162 373 422 527 609 610 695  ; 3 1 2 8 5 3 3 3 5 4 5 2 3 3 4 1 
113.6 ; 7.737e-13 ; True ; 1 19 24 315 373 467 527 609 695  ; 3 1 3 7 6 2 4 4 4 3 4 2 3 4 3 1 
114.3 ; 7.873e-13 ; True ; 1 19 24 315 373 467 527 587 695  ; 4 1 3 7 5 2 4 4 3 3 5 2 3 3 4 1 
114.4 ; 8.254e-13 ; True ; 1 19 24 249 315 373 467 527 695  ; 3 1 3 6 6 3 4 4 4 3 5 2 2 3 4 1 
114.8 ; 9.079e-13 ; True ; 1 19 24 315 373 467 518 527 695  ; 3 1 3 7 5 3 4 4 3 3 5 2 3 3 4 1 
115.8 ; 9.56e-13 ; True ; 1 19 162 373 422 467 527 609 695  ; 4 1 2 8 5 3 3 4 4 4 5 2 3 3 4 1 
118.4 ; 9.708e-13 ; True ; 1 24 152 315 373 467 527 609 695  ; 4 1 3 7 6 3 3 4 4 2 5 2 3 4 4 1 
118.8 ; 9.918e-13 ; True ; 1 119 152 162 373 467 527 609 695  ; 4 1 2 8 5 4 3 3 4 3 5 3 3 3 4 1 
119.3 ; 1.036e-12 ; True ; 1 19 24 162 373 422 527 609 695  ; 3 1 2 8 6 4 3 4 4 4 5 2 3 3 4 1 
119.5 ; 1.07e-12 ; True ; 1 19 24 373 422 467 527 609 695  ; 3 1 3 8 5 3 3 5 4 3 5 2 3 3 4 1 
121 ; 1.073e-12 ; True ; 1 19 373 422 467 527 609 695 849  ; 4 1 2 8 5 3 3 4 4 4 4 2 4 3 4 1 
123.4 ; 1.184e-12 ; True ; 1 19 24 29 373 422 527 609 695  ; 3 1 2 8 6 3 3 5 5 3 5 2 4 3 4 1 
124.5 ; 1.184e-12 ; True ; 1 19 24 29 373 527 609 695 849  ; 3 1 2 8 7 3 3 4 4 4 4 2 5 3 4 1 
126.5 ; 1.209e-12 ; True ; 1 19 24 29 373 422 527 695 849  ; 4 1 2 8 6 4 3 5 4 3 5 2 4 2 5 1 
127.3 ; 1.245e-12 ; True ; 1 24 29 152 373 527 609 695 849  ; 4 1 2 8 7 4 2 4 4 3 5 2 5 3 5 1 
128.7 ; 1.459e-12 ; True ; 1 19 152 373 422 467 527 609 695  ; 4 1 2 8 5 3 3 4 4 3 5 2 3 3 4 2 
131.3 ; 1.484e-12 ; True ; 1 19 24 152 373 467 527 609 695  ; 3 1 3 8 6 3 3 4 3 3 5 2 3 3 4 2 
132.3 ; 1.58e-12 ; True ; 1 19 24 152 373 422 527 609 695  ; 3 1 2 8 6 4 3 4 4 3 5 2 3 3 4 2 
133.3 ; 1.609e-12 ; True ; 1 19 24 176 315 373 467 527 609 695  ; 3 1 3 8 7 2 5 4 5 3 4 3 3 4 3 1 
133.8 ; 1.621e-12 ; True ; 1 19 162 315 373 422 527 609 695 863  ; 4 1 2 7 6 3 4 4 5 4 4 2 3 5 3 1 
133.9 ; 1.777e-12 ; True ; 1 19 24 176 315 373 467 527 587 695  ; 4 1 3 8 6 2 5 4 4 3 5 3 3 3 4 1 
134.4 ; 2.049e-12 ; True ; 1 19 24 176 315 373 467 518 527 695  ; 3 1 3 8 6 3 5 4 4 3 5 3 3 3 4 1 
136.6 ; 2.159e-12 ; True ; 1 19 162 176 373 422 467 527 609 695  ; 4 1 2 9 6 3 4 4 5 4 5 3 3 3 4 1 
137.4 ; 2.201e-12 ; True ; 1 19 162 315 373 422 467 527 609 695  ; 5 1 2 8 6 3 4 4 5 4 5 2 3 4 4 1 
138.8 ; 2.388e-12 ; True ; 1 19 24 315 373 467 518 527 587 695  ; 4 1 3 8 5 3 4 4 3 4 6 2 4 3 5 1 
138.9 ; 2.51e-12 ; True ; 1 19 24 249 315 373 467 518 527 695  ; 3 1 3 7 6 4 4 4 4 4 6 2 3 3 5 1 
139.7 ; 2.534e-12 ; True ; 1 19 119 162 373 422 467 527 609 695  ; 4 1 2 9 5 4 4 4 5 4 5 3 3 3 4 1 
140.1 ; 2.594e-12 ; True ; 1 19 24 315 373 467 518 527 609 695  ; 3 1 3 8 6 3 4 4 4 4 5 2 4 4 4 1 
141 ; 2.617e-12 ; True ; 1 19 24 315 373 422 467 527 609 695  ; 4 1 3 8 6 3 4 5 5 3 5 2 3 4 4 1 
143.7 ; 2.653e-12 ; True ; 1 24 152 176 373 467 527 587 609 695  ; 4 1 3 9 6 3 3 4 4 3 6 3 4 3 5 1 
144.2 ; 2.726e-12 ; True ; 1 24 152 176 373 467 518 527 609 695  ; 3 1 3 9 6 4 3 4 4 3 6 3 4 3 5 1 
145.5 ; 2.782e-12 ; True ; 1 24 152 249 315 373 467 527 609 695  ; 4 1 3 7 7 4 3 4 5 3 6 2 3 4 5 1 
145.6 ; 2.815e-12 ; True ; 1 19 24 373 422 467 527 587 609 695  ; 4 1 3 9 5 3 3 5 4 4 6 2 4 3 5 1 
145.7 ; 2.825e-12 ; True ; 1 19 24 162 373 422 467 527 609 695  ; 4 1 3 9 6 4 3 5 4 4 6 2 3 3 5 1 
145.9 ; 2.951e-12 ; True ; 1 24 152 315 373 467 518 527 609 695  ; 4 1 3 8 6 4 3 4 4 3 6 2 4 4 5 1 
149.2 ; 3.001e-12 ; True ; 1 19 24 29 315 373 518 527 695 735  ; 3 1 3 8 6 4 4 5 4 3 6 2 4 3 5 1 
150 ; 3.048e-12 ; True ; 1 24 152 176 373 467 527 609 695 849  ; 4 1 3 9 7 4 3 4 4 3 5 3 4 3 5 1 
150.7 ; 3.107e-12 ; True ; 1 24 152 315 373 467 527 609 695 849  ; 5 1 3 8 7 4 3 4 4 3 5 2 4 4 5 1 
150.9 ; 3.294e-12 ; True ; 1 19 24 373 422 467 527 609 695 849  ; 4 1 3 9 6 4 3 5 4 4 5 2 4 3 5 1 
151.3 ; 3.295e-12 ; True ; 1 19 152 176 373 422 467 527 609 695  ; 4 1 2 9 6 3 4 4 5 3 5 3 3 3 4 2 
151.9 ; 3.355e-12 ; True ; 1 19 24 29 373 422 527 609 695 849  ; 4 1 2 9 7 4 3 5 5 4 5 2 5 3 5 1 
152.1 ; 3.359e-12 ; True ; 1 19 152 315 373 422 467 527 609 695  ; 5 1 2 8 6 3 4 4 5 3 5 2 3 4 4 2 
153.9 ; 3.507e-12 ; True ; 1 19 24 152 176 373 467 527 609 695  ; 3 1 3 9 7 3 4 4 4 3 5 3 3 3 4 2 
154.6 ; 3.797e-12 ; True ; 1 19 24 152 315 373 467 527 609 695  ; 4 1 3 8 7 3 4 4 4 3 5 2 3 4 4 2 
156.1 ; 3.866e-12 ; True ; 1 19 119 152 373 422 467 527 609 695  ; 4 1 2 9 5 4 4 4 5 3 5 3 3 3 4 2 
157.8 ; 4.064e-12 ; True ; 1 19 24 176 315 373 467 518 527 610 695  ; 3 1 4 9 6 3 5 4 5 3 6 3 3 3 5 1 
159.1 ; 4.526e-12 ; True ; 19 24 176 249 373 467 518 527 587 695 735  ; 3 1 3 9 6 5 4 4 4 4 7 3 4 2 6 1 
160.1 ; 4.629e-12 ; True ; 1 19 162 176 373 422 467 527 609 610 695  ; 4 1 3 10 6 3 4 4 6 4 6 3 3 3 5 1 
160.4 ; 5.39e-12 ; True ; 1 19 24 176 315 373 467 518 527 587 695  ; 4 1 3 9 6 3 5 4 4 4 6 3 4 3 5 1 
161.7 ; 5.395e-12 ; True ; 1 19 24 176 315 373 467 518 527 609 695  ; 3 1 3 9 7 3 5 4 5 4 5 3 4 4 4 1 
162.5 ; 5.538e-12 ; True ; 1 19 24 176 315 373 466 467 518 527 695  ; 3 1 3 9 6 4 5 4 4 4 6 3 4 3 5 1 
164.5 ; 5.809e-12 ; True ; 1 19 24 249 315 373 467 518 527 587 695  ; 4 1 3 8 6 4 4 4 4 5 7 2 4 3 6 1 
166.4 ; 5.811e-12 ; True ; 1 19 24 176 373 467 527 587 609 695 735  ; 3 1 4 10 6 3 4 5 4 4 6 3 4 3 5 1 
167 ; 5.999e-12 ; True ; 1 19 24 315 373 467 518 527 587 609 695  ; 4 1 3 9 6 3 4 4 4 5 6 2 5 4 5 1 
167.1 ; 6.197e-12 ; True ; 1 19 24 249 315 373 467 518 527 609 695  ; 3 1 3 8 7 4 4 4 5 5 6 2 4 4 5 1 
167.6 ; 6.465e-12 ; True ; 1 19 24 315 373 467 518 527 609 695 735  ; 3 1 4 9 6 4 4 5 4 4 6 2 4 4 5 1 
168.5 ; 6.543e-12 ; True ; 1 24 152 176 315 373 467 518 527 609 695  ; 4 1 3 9 7 4 4 4 5 3 6 3 4 4 5 1 
171.3 ; 7.072e-12 ; True ; 1 19 24 315 373 422 467 518 527 609 695  ; 4 1 3 9 6 4 4 5 5 4 6 2 4 4 5 1 
175.5 ; 7.302e-12 ; True ; 1 19 24 176 373 422 467 527 609 695 849  ; 4 1 3 10 7 4 4 5 5 4 5 3 4 3 5 1 
176.3 ; 7.446e-12 ; True ; 1 19 24 315 373 422 467 527 609 695 849  ; 5 1 3 9 7 4 4 5 5 4 5 2 4 4 5 1 
176.5 ; 7.459e-12 ; True ; 1 19 24 119 373 422 467 527 587 609 695  ; 4 1 3 10 5 4 4 5 5 4 6 3 4 3 5 1 
178.3 ; 7.804e-12 ; True ; 1 19 24 152 176 315 373 467 527 609 695  ; 4 1 3 9 8 3 5 4 5 3 5 3 3 4 4 2 
179.5 ; 8.105e-12 ; True ; 1 19 24 152 176 315 373 467 518 527 695  ; 4 1 3 9 7 4 5 4 4 3 6 3 3 3 5 2 
182.4 ; 8.16e-12 ; True ; 1 19 152 176 373 422 467 527 587 609 695  ; 5 1 2 10 6 3 4 4 5 4 6 3 4 3 5 2 
182.8 ; 9.03e-12 ; True ; 1 19 119 152 162 373 422 467 527 609 695  ; 5 1 2 10 6 5 4 4 5 4 6 3 3 3 5 2 
183.9 ; 9.222e-12 ; True ; 1 19 24 152 176 373 467 527 587 609 695  ; 4 1 3 10 7 3 4 4 4 4 6 3 4 3 5 2 
184.3 ; 9.558e-12 ; True ; 1 19 24 152 176 373 422 467 527 609 695  ; 4 1 3 10 7 4 4 5 5 3 6 3 3 3 5 2 
185.7 ; 9.56e-12 ; True ; 1 19 24 152 249 315 373 467 527 609 695  ; 4 1 3 8 8 4 4 4 5 4 6 2 3 4 5 2 
185.7 ; 1.003e-11 ; True ; 1 19 24 176 315 373 467 518 527 587 610 695  ; 4 1 4 10 6 3 5 4 5 4 7 3 4 3 6 1 
186 ; 1.026e-11 ; True ; 1 19 24 152 315 373 467 518 527 609 695  ; 4 1 3 9 7 4 4 4 4 4 6 2 4 4 5 2 
187 ; 1.145e-11 ; True ; 19 24 176 249 315 373 467 518 527 587 695 735  ; 4 1 3 9 7 5 5 4 5 4 7 3 4 3 6 1 
188 ; 1.147e-11 ; True ; 1 19 24 176 249 315 373 467 518 527 695 735  ; 3 1 4 9 7 5 5 5 5 4 7 3 3 3 6 1 
188 ; 1.208e-11 ; True ; 1 19 24 176 249 315 373 467 518 527 587 695  ; 4 1 3 9 7 4 5 4 5 5 7 3 4 3 6 1 
188.8 ; 1.26e-11 ; True ; 1 19 24 176 315 373 467 518 527 587 695 735  ; 4 1 4 10 6 4 5 5 4 4 7 3 4 3 6 1 
191.2 ; 1.344e-11 ; True ; 1 19 24 176 315 373 467 518 527 609 695 735  ; 3 1 4 10 7 4 5 5 5 4 6 3 4 4 5 1 
194.9 ; 1.413e-11 ; True ; 1 19 24 176 315 373 422 467 518 527 609 695  ; 4 1 3 10 7 4 5 5 6 4 6 3 4 4 5 1 
198.3 ; 1.426e-11 ; True ; 1 24 152 176 315 373 467 518 527 587 609 695  ; 5 1 3 10 7 4 4 4 5 4 7 3 5 4 6 1 
198.9 ; 1.437e-11 ; True ; 1 24 152 176 315 373 467 518 527 609 695 735  ; 4 1 4 10 7 5 4 5 5 3 7 3 4 4 6 1 
199.6 ; 1.462e-11 ; True ; 1 24 152 176 315 373 466 467 518 527 609 695  ; 4 1 3 10 7 5 4 4 5 4 7 3 5 4 6 1 
201.6 ; 1.489e-11 ; True ; 1 19 24 249 315 373 467 518 527 587 656 695  ; 4 1 3 8 6 4 4 4 5 5 7 3 5 4 6 1 
202.4 ; 1.525e-11 ; True ; 1 19 24 315 373 467 518 527 587 656 695 735  ; 4 1 4 9 5 4 4 5 4 4 7 3 5 4 6 1 
203.7 ; 1.548e-11 ; True ; 1 19 24 119 315 373 422 467 527 587 609 695  ; 5 1 3 10 6 4 5 5 6 4 6 3 4 4 5 1 
204.9 ; 1.564e-11 ; True ; 1 19 24 119 315 373 467 527 587 609 695 735  ; 4 1 4 10 6 4 5 5 5 4 6 3 4 4 5 1 
205.7 ; 1.587e-11 ; True ; 1 19 24 119 315 373 422 467 518 527 609 695  ; 4 1 3 10 6 5 5 5 6 4 6 3 4 4 5 1 
206.3 ; 1.591e-11 ; True ; 1 19 24 315 373 467 518 527 609 695 735 833  ; 4 1 4 10 7 4 4 5 5 4 6 3 4 5 5 1 
207.7 ; 1.634e-11 ; True ; 1 19 24 315 373 422 467 518 527 609 685 695  ; 4 1 4 10 7 4 4 5 5 4 6 3 5 4 5 1 
208.8 ; 1.742e-11 ; True ; 1 19 24 108 249 315 373 467 518 527 587 695  ; 4 1 3 9 6 5 5 5 4 5 7 3 4 4 6 1 
210.3 ; 1.883e-11 ; True ; 1 19 24 152 176 315 373 467 518 527 587 695  ; 5 1 3 10 7 4 5 4 4 4 7 3 4 3 6 2 
211.1 ; 1.933e-11 ; True ; 1 19 24 152 176 315 373 467 527 587 609 695  ; 5 1 3 10 8 3 5 4 5 4 6 3 4 4 5 2 
211.6 ; 2.109e-11 ; True ; 1 19 24 152 176 315 373 467 518 527 609 695  ; 4 1 3 10 8 4 5 4 5 4 6 3 4 4 5 2 
216.5 ; 2.156e-11 ; True ; 1 19 24 152 176 373 467 527 587 609 695 735  ; 4 1 4 11 7 4 4 5 4 4 7 3 4 3 6 2 
217.3 ; 2.221e-11 ; True ; 1 19 24 152 176 373 422 467 527 587 609 695  ; 5 1 3 11 7 4 4 5 5 4 7 3 4 3 6 2 
217.4 ; 2.54e-11 ; True ; 1 19 24 176 249 315 373 467 518 527 587 695 735  ; 4 1 4 10 7 5 5 5 5 5 8 3 4 3 7 1 
221.1 ; 2.689e-11 ; True ; 1 19 24 176 249 315 373 467 518 527 609 695 735  ; 3 1 4 10 8 5 5 5 6 5 7 3 4 4 6 1 
222 ; 2.916e-11 ; True ; 1 19 24 176 315 373 467 518 527 587 609 695 735  ; 4 1 4 11 7 4 5 5 5 5 7 3 5 4 6 1 
228.3 ; 2.982e-11 ; True ; 1 19 24 176 315 373 422 467 518 527 609 695 735  ; 4 1 4 11 7 5 5 6 6 4 7 3 4 4 6 1 
230.7 ; 2.998e-11 ; True ; 1 24 152 176 315 373 467 518 527 587 609 695 735  ; 5 1 4 11 7 5 4 5 5 4 8 3 5 4 7 1 
232.2 ; 3.016e-11 ; True ; 1 19 24 249 315 373 467 518 527 587 695 735 833  ; 5 1 4 10 7 5 4 5 5 5 8 3 4 4 7 1 
234.4 ; 3.024e-11 ; True ; 1 19 24 176 373 467 518 527 587 609 695 735 833  ; 4 1 4 12 7 4 4 5 5 5 7 4 5 4 6 1 
235 ; 3.026e-11 ; True ; 1 19 24 176 249 315 373 467 527 609 695 735 849  ; 4 1 4 10 9 5 5 5 6 5 6 3 4 4 6 1 
235.3 ; 3.097e-11 ; True ; 1 19 24 108 176 249 315 373 467 518 527 587 695  ; 4 1 3 10 7 5 6 5 5 5 7 4 4 4 6 1 
235.4 ; 3.192e-11 ; True ; 1 19 24 176 315 373 467 518 527 609 695 735 849  ; 4 1 4 11 8 5 5 5 5 5 6 3 5 4 6 1 
237.2 ; 3.275e-11 ; True ; 1 19 24 119 315 373 467 518 527 587 609 695 735  ; 4 1 4 11 6 5 5 5 5 5 7 3 5 4 6 1 
239.6 ; 3.354e-11 ; True ; 1 19 24 152 176 315 373 467 518 527 587 610 695  ; 5 1 4 11 7 4 5 4 5 4 8 3 4 3 7 2 
240.2 ; 3.385e-11 ; True ; 1 19 24 108 249 315 373 467 518 527 587 695 735  ; 4 1 4 10 6 6 5 6 4 5 8 3 4 4 7 1 
240.3 ; 3.456e-11 ; True ; 1 19 24 152 176 315 373 467 527 587 609 610 695  ; 5 1 4 11 8 3 5 4 6 4 7 3 4 4 6 2 
240.9 ; 3.77e-11 ; True ; 1 19 24 152 176 315 373 467 518 527 609 610 695  ; 4 1 4 11 8 4 5 4 6 4 7 3 4 4 6 2 
243.7 ; 3.96e-11 ; True ; 1 19 24 152 176 315 373 467 518 527 587 695 735  ; 5 1 4 11 7 5 5 5 4 4 8 3 4 3 7 2 
245.4 ; 4.308e-11 ; True ; 1 19 24 152 176 315 373 467 518 527 587 609 695  ; 5 1 3 11 8 4 5 4 5 5 7 3 5 4 6 2 
246 ; 4.632e-11 ; True ; 1 19 24 152 176 315 373 467 518 527 609 695 735  ; 4 1 4 11 8 5 5 5 5 4 7 3 4 4 6 2 
251.1 ; 4.681e-11 ; True ; 1 19 24 176 315 373 467 518 527 587 609 610 695 735  ; 4 1 5 12 7 4 5 5 6 5 8 3 5 4 7 1 
253.1 ; 4.713e-11 ; True ; 1 14 19 24 176 315 373 467 518 527 587 609 695 735  ; 4 1 4 12 8 5 5 5 5 6 8 3 5 4 7 1 
253.5 ; 5.362e-11 ; True ; 1 19 24 176 249 315 373 467 518 527 587 609 695 735  ; 4 1 4 11 8 5 5 5 6 6 8 3 5 4 7 1 
255.7 ; 5.39e-11 ; True ; 1 19 24 176 315 373 466 467 518 527 587 609 695 735  ; 4 1 4 12 7 5 5 5 5 6 8 3 6 4 7 1 
261.5 ; 5.422e-11 ; True ; 1 19 24 176 249 315 373 422 467 527 587 609 695 735  ; 5 1 4 11 8 5 5 6 7 5 8 3 4 4 7 1 
262.1 ; 5.832e-11 ; True ; 1 19 24 176 315 373 422 467 518 527 587 609 695 735  ; 5 1 4 12 7 5 5 6 6 5 8 3 5 4 7 1 
267.1 ; 5.898e-11 ; True ; 1 19 24 108 152 315 373 467 518 527 587 609 695  ; 5 1 3 11 7 5 5 5 4 5 7 3 5 5 6 2 
268.1 ; 5.943e-11 ; True ; 1 19 24 108 152 315 373 467 527 587 609 695 735  ; 5 1 4 11 7 5 5 6 4 4 7 3 4 5 6 2 
268.6 ; 6.019e-11 ; True ; 1 19 24 108 176 249 315 373 467 518 527 587 695 735  ; 4 1 4 11 7 6 6 6 5 5 8 4 4 4 7 1 
271.5 ; 6.038e-11 ; True ; 1 19 24 108 152 315 373 422 467 518 527 609 695  ; 5 1 3 11 7 6 5 6 5 4 7 3 4 5 6 2 
272.3 ; 6.136e-11 ; True ; 1 19 24 108 176 249 315 373 467 518 527 587 609 695  ; 4 1 3 11 8 5 6 5 6 6 7 4 5 5 6 1 
273.1 ; 6.741e-11 ; True ; 1 19 24 108 176 315 373 467 518 527 587 609 695 735  ; 4 1 4 12 7 5 6 6 5 5 7 4 5 5 6 1 
276.6 ; 7.373e-11 ; True ; 1 19 24 152 176 315 373 467 518 527 587 609 610 695  ; 5 1 4 12 8 4 5 4 6 5 8 3 5 4 7 2 
277.3 ; 7.434e-11 ; True ; 1 19 24 152 176 315 373 467 518 527 609 610 695 735  ; 4 1 5 12 8 5 5 5 6 4 8 3 4 4 7 2 
278.8 ; 7.558e-11 ; True ; 1 19 24 152 176 315 373 466 467 518 527 609 610 695  ; 4 1 4 12 8 5 5 4 6 5 8 3 5 4 7 2 
280 ; 7.64e-11 ; True ; 1 19 24 152 176 315 373 422 467 518 527 609 610 695  ; 5 1 4 12 8 5 5 5 7 4 8 3 4 4 7 2 
280.9 ; 8.469e-11 ; True ; 1 19 24 152 176 249 315 373 467 518 527 609 695 735  ; 4 1 4 11 9 6 5 5 6 5 8 3 4 4 7 2 
281.7 ; 9.058e-11 ; True ; 1 19 24 152 176 315 373 467 518 527 587 609 695 735  ; 5 1 4 12 8 5 5 5 5 5 8 3 5 4 7 2 
293 ; 9.253e-11 ; True ; 1 19 24 152 176 315 373 422 467 518 527 609 685 695  ; 5 1 4 12 9 5 5 5 6 4 7 4 5 4 6 2 
293.5 ; 9.302e-11 ; True ; 1 19 24 152 176 315 373 467 527 587 609 656 695 735  ; 5 1 4 11 8 4 5 5 6 4 7 4 5 5 6 2 
294 ; 9.535e-11 ; True ; 1 19 24 152 176 315 373 467 518 527 609 656 695 735  ; 4 1 4 11 8 5 5 5 6 4 7 4 5 5 6 2 
294.1 ; 9.642e-11 ; True ; 1 19 24 152 176 315 373 467 518 527 609 695 735 849  ; 5 1 4 12 9 6 5 5 5 5 7 3 5 4 7 2 
296.1 ; 9.772e-11 ; True ; 1 19 24 108 152 176 373 467 518 527 587 609 610 695  ; 4 1 4 13 7 5 5 5 5 5 8 4 5 4 7 2 
297 ; 9.902e-11 ; True ; 1 19 24 119 152 315 373 467 518 527 587 609 695 735  ; 5 1 4 12 7 6 5 5 5 5 8 3 5 4 7 2 
297.6 ; 1.037e-10 ; True ; 1 19 24 108 152 176 315 373 467 518 527 587 609 695  ; 5 1 3 12 8 5 6 5 5 5 7 4 5 5 6 2 
298.6 ; 1.044e-10 ; True ; 1 19 24 108 152 176 315 373 467 527 587 609 695 735  ; 5 1 4 12 8 5 6 6 5 4 7 4 4 5 6 2 
300.3 ; 1.05e-10 ; True ; 1 19 24 108 152 315 373 467 518 527 587 609 610 695  ; 5 1 4 12 7 5 5 5 5 5 8 3 5 5 7 2 
301.2 ; 1.066e-10 ; True ; 1 19 24 108 152 176 373 467 518 527 587 609 695 735  ; 4 1 4 13 7 6 5 6 4 5 8 4 5 4 7 2 
304.7 ; 1.095e-10 ; True ; 1 19 24 108 152 249 315 373 467 518 527 609 695 735  ; 4 1 4 11 8 7 5 6 5 5 8 3 4 5 7 2 
305.4 ; 1.146e-10 ; True ; 1 19 24 108 152 315 373 467 518 527 587 609 695 735  ; 5 1 4 12 7 6 5 6 4 5 8 3 5 5 7 2 
310.9 ; 1.199e-10 ; True ; 1 19 24 108 176 315 373 466 467 518 527 587 609 695 735  ; 4 1 4 13 7 6 6 6 5 6 8 4 6 5 7 1 
313.2 ; 1.242e-10 ; True ; 1 19 24 152 176 229 373 467 518 527 587 609 610 695 735  ; 4 1 5 14 8 5 5 5 6 5 9 3 5 4 8 2 
314 ; 1.282e-10 ; True ; 1 19 24 152 176 249 315 373 467 518 527 609 610 695 735  ; 4 1 5 12 9 6 5 5 7 5 9 3 4 4 8 2 
314.9 ; 1.409e-10 ; True ; 1 19 24 152 176 315 373 467 518 527 587 609 610 695 735  ; 5 1 5 13 8 5 5 5 6 5 9 3 5 4 8 2 
318.2 ; 1.541e-10 ; True ; 1 19 24 152 176 249 315 373 467 518 527 587 609 695 735  ; 5 1 4 12 9 6 5 5 6 6 9 3 5 4 8 2 
320.5 ; 1.561e-10 ; True ; 1 19 24 152 176 315 373 466 467 518 527 587 609 695 735  ; 5 1 4 13 8 6 5 5 5 6 9 3 6 4 8 2 
325.8 ; 1.628e-10 ; True ; 1 19 24 152 176 315 373 422 467 518 527 587 609 695 735  ; 6 1 4 13 8 6 5 6 6 5 9 3 5 4 8 2 
328.4 ; 1.672e-10 ; True ; 1 19 24 119 152 176 315 373 467 518 527 587 609 695 735  ; 5 1 4 13 8 6 6 5 6 5 8 4 5 4 7 2 
330.9 ; 1.699e-10 ; True ; 1 19 24 152 176 315 373 467 518 527 587 609 695 735 833  ; 6 1 4 13 9 5 5 5 6 5 8 4 5 5 7 2 
331.7 ; 1.791e-10 ; True ; 1 19 24 152 176 315 373 467 518 527 587 609 656 695 735  ; 5 1 4 12 8 5 5 5 6 5 8 4 6 5 7 2 
337.9 ; 2.014e-10 ; True ; 1 19 24 108 152 176 315 373 467 518 527 587 609 695 735  ; 5 1 4 13 8 6 6 6 5 5 8 4 5 5 7 2 
351.5 ; 2.042e-10 ; True ; 1 19 24 108 152 176 373 467 518 527 587 609 695 735 833  ; 5 1 4 14 8 6 5 6 5 5 8 5 5 5 7 2 
352.3 ; 2.127e-10 ; True ; 1 19 24 152 176 249 315 373 467 518 527 587 609 695 735 774  ; 6 1 4 13 9 6 5 6 6 6 10 3 5 4 9 2 
353.3 ; 2.28e-10 ; True ; 1 19 24 152 176 249 315 373 467 518 527 587 609 610 695 735  ; 5 1 5 13 9 6 5 5 7 6 10 3 5 4 9 2 
355.6 ; 2.372e-10 ; True ; 1 19 24 152 176 315 373 466 467 518 527 587 609 610 695 735  ; 5 1 5 14 8 6 5 5 6 6 10 3 6 4 9 2 
356.4 ; 2.48e-10 ; True ; 1 19 24 152 176 229 315 373 466 467 518 527 587 609 695 735  ; 5 1 4 14 9 6 6 5 6 6 9 3 6 5 8 2 
363 ; 2.581e-10 ; True ; 1 19 24 152 176 249 315 373 467 518 527 587 609 695 735 863  ; 5 1 5 12 9 6 5 6 6 6 9 3 5 5 8 2 
365.1 ; 2.614e-10 ; True ; 1 19 24 152 176 315 373 466 467 518 527 587 609 695 735 863  ; 5 1 5 13 8 6 5 6 5 6 9 3 6 5 8 2 
368.4 ; 2.671e-10 ; True ; 1 19 24 152 176 315 373 422 466 467 518 527 587 609 695 735  ; 6 1 4 14 8 7 5 6 6 6 10 3 6 4 9 2 
369.4 ; 2.786e-10 ; True ; 1 19 24 152 176 249 315 373 467 518 527 587 609 685 695 735  ; 5 1 5 13 10 6 5 5 6 6 9 4 6 4 8 2 
370.2 ; 2.799e-10 ; True ; 1 19 24 152 176 249 315 373 467 518 527 587 609 695 735 833  ; 6 1 4 13 10 6 5 5 7 6 9 4 5 5 8 2 
372.4 ; 2.801e-10 ; True ; 1 19 24 119 152 176 315 373 467 518 527 587 609 695 735 863  ; 5 1 5 13 8 6 6 6 6 5 8 4 5 5 7 2 
372.6 ; 2.927e-10 ; True ; 1 19 24 152 176 315 373 466 467 518 527 587 609 695 735 833  ; 6 1 4 14 9 6 5 5 6 6 9 4 6 5 8 2 
373.5 ; 2.965e-10 ; True ; 1 19 24 152 176 249 315 373 466 467 527 587 609 656 695 735  ; 5 1 4 12 9 6 5 5 7 6 9 4 6 5 8 2 
374 ; 3.133e-10 ; True ; 1 19 24 108 152 176 315 373 467 518 527 587 609 610 695 735  ; 5 1 5 14 8 6 6 6 6 5 9 4 5 5 8 2 
381.8 ; 3.153e-10 ; True ; 1 19 24 108 152 176 315 373 467 518 527 587 609 695 735 863  ; 5 1 5 13 8 6 6 7 5 5 8 4 5 6 7 2 
382.2 ; 3.163e-10 ; True ; 1 19 24 108 152 176 315 373 466 467 518 527 587 609 695 863  ; 5 1 4 13 8 6 6 6 5 6 8 4 6 6 7 2 
385.8 ; 3.21e-10 ; True ; 1 19 24 108 152 176 315 373 422 467 518 527 587 609 695 863  ; 6 1 4 13 8 6 6 7 6 5 8 4 5 6 7 2 
386.9 ; 3.432e-10 ; True ; 1 19 24 108 152 176 315 373 422 467 518 527 587 609 695 735  ; 6 1 4 14 8 7 6 7 6 5 9 4 5 5 8 2 
396.3 ; 3.445e-10 ; True ; 1 19 108 152 176 315 373 422 466 467 527 587 609 685 695 735  ; 6 1 4 14 8 6 6 6 6 5 8 5 6 5 7 2 
398.9 ; 3.49e-10 ; True ; 1 19 24 108 152 176 315 373 466 467 518 527 609 695 735 849  ; 5 1 4 14 9 8 6 6 5 6 8 4 6 5 8 2 
401.2 ; 3.785e-10 ; True ; 1 19 24 108 152 249 315 373 466 467 527 587 609 656 695 735  ; 5 1 4 12 8 7 5 6 6 6 9 4 6 6 8 2 
403.1 ; 3.814e-10 ; True ; 1 19 24 152 176 315 373 466 467 518 527 587 609 610 695 735 863  ; 5 1 6 14 8 6 5 6 6 6 10 3 6 5 9 2 
405.1 ; 3.817e-10 ; True ; 1 19 24 152 176 229 249 315 373 466 467 527 587 609 695 735 863  ; 5 1 5 13 10 6 6 6 7 6 9 3 5 6 8 2 
407.3 ; 4.117e-10 ; True ; 1 19 24 152 176 249 315 373 466 467 518 527 587 609 695 735 863  ; 5 1 5 13 9 7 5 6 6 7 10 3 6 5 9 2 
413 ; 4.182e-10 ; True ; 1 19 24 152 176 249 315 373 422 467 518 527 587 609 695 735 863  ; 6 1 5 13 9 7 5 7 7 6 10 3 5 5 9 2 
417.9 ; 4.224e-10 ; True ; 1 19 119 152 176 249 315 373 466 467 518 527 587 609 695 735 863  ; 5 1 4 13 8 7 6 5 7 7 9 4 6 5 8 2 
418.1 ; 4.48e-10 ; True ; 1 19 24 152 176 249 315 373 467 518 527 587 609 685 695 735 863  ; 5 1 6 13 10 6 5 6 6 6 9 4 6 5 8 2 
418.7 ; 5.14e-10 ; True ; 1 19 24 108 152 176 315 373 466 467 518 527 587 609 610 695 735  ; 5 1 5 15 8 7 6 6 6 6 10 4 6 5 9 2 
428.2 ; 5.295e-10 ; True ; 1 19 24 108 152 176 315 373 466 467 518 527 587 609 695 735 863  ; 5 1 5 14 8 7 6 7 5 6 9 4 6 6 8 2 
434.9 ; 5.476e-10 ; True ; 1 19 24 108 152 176 315 373 467 518 527 587 609 610 695 735 849  ; 6 1 5 15 9 7 6 6 6 6 9 4 6 5 9 2 
436.7 ; 5.611e-10 ; True ; 1 19 24 108 152 176 315 373 466 467 518 527 587 609 685 695 735  ; 5 1 5 15 9 7 6 6 5 6 9 5 7 5 8 2 
443 ; 5.855e-10 ; True ; 1 19 24 108 152 176 315 373 422 467 518 527 587 609 685 695 735  ; 6 1 5 15 9 7 6 7 6 5 9 5 6 5 8 2 
454.1 ; 5.917e-10 ; True ; 1 19 24 152 176 229 249 315 373 422 466 467 518 527 587 609 695 863  ; 6 1 4 14 10 7 6 6 8 7 10 3 6 6 9 2 
456.9 ; 6.468e-10 ; True ; 1 19 24 152 176 229 315 373 422 466 467 518 527 587 609 695 735 863  ; 6 1 5 15 9 7 6 7 7 6 10 3 6 6 9 2 
459.1 ; 6.679e-10 ; True ; 1 19 24 119 152 176 315 373 466 467 518 527 587 609 610 695 735 863  ; 5 1 6 15 8 7 6 6 7 6 10 4 6 5 9 2 
470.3 ; 6.976e-10 ; True ; 1 19 24 119 152 176 249 315 373 466 467 518 527 587 609 685 695 735  ; 5 1 5 15 10 8 6 5 7 7 10 5 7 4 9 2 
472 ; 7.032e-10 ; True ; 1 19 24 119 152 176 315 373 422 467 518 527 587 609 610 695 849 863  ; 7 1 5 15 9 7 6 6 8 6 9 4 6 5 9 2 
473.6 ; 8.033e-10 ; True ; 1 19 24 108 152 176 315 373 422 466 467 518 527 587 609 610 695 735  ; 6 1 5 16 8 8 6 7 7 6 11 4 6 5 10 2 
477.8 ; 8.187e-10 ; True ; 1 19 24 108 152 176 315 373 466 467 518 527 587 609 610 685 695 735  ; 5 1 6 16 9 7 6 6 6 6 10 5 7 5 9 2 
484.1 ; 8.481e-10 ; True ; 1 19 24 108 152 176 315 373 422 466 467 518 527 587 609 695 735 863  ; 6 1 5 15 8 8 6 8 6 6 10 4 6 6 9 2 
494.9 ; 8.591e-10 ; True ; 1 19 24 108 152 176 315 373 466 467 518 527 587 609 695 735 849 863  ; 6 1 5 15 9 8 6 7 5 7 9 4 7 6 9 2 
496.8 ; 8.858e-10 ; True ; 1 19 24 108 152 176 315 373 422 466 467 518 527 587 609 656 695 863  ; 6 1 4 14 8 7 6 7 7 6 9 5 7 7 8 2 
505.3 ; 9.135e-10 ; True ; 1 19 24 108 152 176 315 373 439 466 467 518 527 587 609 656 695 735  ; 5 1 5 14 8 7 7 6 6 6 9 6 7 6 8 2 
521 ; 9.467e-10 ; True ; 1 19 24 152 176 229 315 373 422 466 467 518 527 587 609 610 695 785 863  ; 6 1 6 16 9 6 6 7 8 6 10 4 6 6 9 2 
521.4 ; 1.061e-09 ; True ; 1 19 24 119 152 176 315 373 422 466 467 518 527 553 587 609 695 735 863  ; 6 1 5 16 9 8 7 7 8 6 10 4 6 6 9 2 
531.8 ; 1.117e-09 ; True ; 1 14 19 24 108 152 176 315 373 422 466 467 518 527 587 609 695 735 863  ; 6 1 5 16 9 9 6 8 6 7 11 4 6 6 10 2 
538.8 ; 1.241e-09 ; True ; 1 19 24 108 152 176 315 373 466 467 518 527 587 609 610 695 735 849 863  ; 6 1 6 16 9 8 6 7 6 7 10 4 7 6 10 2 
552.1 ; 1.243e-09 ; True ; 1 19 108 119 152 176 315 373 422 466 467 518 527 609 610 695 735 849 863  ; 6 1 5 16 8 9 7 7 8 6 9 5 6 6 9 2 
554 ; 1.246e-09 ; True ; 1 19 29 108 152 176 229 315 373 466 467 518 527 587 609 695 735 849 863  ; 7 1 4 16 10 7 7 7 7 7 9 4 8 7 9 2 
556 ; 1.262e-09 ; True ; 1 19 108 119 152 176 249 315 373 422 467 518 527 587 609 695 735 849 863  ; 7 1 4 15 9 9 7 7 8 7 9 5 6 6 9 2 
557.2 ; 1.27e-09 ; True ; 1 19 108 152 176 315 373 422 439 467 518 527 587 609 610 695 735 849 863  ; 7 1 6 15 8 7 7 7 7 6 9 5 6 6 9 2 
558.7 ; 1.309e-09 ; True ; 1 19 24 108 152 176 315 373 422 439 467 518 527 587 609 610 695 735 849  ; 7 1 6 16 9 8 7 7 7 6 10 5 6 5 10 2 
562.4 ; 1.334e-09 ; True ; 1 19 24 108 152 176 293 315 373 422 467 518 527 587 609 695 735 849 863  ; 7 1 5 15 10 8 6 8 6 6 9 4 6 6 9 3 
563.9 ; 1.367e-09 ; True ; 1 19 108 152 176 315 373 422 466 467 518 527 587 609 685 695 735 849 863  ; 7 1 5 16 9 8 6 7 6 7 9 5 8 6 9 2 
577.9 ; 1.409e-09 ; True ; 1 19 119 152 176 229 249 315 373 422 466 467 518 527 587 609 695 735 833 863  ; 7 1 4 16 10 8 7 6 10 7 10 5 6 7 9 2 
588.8 ; 1.419e-09 ; True ; 1 19 24 108 152 176 229 315 373 422 466 467 483 527 587 609 695 735 849  ; 7 1 4 17 11 9 8 7 8 7 9 5 6 6 9 2 
590.3 ; 1.448e-09 ; True ; 1 19 24 29 108 152 176 315 373 466 467 518 527 609 656 695 735 849 850  ; 6 1 4 16 10 8 7 7 7 6 9 6 8 7 9 2 
594.9 ; 1.558e-09 ; True ; 1 19 119 152 176 229 293 315 373 422 466 467 518 527 587 609 695 735 849 863  ; 7 1 4 16 10 8 7 6 8 7 9 4 7 6 9 3 
600.3 ; 1.618e-09 ; True ; 1 19 24 108 152 176 315 373 466 467 518 527 609 610 685 695 735 774 849 863  ; 6 1 7 17 10 8 6 8 6 6 10 5 7 6 10 2 
603.1 ; 1.797e-09 ; True ; 1 19 24 119 152 176 315 373 422 466 467 518 527 587 609 685 695 735 849 863  ; 7 1 6 17 10 9 6 7 7 7 10 5 8 5 10 2 
614.3 ; 1.876e-09 ; True ; 1 19 24 108 152 176 315 373 422 439 467 518 527 587 609 610 695 735 849 863  ; 7 1 7 16 9 8 7 8 7 6 10 5 6 6 10 2 
622.7 ; 1.923e-09 ; True ; 1 19 108 119 152 176 249 315 373 466 467 518 527 587 609 685 695 735 849 863  ; 6 1 5 16 10 9 7 6 7 8 9 6 8 6 9 2 
630.5 ; 1.998e-09 ; True ; 1 19 24 108 152 176 315 373 422 439 466 467 527 587 609 610 656 695 849 863  ; 7 1 6 15 9 7 7 7 8 6 9 6 7 7 9 2 
642.4 ; 2.167e-09 ; True ; 1 19 24 108 152 176 315 373 422 439 466 467 527 587 609 656 695 735 849 863  ; 7 1 6 15 9 8 7 8 7 6 9 6 7 7 9 2 
661.5 ; 2.235e-09 ; True ; 1 19 24 152 176 249 293 315 373 422 466 467 518 527 587 609 610 695 785 833 863  ; 7 1 6 16 11 7 5 7 9 7 11 5 6 6 10 3 
665.3 ; 2.25e-09 ; True ; 1 19 24 26 119 152 176 315 373 422 466 467 518 527 587 609 685 695 735 849 863  ; 7 1 6 18 10 9 6 7 7 7 10 5 9 6 10 2 
673.3 ; 2.263e-09 ; True ; 1 19 24 152 176 229 249 315 373 422 466 518 527 587 609 656 695 735 785 833 863  ; 6 1 5 16 11 8 6 7 10 7 10 6 7 8 9 2 
674.9 ; 2.468e-09 ; True ; 1 19 24 119 152 176 315 373 422 466 467 518 527 587 609 685 695 711 735 849 863  ; 7 1 6 18 11 9 6 8 8 7 10 5 8 6 10 2 
676.5 ; 2.643e-09 ; True ; 1 19 24 108 152 176 315 373 422 466 467 518 527 587 609 610 695 735 739 849 863  ; 7 1 7 17 9 9 6 9 7 7 11 5 7 6 11 2 
727.1 ; 2.866e-09 ; True ; 1 19 108 152 293 315 373 422 466 467 518 527 553 587 609 695 735 785 833 849 863  ; 8 1 5 17 10 8 6 8 7 7 9 5 7 8 9 3 
741.3 ; 2.935e-09 ; True ; 1 19 29 108 152 229 293 315 373 422 466 467 527 587 609 695 735 739 785 849 863  ; 8 1 6 16 10 7 6 10 7 6 9 5 7 7 9 3 
743.5 ; 3.007e-09 ; True ; 1 19 29 119 152 176 293 315 373 422 439 466 518 527 587 609 695 735 839 849 863  ; 7 1 5 15 10 8 7 7 8 7 10 6 8 5 10 3 
752.9 ; 3.232e-09 ; True ; 1 19 29 108 152 176 293 315 373 422 439 466 467 518 527 587 609 695 735 750 785  ; 7 1 5 17 9 7 7 8 8 6 10 7 8 6 9 3 
779.7 ; 3.348e-09 ; True ; 1 19 24 119 152 176 315 373 422 466 467 518 527 587 609 610 695 735 785 839 849 863  ; 7 1 8 18 9 9 6 9 8 7 12 6 7 5 12 2 
781.6 ; 3.397e-09 ; True ; 1 19 145 152 249 293 315 373 422 466 467 518 527 587 609 610 685 695 735 750 849 863  ; 7 1 6 17 11 9 5 6 9 9 11 4 9 6 11 3 
789.4 ; 3.651e-09 ; True ; 1 19 108 152 176 293 315 373 422 466 467 518 527 609 610 663 685 695 735 785 849 863  ; 7 1 7 18 10 9 6 8 7 6 9 6 8 6 10 3 
813 ; 3.812e-09 ; True ; 1 19 24 119 152 160 176 293 315 373 422 439 467 518 527 587 609 695 735 750 849 863  ; 7 1 7 16 10 8 7 8 8 6 10 6 7 6 9 3 
820.1 ; 3.818e-09 ; True ; 1 19 24 36 108 152 176 315 373 466 467 518 527 587 609 695 735 750 785 839 849 863  ; 6 1 7 18 9 8 7 9 7 7 10 7 8 7 10 2 
831.4 ; 4.126e-09 ; True ; 1 19 29 119 152 162 293 315 373 380 422 439 467 527 587 609 695 735 750 839 849 863  ; 10 1 6 16 11 8 6 8 8 6 11 6 8 6 11 3 
837.5 ; 4.519e-09 ; True ; 1 19 108 152 249 293 315 373 422 466 467 518 527 609 610 685 695 735 750 839 849 863  ; 6 1 7 16 10 9 5 8 8 7 11 6 8 7 11 3 
845.4 ; 4.537e-09 ; True ; 1 19 108 152 176 229 249 373 422 439 466 467 518 527 587 609 695 735 785 800 833 849 863  ; 7 1 6 19 10 9 8 8 9 8 10 7 7 7 10 2 
891.5 ; 5.322e-09 ; True ; 1 19 29 108 152 293 315 373 422 439 466 483 518 527 568 587 609 695 735 785 849 863  ; 7 1 6 16 10 9 7 9 7 8 9 7 8 6 9 3 
926.5 ; 5.782e-09 ; True ; 1 19 29 108 152 229 293 315 373 380 466 467 483 527 587 609 695 735 739 785 800 849 863  ; 8 1 6 18 12 8 8 9 8 7 9 6 8 7 9 3 
963.8 ; 5.868e-09 ; True ; 1 19 29 108 152 293 315 373 439 466 483 518 527 568 587 609 610 681 695 735 750 785 863  ; 5 1 7 17 10 7 8 9 8 7 10 8 8 7 8 3 
977.4 ; 7.339e-09 ; True ; 1 19 29 108 152 293 315 373 380 467 483 518 527 587 609 610 695 735 750 785 839 849 863  ; 8 1 7 18 11 8 6 9 8 7 11 7 9 7 11 3 
1219 ; 8.393e-09 ; True ; 1 19 24 152 249 293 315 373 380 439 466 518 527 587 609 610 685 695 733 734 735 750 785 833 839 863  ; 7 1 9 18 12 8 5 7 8 7 13 9 9 8 12 3 


RUN 10:
Optimum Distance: 22.67
Optimal Team: 1,152,373,695,
Required Skills: 0 1 4 5 9 10 11 12 14 15 16 18 22 23 24 26 
Distance; Skill Score; isValid; Team; Skill Counts
22.67 ; 2.278e-17 ; True ; 1 152 373 695  ; 2 1 1 3 2 1 1 2 1 1 2 1 1 1 2 1 
24.56 ; 3.252e-17 ; True ; 1 152 373 527  ; 1 1 1 3 2 2 1 2 1 1 3 1 1 1 2 1 
33.45 ; 2.699e-16 ; True ; 1 152 315 373 695  ; 3 1 1 3 3 1 2 2 2 1 2 1 1 2 2 1 
34.47 ; 2.765e-16 ; True ; 1 152 162 373 695  ; 3 1 1 4 3 2 1 2 1 2 3 1 1 1 3 1 
34.48 ; 3.009e-16 ; True ; 1 152 373 422 695  ; 3 1 1 4 2 2 1 3 2 1 3 1 1 1 3 1 
35.31 ; 4.06e-16 ; True ; 1 152 373 609 695  ; 2 1 1 4 3 1 1 2 2 2 2 1 2 2 2 1 
37.31 ; 5.112e-16 ; True ; 1 152 315 373 527  ; 2 1 1 3 3 2 2 2 2 1 3 1 1 2 2 1 
38.26 ; 6.831e-16 ; True ; 1 29 152 373 527  ; 2 1 1 4 3 2 1 3 2 1 4 1 2 1 3 1 
39.43 ; 1.909e-15 ; True ; 1 152 373 527 695  ; 2 1 1 4 3 2 2 2 2 1 3 2 2 2 2 1 
47.01 ; 2.636e-15 ; True ; 1 119 152 162 373 695  ; 3 1 1 5 3 3 2 2 2 2 3 2 1 1 3 1 
49.11 ; 3.27e-15 ; True ; 1 152 162 373 609 695  ; 3 1 1 5 4 2 1 2 2 3 3 1 2 2 3 1 
49.12 ; 3.961e-15 ; True ; 1 152 373 422 609 695  ; 3 1 1 5 3 2 1 3 3 2 3 1 2 2 3 1 
52.8 ; 4.643e-15 ; True ; 1 24 152 373 609 695  ; 2 1 2 5 4 2 1 3 2 2 3 1 2 2 3 1 
52.96 ; 5.195e-15 ; True ; 1 29 152 373 527 849  ; 3 1 1 5 4 3 1 3 2 2 4 1 3 1 4 1 
53.16 ; 5.208e-15 ; True ; 1 19 29 373 527 849  ; 2 1 1 5 4 2 2 3 2 3 3 1 3 1 3 1 
53.17 ; 8.602e-15 ; True ; 1 152 315 373 527 695  ; 3 1 1 4 4 2 3 2 3 1 3 2 2 3 2 1 
55.08 ; 9.033e-15 ; True ; 1 152 373 527 610 695  ; 2 1 2 5 3 2 2 2 3 1 4 2 2 2 3 1 
55.15 ; 1.248e-14 ; True ; 1 152 373 422 527 695  ; 3 1 1 5 3 3 2 3 3 1 4 2 2 2 3 1 
56 ; 1.373e-14 ; True ; 1 152 162 373 527 695  ; 3 1 1 5 4 3 2 2 2 2 4 2 2 2 3 1 
57.04 ; 1.506e-14 ; True ; 1 29 152 373 527 695  ; 3 1 1 5 4 2 2 3 3 1 4 2 3 2 3 1 
57.11 ; 1.629e-14 ; True ; 1 152 373 527 695 849  ; 3 1 1 5 4 3 2 2 2 2 3 2 3 2 3 1 
61.98 ; 1.689e-14 ; True ; 1 19 162 373 422 609 695  ; 3 1 1 6 4 2 2 3 3 4 3 1 2 2 3 1 
63.69 ; 1.732e-14 ; True ; 1 152 373 483 527 695  ; 2 1 1 5 4 3 3 2 3 2 3 3 2 2 2 1 
63.94 ; 1.823e-14 ; True ; 1 152 162 176 373 609 695  ; 3 1 1 6 5 2 2 2 3 3 3 2 2 2 3 1 
63.95 ; 2.073e-14 ; True ; 1 152 176 373 422 609 695  ; 3 1 1 6 4 2 2 3 4 2 3 2 2 2 3 1 
64.01 ; 2.329e-14 ; True ; 1 119 152 162 373 609 695  ; 3 1 1 6 4 3 2 2 3 3 3 2 2 2 3 1 
64.56 ; 2.511e-14 ; True ; 1 119 152 373 422 609 695  ; 3 1 1 6 3 3 2 3 4 2 3 2 2 2 3 1 
67.56 ; 2.588e-14 ; True ; 1 24 152 176 373 609 695  ; 2 1 2 6 5 2 2 3 3 2 3 2 2 2 3 1 
68.38 ; 2.643e-14 ; True ; 1 24 152 315 373 609 695  ; 3 1 2 5 5 2 2 3 3 2 3 1 2 3 3 1 
68.49 ; 2.801e-14 ; True ; 1 119 152 373 467 609 695  ; 3 1 2 6 3 2 2 3 3 2 3 2 2 2 3 1 
68.76 ; 2.806e-14 ; True ; 1 162 293 373 422 527 695  ; 3 1 1 5 4 3 2 3 3 2 4 2 2 2 3 1 
68.96 ; 3.063e-14 ; True ; 1 152 315 373 527 695 863  ; 3 1 2 4 4 2 3 3 3 1 3 2 2 4 2 1 
69 ; 3.336e-14 ; True ; 1 19 315 373 467 527 695  ; 3 1 2 5 4 1 4 3 3 2 3 2 2 3 2 1 
70.05 ; 3.977e-14 ; True ; 1 19 315 373 422 527 695  ; 3 1 1 5 4 2 4 3 4 2 3 2 2 3 2 1 
70.84 ; 4.985e-14 ; True ; 1 152 315 373 467 527 695  ; 4 1 2 5 4 2 3 3 3 1 4 2 2 3 3 1 
72.59 ; 5.952e-14 ; True ; 1 152 162 373 422 527 695  ; 4 1 1 6 4 4 2 3 3 2 5 2 2 2 4 1 
72.69 ; 5.988e-14 ; True ; 1 19 162 373 422 527 695  ; 3 1 1 6 4 3 3 3 3 3 4 2 2 2 3 1 
73.73 ; 7.366e-14 ; True ; 1 152 373 422 527 609 695  ; 3 1 1 6 4 3 2 3 4 2 4 2 3 3 3 1 
74.64 ; 8.218e-14 ; True ; 1 152 373 467 527 609 695  ; 3 1 2 6 4 2 2 3 3 2 4 2 3 3 3 1 
75.68 ; 8.575e-14 ; True ; 1 29 152 373 527 695 849  ; 4 1 1 6 5 3 2 3 3 2 4 2 4 2 4 1 
77.46 ; 9.197e-14 ; True ; 1 24 152 373 527 609 695  ; 2 1 2 6 5 3 2 3 3 2 4 2 3 3 3 1 
79.55 ; 9.347e-14 ; True ; 1 24 152 373 527 695 849  ; 3 1 2 6 5 4 2 3 2 2 4 2 3 2 4 1 
79.58 ; 9.541e-14 ; True ; 1 119 152 162 373 422 609 695  ; 4 1 1 7 4 4 2 3 4 3 4 2 2 2 4 1 
84.15 ; 9.544e-14 ; True ; 1 24 152 176 315 373 609 695  ; 3 1 2 6 6 2 3 3 4 2 3 2 2 3 3 1 
84.62 ; 9.649e-14 ; True ; 1 19 119 373 422 467 609 695  ; 3 1 2 7 3 2 3 4 4 3 3 2 2 2 3 1 
85.25 ; 1.06e-13 ; True ; 1 24 152 176 315 373 518 695  ; 3 1 2 6 5 3 3 3 3 2 4 2 2 2 4 1 
85.28 ; 1.118e-13 ; True ; 1 152 373 467 483 527 695  ; 3 1 2 6 4 3 3 3 3 2 4 3 2 2 3 1 
85.6 ; 1.195e-13 ; True ; 1 119 152 162 373 467 609 695  ; 4 1 2 7 4 3 2 3 3 3 4 2 2 2 4 1 
86.87 ; 1.26e-13 ; True ; 1 19 315 373 422 527 695 863  ; 3 1 2 5 4 2 4 4 4 2 3 2 2 4 2 1 
88.69 ; 1.394e-13 ; True ; 1 19 315 373 422 527 609 695  ; 3 1 1 6 5 2 4 3 5 3 3 2 3 4 2 1 
89.5 ; 1.564e-13 ; True ; 1 19 315 373 422 527 610 695  ; 3 1 2 6 4 2 4 3 5 2 4 2 2 3 3 1 
90.35 ; 1.729e-13 ; True ; 1 19 315 373 467 527 695 751  ; 4 1 2 6 5 2 4 3 4 2 4 2 2 3 3 1 
90.42 ; 1.807e-13 ; True ; 1 19 162 315 373 422 527 695  ; 4 1 1 6 5 3 4 3 4 3 4 2 2 3 3 1 
90.6 ; 2.039e-13 ; True ; 1 19 315 373 422 467 527 695  ; 4 1 2 6 4 2 4 4 4 2 4 2 2 3 3 1 
91.27 ; 2.139e-13 ; True ; 1 19 24 315 373 467 527 695  ; 3 1 3 6 5 2 4 4 3 2 4 2 2 3 3 1 
91.34 ; 2.231e-13 ; True ; 1 19 162 373 422 527 609 695  ; 3 1 1 7 5 3 3 3 4 4 4 2 3 3 3 1 
91.53 ; 2.252e-13 ; True ; 1 19 315 373 467 518 527 695  ; 3 1 2 6 4 2 4 3 3 3 4 2 3 3 3 1 
92.24 ; 2.482e-13 ; True ; 1 152 315 373 467 527 609 695  ; 4 1 2 6 5 2 3 3 4 2 4 2 3 4 3 1 
93.17 ; 2.494e-13 ; True ; 1 152 162 373 422 527 609 695  ; 4 1 1 7 5 4 2 3 4 3 5 2 3 3 4 1 
93.3 ; 2.52e-13 ; True ; 1 19 24 315 373 518 527 695  ; 2 1 2 6 5 3 4 3 3 3 4 2 3 3 3 1 
93.4 ; 2.831e-13 ; True ; 1 19 373 422 467 527 609 695  ; 3 1 2 7 4 2 3 4 4 3 4 2 3 3 3 1 
95.31 ; 3.159e-13 ; True ; 1 152 373 422 467 527 609 695  ; 4 1 2 7 4 3 2 4 4 2 5 2 3 3 4 1 
96.06 ; 3.168e-13 ; True ; 1 19 24 373 422 527 609 695  ; 2 1 2 7 5 3 3 4 4 3 4 2 3 3 3 1 
98.01 ; 3.314e-13 ; True ; 1 24 152 373 467 527 609 695  ; 3 1 3 7 5 3 2 4 3 2 5 2 3 3 4 1 
98.98 ; 3.527e-13 ; True ; 1 24 152 373 422 527 609 695  ; 3 1 2 7 5 4 2 4 4 2 5 2 3 3 4 1 
101.1 ; 4.007e-13 ; True ; 1 19 24 29 373 527 695 849  ; 3 1 2 7 6 3 3 4 3 3 4 2 4 2 4 1 
106.1 ; 4.084e-13 ; True ; 1 19 24 119 162 373 422 609 695  ; 3 1 2 8 5 4 3 4 4 4 4 2 2 2 4 1 
106.8 ; 4.123e-13 ; True ; 1 19 24 152 373 527 609 695  ; 2 1 2 7 6 3 3 3 3 3 4 2 3 3 3 2 
107.6 ; 4.31e-13 ; True ; 1 24 152 176 315 373 518 609 695  ; 3 1 2 7 6 3 3 3 4 3 4 2 3 3 4 1 
108.4 ; 4.456e-13 ; True ; 1 19 176 315 373 422 467 527 695  ; 4 1 2 7 5 2 5 4 5 2 4 3 2 3 3 1 
109 ; 4.831e-13 ; True ; 1 19 24 176 315 373 467 527 695  ; 3 1 3 7 6 2 5 4 4 2 4 3 2 3 3 1 
109.3 ; 5.242e-13 ; True ; 1 19 176 315 373 467 518 527 695  ; 3 1 2 7 5 2 5 3 4 3 4 3 3 3 3 1 
110.1 ; 5.26e-13 ; True ; 1 19 315 373 422 527 609 610 695  ; 3 1 2 7 5 2 4 3 6 3 4 2 3 4 3 1 
110.2 ; 5.723e-13 ; True ; 1 19 162 315 373 422 527 695 863  ; 4 1 2 6 5 3 4 4 4 3 4 2 2 4 3 1 
111.6 ; 5.727e-13 ; True ; 1 152 176 315 373 467 527 587 695  ; 5 1 2 7 5 2 4 3 4 2 5 3 3 3 4 1 
111.9 ; 5.944e-13 ; True ; 1 19 162 315 373 422 527 610 695  ; 4 1 2 7 5 3 4 3 5 3 5 2 2 3 4 1 
112.1 ; 7.137e-13 ; True ; 1 19 315 373 422 467 527 609 695  ; 4 1 2 7 5 2 4 4 5 3 4 2 3 4 3 1 
112.9 ; 7.332e-13 ; True ; 1 19 162 373 422 527 609 610 695  ; 3 1 2 8 5 3 3 3 5 4 5 2 3 3 4 1 
113.6 ; 7.737e-13 ; True ; 1 19 24 315 373 467 527 609 695  ; 3 1 3 7 6 2 4 4 4 3 4 2 3 4 3 1 
114.3 ; 7.873e-13 ; True ; 1 19 24 315 373 467 527 587 695  ; 4 1 3 7 5 2 4 4 3 3 5 2 3 3 4 1 
114.4 ; 8.254e-13 ; True ; 1 19 24 249 315 373 467 527 695  ; 3 1 3 6 6 3 4 4 4 3 5 2 2 3 4 1 
114.8 ; 9.079e-13 ; True ; 1 19 24 315 373 467 518 527 695  ; 3 1 3 7 5 3 4 4 3 3 5 2 3 3 4 1 
115.8 ; 9.56e-13 ; True ; 1 19 162 373 422 467 527 609 695  ; 4 1 2 8 5 3 3 4 4 4 5 2 3 3 4 1 
118.4 ; 9.708e-13 ; True ; 1 24 152 315 373 467 527 609 695  ; 4 1 3 7 6 3 3 4 4 2 5 2 3 4 4 1 
118.8 ; 9.918e-13 ; True ; 1 119 152 162 373 467 527 609 695  ; 4 1 2 8 5 4 3 3 4 3 5 3 3 3 4 1 
119.3 ; 1.036e-12 ; True ; 1 19 24 162 373 422 527 609 695  ; 3 1 2 8 6 4 3 4 4 4 5 2 3 3 4 1 
119.5 ; 1.07e-12 ; True ; 1 19 24 373 422 467 527 609 695  ; 3 1 3 8 5 3 3 5 4 3 5 2 3 3 4 1 
121 ; 1.073e-12 ; True ; 1 19 373 422 467 527 609 695 849  ; 4 1 2 8 5 3 3 4 4 4 4 2 4 3 4 1 
123.4 ; 1.184e-12 ; True ; 1 19 24 29 373 422 527 609 695  ; 3 1 2 8 6 3 3 5 5 3 5 2 4 3 4 1 
124.5 ; 1.184e-12 ; True ; 1 19 24 29 373 527 609 695 849  ; 3 1 2 8 7 3 3 4 4 4 4 2 5 3 4 1 
126.5 ; 1.209e-12 ; True ; 1 19 24 29 373 422 527 695 849  ; 4 1 2 8 6 4 3 5 4 3 5 2 4 2 5 1 
127.3 ; 1.245e-12 ; True ; 1 24 29 152 373 527 609 695 849  ; 4 1 2 8 7 4 2 4 4 3 5 2 5 3 5 1 
128.7 ; 1.459e-12 ; True ; 1 19 152 373 422 467 527 609 695  ; 4 1 2 8 5 3 3 4 4 3 5 2 3 3 4 2 
131.3 ; 1.484e-12 ; True ; 1 19 24 152 373 467 527 609 695  ; 3 1 3 8 6 3 3 4 3 3 5 2 3 3 4 2 
132.3 ; 1.58e-12 ; True ; 1 19 24 152 373 422 527 609 695  ; 3 1 2 8 6 4 3 4 4 3 5 2 3 3 4 2 
133.3 ; 1.609e-12 ; True ; 1 19 24 176 315 373 467 527 609 695  ; 3 1 3 8 7 2 5 4 5 3 4 3 3 4 3 1 
133.9 ; 1.777e-12 ; True ; 1 19 24 176 315 373 467 527 587 695  ; 4 1 3 8 6 2 5 4 4 3 5 3 3 3 4 1 
134.4 ; 2.049e-12 ; True ; 1 19 24 176 315 373 467 518 527 695  ; 3 1 3 8 6 3 5 4 4 3 5 3 3 3 4 1 
136.6 ; 2.159e-12 ; True ; 1 19 162 176 373 422 467 527 609 695  ; 4 1 2 9 6 3 4 4 5 4 5 3 3 3 4 1 
137.4 ; 2.201e-12 ; True ; 1 19 162 315 373 422 467 527 609 695  ; 5 1 2 8 6 3 4 4 5 4 5 2 3 4 4 1 
138.8 ; 2.388e-12 ; True ; 1 19 24 315 373 467 518 527 587 695  ; 4 1 3 8 5 3 4 4 3 4 6 2 4 3 5 1 
138.9 ; 2.51e-12 ; True ; 1 19 24 249 315 373 467 518 527 695  ; 3 1 3 7 6 4 4 4 4 4 6 2 3 3 5 1 
140.1 ; 2.594e-12 ; True ; 1 19 24 315 373 467 518 527 609 695  ; 3 1 3 8 6 3 4 4 4 4 5 2 4 4 4 1 
141 ; 2.617e-12 ; True ; 1 19 24 315 373 422 467 527 609 695  ; 4 1 3 8 6 3 4 5 5 3 5 2 3 4 4 1 
143.7 ; 2.653e-12 ; True ; 1 24 152 176 373 467 527 587 609 695  ; 4 1 3 9 6 3 3 4 4 3 6 3 4 3 5 1 
144.2 ; 2.726e-12 ; True ; 1 24 152 176 373 467 518 527 609 695  ; 3 1 3 9 6 4 3 4 4 3 6 3 4 3 5 1 
145.5 ; 2.782e-12 ; True ; 1 24 152 249 315 373 467 527 609 695  ; 4 1 3 7 7 4 3 4 5 3 6 2 3 4 5 1 
145.6 ; 2.815e-12 ; True ; 1 19 24 373 422 467 527 587 609 695  ; 4 1 3 9 5 3 3 5 4 4 6 2 4 3 5 1 
145.7 ; 2.825e-12 ; True ; 1 19 24 162 373 422 467 527 609 695  ; 4 1 3 9 6 4 3 5 4 4 6 2 3 3 5 1 
145.9 ; 2.951e-12 ; True ; 1 24 152 315 373 467 518 527 609 695  ; 4 1 3 8 6 4 3 4 4 3 6 2 4 4 5 1 
149.2 ; 3.001e-12 ; True ; 1 19 24 29 315 373 518 527 695 735  ; 3 1 3 8 6 4 4 5 4 3 6 2 4 3 5 1 
150 ; 3.048e-12 ; True ; 1 24 152 176 373 467 527 609 695 849  ; 4 1 3 9 7 4 3 4 4 3 5 3 4 3 5 1 
150.7 ; 3.107e-12 ; True ; 1 24 152 315 373 467 527 609 695 849  ; 5 1 3 8 7 4 3 4 4 3 5 2 4 4 5 1 
150.9 ; 3.294e-12 ; True ; 1 19 24 373 422 467 527 609 695 849  ; 4 1 3 9 6 4 3 5 4 4 5 2 4 3 5 1 
151.3 ; 3.295e-12 ; True ; 1 19 152 176 373 422 467 527 609 695  ; 4 1 2 9 6 3 4 4 5 3 5 3 3 3 4 2 
151.9 ; 3.355e-12 ; True ; 1 19 24 29 373 422 527 609 695 849  ; 4 1 2 9 7 4 3 5 5 4 5 2 5 3 5 1 
152.1 ; 3.359e-12 ; True ; 1 19 152 315 373 422 467 527 609 695  ; 5 1 2 8 6 3 4 4 5 3 5 2 3 4 4 2 
153.9 ; 3.507e-12 ; True ; 1 19 24 152 176 373 467 527 609 695  ; 3 1 3 9 7 3 4 4 4 3 5 3 3 3 4 2 
154.6 ; 3.797e-12 ; True ; 1 19 24 152 315 373 467 527 609 695  ; 4 1 3 8 7 3 4 4 4 3 5 2 3 4 4 2 
157.8 ; 4.064e-12 ; True ; 1 19 24 176 315 373 467 518 527 610 695  ; 3 1 4 9 6 3 5 4 5 3 6 3 3 3 5 1 
159.1 ; 4.526e-12 ; True ; 19 24 176 249 373 467 518 527 587 695 735  ; 3 1 3 9 6 5 4 4 4 4 7 3 4 2 6 1 
160.1 ; 4.629e-12 ; True ; 1 19 162 176 373 422 467 527 609 610 695  ; 4 1 3 10 6 3 4 4 6 4 6 3 3 3 5 1 
160.4 ; 5.39e-12 ; True ; 1 19 24 176 315 373 467 518 527 587 695  ; 4 1 3 9 6 3 5 4 4 4 6 3 4 3 5 1 
161.7 ; 5.395e-12 ; True ; 1 19 24 176 315 373 467 518 527 609 695  ; 3 1 3 9 7 3 5 4 5 4 5 3 4 4 4 1 
162.5 ; 5.538e-12 ; True ; 1 19 24 176 315 373 466 467 518 527 695  ; 3 1 3 9 6 4 5 4 4 4 6 3 4 3 5 1 
164.5 ; 5.809e-12 ; True ; 1 19 24 249 315 373 467 518 527 587 695  ; 4 1 3 8 6 4 4 4 4 5 7 2 4 3 6 1 
166.4 ; 5.811e-12 ; True ; 1 19 24 176 373 467 527 587 609 695 735  ; 3 1 4 10 6 3 4 5 4 4 6 3 4 3 5 1 
167 ; 5.999e-12 ; True ; 1 19 24 315 373 467 518 527 587 609 695  ; 4 1 3 9 6 3 4 4 4 5 6 2 5 4 5 1 
167.1 ; 6.197e-12 ; True ; 1 19 24 249 315 373 467 518 527 609 695  ; 3 1 3 8 7 4 4 4 5 5 6 2 4 4 5 1 
167.6 ; 6.465e-12 ; True ; 1 19 24 315 373 467 518 527 609 695 735  ; 3 1 4 9 6 4 4 5 4 4 6 2 4 4 5 1 
168.5 ; 6.543e-12 ; True ; 1 24 152 176 315 373 467 518 527 609 695  ; 4 1 3 9 7 4 4 4 5 3 6 3 4 4 5 1 
171.3 ; 7.072e-12 ; True ; 1 19 24 315 373 422 467 518 527 609 695  ; 4 1 3 9 6 4 4 5 5 4 6 2 4 4 5 1 
175.5 ; 7.302e-12 ; True ; 1 19 24 176 373 422 467 527 609 695 849  ; 4 1 3 10 7 4 4 5 5 4 5 3 4 3 5 1 
176.3 ; 7.446e-12 ; True ; 1 19 24 315 373 422 467 527 609 695 849  ; 5 1 3 9 7 4 4 5 5 4 5 2 4 4 5 1 
178.3 ; 7.804e-12 ; True ; 1 19 24 152 176 315 373 467 527 609 695  ; 4 1 3 9 8 3 5 4 5 3 5 3 3 4 4 2 
179.5 ; 8.105e-12 ; True ; 1 19 24 152 176 315 373 467 518 527 695  ; 4 1 3 9 7 4 5 4 4 3 6 3 3 3 5 2 
181.5 ; 8.186e-12 ; True ; 1 19 24 29 315 373 527 609 695 735 849  ; 4 1 3 9 8 4 4 5 5 4 5 2 5 4 5 1 
183.5 ; 8.55e-12 ; True ; 1 19 24 108 249 373 467 527 587 609 695  ; 3 1 3 9 6 4 4 5 4 5 6 3 4 4 5 1 
183.9 ; 9.222e-12 ; True ; 1 19 24 152 176 373 467 527 587 609 695  ; 4 1 3 10 7 3 4 4 4 4 6 3 4 3 5 2 
184.3 ; 9.558e-12 ; True ; 1 19 24 152 176 373 422 467 527 609 695  ; 4 1 3 10 7 4 4 5 5 3 6 3 3 3 5 2 
185.7 ; 9.56e-12 ; True ; 1 19 24 152 249 315 373 467 527 609 695  ; 4 1 3 8 8 4 4 4 5 4 6 2 3 4 5 2 
185.7 ; 1.003e-11 ; True ; 1 19 24 176 315 373 467 518 527 587 610 695  ; 4 1 4 10 6 3 5 4 5 4 7 3 4 3 6 1 
186 ; 1.026e-11 ; True ; 1 19 24 152 315 373 467 518 527 609 695  ; 4 1 3 9 7 4 4 4 4 4 6 2 4 4 5 2 
187 ; 1.145e-11 ; True ; 19 24 176 249 315 373 467 518 527 587 695 735  ; 4 1 3 9 7 5 5 4 5 4 7 3 4 3 6 1 
188 ; 1.147e-11 ; True ; 1 19 24 176 249 315 373 467 518 527 695 735  ; 3 1 4 9 7 5 5 5 5 4 7 3 3 3 6 1 
188 ; 1.208e-11 ; True ; 1 19 24 176 249 315 373 467 518 527 587 695  ; 4 1 3 9 7 4 5 4 5 5 7 3 4 3 6 1 
188.8 ; 1.26e-11 ; True ; 1 19 24 176 315 373 467 518 527 587 695 735  ; 4 1 4 10 6 4 5 5 4 4 7 3 4 3 6 1 
191.2 ; 1.344e-11 ; True ; 1 19 24 176 315 373 467 518 527 609 695 735  ; 3 1 4 10 7 4 5 5 5 4 6 3 4 4 5 1 
194.9 ; 1.413e-11 ; True ; 1 19 24 176 315 373 422 467 518 527 609 695  ; 4 1 3 10 7 4 5 5 6 4 6 3 4 4 5 1 
198.3 ; 1.426e-11 ; True ; 1 24 152 176 315 373 467 518 527 587 609 695  ; 5 1 3 10 7 4 4 4 5 4 7 3 5 4 6 1 
198.9 ; 1.437e-11 ; True ; 1 24 152 176 315 373 467 518 527 609 695 735  ; 4 1 4 10 7 5 4 5 5 3 7 3 4 4 6 1 
199.6 ; 1.462e-11 ; True ; 1 24 152 176 315 373 466 467 518 527 609 695  ; 4 1 3 10 7 5 4 4 5 4 7 3 5 4 6 1 
201.9 ; 1.471e-11 ; True ; 1 19 24 176 315 373 422 467 527 609 695 849  ; 5 1 3 10 8 4 5 5 6 4 5 3 4 4 5 1 
202.1 ; 1.486e-11 ; True ; 1 19 24 176 315 373 467 527 609 695 735 849  ; 4 1 4 10 8 4 5 5 5 4 5 3 4 4 5 1 
202.7 ; 1.496e-11 ; True ; 1 19 24 315 373 467 518 527 587 695 735 833  ; 5 1 4 10 6 4 4 5 4 4 7 3 4 4 6 1 
204.9 ; 1.564e-11 ; True ; 1 19 24 119 315 373 467 527 587 609 695 735  ; 4 1 4 10 6 4 5 5 5 4 6 3 4 4 5 1 
205.7 ; 1.587e-11 ; True ; 1 19 24 119 315 373 422 467 518 527 609 695  ; 4 1 3 10 6 5 5 5 6 4 6 3 4 4 5 1 
206.3 ; 1.591e-11 ; True ; 1 19 24 315 373 467 518 527 609 695 735 833  ; 4 1 4 10 7 4 4 5 5 4 6 3 4 5 5 1 
207.7 ; 1.634e-11 ; True ; 1 19 24 315 373 422 467 518 527 609 685 695  ; 4 1 4 10 7 4 4 5 5 4 6 3 5 4 5 1 
208.8 ; 1.742e-11 ; True ; 1 19 24 108 249 315 373 467 518 527 587 695  ; 4 1 3 9 6 5 5 5 4 5 7 3 4 4 6 1 
210.3 ; 1.883e-11 ; True ; 1 19 24 152 176 315 373 467 518 527 587 695  ; 5 1 3 10 7 4 5 4 4 4 7 3 4 3 6 2 
211.1 ; 1.933e-11 ; True ; 1 19 24 152 176 315 373 467 527 587 609 695  ; 5 1 3 10 8 3 5 4 5 4 6 3 4 4 5 2 
211.6 ; 2.109e-11 ; True ; 1 19 24 152 176 315 373 467 518 527 609 695  ; 4 1 3 10 8 4 5 4 5 4 6 3 4 4 5 2 
216.5 ; 2.156e-11 ; True ; 1 19 24 152 176 373 467 527 587 609 695 735  ; 4 1 4 11 7 4 4 5 4 4 7 3 4 3 6 2 
217.3 ; 2.221e-11 ; True ; 1 19 24 152 176 373 422 467 527 587 609 695  ; 5 1 3 11 7 4 4 5 5 4 7 3 4 3 6 2 
217.4 ; 2.54e-11 ; True ; 1 19 24 176 249 315 373 467 518 527 587 695 735  ; 4 1 4 10 7 5 5 5 5 5 8 3 4 3 7 1 
221.1 ; 2.689e-11 ; True ; 1 19 24 176 249 315 373 467 518 527 609 695 735  ; 3 1 4 10 8 5 5 5 6 5 7 3 4 4 6 1 
222 ; 2.916e-11 ; True ; 1 19 24 176 315 373 467 518 527 587 609 695 735  ; 4 1 4 11 7 4 5 5 5 5 7 3 5 4 6 1 
228.3 ; 2.982e-11 ; True ; 1 19 24 176 315 373 422 467 518 527 609 695 735  ; 4 1 4 11 7 5 5 6 6 4 7 3 4 4 6 1 
230.7 ; 2.998e-11 ; True ; 1 24 152 176 315 373 467 518 527 587 609 695 735  ; 5 1 4 11 7 5 4 5 5 4 8 3 5 4 7 1 
232.2 ; 3.016e-11 ; True ; 1 19 24 249 315 373 467 518 527 587 695 735 833  ; 5 1 4 10 7 5 4 5 5 5 8 3 4 4 7 1 
234.4 ; 3.024e-11 ; True ; 1 19 24 176 373 467 518 527 587 609 695 735 833  ; 4 1 4 12 7 4 4 5 5 5 7 4 5 4 6 1 
235 ; 3.026e-11 ; True ; 1 19 24 176 249 315 373 467 527 609 695 735 849  ; 4 1 4 10 9 5 5 5 6 5 6 3 4 4 6 1 
235.2 ; 3.198e-11 ; True ; 1 19 24 29 176 315 373 467 518 527 609 695 735  ; 4 1 4 11 8 4 5 6 6 4 7 3 5 4 6 1 
237.8 ; 3.25e-11 ; True ; 1 19 24 315 373 467 518 527 587 609 695 735 833  ; 5 1 4 11 7 4 4 5 5 5 7 3 5 5 6 1 
239.6 ; 3.354e-11 ; True ; 1 19 24 152 176 315 373 467 518 527 587 610 695  ; 5 1 4 11 7 4 5 4 5 4 8 3 4 3 7 2 
240.2 ; 3.385e-11 ; True ; 1 19 24 108 249 315 373 467 518 527 587 695 735  ; 4 1 4 10 6 6 5 6 4 5 8 3 4 4 7 1 
240.3 ; 3.456e-11 ; True ; 1 19 24 152 176 315 373 467 527 587 609 610 695  ; 5 1 4 11 8 3 5 4 6 4 7 3 4 4 6 2 
240.9 ; 3.77e-11 ; True ; 1 19 24 152 176 315 373 467 518 527 609 610 695  ; 4 1 4 11 8 4 5 4 6 4 7 3 4 4 6 2 
243.7 ; 3.96e-11 ; True ; 1 19 24 152 176 315 373 467 518 527 587 695 735  ; 5 1 4 11 7 5 5 5 4 4 8 3 4 3 7 2 
245.4 ; 4.308e-11 ; True ; 1 19 24 152 176 315 373 467 518 527 587 609 695  ; 5 1 3 11 8 4 5 4 5 5 7 3 5 4 6 2 
246 ; 4.632e-11 ; True ; 1 19 24 152 176 315 373 467 518 527 609 695 735  ; 4 1 4 11 8 5 5 5 5 4 7 3 4 4 6 2 
251.1 ; 4.681e-11 ; True ; 1 19 24 176 315 373 467 518 527 587 609 610 695 735  ; 4 1 5 12 7 4 5 5 6 5 8 3 5 4 7 1 
253.5 ; 5.362e-11 ; True ; 1 19 24 176 249 315 373 467 518 527 587 609 695 735  ; 4 1 4 11 8 5 5 5 6 6 8 3 5 4 7 1 
255.7 ; 5.39e-11 ; True ; 1 19 24 176 315 373 466 467 518 527 587 609 695 735  ; 4 1 4 12 7 5 5 5 5 6 8 3 6 4 7 1 
262.1 ; 5.832e-11 ; True ; 1 19 24 176 315 373 422 467 518 527 587 609 695 735  ; 5 1 4 12 7 5 5 6 6 5 8 3 5 4 7 1 
267 ; 5.953e-11 ; True ; 1 19 24 176 293 315 373 467 518 527 587 609 695 735  ; 4 1 4 11 8 4 5 5 5 5 7 3 5 4 6 2 
268.6 ; 6.019e-11 ; True ; 1 19 24 108 176 249 315 373 467 518 527 587 695 735  ; 4 1 4 11 7 6 6 6 5 5 8 4 4 4 7 1 
271.5 ; 6.038e-11 ; True ; 1 19 24 108 152 315 373 422 467 518 527 609 695  ; 5 1 3 11 7 6 5 6 5 4 7 3 4 5 6 2 
272.3 ; 6.136e-11 ; True ; 1 19 24 108 176 249 315 373 467 518 527 587 609 695  ; 4 1 3 11 8 5 6 5 6 6 7 4 5 5 6 1 
273.1 ; 6.741e-11 ; True ; 1 19 24 108 176 315 373 467 518 527 587 609 695 735  ; 4 1 4 12 7 5 6 6 5 5 7 4 5 5 6 1 
276.6 ; 7.373e-11 ; True ; 1 19 24 152 176 315 373 467 518 527 587 609 610 695  ; 5 1 4 12 8 4 5 4 6 5 8 3 5 4 7 2 
277.3 ; 7.434e-11 ; True ; 1 19 24 152 176 315 373 467 518 527 609 610 695 735  ; 4 1 5 12 8 5 5 5 6 4 8 3 4 4 7 2 
278.8 ; 7.558e-11 ; True ; 1 19 24 152 176 315 373 466 467 518 527 609 610 695  ; 4 1 4 12 8 5 5 4 6 5 8 3 5 4 7 2 
280.9 ; 8.469e-11 ; True ; 1 19 24 152 176 249 315 373 467 518 527 609 695 735  ; 4 1 4 11 9 6 5 5 6 5 8 3 4 4 7 2 
281.7 ; 9.058e-11 ; True ; 1 19 24 152 176 315 373 467 518 527 587 609 695 735  ; 5 1 4 12 8 5 5 5 5 5 8 3 5 4 7 2 
292.2 ; 9.072e-11 ; True ; 1 19 24 108 152 176 315 373 467 518 527 609 610 695  ; 4 1 4 12 8 5 6 5 6 4 7 4 4 5 6 2 
293.7 ; 9.095e-11 ; True ; 1 19 24 152 176 249 315 373 467 527 609 695 735 849  ; 5 1 4 11 10 6 5 5 6 5 7 3 4 4 7 2 
293.8 ; 9.253e-11 ; True ; 1 19 24 152 176 315 373 422 466 467 527 609 685 695  ; 5 1 4 12 9 5 5 5 6 4 7 4 5 4 6 2 
293.9 ; 9.858e-11 ; True ; 1 19 24 29 152 176 315 373 467 518 527 609 695 735  ; 5 1 4 12 9 5 5 6 6 4 8 3 5 4 7 2 
297.6 ; 1.037e-10 ; True ; 1 19 24 108 152 176 315 373 467 518 527 587 609 695  ; 5 1 3 12 8 5 6 5 5 5 7 4 5 5 6 2 
298.6 ; 1.044e-10 ; True ; 1 19 24 108 152 176 315 373 467 527 587 609 695 735  ; 5 1 4 12 8 5 6 6 5 4 7 4 4 5 6 2 
300.3 ; 1.05e-10 ; True ; 1 19 24 108 152 315 373 467 518 527 587 609 610 695  ; 5 1 4 12 7 5 5 5 5 5 8 3 5 5 7 2 
301.2 ; 1.066e-10 ; True ; 1 19 24 108 152 176 373 467 518 527 587 609 695 735  ; 4 1 4 13 7 6 5 6 4 5 8 4 5 4 7 2 
304.6 ; 1.1e-10 ; True ; 1 19 24 176 293 315 373 466 467 518 527 587 609 695 735  ; 4 1 4 12 8 5 5 5 5 6 8 3 6 4 7 2 
305.4 ; 1.146e-10 ; True ; 1 19 24 108 152 315 373 467 518 527 587 609 695 735  ; 5 1 4 12 7 6 5 6 4 5 8 3 5 5 7 2 
308.6 ; 1.192e-10 ; True ; 1 19 24 108 176 249 315 373 467 518 527 587 609 695 735  ; 4 1 4 12 8 6 6 6 6 6 8 4 5 5 7 1 
310.9 ; 1.199e-10 ; True ; 1 19 24 108 176 315 373 466 467 518 527 587 609 695 735  ; 4 1 4 13 7 6 6 6 5 6 8 4 6 5 7 1 
313.9 ; 1.28e-10 ; True ; 1 19 24 152 176 315 373 467 518 527 587 609 695 735 774  ; 6 1 4 13 8 5 5 6 5 5 9 3 5 4 8 2 
314 ; 1.282e-10 ; True ; 1 19 24 152 176 249 315 373 467 518 527 609 610 695 735  ; 4 1 5 12 9 6 5 5 7 5 9 3 4 4 8 2 
314.9 ; 1.409e-10 ; True ; 1 19 24 152 176 315 373 467 518 527 587 609 610 695 735  ; 5 1 5 13 8 5 5 5 6 5 9 3 5 4 8 2 
318.2 ; 1.541e-10 ; True ; 1 19 24 152 176 249 315 373 467 518 527 587 609 695 735  ; 5 1 4 12 9 6 5 5 6 6 9 3 5 4 8 2 
320.5 ; 1.561e-10 ; True ; 1 19 24 152 176 315 373 466 467 518 527 587 609 695 735  ; 5 1 4 13 8 6 5 5 5 6 9 3 6 4 8 2 
325.8 ; 1.628e-10 ; True ; 1 19 24 152 176 315 373 422 467 518 527 587 609 695 735  ; 6 1 4 13 8 6 5 6 6 5 9 3 5 4 8 2 
329.9 ; 1.646e-10 ; True ; 1 19 24 152 176 315 373 467 518 527 587 609 685 695 735  ; 5 1 5 13 9 5 5 5 5 5 8 4 6 4 7 2 
330.9 ; 1.699e-10 ; True ; 1 19 24 152 176 315 373 467 518 527 587 609 695 735 833  ; 6 1 4 13 9 5 5 5 6 5 8 4 5 5 7 2 
331.8 ; 1.774e-10 ; True ; 1 19 24 108 152 176 315 373 467 518 527 587 609 610 695  ; 5 1 4 13 8 5 6 5 6 5 8 4 5 5 7 2 
337.1 ; 1.835e-10 ; True ; 1 19 24 108 152 176 249 315 373 467 518 527 609 695 735  ; 4 1 4 12 9 7 6 6 6 5 8 4 4 5 7 2 
337.9 ; 2.014e-10 ; True ; 1 19 24 108 152 176 315 373 467 518 527 587 609 695 735  ; 5 1 4 13 8 6 6 6 5 5 8 4 5 5 7 2 
350.4 ; 2.042e-10 ; True ; 1 19 24 29 108 152 176 315 373 467 518 527 587 609 695  ; 6 1 3 13 9 5 6 6 6 5 8 4 6 5 7 2 
351.1 ; 2.132e-10 ; True ; 1 19 24 29 108 152 176 315 373 467 518 527 609 695 735  ; 5 1 4 13 9 6 6 7 6 4 8 4 5 5 7 2 
354.2 ; 2.288e-10 ; True ; 1 19 24 152 176 249 315 373 467 518 527 587 609 660 695 735  ; 5 1 4 13 9 6 5 5 6 6 9 4 5 5 8 2 
355.6 ; 2.372e-10 ; True ; 1 19 24 152 176 315 373 466 467 518 527 587 609 610 695 735  ; 5 1 5 14 8 6 5 5 6 6 10 3 6 4 9 2 
358.8 ; 2.458e-10 ; True ; 1 19 24 152 176 249 315 373 466 467 518 527 587 609 695 735  ; 5 1 4 13 9 7 5 5 6 7 10 3 6 4 9 2 
363 ; 2.581e-10 ; True ; 1 19 24 152 176 249 315 373 467 518 527 587 609 695 735 863  ; 5 1 5 12 9 6 5 6 6 6 9 3 5 5 8 2 
365.1 ; 2.614e-10 ; True ; 1 19 24 152 176 315 373 466 467 518 527 587 609 695 735 863  ; 5 1 5 13 8 6 5 6 5 6 9 3 6 5 8 2 
368.2 ; 2.699e-10 ; True ; 1 19 24 119 152 176 249 315 373 467 518 527 587 609 695 735  ; 5 1 4 13 9 7 6 5 7 6 9 4 5 4 8 2 
369.4 ; 2.786e-10 ; True ; 1 19 24 152 176 249 315 373 467 518 527 587 609 685 695 735  ; 5 1 5 13 10 6 5 5 6 6 9 4 6 4 8 2 
370.2 ; 2.799e-10 ; True ; 1 19 24 152 176 249 315 373 467 518 527 587 609 695 735 833  ; 6 1 4 13 10 6 5 5 7 6 9 4 5 5 8 2 
372.6 ; 2.927e-10 ; True ; 1 19 24 152 176 315 373 466 467 518 527 587 609 695 735 833  ; 6 1 4 14 9 6 5 5 6 6 9 4 6 5 8 2 
374 ; 3.133e-10 ; True ; 1 19 24 108 152 176 315 373 467 518 527 587 609 610 695 735  ; 5 1 5 14 8 6 6 6 6 5 9 4 5 5 8 2 
378.3 ; 3.339e-10 ; True ; 1 19 24 108 152 176 249 315 373 467 518 527 587 609 695 735  ; 5 1 4 13 9 7 6 6 6 6 9 4 5 5 8 2 
380.6 ; 3.382e-10 ; True ; 1 19 24 108 152 176 315 373 466 467 518 527 587 609 695 735  ; 5 1 4 14 8 7 6 6 5 6 9 4 6 5 8 2 
386.9 ; 3.432e-10 ; True ; 1 19 24 108 152 176 315 373 422 467 518 527 587 609 695 735  ; 6 1 4 14 8 7 6 7 6 5 9 4 5 5 8 2 
391 ; 3.436e-10 ; True ; 1 19 24 108 152 176 315 373 467 518 527 587 609 685 695 735  ; 5 1 5 14 9 6 6 6 5 5 8 5 6 5 7 2 
394.9 ; 3.498e-10 ; True ; 1 19 24 108 152 176 315 373 422 467 518 527 587 609 685 695  ; 6 1 4 14 9 6 6 6 6 5 8 5 6 5 7 2 
395.8 ; 3.567e-10 ; True ; 1 19 24 108 152 176 315 373 467 518 527 587 609 695 735 849  ; 6 1 4 14 9 7 6 6 5 6 8 4 6 5 8 2 
397.2 ; 3.619e-10 ; True ; 1 19 24 108 152 249 315 373 467 518 527 587 609 685 695 735  ; 5 1 5 13 9 7 5 6 5 6 9 4 6 5 8 2 
400.2 ; 3.637e-10 ; True ; 1 19 24 108 152 315 373 466 467 518 527 587 609 695 735 833  ; 6 1 4 14 8 7 5 6 5 6 9 4 6 6 8 2 
403 ; 3.685e-10 ; True ; 1 19 24 108 152 249 315 373 422 467 518 527 587 609 685 695  ; 6 1 4 13 9 7 5 6 6 6 9 4 6 5 8 2 
405.7 ; 3.72e-10 ; True ; 1 19 24 108 152 315 373 422 467 518 527 587 609 685 695 735  ; 6 1 5 14 8 7 5 7 5 5 9 4 6 5 8 2 
407.3 ; 4.117e-10 ; True ; 1 19 24 152 176 249 315 373 466 467 518 527 587 609 695 735 863  ; 5 1 5 13 9 7 5 6 6 7 10 3 6 5 9 2 
410.3 ; 4.291e-10 ; True ; 1 19 24 108 149 152 176 315 373 467 518 527 587 609 610 695 735  ; 5 1 5 15 9 6 7 6 6 5 9 4 5 6 9 2 
413.7 ; 4.465e-10 ; True ; 1 19 24 152 176 249 315 373 466 467 518 527 587 609 695 735 833  ; 6 1 4 14 10 7 5 5 7 7 10 4 6 5 9 2 
418.7 ; 5.14e-10 ; True ; 1 19 24 108 152 176 315 373 466 467 518 527 587 609 610 695 735  ; 5 1 5 15 8 7 6 6 6 6 10 4 6 5 9 2 
422.9 ; 5.229e-10 ; True ; 1 19 24 108 152 176 249 315 373 466 467 518 527 587 609 695 735  ; 5 1 4 14 9 8 6 6 6 7 10 4 6 5 9 2 
428.2 ; 5.295e-10 ; True ; 1 19 24 108 152 176 315 373 466 467 518 527 587 609 695 735 863  ; 5 1 5 14 8 7 6 7 5 6 9 4 6 6 8 2 
434 ; 5.296e-10 ; True ; 1 19 24 108 152 176 315 373 422 467 518 527 587 609 610 685 695  ; 6 1 5 15 9 6 6 6 7 5 9 5 6 5 8 2 
434.4 ; 5.668e-10 ; True ; 1 19 24 108 152 176 249 315 373 467 518 527 587 609 685 695 735  ; 5 1 5 14 10 7 6 6 6 6 9 5 6 5 8 2 
437.6 ; 5.724e-10 ; True ; 1 19 24 108 152 176 315 373 466 467 518 527 587 609 695 735 833  ; 6 1 4 15 9 7 6 6 6 6 9 5 6 6 8 2 
443 ; 5.855e-10 ; True ; 1 19 24 108 152 176 315 373 422 467 518 527 587 609 685 695 735  ; 6 1 5 15 9 7 6 7 6 5 9 5 6 5 8 2 
452.9 ; 5.888e-10 ; True ; 1 19 24 108 152 176 315 373 467 518 527 587 609 685 695 735 849  ; 6 1 5 15 10 7 6 6 5 6 8 5 7 5 8 2 
455.1 ; 6.094e-10 ; True ; 1 19 24 108 152 249 315 373 467 518 527 587 609 685 695 735 833  ; 6 1 5 14 10 7 5 6 6 6 9 5 6 6 8 2 
457 ; 6.278e-10 ; True ; 1 19 24 108 152 249 315 373 467 518 527 587 609 656 685 695 735  ; 5 1 5 13 9 7 5 6 6 6 9 5 7 6 8 2 
462.4 ; 6.868e-10 ; True ; 1 19 24 108 109 152 176 315 373 466 467 518 527 587 609 610 695 735  ; 5 1 5 16 8 7 6 7 7 6 11 4 6 5 10 2 
462.9 ; 7.599e-10 ; True ; 1 19 24 108 152 176 249 315 373 466 467 518 527 587 609 610 695 735  ; 5 1 5 15 9 8 6 6 7 7 11 4 6 5 10 2 
469.1 ; 7.726e-10 ; True ; 1 19 24 108 152 176 315 373 466 467 518 527 587 609 610 695 735 863  ; 5 1 6 15 8 7 6 7 6 6 10 4 6 6 9 2 
478 ; 7.768e-10 ; True ; 1 19 24 108 152 176 249 315 373 466 467 518 527 609 610 695 735 833  ; 5 1 5 15 10 8 6 6 8 6 10 5 5 6 9 2 
478.3 ; 7.81e-10 ; True ; 1 19 24 108 152 176 293 315 373 466 467 518 527 587 609 610 695 735  ; 5 1 5 15 9 7 6 6 6 6 10 4 6 5 9 3 
478.7 ; 7.939e-10 ; True ; 1 19 24 108 152 176 249 315 373 466 467 527 587 609 610 695 735 833  ; 6 1 5 15 10 7 6 6 8 6 10 5 5 6 9 2 
482.3 ; 8.112e-10 ; True ; 1 19 24 108 152 176 249 315 373 422 466 467 518 527 587 609 695 863  ; 6 1 4 14 9 8 6 7 7 7 10 4 6 6 9 2 
482.7 ; 8.57e-10 ; True ; 1 19 24 108 152 176 249 315 373 466 467 518 527 587 609 695 735 833  ; 6 1 4 15 10 8 6 6 7 7 10 5 6 6 9 2 
489.1 ; 8.72e-10 ; True ; 1 19 24 108 152 176 315 373 466 467 518 527 587 609 695 735 833 863  ; 6 1 5 15 9 7 6 7 6 6 9 5 6 7 8 2 
489.4 ; 9.017e-10 ; True ; 1 19 24 108 152 176 249 315 373 422 467 518 527 587 609 685 695 735  ; 6 1 5 15 10 8 6 7 7 6 10 5 6 5 9 2 
492.6 ; 9.17e-10 ; True ; 1 19 24 108 152 176 315 373 422 466 467 518 527 587 609 685 695 735  ; 6 1 5 16 9 8 6 7 6 6 10 5 7 5 9 2 
508.3 ; 9.429e-10 ; True ; 1 19 24 152 176 249 315 373 466 467 518 527 587 609 610 685 695 735 863  ; 5 1 7 15 10 7 5 6 7 7 11 4 7 5 10 2 
510.4 ; 9.491e-10 ; True ; 1 19 24 108 152 176 315 373 422 466 467 527 587 609 685 695 735 849  ; 7 1 5 16 10 8 6 7 6 6 9 5 7 5 9 2 
516.7 ; 1.012e-09 ; True ; 1 19 24 108 109 152 176 315 373 466 467 518 527 587 609 610 695 735 863  ; 5 1 6 16 8 7 6 8 7 6 11 4 6 6 10 2 
525.1 ; 1.146e-09 ; True ; 1 19 24 108 152 176 249 315 373 466 467 518 527 553 587 609 695 735 863  ; 5 1 5 15 10 8 7 7 7 7 10 4 6 7 9 2 
532.6 ; 1.165e-09 ; True ; 1 19 24 108 152 176 249 315 373 466 467 518 527 587 609 610 695 735 849  ; 6 1 5 16 10 9 6 6 7 8 11 4 7 5 11 2 
535 ; 1.234e-09 ; True ; 1 19 24 108 152 176 249 315 373 422 466 467 527 587 609 610 685 695 735  ; 6 1 6 16 10 8 6 7 8 6 11 5 6 5 10 2 
538 ; 1.306e-09 ; True ; 1 19 24 108 152 176 249 315 373 466 467 518 527 587 609 695 735 833 863  ; 6 1 5 15 10 8 6 7 7 7 10 5 6 7 9 2 
552.1 ; 1.373e-09 ; True ; 1 19 24 29 108 152 176 249 315 373 466 467 518 527 587 609 695 735 833  ; 7 1 4 16 11 8 6 7 8 7 11 5 7 6 10 2 
558.2 ; 1.384e-09 ; True ; 1 19 24 108 152 176 249 315 373 422 467 518 527 587 609 685 695 735 849  ; 7 1 5 16 11 9 6 7 7 7 10 5 7 5 10 2 
568.4 ; 1.398e-09 ; True ; 1 19 24 108 152 176 315 373 466 467 518 527 587 609 685 695 735 833 849  ; 7 1 5 17 11 8 6 6 6 7 9 6 8 6 9 2 
575.4 ; 1.431e-09 ; True ; 1 19 24 108 152 176 315 373 422 466 467 527 587 609 685 695 735 833 849  ; 8 1 5 17 11 8 6 7 7 6 9 6 7 6 9 2 
581.4 ; 1.494e-09 ; True ; 1 19 24 108 152 176 315 373 467 483 518 527 587 609 610 695 735 849 863  ; 6 1 6 16 10 8 7 7 7 7 9 5 6 6 9 2 
588.6 ; 1.688e-09 ; True ; 1 19 24 108 152 176 249 315 373 466 467 518 527 587 609 681 695 735 833 863  ; 6 1 5 16 11 8 7 8 7 7 11 5 6 7 9 2 
594.4 ; 1.738e-09 ; True ; 1 19 24 108 152 176 315 373 466 467 518 527 553 587 609 610 695 735 849 863  ; 6 1 6 17 10 8 7 7 7 7 10 4 7 7 10 2 
606.9 ; 1.837e-09 ; True ; 1 19 24 108 152 176 249 315 373 466 467 518 527 609 610 695 735 833 849 863  ; 6 1 6 16 11 9 6 7 8 7 10 5 6 7 10 2 
607.3 ; 1.944e-09 ; True ; 1 19 24 108 152 176 293 315 373 466 467 518 527 587 609 610 685 695 735 833  ; 6 1 6 17 11 7 6 6 7 6 10 6 7 6 9 3 
620.7 ; 2.002e-09 ; True ; 1 19 24 108 152 176 293 315 373 466 467 518 527 587 609 685 695 735 833 863  ; 6 1 6 16 11 7 6 7 6 6 9 6 7 7 8 3 
634 ; 2.052e-09 ; True ; 1 19 24 108 152 176 315 373 422 466 467 527 587 609 685 695 735 833 849 863  ; 8 1 6 17 11 8 6 8 7 6 9 6 7 7 9 2 
642.4 ; 2.08e-09 ; True ; 1 19 29 108 152 176 315 373 466 467 518 527 587 609 685 695 735 833 849 863  ; 8 1 5 17 11 7 6 7 7 7 9 6 9 7 9 2 
647 ; 2.286e-09 ; True ; 1 19 24 108 176 293 315 373 422 466 467 518 527 587 609 610 685 695 735 849 863  ; 6 1 7 17 10 8 6 8 7 7 10 5 8 6 10 2 
661.2 ; 2.639e-09 ; True ; 1 19 24 108 152 176 249 293 315 373 466 467 518 527 587 609 610 695 735 849 863  ; 6 1 6 16 11 9 6 7 7 8 11 4 7 6 11 3 
668.6 ; 2.766e-09 ; True ; 1 19 24 108 152 176 293 315 373 466 467 518 527 587 609 610 685 695 735 833 863  ; 6 1 7 17 11 7 6 7 7 6 10 6 7 7 9 3 
699.7 ; 2.858e-09 ; True ; 1 19 24 65 108 152 176 293 315 373 422 466 467 518 527 587 609 685 695 735 833  ; 7 1 5 17 11 8 6 8 7 6 10 7 7 7 9 3 
716.2 ; 2.946e-09 ; True ; 1 19 24 108 152 176 293 315 373 422 467 518 527 587 609 685 695 735 785 849 863  ; 7 1 7 17 11 8 6 9 6 6 9 6 7 6 9 3 
719.2 ; 3.478e-09 ; True ; 1 19 24 108 152 176 293 315 373 466 467 474 518 527 587 609 610 685 695 735 833 863  ; 7 1 7 17 11 8 6 8 7 6 10 6 7 7 9 3 
772.4 ; 4.029e-09 ; True ; 1 19 24 108 152 176 249 315 373 466 467 518 527 587 609 685 695 735 785 833 849 863  ; 7 1 7 18 12 9 6 8 7 8 10 7 8 7 10 2 
787.7 ; 4.407e-09 ; True ; 1 19 24 108 152 176 293 315 373 466 467 518 527 587 609 610 695 735 833 839 849 863  ; 7 1 7 17 11 8 6 8 7 7 11 6 7 7 11 3 
812.4 ; 4.434e-09 ; True ; 1 19 24 108 152 176 293 315 373 467 483 511 518 527 568 587 609 610 695 735 849 863  ; 7 1 7 17 11 9 7 8 7 7 10 6 7 6 10 3 
840.6 ; 4.481e-09 ; True ; 1 19 96 108 152 176 293 315 373 466 467 518 527 587 609 685 695 735 833 839 849 863  ; 7 1 6 17 12 8 7 7 6 7 9 8 8 8 9 3 
853.2 ; 4.615e-09 ; True ; 1 19 24 108 152 176 293 315 373 466 467 483 527 587 609 610 695 735 785 839 849 863  ; 6 1 8 17 11 8 7 9 7 7 10 7 6 6 10 3 
865.2 ; 4.636e-09 ; True ; 1 19 96 108 152 249 293 315 373 466 467 518 527 587 609 695 735 785 833 839 849 863  ; 7 1 6 16 11 9 6 8 6 8 10 7 7 8 10 3 
875.7 ; 5.662e-09 ; True ; 1 19 96 108 152 176 293 315 373 466 467 518 527 587 609 610 685 695 735 785 833 849 863  ; 7 1 7 19 12 8 7 7 7 7 9 8 8 8 9 3 
914.6 ; 5.683e-09 ; True ; 1 19 24 108 152 176 249 293 315 373 405 422 467 518 527 587 609 610 685 695 735 785 849 863  ; 7 1 8 19 12 9 6 9 8 7 11 6 7 6 12 3 
929.6 ; 5.692e-09 ; True ; 1 19 24 108 152 176 293 315 373 405 422 467 518 527 587 609 610 685 695 735 785 833 849 863  ; 8 1 8 20 12 8 6 9 8 6 10 7 7 7 11 3 
960.7 ; 6.577e-09 ; True ; 1 19 24 108 134 152 176 293 315 370 373 380 466 467 483 518 527 587 685 695 735 833 849 863  ; 8 1 7 19 13 10 7 8 6 7 11 7 8 7 12 3 
1003 ; 6.585e-09 ; True ; 1 19 24 108 118 152 162 249 315 373 422 466 467 483 527 587 609 610 685 695 735 833 839 849  ; 9 1 8 20 14 11 6 8 9 9 13 7 7 6 14 2 
1019 ; 7.643e-09 ; True ; 1 19 24 108 152 176 226 293 315 373 422 466 467 518 527 587 609 610 695 735 784 785 833 849 863  ; 9 1 7 20 11 10 6 9 9 7 12 6 7 8 12 3 
1033 ; 8.129e-09 ; True ; 1 19 24 108 138 152 176 249 293 315 373 466 467 483 518 587 609 610 685 695 735 785 833 849 863  ; 8 1 8 19 14 9 6 8 8 9 11 8 7 6 12 3 
1051 ; 8.431e-09 ; True ; 1 19 96 108 152 176 293 315 373 466 467 483 527 587 609 610 685 695 735 785 833 839 849 863  ; 7 1 8 19 13 8 8 8 8 7 9 10 7 8 9 3 
1109 ; 9.474e-09 ; True ; 1 19 24 108 133 152 176 293 315 373 422 466 467 483 518 527 587 609 685 695 735 785 833 835 849  ; 9 1 6 22 13 10 7 10 8 8 11 9 8 6 11 3 
1237 ; 1.077e-08 ; True ; 1 19 24 108 152 176 293 315 373 422 466 467 471 483 518 527 568 587 685 695 735 785 833 835 849 863  ; 9 1 8 20 12 10 7 11 7 7 10 11 7 7 10 3 


