Iteration: 1000
 Population Size: 1000
RUN 1:
Optimum Distance: 26.48
Optimal Team: 163,388,455,634,
Required Skills: 0 1 2 4 5 7 9 10 11 12 14 15 16 18 22 23 24 26 
Distance; Skill Score; isValid; Team; Skill Counts
33.53 ; 1.844e-18 ; True ; 1 163 388 531 723  ; 2 1 4 1 3 1 2 1 1 2 1 1 2 1 1 1 3 1 
34.41 ; 2.603e-18 ; True ; 1 163 388 723 794  ; 2 1 4 1 4 1 2 1 1 2 2 1 2 1 1 1 2 1 
34.49 ; 3.772e-18 ; True ; 1 163 388 413 723  ; 2 1 4 2 3 1 2 1 1 3 1 1 2 1 1 1 2 1 
34.51 ; 7.153e-18 ; True ; 1 163 388 723 900  ; 2 1 4 2 3 1 2 1 1 3 1 1 2 1 1 2 2 1 
34.54 ; 8.162e-18 ; True ; 163 173 388 723 900  ; 3 1 4 1 3 1 3 2 1 2 1 1 2 1 1 2 2 1 
37.31 ; 1.044e-17 ; True ; 163 260 388 723 900  ; 2 1 4 1 2 1 3 2 1 2 2 1 2 1 1 2 2 1 
37.51 ; 1.264e-17 ; True ; 1 163 388 713 723  ; 2 1 4 2 4 1 3 1 1 2 1 1 2 2 2 1 2 1 
37.54 ; 1.32e-17 ; True ; 1 97 163 388 723  ; 2 1 5 1 4 1 3 2 1 2 2 1 2 2 1 1 2 1 
38.36 ; 1.357e-17 ; True ; 163 388 547 885 900  ; 2 1 3 1 3 1 3 3 1 2 1 1 2 1 2 2 2 1 
39.51 ; 2.875e-17 ; True ; 1 112 163 388 723  ; 2 1 5 1 4 1 2 2 2 3 1 1 2 2 1 2 2 1 
46.26 ; 5.163e-17 ; True ; 1 163 329 388 413 723  ; 3 1 5 2 3 1 3 1 2 3 2 1 2 1 1 2 2 1 
46.27 ; 7.35e-17 ; True ; 1 163 329 388 723 900  ; 3 1 5 2 3 1 3 1 2 3 2 1 2 1 1 3 2 1 
47.46 ; 7.707e-17 ; True ; 1 20 388 438 723 900  ; 2 1 5 2 4 1 2 1 2 4 2 2 2 1 1 2 2 1 
47.73 ; 9.123e-17 ; True ; 127 163 173 388 723 900  ; 3 1 5 1 4 1 3 3 2 2 2 1 2 2 1 2 2 1 
49.23 ; 9.888e-17 ; True ; 20 173 388 438 723 900  ; 3 1 5 1 4 1 3 2 2 3 2 2 2 1 1 2 2 1 
49.29 ; 1.014e-16 ; True ; 1 163 173 388 723 900  ; 3 1 5 2 4 1 3 2 1 3 1 2 3 1 1 2 3 1 
49.68 ; 1.064e-16 ; True ; 1 127 163 388 723 900  ; 2 1 5 2 4 1 2 2 2 3 2 1 2 2 1 2 2 1 
51.1 ; 1.179e-16 ; True ; 1 20 156 388 438 723  ; 2 1 5 1 5 1 3 2 3 3 3 3 2 1 1 1 2 1 
51.12 ; 1.229e-16 ; True ; 1 163 329 388 547 900  ; 2 1 4 2 3 1 3 2 2 3 2 1 3 1 1 3 2 1 
51.23 ; 1.31e-16 ; True ; 163 173 388 438 713 723  ; 4 1 5 1 5 1 4 3 1 2 2 1 3 2 2 1 3 1 
51.26 ; 1.554e-16 ; True ; 1 163 329 388 713 723  ; 3 1 5 2 4 1 4 1 2 2 2 1 2 2 2 2 2 1 
52.26 ; 1.59e-16 ; True ; 1 163 388 531 547 723  ; 2 1 4 1 4 1 3 2 2 2 2 1 3 2 2 2 3 1 
52.3 ; 1.906e-16 ; True ; 1 163 388 438 713 723  ; 3 1 5 2 5 1 3 2 1 3 2 1 3 2 2 1 3 1 
54.05 ; 2.016e-16 ; True ; 30 163 388 547 885 900  ; 3 1 4 1 4 1 4 3 1 3 2 1 3 1 3 2 3 1 
54.12 ; 2.137e-16 ; True ; 1 112 163 329 388 723  ; 3 1 6 1 4 1 3 2 3 3 2 1 2 2 1 3 2 1 
54.19 ; 3.253e-16 ; True ; 1 163 388 413 547 723  ; 2 1 4 2 4 1 3 2 2 3 2 1 3 2 2 2 2 1 
54.23 ; 4.632e-16 ; True ; 1 163 388 547 723 900  ; 2 1 4 2 4 1 3 2 2 3 2 1 3 2 2 3 2 1 
58.06 ; 4.748e-16 ; True ; 1 42 163 388 547 723  ; 2 1 4 1 5 1 3 2 2 2 3 2 3 2 3 2 2 1 
58.23 ; 5.413e-16 ; True ; 1 163 388 547 713 723  ; 2 1 4 2 5 1 4 2 2 2 2 1 3 3 3 2 2 1 
61.05 ; 5.827e-16 ; True ; 1 30 112 163 388 547  ; 2 1 5 1 5 1 3 3 2 4 2 1 4 2 2 2 3 1 
61.19 ; 7.734e-16 ; True ; 1 112 163 388 547 723  ; 2 1 5 1 5 1 3 3 3 3 2 1 3 3 2 3 2 1 
63.13 ; 7.747e-16 ; True ; 1 20 173 388 438 723 900  ; 3 1 6 2 5 1 3 2 2 4 2 3 3 1 1 2 3 1 
63.15 ; 7.826e-16 ; True ; 1 163 388 547 723 874  ; 2 1 4 2 4 1 3 2 2 3 2 1 4 3 2 2 3 1 
63.98 ; 8.052e-16 ; True ; 1 163 173 329 388 723 900  ; 4 1 6 2 4 1 4 2 2 3 2 2 3 1 1 3 3 1 
64.83 ; 1.072e-15 ; True ; 1 127 163 173 388 723 900  ; 3 1 6 2 5 1 3 3 2 3 2 2 3 2 1 2 3 1 
67.1 ; 1.348e-15 ; True ; 1 20 173 388 438 713 723  ; 3 1 6 2 6 1 4 2 2 3 2 3 3 2 2 1 3 1 
68.92 ; 1.706e-15 ; True ; 1 163 388 438 634 713 723  ; 3 1 5 2 6 1 4 2 1 3 3 2 3 2 3 2 3 1 
68.96 ; 2.143e-15 ; True ; 1 163 329 388 547 723 900  ; 3 1 5 2 4 1 4 2 3 3 3 1 3 2 2 4 2 1 
71.06 ; 2.758e-15 ; True ; 1 20 388 438 547 723 900  ; 2 1 5 2 5 1 3 2 3 4 3 2 3 2 2 3 2 1 
72.93 ; 3.122e-15 ; True ; 1 163 388 438 547 723 900  ; 3 1 5 2 5 1 3 3 2 4 3 1 4 2 2 3 3 1 
73.79 ; 3.873e-15 ; True ; 1 163 173 388 547 723 900  ; 3 1 5 2 5 1 4 3 2 3 2 2 4 2 2 3 3 1 
75.85 ; 4.584e-15 ; True ; 1 163 388 547 723 885 900  ; 3 1 5 2 5 1 4 3 2 3 2 2 3 2 3 3 3 1 
79.43 ; 5.529e-15 ; True ; 1 156 163 388 547 723 900  ; 2 1 4 2 5 2 4 3 3 3 3 2 3 2 2 3 2 1 
81.41 ; 5.622e-15 ; True ; 1 156 163 388 484 547 723  ; 3 1 5 2 6 1 4 3 3 3 3 2 4 2 2 2 3 1 
83.27 ; 5.805e-15 ; True ; 1 30 156 163 388 547 723  ; 3 1 5 1 6 1 5 3 3 3 4 2 4 2 3 2 3 1 
83.77 ; 6.046e-15 ; True ; 1 30 112 163 388 547 723  ; 3 1 6 1 6 1 4 3 3 4 3 1 4 3 3 3 3 1 
83.78 ; 7.6e-15 ; True ; 1 20 173 388 438 634 713 723  ; 3 1 6 2 7 1 5 2 2 3 3 4 3 2 3 2 3 1 
86.56 ; 7.702e-15 ; True ; 1 163 173 388 438 634 713 723  ; 4 1 6 2 7 1 5 3 1 3 3 3 4 2 3 2 4 1 
86.87 ; 9.735e-15 ; True ; 1 20 329 388 438 547 723 900  ; 3 1 6 2 5 1 4 2 4 4 4 2 3 2 2 4 2 1 
90.36 ; 1.01e-14 ; True ; 1 110 163 329 388 547 723 900  ; 4 1 6 2 5 2 5 2 3 4 3 1 3 2 2 4 3 1 
90.51 ; 1.02e-14 ; True ; 1 163 329 388 547 634 723 900  ; 3 1 5 2 5 1 5 2 3 3 4 2 3 2 3 5 2 1 
90.58 ; 1.106e-14 ; True ; 1 163 329 388 438 547 723 900  ; 4 1 6 2 5 1 4 3 3 4 4 1 4 2 2 4 3 1 
91.41 ; 1.153e-14 ; True ; 1 163 173 329 388 413 547 723  ; 4 1 6 2 5 1 5 3 3 3 3 2 4 2 2 3 3 1 
91.43 ; 1.433e-14 ; True ; 1 20 110 388 438 547 723 900  ; 3 1 6 2 6 2 4 2 3 5 3 2 3 2 2 3 3 1 
91.44 ; 1.46e-14 ; True ; 1 163 173 329 388 547 723 900  ; 4 1 6 2 5 1 5 3 3 3 3 2 4 2 2 4 3 1 
91.51 ; 1.657e-14 ; True ; 1 20 173 388 438 547 723 900  ; 3 1 6 2 6 1 4 3 3 4 3 3 4 2 2 3 3 1 
93.36 ; 1.665e-14 ; True ; 1 163 173 388 438 547 723 900  ; 4 1 6 2 6 1 4 4 2 4 3 2 5 2 2 3 4 1 
94.48 ; 1.729e-14 ; True ; 1 163 329 388 547 723 885 900  ; 4 1 6 2 5 1 5 3 3 3 3 2 3 2 3 4 3 1 
95.28 ; 1.941e-14 ; True ; 1 20 156 388 438 547 723 900  ; 2 1 5 2 6 2 4 3 4 4 4 3 3 2 2 3 2 1 
95.7 ; 1.961e-14 ; True ; 1 20 388 438 547 723 885 900  ; 3 1 6 2 6 1 4 3 3 4 3 3 3 2 3 3 3 1 
96.48 ; 2.043e-14 ; True ; 1 20 173 388 438 547 713 723  ; 3 1 6 2 7 1 5 3 3 3 3 3 4 3 3 2 3 1 
97.35 ; 2.053e-14 ; True ; 1 163 173 388 438 547 713 723  ; 4 1 6 2 7 1 5 4 2 3 3 2 5 3 3 2 4 1 
97.52 ; 2.097e-14 ; True ; 1 163 388 438 547 723 885 900  ; 4 1 6 2 6 1 4 4 2 4 3 2 4 2 3 3 4 1 
98.21 ; 2.226e-14 ; True ; 1 20 30 156 388 547 723 900  ; 2 1 5 2 6 2 5 2 4 4 4 3 3 2 3 3 2 1 
98.37 ; 2.4e-14 ; True ; 1 30 163 388 547 723 885 900  ; 4 1 6 2 6 1 5 3 2 4 3 2 4 2 4 3 4 1 
101.9 ; 2.745e-14 ; True ; 1 156 163 388 484 547 723 900  ; 3 1 5 3 6 2 4 3 3 4 3 2 4 2 2 3 3 1 
102 ; 2.935e-14 ; True ; 1 156 163 388 438 547 723 900  ; 3 1 5 2 6 2 4 4 3 4 4 2 4 2 2 3 3 1 
103.3 ; 2.944e-14 ; True ; 1 112 163 388 484 547 634 723  ; 3 1 6 2 7 1 4 3 3 4 3 2 4 3 3 4 3 1 
103.5 ; 3.195e-14 ; True ; 1 112 163 173 388 547 723 900  ; 3 1 6 2 6 2 4 4 3 4 2 2 4 3 2 4 3 1 
104.9 ; 3.779e-14 ; True ; 1 30 156 163 388 547 723 900  ; 3 1 5 2 6 2 5 3 3 4 4 2 4 2 3 3 3 1 
106.5 ; 3.782e-14 ; True ; 1 112 163 388 547 723 885 900  ; 3 1 6 2 6 2 4 4 3 4 2 2 3 3 3 4 3 1 
107 ; 3.792e-14 ; True ; 1 20 127 173 388 438 713 723 900  ; 3 1 7 3 7 2 4 3 3 4 3 3 3 3 2 2 3 1 
109.1 ; 4.173e-14 ; True ; 1 20 110 329 388 438 547 723 900  ; 4 1 7 2 6 2 5 2 4 5 4 2 3 2 2 4 3 1 
110 ; 4.27e-14 ; True ; 1 20 110 173 329 388 547 723 900  ; 4 1 7 2 6 2 6 2 4 4 3 3 3 2 2 4 3 1 
110.2 ; 4.825e-14 ; True ; 1 20 173 329 388 438 547 723 900  ; 4 1 7 2 6 1 5 3 4 4 4 3 4 2 2 4 3 1 
112.1 ; 5.009e-14 ; True ; 1 163 173 329 388 413 547 723 900  ; 4 1 6 3 5 2 5 3 3 4 3 2 4 2 2 4 3 1 
112.8 ; 5.07e-14 ; True ; 1 20 156 329 388 484 547 723 900  ; 3 1 6 3 6 2 5 2 5 4 4 3 3 2 2 4 2 1 
113.1 ; 5.554e-14 ; True ; 1 20 173 388 438 547 634 723 900  ; 3 1 6 2 7 1 5 3 3 4 4 4 4 2 3 4 3 1 
113.8 ; 6.314e-14 ; True ; 1 20 110 173 388 438 547 723 900  ; 4 1 7 2 7 2 5 3 3 5 3 3 4 2 2 3 4 1 
117.1 ; 6.629e-14 ; True ; 1 20 173 388 438 547 634 713 723  ; 3 1 6 2 8 1 6 3 3 3 4 4 4 3 4 3 3 1 
119 ; 7.452e-14 ; True ; 1 20 30 173 388 438 547 723 900  ; 4 1 7 2 7 1 5 3 3 5 4 3 5 2 3 3 4 1 
119.2 ; 9.977e-14 ; True ; 1 20 173 388 438 547 713 723 900  ; 3 1 6 3 7 2 5 3 3 4 3 3 4 3 3 3 3 1 
122 ; 1.003e-13 ; True ; 1 163 173 388 438 547 713 723 900  ; 4 1 6 3 7 2 5 4 2 4 3 2 5 3 3 3 4 1 
123.7 ; 1.123e-13 ; True ; 1 20 30 156 388 438 547 723 900  ; 3 1 6 2 7 2 5 3 4 5 5 3 4 2 3 3 3 1 
124.8 ; 1.146e-13 ; True ; 1 20 30 156 388 547 723 885 900  ; 3 1 6 2 7 2 6 3 4 4 4 4 3 2 4 3 3 1 
127.2 ; 1.178e-13 ; True ; 1 20 173 329 388 438 634 713 723 900  ; 4 1 7 3 7 2 6 2 3 4 4 4 3 2 3 4 3 1 
128 ; 1.179e-13 ; True ; 1 112 163 173 388 438 547 723 900  ; 4 1 7 2 7 2 4 5 3 5 3 2 5 3 2 4 4 1 
128.1 ; 1.204e-13 ; True ; 1 112 163 388 438 547 634 723 900  ; 3 1 6 2 7 2 4 4 3 5 4 2 4 3 3 5 3 1 
128.9 ; 1.225e-13 ; True ; 1 112 163 260 388 484 547 723 900  ; 3 1 7 3 6 2 4 4 3 5 3 2 5 3 2 4 4 1 
129 ; 1.31e-13 ; True ; 1 30 163 388 455 547 723 885 900  ; 4 1 6 3 6 2 5 3 3 4 3 2 4 3 4 3 4 1 
129 ; 1.428e-13 ; True ; 1 20 127 173 388 438 634 713 723 900  ; 3 1 7 3 8 2 5 3 3 4 4 4 3 3 3 3 3 1 
131.1 ; 1.429e-13 ; True ; 1 20 30 112 173 388 547 723 900  ; 3 1 7 2 7 2 5 3 4 5 3 3 4 3 3 4 3 1 
131.4 ; 1.55e-13 ; True ; 1 30 156 163 388 547 723 885 900  ; 4 1 6 2 7 2 6 4 3 4 4 3 4 2 4 3 4 1 
132.9 ; 1.615e-13 ; True ; 1 30 112 163 173 388 547 723 900  ; 4 1 7 2 7 2 5 4 3 5 3 2 5 3 3 4 4 1 
133.4 ; 1.718e-13 ; True ; 1 127 163 173 388 438 634 713 723 900  ; 4 1 7 3 8 2 5 4 2 4 4 3 4 3 3 3 4 1 
133.9 ; 1.809e-13 ; True ; 1 30 112 163 388 547 723 885 900  ; 4 1 7 2 7 2 5 4 3 5 3 2 4 3 4 4 4 1 
138.3 ; 2.05e-13 ; True ; 1 20 110 173 388 438 547 634 723 900  ; 4 1 7 2 8 2 6 3 3 5 4 4 4 2 3 4 4 1 
140.9 ; 2.816e-13 ; True ; 1 20 173 329 388 438 547 713 723 900  ; 4 1 7 3 7 2 6 3 4 4 4 3 4 3 3 4 3 1 
142.8 ; 2.88e-13 ; True ; 1 20 173 388 438 547 634 713 723 900  ; 3 1 6 3 8 2 6 3 3 4 4 4 4 3 4 4 3 1 
145.6 ; 2.996e-13 ; True ; 1 163 173 329 388 438 547 713 723 900  ; 5 1 7 3 7 2 6 4 3 4 4 2 5 3 3 4 4 1 
147.6 ; 3.255e-13 ; True ; 1 163 173 388 438 547 634 713 723 900  ; 4 1 6 3 8 2 6 4 2 4 4 3 5 3 4 4 4 1 
149.6 ; 3.311e-13 ; True ; 1 20 173 260 388 438 547 713 723 900  ; 3 1 7 3 7 2 6 4 3 4 4 4 5 3 3 3 4 1 
150.5 ; 3.426e-13 ; True ; 1 163 173 388 438 455 547 634 723 900  ; 4 1 6 3 7 2 5 4 3 4 4 3 5 3 3 4 4 1 
150.6 ; 3.864e-13 ; True ; 1 20 30 173 388 438 547 713 723 900  ; 4 1 7 3 8 2 6 3 3 5 4 3 5 3 4 3 4 1 
153.3 ; 3.994e-13 ; True ; 1 20 30 156 388 438 547 723 885 900  ; 4 1 7 2 8 2 6 4 4 5 5 4 4 2 4 3 4 1 
153.8 ; 4.058e-13 ; True ; 1 20 30 388 438 547 713 723 885 900  ; 4 1 7 3 8 2 6 3 3 5 4 3 4 3 5 3 4 1 
155.5 ; 4.167e-13 ; True ; 1 112 163 173 388 438 547 634 723 900  ; 4 1 7 2 8 2 5 5 3 5 4 3 5 3 3 5 4 1 
156.3 ; 4.382e-13 ; True ; 1 20 30 156 388 438 547 713 723 900  ; 3 1 6 3 8 3 6 3 4 5 5 3 4 3 4 3 3 1 
158.5 ; 4.392e-13 ; True ; 1 20 163 388 438 547 634 713 723 900  ; 3 1 6 3 8 2 6 3 3 4 4 3 4 3 4 4 3 2 
158.5 ; 4.713e-13 ; True ; 1 20 30 112 173 388 438 547 723 900  ; 4 1 8 2 8 2 5 4 4 6 4 3 5 3 3 4 4 1 
159.3 ; 4.831e-13 ; True ; 1 20 163 173 388 438 547 713 723 900  ; 4 1 7 3 8 2 6 4 3 4 3 3 5 3 3 3 4 2 
160.5 ; 5.028e-13 ; True ; 1 112 163 173 388 438 547 634 713 723  ; 4 1 7 2 9 2 6 5 3 4 4 3 5 4 4 4 4 1 
161.7 ; 5.278e-13 ; True ; 1 20 30 112 388 438 547 723 885 900  ; 4 1 8 2 8 2 5 4 4 6 4 3 4 3 4 4 4 1 
163.7 ; 5.43e-13 ; True ; 1 20 30 127 173 388 438 634 713 723 900  ; 4 1 8 3 9 2 6 3 3 5 5 4 4 3 4 3 4 1 
164.7 ; 5.439e-13 ; True ; 1 20 30 156 163 388 438 547 723 900  ; 4 1 7 2 8 2 6 4 4 5 5 3 5 2 3 3 4 2 
165.5 ; 5.556e-13 ; True ; 1 20 30 112 173 388 438 547 713 723  ; 4 1 8 2 9 2 6 4 4 5 4 3 5 4 4 3 4 1 
165.7 ; 5.791e-13 ; True ; 1 20 30 156 163 388 547 723 885 900  ; 4 1 7 2 8 2 7 4 4 4 4 4 4 2 4 3 4 2 
165.9 ; 5.838e-13 ; True ; 1 20 156 163 388 438 547 713 723 900  ; 3 1 6 3 8 3 6 4 4 4 4 3 4 3 3 3 3 2 
166.5 ; 7.024e-13 ; True ; 1 20 173 329 388 438 547 634 713 723 900  ; 4 1 7 3 8 2 7 3 4 4 5 4 4 3 4 5 3 1 
170.1 ; 7.33e-13 ; True ; 1 20 127 173 388 438 547 634 713 723 900  ; 3 1 7 3 9 2 6 4 4 4 5 4 4 4 4 4 3 1 
170.2 ; 7.569e-13 ; True ; 1 20 173 329 388 438 484 547 713 723 900  ; 5 1 8 4 8 2 6 3 4 5 4 3 5 3 3 4 4 1 
172.2 ; 7.623e-13 ; True ; 1 20 30 112 163 388 547 723 885 900  ; 4 1 8 2 8 2 6 4 4 5 3 3 4 3 4 4 4 2 
172.9 ; 7.802e-13 ; True ; 1 20 173 329 388 438 547 612 713 723 900  ; 5 1 7 3 8 2 6 3 4 4 4 4 5 3 4 4 4 1 
173 ; 7.887e-13 ; True ; 1 20 260 329 388 438 484 547 713 723 900  ; 4 1 8 4 7 2 6 3 4 5 5 3 5 3 3 4 4 1 
173 ; 8.358e-13 ; True ; 1 20 173 388 438 484 547 634 713 723 900  ; 4 1 7 4 9 2 6 3 3 5 4 4 5 3 4 4 4 1 
173.1 ; 8.404e-13 ; True ; 1 163 173 329 388 438 547 634 713 723 900  ; 5 1 7 3 8 2 7 4 3 4 5 3 5 3 4 5 4 1 
174.1 ; 8.463e-13 ; True ; 1 20 173 260 329 388 438 547 713 723 900  ; 4 1 8 3 7 2 7 4 4 4 5 4 5 3 3 4 4 1 
174.5 ; 8.753e-13 ; True ; 1 127 163 173 388 438 547 634 713 723 900  ; 4 1 7 3 9 2 6 5 3 4 5 3 5 4 4 4 4 1 
175.9 ; 9.331e-13 ; True ; 1 20 156 173 329 388 438 547 713 723 900  ; 4 1 7 3 8 3 7 4 5 4 5 4 4 3 3 4 3 1 
177.1 ; 9.627e-13 ; True ; 1 20 30 173 388 438 547 634 713 723 900  ; 4 1 7 3 9 2 7 3 3 5 5 4 5 3 5 4 4 1 
178.9 ; 9.672e-13 ; True ; 1 20 30 127 173 388 438 547 713 723 900  ; 4 1 8 3 9 2 6 4 4 5 5 3 5 4 4 3 4 1 
179.2 ; 9.796e-13 ; True ; 1 20 30 173 388 438 455 547 634 723 900  ; 4 1 7 3 8 2 6 3 4 5 5 4 5 3 4 4 4 1 
180.4 ; 1.015e-12 ; True ; 1 20 156 173 388 438 484 547 634 713 723  ; 4 1 7 3 10 2 7 4 4 4 5 5 5 3 4 3 4 1 
181.9 ; 1.026e-12 ; True ; 1 20 30 156 329 388 438 547 713 723 900  ; 4 1 7 3 8 3 7 3 5 5 6 3 4 3 4 4 3 1 
182 ; 1.076e-12 ; True ; 1 20 112 173 388 438 484 547 634 723 900  ; 4 1 8 3 9 2 5 4 4 6 4 4 5 3 3 5 4 1 
182.5 ; 1.111e-12 ; True ; 1 20 156 173 388 438 484 547 713 723 900  ; 4 1 7 4 9 3 6 4 4 5 4 4 5 3 3 3 4 1 
184.2 ; 1.119e-12 ; True ; 1 20 30 173 388 438 455 547 723 885 900  ; 5 1 8 3 8 2 6 4 4 5 4 4 5 3 4 3 5 1 
185.9 ; 1.238e-12 ; True ; 1 20 163 173 329 388 438 547 713 723 900  ; 5 1 8 3 8 2 7 4 4 4 4 3 5 3 3 4 4 2 
186.5 ; 1.365e-12 ; True ; 1 20 30 156 173 388 438 547 713 723 900  ; 4 1 7 3 9 3 7 4 4 5 5 4 5 3 4 3 4 1 
187.8 ; 1.368e-12 ; True ; 1 20 163 173 388 438 547 634 713 723 900  ; 4 1 7 3 9 2 7 4 3 4 4 4 5 3 4 4 4 2 
189.7 ; 1.368e-12 ; True ; 1 20 30 156 388 438 455 547 723 885 900  ; 4 1 7 3 8 3 6 4 5 5 5 4 4 3 4 3 4 1 
189.7 ; 1.433e-12 ; True ; 1 20 30 156 388 438 547 713 723 885 900  ; 4 1 7 3 9 3 7 4 4 5 5 4 4 3 5 3 4 1 
191.1 ; 1.447e-12 ; True ; 1 112 163 173 388 438 547 634 713 723 900  ; 4 1 7 3 9 3 6 5 3 5 4 3 5 4 4 5 4 1 
193.8 ; 1.468e-12 ; True ; 1 20 30 163 388 438 547 634 713 723 900  ; 4 1 7 3 9 2 7 3 3 5 5 3 5 3 5 4 4 2 
194.6 ; 1.536e-12 ; True ; 1 20 30 163 173 388 438 547 713 723 900  ; 5 1 8 3 9 2 7 4 3 5 4 3 6 3 4 3 5 2 
195.1 ; 1.636e-12 ; True ; 1 20 30 112 173 388 438 547 713 723 900  ; 4 1 8 3 9 3 6 4 4 6 4 3 5 4 4 4 4 1 
196.7 ; 1.641e-12 ; True ; 1 20 112 163 388 438 484 547 634 723 900  ; 4 1 8 3 9 2 5 4 4 6 4 3 5 3 3 5 4 2 
197.1 ; 1.651e-12 ; True ; 1 20 156 163 388 438 484 547 634 713 723  ; 4 1 7 3 10 2 7 4 4 4 5 4 5 3 4 3 4 2 
197.2 ; 1.708e-12 ; True ; 1 20 156 163 173 388 438 547 713 723 900  ; 4 1 7 3 9 3 7 5 4 4 4 4 5 3 3 3 4 2 
198.4 ; 1.776e-12 ; True ; 1 20 30 112 156 388 484 547 723 885 900  ; 4 1 8 3 9 3 6 4 5 6 4 4 4 3 4 4 4 1 
198.6 ; 1.887e-12 ; True ; 1 20 173 329 388 438 484 547 634 713 723 900  ; 5 1 8 4 9 2 7 3 4 5 5 4 5 3 4 5 4 1 
202.2 ; 2.081e-12 ; True ; 1 20 30 156 163 388 438 547 713 723 900  ; 4 1 7 3 9 3 7 4 4 5 5 3 5 3 4 3 4 2 
203.3 ; 2.092e-12 ; True ; 1 20 127 173 388 438 484 547 634 713 723 900  ; 4 1 8 4 10 2 6 4 4 5 5 4 5 4 4 4 4 1 
204.9 ; 2.11e-12 ; True ; 1 20 25 173 329 388 438 547 634 713 723 900  ; 4 1 8 4 9 2 8 4 4 5 5 4 5 3 4 5 4 1 
207.7 ; 2.111e-12 ; True ; 1 20 30 112 163 388 438 547 634 713 723  ; 4 1 8 2 10 2 7 4 4 5 5 3 5 4 5 4 4 2 
207.7 ; 2.315e-12 ; True ; 1 20 30 127 173 388 438 547 634 713 723 900  ; 4 1 8 3 10 2 7 4 4 5 6 4 5 4 5 4 4 1 
208 ; 2.419e-12 ; True ; 1 20 30 112 156 163 388 484 547 723 900  ; 4 1 8 3 9 3 6 4 5 6 4 3 5 3 3 4 4 2 
209 ; 2.507e-12 ; True ; 1 20 156 173 329 388 438 484 547 713 723 900  ; 5 1 8 4 9 3 7 4 5 5 5 4 5 3 3 4 4 1 
211 ; 2.527e-12 ; True ; 1 20 30 112 156 163 388 547 723 885 900  ; 4 1 8 2 9 3 7 5 5 5 4 4 4 3 4 4 4 2 
211.8 ; 2.767e-12 ; True ; 1 20 156 173 388 438 484 547 634 713 723 900  ; 4 1 7 4 10 3 7 4 4 5 5 5 5 3 4 4 4 1 
215 ; 2.923e-12 ; True ; 1 20 30 156 173 329 388 438 547 713 723 900  ; 5 1 8 3 9 3 8 4 5 5 6 4 5 3 4 4 4 1 
216 ; 3.026e-12 ; True ; 1 20 30 156 173 388 438 547 634 713 723 900  ; 4 1 7 3 10 3 8 4 4 5 6 5 5 3 5 4 4 1 
216.3 ; 3.05e-12 ; True ; 1 20 163 173 329 388 438 547 634 713 723 900  ; 5 1 8 3 9 2 8 4 4 4 5 4 5 3 4 5 4 2 
219 ; 3.215e-12 ; True ; 1 20 127 163 173 388 438 547 634 713 723 900  ; 4 1 8 3 10 2 7 5 4 4 5 4 5 4 4 4 4 2 
219.5 ; 3.321e-12 ; True ; 1 20 112 173 388 438 484 547 634 713 723 900  ; 4 1 8 4 10 3 6 4 4 6 4 4 5 4 4 5 4 1 
222 ; 3.323e-12 ; True ; 1 20 163 173 388 438 484 547 634 713 723 900  ; 5 1 8 4 10 2 7 4 3 5 4 4 6 3 4 4 5 2 
223 ; 3.378e-12 ; True ; 1 20 30 156 173 388 438 547 713 723 885 900  ; 5 1 8 3 10 3 8 5 4 5 5 5 5 3 5 3 5 1 
223.8 ; 3.412e-12 ; True ; 1 20 112 260 388 438 484 547 612 713 723 900  ; 4 1 8 4 9 3 5 4 4 6 4 4 6 4 4 4 5 1 
224.5 ; 3.424e-12 ; True ; 1 20 30 112 173 329 388 438 547 713 723 900  ; 5 1 9 3 9 3 7 4 5 6 5 3 5 4 4 5 4 1 
225 ; 3.477e-12 ; True ; 1 20 30 163 173 329 388 438 547 713 723 900  ; 6 1 9 3 9 2 8 4 4 5 5 3 6 3 4 4 5 2 
225.6 ; 3.825e-12 ; True ; 1 20 30 112 173 388 438 547 634 713 723 900  ; 4 1 8 3 10 3 7 4 4 6 5 4 5 4 5 5 4 1 
228.5 ; 4.202e-12 ; True ; 1 20 156 163 173 388 438 547 634 713 723 900  ; 4 1 7 3 10 3 8 5 4 4 5 5 5 3 4 4 4 2 
230.4 ; 4.501e-12 ; True ; 1 20 156 163 388 438 484 547 634 713 723 900  ; 4 1 7 4 10 3 7 4 4 5 5 4 5 3 4 4 4 2 
234.5 ; 4.921e-12 ; True ; 1 20 30 156 163 388 438 547 634 713 723 900  ; 4 1 7 3 10 3 8 4 4 5 6 4 5 3 5 4 4 2 
236.2 ; 5.065e-12 ; True ; 1 20 112 163 388 438 484 547 634 713 723 900  ; 4 1 8 4 10 3 6 4 4 6 4 3 5 4 4 5 4 2 
236.3 ; 5.315e-12 ; True ; 1 20 112 163 173 388 438 547 634 713 723 900  ; 4 1 8 3 10 3 7 5 4 5 4 4 5 4 4 5 4 2 
239.5 ; 5.494e-12 ; True ; 1 20 30 156 163 388 438 547 713 723 885 900  ; 5 1 8 3 10 3 8 5 4 5 5 4 5 3 5 3 5 2 
240.3 ; 5.562e-12 ; True ; 1 20 156 173 329 388 438 484 547 634 713 723 900  ; 5 1 8 4 10 3 8 4 5 5 6 5 5 3 4 5 4 1 
242.2 ; 5.833e-12 ; True ; 1 20 30 112 163 388 438 547 634 713 723 900  ; 4 1 8 3 10 3 7 4 4 6 5 3 5 4 5 5 4 2 
243.1 ; 6.03e-12 ; True ; 1 20 30 112 156 163 388 484 547 634 723 900  ; 4 1 8 3 10 3 7 4 5 6 5 4 5 3 4 5 4 2 
244.1 ; 6.039e-12 ; True ; 1 20 30 112 163 173 388 438 547 713 723 900  ; 5 1 9 3 10 3 7 5 4 6 4 3 6 4 4 4 5 2 
245.4 ; 6.412e-12 ; True ; 1 20 112 156 163 388 438 484 547 634 713 723  ; 4 1 8 3 11 3 7 5 5 5 5 4 5 4 4 4 4 2 
248.2 ; 6.591e-12 ; True ; 1 20 30 112 163 388 438 547 713 723 885 900  ; 5 1 9 3 10 3 7 5 4 6 4 3 5 4 5 4 5 2 
248.2 ; 6.812e-12 ; True ; 1 20 30 112 156 163 388 484 547 723 885 900  ; 5 1 9 3 10 3 7 5 5 6 4 4 5 3 4 4 5 2 
250.2 ; 6.881e-12 ; True ; 1 20 30 112 156 163 388 484 547 634 713 723  ; 4 1 8 3 11 3 8 4 5 5 5 4 5 4 5 4 4 2 
251.5 ; 6.924e-12 ; True ; 1 20 30 112 156 163 388 438 547 713 723 900  ; 4 1 8 3 10 4 7 5 5 6 5 3 5 4 4 4 4 2 
252.4 ; 7.056e-12 ; True ; 1 20 163 173 329 388 438 484 547 634 713 723 900  ; 6 1 9 4 10 2 8 4 4 5 5 4 6 3 4 5 5 2 
253.9 ; 7.277e-12 ; True ; 1 20 112 260 329 388 438 484 547 612 713 723 900  ; 5 1 9 4 9 3 6 4 5 6 5 4 6 4 4 5 5 1 
256.2 ; 7.718e-12 ; True ; 1 20 127 163 173 388 438 484 547 634 713 723 900  ; 5 1 9 4 11 2 7 5 4 5 5 4 6 4 4 4 5 2 
258.6 ; 7.856e-12 ; True ; 1 20 112 173 260 388 438 484 547 634 713 723 900  ; 4 1 9 4 10 3 7 5 4 6 5 5 6 4 4 5 5 1 
259.8 ; 8.265e-12 ; True ; 1 20 163 173 329 388 438 455 547 634 713 723 900  ; 5 1 8 4 9 3 8 4 5 4 5 4 5 4 4 5 4 2 
260 ; 8.378e-12 ; True ; 1 20 156 163 173 329 388 438 547 634 713 723 900  ; 5 1 8 3 10 3 9 5 5 4 6 5 5 3 4 5 4 2 
260.8 ; 9.046e-12 ; True ; 1 20 156 163 329 388 438 484 547 634 713 723 900  ; 5 1 8 4 10 3 8 4 5 5 6 4 5 3 4 5 4 2 
265.5 ; 9.228e-12 ; True ; 1 20 156 163 329 388 438 484 547 612 713 723 900  ; 6 1 8 4 10 3 7 4 5 5 5 4 6 3 4 4 5 2 
266.6 ; 1.021e-11 ; True ; 1 20 156 163 173 388 438 484 547 634 713 723 900  ; 5 1 8 4 11 3 8 5 4 5 5 5 6 3 4 4 5 2 
268.6 ; 1.056e-11 ; True ; 1 20 112 163 173 329 388 438 547 634 713 723 900  ; 5 1 9 3 10 3 8 5 5 5 5 4 5 4 4 6 4 2 
270.7 ; 1.107e-11 ; True ; 1 20 30 156 163 173 388 438 547 634 713 723 900  ; 5 1 8 3 11 3 9 5 4 5 6 5 6 3 5 4 5 2 
273.4 ; 1.226e-11 ; True ; 1 20 112 163 173 388 438 484 547 634 713 723 900  ; 5 1 9 4 11 3 7 5 4 6 4 4 6 4 4 5 5 2 
277.3 ; 1.278e-11 ; True ; 1 20 112 163 260 388 438 484 547 634 713 723 900  ; 4 1 9 4 10 3 7 5 4 6 5 4 6 4 4 5 5 2 
279.4 ; 1.394e-11 ; True ; 1 20 30 112 163 173 388 438 547 634 713 723 900  ; 5 1 9 3 11 3 8 5 4 6 5 4 6 4 5 5 5 2 
281.7 ; 1.405e-11 ; True ; 1 20 112 156 163 388 438 484 547 634 713 723 900  ; 4 1 8 4 11 4 7 5 5 6 5 4 5 4 4 5 4 2 
284.5 ; 1.461e-11 ; True ; 1 20 30 112 163 388 438 547 634 713 723 885 900  ; 5 1 9 3 11 3 8 5 4 6 5 4 5 4 6 5 5 2 
285.5 ; 1.471e-11 ; True ; 1 20 30 112 163 388 438 455 547 634 723 885 900  ; 5 1 9 3 10 3 7 5 5 6 5 4 5 4 5 5 5 2 
286.3 ; 1.475e-11 ; True ; 1 20 30 112 156 163 388 484 547 634 723 885 900  ; 5 1 9 3 11 3 8 5 5 6 5 5 5 3 5 5 5 2 
287.4 ; 1.508e-11 ; True ; 1 20 30 112 156 163 388 484 547 634 713 723 900  ; 4 1 8 4 11 4 8 4 5 6 5 4 5 4 5 5 4 2 
287.8 ; 1.536e-11 ; True ; 1 20 30 112 156 163 388 438 547 634 713 723 900  ; 4 1 8 3 11 4 8 5 5 6 6 4 5 4 5 5 4 2 
289.5 ; 1.616e-11 ; True ; 1 20 30 112 156 163 388 438 484 547 634 713 723  ; 5 1 9 3 12 3 8 5 5 6 6 4 6 4 5 4 5 2 
293.3 ; 1.627e-11 ; True ; 1 20 30 112 156 163 260 388 484 547 713 723 900  ; 4 1 9 4 10 4 8 5 5 6 5 4 6 4 4 4 5 2 
294.5 ; 1.704e-11 ; True ; 1 20 30 112 156 163 388 484 547 713 723 885 900  ; 5 1 9 4 11 4 8 5 5 6 4 4 5 4 5 4 5 2 
294.8 ; 1.737e-11 ; True ; 1 20 30 112 156 163 388 438 547 713 723 885 900  ; 5 1 9 3 11 4 8 6 5 6 5 4 5 4 5 4 5 2 
299.7 ; 1.793e-11 ; True ; 1 20 163 173 329 388 438 455 484 547 634 713 723 900  ; 6 1 9 5 10 3 8 4 5 5 5 4 6 4 4 5 5 2 
299.9 ; 1.938e-11 ; True ; 1 20 156 163 173 329 388 438 484 547 634 713 723 900  ; 6 1 9 4 11 3 9 5 5 5 6 5 6 3 4 5 5 2 
304.6 ; 1.961e-11 ; True ; 1 20 156 163 260 329 388 438 484 547 634 713 723 900  ; 5 1 9 4 10 3 9 5 5 5 7 5 6 3 4 5 5 2 
305 ; 2.056e-11 ; True ; 1 20 127 156 163 173 388 438 484 547 634 713 723 900  ; 5 1 9 4 12 3 8 6 5 5 6 5 6 4 4 4 5 2 
305.8 ; 2.074e-11 ; True ; 1 20 30 163 173 329 388 438 455 547 634 713 723 900  ; 6 1 9 4 10 3 9 4 5 5 6 4 6 4 5 5 5 2 
306 ; 2.123e-11 ; True ; 1 20 112 163 173 187 388 438 484 547 634 713 723 900  ; 5 1 9 4 12 3 8 5 5 6 5 4 6 5 4 5 5 2 
307.7 ; 2.325e-11 ; True ; 1 20 112 163 173 329 388 438 484 547 634 713 723 900  ; 6 1 10 4 11 3 8 5 5 6 5 4 6 4 4 6 5 2 
311.4 ; 2.417e-11 ; True ; 1 20 112 163 260 329 388 438 484 547 634 713 723 900  ; 5 1 10 4 10 3 8 5 5 6 6 4 6 4 4 6 5 2 
313.4 ; 2.449e-11 ; True ; 1 20 112 163 329 388 438 484 537 547 634 713 723 900  ; 5 1 9 4 11 3 7 5 5 6 5 4 6 4 5 6 5 2 
315.7 ; 2.522e-11 ; True ; 1 20 30 112 163 173 329 388 438 547 634 713 723 900  ; 6 1 10 3 11 3 9 5 5 6 6 4 6 4 5 6 5 2 
316 ; 2.575e-11 ; True ; 1 20 112 156 163 329 388 438 484 547 634 713 723 900  ; 5 1 9 4 11 4 8 5 6 6 6 4 5 4 4 6 4 2 
317.9 ; 2.638e-11 ; True ; 1 20 112 163 260 388 438 484 547 612 634 713 723 900  ; 5 1 9 4 11 3 7 5 4 6 5 5 7 4 5 5 6 2 
319.9 ; 2.676e-11 ; True ; 1 20 30 156 163 173 388 438 455 547 634 713 723 900  ; 5 1 8 4 11 4 9 5 5 5 6 5 6 4 5 4 5 2 
320.5 ; 2.802e-11 ; True ; 1 20 30 112 163 173 388 438 484 547 634 713 723 900  ; 6 1 10 4 12 3 8 5 4 7 5 4 7 4 5 5 6 2 
322.9 ; 3.029e-11 ; True ; 1 20 112 156 163 173 388 438 484 547 634 713 723 900  ; 5 1 9 4 12 4 8 6 5 6 5 5 6 4 4 5 5 2 
324.7 ; 3.094e-11 ; True ; 1 20 112 156 163 388 438 484 547 612 634 713 723 900  ; 5 1 8 4 12 4 7 5 5 6 5 5 6 4 5 5 5 2 
328.9 ; 3.285e-11 ; True ; 1 20 30 112 156 163 173 388 438 547 634 713 723 900  ; 5 1 9 3 12 4 9 6 5 6 6 5 6 4 5 5 5 2 
329.8 ; 3.445e-11 ; True ; 1 20 30 112 156 163 388 438 484 547 634 713 723 900  ; 5 1 9 4 12 4 8 5 5 7 6 4 6 4 5 5 5 2 
334.6 ; 3.513e-11 ; True ; 1 20 30 112 156 163 388 484 547 634 713 723 885 900  ; 5 1 9 4 12 4 9 5 5 6 5 5 5 4 6 5 5 2 
337.8 ; 3.583e-11 ; True ; 1 20 30 112 156 163 388 438 484 547 713 723 885 900  ; 6 1 10 4 12 4 8 6 5 7 5 4 6 4 5 4 6 2 
341.4 ; 3.623e-11 ; True ; 1 20 30 112 156 163 260 388 484 547 713 723 885 900  ; 5 1 10 4 11 4 9 6 5 6 5 5 6 4 5 4 6 2 
347 ; 3.916e-11 ; True ; 1 20 112 163 187 329 388 438 484 537 547 634 713 723 900  ; 5 1 9 4 12 3 8 5 6 6 6 4 6 5 5 6 5 2 
349.6 ; 3.921e-11 ; True ; 1 20 30 163 173 329 388 438 455 484 547 634 713 723 900  ; 7 1 10 5 11 3 9 4 5 6 6 4 7 4 5 5 6 2 
349.7 ; 4.158e-11 ; True ; 1 20 112 127 163 173 329 388 438 484 547 634 713 723 900  ; 6 1 11 4 12 3 8 6 6 6 6 4 6 5 4 6 5 2 
352.5 ; 4.516e-11 ; True ; 1 20 112 163 173 329 388 438 484 547 612 634 713 723 900  ; 7 1 10 4 12 3 8 5 5 6 5 5 7 4 5 6 6 2 
354.8 ; 4.81e-11 ; True ; 1 20 112 163 260 329 388 438 484 547 612 634 713 723 900  ; 6 1 10 4 11 3 8 5 5 6 6 5 7 4 5 6 6 2 
358.3 ; 4.917e-11 ; True ; 1 20 112 163 260 329 388 438 484 537 547 634 713 723 900  ; 5 1 10 4 11 3 8 6 5 6 6 5 7 4 5 6 6 2 
360 ; 5.261e-11 ; True ; 1 20 112 156 163 173 329 388 438 484 547 634 713 723 900  ; 6 1 10 4 12 4 9 6 6 6 6 5 6 4 4 6 5 2 
361.7 ; 5.465e-11 ; True ; 1 20 112 156 163 329 388 438 484 547 612 634 713 723 900  ; 6 1 9 4 12 4 8 5 6 6 6 5 6 4 5 6 5 2 
365.8 ; 5.587e-11 ; True ; 1 20 112 156 163 329 388 438 484 537 547 634 713 723 900  ; 5 1 9 4 12 4 8 6 6 6 6 5 6 4 5 6 5 2 
367.9 ; 5.824e-11 ; True ; 1 20 30 112 156 163 329 388 438 484 547 634 713 723 900  ; 6 1 10 4 12 4 9 5 6 7 7 4 6 4 5 6 5 2 
371.2 ; 6.017e-11 ; True ; 1 20 112 156 163 260 388 438 484 547 612 634 713 723 900  ; 5 1 9 4 12 4 8 6 5 6 6 6 7 4 5 5 6 2 
373.7 ; 6.068e-11 ; True ; 1 20 30 112 156 163 329 388 484 547 634 713 723 885 900  ; 6 1 10 4 12 4 10 5 6 6 6 5 5 4 6 6 5 2 
373.8 ; 6.601e-11 ; True ; 1 20 30 112 156 163 173 388 438 484 547 634 713 723 900  ; 6 1 10 4 13 4 9 6 5 7 6 5 7 4 5 5 6 2 
378.6 ; 6.678e-11 ; True ; 1 20 30 112 156 163 260 388 438 484 547 634 713 723 900  ; 5 1 10 4 12 4 9 6 5 7 7 5 7 4 5 5 6 2 
379.9 ; 7.1e-11 ; True ; 1 20 30 112 156 163 388 438 484 547 634 713 723 885 900  ; 6 1 10 4 13 4 9 6 5 7 6 5 6 4 6 5 6 2 
390.8 ; 7.258e-11 ; True ; 1 20 30 112 156 163 388 438 455 484 547 634 713 723 885  ; 6 1 10 4 13 4 9 6 6 6 6 5 6 5 6 4 6 2 
400.8 ; 7.762e-11 ; True ; 1 20 30 163 173 329 388 438 455 484 547 634 713 723 885 900  ; 8 1 11 5 12 3 10 5 5 6 6 5 7 4 6 5 7 2 
401.6 ; 7.765e-11 ; True ; 1 20 30 112 156 163 388 438 484 547 634 723 874 885 900  ; 6 1 10 4 12 4 8 6 5 8 6 5 7 4 5 5 7 2 
403.2 ; 8.154e-11 ; True ; 1 20 156 163 260 329 388 438 455 484 547 612 634 713 723 900  ; 6 1 9 5 11 4 9 5 6 5 7 6 7 4 5 5 6 2 
403.9 ; 8.611e-11 ; True ; 1 20 112 163 260 329 388 438 484 547 612 634 713 723 765 900  ; 6 1 10 5 12 3 8 6 5 7 6 5 8 4 5 6 7 2 
408.4 ; 9.037e-11 ; True ; 1 20 30 156 163 173 329 388 438 455 547 634 713 723 885 900  ; 7 1 10 4 12 4 11 6 6 5 7 6 6 4 6 5 6 2 
408.7 ; 9.812e-11 ; True ; 1 20 112 156 163 173 329 388 438 484 547 612 634 713 723 900  ; 7 1 10 4 13 4 9 6 6 6 6 6 7 4 5 6 6 2 
410.1 ; 9.828e-11 ; True ; 1 20 112 163 260 329 388 438 455 484 547 612 634 713 723 900  ; 6 1 10 5 11 4 8 5 6 6 6 5 7 5 5 6 6 2 
411.1 ; 1.017e-10 ; True ; 1 20 112 156 163 260 329 388 438 484 547 612 634 713 723 900  ; 6 1 10 4 12 4 9 6 6 6 7 6 7 4 5 6 6 2 
414.9 ; 1.076e-10 ; True ; 1 20 30 112 156 163 173 329 388 438 484 547 634 713 723 900  ; 7 1 11 4 13 4 10 6 6 7 7 5 7 4 5 6 6 2 
417.5 ; 1.086e-10 ; True ; 1 20 30 112 156 163 329 388 438 484 547 612 634 713 723 900  ; 7 1 10 4 13 4 9 5 6 7 7 5 7 4 6 6 6 2 
419.5 ; 1.094e-10 ; True ; 1 20 30 112 156 163 260 329 388 438 484 547 634 713 723 900  ; 6 1 11 4 12 4 10 6 6 7 8 5 7 4 5 6 6 2 
421.7 ; 1.138e-10 ; True ; 1 20 30 112 156 163 329 388 438 484 537 547 634 713 723 900  ; 6 1 10 4 13 4 9 6 6 7 7 5 7 4 6 6 6 2 
421.9 ; 1.157e-10 ; True ; 1 20 30 112 156 163 329 388 438 484 547 634 713 723 885 900  ; 7 1 11 4 13 4 10 6 6 7 7 5 6 4 6 6 6 2 
426.9 ; 1.161e-10 ; True ; 1 20 30 112 163 173 388 438 455 484 547 634 713 723 885 900  ; 7 1 11 5 13 4 9 6 5 7 5 5 7 5 6 5 7 2 
426.9 ; 1.196e-10 ; True ; 1 20 30 112 156 163 173 388 438 484 547 634 713 723 885 900  ; 7 1 11 4 14 4 10 7 5 7 6 6 7 4 6 5 7 2 
430.7 ; 1.205e-10 ; True ; 1 20 30 112 156 163 388 438 484 547 612 634 713 723 885 900  ; 7 1 10 4 14 4 9 6 5 7 6 6 7 4 7 5 7 2 
432.6 ; 1.236e-10 ; True ; 1 20 30 112 163 260 388 438 455 484 547 634 713 723 885 900  ; 6 1 11 5 12 4 9 6 5 7 6 5 7 5 6 5 7 2 
432.6 ; 1.24e-10 ; True ; 1 20 30 112 156 163 260 388 438 484 547 634 713 723 885 900  ; 6 1 11 4 13 4 10 7 5 7 7 6 7 4 6 5 7 2 
435.7 ; 1.283e-10 ; True ; 1 20 30 112 156 163 260 388 438 455 484 547 634 713 723 900  ; 5 1 10 5 12 5 9 6 6 7 7 5 7 5 5 5 6 2 
437 ; 1.364e-10 ; True ; 1 20 30 112 156 163 388 438 455 484 547 634 713 723 885 900  ; 6 1 10 5 13 5 9 6 6 7 6 5 6 5 6 5 6 2 
453.3 ; 1.401e-10 ; True ; 1 20 30 156 163 187 329 388 438 455 484 547 634 713 723 885 900  ; 7 1 10 5 13 4 11 5 7 6 8 5 6 5 6 5 6 2 
453.5 ; 1.406e-10 ; True ; 1 20 30 112 156 163 329 388 484 547 634 713 723 874 885 900  ; 6 1 10 5 12 5 10 5 6 7 6 5 6 5 6 6 6 2 
454 ; 1.43e-10 ; True ; 1 20 30 112 156 163 329 388 438 547 634 713 723 874 885 900  ; 6 1 10 4 12 5 10 6 6 7 7 5 6 5 6 6 6 2 
455.2 ; 1.501e-10 ; True ; 1 20 25 156 163 260 329 388 438 455 484 547 612 634 713 723 900  ; 6 1 10 6 12 4 10 6 6 6 7 6 8 4 5 5 7 2 
459.5 ; 1.579e-10 ; True ; 1 20 112 156 163 187 260 388 438 484 537 547 612 634 713 723 900  ; 5 1 9 4 14 4 9 7 6 6 7 7 8 5 6 5 7 2 
461.5 ; 1.609e-10 ; True ; 1 20 30 112 144 156 163 329 388 438 484 547 612 634 713 723 900  ; 7 1 10 4 13 5 9 5 6 7 7 5 8 4 6 7 7 2 
463.9 ; 1.689e-10 ; True ; 1 20 112 163 260 329 388 438 455 484 547 612 634 713 723 765 900  ; 6 1 10 6 12 4 8 6 6 7 6 5 8 5 5 6 7 2 
467.5 ; 1.813e-10 ; True ; 1 20 30 112 156 163 173 329 388 438 484 547 612 634 713 723 900  ; 8 1 11 4 14 4 10 6 6 7 7 6 8 4 6 6 7 2 
468.6 ; 1.83e-10 ; True ; 1 20 30 112 163 173 260 329 388 438 455 484 547 634 713 723 900  ; 7 1 12 5 12 4 10 6 6 7 7 5 8 5 5 6 7 2 
469.8 ; 1.857e-10 ; True ; 1 20 30 112 163 260 329 388 438 455 484 547 612 634 713 723 900  ; 7 1 11 5 12 4 9 5 6 7 7 5 8 5 6 6 7 2 
470.8 ; 1.874e-10 ; True ; 1 20 30 112 156 163 260 329 388 438 484 547 612 634 713 723 900  ; 7 1 11 4 13 4 10 6 6 7 8 6 8 4 6 6 7 2 
471.8 ; 1.9e-10 ; True ; 1 20 30 112 156 163 173 329 388 438 484 547 634 713 723 885 900  ; 8 1 12 4 14 4 11 7 6 7 7 6 7 4 6 6 7 2 
474 ; 2.011e-10 ; True ; 1 20 30 112 156 163 173 329 388 438 455 484 547 634 713 723 900  ; 7 1 11 5 13 5 10 6 7 7 7 5 7 5 5 6 6 2 
476.6 ; 2.03e-10 ; True ; 1 20 30 112 156 163 329 388 438 455 484 547 612 634 713 723 900  ; 7 1 10 5 13 5 9 5 7 7 7 5 7 5 6 6 6 2 
478.6 ; 2.044e-10 ; True ; 1 20 30 112 156 163 260 329 388 438 455 484 547 634 713 723 900  ; 6 1 11 5 12 5 10 6 7 7 8 5 7 5 5 6 6 2 
481 ; 2.163e-10 ; True ; 1 20 30 112 156 163 329 388 438 455 484 547 634 713 723 885 900  ; 7 1 11 5 13 5 10 6 7 7 7 5 6 5 6 6 6 2 
488.2 ; 2.253e-10 ; True ; 1 20 30 112 156 163 260 388 438 455 484 547 612 634 713 723 900  ; 6 1 10 5 13 5 9 6 6 7 7 6 8 5 6 5 7 2 
493.7 ; 2.382e-10 ; True ; 1 20 30 112 156 163 260 388 438 455 484 547 634 713 723 885 900  ; 6 1 11 5 13 5 10 7 6 7 7 6 7 5 6 5 7 2 
506.7 ; 2.496e-10 ; True ; 1 20 30 112 156 163 329 388 438 484 547 634 713 723 874 885 900  ; 7 1 11 5 13 5 10 6 6 8 7 5 7 5 6 6 7 2 
512 ; 2.511e-10 ; True ; 1 20 30 112 156 163 260 329 388 484 547 634 713 723 874 885 900  ; 6 1 11 5 12 5 11 6 6 7 7 6 7 5 6 6 7 2 
516.7 ; 2.621e-10 ; True ; 1 20 30 112 163 173 329 388 413 438 455 484 547 612 634 713 723 900  ; 8 1 11 6 13 5 9 5 6 8 6 5 8 5 6 6 7 2 
521.8 ; 2.869e-10 ; True ; 1 20 42 112 163 173 260 329 388 438 455 484 547 612 634 713 723 900  ; 7 1 11 5 13 5 9 6 6 6 7 7 8 5 6 6 7 2 
527.3 ; 2.875e-10 ; True ; 1 20 30 112 163 173 329 388 438 455 484 547 612 634 713 723 765 900  ; 8 1 11 6 14 4 9 6 6 8 6 5 9 5 6 6 8 2 
527.5 ; 3.023e-10 ; True ; 1 20 30 112 163 173 329 388 438 455 484 547 612 634 713 723 885 900  ; 9 1 12 5 14 4 10 6 6 7 6 6 8 5 7 6 8 2 
527.7 ; 3.104e-10 ; True ; 1 20 30 112 156 163 260 329 388 438 484 547 612 634 713 723 765 900  ; 7 1 11 5 14 4 10 7 6 8 8 6 9 4 6 6 8 2 
529.2 ; 3.139e-10 ; True ; 1 20 30 112 156 163 329 388 438 484 537 547 612 634 713 723 765 900  ; 7 1 10 5 15 4 9 7 6 8 7 6 9 4 7 6 8 2 
531.8 ; 3.226e-10 ; True ; 1 20 30 112 163 260 329 388 438 455 484 547 612 634 713 723 885 900  ; 8 1 12 5 13 4 10 6 6 7 7 6 8 5 7 6 8 2 
535.4 ; 3.409e-10 ; True ; 1 20 30 112 156 163 260 329 388 455 484 537 547 612 634 713 723 900  ; 6 1 10 5 13 5 10 6 7 6 7 7 8 5 7 6 7 2 
536.5 ; 3.453e-10 ; True ; 1 20 30 112 156 163 260 329 388 455 484 547 612 634 713 723 765 900  ; 6 1 10 6 13 5 10 6 7 7 7 6 8 5 6 6 7 2 
540.5 ; 3.672e-10 ; True ; 1 20 30 112 156 163 260 329 388 438 455 484 547 634 713 723 885 900  ; 7 1 12 5 13 5 11 7 7 7 8 6 7 5 6 6 7 2 
550.1 ; 3.79e-10 ; True ; 1 20 30 112 156 163 260 388 438 455 484 547 612 634 713 723 885 900  ; 7 1 11 5 14 5 10 7 6 7 7 7 8 5 7 5 8 2 
562.5 ; 3.845e-10 ; True ; 1 20 30 112 156 163 260 329 388 438 484 547 612 634 713 723 874 900  ; 7 1 11 5 13 5 10 6 6 8 8 6 9 5 6 6 8 2 
565.2 ; 3.865e-10 ; True ; 1 20 30 112 156 163 260 388 438 455 484 547 592 634 713 723 885 900  ; 6 1 11 6 13 6 10 7 6 8 7 6 7 6 6 5 7 2 
568.2 ; 3.907e-10 ; True ; 1 20 30 112 156 163 260 329 388 438 455 484 547 634 723 874 885 900  ; 7 1 12 5 12 5 10 7 7 8 8 6 8 5 5 6 8 2 
568.2 ; 4.085e-10 ; True ; 1 20 30 112 156 163 260 329 388 438 484 547 634 713 723 874 885 900  ; 7 1 12 5 13 5 11 7 6 8 8 6 8 5 6 6 8 2 
570.7 ; 4.147e-10 ; True ; 1 20 30 112 156 163 329 388 438 455 484 547 634 713 723 874 885 900  ; 7 1 11 6 13 6 10 6 7 8 7 5 7 6 6 6 7 2 
576.1 ; 4.171e-10 ; True ; 1 20 30 112 156 163 260 329 388 455 484 547 634 713 723 874 885 900  ; 6 1 11 6 12 6 11 6 7 7 7 6 7 6 6 6 7 2 
576.6 ; 4.201e-10 ; True ; 1 20 30 112 156 163 329 388 438 455 547 612 634 713 723 874 885 900  ; 7 1 10 5 13 6 10 6 7 7 7 6 7 6 7 6 7 2 
584.4 ; 4.402e-10 ; True ; 1 20 30 112 156 163 260 388 438 455 484 547 634 713 723 874 885 900  ; 6 1 11 6 13 6 10 7 6 8 7 6 8 6 6 5 8 2 
585.4 ; 4.442e-10 ; True ; 1 20 30 112 156 163 260 329 388 438 455 484 491 547 612 634 713 723 900  ; 8 1 11 5 13 5 10 7 7 8 8 6 8 5 6 6 7 2 
588.9 ; 4.514e-10 ; True ; 1 20 112 156 163 260 329 388 438 483 484 547 612 634 713 723 765 885 900  ; 7 1 11 5 15 4 10 9 6 7 7 8 9 4 7 6 9 2 
589.3 ; 4.609e-10 ; True ; 1 20 30 112 156 163 173 329 388 438 483 484 547 612 634 713 723 765 900  ; 8 1 11 5 16 4 10 8 6 8 7 7 10 4 7 6 9 2 
592.1 ; 4.956e-10 ; True ; 1 20 112 156 163 173 260 329 388 438 455 484 547 612 634 713 723 885 900  ; 8 1 12 5 14 5 11 8 7 6 7 8 8 5 6 6 8 2 
595.6 ; 5.569e-10 ; True ; 1 20 30 112 156 163 260 329 388 438 455 484 547 612 634 713 723 765 900  ; 7 1 11 6 14 5 10 7 7 8 8 6 9 5 6 6 8 2 
603.3 ; 5.787e-10 ; True ; 1 20 30 112 156 163 260 329 388 455 484 547 612 634 713 723 765 885 900  ; 7 1 11 6 14 5 11 7 7 7 7 7 8 5 7 6 8 2 
604.3 ; 5.808e-10 ; True ; 1 20 30 112 156 163 260 329 388 438 455 484 547 634 713 723 765 885 900  ; 7 1 12 6 14 5 11 8 7 8 8 6 8 5 6 6 8 2 
616.9 ; 5.981e-10 ; True ; 1 20 30 67 112 156 163 260 388 438 455 484 547 612 634 713 723 885 900  ; 7 1 11 5 14 6 10 7 6 8 7 7 8 6 7 6 8 2 
629.3 ; 6.221e-10 ; True ; 1 20 30 112 156 163 260 329 388 438 484 547 612 634 713 723 874 885 900  ; 8 1 12 5 14 5 11 7 6 8 8 7 9 5 7 6 9 2 
636.2 ; 6.786e-10 ; True ; 1 20 30 112 156 163 260 329 388 438 455 484 547 634 713 723 874 885 900  ; 7 1 12 6 13 6 11 7 7 8 8 6 8 6 6 6 8 2 
656.3 ; 7.177e-10 ; True ; 1 20 27 30 112 156 163 260 329 388 438 455 484 547 612 634 713 723 765 900  ; 7 1 12 6 15 5 10 7 7 8 8 6 9 5 7 7 8 2 
667.3 ; 7.794e-10 ; True ; 1 20 30 112 156 163 329 388 438 484 547 592 612 634 688 713 723 765 885 900  ; 8 1 11 6 16 6 10 7 6 9 7 6 8 6 7 7 8 2 
669.4 ; 7.856e-10 ; True ; 1 20 30 112 156 163 260 329 388 429 438 455 484 547 612 634 713 723 765 900  ; 8 1 11 6 15 5 10 8 7 8 8 6 10 5 7 6 9 2 
672.9 ; 8.709e-10 ; True ; 1 20 30 112 156 163 260 306 329 388 455 484 547 612 634 713 723 765 885 900  ; 7 1 11 6 14 5 12 7 7 7 7 7 8 5 7 6 8 3 
697.4 ; 9.429e-10 ; True ; 1 20 30 112 156 163 260 329 388 438 455 484 500 547 612 634 713 723 765 900  ; 7 1 12 6 15 5 11 8 8 8 9 7 9 6 6 6 8 2 
705.5 ; 9.663e-10 ; True ; 1 20 30 112 156 163 260 329 388 395 455 484 547 612 634 713 723 874 885 900  ; 8 1 12 6 14 6 12 7 7 7 7 7 9 6 8 6 9 2 
710.7 ; 9.988e-10 ; True ; 1 20 30 112 156 163 260 306 329 388 455 484 547 612 634 713 723 874 885 900  ; 7 1 11 6 13 6 12 6 7 7 7 7 8 6 7 6 8 3 
712.3 ; 1.008e-09 ; True ; 1 20 30 112 127 156 163 260 388 438 455 484 547 612 634 713 723 874 885 900  ; 7 1 12 6 15 6 10 8 7 8 8 7 9 7 7 5 9 2 
724.6 ; 1.008e-09 ; True ; 1 20 25 30 112 156 163 260 329 388 438 455 547 592 634 713 723 874 885 900  ; 6 1 12 7 13 7 12 8 7 9 8 6 8 7 6 6 8 2 
731 ; 1.1e-09 ; True ; 1 20 30 112 163 173 260 329 388 413 438 455 484 547 592 612 634 713 723 885 900  ; 9 1 13 7 14 6 11 7 6 9 7 7 9 6 7 6 9 2 
758.9 ; 1.147e-09 ; True ; 1 20 30 112 138 156 163 260 329 388 395 455 484 547 592 612 634 713 723 885 900  ; 8 1 12 6 15 7 12 7 8 7 7 7 8 7 8 6 8 2 
766.8 ; 1.189e-09 ; True ; 1 20 30 112 113 156 163 260 329 388 455 484 547 592 612 634 684 713 723 885 900  ; 7 1 12 6 14 6 11 6 7 8 9 7 8 7 8 7 8 2 
767.3 ; 1.28e-09 ; True ; 1 20 25 30 112 156 163 173 260 388 455 484 547 612 634 713 723 765 780 885 900  ; 7 1 12 7 17 5 12 9 6 8 7 8 10 6 8 6 10 2 
780.9 ; 1.286e-09 ; True ; 1 20 30 112 156 163 173 260 329 388 438 484 547 612 634 680 713 723 765 874 900  ; 8 1 12 6 15 6 11 8 6 9 9 7 11 6 7 6 10 2 
782.8 ; 1.364e-09 ; True ; 1 20 30 112 156 163 260 329 388 395 484 547 592 612 634 713 723 765 874 885 900  ; 8 1 12 7 15 6 12 8 6 9 7 7 10 6 8 6 10 2 
794.5 ; 1.386e-09 ; True ; 1 20 30 112 156 163 260 329 388 395 438 455 547 612 634 684 713 723 874 885 900  ; 8 1 12 5 14 6 12 8 7 7 9 7 9 7 9 7 9 2 
811.9 ; 1.391e-09 ; True ; 1 20 30 112 156 163 260 329 388 395 455 547 592 612 634 684 713 723 874 885 900  ; 7 1 11 6 13 7 12 7 7 7 8 7 8 8 9 7 8 2 
816.9 ; 1.407e-09 ; True ; 1 20 30 112 156 163 260 329 388 438 484 500 529 547 592 612 713 723 874 885 900  ; 9 1 13 6 15 6 11 9 7 9 8 7 10 7 7 5 10 2 
819.9 ; 1.428e-09 ; True ; 1 20 30 112 156 163 260 329 388 395 455 484 500 547 612 634 713 723 765 874 885  ; 8 1 13 6 16 5 13 9 8 7 8 8 10 7 8 5 10 2 
820.9 ; 1.495e-09 ; True ; 1 20 30 112 156 163 218 260 329 388 438 483 484 547 634 713 723 765 874 885 900  ; 8 1 12 7 15 6 11 9 6 9 8 7 11 6 7 6 11 2 
826.6 ; 1.708e-09 ; True ; 1 20 30 112 156 163 173 260 329 388 438 455 484 547 552 592 634 713 723 765 885 900  ; 8 1 13 7 16 6 13 9 8 9 9 7 9 7 6 6 9 2 
838.1 ; 1.782e-09 ; True ; 1 20 30 112 156 163 240 260 306 388 429 438 455 484 547 592 634 713 723 765 885 900  ; 7 1 11 7 16 6 12 9 7 9 8 6 9 6 7 6 9 3 
862.6 ; 1.818e-09 ; True ; 1 20 30 112 156 163 173 260 329 388 395 547 576 592 612 634 713 723 765 874 885 900  ; 8 1 13 6 16 6 14 9 7 8 8 8 10 6 8 7 10 2 
884.7 ; 2.095e-09 ; True ; 1 20 30 112 156 163 260 329 388 395 438 455 547 592 612 634 684 713 723 874 885 900  ; 8 1 12 6 14 7 12 8 7 8 9 7 9 8 9 7 9 2 
919.9 ; 2.108e-09 ; True ; 1 20 30 112 156 163 260 306 329 388 438 484 547 570 576 612 634 713 723 765 874 885 900  ; 8 1 13 6 16 6 13 8 7 9 9 7 10 5 7 7 10 3 
935.8 ; 2.208e-09 ; True ; 1 20 25 30 156 163 260 329 388 395 438 455 547 592 612 625 634 684 713 723 874 885 900  ; 8 1 12 7 15 6 13 8 7 8 10 7 11 7 9 6 10 2 
942.8 ; 2.244e-09 ; True ; 1 20 30 112 156 163 173 260 329 388 395 455 484 547 592 634 713 723 765 840 874 885 900  ; 9 1 14 8 16 7 13 10 7 9 7 7 10 7 7 6 11 2 
946.4 ; 2.451e-09 ; True ; 1 20 30 112 156 163 173 260 329 388 455 483 484 547 612 634 723 765 780 856 874 885 900  ; 8 1 12 6 16 6 11 9 7 8 9 10 11 6 8 7 11 2 
963.8 ; 3.038e-09 ; True ; 1 20 25 30 112 156 163 260 329 388 395 438 455 547 592 612 634 684 713 723 874 885 900  ; 8 1 13 7 15 7 13 9 7 9 9 7 10 8 9 7 10 2 
1039 ; 3.691e-09 ; True ; 1 20 25 30 112 156 163 260 329 388 395 438 455 547 592 612 625 634 684 713 723 874 885 900  ; 8 1 13 7 16 7 13 9 8 9 10 7 11 8 9 7 10 2 
1124 ; 3.89e-09 ; True ; 1 20 25 30 112 156 163 260 329 388 395 438 455 547 592 612 625 634 654 684 713 723 874 885 900  ; 9 1 14 7 16 7 14 9 8 9 10 7 11 8 9 7 10 2 
1167 ; 4.504e-09 ; True ; 1 20 30 112 127 156 163 173 260 329 388 395 438 484 547 612 634 684 713 723 765 780 863 874 900  ; 10 1 15 7 18 6 12 10 7 9 11 7 13 8 9 8 12 2 
1260 ; 4.611e-09 ; True ; 1 20 30 112 127 156 163 173 260 329 388 395 438 484 547 612 634 684 698 713 723 765 780 863 874 900  ; 11 1 15 7 19 6 12 10 7 9 11 7 13 8 9 8 12 2 
1279 ; 4.681e-09 ; True ; 1 20 30 112 156 163 173 269 329 388 395 438 455 483 505 592 612 634 680 713 723 765 780 874 885 900  ; 9 1 12 7 19 9 12 9 7 9 10 8 11 9 10 6 12 2 
1368 ; 4.774e-09 ; True ; 1 20 30 112 156 163 173 221 260 306 329 388 455 480 483 484 505 547 634 680 684 723 741 780 874 885 900  ; 7 1 12 5 17 9 15 9 7 7 11 8 11 9 9 9 10 3 
1389 ; 6.07e-09 ; True ; 1 20 30 112 156 163 173 221 260 306 329 388 455 480 483 484 505 547 634 680 684 723 780 817 874 885 900  ; 7 1 12 6 17 9 15 9 7 8 11 8 11 10 9 8 10 3 


RUN 2:
Optimum Distance: 26.48
Optimal Team: 163,388,455,634,
Required Skills: 0 1 2 4 5 7 9 10 11 12 14 15 16 18 22 23 24 26 
Distance; Skill Score; isValid; Team; Skill Counts
33.53 ; 1.844e-18 ; True ; 1 163 388 531 723  ; 2 1 4 1 3 1 2 1 1 2 1 1 2 1 1 1 3 1 
34.41 ; 2.603e-18 ; True ; 1 163 388 723 794  ; 2 1 4 1 4 1 2 1 1 2 2 1 2 1 1 1 2 1 
34.49 ; 3.772e-18 ; True ; 1 163 388 413 723  ; 2 1 4 2 3 1 2 1 1 3 1 1 2 1 1 1 2 1 
34.51 ; 7.153e-18 ; True ; 1 163 388 723 900  ; 2 1 4 2 3 1 2 1 1 3 1 1 2 1 1 2 2 1 
34.54 ; 8.162e-18 ; True ; 163 173 388 723 900  ; 3 1 4 1 3 1 3 2 1 2 1 1 2 1 1 2 2 1 
37.31 ; 1.044e-17 ; True ; 163 260 388 723 900  ; 2 1 4 1 2 1 3 2 1 2 2 1 2 1 1 2 2 1 
37.51 ; 1.264e-17 ; True ; 1 163 388 713 723  ; 2 1 4 2 4 1 3 1 1 2 1 1 2 2 2 1 2 1 
37.54 ; 1.32e-17 ; True ; 1 97 163 388 723  ; 2 1 5 1 4 1 3 2 1 2 2 1 2 2 1 1 2 1 
38.36 ; 1.357e-17 ; True ; 163 388 547 885 900  ; 2 1 3 1 3 1 3 3 1 2 1 1 2 1 2 2 2 1 
39.51 ; 2.875e-17 ; True ; 1 112 163 388 723  ; 2 1 5 1 4 1 2 2 2 3 1 1 2 2 1 2 2 1 
46.26 ; 5.163e-17 ; True ; 1 163 329 388 413 723  ; 3 1 5 2 3 1 3 1 2 3 2 1 2 1 1 2 2 1 
46.27 ; 7.35e-17 ; True ; 1 163 329 388 723 900  ; 3 1 5 2 3 1 3 1 2 3 2 1 2 1 1 3 2 1 
47.46 ; 7.707e-17 ; True ; 1 20 388 438 723 900  ; 2 1 5 2 4 1 2 1 2 4 2 2 2 1 1 2 2 1 
47.73 ; 9.123e-17 ; True ; 127 163 173 388 723 900  ; 3 1 5 1 4 1 3 3 2 2 2 1 2 2 1 2 2 1 
49.23 ; 9.888e-17 ; True ; 20 173 388 438 723 900  ; 3 1 5 1 4 1 3 2 2 3 2 2 2 1 1 2 2 1 
49.29 ; 1.014e-16 ; True ; 1 163 173 388 723 900  ; 3 1 5 2 4 1 3 2 1 3 1 2 3 1 1 2 3 1 
49.68 ; 1.064e-16 ; True ; 1 127 163 388 723 900  ; 2 1 5 2 4 1 2 2 2 3 2 1 2 2 1 2 2 1 
51.1 ; 1.179e-16 ; True ; 1 20 156 388 438 723  ; 2 1 5 1 5 1 3 2 3 3 3 3 2 1 1 1 2 1 
51.12 ; 1.229e-16 ; True ; 1 163 329 388 547 900  ; 2 1 4 2 3 1 3 2 2 3 2 1 3 1 1 3 2 1 
51.23 ; 1.31e-16 ; True ; 163 173 388 438 713 723  ; 4 1 5 1 5 1 4 3 1 2 2 1 3 2 2 1 3 1 
51.26 ; 1.554e-16 ; True ; 1 163 329 388 713 723  ; 3 1 5 2 4 1 4 1 2 2 2 1 2 2 2 2 2 1 
52.26 ; 1.59e-16 ; True ; 1 163 388 531 547 723  ; 2 1 4 1 4 1 3 2 2 2 2 1 3 2 2 2 3 1 
52.3 ; 1.906e-16 ; True ; 1 163 388 438 713 723  ; 3 1 5 2 5 1 3 2 1 3 2 1 3 2 2 1 3 1 
54.05 ; 2.016e-16 ; True ; 30 163 388 547 885 900  ; 3 1 4 1 4 1 4 3 1 3 2 1 3 1 3 2 3 1 
54.12 ; 2.137e-16 ; True ; 1 112 163 329 388 723  ; 3 1 6 1 4 1 3 2 3 3 2 1 2 2 1 3 2 1 
54.19 ; 3.253e-16 ; True ; 1 163 388 413 547 723  ; 2 1 4 2 4 1 3 2 2 3 2 1 3 2 2 2 2 1 
54.23 ; 4.632e-16 ; True ; 1 163 388 547 723 900  ; 2 1 4 2 4 1 3 2 2 3 2 1 3 2 2 3 2 1 
58.06 ; 4.748e-16 ; True ; 1 42 163 388 547 723  ; 2 1 4 1 5 1 3 2 2 2 3 2 3 2 3 2 2 1 
58.23 ; 5.413e-16 ; True ; 1 163 388 547 713 723  ; 2 1 4 2 5 1 4 2 2 2 2 1 3 3 3 2 2 1 
61.05 ; 5.827e-16 ; True ; 1 30 112 163 388 547  ; 2 1 5 1 5 1 3 3 2 4 2 1 4 2 2 2 3 1 
61.19 ; 7.734e-16 ; True ; 1 112 163 388 547 723  ; 2 1 5 1 5 1 3 3 3 3 2 1 3 3 2 3 2 1 
63.13 ; 7.747e-16 ; True ; 1 20 173 388 438 723 900  ; 3 1 6 2 5 1 3 2 2 4 2 3 3 1 1 2 3 1 
63.15 ; 7.826e-16 ; True ; 1 163 388 547 723 874  ; 2 1 4 2 4 1 3 2 2 3 2 1 4 3 2 2 3 1 
63.98 ; 8.052e-16 ; True ; 1 163 173 329 388 723 900  ; 4 1 6 2 4 1 4 2 2 3 2 2 3 1 1 3 3 1 
64.83 ; 1.072e-15 ; True ; 1 127 163 173 388 723 900  ; 3 1 6 2 5 1 3 3 2 3 2 2 3 2 1 2 3 1 
67.1 ; 1.348e-15 ; True ; 1 20 173 388 438 713 723  ; 3 1 6 2 6 1 4 2 2 3 2 3 3 2 2 1 3 1 
68.92 ; 1.706e-15 ; True ; 1 163 388 438 634 713 723  ; 3 1 5 2 6 1 4 2 1 3 3 2 3 2 3 2 3 1 
68.96 ; 2.143e-15 ; True ; 1 163 329 388 547 723 900  ; 3 1 5 2 4 1 4 2 3 3 3 1 3 2 2 4 2 1 
71.06 ; 2.758e-15 ; True ; 1 20 388 438 547 723 900  ; 2 1 5 2 5 1 3 2 3 4 3 2 3 2 2 3 2 1 
72.93 ; 3.122e-15 ; True ; 1 163 388 438 547 723 900  ; 3 1 5 2 5 1 3 3 2 4 3 1 4 2 2 3 3 1 
73.79 ; 3.873e-15 ; True ; 1 163 173 388 547 723 900  ; 3 1 5 2 5 1 4 3 2 3 2 2 4 2 2 3 3 1 
75.85 ; 4.584e-15 ; True ; 1 163 388 547 723 885 900  ; 3 1 5 2 5 1 4 3 2 3 2 2 3 2 3 3 3 1 
79.43 ; 5.529e-15 ; True ; 1 156 163 388 547 723 900  ; 2 1 4 2 5 2 4 3 3 3 3 2 3 2 2 3 2 1 
81.41 ; 5.622e-15 ; True ; 1 156 163 388 484 547 723  ; 3 1 5 2 6 1 4 3 3 3 3 2 4 2 2 2 3 1 
83.27 ; 5.805e-15 ; True ; 1 30 156 163 388 547 723  ; 3 1 5 1 6 1 5 3 3 3 4 2 4 2 3 2 3 1 
83.77 ; 6.046e-15 ; True ; 1 30 112 163 388 547 723  ; 3 1 6 1 6 1 4 3 3 4 3 1 4 3 3 3 3 1 
83.78 ; 7.6e-15 ; True ; 1 20 173 388 438 634 713 723  ; 3 1 6 2 7 1 5 2 2 3 3 4 3 2 3 2 3 1 
86.56 ; 7.702e-15 ; True ; 1 163 173 388 438 634 713 723  ; 4 1 6 2 7 1 5 3 1 3 3 3 4 2 3 2 4 1 
86.87 ; 9.735e-15 ; True ; 1 20 329 388 438 547 723 900  ; 3 1 6 2 5 1 4 2 4 4 4 2 3 2 2 4 2 1 
90.36 ; 1.01e-14 ; True ; 1 110 163 329 388 547 723 900  ; 4 1 6 2 5 2 5 2 3 4 3 1 3 2 2 4 3 1 
90.51 ; 1.02e-14 ; True ; 1 163 329 388 547 634 723 900  ; 3 1 5 2 5 1 5 2 3 3 4 2 3 2 3 5 2 1 
90.58 ; 1.106e-14 ; True ; 1 163 329 388 438 547 723 900  ; 4 1 6 2 5 1 4 3 3 4 4 1 4 2 2 4 3 1 
91.41 ; 1.153e-14 ; True ; 1 163 173 329 388 413 547 723  ; 4 1 6 2 5 1 5 3 3 3 3 2 4 2 2 3 3 1 
91.43 ; 1.433e-14 ; True ; 1 20 110 388 438 547 723 900  ; 3 1 6 2 6 2 4 2 3 5 3 2 3 2 2 3 3 1 
91.44 ; 1.46e-14 ; True ; 1 163 173 329 388 547 723 900  ; 4 1 6 2 5 1 5 3 3 3 3 2 4 2 2 4 3 1 
91.51 ; 1.657e-14 ; True ; 1 20 173 388 438 547 723 900  ; 3 1 6 2 6 1 4 3 3 4 3 3 4 2 2 3 3 1 
93.36 ; 1.665e-14 ; True ; 1 163 173 388 438 547 723 900  ; 4 1 6 2 6 1 4 4 2 4 3 2 5 2 2 3 4 1 
94.48 ; 1.729e-14 ; True ; 1 163 329 388 547 723 885 900  ; 4 1 6 2 5 1 5 3 3 3 3 2 3 2 3 4 3 1 
95.28 ; 1.941e-14 ; True ; 1 20 156 388 438 547 723 900  ; 2 1 5 2 6 2 4 3 4 4 4 3 3 2 2 3 2 1 
95.7 ; 1.961e-14 ; True ; 1 20 388 438 547 723 885 900  ; 3 1 6 2 6 1 4 3 3 4 3 3 3 2 3 3 3 1 
96.48 ; 2.043e-14 ; True ; 1 20 173 388 438 547 713 723  ; 3 1 6 2 7 1 5 3 3 3 3 3 4 3 3 2 3 1 
97.35 ; 2.053e-14 ; True ; 1 163 173 388 438 547 713 723  ; 4 1 6 2 7 1 5 4 2 3 3 2 5 3 3 2 4 1 
97.52 ; 2.097e-14 ; True ; 1 163 388 438 547 723 885 900  ; 4 1 6 2 6 1 4 4 2 4 3 2 4 2 3 3 4 1 
98.21 ; 2.226e-14 ; True ; 1 20 30 156 388 547 723 900  ; 2 1 5 2 6 2 5 2 4 4 4 3 3 2 3 3 2 1 
98.37 ; 2.4e-14 ; True ; 1 30 163 388 547 723 885 900  ; 4 1 6 2 6 1 5 3 2 4 3 2 4 2 4 3 4 1 
101.9 ; 2.745e-14 ; True ; 1 156 163 388 484 547 723 900  ; 3 1 5 3 6 2 4 3 3 4 3 2 4 2 2 3 3 1 
102 ; 2.935e-14 ; True ; 1 156 163 388 438 547 723 900  ; 3 1 5 2 6 2 4 4 3 4 4 2 4 2 2 3 3 1 
103.3 ; 2.944e-14 ; True ; 1 112 163 388 484 547 634 723  ; 3 1 6 2 7 1 4 3 3 4 3 2 4 3 3 4 3 1 
103.5 ; 3.195e-14 ; True ; 1 112 163 173 388 547 723 900  ; 3 1 6 2 6 2 4 4 3 4 2 2 4 3 2 4 3 1 
104.5 ; 3.669e-14 ; True ; 1 42 112 163 388 484 547 723  ; 3 1 6 2 7 2 3 3 3 4 3 2 4 3 3 3 3 1 
104.9 ; 3.779e-14 ; True ; 1 30 156 163 388 547 723 900  ; 3 1 5 2 6 2 5 3 3 4 4 2 4 2 3 3 3 1 
106.5 ; 3.782e-14 ; True ; 1 112 163 388 547 723 885 900  ; 3 1 6 2 6 2 4 4 3 4 2 2 3 3 3 4 3 1 
107 ; 3.792e-14 ; True ; 1 20 127 173 388 438 713 723 900  ; 3 1 7 3 7 2 4 3 3 4 3 3 3 3 2 2 3 1 
109.1 ; 4.173e-14 ; True ; 1 20 110 329 388 438 547 723 900  ; 4 1 7 2 6 2 5 2 4 5 4 2 3 2 2 4 3 1 
110 ; 4.27e-14 ; True ; 1 20 110 173 329 388 547 723 900  ; 4 1 7 2 6 2 6 2 4 4 3 3 3 2 2 4 3 1 
110.2 ; 4.825e-14 ; True ; 1 20 173 329 388 438 547 723 900  ; 4 1 7 2 6 1 5 3 4 4 4 3 4 2 2 4 3 1 
112.1 ; 5.009e-14 ; True ; 1 163 173 329 388 413 547 723 900  ; 4 1 6 3 5 2 5 3 3 4 3 2 4 2 2 4 3 1 
112.8 ; 5.07e-14 ; True ; 1 20 156 329 388 484 547 723 900  ; 3 1 6 3 6 2 5 2 5 4 4 3 3 2 2 4 2 1 
113.1 ; 5.554e-14 ; True ; 1 20 173 388 438 547 634 723 900  ; 3 1 6 2 7 1 5 3 3 4 4 4 4 2 3 4 3 1 
113.8 ; 6.314e-14 ; True ; 1 20 110 173 388 438 547 723 900  ; 4 1 7 2 7 2 5 3 3 5 3 3 4 2 2 3 4 1 
117.1 ; 6.629e-14 ; True ; 1 20 173 388 438 547 634 713 723  ; 3 1 6 2 8 1 6 3 3 3 4 4 4 3 4 3 3 1 
119 ; 7.452e-14 ; True ; 1 20 30 173 388 438 547 723 900  ; 4 1 7 2 7 1 5 3 3 5 4 3 5 2 3 3 4 1 
119.2 ; 9.977e-14 ; True ; 1 20 173 388 438 547 713 723 900  ; 3 1 6 3 7 2 5 3 3 4 3 3 4 3 3 3 3 1 
122 ; 1.003e-13 ; True ; 1 163 173 388 438 547 713 723 900  ; 4 1 6 3 7 2 5 4 2 4 3 2 5 3 3 3 4 1 
123.7 ; 1.123e-13 ; True ; 1 20 30 156 388 438 547 723 900  ; 3 1 6 2 7 2 5 3 4 5 5 3 4 2 3 3 3 1 
124.8 ; 1.146e-13 ; True ; 1 20 30 156 388 547 723 885 900  ; 3 1 6 2 7 2 6 3 4 4 4 4 3 2 4 3 3 1 
127.2 ; 1.178e-13 ; True ; 1 20 173 329 388 438 634 713 723 900  ; 4 1 7 3 7 2 6 2 3 4 4 4 3 2 3 4 3 1 
128 ; 1.179e-13 ; True ; 1 112 163 173 388 438 547 723 900  ; 4 1 7 2 7 2 4 5 3 5 3 2 5 3 2 4 4 1 
128.1 ; 1.204e-13 ; True ; 1 112 163 388 438 547 634 723 900  ; 3 1 6 2 7 2 4 4 3 5 4 2 4 3 3 5 3 1 
128.9 ; 1.225e-13 ; True ; 1 112 163 260 388 484 547 723 900  ; 3 1 7 3 6 2 4 4 3 5 3 2 5 3 2 4 4 1 
129 ; 1.31e-13 ; True ; 1 30 163 388 455 547 723 885 900  ; 4 1 6 3 6 2 5 3 3 4 3 2 4 3 4 3 4 1 
129 ; 1.428e-13 ; True ; 1 20 127 173 388 438 634 713 723 900  ; 3 1 7 3 8 2 5 3 3 4 4 4 3 3 3 3 3 1 
131.1 ; 1.429e-13 ; True ; 1 20 30 112 173 388 547 723 900  ; 3 1 7 2 7 2 5 3 4 5 3 3 4 3 3 4 3 1 
131.4 ; 1.55e-13 ; True ; 1 30 156 163 388 547 723 885 900  ; 4 1 6 2 7 2 6 4 3 4 4 3 4 2 4 3 4 1 
132.9 ; 1.615e-13 ; True ; 1 30 112 163 173 388 547 723 900  ; 4 1 7 2 7 2 5 4 3 5 3 2 5 3 3 4 4 1 
133.4 ; 1.718e-13 ; True ; 1 127 163 173 388 438 634 713 723 900  ; 4 1 7 3 8 2 5 4 2 4 4 3 4 3 3 3 4 1 
133.9 ; 1.809e-13 ; True ; 1 30 112 163 388 547 723 885 900  ; 4 1 7 2 7 2 5 4 3 5 3 2 4 3 4 4 4 1 
137.3 ; 1.892e-13 ; True ; 1 20 110 127 173 388 438 547 723 900  ; 4 1 8 2 8 2 5 4 4 5 4 3 4 3 2 3 4 1 
138.3 ; 2.05e-13 ; True ; 1 20 110 173 388 438 547 634 723 900  ; 4 1 7 2 8 2 6 3 3 5 4 4 4 2 3 4 4 1 
140.9 ; 2.816e-13 ; True ; 1 20 173 329 388 438 547 713 723 900  ; 4 1 7 3 7 2 6 3 4 4 4 3 4 3 3 4 3 1 
142.8 ; 2.88e-13 ; True ; 1 20 173 388 438 547 634 713 723 900  ; 3 1 6 3 8 2 6 3 3 4 4 4 4 3 4 4 3 1 
145.6 ; 2.996e-13 ; True ; 1 163 173 329 388 438 547 713 723 900  ; 5 1 7 3 7 2 6 4 3 4 4 2 5 3 3 4 4 1 
147.6 ; 3.255e-13 ; True ; 1 163 173 388 438 547 634 713 723 900  ; 4 1 6 3 8 2 6 4 2 4 4 3 5 3 4 4 4 1 
149.6 ; 3.311e-13 ; True ; 1 20 173 260 388 438 547 713 723 900  ; 3 1 7 3 7 2 6 4 3 4 4 4 5 3 3 3 4 1 
150.6 ; 3.864e-13 ; True ; 1 20 30 173 388 438 547 713 723 900  ; 4 1 7 3 8 2 6 3 3 5 4 3 5 3 4 3 4 1 
153.3 ; 3.994e-13 ; True ; 1 20 30 156 388 438 547 723 885 900  ; 4 1 7 2 8 2 6 4 4 5 5 4 4 2 4 3 4 1 
153.8 ; 4.058e-13 ; True ; 1 20 30 388 438 547 713 723 885 900  ; 4 1 7 3 8 2 6 3 3 5 4 3 4 3 5 3 4 1 
155.5 ; 4.167e-13 ; True ; 1 112 163 173 388 438 547 634 723 900  ; 4 1 7 2 8 2 5 5 3 5 4 3 5 3 3 5 4 1 
156.3 ; 4.382e-13 ; True ; 1 20 30 156 388 438 547 713 723 900  ; 3 1 6 3 8 3 6 3 4 5 5 3 4 3 4 3 3 1 
158.5 ; 4.392e-13 ; True ; 1 20 163 388 438 547 634 713 723 900  ; 3 1 6 3 8 2 6 3 3 4 4 3 4 3 4 4 3 2 
158.5 ; 4.713e-13 ; True ; 1 20 30 112 173 388 438 547 723 900  ; 4 1 8 2 8 2 5 4 4 6 4 3 5 3 3 4 4 1 
158.9 ; 4.737e-13 ; True ; 1 127 163 173 329 388 438 634 713 723 900  ; 5 1 8 3 8 2 6 4 3 4 5 3 4 3 3 4 4 1 
159.3 ; 4.831e-13 ; True ; 1 20 163 173 388 438 547 713 723 900  ; 4 1 7 3 8 2 6 4 3 4 3 3 5 3 3 3 4 2 
160.5 ; 5.028e-13 ; True ; 1 112 163 173 388 438 547 634 713 723  ; 4 1 7 2 9 2 6 5 3 4 4 3 5 4 4 4 4 1 
161.7 ; 5.278e-13 ; True ; 1 20 30 112 388 438 547 723 885 900  ; 4 1 8 2 8 2 5 4 4 6 4 3 4 3 4 4 4 1 
164.3 ; 5.282e-13 ; True ; 1 30 112 163 173 388 547 723 885 900  ; 5 1 8 2 8 2 6 5 3 5 3 3 5 3 4 4 5 1 
164.5 ; 5.41e-13 ; True ; 1 20 163 388 438 547 713 723 885 900  ; 4 1 7 3 8 2 6 4 3 4 3 3 4 3 4 3 4 2 
164.7 ; 5.439e-13 ; True ; 1 20 30 156 163 388 438 547 723 900  ; 4 1 7 2 8 2 6 4 4 5 5 3 5 2 3 3 4 2 
165.5 ; 5.556e-13 ; True ; 1 20 30 112 173 388 438 547 713 723  ; 4 1 8 2 9 2 6 4 4 5 4 3 5 4 4 3 4 1 
165.7 ; 5.791e-13 ; True ; 1 20 30 156 163 388 547 723 885 900  ; 4 1 7 2 8 2 7 4 4 4 4 4 4 2 4 3 4 2 
165.9 ; 5.838e-13 ; True ; 1 20 156 163 388 438 547 713 723 900  ; 3 1 6 3 8 3 6 4 4 4 4 3 4 3 3 3 3 2 
166.5 ; 7.024e-13 ; True ; 1 20 173 329 388 438 547 634 713 723 900  ; 4 1 7 3 8 2 7 3 4 4 5 4 4 3 4 5 3 1 
168.9 ; 7.103e-13 ; True ; 1 20 110 173 329 388 438 547 713 723 900  ; 5 1 8 3 8 3 7 3 4 5 4 3 4 3 3 4 4 1 
170.1 ; 7.33e-13 ; True ; 1 20 127 173 388 438 547 634 713 723 900  ; 3 1 7 3 9 2 6 4 4 4 5 4 4 4 4 4 3 1 
170.2 ; 7.569e-13 ; True ; 1 20 173 329 388 438 484 547 713 723 900  ; 5 1 8 4 8 2 6 3 4 5 4 3 5 3 3 4 4 1 
171.9 ; 7.844e-13 ; True ; 1 20 110 173 388 438 547 634 713 723 900  ; 4 1 7 3 9 3 7 3 3 5 4 4 4 3 4 4 4 1 
173 ; 7.887e-13 ; True ; 1 20 260 329 388 438 484 547 713 723 900  ; 4 1 8 4 7 2 6 3 4 5 5 3 5 3 3 4 4 1 
173 ; 8.358e-13 ; True ; 1 20 173 388 438 484 547 634 713 723 900  ; 4 1 7 4 9 2 6 3 3 5 4 4 5 3 4 4 4 1 
173.1 ; 8.404e-13 ; True ; 1 163 173 329 388 438 547 634 713 723 900  ; 5 1 7 3 8 2 7 4 3 4 5 3 5 3 4 5 4 1 
174.1 ; 8.463e-13 ; True ; 1 20 173 260 329 388 438 547 713 723 900  ; 4 1 8 3 7 2 7 4 4 4 5 4 5 3 3 4 4 1 
174.5 ; 8.753e-13 ; True ; 1 127 163 173 388 438 547 634 713 723 900  ; 4 1 7 3 9 2 6 5 3 4 5 3 5 4 4 4 4 1 
175.9 ; 9.331e-13 ; True ; 1 20 156 173 329 388 438 547 713 723 900  ; 4 1 7 3 8 3 7 4 5 4 5 4 4 3 3 4 3 1 
177.1 ; 9.627e-13 ; True ; 1 20 30 173 388 438 547 634 713 723 900  ; 4 1 7 3 9 2 7 3 3 5 5 4 5 3 5 4 4 1 
178.9 ; 9.672e-13 ; True ; 1 20 30 127 173 388 438 547 713 723 900  ; 4 1 8 3 9 2 6 4 4 5 5 3 5 4 4 3 4 1 
179.2 ; 9.796e-13 ; True ; 1 20 30 173 388 438 455 547 634 723 900  ; 4 1 7 3 8 2 6 3 4 5 5 4 5 3 4 4 4 1 
180.4 ; 1.015e-12 ; True ; 1 20 156 173 388 438 484 547 634 713 723  ; 4 1 7 3 10 2 7 4 4 4 5 5 5 3 4 3 4 1 
181.9 ; 1.026e-12 ; True ; 1 20 30 156 329 388 438 547 713 723 900  ; 4 1 7 3 8 3 7 3 5 5 6 3 4 3 4 4 3 1 
182 ; 1.076e-12 ; True ; 1 20 112 173 388 438 484 547 634 723 900  ; 4 1 8 3 9 2 5 4 4 6 4 4 5 3 3 5 4 1 
182.5 ; 1.111e-12 ; True ; 1 20 156 173 388 438 484 547 713 723 900  ; 4 1 7 4 9 3 6 4 4 5 4 4 5 3 3 3 4 1 
184.2 ; 1.119e-12 ; True ; 1 20 30 173 388 438 455 547 723 885 900  ; 5 1 8 3 8 2 6 4 4 5 4 4 5 3 4 3 5 1 
185.9 ; 1.238e-12 ; True ; 1 20 163 173 329 388 438 547 713 723 900  ; 5 1 8 3 8 2 7 4 4 4 4 3 5 3 3 4 4 2 
186.5 ; 1.365e-12 ; True ; 1 20 30 156 173 388 438 547 713 723 900  ; 4 1 7 3 9 3 7 4 4 5 5 4 5 3 4 3 4 1 
187.8 ; 1.368e-12 ; True ; 1 20 163 173 388 438 547 634 713 723 900  ; 4 1 7 3 9 2 7 4 3 4 4 4 5 3 4 4 4 2 
189.7 ; 1.368e-12 ; True ; 1 20 30 156 388 438 455 547 723 885 900  ; 4 1 7 3 8 3 6 4 5 5 5 4 4 3 4 3 4 1 
189.7 ; 1.433e-12 ; True ; 1 20 30 156 388 438 547 713 723 885 900  ; 4 1 7 3 9 3 7 4 4 5 5 4 4 3 5 3 4 1 
191.1 ; 1.447e-12 ; True ; 1 112 163 173 388 438 547 634 713 723 900  ; 4 1 7 3 9 3 6 5 3 5 4 3 5 4 4 5 4 1 
193.8 ; 1.468e-12 ; True ; 1 20 30 163 388 438 547 634 713 723 900  ; 4 1 7 3 9 2 7 3 3 5 5 3 5 3 5 4 4 2 
194.6 ; 1.536e-12 ; True ; 1 20 30 163 173 388 438 547 713 723 900  ; 5 1 8 3 9 2 7 4 3 5 4 3 6 3 4 3 5 2 
195.1 ; 1.636e-12 ; True ; 1 20 30 112 173 388 438 547 713 723 900  ; 4 1 8 3 9 3 6 4 4 6 4 3 5 4 4 4 4 1 
196.7 ; 1.641e-12 ; True ; 1 20 112 163 388 438 484 547 634 723 900  ; 4 1 8 3 9 2 5 4 4 6 4 3 5 3 3 5 4 2 
197.1 ; 1.651e-12 ; True ; 1 20 156 163 388 438 484 547 634 713 723  ; 4 1 7 3 10 2 7 4 4 4 5 4 5 3 4 3 4 2 
197.2 ; 1.708e-12 ; True ; 1 20 156 163 173 388 438 547 713 723 900  ; 4 1 7 3 9 3 7 5 4 4 4 4 5 3 3 3 4 2 
198.4 ; 1.776e-12 ; True ; 1 20 30 112 156 388 484 547 723 885 900  ; 4 1 8 3 9 3 6 4 5 6 4 4 4 3 4 4 4 1 
198.6 ; 1.887e-12 ; True ; 1 20 173 329 388 438 484 547 634 713 723 900  ; 5 1 8 4 9 2 7 3 4 5 5 4 5 3 4 5 4 1 
201.1 ; 1.963e-12 ; True ; 1 20 110 127 173 388 438 547 634 713 723 900  ; 4 1 8 3 10 3 7 4 4 5 5 4 4 4 4 4 4 1 
202.2 ; 2.081e-12 ; True ; 1 20 30 156 163 388 438 547 713 723 900  ; 4 1 7 3 9 3 7 4 4 5 5 3 5 3 4 3 4 2 
205.1 ; 2.083e-12 ; True ; 1 20 156 329 388 438 484 547 634 713 723 900  ; 4 1 7 4 9 3 7 3 5 5 6 4 4 3 4 5 3 1 
207.5 ; 2.104e-12 ; True ; 1 20 30 112 163 388 484 547 634 713 723  ; 4 1 8 3 10 2 7 3 4 5 4 3 5 4 5 4 4 2 
207.7 ; 2.111e-12 ; True ; 1 20 30 112 163 388 438 547 634 713 723  ; 4 1 8 2 10 2 7 4 4 5 5 3 5 4 5 4 4 2 
207.9 ; 2.174e-12 ; True ; 1 20 156 173 329 388 438 484 547 634 713 723  ; 5 1 8 3 10 2 8 4 5 4 6 5 5 3 4 4 4 1 
208 ; 2.419e-12 ; True ; 1 20 30 112 156 163 388 484 547 723 900  ; 4 1 8 3 9 3 6 4 5 6 4 3 5 3 3 4 4 2 
209 ; 2.507e-12 ; True ; 1 20 156 173 329 388 438 484 547 713 723 900  ; 5 1 8 4 9 3 7 4 5 5 5 4 5 3 3 4 4 1 
211 ; 2.527e-12 ; True ; 1 20 30 112 156 163 388 547 723 885 900  ; 4 1 8 2 9 3 7 5 5 5 4 4 4 3 4 4 4 2 
211.8 ; 2.767e-12 ; True ; 1 20 156 173 388 438 484 547 634 713 723 900  ; 4 1 7 4 10 3 7 4 4 5 5 5 5 3 4 4 4 1 
215 ; 2.923e-12 ; True ; 1 20 30 156 173 329 388 438 547 713 723 900  ; 5 1 8 3 9 3 8 4 5 5 6 4 5 3 4 4 4 1 
216 ; 3.026e-12 ; True ; 1 20 30 156 173 388 438 547 634 713 723 900  ; 4 1 7 3 10 3 8 4 4 5 6 5 5 3 5 4 4 1 
216.3 ; 3.05e-12 ; True ; 1 20 163 173 329 388 438 547 634 713 723 900  ; 5 1 8 3 9 2 8 4 4 4 5 4 5 3 4 5 4 2 
219 ; 3.215e-12 ; True ; 1 20 127 163 173 388 438 547 634 713 723 900  ; 4 1 8 3 10 2 7 5 4 4 5 4 5 4 4 4 4 2 
219.5 ; 3.321e-12 ; True ; 1 20 112 173 388 438 484 547 634 713 723 900  ; 4 1 8 4 10 3 6 4 4 6 4 4 5 4 4 5 4 1 
222 ; 3.323e-12 ; True ; 1 20 163 173 388 438 484 547 634 713 723 900  ; 5 1 8 4 10 2 7 4 3 5 4 4 6 3 4 4 5 2 
223 ; 3.378e-12 ; True ; 1 20 30 156 173 388 438 547 713 723 885 900  ; 5 1 8 3 10 3 8 5 4 5 5 5 5 3 5 3 5 1 
223.8 ; 3.412e-12 ; True ; 1 20 112 260 388 438 484 547 612 713 723 900  ; 4 1 8 4 9 3 5 4 4 6 4 4 6 4 4 4 5 1 
224.5 ; 3.424e-12 ; True ; 1 20 30 112 173 329 388 438 547 713 723 900  ; 5 1 9 3 9 3 7 4 5 6 5 3 5 4 4 5 4 1 
225 ; 3.477e-12 ; True ; 1 20 30 163 173 329 388 438 547 713 723 900  ; 6 1 9 3 9 2 8 4 4 5 5 3 6 3 4 4 5 2 
225.6 ; 3.825e-12 ; True ; 1 20 30 112 173 388 438 547 634 713 723 900  ; 4 1 8 3 10 3 7 4 4 6 5 4 5 4 5 5 4 1 
228.5 ; 4.202e-12 ; True ; 1 20 156 163 173 388 438 547 634 713 723 900  ; 4 1 7 3 10 3 8 5 4 4 5 5 5 3 4 4 4 2 
230.4 ; 4.501e-12 ; True ; 1 20 156 163 388 438 484 547 634 713 723 900  ; 4 1 7 4 10 3 7 4 4 5 5 4 5 3 4 4 4 2 
234.5 ; 4.921e-12 ; True ; 1 20 30 156 163 388 438 547 634 713 723 900  ; 4 1 7 3 10 3 8 4 4 5 6 4 5 3 5 4 4 2 
236.2 ; 5.065e-12 ; True ; 1 20 112 163 388 438 484 547 634 713 723 900  ; 4 1 8 4 10 3 6 4 4 6 4 3 5 4 4 5 4 2 
236.3 ; 5.315e-12 ; True ; 1 20 112 163 173 388 438 547 634 713 723 900  ; 4 1 8 3 10 3 7 5 4 5 4 4 5 4 4 5 4 2 
239.5 ; 5.494e-12 ; True ; 1 20 30 156 163 388 438 547 713 723 885 900  ; 5 1 8 3 10 3 8 5 4 5 5 4 5 3 5 3 5 2 
240.3 ; 5.562e-12 ; True ; 1 20 156 173 329 388 438 484 547 634 713 723 900  ; 5 1 8 4 10 3 8 4 5 5 6 5 5 3 4 5 4 1 
242.2 ; 5.833e-12 ; True ; 1 20 30 112 163 388 438 547 634 713 723 900  ; 4 1 8 3 10 3 7 4 4 6 5 3 5 4 5 5 4 2 
243.1 ; 6.03e-12 ; True ; 1 20 30 112 156 163 388 484 547 634 723 900  ; 4 1 8 3 10 3 7 4 5 6 5 4 5 3 4 5 4 2 
244.1 ; 6.039e-12 ; True ; 1 20 30 112 163 173 388 438 547 713 723 900  ; 5 1 9 3 10 3 7 5 4 6 4 3 6 4 4 4 5 2 
245.4 ; 6.412e-12 ; True ; 1 20 112 156 163 388 438 484 547 634 713 723  ; 4 1 8 3 11 3 7 5 5 5 5 4 5 4 4 4 4 2 
248.2 ; 6.591e-12 ; True ; 1 20 30 112 163 388 438 547 713 723 885 900  ; 5 1 9 3 10 3 7 5 4 6 4 3 5 4 5 4 5 2 
248.2 ; 6.812e-12 ; True ; 1 20 30 112 156 163 388 484 547 723 885 900  ; 5 1 9 3 10 3 7 5 5 6 4 4 5 3 4 4 5 2 
250.2 ; 6.881e-12 ; True ; 1 20 30 112 156 163 388 484 547 634 713 723  ; 4 1 8 3 11 3 8 4 5 5 5 4 5 4 5 4 4 2 
251.5 ; 6.924e-12 ; True ; 1 20 30 112 156 163 388 438 547 713 723 900  ; 4 1 8 3 10 4 7 5 5 6 5 3 5 4 4 4 4 2 
252.4 ; 7.056e-12 ; True ; 1 20 163 173 329 388 438 484 547 634 713 723 900  ; 6 1 9 4 10 2 8 4 4 5 5 4 6 3 4 5 5 2 
253.9 ; 7.06e-12 ; True ; 1 20 30 156 173 388 438 484 547 634 713 723 900  ; 5 1 8 4 11 3 8 4 4 6 6 5 6 3 5 4 5 1 
254.4 ; 7.109e-12 ; True ; 1 20 30 112 156 163 388 547 713 723 885 900  ; 4 1 8 3 10 4 8 5 5 5 4 4 4 4 5 4 4 2 
256.3 ; 7.296e-12 ; True ; 1 20 30 112 156 163 388 484 547 713 723 885  ; 5 1 9 3 11 3 8 5 5 5 4 4 5 4 5 3 5 2 
256.6 ; 7.313e-12 ; True ; 1 20 112 173 388 438 484 547 612 634 713 723 900  ; 5 1 8 4 11 3 6 4 4 6 4 5 6 4 5 5 5 1 
257.1 ; 7.335e-12 ; True ; 1 20 163 260 329 388 438 484 547 634 713 723 900  ; 5 1 9 4 9 2 8 4 4 5 6 4 6 3 4 5 5 2 
257.4 ; 7.454e-12 ; True ; 1 20 112 260 329 388 438 484 537 547 713 723 900  ; 4 1 9 4 9 3 6 5 5 6 5 4 6 4 4 5 5 1 
258 ; 7.624e-12 ; True ; 1 20 112 260 388 438 484 547 612 634 713 723 900  ; 4 1 8 4 10 3 6 4 4 6 5 5 6 4 5 5 5 1 
258.4 ; 7.653e-12 ; True ; 1 20 30 163 173 329 388 438 547 634 713 723 900  ; 6 1 9 3 10 2 9 4 4 5 6 4 6 3 5 5 5 2 
258.6 ; 7.856e-12 ; True ; 1 20 112 173 260 388 438 484 547 634 713 723 900  ; 4 1 9 4 10 3 7 5 4 6 5 5 6 4 4 5 5 1 
259.8 ; 8.265e-12 ; True ; 1 20 163 173 329 388 438 455 547 634 713 723 900  ; 5 1 8 4 9 3 8 4 5 4 5 4 5 4 4 5 4 2 
260 ; 8.378e-12 ; True ; 1 20 156 163 173 329 388 438 547 634 713 723 900  ; 5 1 8 3 10 3 9 5 5 4 6 5 5 3 4 5 4 2 
260.8 ; 9.046e-12 ; True ; 1 20 156 163 329 388 438 484 547 634 713 723 900  ; 5 1 8 4 10 3 8 4 5 5 6 4 5 3 4 5 4 2 
265.5 ; 9.228e-12 ; True ; 1 20 156 163 329 388 438 484 547 612 713 723 900  ; 6 1 8 4 10 3 7 4 5 5 5 4 6 3 4 4 5 2 
266.6 ; 1.021e-11 ; True ; 1 20 156 163 173 388 438 484 547 634 713 723 900  ; 5 1 8 4 11 3 8 5 4 5 5 5 6 3 4 4 5 2 
268.6 ; 1.056e-11 ; True ; 1 20 112 163 173 329 388 438 547 634 713 723 900  ; 5 1 9 3 10 3 8 5 5 5 5 4 5 4 4 6 4 2 
270.5 ; 1.063e-11 ; True ; 1 20 112 163 173 388 438 547 634 636 713 723 900  ; 4 1 8 4 11 3 7 5 4 5 5 4 6 4 4 5 5 2 
270.7 ; 1.107e-11 ; True ; 1 20 30 156 163 173 388 438 547 634 713 723 900  ; 5 1 8 3 11 3 9 5 4 5 6 5 6 3 5 4 5 2 
273.4 ; 1.226e-11 ; True ; 1 20 112 163 173 388 438 484 547 634 713 723 900  ; 5 1 9 4 11 3 7 5 4 6 4 4 6 4 4 5 5 2 
277.3 ; 1.278e-11 ; True ; 1 20 112 163 260 388 438 484 547 634 713 723 900  ; 4 1 9 4 10 3 7 5 4 6 5 4 6 4 4 5 5 2 
279.4 ; 1.394e-11 ; True ; 1 20 30 112 163 173 388 438 547 634 713 723 900  ; 5 1 9 3 11 3 8 5 4 6 5 4 6 4 5 5 5 2 
281.7 ; 1.405e-11 ; True ; 1 20 112 156 163 388 438 484 547 634 713 723 900  ; 4 1 8 4 11 4 7 5 5 6 5 4 5 4 4 5 4 2 
284.5 ; 1.461e-11 ; True ; 1 20 30 112 163 388 438 547 634 713 723 885 900  ; 5 1 9 3 11 3 8 5 4 6 5 4 5 4 6 5 5 2 
285.5 ; 1.471e-11 ; True ; 1 20 30 112 163 388 438 455 547 634 723 885 900  ; 5 1 9 3 10 3 7 5 5 6 5 4 5 4 5 5 5 2 
286.3 ; 1.475e-11 ; True ; 1 20 30 112 156 163 388 484 547 634 723 885 900  ; 5 1 9 3 11 3 8 5 5 6 5 5 5 3 5 5 5 2 
287.4 ; 1.508e-11 ; True ; 1 20 30 112 156 163 388 484 547 634 713 723 900  ; 4 1 8 4 11 4 8 4 5 6 5 4 5 4 5 5 4 2 
287.8 ; 1.536e-11 ; True ; 1 20 30 112 156 163 388 438 547 634 713 723 900  ; 4 1 8 3 11 4 8 5 5 6 6 4 5 4 5 5 4 2 
289.5 ; 1.616e-11 ; True ; 1 20 30 112 156 163 388 438 484 547 634 713 723  ; 5 1 9 3 12 3 8 5 5 6 6 4 6 4 5 4 5 2 
293.3 ; 1.627e-11 ; True ; 1 20 30 112 156 163 260 388 484 547 713 723 900  ; 4 1 9 4 10 4 8 5 5 6 5 4 6 4 4 4 5 2 
294.5 ; 1.704e-11 ; True ; 1 20 30 112 156 163 388 484 547 713 723 885 900  ; 5 1 9 4 11 4 8 5 5 6 4 4 5 4 5 4 5 2 
294.8 ; 1.737e-11 ; True ; 1 20 30 112 156 163 388 438 547 713 723 885 900  ; 5 1 9 3 11 4 8 6 5 6 5 4 5 4 5 4 5 2 
299.9 ; 1.938e-11 ; True ; 1 20 156 163 173 329 388 438 484 547 634 713 723 900  ; 6 1 9 4 11 3 9 5 5 5 6 5 6 3 4 5 5 2 
304.6 ; 1.961e-11 ; True ; 1 20 156 163 260 329 388 438 484 547 634 713 723 900  ; 5 1 9 4 10 3 9 5 5 5 7 5 6 3 4 5 5 2 
304.8 ; 2.029e-11 ; True ; 1 20 112 163 173 329 388 438 547 634 636 713 723 900  ; 5 1 9 4 11 3 8 5 5 5 6 4 6 4 4 6 5 2 
305.8 ; 2.074e-11 ; True ; 1 20 30 163 173 329 388 438 455 547 634 713 723 900  ; 6 1 9 4 10 3 9 4 5 5 6 4 6 4 5 5 5 2 
306 ; 2.123e-11 ; True ; 1 20 112 163 173 187 388 438 484 547 634 713 723 900  ; 5 1 9 4 12 3 8 5 5 6 5 4 6 5 4 5 5 2 
307.7 ; 2.325e-11 ; True ; 1 20 112 163 173 329 388 438 484 547 634 713 723 900  ; 6 1 10 4 11 3 8 5 5 6 5 4 6 4 4 6 5 2 
311.4 ; 2.417e-11 ; True ; 1 20 112 163 260 329 388 438 484 547 634 713 723 900  ; 5 1 10 4 10 3 8 5 5 6 6 4 6 4 4 6 5 2 
313.1 ; 2.449e-11 ; True ; 1 20 112 163 329 388 438 483 484 547 634 713 723 900  ; 5 1 9 4 11 3 7 5 5 6 5 4 6 4 5 6 5 2 
315.7 ; 2.522e-11 ; True ; 1 20 30 112 163 173 329 388 438 547 634 713 723 900  ; 6 1 10 3 11 3 9 5 5 6 6 4 6 4 5 6 5 2 
316 ; 2.575e-11 ; True ; 1 20 112 156 163 329 388 438 484 547 634 713 723 900  ; 5 1 9 4 11 4 8 5 6 6 6 4 5 4 4 6 4 2 
317.9 ; 2.638e-11 ; True ; 1 20 112 163 260 388 438 484 547 612 634 713 723 900  ; 5 1 9 4 11 3 7 5 4 6 5 5 7 4 5 5 6 2 
319.9 ; 2.676e-11 ; True ; 1 20 30 156 163 173 388 438 455 547 634 713 723 900  ; 5 1 8 4 11 4 9 5 5 5 6 5 6 4 5 4 5 2 
320.5 ; 2.802e-11 ; True ; 1 20 30 112 163 173 388 438 484 547 634 713 723 900  ; 6 1 10 4 12 3 8 5 4 7 5 4 7 4 5 5 6 2 
322.9 ; 3.029e-11 ; True ; 1 20 112 156 163 173 388 438 484 547 634 713 723 900  ; 5 1 9 4 12 4 8 6 5 6 5 5 6 4 4 5 5 2 
324.7 ; 3.094e-11 ; True ; 1 20 112 156 163 388 438 484 547 612 634 713 723 900  ; 5 1 8 4 12 4 7 5 5 6 5 5 6 4 5 5 5 2 
328.8 ; 3.163e-11 ; True ; 1 20 30 112 163 173 388 438 455 547 634 713 723 900  ; 5 1 9 4 11 4 8 5 5 6 5 4 6 5 5 5 5 2 
328.9 ; 3.285e-11 ; True ; 1 20 30 112 156 163 173 388 438 547 634 713 723 900  ; 5 1 9 3 12 4 9 6 5 6 6 5 6 4 5 5 5 2 
329.8 ; 3.445e-11 ; True ; 1 20 30 112 156 163 388 438 484 547 634 713 723 900  ; 5 1 9 4 12 4 8 5 5 7 6 4 6 4 5 5 5 2 
334.6 ; 3.513e-11 ; True ; 1 20 30 112 156 163 388 484 547 634 713 723 885 900  ; 5 1 9 4 12 4 9 5 5 6 5 5 5 4 6 5 5 2 
337.8 ; 3.583e-11 ; True ; 1 20 30 112 156 163 388 438 484 547 713 723 885 900  ; 6 1 10 4 12 4 8 6 5 7 5 4 6 4 5 4 6 2 
341.4 ; 3.623e-11 ; True ; 1 20 30 112 156 163 260 388 484 547 713 723 885 900  ; 5 1 10 4 11 4 9 6 5 6 5 5 6 4 5 4 6 2 
345.9 ; 3.828e-11 ; True ; 1 20 112 144 163 173 329 388 438 484 547 634 713 723 900  ; 6 1 10 4 11 4 8 5 5 6 5 4 7 4 4 7 6 2 
348.5 ; 3.977e-11 ; True ; 1 20 112 163 260 329 388 438 484 547 634 636 713 723 900  ; 5 1 10 5 11 3 8 5 5 6 7 4 7 4 4 6 6 2 
349.8 ; 4.055e-11 ; True ; 1 20 25 156 163 329 388 438 484 547 612 634 713 723 900  ; 6 1 9 5 12 3 9 5 5 6 6 5 7 3 5 5 6 2 
351.1 ; 4.218e-11 ; True ; 1 20 156 163 173 329 388 438 455 484 547 634 713 723 900  ; 6 1 9 5 11 4 9 5 6 5 6 5 6 4 4 5 5 2 
353 ; 4.313e-11 ; True ; 1 20 30 163 173 329 388 438 455 547 634 713 723 885 900  ; 7 1 10 4 11 3 10 5 5 5 6 5 6 4 6 5 6 2 
354.7 ; 4.403e-11 ; True ; 1 20 112 163 329 388 438 484 547 634 636 713 723 885 900  ; 6 1 10 5 12 3 8 5 5 6 6 4 6 4 5 6 6 2 
354.9 ; 4.457e-11 ; True ; 1 20 112 163 260 329 388 483 484 547 612 634 713 723 900  ; 5 1 9 4 11 3 8 5 5 5 5 6 7 4 6 6 6 2 
355.5 ; 4.57e-11 ; True ; 1 20 112 163 260 329 388 484 547 612 634 713 723 765 900  ; 5 1 9 5 11 3 8 5 5 6 5 5 7 4 5 6 6 2 
356.6 ; 4.732e-11 ; True ; 1 20 25 112 163 329 388 438 484 547 612 634 713 723 900  ; 6 1 10 5 12 3 8 5 5 7 5 4 7 4 5 6 6 2 
358.6 ; 4.913e-11 ; True ; 1 20 30 112 163 173 329 388 438 484 547 634 713 723 900  ; 7 1 11 4 12 3 9 5 5 7 6 4 7 4 5 6 6 2 
358.9 ; 4.917e-11 ; True ; 1 20 112 163 260 329 388 438 483 484 547 634 713 723 900  ; 5 1 10 4 11 3 8 6 5 6 6 5 7 4 5 6 6 2 
360 ; 5.261e-11 ; True ; 1 20 112 156 163 173 329 388 438 484 547 634 713 723 900  ; 6 1 10 4 12 4 9 6 6 6 6 5 6 4 4 6 5 2 
361.7 ; 5.465e-11 ; True ; 1 20 112 156 163 329 388 438 484 547 612 634 713 723 900  ; 6 1 9 4 12 4 8 5 6 6 6 5 6 4 5 6 5 2 
365.8 ; 5.587e-11 ; True ; 1 20 112 156 163 329 388 438 484 537 547 634 713 723 900  ; 5 1 9 4 12 4 8 6 6 6 6 5 6 4 5 6 5 2 
367.9 ; 5.824e-11 ; True ; 1 20 30 112 156 163 329 388 438 484 547 634 713 723 900  ; 6 1 10 4 12 4 9 5 6 7 7 4 6 4 5 6 5 2 
371.3 ; 5.858e-11 ; True ; 1 20 30 112 156 163 260 329 388 484 547 634 713 723 900  ; 5 1 10 4 11 4 10 5 6 6 7 5 6 4 5 6 5 2 
372.6 ; 5.937e-11 ; True ; 1 20 30 112 156 163 329 388 484 537 547 634 713 723 900  ; 5 1 9 4 12 4 9 5 6 6 6 5 6 4 6 6 5 2 
373.7 ; 6.068e-11 ; True ; 1 20 30 112 156 163 329 388 484 547 634 713 723 885 900  ; 6 1 10 4 12 4 10 5 6 6 6 5 5 4 6 6 5 2 
373.8 ; 6.601e-11 ; True ; 1 20 30 112 156 163 173 388 438 484 547 634 713 723 900  ; 6 1 10 4 13 4 9 6 5 7 6 5 7 4 5 5 6 2 
378.6 ; 6.678e-11 ; True ; 1 20 30 112 156 163 260 388 438 484 547 634 713 723 900  ; 5 1 10 4 12 4 9 6 5 7 7 5 7 4 5 5 6 2 
379.9 ; 7.1e-11 ; True ; 1 20 30 112 156 163 388 438 484 547 634 713 723 885 900  ; 6 1 10 4 13 4 9 6 5 7 6 5 6 4 6 5 6 2 
390.8 ; 7.258e-11 ; True ; 1 20 30 112 156 163 388 438 455 484 547 634 713 723 885  ; 6 1 10 4 13 4 9 6 6 6 6 5 6 5 6 4 6 2 
395.3 ; 7.31e-11 ; True ; 1 20 112 163 260 329 388 484 547 612 634 688 713 723 765 900  ; 5 1 9 5 12 4 8 5 5 6 5 5 7 5 5 7 6 2 
396.5 ; 7.857e-11 ; True ; 1 20 112 156 163 173 187 329 388 438 484 547 634 713 723 900  ; 6 1 10 4 13 4 10 6 7 6 7 5 6 5 4 6 5 2 
402.6 ; 8.992e-11 ; True ; 1 20 112 156 163 329 388 438 484 547 612 634 636 713 723 900  ; 6 1 9 5 13 4 8 5 6 6 7 5 7 4 5 6 6 2 
410 ; 9.041e-11 ; True ; 1 20 30 112 163 173 329 388 438 455 547 634 636 713 723 900  ; 6 1 10 5 12 4 9 5 6 6 7 4 7 5 5 6 6 2 
410.1 ; 9.828e-11 ; True ; 1 20 112 163 260 329 388 438 455 484 547 612 634 713 723 900  ; 6 1 10 5 11 4 8 5 6 6 6 5 7 5 5 6 6 2 
412.1 ; 9.944e-11 ; True ; 1 20 25 112 156 163 260 329 388 484 537 547 612 713 723 900  ; 5 1 10 5 12 4 9 7 6 6 5 6 8 4 5 5 7 2 
413.7 ; 1.022e-10 ; True ; 1 20 112 156 163 329 388 438 484 547 612 634 713 723 765 900  ; 6 1 9 5 13 4 8 6 6 7 6 5 7 4 5 6 6 2 
414.9 ; 1.076e-10 ; True ; 1 20 30 112 156 163 173 329 388 438 484 547 634 713 723 900  ; 7 1 11 4 13 4 10 6 6 7 7 5 7 4 5 6 6 2 
417.5 ; 1.086e-10 ; True ; 1 20 30 112 156 163 329 388 438 484 547 612 634 713 723 900  ; 7 1 10 4 13 4 9 5 6 7 7 5 7 4 6 6 6 2 
419.5 ; 1.094e-10 ; True ; 1 20 30 112 156 163 260 329 388 438 484 547 634 713 723 900  ; 6 1 11 4 12 4 10 6 6 7 8 5 7 4 5 6 6 2 
421.7 ; 1.138e-10 ; True ; 1 20 30 112 156 163 329 388 438 484 537 547 634 713 723 900  ; 6 1 10 4 13 4 9 6 6 7 7 5 7 4 6 6 6 2 
421.9 ; 1.157e-10 ; True ; 1 20 30 112 156 163 329 388 438 484 547 634 713 723 885 900  ; 7 1 11 4 13 4 10 6 6 7 7 5 6 4 6 6 6 2 
426.9 ; 1.161e-10 ; True ; 1 20 30 112 163 173 388 438 455 484 547 634 713 723 885 900  ; 7 1 11 5 13 4 9 6 5 7 5 5 7 5 6 5 7 2 
426.9 ; 1.196e-10 ; True ; 1 20 30 112 156 163 173 388 438 484 547 634 713 723 885 900  ; 7 1 11 4 14 4 10 7 5 7 6 6 7 4 6 5 7 2 
430.7 ; 1.205e-10 ; True ; 1 20 30 112 156 163 388 438 484 547 612 634 713 723 885 900  ; 7 1 10 4 14 4 9 6 5 7 6 6 7 4 7 5 7 2 
430.9 ; 1.268e-10 ; True ; 1 20 30 112 156 163 173 388 438 455 484 547 634 713 723 900  ; 6 1 10 5 13 5 9 6 6 7 6 5 7 5 5 5 6 2 
435.7 ; 1.283e-10 ; True ; 1 20 30 112 156 163 260 388 438 455 484 547 634 713 723 900  ; 5 1 10 5 12 5 9 6 6 7 7 5 7 5 5 5 6 2 
437 ; 1.364e-10 ; True ; 1 20 30 112 156 163 388 438 455 484 547 634 713 723 885 900  ; 6 1 10 5 13 5 9 6 6 7 6 5 6 5 6 5 6 2 
452.7 ; 1.38e-10 ; True ; 1 20 25 30 112 163 187 260 329 388 438 484 547 634 713 723 900  ; 6 1 12 5 13 3 11 6 6 8 8 4 8 5 5 6 7 2 
453.5 ; 1.406e-10 ; True ; 1 20 30 112 156 163 329 388 484 547 634 713 723 874 885 900  ; 6 1 10 5 12 5 10 5 6 7 6 5 6 5 6 6 6 2 
454 ; 1.43e-10 ; True ; 1 20 30 112 156 163 329 388 438 547 634 713 723 874 885 900  ; 6 1 10 4 12 5 10 6 6 7 7 5 6 5 6 6 6 2 
454.3 ; 1.441e-10 ; True ; 1 20 30 112 163 173 187 329 388 438 455 484 547 634 713 723 900  ; 7 1 11 5 13 4 10 5 7 7 7 4 7 6 5 6 6 2 
455.9 ; 1.592e-10 ; True ; 1 20 25 112 156 163 187 329 388 438 483 484 547 634 713 723 900  ; 5 1 10 5 14 4 10 7 7 7 7 5 7 5 5 6 6 2 
458.8 ; 1.661e-10 ; True ; 1 20 30 112 156 163 173 329 388 438 484 547 634 636 713 723 900  ; 7 1 11 5 14 4 10 6 6 7 8 5 8 4 5 6 7 2 
460.7 ; 1.688e-10 ; True ; 1 20 112 156 163 260 329 388 484 537 547 612 634 713 723 765 900  ; 5 1 9 5 13 4 9 7 6 6 6 7 8 4 6 6 7 2 
462.9 ; 1.729e-10 ; True ; 1 20 112 156 163 260 329 388 438 484 537 547 612 634 713 723 900  ; 6 1 10 4 13 4 9 7 6 6 7 7 8 4 6 6 7 2 
467.9 ; 1.834e-10 ; True ; 1 20 112 156 163 173 329 388 438 455 484 547 612 634 713 723 900  ; 7 1 10 5 13 5 9 6 7 6 6 6 7 5 5 6 6 2 
470.8 ; 1.874e-10 ; True ; 1 20 30 112 156 163 260 329 388 438 484 547 612 634 713 723 900  ; 7 1 11 4 13 4 10 6 6 7 8 6 8 4 6 6 7 2 
473.5 ; 1.906e-10 ; True ; 1 20 30 112 156 163 329 388 438 484 547 612 634 713 723 765 900  ; 7 1 10 5 14 4 9 6 6 8 7 5 8 4 6 6 7 2 
474 ; 2.011e-10 ; True ; 1 20 30 112 156 163 173 329 388 438 455 484 547 634 713 723 900  ; 7 1 11 5 13 5 10 6 7 7 7 5 7 5 5 6 6 2 
476.6 ; 2.03e-10 ; True ; 1 20 30 112 156 163 329 388 438 455 484 547 612 634 713 723 900  ; 7 1 10 5 13 5 9 5 7 7 7 5 7 5 6 6 6 2 
478.6 ; 2.044e-10 ; True ; 1 20 30 112 156 163 260 329 388 438 455 484 547 634 713 723 900  ; 6 1 11 5 12 5 10 6 7 7 8 5 7 5 5 6 6 2 
481 ; 2.163e-10 ; True ; 1 20 30 112 156 163 329 388 438 455 484 547 634 713 723 885 900  ; 7 1 11 5 13 5 10 6 7 7 7 5 6 5 6 6 6 2 
488 ; 2.298e-10 ; True ; 1 20 30 112 156 163 173 388 438 455 484 547 634 713 723 885 900  ; 7 1 11 5 14 5 10 7 6 7 6 6 7 5 6 5 7 2 
503.3 ; 2.3e-10 ; True ; 1 20 30 112 156 163 329 388 438 484 547 612 634 713 723 874 900  ; 7 1 10 5 13 5 9 5 6 8 7 5 8 5 6 6 7 2 
504.5 ; 2.322e-10 ; True ; 1 20 112 156 163 329 388 438 484 547 612 634 713 723 874 885 900  ; 7 1 10 5 13 5 9 6 6 7 6 6 7 5 6 6 7 2 
505.7 ; 2.379e-10 ; True ; 1 20 30 112 156 163 329 388 438 455 484 547 634 723 874 885 900  ; 7 1 11 5 12 5 9 6 7 8 7 5 7 5 5 6 7 2 
506.7 ; 2.496e-10 ; True ; 1 20 30 112 156 163 329 388 438 484 547 634 713 723 874 885 900  ; 7 1 11 5 13 5 10 6 6 8 7 5 7 5 6 6 7 2 
512 ; 2.511e-10 ; True ; 1 20 30 112 156 163 260 329 388 484 547 634 713 723 874 885 900  ; 6 1 11 5 12 5 11 6 6 7 7 6 7 5 6 6 7 2 
516.8 ; 2.867e-10 ; True ; 1 20 112 156 163 260 329 388 438 484 537 547 612 634 713 723 765 900  ; 6 1 10 5 14 4 9 8 6 7 7 7 9 4 6 6 8 2 
524.8 ; 2.99e-10 ; True ; 1 20 30 112 127 156 163 173 329 388 438 484 547 634 713 723 885 900  ; 8 1 13 4 15 4 11 8 7 7 8 6 7 5 6 6 7 2 
525.4 ; 3.082e-10 ; True ; 1 20 30 112 156 163 260 329 388 484 537 547 612 634 713 723 765 900  ; 6 1 10 5 14 4 10 7 6 7 7 7 9 4 7 6 8 2 
529.7 ; 3.266e-10 ; True ; 1 20 30 112 156 163 329 388 438 455 484 547 634 636 713 723 885 900  ; 7 1 11 6 14 5 10 6 7 7 8 5 7 5 6 6 7 2 
535.2 ; 3.299e-10 ; True ; 1 20 25 30 112 156 163 260 329 388 438 484 547 634 713 723 885 900  ; 7 1 13 5 14 4 12 8 6 8 8 6 8 4 6 6 8 2 
536.3 ; 3.543e-10 ; True ; 1 20 30 112 156 163 329 388 438 455 484 537 547 612 634 713 723 900  ; 7 1 10 5 14 5 9 6 7 7 7 6 8 5 7 6 7 2 
540.5 ; 3.672e-10 ; True ; 1 20 30 112 156 163 260 329 388 438 455 484 547 634 713 723 885 900  ; 7 1 12 5 13 5 11 7 7 7 8 6 7 5 6 6 7 2 
550.1 ; 3.79e-10 ; True ; 1 20 30 112 156 163 260 388 438 455 484 547 612 634 713 723 885 900  ; 7 1 11 5 14 5 10 7 6 7 7 7 8 5 7 5 8 2 
561.5 ; 3.951e-10 ; True ; 1 20 30 112 156 163 173 329 388 438 484 547 634 713 723 874 885 900  ; 8 1 12 5 14 5 11 7 6 8 7 6 8 5 6 6 8 2 
566.1 ; 4.016e-10 ; True ; 1 20 30 112 156 163 329 388 438 484 547 612 634 713 723 874 885 900  ; 8 1 11 5 14 5 10 6 6 8 7 6 8 5 7 6 8 2 
568.2 ; 4.085e-10 ; True ; 1 20 30 112 156 163 260 329 388 438 484 547 634 713 723 874 885 900  ; 7 1 12 5 13 5 11 7 6 8 8 6 8 5 6 6 8 2 
570.1 ; 4.153e-10 ; True ; 1 20 30 112 156 163 173 329 388 438 455 547 634 713 723 874 885 900  ; 7 1 11 5 13 6 11 7 7 7 7 6 7 6 6 6 7 2 
570.4 ; 4.168e-10 ; True ; 1 20 30 112 156 163 329 388 438 484 537 547 634 713 723 874 885 900  ; 7 1 11 5 14 5 10 7 6 8 7 6 8 5 7 6 8 2 
576.1 ; 4.171e-10 ; True ; 1 20 30 112 156 163 260 329 388 455 484 547 634 713 723 874 885 900  ; 6 1 11 6 12 6 11 6 7 7 7 6 7 6 6 6 7 2 
577.7 ; 4.222e-10 ; True ; 1 20 30 112 156 163 260 329 388 438 455 547 634 713 723 874 885 900  ; 6 1 11 5 12 6 11 7 7 7 8 6 7 6 6 6 7 2 
580.8 ; 4.286e-10 ; True ; 1 20 30 112 156 163 329 388 438 455 537 547 634 713 723 874 885 900  ; 6 1 10 5 13 6 10 7 7 7 7 6 7 6 7 6 7 2 
581.6 ; 4.73e-10 ; True ; 1 20 30 112 156 163 187 329 388 438 484 547 612 634 713 723 765 885 900  ; 8 1 11 5 16 4 11 7 7 8 8 6 8 5 7 6 8 2 
584.4 ; 4.765e-10 ; True ; 1 20 30 112 156 163 260 329 388 438 484 537 547 612 634 713 723 765 900  ; 7 1 11 5 15 4 10 8 6 8 8 7 10 4 7 6 9 2 
585.5 ; 5.145e-10 ; True ; 1 20 112 156 163 260 329 388 438 455 484 537 547 612 634 713 723 765 900  ; 6 1 10 6 14 5 9 8 7 7 7 7 9 5 6 6 8 2 
595.3 ; 5.387e-10 ; True ; 1 20 30 112 156 163 173 329 388 438 455 484 547 612 634 713 723 765 900  ; 8 1 11 6 15 5 10 7 7 8 7 6 9 5 6 6 8 2 
595.6 ; 5.569e-10 ; True ; 1 20 30 112 156 163 260 329 388 438 455 484 547 612 634 713 723 765 900  ; 7 1 11 6 14 5 10 7 7 8 8 6 9 5 6 6 8 2 
599.7 ; 5.744e-10 ; True ; 1 20 30 112 156 163 260 329 388 438 455 484 547 612 634 713 723 885 900  ; 8 1 12 5 14 5 11 7 7 7 8 7 8 5 7 6 8 2 
603.3 ; 5.818e-10 ; True ; 1 20 30 112 156 163 329 388 438 455 484 547 612 634 713 723 765 885 900  ; 8 1 11 6 15 5 10 7 7 8 7 6 8 5 7 6 8 2 
613 ; 5.835e-10 ; True ; 1 20 30 112 156 163 260 388 438 455 484 547 612 634 713 723 765 885 900  ; 7 1 11 6 15 5 10 8 6 8 7 7 9 5 7 5 9 2 
626.2 ; 6.179e-10 ; True ; 1 20 30 112 156 163 173 329 388 438 455 484 547 612 634 713 723 874 900  ; 8 1 11 6 14 6 10 6 7 8 7 6 9 6 6 6 8 2 
629.3 ; 6.221e-10 ; True ; 1 20 30 112 156 163 260 329 388 438 484 547 612 634 713 723 874 885 900  ; 8 1 12 5 14 5 11 7 6 8 8 7 9 5 7 6 9 2 
631.8 ; 6.314e-10 ; True ; 1 20 112 156 163 260 329 388 438 455 484 547 612 634 713 723 874 885 900  ; 7 1 11 6 13 6 10 7 7 7 7 7 8 6 6 6 8 2 
634.2 ; 6.672e-10 ; True ; 1 20 30 112 156 163 329 388 438 455 484 547 612 634 713 723 874 885 900  ; 8 1 11 6 14 6 10 6 7 8 7 6 8 6 7 6 8 2 
636.2 ; 6.786e-10 ; True ; 1 20 30 112 156 163 260 329 388 438 455 484 547 634 713 723 874 885 900  ; 7 1 12 6 13 6 11 7 7 8 8 6 8 6 6 6 8 2 
655.8 ; 7.32e-10 ; True ; 1 20 25 30 112 156 163 260 329 388 438 484 537 547 634 713 723 765 885 900  ; 7 1 13 6 16 4 12 10 6 9 8 7 10 4 7 6 10 2 
656.5 ; 7.356e-10 ; True ; 1 20 30 112 156 163 173 266 329 388 438 455 484 547 612 634 713 723 765 900  ; 8 1 11 6 16 5 10 7 7 9 7 7 10 5 6 6 9 2 
657.1 ; 8.55e-10 ; True ; 1 20 30 112 156 163 260 329 388 438 455 484 537 547 612 634 713 723 765 900  ; 7 1 11 6 15 5 10 8 7 8 8 7 10 5 7 6 9 2 
672.9 ; 8.891e-10 ; True ; 1 20 25 30 112 156 163 260 329 388 438 455 484 537 547 634 713 723 769 900  ; 6 1 12 7 14 6 11 8 7 9 8 6 9 6 6 6 8 2 
697.9 ; 9.091e-10 ; True ; 1 20 30 112 156 163 260 329 388 438 455 484 547 612 634 723 765 874 885 900  ; 8 1 12 6 14 5 10 8 7 9 8 7 10 5 6 6 10 2 
701.8 ; 9.231e-10 ; True ; 1 20 30 112 156 163 260 306 329 388 438 455 484 547 612 634 723 874 885 900  ; 8 1 12 5 13 5 11 7 7 8 8 7 9 5 6 6 9 3 
705.2 ; 9.536e-10 ; True ; 1 20 30 112 156 163 260 306 329 388 438 484 537 547 634 713 723 874 885 900  ; 7 1 12 5 14 5 12 8 6 8 8 7 9 5 7 6 9 3 
707.9 ; 1.007e-09 ; True ; 1 20 30 112 156 163 260 329 388 455 483 484 547 612 634 713 723 874 885 900  ; 7 1 11 6 14 6 11 7 7 7 7 8 9 6 8 6 9 2 
714 ; 1.022e-09 ; True ; 1 20 30 112 156 163 260 329 388 438 455 537 547 634 713 723 765 874 885 900  ; 6 1 11 6 14 6 11 9 7 8 8 7 9 6 7 6 9 2 
717 ; 1.027e-09 ; True ; 1 20 30 112 156 163 260 329 370 388 438 455 484 537 547 612 634 713 723 765 900  ; 7 1 12 6 16 5 11 8 7 9 8 7 11 5 7 6 10 2 
725 ; 1.093e-09 ; True ; 1 20 30 112 156 163 260 306 329 388 438 455 484 537 547 634 713 723 765 805 900  ; 7 1 12 6 15 5 11 8 7 9 8 6 10 5 6 6 9 3 
733.4 ; 1.138e-09 ; True ; 1 20 30 112 156 163 260 306 329 388 438 455 484 537 547 634 709 713 723 885 900  ; 7 1 12 5 15 5 13 8 8 8 8 7 9 5 7 6 8 3 
742.3 ; 1.337e-09 ; True ; 1 20 30 112 156 163 260 306 329 388 438 455 484 537 547 634 713 723 765 885 900  ; 7 1 12 6 15 5 12 9 7 8 8 7 9 5 7 6 9 3 
781 ; 1.488e-09 ; True ; 1 20 30 112 156 163 260 329 388 438 455 537 547 612 634 713 723 765 874 885 900  ; 7 1 11 6 15 6 11 9 7 8 8 8 10 6 8 6 10 2 
807 ; 1.577e-09 ; True ; 1 20 30 112 156 163 260 329 370 388 438 455 484 537 547 612 634 713 723 765 817 900  ; 7 1 12 7 17 6 11 8 7 10 8 7 11 6 7 6 10 2 
814.2 ; 1.63e-09 ; True ; 1 20 30 112 156 163 260 306 329 388 438 455 484 547 612 634 712 713 723 765 885 900  ; 8 1 13 6 16 5 12 8 7 8 8 7 10 5 7 7 10 3 
832.2 ; 1.853e-09 ; True ; 1 20 30 112 156 163 173 260 329 388 438 455 537 547 612 634 713 723 765 817 885 900  ; 8 1 12 6 17 6 12 10 7 8 8 9 10 6 8 6 10 2 
860.8 ; 1.86e-09 ; True ; 1 20 30 112 156 163 260 306 329 388 438 455 484 500 547 592 634 709 713 723 885 900  ; 7 1 13 6 15 6 14 8 9 9 9 7 8 7 6 6 7 3 
865.9 ; 1.97e-09 ; True ; 1 20 30 112 156 163 260 329 388 395 455 484 537 547 612 634 713 723 765 817 874 900  ; 7 1 11 8 16 7 11 8 7 9 7 7 11 7 8 6 10 2 
894.8 ; 2.044e-09 ; True ; 1 20 30 112 145 156 163 260 329 388 455 484 537 547 612 634 713 723 765 769 805 817 885  ; 8 1 12 7 17 7 11 8 7 9 7 8 10 7 8 6 10 2 
894.8 ; 2.084e-09 ; True ; 1 20 30 61 112 156 163 260 329 388 455 484 537 547 612 634 713 723 765 805 874 885 900  ; 8 1 12 7 17 6 11 8 7 10 7 8 12 6 8 6 12 2 
905.5 ; 2.201e-09 ; True ; 1 20 30 112 156 163 260 329 388 484 500 537 547 592 612 634 723 765 817 874 885 900  ; 7 1 12 7 16 6 11 9 7 10 8 9 10 7 7 6 10 2 
924.7 ; 2.294e-09 ; True ; 1 20 30 112 156 163 260 329 388 438 455 484 537 547 612 634 713 723 765 874 880 885 900  ; 9 1 13 7 17 6 11 9 7 9 8 8 12 6 8 6 11 2 
925.3 ; 2.517e-09 ; True ; 1 20 30 110 112 156 163 260 329 388 395 455 484 537 547 612 634 713 723 765 874 885 900  ; 9 1 13 7 17 7 13 9 7 9 7 8 11 6 9 6 12 2 
953.4 ; 2.905e-09 ; True ; 1 20 30 112 156 163 260 306 329 388 438 484 537 547 592 612 634 713 723 765 817 874 900  ; 7 1 11 8 16 7 11 8 6 11 8 7 11 7 7 6 10 3 
969.3 ; 2.935e-09 ; True ; 1 20 30 112 163 260 306 329 388 395 438 455 484 500 547 592 634 713 723 856 874 885 900  ; 8 1 14 7 14 7 13 8 7 9 9 7 9 8 7 6 9 3 
1016 ; 2.977e-09 ; True ; 1 20 30 112 156 163 260 329 388 438 484 500 537 547 612 634 713 723 743 817 874 885 900  ; 8 1 13 6 17 7 12 9 8 9 9 9 10 8 8 6 10 2 
1040 ; 3.277e-09 ; True ; 1 20 30 112 156 163 260 329 344 388 455 484 500 537 547 612 634 713 723 765 805 817 885 900  ; 9 1 13 7 18 6 12 9 8 9 9 9 10 8 8 6 10 2 
1080 ; 3.468e-09 ; True ; 1 20 30 112 156 163 260 329 388 484 500 537 547 595 612 634 713 723 765 805 817 874 885 900  ; 8 1 13 7 18 6 12 9 8 10 8 9 11 7 8 7 11 2 
1132 ; 4.003e-09 ; True ; 1 20 30 112 156 163 260 297 329 388 395 438 455 537 547 592 612 634 713 723 765 817 874 885 900  ; 8 1 12 8 18 8 12 10 7 10 8 8 11 8 9 6 11 2 
1317 ; 4.221e-09 ; True ; 1 20 30 112 156 163 260 266 344 388 395 455 472 484 500 537 547 634 713 723 765 817 839 874 885 900  ; 7 1 12 8 19 9 13 11 7 10 8 9 12 10 8 5 11 2 
1346 ; 4.241e-09 ; True ; 1 20 30 112 149 156 163 260 283 306 323 329 388 455 472 484 500 537 547 612 634 713 723 765 863 885  ; 9 1 13 7 16 8 15 9 8 7 8 9 12 8 8 5 11 3 
1377 ; 4.514e-09 ; True ; 1 20 30 112 156 163 260 266 344 388 395 438 455 472 484 500 547 612 634 713 723 765 817 839 854 885 900  ; 9 1 13 7 21 8 14 11 8 10 9 9 12 9 8 5 11 2 
1382 ; 4.61e-09 ; True ; 1 20 30 112 156 163 247 260 306 344 388 395 455 472 484 537 547 612 634 713 723 765 817 839 874 885 900  ; 8 1 11 8 18 9 13 10 6 9 7 8 13 9 9 5 11 3 
1402 ; 5.246e-09 ; True ; 1 20 30 112 156 163 260 306 323 329 388 395 500 537 547 576 592 612 636 712 713 723 765 817 875 885 900  ; 7 1 14 7 20 7 14 10 8 8 9 8 12 8 8 7 11 3 
1531 ; 6.347e-09 ; True ; 1 20 30 103 112 163 260 283 306 323 329 388 395 438 500 547 592 612 634 712 713 723 765 856 863 874 885 900  ; 9 1 15 8 17 9 13 10 6 10 9 8 12 7 8 7 12 3 
1636 ; 8.365e-09 ; True ; 1 20 30 103 112 163 260 283 306 323 329 388 395 438 500 537 547 592 612 634 712 713 723 765 856 863 874 885 900  ; 9 1 15 8 18 9 13 11 6 10 9 9 13 7 9 7 13 3 
1756 ; 8.669e-09 ; True ; 1 20 30 103 112 163 260 263 283 306 323 329 388 395 438 500 537 547 592 612 634 712 713 723 765 856 863 874 885 900  ; 9 1 15 8 18 10 13 11 6 10 9 9 13 7 9 7 13 3 


RUN 3:
Optimum Distance: 26.48
Optimal Team: 163,388,455,634,
Required Skills: 0 1 2 4 5 7 9 10 11 12 14 15 16 18 22 23 24 26 
Distance; Skill Score; isValid; Team; Skill Counts
33.49 ; 2.839e-18 ; True ; 69 163 388 592 723  ; 2 1 3 1 2 1 2 1 1 2 2 1 1 3 1 2 1 1 
34.45 ; 4.896e-18 ; True ; 1 163 388 688 723  ; 2 1 4 1 4 1 2 1 1 2 1 1 2 2 1 2 2 1 
34.51 ; 7.153e-18 ; True ; 1 163 388 723 900  ; 2 1 4 2 3 1 2 1 1 3 1 1 2 1 1 2 2 1 
34.54 ; 8.162e-18 ; True ; 163 173 388 723 900  ; 3 1 4 1 3 1 3 2 1 2 1 1 2 1 1 2 2 1 
35.44 ; 8.535e-18 ; True ; 163 388 592 723 885  ; 3 1 4 1 3 1 3 2 1 2 1 1 1 2 2 1 2 1 
36.18 ; 1.343e-17 ; True ; 163 388 547 592 885  ; 2 1 3 1 3 1 3 3 1 2 1 1 2 2 2 1 2 1 
38.36 ; 1.357e-17 ; True ; 163 388 547 885 900  ; 2 1 3 1 3 1 3 3 1 2 1 1 2 1 2 2 2 1 
39.51 ; 2.875e-17 ; True ; 1 112 163 388 723  ; 2 1 5 1 4 1 2 2 2 3 1 1 2 2 1 2 2 1 
46.26 ; 5.163e-17 ; True ; 1 163 329 388 413 723  ; 3 1 5 2 3 1 3 1 2 3 2 1 2 1 1 2 2 1 
46.27 ; 7.35e-17 ; True ; 1 163 329 388 723 900  ; 3 1 5 2 3 1 3 1 2 3 2 1 2 1 1 3 2 1 
47.46 ; 7.707e-17 ; True ; 1 20 388 438 723 900  ; 2 1 5 2 4 1 2 1 2 4 2 2 2 1 1 2 2 1 
47.73 ; 9.123e-17 ; True ; 127 163 173 388 723 900  ; 3 1 5 1 4 1 3 3 2 2 2 1 2 2 1 2 2 1 
49.23 ; 9.888e-17 ; True ; 20 173 388 438 723 900  ; 3 1 5 1 4 1 3 2 2 3 2 2 2 1 1 2 2 1 
49.29 ; 1.014e-16 ; True ; 1 163 173 388 723 900  ; 3 1 5 2 4 1 3 2 1 3 1 2 3 1 1 2 3 1 
49.68 ; 1.064e-16 ; True ; 1 127 163 388 723 900  ; 2 1 5 2 4 1 2 2 2 3 2 1 2 2 1 2 2 1 
51.1 ; 1.179e-16 ; True ; 1 20 156 388 438 723  ; 2 1 5 1 5 1 3 2 3 3 3 3 2 1 1 1 2 1 
51.12 ; 1.229e-16 ; True ; 1 163 329 388 547 900  ; 2 1 4 2 3 1 3 2 2 3 2 1 3 1 1 3 2 1 
51.23 ; 1.31e-16 ; True ; 163 173 388 438 713 723  ; 4 1 5 1 5 1 4 3 1 2 2 1 3 2 2 1 3 1 
51.26 ; 1.554e-16 ; True ; 1 163 329 388 713 723  ; 3 1 5 2 4 1 4 1 2 2 2 1 2 2 2 2 2 1 
52.26 ; 1.59e-16 ; True ; 1 163 388 531 547 723  ; 2 1 4 1 4 1 3 2 2 2 2 1 3 2 2 2 3 1 
52.3 ; 1.906e-16 ; True ; 1 163 388 438 713 723  ; 3 1 5 2 5 1 3 2 1 3 2 1 3 2 2 1 3 1 
54.05 ; 2.016e-16 ; True ; 30 163 388 547 885 900  ; 3 1 4 1 4 1 4 3 1 3 2 1 3 1 3 2 3 1 
54.12 ; 2.137e-16 ; True ; 1 112 163 329 388 723  ; 3 1 6 1 4 1 3 2 3 3 2 1 2 2 1 3 2 1 
54.19 ; 3.253e-16 ; True ; 1 163 388 413 547 723  ; 2 1 4 2 4 1 3 2 2 3 2 1 3 2 2 2 2 1 
54.23 ; 4.632e-16 ; True ; 1 163 388 547 723 900  ; 2 1 4 2 4 1 3 2 2 3 2 1 3 2 2 3 2 1 
58.06 ; 4.748e-16 ; True ; 1 42 163 388 547 723  ; 2 1 4 1 5 1 3 2 2 2 3 2 3 2 3 2 2 1 
58.23 ; 5.413e-16 ; True ; 1 163 388 547 713 723  ; 2 1 4 2 5 1 4 2 2 2 2 1 3 3 3 2 2 1 
61.05 ; 5.827e-16 ; True ; 1 30 112 163 388 547  ; 2 1 5 1 5 1 3 3 2 4 2 1 4 2 2 2 3 1 
61.19 ; 7.734e-16 ; True ; 1 112 163 388 547 723  ; 2 1 5 1 5 1 3 3 3 3 2 1 3 3 2 3 2 1 
63.13 ; 7.747e-16 ; True ; 1 20 173 388 438 723 900  ; 3 1 6 2 5 1 3 2 2 4 2 3 3 1 1 2 3 1 
63.15 ; 7.826e-16 ; True ; 1 163 388 547 723 874  ; 2 1 4 2 4 1 3 2 2 3 2 1 4 3 2 2 3 1 
63.98 ; 8.052e-16 ; True ; 1 163 173 329 388 723 900  ; 4 1 6 2 4 1 4 2 2 3 2 2 3 1 1 3 3 1 
64.83 ; 1.072e-15 ; True ; 1 127 163 173 388 723 900  ; 3 1 6 2 5 1 3 3 2 3 2 2 3 2 1 2 3 1 
67.1 ; 1.348e-15 ; True ; 1 20 173 388 438 713 723  ; 3 1 6 2 6 1 4 2 2 3 2 3 3 2 2 1 3 1 
68.92 ; 1.706e-15 ; True ; 1 163 388 438 634 713 723  ; 3 1 5 2 6 1 4 2 1 3 3 2 3 2 3 2 3 1 
68.96 ; 2.143e-15 ; True ; 1 163 329 388 547 723 900  ; 3 1 5 2 4 1 4 2 3 3 3 1 3 2 2 4 2 1 
71.06 ; 2.758e-15 ; True ; 1 20 388 438 547 723 900  ; 2 1 5 2 5 1 3 2 3 4 3 2 3 2 2 3 2 1 
72.93 ; 3.122e-15 ; True ; 1 163 388 438 547 723 900  ; 3 1 5 2 5 1 3 3 2 4 3 1 4 2 2 3 3 1 
73.79 ; 3.873e-15 ; True ; 1 163 173 388 547 723 900  ; 3 1 5 2 5 1 4 3 2 3 2 2 4 2 2 3 3 1 
75.85 ; 4.584e-15 ; True ; 1 163 388 547 723 885 900  ; 3 1 5 2 5 1 4 3 2 3 2 2 3 2 3 3 3 1 
79.43 ; 5.529e-15 ; True ; 1 156 163 388 547 723 900  ; 2 1 4 2 5 2 4 3 3 3 3 2 3 2 2 3 2 1 
81.41 ; 5.622e-15 ; True ; 1 156 163 388 484 547 723  ; 3 1 5 2 6 1 4 3 3 3 3 2 4 2 2 2 3 1 
83.27 ; 5.805e-15 ; True ; 1 30 156 163 388 547 723  ; 3 1 5 1 6 1 5 3 3 3 4 2 4 2 3 2 3 1 
83.77 ; 6.046e-15 ; True ; 1 30 112 163 388 547 723  ; 3 1 6 1 6 1 4 3 3 4 3 1 4 3 3 3 3 1 
83.78 ; 7.6e-15 ; True ; 1 20 173 388 438 634 713 723  ; 3 1 6 2 7 1 5 2 2 3 3 4 3 2 3 2 3 1 
86.56 ; 7.702e-15 ; True ; 1 163 173 388 438 634 713 723  ; 4 1 6 2 7 1 5 3 1 3 3 3 4 2 3 2 4 1 
86.87 ; 9.735e-15 ; True ; 1 20 329 388 438 547 723 900  ; 3 1 6 2 5 1 4 2 4 4 4 2 3 2 2 4 2 1 
90.36 ; 1.01e-14 ; True ; 1 110 163 329 388 547 723 900  ; 4 1 6 2 5 2 5 2 3 4 3 1 3 2 2 4 3 1 
90.51 ; 1.02e-14 ; True ; 1 163 329 388 547 634 723 900  ; 3 1 5 2 5 1 5 2 3 3 4 2 3 2 3 5 2 1 
90.58 ; 1.106e-14 ; True ; 1 163 329 388 438 547 723 900  ; 4 1 6 2 5 1 4 3 3 4 4 1 4 2 2 4 3 1 
91.41 ; 1.153e-14 ; True ; 1 163 173 329 388 413 547 723  ; 4 1 6 2 5 1 5 3 3 3 3 2 4 2 2 3 3 1 
91.43 ; 1.433e-14 ; True ; 1 20 110 388 438 547 723 900  ; 3 1 6 2 6 2 4 2 3 5 3 2 3 2 2 3 3 1 
91.44 ; 1.46e-14 ; True ; 1 163 173 329 388 547 723 900  ; 4 1 6 2 5 1 5 3 3 3 3 2 4 2 2 4 3 1 
91.51 ; 1.657e-14 ; True ; 1 20 173 388 438 547 723 900  ; 3 1 6 2 6 1 4 3 3 4 3 3 4 2 2 3 3 1 
93.36 ; 1.665e-14 ; True ; 1 163 173 388 438 547 723 900  ; 4 1 6 2 6 1 4 4 2 4 3 2 5 2 2 3 4 1 
94.48 ; 1.729e-14 ; True ; 1 163 329 388 547 723 885 900  ; 4 1 6 2 5 1 5 3 3 3 3 2 3 2 3 4 3 1 
95.28 ; 1.941e-14 ; True ; 1 20 156 388 438 547 723 900  ; 2 1 5 2 6 2 4 3 4 4 4 3 3 2 2 3 2 1 
95.7 ; 1.961e-14 ; True ; 1 20 388 438 547 723 885 900  ; 3 1 6 2 6 1 4 3 3 4 3 3 3 2 3 3 3 1 
96.48 ; 2.043e-14 ; True ; 1 20 173 388 438 547 713 723  ; 3 1 6 2 7 1 5 3 3 3 3 3 4 3 3 2 3 1 
97.35 ; 2.053e-14 ; True ; 1 163 173 388 438 547 713 723  ; 4 1 6 2 7 1 5 4 2 3 3 2 5 3 3 2 4 1 
97.52 ; 2.097e-14 ; True ; 1 163 388 438 547 723 885 900  ; 4 1 6 2 6 1 4 4 2 4 3 2 4 2 3 3 4 1 
98.21 ; 2.226e-14 ; True ; 1 20 30 156 388 547 723 900  ; 2 1 5 2 6 2 5 2 4 4 4 3 3 2 3 3 2 1 
98.37 ; 2.4e-14 ; True ; 1 30 163 388 547 723 885 900  ; 4 1 6 2 6 1 5 3 2 4 3 2 4 2 4 3 4 1 
101.9 ; 2.745e-14 ; True ; 1 156 163 388 484 547 723 900  ; 3 1 5 3 6 2 4 3 3 4 3 2 4 2 2 3 3 1 
102 ; 2.935e-14 ; True ; 1 156 163 388 438 547 723 900  ; 3 1 5 2 6 2 4 4 3 4 4 2 4 2 2 3 3 1 
103.3 ; 2.944e-14 ; True ; 1 112 163 388 484 547 634 723  ; 3 1 6 2 7 1 4 3 3 4 3 2 4 3 3 4 3 1 
103.5 ; 3.195e-14 ; True ; 1 112 163 173 388 547 723 900  ; 3 1 6 2 6 2 4 4 3 4 2 2 4 3 2 4 3 1 
104.5 ; 3.669e-14 ; True ; 1 42 112 163 388 484 547 723  ; 3 1 6 2 7 2 3 3 3 4 3 2 4 3 3 3 3 1 
104.9 ; 3.779e-14 ; True ; 1 30 156 163 388 547 723 900  ; 3 1 5 2 6 2 5 3 3 4 4 2 4 2 3 3 3 1 
106.5 ; 3.782e-14 ; True ; 1 112 163 388 547 723 885 900  ; 3 1 6 2 6 2 4 4 3 4 2 2 3 3 3 4 3 1 
107 ; 3.792e-14 ; True ; 1 20 127 173 388 438 713 723 900  ; 3 1 7 3 7 2 4 3 3 4 3 3 3 3 2 2 3 1 
109.1 ; 4.173e-14 ; True ; 1 20 110 329 388 438 547 723 900  ; 4 1 7 2 6 2 5 2 4 5 4 2 3 2 2 4 3 1 
110 ; 4.27e-14 ; True ; 1 20 110 173 329 388 547 723 900  ; 4 1 7 2 6 2 6 2 4 4 3 3 3 2 2 4 3 1 
110.2 ; 4.825e-14 ; True ; 1 20 173 329 388 438 547 723 900  ; 4 1 7 2 6 1 5 3 4 4 4 3 4 2 2 4 3 1 
112.1 ; 5.009e-14 ; True ; 1 163 173 329 388 413 547 723 900  ; 4 1 6 3 5 2 5 3 3 4 3 2 4 2 2 4 3 1 
112.8 ; 5.07e-14 ; True ; 1 20 156 329 388 484 547 723 900  ; 3 1 6 3 6 2 5 2 5 4 4 3 3 2 2 4 2 1 
113.1 ; 5.554e-14 ; True ; 1 20 173 388 438 547 634 723 900  ; 3 1 6 2 7 1 5 3 3 4 4 4 4 2 3 4 3 1 
113.8 ; 6.314e-14 ; True ; 1 20 110 173 388 438 547 723 900  ; 4 1 7 2 7 2 5 3 3 5 3 3 4 2 2 3 4 1 
117 ; 7.027e-14 ; True ; 1 163 173 268 388 438 547 723 900  ; 4 1 6 2 7 2 5 4 3 4 3 2 5 2 3 3 4 1 
119 ; 7.452e-14 ; True ; 1 20 30 173 388 438 547 723 900  ; 4 1 7 2 7 1 5 3 3 5 4 3 5 2 3 3 4 1 
119.2 ; 9.977e-14 ; True ; 1 20 173 388 438 547 713 723 900  ; 3 1 6 3 7 2 5 3 3 4 3 3 4 3 3 3 3 1 
122 ; 1.003e-13 ; True ; 1 163 173 388 438 547 713 723 900  ; 4 1 6 3 7 2 5 4 2 4 3 2 5 3 3 3 4 1 
123.7 ; 1.123e-13 ; True ; 1 20 30 156 388 438 547 723 900  ; 3 1 6 2 7 2 5 3 4 5 5 3 4 2 3 3 3 1 
124.8 ; 1.146e-13 ; True ; 1 20 30 156 388 547 723 885 900  ; 3 1 6 2 7 2 6 3 4 4 4 4 3 2 4 3 3 1 
127.2 ; 1.178e-13 ; True ; 1 20 173 329 388 438 634 713 723 900  ; 4 1 7 3 7 2 6 2 3 4 4 4 3 2 3 4 3 1 
128 ; 1.179e-13 ; True ; 1 112 163 173 388 438 547 723 900  ; 4 1 7 2 7 2 4 5 3 5 3 2 5 3 2 4 4 1 
128.1 ; 1.204e-13 ; True ; 1 112 163 388 438 547 634 723 900  ; 3 1 6 2 7 2 4 4 3 5 4 2 4 3 3 5 3 1 
128.7 ; 1.221e-13 ; True ; 1 20 127 173 329 388 438 713 723 900  ; 4 1 8 3 7 2 5 3 4 4 4 3 3 3 2 3 3 1 
128.9 ; 1.225e-13 ; True ; 1 112 163 260 388 484 547 723 900  ; 3 1 7 3 6 2 4 4 3 5 3 2 5 3 2 4 4 1 
129 ; 1.31e-13 ; True ; 1 30 163 388 455 547 723 885 900  ; 4 1 6 3 6 2 5 3 3 4 3 2 4 3 4 3 4 1 
129 ; 1.428e-13 ; True ; 1 20 127 173 388 438 634 713 723 900  ; 3 1 7 3 8 2 5 3 3 4 4 4 3 3 3 3 3 1 
131.1 ; 1.429e-13 ; True ; 1 20 30 112 173 388 547 723 900  ; 3 1 7 2 7 2 5 3 4 5 3 3 4 3 3 4 3 1 
131.4 ; 1.55e-13 ; True ; 1 30 156 163 388 547 723 885 900  ; 4 1 6 2 7 2 6 4 3 4 4 3 4 2 4 3 4 1 
132.9 ; 1.615e-13 ; True ; 1 30 112 163 173 388 547 723 900  ; 4 1 7 2 7 2 5 4 3 5 3 2 5 3 3 4 4 1 
133.4 ; 1.718e-13 ; True ; 1 127 163 173 388 438 634 713 723 900  ; 4 1 7 3 8 2 5 4 2 4 4 3 4 3 3 3 4 1 
133.9 ; 1.809e-13 ; True ; 1 30 112 163 388 547 723 885 900  ; 4 1 7 2 7 2 5 4 3 5 3 2 4 3 4 4 4 1 
137.3 ; 1.892e-13 ; True ; 1 20 110 127 173 388 438 547 723 900  ; 4 1 8 2 8 2 5 4 4 5 4 3 4 3 2 3 4 1 
138.3 ; 2.05e-13 ; True ; 1 20 110 173 388 438 547 634 723 900  ; 4 1 7 2 8 2 6 3 3 5 4 4 4 2 3 4 4 1 
140.9 ; 2.816e-13 ; True ; 1 20 173 329 388 438 547 713 723 900  ; 4 1 7 3 7 2 6 3 4 4 4 3 4 3 3 4 3 1 
142.8 ; 2.88e-13 ; True ; 1 20 173 388 438 547 634 713 723 900  ; 3 1 6 3 8 2 6 3 3 4 4 4 4 3 4 4 3 1 
145.6 ; 2.996e-13 ; True ; 1 163 173 329 388 438 547 713 723 900  ; 5 1 7 3 7 2 6 4 3 4 4 2 5 3 3 4 4 1 
147.6 ; 3.255e-13 ; True ; 1 163 173 388 438 547 634 713 723 900  ; 4 1 6 3 8 2 6 4 2 4 4 3 5 3 4 4 4 1 
149.6 ; 3.311e-13 ; True ; 1 20 173 260 388 438 547 713 723 900  ; 3 1 7 3 7 2 6 4 3 4 4 4 5 3 3 3 4 1 
150.6 ; 3.864e-13 ; True ; 1 20 30 173 388 438 547 713 723 900  ; 4 1 7 3 8 2 6 3 3 5 4 3 5 3 4 3 4 1 
153.3 ; 3.994e-13 ; True ; 1 20 30 156 388 438 547 723 885 900  ; 4 1 7 2 8 2 6 4 4 5 5 4 4 2 4 3 4 1 
153.8 ; 4.058e-13 ; True ; 1 20 30 388 438 547 713 723 885 900  ; 4 1 7 3 8 2 6 3 3 5 4 3 4 3 5 3 4 1 
155.5 ; 4.167e-13 ; True ; 1 112 163 173 388 438 547 634 723 900  ; 4 1 7 2 8 2 5 5 3 5 4 3 5 3 3 5 4 1 
156.3 ; 4.382e-13 ; True ; 1 20 30 156 388 438 547 713 723 900  ; 3 1 6 3 8 3 6 3 4 5 5 3 4 3 4 3 3 1 
158.5 ; 4.392e-13 ; True ; 1 20 163 388 438 547 634 713 723 900  ; 3 1 6 3 8 2 6 3 3 4 4 3 4 3 4 4 3 2 
158.5 ; 4.713e-13 ; True ; 1 20 30 112 173 388 438 547 723 900  ; 4 1 8 2 8 2 5 4 4 6 4 3 5 3 3 4 4 1 
158.9 ; 4.737e-13 ; True ; 1 127 163 173 329 388 438 634 713 723 900  ; 5 1 8 3 8 2 6 4 3 4 5 3 4 3 3 4 4 1 
159.3 ; 4.831e-13 ; True ; 1 20 163 173 388 438 547 713 723 900  ; 4 1 7 3 8 2 6 4 3 4 3 3 5 3 3 3 4 2 
160.5 ; 5.028e-13 ; True ; 1 112 163 173 388 438 547 634 713 723  ; 4 1 7 2 9 2 6 5 3 4 4 3 5 4 4 4 4 1 
161.7 ; 5.278e-13 ; True ; 1 20 30 112 388 438 547 723 885 900  ; 4 1 8 2 8 2 5 4 4 6 4 3 4 3 4 4 4 1 
163.7 ; 5.43e-13 ; True ; 1 20 30 127 173 388 438 634 713 723 900  ; 4 1 8 3 9 2 6 3 3 5 5 4 4 3 4 3 4 1 
164.2 ; 5.764e-13 ; True ; 1 20 110 127 173 388 438 547 634 723 900  ; 4 1 8 2 9 2 6 4 4 5 5 4 4 3 3 4 4 1 
165.7 ; 5.791e-13 ; True ; 1 20 30 156 163 388 547 723 885 900  ; 4 1 7 2 8 2 7 4 4 4 4 4 4 2 4 3 4 2 
165.9 ; 5.838e-13 ; True ; 1 20 156 163 388 438 547 713 723 900  ; 3 1 6 3 8 3 6 4 4 4 4 3 4 3 3 3 3 2 
166.5 ; 7.024e-13 ; True ; 1 20 173 329 388 438 547 634 713 723 900  ; 4 1 7 3 8 2 7 3 4 4 5 4 4 3 4 5 3 1 
168.9 ; 7.103e-13 ; True ; 1 20 110 173 329 388 438 547 713 723 900  ; 5 1 8 3 8 3 7 3 4 5 4 3 4 3 3 4 4 1 
170.1 ; 7.33e-13 ; True ; 1 20 127 173 388 438 547 634 713 723 900  ; 3 1 7 3 9 2 6 4 4 4 5 4 4 4 4 4 3 1 
170.2 ; 7.569e-13 ; True ; 1 20 173 329 388 438 484 547 713 723 900  ; 5 1 8 4 8 2 6 3 4 5 4 3 5 3 3 4 4 1 
171.9 ; 7.844e-13 ; True ; 1 20 110 173 388 438 547 634 713 723 900  ; 4 1 7 3 9 3 7 3 3 5 4 4 4 3 4 4 4 1 
173 ; 7.887e-13 ; True ; 1 20 260 329 388 438 484 547 713 723 900  ; 4 1 8 4 7 2 6 3 4 5 5 3 5 3 3 4 4 1 
173 ; 8.358e-13 ; True ; 1 20 173 388 438 484 547 634 713 723 900  ; 4 1 7 4 9 2 6 3 3 5 4 4 5 3 4 4 4 1 
173.1 ; 8.404e-13 ; True ; 1 163 173 329 388 438 547 634 713 723 900  ; 5 1 7 3 8 2 7 4 3 4 5 3 5 3 4 5 4 1 
174.1 ; 8.463e-13 ; True ; 1 20 173 260 329 388 438 547 713 723 900  ; 4 1 8 3 7 2 7 4 4 4 5 4 5 3 3 4 4 1 
174.5 ; 8.753e-13 ; True ; 1 127 163 173 388 438 547 634 713 723 900  ; 4 1 7 3 9 2 6 5 3 4 5 3 5 4 4 4 4 1 
175.9 ; 9.331e-13 ; True ; 1 20 156 173 329 388 438 547 713 723 900  ; 4 1 7 3 8 3 7 4 5 4 5 4 4 3 3 4 3 1 
177.1 ; 9.627e-13 ; True ; 1 20 30 173 388 438 547 634 713 723 900  ; 4 1 7 3 9 2 7 3 3 5 5 4 5 3 5 4 4 1 
179.2 ; 9.796e-13 ; True ; 1 20 30 173 388 438 455 547 634 723 900  ; 4 1 7 3 8 2 6 3 4 5 5 4 5 3 4 4 4 1 
180.4 ; 1.015e-12 ; True ; 1 20 156 173 388 438 484 547 634 713 723  ; 4 1 7 3 10 2 7 4 4 4 5 5 5 3 4 3 4 1 
181.9 ; 1.026e-12 ; True ; 1 20 30 156 329 388 438 547 713 723 900  ; 4 1 7 3 8 3 7 3 5 5 6 3 4 3 4 4 3 1 
182 ; 1.076e-12 ; True ; 1 20 112 173 388 438 484 547 634 723 900  ; 4 1 8 3 9 2 5 4 4 6 4 4 5 3 3 5 4 1 
182.5 ; 1.111e-12 ; True ; 1 20 156 173 388 438 484 547 713 723 900  ; 4 1 7 4 9 3 6 4 4 5 4 4 5 3 3 3 4 1 
185.4 ; 1.118e-12 ; True ; 1 156 163 173 329 388 438 547 713 723 900  ; 5 1 7 3 8 3 7 5 4 4 5 3 5 3 3 4 4 1 
185.9 ; 1.238e-12 ; True ; 1 20 163 173 329 388 438 547 713 723 900  ; 5 1 8 3 8 2 7 4 4 4 4 3 5 3 3 4 4 2 
186.5 ; 1.365e-12 ; True ; 1 20 30 156 173 388 438 547 713 723 900  ; 4 1 7 3 9 3 7 4 4 5 5 4 5 3 4 3 4 1 
187.8 ; 1.368e-12 ; True ; 1 20 163 173 388 438 547 634 713 723 900  ; 4 1 7 3 9 2 7 4 3 4 4 4 5 3 4 4 4 2 
189.7 ; 1.433e-12 ; True ; 1 20 30 156 388 438 547 713 723 885 900  ; 4 1 7 3 9 3 7 4 4 5 5 4 4 3 5 3 4 1 
191.1 ; 1.447e-12 ; True ; 1 112 163 173 388 438 547 634 713 723 900  ; 4 1 7 3 9 3 6 5 3 5 4 3 5 4 4 5 4 1 
193.8 ; 1.468e-12 ; True ; 1 20 30 163 388 438 547 634 713 723 900  ; 4 1 7 3 9 2 7 3 3 5 5 3 5 3 5 4 4 2 
194.6 ; 1.536e-12 ; True ; 1 20 30 163 173 388 438 547 713 723 900  ; 5 1 8 3 9 2 7 4 3 5 4 3 6 3 4 3 5 2 
195.1 ; 1.636e-12 ; True ; 1 20 30 112 173 388 438 547 713 723 900  ; 4 1 8 3 9 3 6 4 4 6 4 3 5 4 4 4 4 1 
196.7 ; 1.641e-12 ; True ; 1 20 112 163 388 438 484 547 634 723 900  ; 4 1 8 3 9 2 5 4 4 6 4 3 5 3 3 5 4 2 
197.1 ; 1.651e-12 ; True ; 1 20 156 163 388 438 484 547 634 713 723  ; 4 1 7 3 10 2 7 4 4 4 5 4 5 3 4 3 4 2 
197.2 ; 1.708e-12 ; True ; 1 20 156 163 173 388 438 547 713 723 900  ; 4 1 7 3 9 3 7 5 4 4 4 4 5 3 3 3 4 2 
197.4 ; 1.749e-12 ; True ; 1 20 110 173 329 388 438 547 634 713 723 900  ; 5 1 8 3 9 3 8 3 4 5 5 4 4 3 4 5 4 1 
198.4 ; 1.776e-12 ; True ; 1 20 30 112 156 388 484 547 723 885 900  ; 4 1 8 3 9 3 6 4 5 6 4 4 4 3 4 4 4 1 
198.6 ; 1.887e-12 ; True ; 1 20 173 329 388 438 484 547 634 713 723 900  ; 5 1 8 4 9 2 7 3 4 5 5 4 5 3 4 5 4 1 
201.1 ; 1.963e-12 ; True ; 1 20 110 127 173 388 438 547 634 713 723 900  ; 4 1 8 3 10 3 7 4 4 5 5 4 4 4 4 4 4 1 
202.2 ; 2.081e-12 ; True ; 1 20 30 156 163 388 438 547 713 723 900  ; 4 1 7 3 9 3 7 4 4 5 5 3 5 3 4 3 4 2 
203.3 ; 2.092e-12 ; True ; 1 20 127 173 388 438 484 547 634 713 723 900  ; 4 1 8 4 10 2 6 4 4 5 5 4 5 4 4 4 4 1 
204.9 ; 2.11e-12 ; True ; 1 20 25 173 329 388 438 547 634 713 723 900  ; 4 1 8 4 9 2 8 4 4 5 5 4 5 3 4 5 4 1 
207.7 ; 2.111e-12 ; True ; 1 20 30 112 163 388 438 547 634 713 723  ; 4 1 8 2 10 2 7 4 4 5 5 3 5 4 5 4 4 2 
207.7 ; 2.315e-12 ; True ; 1 20 30 127 173 388 438 547 634 713 723 900  ; 4 1 8 3 10 2 7 4 4 5 6 4 5 4 5 4 4 1 
208 ; 2.419e-12 ; True ; 1 20 30 112 156 163 388 484 547 723 900  ; 4 1 8 3 9 3 6 4 5 6 4 3 5 3 3 4 4 2 
209 ; 2.507e-12 ; True ; 1 20 156 173 329 388 438 484 547 713 723 900  ; 5 1 8 4 9 3 7 4 5 5 5 4 5 3 3 4 4 1 
211 ; 2.527e-12 ; True ; 1 20 30 112 156 163 388 547 723 885 900  ; 4 1 8 2 9 3 7 5 5 5 4 4 4 3 4 4 4 2 
211.8 ; 2.767e-12 ; True ; 1 20 156 173 388 438 484 547 634 713 723 900  ; 4 1 7 4 10 3 7 4 4 5 5 5 5 3 4 4 4 1 
215 ; 2.923e-12 ; True ; 1 20 30 156 173 329 388 438 547 713 723 900  ; 5 1 8 3 9 3 8 4 5 5 6 4 5 3 4 4 4 1 
216 ; 3.026e-12 ; True ; 1 20 30 156 173 388 438 547 634 713 723 900  ; 4 1 7 3 10 3 8 4 4 5 6 5 5 3 5 4 4 1 
216.3 ; 3.05e-12 ; True ; 1 20 163 173 329 388 438 547 634 713 723 900  ; 5 1 8 3 9 2 8 4 4 4 5 4 5 3 4 5 4 2 
219 ; 3.215e-12 ; True ; 1 20 127 163 173 388 438 547 634 713 723 900  ; 4 1 8 3 10 2 7 5 4 4 5 4 5 4 4 4 4 2 
219.5 ; 3.321e-12 ; True ; 1 20 112 173 388 438 484 547 634 713 723 900  ; 4 1 8 4 10 3 6 4 4 6 4 4 5 4 4 5 4 1 
222 ; 3.323e-12 ; True ; 1 20 163 173 388 438 484 547 634 713 723 900  ; 5 1 8 4 10 2 7 4 3 5 4 4 6 3 4 4 5 2 
223 ; 3.378e-12 ; True ; 1 20 30 156 173 388 438 547 713 723 885 900  ; 5 1 8 3 10 3 8 5 4 5 5 5 5 3 5 3 5 1 
223.8 ; 3.412e-12 ; True ; 1 20 112 260 388 438 484 547 612 713 723 900  ; 4 1 8 4 9 3 5 4 4 6 4 4 6 4 4 4 5 1 
224.5 ; 3.424e-12 ; True ; 1 20 30 112 173 329 388 438 547 713 723 900  ; 5 1 9 3 9 3 7 4 5 6 5 3 5 4 4 5 4 1 
225 ; 3.477e-12 ; True ; 1 20 30 163 173 329 388 438 547 713 723 900  ; 6 1 9 3 9 2 8 4 4 5 5 3 6 3 4 4 5 2 
225.6 ; 3.825e-12 ; True ; 1 20 30 112 173 388 438 547 634 713 723 900  ; 4 1 8 3 10 3 7 4 4 6 5 4 5 4 5 5 4 1 
228.5 ; 4.202e-12 ; True ; 1 20 156 163 173 388 438 547 634 713 723 900  ; 4 1 7 3 10 3 8 5 4 4 5 5 5 3 4 4 4 2 
230.4 ; 4.501e-12 ; True ; 1 20 156 163 388 438 484 547 634 713 723 900  ; 4 1 7 4 10 3 7 4 4 5 5 4 5 3 4 4 4 2 
234.5 ; 4.921e-12 ; True ; 1 20 30 156 163 388 438 547 634 713 723 900  ; 4 1 7 3 10 3 8 4 4 5 6 4 5 3 5 4 4 2 
236.2 ; 5.065e-12 ; True ; 1 20 112 163 388 438 484 547 634 713 723 900  ; 4 1 8 4 10 3 6 4 4 6 4 3 5 4 4 5 4 2 
236.3 ; 5.315e-12 ; True ; 1 20 112 163 173 388 438 547 634 713 723 900  ; 4 1 8 3 10 3 7 5 4 5 4 4 5 4 4 5 4 2 
239.5 ; 5.494e-12 ; True ; 1 20 30 156 163 388 438 547 713 723 885 900  ; 5 1 8 3 10 3 8 5 4 5 5 4 5 3 5 3 5 2 
240.3 ; 5.562e-12 ; True ; 1 20 156 173 329 388 438 484 547 634 713 723 900  ; 5 1 8 4 10 3 8 4 5 5 6 5 5 3 4 5 4 1 
242.2 ; 5.833e-12 ; True ; 1 20 30 112 163 388 438 547 634 713 723 900  ; 4 1 8 3 10 3 7 4 4 6 5 3 5 4 5 5 4 2 
243.1 ; 6.03e-12 ; True ; 1 20 30 112 156 163 388 484 547 634 723 900  ; 4 1 8 3 10 3 7 4 5 6 5 4 5 3 4 5 4 2 
244.1 ; 6.039e-12 ; True ; 1 20 30 112 163 173 388 438 547 713 723 900  ; 5 1 9 3 10 3 7 5 4 6 4 3 6 4 4 4 5 2 
245.4 ; 6.412e-12 ; True ; 1 20 112 156 163 388 438 484 547 634 713 723  ; 4 1 8 3 11 3 7 5 5 5 5 4 5 4 4 4 4 2 
248.2 ; 6.591e-12 ; True ; 1 20 30 112 163 388 438 547 713 723 885 900  ; 5 1 9 3 10 3 7 5 4 6 4 3 5 4 5 4 5 2 
248.2 ; 6.812e-12 ; True ; 1 20 30 112 156 163 388 484 547 723 885 900  ; 5 1 9 3 10 3 7 5 5 6 4 4 5 3 4 4 5 2 
250.2 ; 6.881e-12 ; True ; 1 20 30 112 156 163 388 484 547 634 713 723  ; 4 1 8 3 11 3 8 4 5 5 5 4 5 4 5 4 4 2 
251.5 ; 6.924e-12 ; True ; 1 20 30 112 156 163 388 438 547 713 723 900  ; 4 1 8 3 10 4 7 5 5 6 5 3 5 4 4 4 4 2 
252.4 ; 7.056e-12 ; True ; 1 20 163 173 329 388 438 484 547 634 713 723 900  ; 6 1 9 4 10 2 8 4 4 5 5 4 6 3 4 5 5 2 
253.9 ; 7.277e-12 ; True ; 1 20 112 260 329 388 438 484 547 612 713 723 900  ; 5 1 9 4 9 3 6 4 5 6 5 4 6 4 4 5 5 1 
256.3 ; 7.296e-12 ; True ; 1 20 30 112 156 163 388 484 547 713 723 885  ; 5 1 9 3 11 3 8 5 5 5 4 4 5 4 5 3 5 2 
256.6 ; 7.313e-12 ; True ; 1 20 112 173 388 438 484 547 612 634 713 723 900  ; 5 1 8 4 11 3 6 4 4 6 4 5 6 4 5 5 5 1 
257.1 ; 7.335e-12 ; True ; 1 20 163 260 329 388 438 484 547 634 713 723 900  ; 5 1 9 4 9 2 8 4 4 5 6 4 6 3 4 5 5 2 
258 ; 7.624e-12 ; True ; 1 20 112 260 388 438 484 547 612 634 713 723 900  ; 4 1 8 4 10 3 6 4 4 6 5 5 6 4 5 5 5 1 
258.4 ; 7.653e-12 ; True ; 1 20 30 163 173 329 388 438 547 634 713 723 900  ; 6 1 9 3 10 2 9 4 4 5 6 4 6 3 5 5 5 2 
258.6 ; 7.856e-12 ; True ; 1 20 112 173 260 388 438 484 547 634 713 723 900  ; 4 1 9 4 10 3 7 5 4 6 5 5 6 4 4 5 5 1 
260 ; 8.378e-12 ; True ; 1 20 156 163 173 329 388 438 547 634 713 723 900  ; 5 1 8 3 10 3 9 5 5 4 6 5 5 3 4 5 4 2 
260.8 ; 9.046e-12 ; True ; 1 20 156 163 329 388 438 484 547 634 713 723 900  ; 5 1 8 4 10 3 8 4 5 5 6 4 5 3 4 5 4 2 
265.5 ; 9.228e-12 ; True ; 1 20 156 163 329 388 438 484 547 612 713 723 900  ; 6 1 8 4 10 3 7 4 5 5 5 4 6 3 4 4 5 2 
266.6 ; 1.021e-11 ; True ; 1 20 156 163 173 388 438 484 547 634 713 723 900  ; 5 1 8 4 11 3 8 5 4 5 5 5 6 3 4 4 5 2 
268.6 ; 1.056e-11 ; True ; 1 20 112 163 173 329 388 438 547 634 713 723 900  ; 5 1 9 3 10 3 8 5 5 5 5 4 5 4 4 6 4 2 
270.5 ; 1.063e-11 ; True ; 1 20 112 163 173 388 438 547 634 636 713 723 900  ; 4 1 8 4 11 3 7 5 4 5 5 4 6 4 4 5 5 2 
270.7 ; 1.107e-11 ; True ; 1 20 30 156 163 173 388 438 547 634 713 723 900  ; 5 1 8 3 11 3 9 5 4 5 6 5 6 3 5 4 5 2 
273.4 ; 1.226e-11 ; True ; 1 20 112 163 173 388 438 484 547 634 713 723 900  ; 5 1 9 4 11 3 7 5 4 6 4 4 6 4 4 5 5 2 
277.3 ; 1.278e-11 ; True ; 1 20 112 163 260 388 438 484 547 634 713 723 900  ; 4 1 9 4 10 3 7 5 4 6 5 4 6 4 4 5 5 2 
279.4 ; 1.394e-11 ; True ; 1 20 30 112 163 173 388 438 547 634 713 723 900  ; 5 1 9 3 11 3 8 5 4 6 5 4 6 4 5 5 5 2 
281.7 ; 1.405e-11 ; True ; 1 20 112 156 163 388 438 484 547 634 713 723 900  ; 4 1 8 4 11 4 7 5 5 6 5 4 5 4 4 5 4 2 
284.5 ; 1.461e-11 ; True ; 1 20 30 112 163 388 438 547 634 713 723 885 900  ; 5 1 9 3 11 3 8 5 4 6 5 4 5 4 6 5 5 2 
285.5 ; 1.471e-11 ; True ; 1 20 30 112 163 388 438 455 547 634 723 885 900  ; 5 1 9 3 10 3 7 5 5 6 5 4 5 4 5 5 5 2 
286.3 ; 1.475e-11 ; True ; 1 20 30 112 156 163 388 484 547 634 723 885 900  ; 5 1 9 3 11 3 8 5 5 6 5 5 5 3 5 5 5 2 
287.4 ; 1.508e-11 ; True ; 1 20 30 112 156 163 388 484 547 634 713 723 900  ; 4 1 8 4 11 4 8 4 5 6 5 4 5 4 5 5 4 2 
287.8 ; 1.536e-11 ; True ; 1 20 30 112 156 163 388 438 547 634 713 723 900  ; 4 1 8 3 11 4 8 5 5 6 6 4 5 4 5 5 4 2 
289.5 ; 1.616e-11 ; True ; 1 20 30 112 156 163 388 438 484 547 634 713 723  ; 5 1 9 3 12 3 8 5 5 6 6 4 6 4 5 4 5 2 
293.3 ; 1.627e-11 ; True ; 1 20 30 112 156 163 260 388 484 547 713 723 900  ; 4 1 9 4 10 4 8 5 5 6 5 4 6 4 4 4 5 2 
294.5 ; 1.704e-11 ; True ; 1 20 30 112 156 163 388 484 547 713 723 885 900  ; 5 1 9 4 11 4 8 5 5 6 4 4 5 4 5 4 5 2 
294.8 ; 1.737e-11 ; True ; 1 20 30 112 156 163 388 438 547 713 723 885 900  ; 5 1 9 3 11 4 8 6 5 6 5 4 5 4 5 4 5 2 
299.1 ; 1.796e-11 ; True ; 1 20 156 163 173 187 388 438 484 547 634 713 723 900  ; 5 1 8 4 12 3 9 5 5 5 6 5 6 4 4 4 5 2 
299.9 ; 1.938e-11 ; True ; 1 20 156 163 173 329 388 438 484 547 634 713 723 900  ; 6 1 9 4 11 3 9 5 5 5 6 5 6 3 4 5 5 2 
304.6 ; 1.961e-11 ; True ; 1 20 156 163 260 329 388 438 484 547 634 713 723 900  ; 5 1 9 4 10 3 9 5 5 5 7 5 6 3 4 5 5 2 
304.8 ; 2.029e-11 ; True ; 1 20 112 163 173 329 388 438 547 634 636 713 723 900  ; 5 1 9 4 11 3 8 5 5 5 6 4 6 4 4 6 5 2 
306 ; 2.123e-11 ; True ; 1 20 112 163 173 187 388 438 484 547 634 713 723 900  ; 5 1 9 4 12 3 8 5 5 6 5 4 6 5 4 5 5 2 
307.7 ; 2.325e-11 ; True ; 1 20 112 163 173 329 388 438 484 547 634 713 723 900  ; 6 1 10 4 11 3 8 5 5 6 5 4 6 4 4 6 5 2 
311.4 ; 2.417e-11 ; True ; 1 20 112 163 260 329 388 438 484 547 634 713 723 900  ; 5 1 10 4 10 3 8 5 5 6 6 4 6 4 4 6 5 2 
313.1 ; 2.449e-11 ; True ; 1 20 112 163 329 388 438 483 484 547 634 713 723 900  ; 5 1 9 4 11 3 7 5 5 6 5 4 6 4 5 6 5 2 
316 ; 2.575e-11 ; True ; 1 20 112 156 163 329 388 438 484 547 634 713 723 900  ; 5 1 9 4 11 4 8 5 6 6 6 4 5 4 4 6 4 2 
317.9 ; 2.638e-11 ; True ; 1 20 112 163 260 388 438 484 547 612 634 713 723 900  ; 5 1 9 4 11 3 7 5 4 6 5 5 7 4 5 5 6 2 
320.5 ; 2.802e-11 ; True ; 1 20 30 112 163 173 388 438 484 547 634 713 723 900  ; 6 1 10 4 12 3 8 5 4 7 5 4 7 4 5 5 6 2 
322.9 ; 3.029e-11 ; True ; 1 20 112 156 163 173 388 438 484 547 634 713 723 900  ; 5 1 9 4 12 4 8 6 5 6 5 5 6 4 4 5 5 2 
324.7 ; 3.094e-11 ; True ; 1 20 112 156 163 388 438 484 547 612 634 713 723 900  ; 5 1 8 4 12 4 7 5 5 6 5 5 6 4 5 5 5 2 
328.9 ; 3.285e-11 ; True ; 1 20 30 112 156 163 173 388 438 547 634 713 723 900  ; 5 1 9 3 12 4 9 6 5 6 6 5 6 4 5 5 5 2 
329.8 ; 3.445e-11 ; True ; 1 20 30 112 156 163 388 438 484 547 634 713 723 900  ; 5 1 9 4 12 4 8 5 5 7 6 4 6 4 5 5 5 2 
334.6 ; 3.513e-11 ; True ; 1 20 30 112 156 163 388 484 547 634 713 723 885 900  ; 5 1 9 4 12 4 9 5 5 6 5 5 5 4 6 5 5 2 
337.8 ; 3.583e-11 ; True ; 1 20 30 112 156 163 388 438 484 547 713 723 885 900  ; 6 1 10 4 12 4 8 6 5 7 5 4 6 4 5 4 6 2 
341.4 ; 3.623e-11 ; True ; 1 20 30 112 156 163 260 388 484 547 713 723 885 900  ; 5 1 10 4 11 4 9 6 5 6 5 5 6 4 5 4 6 2 
344.8 ; 3.666e-11 ; True ; 1 20 25 112 163 187 329 388 484 547 612 634 713 723 900  ; 5 1 9 5 12 3 9 4 6 6 5 4 6 5 5 6 5 2 
346.2 ; 3.827e-11 ; True ; 1 20 25 112 163 187 260 329 388 484 547 612 713 723 900  ; 5 1 10 5 11 3 9 5 6 6 5 4 7 5 4 5 6 2 
349 ; 3.883e-11 ; True ; 1 20 25 156 163 173 329 388 438 484 547 634 713 723 900  ; 6 1 10 5 12 3 10 6 5 6 6 5 7 3 4 5 6 2 
349.4 ; 3.911e-11 ; True ; 1 20 112 163 260 329 388 484 537 547 612 636 713 723 900  ; 5 1 9 5 11 3 7 5 5 5 5 5 8 4 5 5 7 2 
349.8 ; 4.055e-11 ; True ; 1 20 25 156 163 329 388 438 484 547 612 634 713 723 900  ; 6 1 9 5 12 3 9 5 5 6 6 5 7 3 5 5 6 2 
352.3 ; 4.212e-11 ; True ; 1 20 25 112 163 187 260 388 484 547 612 634 713 723 900  ; 4 1 9 5 12 3 9 5 5 6 5 5 7 5 5 5 6 2 
352.5 ; 4.516e-11 ; True ; 1 20 112 163 173 329 388 438 484 547 612 634 713 723 900  ; 7 1 10 4 12 3 8 5 5 6 5 5 7 4 5 6 6 2 
354.8 ; 4.786e-11 ; True ; 1 20 25 112 163 260 329 388 484 547 612 634 713 723 900  ; 5 1 10 5 11 3 9 5 5 6 5 5 7 4 5 6 6 2 
354.8 ; 4.81e-11 ; True ; 1 20 112 163 260 329 388 438 484 547 612 634 713 723 900  ; 6 1 10 4 11 3 8 5 5 6 6 5 7 4 5 6 6 2 
359.8 ; 4.838e-11 ; True ; 1 20 112 163 173 329 388 438 484 547 634 713 723 885 900  ; 7 1 11 4 12 3 9 6 5 6 5 5 6 4 5 6 6 2 
360 ; 5.261e-11 ; True ; 1 20 112 156 163 173 329 388 438 484 547 634 713 723 900  ; 6 1 10 4 12 4 9 6 6 6 6 5 6 4 4 6 5 2 
361.7 ; 5.465e-11 ; True ; 1 20 112 156 163 329 388 438 484 547 612 634 713 723 900  ; 6 1 9 4 12 4 8 5 6 6 6 5 6 4 5 6 5 2 
365.8 ; 5.587e-11 ; True ; 1 20 112 156 163 329 388 438 484 537 547 634 713 723 900  ; 5 1 9 4 12 4 8 6 6 6 6 5 6 4 5 6 5 2 
367.9 ; 5.824e-11 ; True ; 1 20 30 112 156 163 329 388 438 484 547 634 713 723 900  ; 6 1 10 4 12 4 9 5 6 7 7 4 6 4 5 6 5 2 
371.2 ; 6.017e-11 ; True ; 1 20 112 156 163 260 388 438 484 547 612 634 713 723 900  ; 5 1 9 4 12 4 8 6 5 6 6 6 7 4 5 5 6 2 
373 ; 6.165e-11 ; True ; 1 20 25 112 156 163 388 438 484 547 612 634 713 723 900  ; 5 1 9 5 13 4 8 6 5 7 5 5 7 4 5 5 6 2 
377.2 ; 6.209e-11 ; True ; 1 20 30 112 156 163 260 329 388 484 537 547 713 723 900  ; 5 1 10 4 11 4 9 6 6 6 6 5 7 4 5 5 6 2 
377.8 ; 6.225e-11 ; True ; 1 20 112 156 163 388 438 484 547 612 634 713 723 885 900  ; 6 1 9 4 13 4 8 6 5 6 5 6 6 4 6 5 6 2 
378.1 ; 6.297e-11 ; True ; 1 20 30 112 156 163 173 388 438 547 634 713 723 885 900  ; 6 1 10 3 13 4 10 7 5 6 6 6 6 4 6 5 6 2 
378.8 ; 6.393e-11 ; True ; 1 20 30 112 156 163 260 388 484 547 612 634 713 723 900  ; 5 1 9 4 12 4 9 5 5 6 6 6 7 4 6 5 6 2 
379.9 ; 7.1e-11 ; True ; 1 20 30 112 156 163 388 438 484 547 634 713 723 885 900  ; 6 1 10 4 13 4 9 6 5 7 6 5 6 4 6 5 6 2 
390.1 ; 7.549e-11 ; True ; 1 20 25 112 163 187 260 329 388 484 547 612 634 713 723 900  ; 5 1 10 5 12 3 10 5 6 6 6 5 7 5 5 6 6 2 
394 ; 7.577e-11 ; True ; 1 20 112 144 163 260 329 388 438 484 547 612 634 713 723 900  ; 6 1 10 4 11 4 8 5 5 6 6 5 8 4 5 7 7 2 
398.1 ; 7.59e-11 ; True ; 1 20 42 112 163 329 388 438 484 547 612 634 636 713 723 900  ; 6 1 9 5 13 4 7 4 5 6 7 5 7 4 6 6 6 2 
398.1 ; 8.206e-11 ; True ; 1 20 112 156 163 187 329 388 438 484 547 612 634 713 723 900  ; 6 1 9 4 13 4 9 5 7 6 7 5 6 5 5 6 5 2 
400.9 ; 8.226e-11 ; True ; 1 20 25 112 163 260 329 388 484 547 612 634 713 723 765 900  ; 5 1 10 6 12 3 9 6 5 7 5 5 8 4 5 6 7 2 
401.2 ; 8.589e-11 ; True ; 1 20 25 112 163 260 329 388 483 484 547 612 634 713 723 900  ; 5 1 10 5 12 3 9 6 5 6 5 6 8 4 6 6 7 2 
403 ; 8.959e-11 ; True ; 1 20 25 112 163 260 329 388 438 484 547 612 634 713 723 900  ; 6 1 11 5 12 3 9 6 5 7 6 5 8 4 5 6 7 2 
406.8 ; 9.193e-11 ; True ; 1 20 112 156 163 329 388 438 484 537 547 634 636 713 723 900  ; 5 1 9 5 13 4 8 6 6 6 7 5 7 4 5 6 6 2 
408.7 ; 9.812e-11 ; True ; 1 20 112 156 163 173 329 388 438 484 547 612 634 713 723 900  ; 7 1 10 4 13 4 9 6 6 6 6 6 7 4 5 6 6 2 
410.9 ; 1.034e-10 ; True ; 1 20 25 112 156 163 260 329 388 484 547 612 634 713 723 900  ; 5 1 10 5 12 4 10 6 6 6 6 6 7 4 5 6 6 2 
412.8 ; 1.071e-10 ; True ; 1 20 25 112 156 163 329 388 438 484 547 612 634 713 723 900  ; 6 1 10 5 13 4 9 6 6 7 6 5 7 4 5 6 6 2 
420.4 ; 1.099e-10 ; True ; 1 20 25 112 156 163 260 388 438 484 547 612 634 713 723 900  ; 5 1 10 5 13 4 9 7 5 7 6 6 8 4 5 5 7 2 
421.9 ; 1.157e-10 ; True ; 1 20 30 112 156 163 329 388 438 484 547 634 713 723 885 900  ; 7 1 11 4 13 4 10 6 6 7 7 5 6 4 6 6 6 2 
427.1 ; 1.173e-10 ; True ; 1 20 30 112 156 163 260 388 438 484 547 612 634 713 723 900  ; 6 1 10 4 13 4 9 6 5 7 7 6 8 4 6 5 7 2 
430.7 ; 1.205e-10 ; True ; 1 20 30 112 156 163 388 438 484 547 612 634 713 723 885 900  ; 7 1 10 4 14 4 9 6 5 7 6 6 7 4 7 5 7 2 
432.6 ; 1.24e-10 ; True ; 1 20 30 112 156 163 260 388 438 484 547 634 713 723 885 900  ; 6 1 11 4 13 4 10 7 5 7 7 6 7 4 6 5 7 2 
435.7 ; 1.283e-10 ; True ; 1 20 30 112 156 163 260 388 438 455 484 547 634 713 723 900  ; 5 1 10 5 12 5 9 6 6 7 7 5 7 5 5 5 6 2 
437 ; 1.364e-10 ; True ; 1 20 30 112 156 163 388 438 455 484 547 634 713 723 885 900  ; 6 1 10 5 13 5 9 6 6 7 6 5 6 5 6 5 6 2 
449.9 ; 1.366e-10 ; True ; 1 20 25 112 163 187 329 388 455 484 537 547 612 634 713 723 900  ; 5 1 9 6 13 4 9 5 7 6 5 5 7 6 6 6 6 2 
450.3 ; 1.377e-10 ; True ; 1 20 25 112 163 187 329 388 438 455 484 547 612 634 713 723 900  ; 6 1 10 6 13 4 9 5 7 7 6 4 7 6 5 6 6 2 
450.7 ; 1.495e-10 ; True ; 1 20 25 42 112 163 187 329 388 438 483 484 547 634 713 723 900  ; 5 1 10 5 14 4 9 6 6 7 7 5 7 5 6 6 6 2 
451.2 ; 1.599e-10 ; True ; 1 20 25 112 156 163 187 329 388 438 484 547 612 634 713 723 900  ; 6 1 10 5 14 4 10 6 7 7 7 5 7 5 5 6 6 2 
459.9 ; 1.758e-10 ; True ; 1 20 25 112 156 163 260 329 388 484 537 547 612 634 713 723 900  ; 5 1 10 5 13 4 10 7 6 6 6 7 8 4 6 6 7 2 
463.1 ; 1.835e-10 ; True ; 1 20 25 112 156 163 260 329 388 438 484 547 612 634 713 723 900  ; 6 1 11 5 13 4 10 7 6 7 7 6 8 4 5 6 7 2 
470 ; 1.856e-10 ; True ; 1 20 25 112 156 163 260 329 388 455 484 547 612 634 713 723 900  ; 5 1 10 6 12 5 10 6 7 6 6 6 7 5 5 6 6 2 
472.6 ; 1.924e-10 ; True ; 1 20 30 112 156 163 260 329 388 484 547 612 634 713 723 765 900  ; 6 1 10 5 13 4 10 6 6 7 7 6 8 4 6 6 7 2 
473.7 ; 1.94e-10 ; True ; 1 20 25 112 156 163 329 388 438 484 547 612 634 713 723 885 900  ; 7 1 11 5 14 4 10 7 6 7 6 6 7 4 6 6 7 2 
477.5 ; 1.965e-10 ; True ; 1 20 30 112 156 163 260 329 388 438 484 547 634 713 723 885 900  ; 7 1 12 4 13 4 11 7 6 7 8 6 7 4 6 6 7 2 
477.8 ; 1.972e-10 ; True ; 1 20 112 156 163 329 388 438 455 484 547 612 634 713 723 885 900  ; 7 1 10 5 13 5 9 6 7 6 6 6 6 5 6 6 6 2 
480.3 ; 1.978e-10 ; True ; 1 20 30 112 156 163 329 388 484 547 612 634 713 723 765 885 900  ; 7 1 10 5 14 4 10 6 6 7 6 6 7 4 7 6 7 2 
481.5 ; 2.027e-10 ; True ; 1 20 25 112 156 163 260 388 438 455 484 547 612 634 713 723 900  ; 5 1 10 6 13 5 9 7 6 7 6 6 8 5 5 5 7 2 
486.8 ; 2.113e-10 ; True ; 1 20 30 112 156 163 329 388 438 484 547 634 713 723 769 885 900  ; 7 1 11 5 13 5 10 6 6 8 7 5 6 5 6 6 6 2 
490.1 ; 2.125e-10 ; True ; 1 20 30 112 156 163 260 329 388 484 547 634 713 723 769 885 900  ; 6 1 11 5 12 5 11 6 6 7 7 6 6 5 6 6 6 2 
490.7 ; 2.179e-10 ; True ; 1 20 25 30 112 156 163 260 388 438 455 484 547 634 713 723 900  ; 5 1 11 6 13 5 10 7 6 8 7 5 8 5 5 5 7 2 
497.9 ; 2.197e-10 ; True ; 1 20 112 156 163 260 329 388 438 484 547 612 634 713 723 874 900  ; 6 1 10 5 12 5 9 6 6 7 7 6 8 5 5 6 7 2 
502.1 ; 2.477e-10 ; True ; 1 20 25 112 163 187 260 329 388 484 537 547 612 634 713 723 769 900  ; 5 1 10 6 13 4 10 6 6 7 6 6 8 6 6 6 7 2 
510.9 ; 2.602e-10 ; True ; 1 20 25 112 156 163 187 329 388 438 484 537 547 612 634 723 769 900  ; 6 1 10 5 14 4 9 7 7 8 7 6 8 5 5 6 7 2 
513.2 ; 2.731e-10 ; True ; 1 20 25 112 156 163 260 329 388 413 438 484 547 612 634 713 723 900  ; 6 1 11 6 13 5 10 7 6 8 7 6 8 4 5 6 7 2 
517 ; 2.864e-10 ; True ; 1 20 25 112 156 163 260 329 388 438 484 547 612 634 713 723 765 900  ; 6 1 11 6 14 4 10 8 6 8 7 6 9 4 5 6 8 2 
521.9 ; 2.905e-10 ; True ; 1 20 30 112 156 163 260 329 388 413 438 484 547 612 634 713 723 900  ; 7 1 11 5 13 5 10 6 6 8 8 6 8 4 6 6 7 2 
527 ; 3.111e-10 ; True ; 1 20 25 112 163 260 329 388 438 455 484 547 612 634 713 723 885 900  ; 7 1 12 6 13 4 10 7 6 7 6 6 8 5 6 6 8 2 
530.9 ; 3.217e-10 ; True ; 1 20 25 112 156 163 260 329 388 438 484 547 612 634 713 723 769 900  ; 6 1 11 6 13 5 10 7 6 8 7 6 8 5 5 6 7 2 
532.6 ; 3.281e-10 ; True ; 1 20 25 112 156 163 329 388 438 484 537 547 612 634 713 723 769 900  ; 6 1 10 6 14 5 9 7 6 8 6 6 8 5 6 6 7 2 
535.8 ; 3.337e-10 ; True ; 1 20 25 112 156 163 260 329 388 455 484 547 612 634 713 723 885 900  ; 6 1 11 6 13 5 11 7 7 6 6 7 7 5 6 6 7 2 
542.3 ; 3.491e-10 ; True ; 1 20 30 112 156 163 260 329 388 438 484 537 547 634 713 723 769 900  ; 6 1 11 5 13 5 10 7 6 8 8 6 8 5 6 6 7 2 
545.2 ; 3.555e-10 ; True ; 1 20 30 112 156 163 173 329 388 438 455 547 634 713 723 765 885 900  ; 7 1 11 5 14 5 11 8 7 7 7 6 7 5 6 6 7 2 
545.9 ; 3.746e-10 ; True ; 1 20 30 112 156 163 329 388 438 455 483 484 547 634 713 723 885 900  ; 7 1 11 5 14 5 10 7 7 7 7 6 7 5 7 6 7 2 
563.7 ; 3.801e-10 ; True ; 1 20 112 156 163 260 329 388 438 484 547 612 634 713 723 874 885 900  ; 7 1 11 5 13 5 10 7 6 7 7 7 8 5 6 6 8 2 
565.4 ; 3.873e-10 ; True ; 1 20 25 112 156 163 329 388 438 484 547 612 634 713 723 874 885 900  ; 7 1 11 6 14 5 10 7 6 8 6 6 8 5 6 6 8 2 
572.6 ; 3.959e-10 ; True ; 1 20 25 30 112 163 260 329 388 438 455 547 634 713 723 874 885 900  ; 6 1 12 6 12 5 11 7 6 8 7 5 8 6 6 6 8 2 
573 ; 4.047e-10 ; True ; 1 20 30 112 156 163 260 329 388 484 547 634 713 723 765 874 885 900  ; 6 1 11 6 13 5 11 7 6 8 7 6 8 5 6 6 8 2 
574.8 ; 4.599e-10 ; True ; 1 20 25 112 156 163 260 329 388 438 455 484 547 612 634 636 713 723 900  ; 6 1 11 7 14 5 10 7 7 7 8 6 9 5 5 6 8 2 
581.7 ; 4.77e-10 ; True ; 1 20 25 112 156 163 260 329 388 484 537 547 612 634 713 723 765 769 900  ; 5 1 10 7 14 5 10 8 6 8 6 7 9 5 6 6 8 2 
585.9 ; 4.77e-10 ; True ; 1 20 25 112 156 163 260 329 388 484 537 547 612 634 713 723 765 817 900  ; 5 1 10 7 15 5 10 8 6 8 6 7 9 5 6 6 8 2 
588.8 ; 4.807e-10 ; True ; 1 20 25 112 156 163 260 329 388 438 484 547 612 634 713 723 765 769 900  ; 6 1 11 7 14 5 10 8 6 9 7 6 9 5 5 6 8 2 
591 ; 5.025e-10 ; True ; 1 20 112 156 163 260 329 388 438 483 484 547 612 634 713 723 765 769 900  ; 6 1 10 6 14 5 9 8 6 8 7 7 9 5 6 6 8 2 
594.6 ; 5.237e-10 ; True ; 1 20 25 112 156 163 260 329 388 455 484 547 612 634 713 723 765 885 900  ; 6 1 11 7 14 5 11 8 7 7 6 7 8 5 6 6 8 2 
596.8 ; 5.404e-10 ; True ; 1 20 112 156 163 260 329 388 438 455 484 547 612 634 713 723 765 885 900  ; 7 1 11 6 14 5 10 8 7 7 7 7 8 5 6 6 8 2 
604.5 ; 5.417e-10 ; True ; 1 20 25 112 156 163 329 388 438 483 484 547 612 634 713 723 769 885 900  ; 7 1 11 6 15 5 10 8 6 8 6 7 8 5 7 6 8 2 
605.5 ; 5.61e-10 ; True ; 1 20 30 112 156 163 260 329 388 438 484 547 612 634 713 723 769 885 900  ; 8 1 12 5 14 5 11 7 6 8 8 7 8 5 7 6 8 2 
624.2 ; 6.032e-10 ; True ; 1 20 25 30 112 156 163 260 329 388 438 484 547 612 634 713 723 874 900  ; 7 1 12 6 14 5 11 7 6 9 8 6 10 5 6 6 9 2 
633 ; 6.267e-10 ; True ; 1 20 30 112 156 163 260 329 388 484 547 612 634 713 723 765 874 885 900  ; 7 1 11 6 14 5 11 7 6 8 7 7 9 5 7 6 9 2 
635.5 ; 6.698e-10 ; True ; 1 20 25 112 156 163 240 260 329 388 483 484 547 612 634 713 723 765 769 900  ; 5 1 10 7 15 5 11 8 7 8 7 7 9 5 6 7 8 2 
638 ; 7.04e-10 ; True ; 1 20 25 112 156 163 187 329 388 438 483 484 547 612 634 713 723 765 769 900  ; 6 1 10 7 16 5 10 8 7 9 7 6 9 6 6 6 8 2 
657.3 ; 7.849e-10 ; True ; 1 20 25 112 156 163 260 329 388 455 483 484 547 612 634 713 723 765 885 900  ; 6 1 11 7 15 5 11 9 7 7 6 8 9 5 7 6 9 2 
674.1 ; 8.396e-10 ; True ; 1 20 30 112 156 163 187 260 388 438 455 484 547 612 634 713 723 769 885 900  ; 7 1 11 6 15 6 11 7 7 8 8 7 8 7 7 5 8 2 
686.4 ; 8.413e-10 ; True ; 1 20 25 112 156 163 260 329 388 438 484 547 612 634 713 723 769 817 885 900  ; 7 1 12 7 15 6 11 8 6 9 7 7 8 6 6 6 8 2 
687.9 ; 8.744e-10 ; True ; 1 20 30 112 156 163 187 329 388 483 484 547 612 634 713 723 765 874 885 900  ; 7 1 10 6 16 5 11 7 7 8 7 7 9 6 8 6 9 2 
692.6 ; 9.259e-10 ; True ; 1 20 25 112 163 187 240 260 329 388 438 484 537 547 612 634 713 723 817 885 900  ; 7 1 12 6 17 4 12 8 7 8 8 7 9 6 7 7 9 2 
700.8 ; 9.555e-10 ; True ; 1 20 25 112 127 163 173 260 329 388 438 455 483 484 547 612 634 713 723 765 900  ; 7 1 13 7 16 4 10 10 7 8 7 7 11 6 6 6 10 2 
722.3 ; 9.715e-10 ; True ; 1 20 30 112 163 173 260 268 329 388 438 483 484 547 612 634 713 723 769 885 900  ; 9 1 13 5 16 5 12 8 6 8 7 8 10 5 9 6 10 2 
725.1 ; 1.165e-09 ; True ; 1 20 30 112 156 163 173 306 329 388 438 455 484 547 634 636 713 723 765 885 900  ; 8 1 12 7 16 5 12 8 7 8 8 6 9 5 6 6 9 3 
770.4 ; 1.186e-09 ; True ; 1 20 42 112 163 260 306 329 388 438 455 484 547 612 634 636 713 723 765 879 885 900  ; 7 1 11 7 16 5 11 7 6 7 8 8 9 5 7 6 9 3 
775.6 ; 1.234e-09 ; True ; 1 20 25 30 112 163 329 388 455 483 484 547 612 634 713 723 765 867 874 885 900  ; 8 1 12 8 16 5 11 7 6 9 6 6 10 7 8 7 10 2 
782.6 ; 1.368e-09 ; True ; 1 20 25 112 156 163 260 329 388 438 455 484 547 612 634 713 723 765 850 885 900  ; 8 1 12 7 15 6 12 9 8 8 7 7 9 6 7 6 9 2 
795.3 ; 1.408e-09 ; True ; 1 20 25 112 163 240 306 329 388 438 483 484 537 547 634 713 723 765 769 867 885 900  ; 7 1 12 7 17 4 12 9 6 9 7 6 9 6 7 8 9 3 
799.6 ; 1.449e-09 ; True ; 1 20 30 112 156 163 173 240 306 329 388 438 455 547 634 636 713 723 765 867 885 900  ; 8 1 12 6 17 5 14 8 8 7 10 6 8 6 6 8 8 3 
800.4 ; 1.527e-09 ; True ; 1 20 25 112 156 163 240 260 306 329 388 438 455 483 537 547 634 713 723 765 885 900  ; 5 1 11 6 16 5 13 11 8 7 8 8 9 5 7 7 9 3 
816.9 ; 1.65e-09 ; True ; 1 20 25 112 156 163 260 329 388 438 484 547 576 612 634 713 723 765 769 817 885 900  ; 7 1 13 8 17 6 12 9 7 10 8 7 9 6 6 7 9 2 
853.1 ; 1.74e-09 ; True ; 1 20 25 112 156 163 187 329 388 438 484 537 547 612 634 713 723 765 780 850 885 900  ; 8 1 11 6 18 5 12 9 8 8 8 7 9 7 9 7 9 2 
853.9 ; 1.808e-09 ; True ; 1 20 25 112 156 163 260 329 388 438 455 483 484 529 547 612 634 723 769 874 885 900  ; 8 1 12 7 15 6 10 10 7 9 7 8 11 6 7 6 11 2 
867.7 ; 1.879e-09 ; True ; 1 20 25 112 163 173 187 268 306 329 388 483 484 547 612 634 636 723 765 769 874 885 900  ; 7 1 11 8 17 5 12 8 7 9 6 7 11 6 7 6 11 3 
870.4 ; 2.216e-09 ; True ; 1 20 25 112 156 163 240 260 306 329 388 438 455 483 484 537 547 634 723 765 769 885 900  ; 6 1 12 7 16 5 12 11 8 9 8 8 10 5 6 7 10 3 
921.2 ; 2.721e-09 ; True ; 1 20 42 112 156 163 240 260 306 329 388 438 455 484 537 547 612 713 723 765 874 885 900  ; 7 1 11 7 16 7 11 9 8 8 8 8 10 6 7 6 10 3 
993.5 ; 2.811e-09 ; True ; 1 20 25 112 156 163 240 306 388 438 484 547 612 634 713 723 765 769 850 867 874 885 900  ; 8 1 11 8 17 7 13 8 7 10 7 6 9 8 7 7 9 3 
994.5 ; 2.962e-09 ; True ; 1 20 25 112 156 163 260 269 306 329 388 438 483 484 537 547 612 634 713 723 765 874 886 900  ; 6 1 11 7 18 5 11 10 8 9 8 8 12 6 7 7 11 3 
1019 ; 3.066e-09 ; True ; 1 20 25 112 156 163 173 240 306 329 388 438 455 547 576 612 634 713 723 765 850 867 885 900  ; 9 1 13 6 18 6 16 9 10 7 9 7 8 7 7 9 8 3 
1031 ; 3.13e-09 ; True ; 1 20 42 156 160 163 240 306 329 388 438 484 500 537 547 612 634 713 723 769 780 874 885 900  ; 7 1 10 6 18 6 13 7 8 7 10 9 8 7 9 8 9 3 
1045 ; 3.629e-09 ; True ; 1 20 25 112 156 163 240 260 266 306 329 388 438 455 484 537 547 612 667 680 713 723 765 885 900  ; 7 1 12 7 18 7 12 10 8 9 9 8 11 6 7 6 11 3 
1084 ; 3.642e-09 ; True ; 1 20 25 112 156 163 240 266 306 329 388 414 438 484 537 547 612 713 723 765 769 867 874 885 900  ; 9 1 13 8 19 6 12 10 7 11 7 7 12 7 6 7 11 3 
1106 ; 3.768e-09 ; True ; 1 20 25 54 112 156 163 260 306 329 388 438 483 484 537 547 612 634 713 723 765 874 885 886 900  ; 7 1 13 7 18 5 13 11 7 9 7 9 13 6 8 7 13 3 
1142 ; 4.73e-09 ; True ; 1 20 25 112 156 163 240 306 329 388 438 455 483 484 547 596 612 634 684 723 765 850 874 885 900  ; 8 1 11 7 17 6 13 9 9 9 8 8 10 7 8 8 10 3 
1147 ; 5.046e-09 ; True ; 1 20 25 42 112 156 163 240 306 329 332 388 438 455 483 484 547 612 713 723 765 850 867 874 900  ; 8 1 12 8 18 8 13 9 10 9 8 7 10 8 7 7 9 3 
1184 ; 5.816e-09 ; True ; 1 20 25 112 156 163 240 306 329 332 388 438 455 484 500 547 612 634 713 723 765 850 874 885 900  ; 8 1 13 8 18 7 15 10 11 9 8 8 9 8 7 7 9 3 
1360 ; 7.049e-09 ; True ; 1 20 25 112 123 156 163 240 260 306 367 388 438 455 483 484 547 612 634 723 765 850 867 874 885 886 900  ; 8 1 13 7 19 7 14 10 9 9 9 8 12 8 8 8 11 3 
1451 ; 7.553e-09 ; True ; 1 20 25 112 156 163 240 260 266 306 329 388 438 483 484 500 537 547 634 667 713 723 752 765 863 874 885 900  ; 7 1 14 8 21 7 14 12 8 10 10 10 13 6 7 7 13 3  


RUN 4:
Optimum Distance: 26.48
Optimal Team: 163,388,455,634,
Required Skills: 0 1 2 4 5 7 9 10 11 12 14 15 16 18 22 23 24 26 
Distance; Skill Score; isValid; Team; Skill Counts
33.53 ; 1.844e-18 ; True ; 1 163 388 531 723  ; 2 1 4 1 3 1 2 1 1 2 1 1 2 1 1 1 3 1 
34.41 ; 2.603e-18 ; True ; 1 163 388 723 794  ; 2 1 4 1 4 1 2 1 1 2 2 1 2 1 1 1 2 1 
34.45 ; 4.896e-18 ; True ; 1 163 388 688 723  ; 2 1 4 1 4 1 2 1 1 2 1 1 2 2 1 2 2 1 
34.51 ; 7.153e-18 ; True ; 1 163 388 723 900  ; 2 1 4 2 3 1 2 1 1 3 1 1 2 1 1 2 2 1 
34.54 ; 8.162e-18 ; True ; 163 173 388 723 900  ; 3 1 4 1 3 1 3 2 1 2 1 1 2 1 1 2 2 1 
37.31 ; 1.044e-17 ; True ; 163 260 388 723 900  ; 2 1 4 1 2 1 3 2 1 2 2 1 2 1 1 2 2 1 
37.44 ; 1.208e-17 ; True ; 25 42 163 388 723  ; 2 1 4 1 4 1 3 2 1 2 2 1 2 1 2 1 2 1 
37.51 ; 1.264e-17 ; True ; 1 163 388 713 723  ; 2 1 4 2 4 1 3 1 1 2 1 1 2 2 2 1 2 1 
37.54 ; 1.32e-17 ; True ; 1 97 163 388 723  ; 2 1 5 1 4 1 3 2 1 2 2 1 2 2 1 1 2 1 
38.36 ; 1.357e-17 ; True ; 163 388 547 885 900  ; 2 1 3 1 3 1 3 3 1 2 1 1 2 1 2 2 2 1 
38.5 ; 1.396e-17 ; True ; 42 163 388 723 874  ; 2 1 3 1 3 2 2 1 1 2 2 1 2 2 2 1 2 1 
39.43 ; 1.547e-17 ; True ; 163 173 388 723 874  ; 3 1 4 1 3 1 3 2 1 2 1 1 3 2 1 1 3 1 
39.51 ; 2.875e-17 ; True ; 1 112 163 388 723  ; 2 1 5 1 4 1 2 2 2 3 1 1 2 2 1 2 2 1 
46.27 ; 7.35e-17 ; True ; 1 163 329 388 723 900  ; 3 1 5 2 3 1 3 1 2 3 2 1 2 1 1 3 2 1 
47.46 ; 7.707e-17 ; True ; 1 20 388 438 723 900  ; 2 1 5 2 4 1 2 1 2 4 2 2 2 1 1 2 2 1 
48.23 ; 8.415e-17 ; True ; 163 173 388 438 723 900  ; 4 1 5 1 4 1 3 3 1 3 2 1 3 1 1 2 3 1 
49.23 ; 9.888e-17 ; True ; 20 173 388 438 723 900  ; 3 1 5 1 4 1 3 2 2 3 2 2 2 1 1 2 2 1 
49.29 ; 1.014e-16 ; True ; 1 163 173 388 723 900  ; 3 1 5 2 4 1 3 2 1 3 1 2 3 1 1 2 3 1 
50.98 ; 1.024e-16 ; True ; 1 42 163 329 388 723  ; 3 1 5 1 4 1 3 1 2 2 3 2 2 1 2 2 2 1 
51.1 ; 1.179e-16 ; True ; 1 20 156 388 438 723  ; 2 1 5 1 5 1 3 2 3 3 3 3 2 1 1 1 2 1 
51.12 ; 1.229e-16 ; True ; 1 163 329 388 547 900  ; 2 1 4 2 3 1 3 2 2 3 2 1 3 1 1 3 2 1 
51.23 ; 1.31e-16 ; True ; 163 173 388 438 713 723  ; 4 1 5 1 5 1 4 3 1 2 2 1 3 2 2 1 3 1 
51.26 ; 1.554e-16 ; True ; 1 163 329 388 713 723  ; 3 1 5 2 4 1 4 1 2 2 2 1 2 2 2 2 2 1 
52.26 ; 1.59e-16 ; True ; 1 163 388 531 547 723  ; 2 1 4 1 4 1 3 2 2 2 2 1 3 2 2 2 3 1 
52.3 ; 1.906e-16 ; True ; 1 163 388 438 713 723  ; 3 1 5 2 5 1 3 2 1 3 2 1 3 2 2 1 3 1 
54.05 ; 2.016e-16 ; True ; 30 163 388 547 885 900  ; 3 1 4 1 4 1 4 3 1 3 2 1 3 1 3 2 3 1 
54.12 ; 2.137e-16 ; True ; 1 112 163 329 388 723  ; 3 1 6 1 4 1 3 2 3 3 2 1 2 2 1 3 2 1 
54.23 ; 4.632e-16 ; True ; 1 163 388 547 723 900  ; 2 1 4 2 4 1 3 2 2 3 2 1 3 2 2 3 2 1 
58.06 ; 4.748e-16 ; True ; 1 42 163 388 547 723  ; 2 1 4 1 5 1 3 2 2 2 3 2 3 2 3 2 2 1 
58.23 ; 5.413e-16 ; True ; 1 163 388 547 713 723  ; 2 1 4 2 5 1 4 2 2 2 2 1 3 3 3 2 2 1 
61.05 ; 5.827e-16 ; True ; 1 30 112 163 388 547  ; 2 1 5 1 5 1 3 3 2 4 2 1 4 2 2 2 3 1 
61.19 ; 7.734e-16 ; True ; 1 112 163 388 547 723  ; 2 1 5 1 5 1 3 3 3 3 2 1 3 3 2 3 2 1 
63.13 ; 7.747e-16 ; True ; 1 20 173 388 438 723 900  ; 3 1 6 2 5 1 3 2 2 4 2 3 3 1 1 2 3 1 
63.15 ; 7.826e-16 ; True ; 1 163 388 547 723 874  ; 2 1 4 2 4 1 3 2 2 3 2 1 4 3 2 2 3 1 
63.98 ; 8.052e-16 ; True ; 1 163 173 329 388 723 900  ; 4 1 6 2 4 1 4 2 2 3 2 2 3 1 1 3 3 1 
65.24 ; 8.477e-16 ; True ; 1 20 329 388 547 723 900  ; 2 1 5 2 4 1 4 1 4 3 3 2 2 2 2 4 1 1 
66.11 ; 1.009e-15 ; True ; 1 20 388 438 634 713 723  ; 2 1 5 2 6 1 4 1 2 3 3 3 2 2 3 2 2 1 
66.85 ; 1.022e-15 ; True ; 1 20 156 388 438 723 900  ; 2 1 5 2 5 2 3 2 3 4 3 3 2 1 1 2 2 1 
67.1 ; 1.348e-15 ; True ; 1 20 173 388 438 713 723  ; 3 1 6 2 6 1 4 2 2 3 2 3 3 2 2 1 3 1 
68.92 ; 1.706e-15 ; True ; 1 163 388 438 634 713 723  ; 3 1 5 2 6 1 4 2 1 3 3 2 3 2 3 2 3 1 
68.96 ; 2.143e-15 ; True ; 1 163 329 388 547 723 900  ; 3 1 5 2 4 1 4 2 3 3 3 1 3 2 2 4 2 1 
71.06 ; 2.758e-15 ; True ; 1 20 388 438 547 723 900  ; 2 1 5 2 5 1 3 2 3 4 3 2 3 2 2 3 2 1 
72.93 ; 3.122e-15 ; True ; 1 163 388 438 547 723 900  ; 3 1 5 2 5 1 3 3 2 4 3 1 4 2 2 3 3 1 
73.79 ; 3.873e-15 ; True ; 1 163 173 388 547 723 900  ; 3 1 5 2 5 1 4 3 2 3 2 2 4 2 2 3 3 1 
75.85 ; 4.584e-15 ; True ; 1 163 388 547 723 885 900  ; 3 1 5 2 5 1 4 3 2 3 2 2 3 2 3 3 3 1 
79.43 ; 5.529e-15 ; True ; 1 156 163 388 547 723 900  ; 2 1 4 2 5 2 4 3 3 3 3 2 3 2 2 3 2 1 
81.41 ; 5.622e-15 ; True ; 1 156 163 388 484 547 723  ; 3 1 5 2 6 1 4 3 3 3 3 2 4 2 2 2 3 1 
83.27 ; 5.805e-15 ; True ; 1 30 156 163 388 547 723  ; 3 1 5 1 6 1 5 3 3 3 4 2 4 2 3 2 3 1 
83.77 ; 6.046e-15 ; True ; 1 30 112 163 388 547 723  ; 3 1 6 1 6 1 4 3 3 4 3 1 4 3 3 3 3 1 
83.78 ; 7.6e-15 ; True ; 1 20 173 388 438 634 713 723  ; 3 1 6 2 7 1 5 2 2 3 3 4 3 2 3 2 3 1 
86.56 ; 7.702e-15 ; True ; 1 163 173 388 438 634 713 723  ; 4 1 6 2 7 1 5 3 1 3 3 3 4 2 3 2 4 1 
86.87 ; 9.735e-15 ; True ; 1 20 329 388 438 547 723 900  ; 3 1 6 2 5 1 4 2 4 4 4 2 3 2 2 4 2 1 
90.51 ; 1.02e-14 ; True ; 1 163 329 388 547 634 723 900  ; 3 1 5 2 5 1 5 2 3 3 4 2 3 2 3 5 2 1 
90.58 ; 1.106e-14 ; True ; 1 163 329 388 438 547 723 900  ; 4 1 6 2 5 1 4 3 3 4 4 1 4 2 2 4 3 1 
91.44 ; 1.46e-14 ; True ; 1 163 173 329 388 547 723 900  ; 4 1 6 2 5 1 5 3 3 3 3 2 4 2 2 4 3 1 
91.51 ; 1.657e-14 ; True ; 1 20 173 388 438 547 723 900  ; 3 1 6 2 6 1 4 3 3 4 3 3 4 2 2 3 3 1 
93.36 ; 1.665e-14 ; True ; 1 163 173 388 438 547 723 900  ; 4 1 6 2 6 1 4 4 2 4 3 2 5 2 2 3 4 1 
94.48 ; 1.729e-14 ; True ; 1 163 329 388 547 723 885 900  ; 4 1 6 2 5 1 5 3 3 3 3 2 3 2 3 4 3 1 
95.28 ; 1.941e-14 ; True ; 1 20 156 388 438 547 723 900  ; 2 1 5 2 6 2 4 3 4 4 4 3 3 2 2 3 2 1 
95.7 ; 1.961e-14 ; True ; 1 20 388 438 547 723 885 900  ; 3 1 6 2 6 1 4 3 3 4 3 3 3 2 3 3 3 1 
96.48 ; 2.043e-14 ; True ; 1 20 173 388 438 547 713 723  ; 3 1 6 2 7 1 5 3 3 3 3 3 4 3 3 2 3 1 
97.35 ; 2.053e-14 ; True ; 1 163 173 388 438 547 713 723  ; 4 1 6 2 7 1 5 4 2 3 3 2 5 3 3 2 4 1 
97.52 ; 2.097e-14 ; True ; 1 163 388 438 547 723 885 900  ; 4 1 6 2 6 1 4 4 2 4 3 2 4 2 3 3 4 1 
98.21 ; 2.226e-14 ; True ; 1 20 30 156 388 547 723 900  ; 2 1 5 2 6 2 5 2 4 4 4 3 3 2 3 3 2 1 
98.37 ; 2.4e-14 ; True ; 1 30 163 388 547 723 885 900  ; 4 1 6 2 6 1 5 3 2 4 3 2 4 2 4 3 4 1 
101.9 ; 2.745e-14 ; True ; 1 156 163 388 484 547 723 900  ; 3 1 5 3 6 2 4 3 3 4 3 2 4 2 2 3 3 1 
102 ; 2.935e-14 ; True ; 1 156 163 388 438 547 723 900  ; 3 1 5 2 6 2 4 4 3 4 4 2 4 2 2 3 3 1 
103.3 ; 2.944e-14 ; True ; 1 112 163 388 484 547 634 723  ; 3 1 6 2 7 1 4 3 3 4 3 2 4 3 3 4 3 1 
103.5 ; 3.195e-14 ; True ; 1 112 163 173 388 547 723 900  ; 3 1 6 2 6 2 4 4 3 4 2 2 4 3 2 4 3 1 
104.5 ; 3.669e-14 ; True ; 1 42 112 163 388 484 547 723  ; 3 1 6 2 7 2 3 3 3 4 3 2 4 3 3 3 3 1 
104.9 ; 3.779e-14 ; True ; 1 30 156 163 388 547 723 900  ; 3 1 5 2 6 2 5 3 3 4 4 2 4 2 3 3 3 1 
106.5 ; 3.782e-14 ; True ; 1 112 163 388 547 723 885 900  ; 3 1 6 2 6 2 4 4 3 4 2 2 3 3 3 4 3 1 
109.4 ; 3.943e-14 ; True ; 1 112 163 173 388 547 713 723  ; 3 1 6 2 7 2 5 4 3 3 2 2 4 4 3 3 3 1 
109.9 ; 4.016e-14 ; True ; 1 30 156 163 388 547 713 723  ; 3 1 5 2 7 2 6 3 3 3 4 2 4 3 4 2 3 1 
110.2 ; 4.825e-14 ; True ; 1 20 173 329 388 438 547 723 900  ; 4 1 7 2 6 1 5 3 4 4 4 3 4 2 2 4 3 1 
112.1 ; 5.009e-14 ; True ; 1 163 173 329 388 413 547 723 900  ; 4 1 6 3 5 2 5 3 3 4 3 2 4 2 2 4 3 1 
112.8 ; 5.07e-14 ; True ; 1 20 156 329 388 484 547 723 900  ; 3 1 6 3 6 2 5 2 5 4 4 3 3 2 2 4 2 1 
113.1 ; 5.554e-14 ; True ; 1 20 173 388 438 547 634 723 900  ; 3 1 6 2 7 1 5 3 3 4 4 4 4 2 3 4 3 1 
114 ; 5.711e-14 ; True ; 1 20 156 329 388 438 547 723 900  ; 3 1 6 2 6 2 5 3 5 4 5 3 3 2 2 4 2 1 
114.6 ; 5.876e-14 ; True ; 1 20 329 388 438 547 713 723 900  ; 3 1 6 3 6 2 5 2 4 4 4 2 3 3 3 4 2 1 
116.1 ; 5.928e-14 ; True ; 1 163 329 388 413 547 723 885 900  ; 4 1 6 3 5 2 5 3 3 4 3 2 3 2 3 4 3 1 
116.8 ; 6.112e-14 ; True ; 1 42 163 329 388 484 547 723 900  ; 4 1 6 3 6 2 4 2 3 4 4 2 4 2 3 4 3 1 
116.9 ; 6.278e-14 ; True ; 1 163 173 388 438 547 634 723 900  ; 4 1 6 2 7 1 5 4 2 4 4 3 5 2 3 4 4 1 
117.1 ; 6.629e-14 ; True ; 1 20 173 388 438 547 634 713 723  ; 3 1 6 2 8 1 6 3 3 3 4 4 4 3 4 3 3 1 
119 ; 7.452e-14 ; True ; 1 20 30 173 388 438 547 723 900  ; 4 1 7 2 7 1 5 3 3 5 4 3 5 2 3 3 4 1 
119.2 ; 9.977e-14 ; True ; 1 20 173 388 438 547 713 723 900  ; 3 1 6 3 7 2 5 3 3 4 3 3 4 3 3 3 3 1 
122 ; 1.003e-13 ; True ; 1 163 173 388 438 547 713 723 900  ; 4 1 6 3 7 2 5 4 2 4 3 2 5 3 3 3 4 1 
123.7 ; 1.123e-13 ; True ; 1 20 30 156 388 438 547 723 900  ; 3 1 6 2 7 2 5 3 4 5 5 3 4 2 3 3 3 1 
124.8 ; 1.146e-13 ; True ; 1 20 30 156 388 547 723 885 900  ; 3 1 6 2 7 2 6 3 4 4 4 4 3 2 4 3 3 1 
127.2 ; 1.178e-13 ; True ; 1 20 173 329 388 438 634 713 723 900  ; 4 1 7 3 7 2 6 2 3 4 4 4 3 2 3 4 3 1 
128 ; 1.179e-13 ; True ; 1 112 163 173 388 438 547 723 900  ; 4 1 7 2 7 2 4 5 3 5 3 2 5 3 2 4 4 1 
128.1 ; 1.204e-13 ; True ; 1 112 163 388 438 547 634 723 900  ; 3 1 6 2 7 2 4 4 3 5 4 2 4 3 3 5 3 1 
128.9 ; 1.225e-13 ; True ; 1 112 163 260 388 484 547 723 900  ; 3 1 7 3 6 2 4 4 3 5 3 2 5 3 2 4 4 1 
129 ; 1.31e-13 ; True ; 1 30 163 388 455 547 723 885 900  ; 4 1 6 3 6 2 5 3 3 4 3 2 4 3 4 3 4 1 
130.5 ; 1.312e-13 ; True ; 1 156 163 388 438 547 723 885 900  ; 4 1 6 2 7 2 5 5 3 4 4 3 4 2 3 3 4 1 
131.1 ; 1.429e-13 ; True ; 1 20 30 112 173 388 547 723 900  ; 3 1 7 2 7 2 5 3 4 5 3 3 4 3 3 4 3 1 
131.4 ; 1.55e-13 ; True ; 1 30 156 163 388 547 723 885 900  ; 4 1 6 2 7 2 6 4 3 4 4 3 4 2 4 3 4 1 
132.9 ; 1.615e-13 ; True ; 1 30 112 163 173 388 547 723 900  ; 4 1 7 2 7 2 5 4 3 5 3 2 5 3 3 4 4 1 
133.9 ; 1.809e-13 ; True ; 1 30 112 163 388 547 723 885 900  ; 4 1 7 2 7 2 5 4 3 5 3 2 4 3 4 4 4 1 
138.9 ; 1.83e-13 ; True ; 1 30 112 163 173 388 547 713 723  ; 4 1 7 2 8 2 6 4 3 4 3 2 5 4 4 3 4 1 
139.4 ; 1.952e-13 ; True ; 1 30 112 156 163 388 547 723 900  ; 3 1 6 2 7 3 5 4 4 5 4 2 4 3 3 4 3 1 
140.8 ; 2.006e-13 ; True ; 1 20 156 329 388 484 547 612 723 900  ; 4 1 6 3 7 2 5 2 5 4 4 4 4 2 3 4 3 1 
140.9 ; 2.039e-13 ; True ; 1 20 329 388 438 484 547 713 723 900  ; 4 1 7 4 7 2 5 2 4 5 4 2 4 3 3 4 3 1 
140.9 ; 2.816e-13 ; True ; 1 20 173 329 388 438 547 713 723 900  ; 4 1 7 3 7 2 6 3 4 4 4 3 4 3 3 4 3 1 
142.8 ; 2.88e-13 ; True ; 1 20 173 388 438 547 634 713 723 900  ; 3 1 6 3 8 2 6 3 3 4 4 4 4 3 4 4 3 1 
145.6 ; 2.996e-13 ; True ; 1 163 173 329 388 438 547 713 723 900  ; 5 1 7 3 7 2 6 4 3 4 4 2 5 3 3 4 4 1 
147.6 ; 3.255e-13 ; True ; 1 163 173 388 438 547 634 713 723 900  ; 4 1 6 3 8 2 6 4 2 4 4 3 5 3 4 4 4 1 
149.6 ; 3.311e-13 ; True ; 1 20 173 260 388 438 547 713 723 900  ; 3 1 7 3 7 2 6 4 3 4 4 4 5 3 3 3 4 1 
150.6 ; 3.864e-13 ; True ; 1 20 30 173 388 438 547 713 723 900  ; 4 1 7 3 8 2 6 3 3 5 4 3 5 3 4 3 4 1 
153.3 ; 3.994e-13 ; True ; 1 20 30 156 388 438 547 723 885 900  ; 4 1 7 2 8 2 6 4 4 5 5 4 4 2 4 3 4 1 
153.8 ; 4.058e-13 ; True ; 1 20 30 388 438 547 713 723 885 900  ; 4 1 7 3 8 2 6 3 3 5 4 3 4 3 5 3 4 1 
155.5 ; 4.167e-13 ; True ; 1 112 163 173 388 438 547 634 723 900  ; 4 1 7 2 8 2 5 5 3 5 4 3 5 3 3 5 4 1 
156.3 ; 4.382e-13 ; True ; 1 20 30 156 388 438 547 713 723 900  ; 3 1 6 3 8 3 6 3 4 5 5 3 4 3 4 3 3 1 
158.5 ; 4.392e-13 ; True ; 1 20 163 388 438 547 634 713 723 900  ; 3 1 6 3 8 2 6 3 3 4 4 3 4 3 4 4 3 2 
158.5 ; 4.713e-13 ; True ; 1 20 30 112 173 388 438 547 723 900  ; 4 1 8 2 8 2 5 4 4 6 4 3 5 3 3 4 4 1 
159.3 ; 4.831e-13 ; True ; 1 20 163 173 388 438 547 713 723 900  ; 4 1 7 3 8 2 6 4 3 4 3 3 5 3 3 3 4 2 
160.5 ; 5.028e-13 ; True ; 1 112 163 173 388 438 547 634 713 723  ; 4 1 7 2 9 2 6 5 3 4 4 3 5 4 4 4 4 1 
161.7 ; 5.278e-13 ; True ; 1 20 30 112 388 438 547 723 885 900  ; 4 1 8 2 8 2 5 4 4 6 4 3 4 3 4 4 4 1 
164.3 ; 5.282e-13 ; True ; 1 30 112 163 173 388 547 723 885 900  ; 5 1 8 2 8 2 6 5 3 5 3 3 5 3 4 4 5 1 
164.5 ; 5.41e-13 ; True ; 1 20 163 388 438 547 713 723 885 900  ; 4 1 7 3 8 2 6 4 3 4 3 3 4 3 4 3 4 2 
164.7 ; 5.439e-13 ; True ; 1 20 30 156 163 388 438 547 723 900  ; 4 1 7 2 8 2 6 4 4 5 5 3 5 2 3 3 4 2 
165.5 ; 5.556e-13 ; True ; 1 20 30 112 173 388 438 547 713 723  ; 4 1 8 2 9 2 6 4 4 5 4 3 5 4 4 3 4 1 
165.7 ; 5.791e-13 ; True ; 1 20 30 156 163 388 547 723 885 900  ; 4 1 7 2 8 2 7 4 4 4 4 4 4 2 4 3 4 2 
165.9 ; 5.838e-13 ; True ; 1 20 156 163 388 438 547 713 723 900  ; 3 1 6 3 8 3 6 4 4 4 4 3 4 3 3 3 3 2 
166.5 ; 7.024e-13 ; True ; 1 20 173 329 388 438 547 634 713 723 900  ; 4 1 7 3 8 2 7 3 4 4 5 4 4 3 4 5 3 1 
170.2 ; 7.569e-13 ; True ; 1 20 173 329 388 438 484 547 713 723 900  ; 5 1 8 4 8 2 6 3 4 5 4 3 5 3 3 4 4 1 
172.2 ; 7.623e-13 ; True ; 1 20 30 112 163 388 547 723 885 900  ; 4 1 8 2 8 2 6 4 4 5 3 3 4 3 4 4 4 2 
173 ; 7.887e-13 ; True ; 1 20 260 329 388 438 484 547 713 723 900  ; 4 1 8 4 7 2 6 3 4 5 5 3 5 3 3 4 4 1 
173 ; 8.358e-13 ; True ; 1 20 173 388 438 484 547 634 713 723 900  ; 4 1 7 4 9 2 6 3 3 5 4 4 5 3 4 4 4 1 
173.1 ; 8.404e-13 ; True ; 1 163 173 329 388 438 547 634 713 723 900  ; 5 1 7 3 8 2 7 4 3 4 5 3 5 3 4 5 4 1 
174.1 ; 8.463e-13 ; True ; 1 20 173 260 329 388 438 547 713 723 900  ; 4 1 8 3 7 2 7 4 4 4 5 4 5 3 3 4 4 1 
175.8 ; 8.696e-13 ; True ; 1 20 156 329 388 438 484 547 713 723 900  ; 4 1 7 4 8 3 6 3 5 5 5 3 4 3 3 4 3 1 
175.9 ; 9.331e-13 ; True ; 1 20 156 173 329 388 438 547 713 723 900  ; 4 1 7 3 8 3 7 4 5 4 5 4 4 3 3 4 3 1 
177.1 ; 9.627e-13 ; True ; 1 20 30 173 388 438 547 634 713 723 900  ; 4 1 7 3 9 2 7 3 3 5 5 4 5 3 5 4 4 1 
179.2 ; 9.796e-13 ; True ; 1 20 30 173 388 438 455 547 634 723 900  ; 4 1 7 3 8 2 6 3 4 5 5 4 5 3 4 4 4 1 
180.4 ; 1.015e-12 ; True ; 1 20 156 173 388 438 484 547 634 713 723  ; 4 1 7 3 10 2 7 4 4 4 5 5 5 3 4 3 4 1 
181.9 ; 1.026e-12 ; True ; 1 20 30 156 329 388 438 547 713 723 900  ; 4 1 7 3 8 3 7 3 5 5 6 3 4 3 4 4 3 1 
182 ; 1.076e-12 ; True ; 1 20 112 173 388 438 484 547 634 723 900  ; 4 1 8 3 9 2 5 4 4 6 4 4 5 3 3 5 4 1 
182.5 ; 1.111e-12 ; True ; 1 20 156 173 388 438 484 547 713 723 900  ; 4 1 7 4 9 3 6 4 4 5 4 4 5 3 3 3 4 1 
185.4 ; 1.118e-12 ; True ; 1 156 163 173 329 388 438 547 713 723 900  ; 5 1 7 3 8 3 7 5 4 4 5 3 5 3 3 4 4 1 
185.9 ; 1.238e-12 ; True ; 1 20 163 173 329 388 438 547 713 723 900  ; 5 1 8 3 8 2 7 4 4 4 4 3 5 3 3 4 4 2 
186.5 ; 1.365e-12 ; True ; 1 20 30 156 173 388 438 547 713 723 900  ; 4 1 7 3 9 3 7 4 4 5 5 4 5 3 4 3 4 1 
187.8 ; 1.368e-12 ; True ; 1 20 163 173 388 438 547 634 713 723 900  ; 4 1 7 3 9 2 7 4 3 4 4 4 5 3 4 4 4 2 
189.7 ; 1.368e-12 ; True ; 1 20 30 156 388 438 455 547 723 885 900  ; 4 1 7 3 8 3 6 4 5 5 5 4 4 3 4 3 4 1 
189.7 ; 1.433e-12 ; True ; 1 20 30 156 388 438 547 713 723 885 900  ; 4 1 7 3 9 3 7 4 4 5 5 4 4 3 5 3 4 1 
191.1 ; 1.447e-12 ; True ; 1 112 163 173 388 438 547 634 713 723 900  ; 4 1 7 3 9 3 6 5 3 5 4 3 5 4 4 5 4 1 
193.8 ; 1.468e-12 ; True ; 1 20 30 163 388 438 547 634 713 723 900  ; 4 1 7 3 9 2 7 3 3 5 5 3 5 3 5 4 4 2 
194.6 ; 1.536e-12 ; True ; 1 20 30 163 173 388 438 547 713 723 900  ; 5 1 8 3 9 2 7 4 3 5 4 3 6 3 4 3 5 2 
195.1 ; 1.636e-12 ; True ; 1 20 30 112 173 388 438 547 713 723 900  ; 4 1 8 3 9 3 6 4 4 6 4 3 5 4 4 4 4 1 
196.7 ; 1.641e-12 ; True ; 1 20 112 163 388 438 484 547 634 723 900  ; 4 1 8 3 9 2 5 4 4 6 4 3 5 3 3 5 4 2 
197.1 ; 1.651e-12 ; True ; 1 20 156 163 388 438 484 547 634 713 723  ; 4 1 7 3 10 2 7 4 4 4 5 4 5 3 4 3 4 2 
197.2 ; 1.708e-12 ; True ; 1 20 156 163 173 388 438 547 713 723 900  ; 4 1 7 3 9 3 7 5 4 4 4 4 5 3 3 3 4 2 
198.4 ; 1.776e-12 ; True ; 1 20 30 112 156 388 484 547 723 885 900  ; 4 1 8 3 9 3 6 4 5 6 4 4 4 3 4 4 4 1 
198.6 ; 1.887e-12 ; True ; 1 20 173 329 388 438 484 547 634 713 723 900  ; 5 1 8 4 9 2 7 3 4 5 5 4 5 3 4 5 4 1 
202.2 ; 2.081e-12 ; True ; 1 20 30 156 163 388 438 547 713 723 900  ; 4 1 7 3 9 3 7 4 4 5 5 3 5 3 4 3 4 2 
204.9 ; 2.11e-12 ; True ; 1 20 25 173 329 388 438 547 634 713 723 900  ; 4 1 8 4 9 2 8 4 4 5 5 4 5 3 4 5 4 1 
207.7 ; 2.111e-12 ; True ; 1 20 30 112 163 388 438 547 634 713 723  ; 4 1 8 2 10 2 7 4 4 5 5 3 5 4 5 4 4 2 
207.9 ; 2.174e-12 ; True ; 1 20 156 173 329 388 438 484 547 634 713 723  ; 5 1 8 3 10 2 8 4 5 4 6 5 5 3 4 4 4 1 
208 ; 2.419e-12 ; True ; 1 20 30 112 156 163 388 484 547 723 900  ; 4 1 8 3 9 3 6 4 5 6 4 3 5 3 3 4 4 2 
209 ; 2.507e-12 ; True ; 1 20 156 173 329 388 438 484 547 713 723 900  ; 5 1 8 4 9 3 7 4 5 5 5 4 5 3 3 4 4 1 
211 ; 2.527e-12 ; True ; 1 20 30 112 156 163 388 547 723 885 900  ; 4 1 8 2 9 3 7 5 5 5 4 4 4 3 4 4 4 2 
211.8 ; 2.767e-12 ; True ; 1 20 156 173 388 438 484 547 634 713 723 900  ; 4 1 7 4 10 3 7 4 4 5 5 5 5 3 4 4 4 1 
215.4 ; 2.796e-12 ; True ; 1 20 112 260 329 388 484 547 612 713 723 900  ; 4 1 8 4 8 3 6 3 5 5 4 4 5 4 4 5 4 1 
216 ; 3.026e-12 ; True ; 1 20 30 156 173 388 438 547 634 713 723 900  ; 4 1 7 3 10 3 8 4 4 5 6 5 5 3 5 4 4 1 
216.3 ; 3.05e-12 ; True ; 1 20 163 173 329 388 438 547 634 713 723 900  ; 5 1 8 3 9 2 8 4 4 4 5 4 5 3 4 5 4 2 
219.5 ; 3.321e-12 ; True ; 1 20 112 173 388 438 484 547 634 713 723 900  ; 4 1 8 4 10 3 6 4 4 6 4 4 5 4 4 5 4 1 
222 ; 3.323e-12 ; True ; 1 20 163 173 388 438 484 547 634 713 723 900  ; 5 1 8 4 10 2 7 4 3 5 4 4 6 3 4 4 5 2 
223 ; 3.378e-12 ; True ; 1 20 30 156 173 388 438 547 713 723 885 900  ; 5 1 8 3 10 3 8 5 4 5 5 5 5 3 5 3 5 1 
223.8 ; 3.412e-12 ; True ; 1 20 112 260 388 438 484 547 612 713 723 900  ; 4 1 8 4 9 3 5 4 4 6 4 4 6 4 4 4 5 1 
224.5 ; 3.424e-12 ; True ; 1 20 30 112 173 329 388 438 547 713 723 900  ; 5 1 9 3 9 3 7 4 5 6 5 3 5 4 4 5 4 1 
225 ; 3.477e-12 ; True ; 1 20 30 163 173 329 388 438 547 713 723 900  ; 6 1 9 3 9 2 8 4 4 5 5 3 6 3 4 4 5 2 
225.6 ; 3.825e-12 ; True ; 1 20 30 112 173 388 438 547 634 713 723 900  ; 4 1 8 3 10 3 7 4 4 6 5 4 5 4 5 5 4 1 
228.5 ; 4.202e-12 ; True ; 1 20 156 163 173 388 438 547 634 713 723 900  ; 4 1 7 3 10 3 8 5 4 4 5 5 5 3 4 4 4 2 
230.4 ; 4.501e-12 ; True ; 1 20 156 163 388 438 484 547 634 713 723 900  ; 4 1 7 4 10 3 7 4 4 5 5 4 5 3 4 4 4 2 
234.5 ; 4.921e-12 ; True ; 1 20 30 156 163 388 438 547 634 713 723 900  ; 4 1 7 3 10 3 8 4 4 5 6 4 5 3 5 4 4 2 
236.2 ; 5.065e-12 ; True ; 1 20 112 163 388 438 484 547 634 713 723 900  ; 4 1 8 4 10 3 6 4 4 6 4 3 5 4 4 5 4 2 
236.3 ; 5.315e-12 ; True ; 1 20 112 163 173 388 438 547 634 713 723 900  ; 4 1 8 3 10 3 7 5 4 5 4 4 5 4 4 5 4 2 
239.5 ; 5.494e-12 ; True ; 1 20 30 156 163 388 438 547 713 723 885 900  ; 5 1 8 3 10 3 8 5 4 5 5 4 5 3 5 3 5 2 
240.3 ; 5.562e-12 ; True ; 1 20 156 173 329 388 438 484 547 634 713 723 900  ; 5 1 8 4 10 3 8 4 5 5 6 5 5 3 4 5 4 1 
242.2 ; 5.833e-12 ; True ; 1 20 30 112 163 388 438 547 634 713 723 900  ; 4 1 8 3 10 3 7 4 4 6 5 3 5 4 5 5 4 2 
243.1 ; 6.03e-12 ; True ; 1 20 30 112 156 163 388 484 547 634 723 900  ; 4 1 8 3 10 3 7 4 5 6 5 4 5 3 4 5 4 2 
244.1 ; 6.039e-12 ; True ; 1 20 30 112 163 173 388 438 547 713 723 900  ; 5 1 9 3 10 3 7 5 4 6 4 3 6 4 4 4 5 2 
245.4 ; 6.412e-12 ; True ; 1 20 112 156 163 388 438 484 547 634 713 723  ; 4 1 8 3 11 3 7 5 5 5 5 4 5 4 4 4 4 2 
248.2 ; 6.591e-12 ; True ; 1 20 30 112 163 388 438 547 713 723 885 900  ; 5 1 9 3 10 3 7 5 4 6 4 3 5 4 5 4 5 2 
248.2 ; 6.812e-12 ; True ; 1 20 30 112 156 163 388 484 547 723 885 900  ; 5 1 9 3 10 3 7 5 5 6 4 4 5 3 4 4 5 2 
250.2 ; 6.881e-12 ; True ; 1 20 30 112 156 163 388 484 547 634 713 723  ; 4 1 8 3 11 3 8 4 5 5 5 4 5 4 5 4 4 2 
251.5 ; 6.924e-12 ; True ; 1 20 30 112 156 163 388 438 547 713 723 900  ; 4 1 8 3 10 4 7 5 5 6 5 3 5 4 4 4 4 2 
252.4 ; 7.056e-12 ; True ; 1 20 163 173 329 388 438 484 547 634 713 723 900  ; 6 1 9 4 10 2 8 4 4 5 5 4 6 3 4 5 5 2 
253.9 ; 7.277e-12 ; True ; 1 20 112 260 329 388 438 484 547 612 713 723 900  ; 5 1 9 4 9 3 6 4 5 6 5 4 6 4 4 5 5 1 
256.3 ; 7.296e-12 ; True ; 1 20 30 112 156 163 388 484 547 713 723 885  ; 5 1 9 3 11 3 8 5 5 5 4 4 5 4 5 3 5 2 
256.6 ; 7.313e-12 ; True ; 1 20 112 173 388 438 484 547 612 634 713 723 900  ; 5 1 8 4 11 3 6 4 4 6 4 5 6 4 5 5 5 1 
257.1 ; 7.335e-12 ; True ; 1 20 163 260 329 388 438 484 547 634 713 723 900  ; 5 1 9 4 9 2 8 4 4 5 6 4 6 3 4 5 5 2 
258.4 ; 7.653e-12 ; True ; 1 20 30 163 173 329 388 438 547 634 713 723 900  ; 6 1 9 3 10 2 9 4 4 5 6 4 6 3 5 5 5 2 
258.6 ; 7.856e-12 ; True ; 1 20 112 173 260 388 438 484 547 634 713 723 900  ; 4 1 9 4 10 3 7 5 4 6 5 5 6 4 4 5 5 1 
259.8 ; 8.265e-12 ; True ; 1 20 163 173 329 388 438 455 547 634 713 723 900  ; 5 1 8 4 9 3 8 4 5 4 5 4 5 4 4 5 4 2 
260 ; 8.378e-12 ; True ; 1 20 156 163 173 329 388 438 547 634 713 723 900  ; 5 1 8 3 10 3 9 5 5 4 6 5 5 3 4 5 4 2 
260.8 ; 9.046e-12 ; True ; 1 20 156 163 329 388 438 484 547 634 713 723 900  ; 5 1 8 4 10 3 8 4 5 5 6 4 5 3 4 5 4 2 
265.5 ; 9.228e-12 ; True ; 1 20 156 163 329 388 438 484 547 612 713 723 900  ; 6 1 8 4 10 3 7 4 5 5 5 4 6 3 4 4 5 2 
266.6 ; 1.021e-11 ; True ; 1 20 156 163 173 388 438 484 547 634 713 723 900  ; 5 1 8 4 11 3 8 5 4 5 5 5 6 3 4 4 5 2 
268.6 ; 1.056e-11 ; True ; 1 20 112 163 173 329 388 438 547 634 713 723 900  ; 5 1 9 3 10 3 8 5 5 5 5 4 5 4 4 6 4 2 
270.5 ; 1.063e-11 ; True ; 1 20 112 163 173 388 438 547 634 636 713 723 900  ; 4 1 8 4 11 3 7 5 4 5 5 4 6 4 4 5 5 2 
270.7 ; 1.107e-11 ; True ; 1 20 30 156 163 173 388 438 547 634 713 723 900  ; 5 1 8 3 11 3 9 5 4 5 6 5 6 3 5 4 5 2 
273.4 ; 1.226e-11 ; True ; 1 20 112 163 173 388 438 484 547 634 713 723 900  ; 5 1 9 4 11 3 7 5 4 6 4 4 6 4 4 5 5 2 
277.3 ; 1.278e-11 ; True ; 1 20 112 163 260 388 438 484 547 634 713 723 900  ; 4 1 9 4 10 3 7 5 4 6 5 4 6 4 4 5 5 2 
279.4 ; 1.394e-11 ; True ; 1 20 30 112 163 173 388 438 547 634 713 723 900  ; 5 1 9 3 11 3 8 5 4 6 5 4 6 4 5 5 5 2 
281.7 ; 1.405e-11 ; True ; 1 20 112 156 163 388 438 484 547 634 713 723 900  ; 4 1 8 4 11 4 7 5 5 6 5 4 5 4 4 5 4 2 
284.5 ; 1.461e-11 ; True ; 1 20 30 112 163 388 438 547 634 713 723 885 900  ; 5 1 9 3 11 3 8 5 4 6 5 4 5 4 6 5 5 2 
285.5 ; 1.471e-11 ; True ; 1 20 30 112 163 388 438 455 547 634 723 885 900  ; 5 1 9 3 10 3 7 5 5 6 5 4 5 4 5 5 5 2 
286.3 ; 1.475e-11 ; True ; 1 20 30 112 156 163 388 484 547 634 723 885 900  ; 5 1 9 3 11 3 8 5 5 6 5 5 5 3 5 5 5 2 
287.4 ; 1.508e-11 ; True ; 1 20 30 112 156 163 388 484 547 634 713 723 900  ; 4 1 8 4 11 4 8 4 5 6 5 4 5 4 5 5 4 2 
287.8 ; 1.536e-11 ; True ; 1 20 30 112 156 163 388 438 547 634 713 723 900  ; 4 1 8 3 11 4 8 5 5 6 6 4 5 4 5 5 4 2 
290.7 ; 1.553e-11 ; True ; 1 20 30 112 156 163 388 438 484 547 713 723 900  ; 5 1 9 4 11 4 7 5 5 7 5 3 6 4 4 4 5 2 
291.5 ; 1.561e-11 ; True ; 1 20 30 112 156 163 173 388 484 547 713 723 900  ; 5 1 9 4 11 4 8 5 5 6 4 4 6 4 4 4 5 2 
293.3 ; 1.627e-11 ; True ; 1 20 30 112 156 163 260 388 484 547 713 723 900  ; 4 1 9 4 10 4 8 5 5 6 5 4 6 4 4 4 5 2 
294.5 ; 1.704e-11 ; True ; 1 20 30 112 156 163 388 484 547 713 723 885 900  ; 5 1 9 4 11 4 8 5 5 6 4 4 5 4 5 4 5 2 
299.7 ; 1.793e-11 ; True ; 1 20 163 173 329 388 438 455 484 547 634 713 723 900  ; 6 1 9 5 10 3 8 4 5 5 5 4 6 4 4 5 5 2 
299.9 ; 1.938e-11 ; True ; 1 20 156 163 173 329 388 438 484 547 634 713 723 900  ; 6 1 9 4 11 3 9 5 5 5 6 5 6 3 4 5 5 2 
304.6 ; 1.961e-11 ; True ; 1 20 156 163 260 329 388 438 484 547 634 713 723 900  ; 5 1 9 4 10 3 9 5 5 5 7 5 6 3 4 5 5 2 
306.1 ; 2.038e-11 ; True ; 1 20 25 156 163 329 388 438 484 547 634 713 723 900  ; 5 1 9 5 11 3 9 5 5 6 6 4 6 3 4 5 5 2 
306.7 ; 2.04e-11 ; True ; 1 20 156 163 329 388 438 484 537 547 634 713 723 900  ; 5 1 8 4 11 3 8 5 5 5 6 5 6 3 5 5 5 2 
307.7 ; 2.325e-11 ; True ; 1 20 112 163 173 329 388 438 484 547 634 713 723 900  ; 6 1 10 4 11 3 8 5 5 6 5 4 6 4 4 6 5 2 
311.4 ; 2.417e-11 ; True ; 1 20 112 163 260 329 388 438 484 547 634 713 723 900  ; 5 1 10 4 10 3 8 5 5 6 6 4 6 4 4 6 5 2 
315.4 ; 2.439e-11 ; True ; 1 20 112 163 173 388 438 484 547 612 634 713 723 900  ; 6 1 9 4 12 3 7 5 4 6 4 5 7 4 5 5 6 2 
316 ; 2.575e-11 ; True ; 1 20 112 156 163 329 388 438 484 547 634 713 723 900  ; 5 1 9 4 11 4 8 5 6 6 6 4 5 4 4 6 4 2 
317.9 ; 2.638e-11 ; True ; 1 20 112 163 260 388 438 484 547 612 634 713 723 900  ; 5 1 9 4 11 3 7 5 4 6 5 5 7 4 5 5 6 2 
320.5 ; 2.802e-11 ; True ; 1 20 30 112 163 173 388 438 484 547 634 713 723 900  ; 6 1 10 4 12 3 8 5 4 7 5 4 7 4 5 5 6 2 
322.9 ; 3.029e-11 ; True ; 1 20 112 156 163 173 388 438 484 547 634 713 723 900  ; 5 1 9 4 12 4 8 6 5 6 5 5 6 4 4 5 5 2 
324.7 ; 3.094e-11 ; True ; 1 20 112 156 163 388 438 484 547 612 634 713 723 900  ; 5 1 8 4 12 4 7 5 5 6 5 5 6 4 5 5 5 2 
329.8 ; 3.445e-11 ; True ; 1 20 30 112 156 163 388 438 484 547 634 713 723 900  ; 5 1 9 4 12 4 8 5 5 7 6 4 6 4 5 5 5 2 
334.6 ; 3.513e-11 ; True ; 1 20 30 112 156 163 388 484 547 634 713 723 885 900  ; 5 1 9 4 12 4 9 5 5 6 5 5 5 4 6 5 5 2 
337.8 ; 3.583e-11 ; True ; 1 20 30 112 156 163 388 438 484 547 713 723 885 900  ; 6 1 10 4 12 4 8 6 5 7 5 4 6 4 5 4 6 2 
341.4 ; 3.623e-11 ; True ; 1 20 30 112 156 163 260 388 484 547 713 723 885 900  ; 5 1 10 4 11 4 9 6 5 6 5 5 6 4 5 4 6 2 
344.8 ; 3.931e-11 ; True ; 1 20 112 163 173 329 388 438 484 547 634 636 713 723 900  ; 6 1 10 5 12 3 8 5 5 6 6 4 7 4 4 6 6 2 
348.5 ; 3.977e-11 ; True ; 1 20 112 163 260 329 388 438 484 547 634 636 713 723 900  ; 5 1 10 5 11 3 8 5 5 6 7 4 7 4 4 6 6 2 
350.5 ; 4.039e-11 ; True ; 1 20 112 163 173 329 388 438 547 612 634 636 713 723 900  ; 6 1 9 4 12 3 8 5 5 5 6 5 7 4 5 6 6 2 
351.7 ; 4.063e-11 ; True ; 1 20 112 163 260 329 388 413 438 484 547 634 713 723 900  ; 5 1 10 5 10 4 8 5 5 7 6 4 6 4 4 6 5 2 
352 ; 4.228e-11 ; True ; 1 20 112 163 173 187 260 388 438 484 547 634 713 723 900  ; 5 1 10 4 12 3 9 6 5 6 6 5 7 5 4 5 6 2 
352.5 ; 4.516e-11 ; True ; 1 20 112 163 173 329 388 438 484 547 612 634 713 723 900  ; 7 1 10 4 12 3 8 5 5 6 5 5 7 4 5 6 6 2 
354.8 ; 4.81e-11 ; True ; 1 20 112 163 260 329 388 438 484 547 612 634 713 723 900  ; 6 1 10 4 11 3 8 5 5 6 6 5 7 4 5 6 6 2 
358.3 ; 4.917e-11 ; True ; 1 20 112 163 260 329 388 438 484 537 547 634 713 723 900  ; 5 1 10 4 11 3 8 6 5 6 6 5 7 4 5 6 6 2 
360 ; 5.261e-11 ; True ; 1 20 112 156 163 173 329 388 438 484 547 634 713 723 900  ; 6 1 10 4 12 4 9 6 6 6 6 5 6 4 4 6 5 2 
361.7 ; 5.465e-11 ; True ; 1 20 112 156 163 329 388 438 484 547 612 634 713 723 900  ; 6 1 9 4 12 4 8 5 6 6 6 5 6 4 5 6 5 2 
365.8 ; 5.587e-11 ; True ; 1 20 112 156 163 329 388 438 484 537 547 634 713 723 900  ; 5 1 9 4 12 4 8 6 6 6 6 5 6 4 5 6 5 2 
368.8 ; 5.788e-11 ; True ; 1 20 112 156 163 173 388 438 484 547 612 634 713 723 900  ; 6 1 9 4 13 4 8 6 5 6 5 6 7 4 5 5 6 2 
371.2 ; 6.017e-11 ; True ; 1 20 112 156 163 260 388 438 484 547 612 634 713 723 900  ; 5 1 9 4 12 4 8 6 5 6 6 6 7 4 5 5 6 2 
373.7 ; 6.068e-11 ; True ; 1 20 30 112 156 163 329 388 484 547 634 713 723 885 900  ; 6 1 10 4 12 4 10 5 6 6 6 5 5 4 6 6 5 2 
376 ; 6.2e-11 ; True ; 1 20 30 112 156 163 388 438 547 634 636 713 723 885 900  ; 5 1 9 4 13 4 9 6 5 6 7 5 6 4 6 5 6 2 
376.6 ; 6.584e-11 ; True ; 1 20 30 112 156 163 388 438 484 547 612 634 713 723 900  ; 6 1 9 4 13 4 8 5 5 7 6 5 7 4 6 5 6 2 
379.9 ; 7.1e-11 ; True ; 1 20 30 112 156 163 388 438 484 547 634 713 723 885 900  ; 6 1 10 4 13 4 9 6 5 7 6 5 6 4 6 5 6 2 
395.4 ; 7.169e-11 ; True ; 1 20 30 112 156 163 329 388 484 547 634 723 874 885 900  ; 6 1 10 4 11 4 9 5 6 7 6 5 6 4 5 6 6 2 
397.9 ; 7.734e-11 ; True ; 1 20 112 163 173 260 329 388 413 438 484 547 634 713 723 900  ; 6 1 11 5 11 4 9 6 5 7 6 5 7 4 4 6 6 2 
398.1 ; 8.087e-11 ; True ; 1 20 112 163 260 329 388 413 438 484 547 612 634 713 723 900  ; 6 1 10 5 11 4 8 5 5 7 6 5 7 4 5 6 6 2 
398.1 ; 8.206e-11 ; True ; 1 20 112 156 163 187 329 388 438 484 547 612 634 713 723 900  ; 6 1 9 4 13 4 9 5 7 6 7 5 6 5 5 6 5 2 
402.6 ; 8.992e-11 ; True ; 1 20 112 156 163 329 388 438 484 547 612 634 636 713 723 900  ; 6 1 9 5 13 4 8 5 6 6 7 5 7 4 5 6 6 2 
406.8 ; 9.193e-11 ; True ; 1 20 112 156 163 329 388 438 484 537 547 634 636 713 723 900  ; 5 1 9 5 13 4 8 6 6 6 7 5 7 4 5 6 6 2 
411 ; 9.696e-11 ; True ; 1 20 112 156 163 329 388 438 484 547 634 636 713 723 885 900  ; 6 1 10 5 13 4 9 6 6 6 7 5 6 4 5 6 6 2 
411.1 ; 1.017e-10 ; True ; 1 20 112 156 163 260 329 388 438 484 547 612 634 713 723 900  ; 6 1 10 4 12 4 9 6 6 6 7 6 7 4 5 6 6 2 
413 ; 1.025e-10 ; True ; 1 20 112 156 163 329 388 438 483 484 547 612 634 713 723 900  ; 6 1 9 4 13 4 8 6 6 6 6 6 7 4 6 6 6 2 
418.7 ; 1.055e-10 ; True ; 1 20 112 156 163 329 388 438 484 547 612 634 713 723 885 900  ; 7 1 10 4 13 4 9 6 6 6 6 6 6 4 6 6 6 2 
420.7 ; 1.056e-10 ; True ; 1 20 112 156 163 260 329 388 438 484 547 634 713 723 885 900  ; 6 1 11 4 12 4 10 7 6 6 7 6 6 4 5 6 6 2 
421.6 ; 1.07e-10 ; True ; 1 20 25 112 156 163 329 388 484 547 612 634 713 723 885 900  ; 6 1 10 5 13 4 10 6 6 6 5 6 6 4 6 6 6 2 
422.9 ; 1.077e-10 ; True ; 1 20 112 156 163 329 388 438 484 537 547 634 713 723 885 900  ; 6 1 10 4 13 4 9 7 6 6 6 6 6 4 6 6 6 2 
426.2 ; 1.141e-10 ; True ; 1 20 30 112 156 163 260 329 388 484 547 634 713 723 885 900  ; 6 1 11 4 12 4 11 6 6 6 7 6 6 4 6 6 6 2 
430.2 ; 1.155e-10 ; True ; 1 20 30 112 156 163 329 388 438 547 634 713 723 765 885 900  ; 6 1 10 4 13 4 10 7 6 7 7 5 6 4 6 6 6 2 
432.7 ; 1.165e-10 ; True ; 1 20 30 112 156 163 329 388 438 484 537 547 713 723 885 900  ; 7 1 11 4 13 4 9 7 6 7 6 5 7 4 6 5 7 2 
435.1 ; 1.236e-10 ; True ; 1 20 30 112 156 163 388 438 484 547 634 713 723 765 885 900  ; 6 1 10 5 14 4 9 7 5 8 6 5 7 4 6 5 7 2 
441.4 ; 1.317e-10 ; True ; 1 20 30 112 156 163 260 388 455 484 547 634 713 723 885 900  ; 5 1 10 5 12 5 10 6 6 6 6 6 6 5 6 5 6 2 
454 ; 1.57e-10 ; True ; 1 20 112 156 163 260 329 388 438 484 547 612 634 636 713 723 900  ; 6 1 10 5 13 4 9 6 6 6 8 6 8 4 5 6 7 2 
464 ; 1.774e-10 ; True ; 1 20 112 156 163 260 329 388 438 484 547 612 634 713 723 765 900  ; 6 1 10 5 13 4 9 7 6 7 7 6 8 4 5 6 7 2 
471 ; 1.793e-10 ; True ; 1 20 30 112 156 163 329 388 413 438 484 547 634 713 723 885 900  ; 7 1 11 5 13 5 10 6 6 8 7 5 6 4 6 6 6 2 
473.7 ; 1.835e-10 ; True ; 1 20 112 156 163 329 388 438 455 484 547 612 634 713 723 765 900  ; 6 1 9 6 13 5 8 6 7 7 6 5 7 5 5 6 6 2 
475.7 ; 1.841e-10 ; True ; 1 20 112 156 163 260 329 388 438 484 547 634 713 723 765 885 900  ; 6 1 11 5 13 4 10 8 6 7 7 6 7 4 5 6 7 2 
479.9 ; 2.015e-10 ; True ; 1 20 30 112 156 163 329 388 438 484 547 634 713 723 765 885 900  ; 7 1 11 5 14 4 10 7 6 8 7 5 7 4 6 6 7 2 
481.3 ; 2.027e-10 ; True ; 1 20 30 112 156 163 260 329 388 484 547 634 713 723 765 885 900  ; 6 1 11 5 13 4 11 7 6 7 7 6 7 4 6 6 7 2 
488.8 ; 2.042e-10 ; True ; 1 20 30 112 156 163 260 388 438 484 547 634 713 723 765 885 900  ; 6 1 11 5 14 4 10 8 5 8 7 6 8 4 6 5 8 2 
497.9 ; 2.197e-10 ; True ; 1 20 112 156 163 260 329 388 438 484 547 612 634 713 723 874 900  ; 6 1 10 5 12 5 9 6 6 7 7 6 8 5 5 6 7 2 
502.8 ; 2.25e-10 ; True ; 1 20 30 112 156 163 329 388 438 547 634 636 713 723 874 885 900  ; 6 1 10 5 13 5 10 6 6 7 8 5 7 5 6 6 7 2 
504.5 ; 2.322e-10 ; True ; 1 20 112 156 163 329 388 438 484 547 612 634 713 723 874 885 900  ; 7 1 10 5 13 5 9 6 6 7 6 6 7 5 6 6 7 2 
506.6 ; 2.323e-10 ; True ; 1 20 112 156 163 260 329 388 438 484 547 634 713 723 874 885 900  ; 6 1 11 5 12 5 10 7 6 7 7 6 7 5 5 6 7 2 
506.8 ; 2.539e-10 ; True ; 1 20 112 156 163 187 260 329 388 438 484 537 547 634 713 723 765 900  ; 5 1 10 5 14 4 10 8 7 7 8 6 8 5 5 6 7 2 
512.6 ; 2.562e-10 ; True ; 1 20 112 156 163 260 329 388 413 484 537 547 612 634 713 723 765 900  ; 5 1 9 6 13 5 9 7 6 7 6 7 8 4 6 6 7 2 
517.9 ; 2.716e-10 ; True ; 1 20 112 156 163 260 329 388 438 484 547 612 634 636 713 723 885 900  ; 7 1 11 5 14 4 10 7 6 6 8 7 8 4 6 6 8 2 
522.8 ; 3.091e-10 ; True ; 1 20 25 42 112 163 260 329 388 438 455 484 547 612 634 713 723 900  ; 6 1 11 6 13 5 9 6 6 7 7 6 8 5 6 6 7 2 
537.2 ; 3.136e-10 ; True ; 1 20 30 112 163 173 260 329 388 455 484 547 634 713 723 765 885 900  ; 7 1 12 6 13 4 11 7 6 7 6 6 8 5 6 6 8 2 
545.7 ; 3.156e-10 ; True ; 1 20 112 156 163 260 329 388 438 484 547 612 634 636 713 723 874 900  ; 6 1 10 6 13 5 9 6 6 7 8 6 9 5 5 6 8 2 
548.9 ; 3.613e-10 ; True ; 1 20 30 112 156 163 260 329 388 438 455 547 634 713 723 765 885 900  ; 6 1 11 5 13 5 11 8 7 7 8 6 7 5 6 6 7 2 
567.4 ; 3.794e-10 ; True ; 1 20 42 112 156 163 260 329 388 413 438 484 547 612 634 636 713 723 900  ; 6 1 10 6 14 6 9 6 6 7 9 7 8 4 6 6 7 2 
568.2 ; 4.085e-10 ; True ; 1 20 30 112 156 163 260 329 388 438 484 547 634 713 723 874 885 900  ; 7 1 12 5 13 5 11 7 6 8 8 6 8 5 6 6 8 2 
578.5 ; 4.14e-10 ; True ; 1 20 112 156 163 260 306 329 388 413 438 484 537 547 612 634 713 723 900  ; 6 1 10 5 13 5 10 7 6 7 7 7 8 4 6 6 7 3 
579.7 ; 4.153e-10 ; True ; 1 20 67 112 156 163 260 329 388 413 438 484 547 612 634 713 723 765 900  ; 6 1 10 6 13 6 9 7 6 9 7 6 8 5 5 7 7 2 
584.2 ; 4.57e-10 ; True ; 1 20 30 112 156 163 260 329 388 484 547 612 634 636 713 723 765 885 900  ; 7 1 11 6 15 4 11 7 6 7 8 7 9 4 7 6 9 2 
601.4 ; 4.617e-10 ; True ; 1 20 112 156 163 260 388 438 455 484 537 547 634 636 713 723 765 885 900  ; 5 1 10 7 15 5 9 9 6 7 7 7 9 5 6 5 9 2 
609.1 ; 4.94e-10 ; True ; 1 20 30 112 156 163 329 388 413 438 484 537 547 634 684 713 723 885 900  ; 7 1 11 5 14 5 10 7 6 8 8 6 7 5 8 7 7 2 
615.4 ; 5.21e-10 ; True ; 1 20 30 97 112 156 163 260 329 388 484 547 612 634 713 723 765 885 900  ; 7 1 12 5 15 5 12 8 6 7 8 7 8 5 7 6 8 2 
616.5 ; 5.38e-10 ; True ; 1 20 30 112 156 163 260 329 388 438 455 537 547 612 713 723 765 885 900  ; 7 1 11 5 14 5 10 9 7 7 7 7 9 5 7 5 9 2 
633.1 ; 6.195e-10 ; True ; 1 20 30 112 156 163 260 329 388 438 484 547 634 713 723 765 874 885 900  ; 7 1 12 6 14 5 11 8 6 9 8 6 9 5 6 6 9 2 
644.4 ; 6.716e-10 ; True ; 1 20 112 156 163 260 329 388 413 438 484 537 547 612 634 713 723 765 885 900  ; 7 1 11 6 15 5 10 9 6 8 7 8 9 4 7 6 9 2 
655.1 ; 6.912e-10 ; True ; 1 20 30 112 156 163 260 329 388 484 547 612 634 636 713 723 765 867 885 900  ; 8 1 12 6 16 4 12 7 6 7 9 7 9 5 7 7 9 2 
665.3 ; 6.936e-10 ; True ; 1 20 112 156 163 260 306 329 388 413 438 484 547 612 634 684 713 723 885 900  ; 7 1 11 5 13 5 11 7 6 7 8 7 7 5 7 7 7 3 
684.4 ; 7.582e-10 ; True ; 1 15 20 30 112 156 163 260 329 388 484 547 612 634 636 713 723 874 885 900  ; 7 1 11 6 15 5 12 7 6 7 8 8 10 5 7 6 10 2 
690.8 ; 8.004e-10 ; True ; 1 20 30 112 156 163 329 388 395 455 484 547 612 634 636 723 765 874 885 900  ; 8 1 11 7 15 5 10 7 7 8 7 6 10 5 7 6 10 2 
699 ; 8.046e-10 ; True ; 1 4 20 112 156 163 260 329 388 438 484 547 612 634 636 713 723 874 885 900  ; 7 1 11 7 15 6 10 7 6 8 9 7 9 5 6 6 9 2 
701.4 ; 8.498e-10 ; True ; 1 20 112 156 163 260 329 388 438 484 547 612 634 636 713 723 817 874 885 900  ; 7 1 11 7 15 6 10 7 6 8 8 7 9 6 6 6 9 2 
717 ; 8.585e-10 ; True ; 1 20 112 156 163 260 306 329 388 413 438 484 537 547 612 634 713 723 817 832 900  ; 6 1 10 6 15 6 10 7 7 8 8 7 8 5 6 6 7 3 
717.8 ; 8.675e-10 ; True ; 1 20 112 156 163 260 329 388 413 438 484 500 547 612 634 636 713 723 765 805 900  ; 7 1 12 7 16 5 10 8 7 9 9 7 10 5 5 6 9 2 
720.4 ; 8.7e-10 ; True ; 1 20 25 30 112 156 163 306 329 388 484 500 547 612 634 723 765 817 885 900  ; 7 1 12 6 16 4 12 8 7 9 7 7 8 5 6 6 8 3 
720.4 ; 9.313e-10 ; True ; 1 20 30 112 156 163 260 329 388 413 484 537 547 612 634 636 723 765 817 885 900  ; 7 1 11 7 16 5 10 8 6 9 8 8 10 4 7 6 10 2 
731.8 ; 9.895e-10 ; True ; 1 20 112 156 163 306 329 388 413 438 484 547 612 634 636 713 723 765 780 885 900  ; 7 1 10 7 16 5 10 7 6 8 8 6 8 5 7 7 8 3 
743.3 ; 1.023e-09 ; True ; 1 20 30 112 156 163 260 329 388 484 500 547 612 634 684 713 723 874 885 900  ; 7 1 12 5 14 5 12 7 7 7 9 8 8 7 8 7 8 2 
753.7 ; 1.086e-09 ; True ; 1 20 30 112 156 163 260 306 329 388 413 455 484 547 612 634 636 713 723 817 885  ; 7 1 11 7 15 6 12 6 7 7 8 7 8 6 7 5 8 3 
762.3 ; 1.174e-09 ; True ; 1 20 112 156 163 260 306 329 388 413 484 537 547 612 634 713 723 765 874 885 900  ; 6 1 10 7 14 6 11 8 6 8 6 8 9 5 7 6 9 3 
775.8 ; 1.27e-09 ; True ; 1 20 112 156 163 260 329 388 413 438 484 500 547 612 634 636 713 723 874 885 900  ; 7 1 12 7 15 6 11 8 7 8 9 8 9 6 6 6 9 2 
795.4 ; 1.278e-09 ; True ; 1 20 112 156 163 306 329 388 413 438 500 547 612 634 636 713 723 765 874 885 900  ; 6 1 10 7 15 6 11 8 7 8 8 7 8 6 6 6 8 3 
798.2 ; 1.316e-09 ; True ; 1 20 30 112 156 163 260 329 388 413 438 484 547 612 634 713 723 765 817 839 885 900  ; 8 1 12 7 17 7 11 9 6 10 8 7 9 5 7 6 9 2 
803.1 ; 1.402e-09 ; True ; 1 20 30 112 156 163 260 329 388 395 455 484 547 634 713 723 765 817 874 885 900  ; 7 1 12 8 15 7 12 8 7 9 7 6 9 7 7 6 9 2 
806.6 ; 1.425e-09 ; True ; 1 20 112 156 163 260 329 388 413 438 484 500 547 576 612 634 636 713 723 765 885 900  ; 7 1 13 7 17 5 12 9 8 8 10 8 9 5 6 7 9 2 
808 ; 1.442e-09 ; True ; 1 20 112 156 163 306 329 388 413 438 484 500 547 612 634 636 713 723 765 805 885 900  ; 8 1 12 7 17 5 11 8 7 9 8 7 9 5 6 6 9 3 
830 ; 1.448e-09 ; True ; 1 20 30 112 156 163 306 329 388 395 455 484 500 537 547 612 684 723 874 885 900  ; 8 1 12 5 14 5 11 8 8 7 7 7 9 7 8 6 9 3 
852.6 ; 1.659e-09 ; True ; 1 20 49 112 156 163 260 306 329 388 413 438 537 547 612 634 713 723 765 874 885 900  ; 6 1 11 7 14 7 12 9 6 9 7 8 9 5 7 6 9 3 
853.6 ; 1.774e-09 ; True ; 1 20 112 156 163 306 329 388 438 484 500 547 612 634 636 713 723 765 805 874 885 900  ; 8 1 12 7 17 5 11 8 7 9 8 7 10 6 6 6 10 3 
874.7 ; 1.856e-09 ; True ; 1 20 42 112 156 163 260 329 388 438 483 484 547 634 680 713 723 765 867 874 885 900  ; 7 1 12 6 16 7 11 9 6 8 10 8 9 7 8 7 9 2 
883.8 ; 1.865e-09 ; True ; 1 20 30 112 156 163 260 329 388 395 438 455 537 547 634 684 713 723 867 874 885 900  ; 8 1 13 5 15 6 13 9 7 7 10 7 9 8 9 8 9 2 
890 ; 1.895e-09 ; True ; 1 20 112 156 163 260 306 388 438 484 537 547 612 634 636 713 723 765 850 874 885 900  ; 7 1 10 7 16 6 11 9 6 8 7 8 11 6 8 5 11 3 
907.1 ; 1.964e-09 ; True ; 1 20 30 89 112 156 163 260 306 329 388 413 455 484 537 547 634 636 713 723 867 885 900  ; 8 1 12 7 16 6 14 8 7 7 9 7 8 6 7 7 9 3 
918.4 ; 2.097e-09 ; True ; 1 20 30 112 156 163 260 329 388 395 484 500 547 612 634 636 713 723 850 874 885 900  ; 9 1 13 6 16 6 14 8 8 7 9 8 10 7 9 6 10 2 
946.5 ; 2.423e-09 ; True ; 1 20 42 112 127 156 163 283 306 329 388 438 484 547 612 634 636 713 723 817 874 885 900  ; 7 1 11 8 17 8 10 7 7 9 9 7 8 7 7 6 8 3 
986 ; 2.552e-09 ; True ; 1 20 30 112 156 163 260 329 388 395 413 455 484 500 547 634 636 684 713 723 850 885 900  ; 8 1 13 7 15 7 14 8 9 7 10 7 8 8 9 7 8 2 
989.6 ; 2.771e-09 ; True ; 1 20 25 112 156 163 260 329 388 438 483 484 547 612 684 713 723 765 850 867 874 885 900  ; 9 1 13 7 16 6 12 10 7 9 8 7 11 8 8 7 11 2 
1023 ; 2.851e-09 ; True ; 20 25 30 112 156 163 260 306 329 388 483 484 547 634 636 723 765 780 817 850 874 885 900  ; 7 1 11 7 16 6 13 9 7 9 9 6 10 7 8 7 10 3 
1032 ; 2.86e-09 ; True ; 1 20 30 156 163 260 329 388 438 483 484 500 547 634 713 723 765 817 850 867 874 885 900  ; 9 1 13 7 17 6 14 9 7 9 10 8 10 8 8 6 10 2 
1063 ; 2.894e-09 ; True ; 1 20 105 112 156 163 260 306 329 388 413 438 484 505 547 612 634 684 713 723 765 863 885 900  ; 8 1 12 7 16 7 13 8 6 8 9 8 10 6 7 8 10 3 
1077 ; 3.077e-09 ; True ; 1 20 30 112 156 163 260 306 329 388 395 455 484 500 547 713 723 780 817 863 874 885 900  ; 8 1 14 8 15 8 13 8 8 8 8 6 9 9 7 6 9 3 
1089 ; 3.178e-09 ; True ; 1 20 112 156 163 174 260 306 329 332 385 388 483 484 537 547 612 634 684 713 723 786 874 885 900  ; 6 1 11 6 18 5 14 9 7 8 8 10 9 6 10 8 10 3 
1097 ; 3.295e-09 ; True ; 20 30 83 112 163 260 306 329 332 385 388 483 484 494 537 547 612 634 636 713 723 817 874 885 900  ; 7 1 12 7 18 5 13 8 7 9 8 8 10 7 10 6 11 3 
1120 ; 3.693e-09 ; True ; 1 20 112 156 163 260 329 388 438 483 484 547 612 634 680 713 723 759 765 850 867 874 885 900  ; 9 1 12 7 16 8 12 9 7 9 9 8 10 8 9 7 10 2 
1149 ; 3.703e-09 ; True ; 1 20 25 30 112 156 163 260 306 329 388 395 455 484 500 547 713 723 765 817 863 874 885 900  ; 8 1 15 10 16 8 14 10 8 10 7 6 11 8 6 5 11 3 
1169 ; 4.23e-09 ; True ; 1 20 30 112 156 163 260 306 329 388 395 455 484 500 547 713 723 765 780 817 863 874 885 900  ; 8 1 14 9 16 8 13 9 8 9 8 6 10 9 7 6 10 3 
1211 ; 4.617e-09 ; True ; 1 20 42 112 156 163 260 306 329 388 438 483 484 500 547 612 634 684 713 723 784 863 874 885 900  ; 9 1 14 6 17 7 12 9 7 7 10 10 10 7 9 7 10 3 
1248 ; 4.817e-09 ; True ; 17 20 30 112 156 163 260 306 329 388 455 483 484 537 547 559 634 636 713 723 765 817 867 874 885 900  ; 7 1 11 8 19 8 13 9 7 9 9 7 10 9 8 7 10 3 
1260 ; 5.59e-09 ; True ; 1 20 25 30 112 156 163 260 306 329 388 395 455 484 500 547 713 723 765 780 817 863 874 885 900  ; 8 1 15 10 17 8 14 10 8 10 8 6 11 9 7 6 11 3 
1336 ; 6.07e-09 ; True ; 1 20 25 30 112 156 163 260 306 329 388 395 455 484 500 547 713 723 765 780 817 839 863 874 885 900  ; 8 1 15 10 18 9 14 11 8 10 8 6 11 9 7 6 11 3 
1408 ; 7.818e-09 ; True ; 1 20 30 112 156 163 260 306 329 332 388 413 438 484 505 547 612 634 684 713 723 726 817 850 874 885 900  ; 10 1 14 7 18 9 15 8 8 10 10 8 10 9 9 7 10 3 
1587 ; 7.914e-09 ; True ; 1 20 30 112 156 163 260 329 332 385 388 395 455 484 500 547 612 684 713 723 780 830 850 863 874 885 890 900  ; 11 1 15 8 19 8 14 9 10 8 9 8 11 10 10 8 12 2 
1681 ; 7.921e-09 ; True ; 1 20 42 112 156 163 253 260 306 329 388 402 438 455 483 484 500 547 612 723 739 741 760 765 850 867 874 885 900  ; 10 1 14 6 19 9 13 11 10 8 10 9 10 9 8 7 10 3 
1694 ; 7.981e-09 ; True ; 1 20 30 112 156 163 260 329 332 385 388 395 455 484 500 547 612 684 713 723 780 830 850 863 874 885 890 898 900  ; 11 1 16 8 19 8 15 9 10 8 9 8 11 10 10 8 12 2 
1706 ; 8.64e-09 ; True ; 1 20 112 127 156 161 163 260 306 329 385 388 429 455 484 500 547 612 634 636 713 723 739 741 760 822 850 863 885 900  ; 11 1 14 8 22 8 14 11 11 7 10 8 10 8 8 7 12 3 
1822 ; 8.737e-09 ; True ; 1 20 30 112 156 163 260 329 332 385 388 395 455 484 500 547 612 623 684 713 723 780 830 850 863 874 885 890 898 900  ; 12 1 16 8 19 8 15 9 10 8 9 8 11 10 11 8 12 2 


RUN 5:
Optimum Distance: 26.48
Optimal Team: 163,388,455,634,
Required Skills: 0 1 2 4 5 7 9 10 11 12 14 15 16 18 22 23 24 26 
Distance; Skill Score; isValid; Team; Skill Counts
33.53 ; 1.844e-18 ; True ; 1 163 388 531 723  ; 2 1 4 1 3 1 2 1 1 2 1 1 2 1 1 1 3 1 
34.41 ; 2.603e-18 ; True ; 1 163 388 723 794  ; 2 1 4 1 4 1 2 1 1 2 2 1 2 1 1 1 2 1 
34.45 ; 4.896e-18 ; True ; 1 163 388 688 723  ; 2 1 4 1 4 1 2 1 1 2 1 1 2 2 1 2 2 1 
34.51 ; 7.153e-18 ; True ; 1 163 388 723 900  ; 2 1 4 2 3 1 2 1 1 3 1 1 2 1 1 2 2 1 
34.54 ; 8.162e-18 ; True ; 163 173 388 723 900  ; 3 1 4 1 3 1 3 2 1 2 1 1 2 1 1 2 2 1 
35.44 ; 8.535e-18 ; True ; 163 388 592 723 885  ; 3 1 4 1 3 1 3 2 1 2 1 1 1 2 2 1 2 1 
36.18 ; 1.343e-17 ; True ; 163 388 547 592 885  ; 2 1 3 1 3 1 3 3 1 2 1 1 2 2 2 1 2 1 
38.36 ; 1.357e-17 ; True ; 163 388 547 885 900  ; 2 1 3 1 3 1 3 3 1 2 1 1 2 1 2 2 2 1 
39.43 ; 1.547e-17 ; True ; 163 173 388 723 874  ; 3 1 4 1 3 1 3 2 1 2 1 1 3 2 1 1 3 1 
39.51 ; 2.875e-17 ; True ; 1 112 163 388 723  ; 2 1 5 1 4 1 2 2 2 3 1 1 2 2 1 2 2 1 
46.26 ; 5.163e-17 ; True ; 1 163 329 388 413 723  ; 3 1 5 2 3 1 3 1 2 3 2 1 2 1 1 2 2 1 
46.27 ; 7.35e-17 ; True ; 1 163 329 388 723 900  ; 3 1 5 2 3 1 3 1 2 3 2 1 2 1 1 3 2 1 
47.46 ; 7.707e-17 ; True ; 1 20 388 438 723 900  ; 2 1 5 2 4 1 2 1 2 4 2 2 2 1 1 2 2 1 
47.73 ; 9.123e-17 ; True ; 127 163 173 388 723 900  ; 3 1 5 1 4 1 3 3 2 2 2 1 2 2 1 2 2 1 
49.23 ; 9.888e-17 ; True ; 20 173 388 438 723 900  ; 3 1 5 1 4 1 3 2 2 3 2 2 2 1 1 2 2 1 
49.29 ; 1.014e-16 ; True ; 1 163 173 388 723 900  ; 3 1 5 2 4 1 3 2 1 3 1 2 3 1 1 2 3 1 
49.68 ; 1.064e-16 ; True ; 1 127 163 388 723 900  ; 2 1 5 2 4 1 2 2 2 3 2 1 2 2 1 2 2 1 
51.1 ; 1.179e-16 ; True ; 1 20 156 388 438 723  ; 2 1 5 1 5 1 3 2 3 3 3 3 2 1 1 1 2 1 
51.12 ; 1.229e-16 ; True ; 1 163 329 388 547 900  ; 2 1 4 2 3 1 3 2 2 3 2 1 3 1 1 3 2 1 
51.23 ; 1.31e-16 ; True ; 163 173 388 438 713 723  ; 4 1 5 1 5 1 4 3 1 2 2 1 3 2 2 1 3 1 
51.26 ; 1.554e-16 ; True ; 1 163 329 388 713 723  ; 3 1 5 2 4 1 4 1 2 2 2 1 2 2 2 2 2 1 
52.26 ; 1.59e-16 ; True ; 1 163 388 531 547 723  ; 2 1 4 1 4 1 3 2 2 2 2 1 3 2 2 2 3 1 
52.3 ; 1.906e-16 ; True ; 1 163 388 438 713 723  ; 3 1 5 2 5 1 3 2 1 3 2 1 3 2 2 1 3 1 
54.05 ; 2.016e-16 ; True ; 30 163 388 547 885 900  ; 3 1 4 1 4 1 4 3 1 3 2 1 3 1 3 2 3 1 
54.12 ; 2.137e-16 ; True ; 1 112 163 329 388 723  ; 3 1 6 1 4 1 3 2 3 3 2 1 2 2 1 3 2 1 
54.19 ; 3.253e-16 ; True ; 1 163 388 413 547 723  ; 2 1 4 2 4 1 3 2 2 3 2 1 3 2 2 2 2 1 
54.23 ; 4.632e-16 ; True ; 1 163 388 547 723 900  ; 2 1 4 2 4 1 3 2 2 3 2 1 3 2 2 3 2 1 
58.06 ; 4.748e-16 ; True ; 1 42 163 388 547 723  ; 2 1 4 1 5 1 3 2 2 2 3 2 3 2 3 2 2 1 
58.23 ; 5.413e-16 ; True ; 1 163 388 547 713 723  ; 2 1 4 2 5 1 4 2 2 2 2 1 3 3 3 2 2 1 
61.05 ; 5.827e-16 ; True ; 1 30 112 163 388 547  ; 2 1 5 1 5 1 3 3 2 4 2 1 4 2 2 2 3 1 
61.19 ; 7.734e-16 ; True ; 1 112 163 388 547 723  ; 2 1 5 1 5 1 3 3 3 3 2 1 3 3 2 3 2 1 
63.13 ; 7.747e-16 ; True ; 1 20 173 388 438 723 900  ; 3 1 6 2 5 1 3 2 2 4 2 3 3 1 1 2 3 1 
63.15 ; 7.826e-16 ; True ; 1 163 388 547 723 874  ; 2 1 4 2 4 1 3 2 2 3 2 1 4 3 2 2 3 1 
63.98 ; 8.052e-16 ; True ; 1 163 173 329 388 723 900  ; 4 1 6 2 4 1 4 2 2 3 2 2 3 1 1 3 3 1 
64.15 ; 8.099e-16 ; True ; 1 163 173 187 388 723 900  ; 3 1 5 2 5 1 4 2 2 3 2 2 3 2 1 2 3 1 
64.83 ; 1.072e-15 ; True ; 1 127 163 173 388 723 900  ; 3 1 6 2 5 1 3 3 2 3 2 2 3 2 1 2 3 1 
67.1 ; 1.348e-15 ; True ; 1 20 173 388 438 713 723  ; 3 1 6 2 6 1 4 2 2 3 2 3 3 2 2 1 3 1 
68.92 ; 1.706e-15 ; True ; 1 163 388 438 634 713 723  ; 3 1 5 2 6 1 4 2 1 3 3 2 3 2 3 2 3 1 
68.96 ; 2.143e-15 ; True ; 1 163 329 388 547 723 900  ; 3 1 5 2 4 1 4 2 3 3 3 1 3 2 2 4 2 1 
71.06 ; 2.758e-15 ; True ; 1 20 388 438 547 723 900  ; 2 1 5 2 5 1 3 2 3 4 3 2 3 2 2 3 2 1 
72.93 ; 3.122e-15 ; True ; 1 163 388 438 547 723 900  ; 3 1 5 2 5 1 3 3 2 4 3 1 4 2 2 3 3 1 
73.79 ; 3.873e-15 ; True ; 1 163 173 388 547 723 900  ; 3 1 5 2 5 1 4 3 2 3 2 2 4 2 2 3 3 1 
75.85 ; 4.584e-15 ; True ; 1 163 388 547 723 885 900  ; 3 1 5 2 5 1 4 3 2 3 2 2 3 2 3 3 3 1 
79.43 ; 5.529e-15 ; True ; 1 156 163 388 547 723 900  ; 2 1 4 2 5 2 4 3 3 3 3 2 3 2 2 3 2 1 
81.41 ; 5.622e-15 ; True ; 1 156 163 388 484 547 723  ; 3 1 5 2 6 1 4 3 3 3 3 2 4 2 2 2 3 1 
83.27 ; 5.805e-15 ; True ; 1 30 156 163 388 547 723  ; 3 1 5 1 6 1 5 3 3 3 4 2 4 2 3 2 3 1 
83.77 ; 6.046e-15 ; True ; 1 30 112 163 388 547 723  ; 3 1 6 1 6 1 4 3 3 4 3 1 4 3 3 3 3 1 
83.78 ; 7.6e-15 ; True ; 1 20 173 388 438 634 713 723  ; 3 1 6 2 7 1 5 2 2 3 3 4 3 2 3 2 3 1 
86.56 ; 7.702e-15 ; True ; 1 163 173 388 438 634 713 723  ; 4 1 6 2 7 1 5 3 1 3 3 3 4 2 3 2 4 1 
86.87 ; 9.735e-15 ; True ; 1 20 329 388 438 547 723 900  ; 3 1 6 2 5 1 4 2 4 4 4 2 3 2 2 4 2 1 
90.36 ; 1.01e-14 ; True ; 1 110 163 329 388 547 723 900  ; 4 1 6 2 5 2 5 2 3 4 3 1 3 2 2 4 3 1 
90.51 ; 1.02e-14 ; True ; 1 163 329 388 547 634 723 900  ; 3 1 5 2 5 1 5 2 3 3 4 2 3 2 3 5 2 1 
90.58 ; 1.106e-14 ; True ; 1 163 329 388 438 547 723 900  ; 4 1 6 2 5 1 4 3 3 4 4 1 4 2 2 4 3 1 
91.43 ; 1.433e-14 ; True ; 1 20 110 388 438 547 723 900  ; 3 1 6 2 6 2 4 2 3 5 3 2 3 2 2 3 3 1 
91.44 ; 1.46e-14 ; True ; 1 163 173 329 388 547 723 900  ; 4 1 6 2 5 1 5 3 3 3 3 2 4 2 2 4 3 1 
91.51 ; 1.657e-14 ; True ; 1 20 173 388 438 547 723 900  ; 3 1 6 2 6 1 4 3 3 4 3 3 4 2 2 3 3 1 
93.36 ; 1.665e-14 ; True ; 1 163 173 388 438 547 723 900  ; 4 1 6 2 6 1 4 4 2 4 3 2 5 2 2 3 4 1 
94.48 ; 1.729e-14 ; True ; 1 163 329 388 547 723 885 900  ; 4 1 6 2 5 1 5 3 3 3 3 2 3 2 3 4 3 1 
95.28 ; 1.941e-14 ; True ; 1 20 156 388 438 547 723 900  ; 2 1 5 2 6 2 4 3 4 4 4 3 3 2 2 3 2 1 
95.7 ; 1.961e-14 ; True ; 1 20 388 438 547 723 885 900  ; 3 1 6 2 6 1 4 3 3 4 3 3 3 2 3 3 3 1 
96.48 ; 2.043e-14 ; True ; 1 20 173 388 438 547 713 723  ; 3 1 6 2 7 1 5 3 3 3 3 3 4 3 3 2 3 1 
97.35 ; 2.053e-14 ; True ; 1 163 173 388 438 547 713 723  ; 4 1 6 2 7 1 5 4 2 3 3 2 5 3 3 2 4 1 
97.52 ; 2.097e-14 ; True ; 1 163 388 438 547 723 885 900  ; 4 1 6 2 6 1 4 4 2 4 3 2 4 2 3 3 4 1 
98.21 ; 2.226e-14 ; True ; 1 20 30 156 388 547 723 900  ; 2 1 5 2 6 2 5 2 4 4 4 3 3 2 3 3 2 1 
98.37 ; 2.4e-14 ; True ; 1 30 163 388 547 723 885 900  ; 4 1 6 2 6 1 5 3 2 4 3 2 4 2 4 3 4 1 
101.9 ; 2.745e-14 ; True ; 1 156 163 388 484 547 723 900  ; 3 1 5 3 6 2 4 3 3 4 3 2 4 2 2 3 3 1 
102 ; 2.935e-14 ; True ; 1 156 163 388 438 547 723 900  ; 3 1 5 2 6 2 4 4 3 4 4 2 4 2 2 3 3 1 
103.3 ; 2.944e-14 ; True ; 1 112 163 388 484 547 634 723  ; 3 1 6 2 7 1 4 3 3 4 3 2 4 3 3 4 3 1 
103.5 ; 3.195e-14 ; True ; 1 112 163 173 388 547 723 900  ; 3 1 6 2 6 2 4 4 3 4 2 2 4 3 2 4 3 1 
104.5 ; 3.669e-14 ; True ; 1 42 112 163 388 484 547 723  ; 3 1 6 2 7 2 3 3 3 4 3 2 4 3 3 3 3 1 
104.9 ; 3.779e-14 ; True ; 1 30 156 163 388 547 723 900  ; 3 1 5 2 6 2 5 3 3 4 4 2 4 2 3 3 3 1 
106.5 ; 3.782e-14 ; True ; 1 112 163 388 547 723 885 900  ; 3 1 6 2 6 2 4 4 3 4 2 2 3 3 3 4 3 1 
107 ; 3.792e-14 ; True ; 1 20 127 173 388 438 713 723 900  ; 3 1 7 3 7 2 4 3 3 4 3 3 3 3 2 2 3 1 
109.1 ; 4.173e-14 ; True ; 1 20 110 329 388 438 547 723 900  ; 4 1 7 2 6 2 5 2 4 5 4 2 3 2 2 4 3 1 
110.2 ; 4.825e-14 ; True ; 1 20 173 329 388 438 547 723 900  ; 4 1 7 2 6 1 5 3 4 4 4 3 4 2 2 4 3 1 
112.8 ; 5.07e-14 ; True ; 1 20 156 329 388 484 547 723 900  ; 3 1 6 3 6 2 5 2 5 4 4 3 3 2 2 4 2 1 
113.1 ; 5.554e-14 ; True ; 1 20 173 388 438 547 634 723 900  ; 3 1 6 2 7 1 5 3 3 4 4 4 4 2 3 4 3 1 
113.8 ; 6.314e-14 ; True ; 1 20 110 173 388 438 547 723 900  ; 4 1 7 2 7 2 5 3 3 5 3 3 4 2 2 3 4 1 
117.1 ; 6.629e-14 ; True ; 1 20 173 388 438 547 634 713 723  ; 3 1 6 2 8 1 6 3 3 3 4 4 4 3 4 3 3 1 
119 ; 7.452e-14 ; True ; 1 20 30 173 388 438 547 723 900  ; 4 1 7 2 7 1 5 3 3 5 4 3 5 2 3 3 4 1 
119.2 ; 9.977e-14 ; True ; 1 20 173 388 438 547 713 723 900  ; 3 1 6 3 7 2 5 3 3 4 3 3 4 3 3 3 3 1 
122 ; 1.003e-13 ; True ; 1 163 173 388 438 547 713 723 900  ; 4 1 6 3 7 2 5 4 2 4 3 2 5 3 3 3 4 1 
123.7 ; 1.123e-13 ; True ; 1 20 30 156 388 438 547 723 900  ; 3 1 6 2 7 2 5 3 4 5 5 3 4 2 3 3 3 1 
124.8 ; 1.146e-13 ; True ; 1 20 30 156 388 547 723 885 900  ; 3 1 6 2 7 2 6 3 4 4 4 4 3 2 4 3 3 1 
127.2 ; 1.178e-13 ; True ; 1 20 173 329 388 438 634 713 723 900  ; 4 1 7 3 7 2 6 2 3 4 4 4 3 2 3 4 3 1 
128 ; 1.179e-13 ; True ; 1 112 163 173 388 438 547 723 900  ; 4 1 7 2 7 2 4 5 3 5 3 2 5 3 2 4 4 1 
128.1 ; 1.204e-13 ; True ; 1 112 163 388 438 547 634 723 900  ; 3 1 6 2 7 2 4 4 3 5 4 2 4 3 3 5 3 1 
128.9 ; 1.225e-13 ; True ; 1 112 163 260 388 484 547 723 900  ; 3 1 7 3 6 2 4 4 3 5 3 2 5 3 2 4 4 1 
129 ; 1.31e-13 ; True ; 1 30 163 388 455 547 723 885 900  ; 4 1 6 3 6 2 5 3 3 4 3 2 4 3 4 3 4 1 
129 ; 1.428e-13 ; True ; 1 20 127 173 388 438 634 713 723 900  ; 3 1 7 3 8 2 5 3 3 4 4 4 3 3 3 3 3 1 
131.1 ; 1.429e-13 ; True ; 1 20 30 112 173 388 547 723 900  ; 3 1 7 2 7 2 5 3 4 5 3 3 4 3 3 4 3 1 
131.4 ; 1.55e-13 ; True ; 1 30 156 163 388 547 723 885 900  ; 4 1 6 2 7 2 6 4 3 4 4 3 4 2 4 3 4 1 
132.9 ; 1.615e-13 ; True ; 1 30 112 163 173 388 547 723 900  ; 4 1 7 2 7 2 5 4 3 5 3 2 5 3 3 4 4 1 
133.4 ; 1.718e-13 ; True ; 1 127 163 173 388 438 634 713 723 900  ; 4 1 7 3 8 2 5 4 2 4 4 3 4 3 3 3 4 1 
133.9 ; 1.809e-13 ; True ; 1 30 112 163 388 547 723 885 900  ; 4 1 7 2 7 2 5 4 3 5 3 2 4 3 4 4 4 1 
138.3 ; 2.05e-13 ; True ; 1 20 110 173 388 438 547 634 723 900  ; 4 1 7 2 8 2 6 3 3 5 4 4 4 2 3 4 4 1 
140.9 ; 2.816e-13 ; True ; 1 20 173 329 388 438 547 713 723 900  ; 4 1 7 3 7 2 6 3 4 4 4 3 4 3 3 4 3 1 
142.8 ; 2.88e-13 ; True ; 1 20 173 388 438 547 634 713 723 900  ; 3 1 6 3 8 2 6 3 3 4 4 4 4 3 4 4 3 1 
145.6 ; 2.996e-13 ; True ; 1 163 173 329 388 438 547 713 723 900  ; 5 1 7 3 7 2 6 4 3 4 4 2 5 3 3 4 4 1 
147.6 ; 3.255e-13 ; True ; 1 163 173 388 438 547 634 713 723 900  ; 4 1 6 3 8 2 6 4 2 4 4 3 5 3 4 4 4 1 
149.6 ; 3.311e-13 ; True ; 1 20 173 260 388 438 547 713 723 900  ; 3 1 7 3 7 2 6 4 3 4 4 4 5 3 3 3 4 1 
150.5 ; 3.426e-13 ; True ; 1 163 173 388 438 455 547 634 723 900  ; 4 1 6 3 7 2 5 4 3 4 4 3 5 3 3 4 4 1 
150.6 ; 3.864e-13 ; True ; 1 20 30 173 388 438 547 713 723 900  ; 4 1 7 3 8 2 6 3 3 5 4 3 5 3 4 3 4 1 
153.3 ; 3.994e-13 ; True ; 1 20 30 156 388 438 547 723 885 900  ; 4 1 7 2 8 2 6 4 4 5 5 4 4 2 4 3 4 1 
153.8 ; 4.058e-13 ; True ; 1 20 30 388 438 547 713 723 885 900  ; 4 1 7 3 8 2 6 3 3 5 4 3 4 3 5 3 4 1 
155.5 ; 4.167e-13 ; True ; 1 112 163 173 388 438 547 634 723 900  ; 4 1 7 2 8 2 5 5 3 5 4 3 5 3 3 5 4 1 
156.3 ; 4.382e-13 ; True ; 1 20 30 156 388 438 547 713 723 900  ; 3 1 6 3 8 3 6 3 4 5 5 3 4 3 4 3 3 1 
158.5 ; 4.392e-13 ; True ; 1 20 163 388 438 547 634 713 723 900  ; 3 1 6 3 8 2 6 3 3 4 4 3 4 3 4 4 3 2 
158.5 ; 4.713e-13 ; True ; 1 20 30 112 173 388 438 547 723 900  ; 4 1 8 2 8 2 5 4 4 6 4 3 5 3 3 4 4 1 
159.3 ; 4.831e-13 ; True ; 1 20 163 173 388 438 547 713 723 900  ; 4 1 7 3 8 2 6 4 3 4 3 3 5 3 3 3 4 2 
160.5 ; 5.028e-13 ; True ; 1 112 163 173 388 438 547 634 713 723  ; 4 1 7 2 9 2 6 5 3 4 4 3 5 4 4 4 4 1 
161.7 ; 5.278e-13 ; True ; 1 20 30 112 388 438 547 723 885 900  ; 4 1 8 2 8 2 5 4 4 6 4 3 4 3 4 4 4 1 
164.3 ; 5.282e-13 ; True ; 1 30 112 163 173 388 547 723 885 900  ; 5 1 8 2 8 2 6 5 3 5 3 3 5 3 4 4 5 1 
164.5 ; 5.41e-13 ; True ; 1 20 163 388 438 547 713 723 885 900  ; 4 1 7 3 8 2 6 4 3 4 3 3 4 3 4 3 4 2 
164.7 ; 5.439e-13 ; True ; 1 20 30 156 163 388 438 547 723 900  ; 4 1 7 2 8 2 6 4 4 5 5 3 5 2 3 3 4 2 
165.5 ; 5.556e-13 ; True ; 1 20 30 112 173 388 438 547 713 723  ; 4 1 8 2 9 2 6 4 4 5 4 3 5 4 4 3 4 1 
165.7 ; 5.791e-13 ; True ; 1 20 30 156 163 388 547 723 885 900  ; 4 1 7 2 8 2 7 4 4 4 4 4 4 2 4 3 4 2 
165.9 ; 5.838e-13 ; True ; 1 20 156 163 388 438 547 713 723 900  ; 3 1 6 3 8 3 6 4 4 4 4 3 4 3 3 3 3 2 
166.5 ; 7.024e-13 ; True ; 1 20 173 329 388 438 547 634 713 723 900  ; 4 1 7 3 8 2 7 3 4 4 5 4 4 3 4 5 3 1 
170.1 ; 7.33e-13 ; True ; 1 20 127 173 388 438 547 634 713 723 900  ; 3 1 7 3 9 2 6 4 4 4 5 4 4 4 4 4 3 1 
170.2 ; 7.569e-13 ; True ; 1 20 173 329 388 438 484 547 713 723 900  ; 5 1 8 4 8 2 6 3 4 5 4 3 5 3 3 4 4 1 
172.2 ; 7.623e-13 ; True ; 1 20 30 112 163 388 547 723 885 900  ; 4 1 8 2 8 2 6 4 4 5 3 3 4 3 4 4 4 2 
172.9 ; 7.802e-13 ; True ; 1 20 173 329 388 438 547 612 713 723 900  ; 5 1 7 3 8 2 6 3 4 4 4 4 5 3 4 4 4 1 
173 ; 7.887e-13 ; True ; 1 20 260 329 388 438 484 547 713 723 900  ; 4 1 8 4 7 2 6 3 4 5 5 3 5 3 3 4 4 1 
173 ; 8.358e-13 ; True ; 1 20 173 388 438 484 547 634 713 723 900  ; 4 1 7 4 9 2 6 3 3 5 4 4 5 3 4 4 4 1 
173.1 ; 8.404e-13 ; True ; 1 163 173 329 388 438 547 634 713 723 900  ; 5 1 7 3 8 2 7 4 3 4 5 3 5 3 4 5 4 1 
175.8 ; 8.696e-13 ; True ; 1 20 156 329 388 438 484 547 713 723 900  ; 4 1 7 4 8 3 6 3 5 5 5 3 4 3 3 4 3 1 
175.9 ; 9.331e-13 ; True ; 1 20 156 173 329 388 438 547 713 723 900  ; 4 1 7 3 8 3 7 4 5 4 5 4 4 3 3 4 3 1 
177.1 ; 9.627e-13 ; True ; 1 20 30 173 388 438 547 634 713 723 900  ; 4 1 7 3 9 2 7 3 3 5 5 4 5 3 5 4 4 1 
178.9 ; 9.672e-13 ; True ; 1 20 30 127 173 388 438 547 713 723 900  ; 4 1 8 3 9 2 6 4 4 5 5 3 5 4 4 3 4 1 
179.2 ; 9.796e-13 ; True ; 1 20 30 173 388 438 455 547 634 723 900  ; 4 1 7 3 8 2 6 3 4 5 5 4 5 3 4 4 4 1 
180.4 ; 1.015e-12 ; True ; 1 20 156 173 388 438 484 547 634 713 723  ; 4 1 7 3 10 2 7 4 4 4 5 5 5 3 4 3 4 1 
181.9 ; 1.026e-12 ; True ; 1 20 30 156 329 388 438 547 713 723 900  ; 4 1 7 3 8 3 7 3 5 5 6 3 4 3 4 4 3 1 
182 ; 1.076e-12 ; True ; 1 20 112 173 388 438 484 547 634 723 900  ; 4 1 8 3 9 2 5 4 4 6 4 4 5 3 3 5 4 1 
182.5 ; 1.111e-12 ; True ; 1 20 156 173 388 438 484 547 713 723 900  ; 4 1 7 4 9 3 6 4 4 5 4 4 5 3 3 3 4 1 
184.2 ; 1.119e-12 ; True ; 1 20 30 173 388 438 455 547 723 885 900  ; 5 1 8 3 8 2 6 4 4 5 4 4 5 3 4 3 5 1 
185.9 ; 1.238e-12 ; True ; 1 20 163 173 329 388 438 547 713 723 900  ; 5 1 8 3 8 2 7 4 4 4 4 3 5 3 3 4 4 2 
186.5 ; 1.365e-12 ; True ; 1 20 30 156 173 388 438 547 713 723 900  ; 4 1 7 3 9 3 7 4 4 5 5 4 5 3 4 3 4 1 
187.8 ; 1.368e-12 ; True ; 1 20 163 173 388 438 547 634 713 723 900  ; 4 1 7 3 9 2 7 4 3 4 4 4 5 3 4 4 4 2 
189.7 ; 1.368e-12 ; True ; 1 20 30 156 388 438 455 547 723 885 900  ; 4 1 7 3 8 3 6 4 5 5 5 4 4 3 4 3 4 1 
189.7 ; 1.433e-12 ; True ; 1 20 30 156 388 438 547 713 723 885 900  ; 4 1 7 3 9 3 7 4 4 5 5 4 4 3 5 3 4 1 
191.1 ; 1.447e-12 ; True ; 1 112 163 173 388 438 547 634 713 723 900  ; 4 1 7 3 9 3 6 5 3 5 4 3 5 4 4 5 4 1 
193.8 ; 1.468e-12 ; True ; 1 20 30 163 388 438 547 634 713 723 900  ; 4 1 7 3 9 2 7 3 3 5 5 3 5 3 5 4 4 2 
194.6 ; 1.536e-12 ; True ; 1 20 30 163 173 388 438 547 713 723 900  ; 5 1 8 3 9 2 7 4 3 5 4 3 6 3 4 3 5 2 
195.1 ; 1.636e-12 ; True ; 1 20 30 112 173 388 438 547 713 723 900  ; 4 1 8 3 9 3 6 4 4 6 4 3 5 4 4 4 4 1 
196.7 ; 1.641e-12 ; True ; 1 20 112 163 388 438 484 547 634 723 900  ; 4 1 8 3 9 2 5 4 4 6 4 3 5 3 3 5 4 2 
197.1 ; 1.651e-12 ; True ; 1 20 156 163 388 438 484 547 634 713 723  ; 4 1 7 3 10 2 7 4 4 4 5 4 5 3 4 3 4 2 
197.2 ; 1.708e-12 ; True ; 1 20 156 163 173 388 438 547 713 723 900  ; 4 1 7 3 9 3 7 5 4 4 4 4 5 3 3 3 4 2 
198.4 ; 1.776e-12 ; True ; 1 20 30 112 156 388 484 547 723 885 900  ; 4 1 8 3 9 3 6 4 5 6 4 4 4 3 4 4 4 1 
198.6 ; 1.887e-12 ; True ; 1 20 173 329 388 438 484 547 634 713 723 900  ; 5 1 8 4 9 2 7 3 4 5 5 4 5 3 4 5 4 1 
202.2 ; 2.081e-12 ; True ; 1 20 30 156 163 388 438 547 713 723 900  ; 4 1 7 3 9 3 7 4 4 5 5 3 5 3 4 3 4 2 
205.1 ; 2.083e-12 ; True ; 1 20 156 329 388 438 484 547 634 713 723 900  ; 4 1 7 4 9 3 7 3 5 5 6 4 4 3 4 5 3 1 
207.5 ; 2.104e-12 ; True ; 1 20 30 112 163 388 484 547 634 713 723  ; 4 1 8 3 10 2 7 3 4 5 4 3 5 4 5 4 4 2 
207.7 ; 2.111e-12 ; True ; 1 20 30 112 163 388 438 547 634 713 723  ; 4 1 8 2 10 2 7 4 4 5 5 3 5 4 5 4 4 2 
207.7 ; 2.315e-12 ; True ; 1 20 30 127 173 388 438 547 634 713 723 900  ; 4 1 8 3 10 2 7 4 4 5 6 4 5 4 5 4 4 1 
208 ; 2.419e-12 ; True ; 1 20 30 112 156 163 388 484 547 723 900  ; 4 1 8 3 9 3 6 4 5 6 4 3 5 3 3 4 4 2 
209 ; 2.507e-12 ; True ; 1 20 156 173 329 388 438 484 547 713 723 900  ; 5 1 8 4 9 3 7 4 5 5 5 4 5 3 3 4 4 1 
211 ; 2.527e-12 ; True ; 1 20 30 112 156 163 388 547 723 885 900  ; 4 1 8 2 9 3 7 5 5 5 4 4 4 3 4 4 4 2 
211.8 ; 2.767e-12 ; True ; 1 20 156 173 388 438 484 547 634 713 723 900  ; 4 1 7 4 10 3 7 4 4 5 5 5 5 3 4 4 4 1 
215 ; 2.923e-12 ; True ; 1 20 30 156 173 329 388 438 547 713 723 900  ; 5 1 8 3 9 3 8 4 5 5 6 4 5 3 4 4 4 1 
216 ; 3.026e-12 ; True ; 1 20 30 156 173 388 438 547 634 713 723 900  ; 4 1 7 3 10 3 8 4 4 5 6 5 5 3 5 4 4 1 
216.3 ; 3.05e-12 ; True ; 1 20 163 173 329 388 438 547 634 713 723 900  ; 5 1 8 3 9 2 8 4 4 4 5 4 5 3 4 5 4 2 
219.2 ; 3.069e-12 ; True ; 1 20 30 156 329 388 438 547 713 723 885 900  ; 5 1 8 3 9 3 8 4 5 5 6 4 4 3 5 4 4 1 
219.5 ; 3.321e-12 ; True ; 1 20 112 173 388 438 484 547 634 713 723 900  ; 4 1 8 4 10 3 6 4 4 6 4 4 5 4 4 5 4 1 
222 ; 3.323e-12 ; True ; 1 20 163 173 388 438 484 547 634 713 723 900  ; 5 1 8 4 10 2 7 4 3 5 4 4 6 3 4 4 5 2 
223 ; 3.378e-12 ; True ; 1 20 30 156 173 388 438 547 713 723 885 900  ; 5 1 8 3 10 3 8 5 4 5 5 5 5 3 5 3 5 1 
223.8 ; 3.412e-12 ; True ; 1 20 112 260 388 438 484 547 612 713 723 900  ; 4 1 8 4 9 3 5 4 4 6 4 4 6 4 4 4 5 1 
224.5 ; 3.424e-12 ; True ; 1 20 30 112 173 329 388 438 547 713 723 900  ; 5 1 9 3 9 3 7 4 5 6 5 3 5 4 4 5 4 1 
225 ; 3.477e-12 ; True ; 1 20 30 163 173 329 388 438 547 713 723 900  ; 6 1 9 3 9 2 8 4 4 5 5 3 6 3 4 4 5 2 
225.6 ; 3.825e-12 ; True ; 1 20 30 112 173 388 438 547 634 713 723 900  ; 4 1 8 3 10 3 7 4 4 6 5 4 5 4 5 5 4 1 
228.5 ; 4.202e-12 ; True ; 1 20 156 163 173 388 438 547 634 713 723 900  ; 4 1 7 3 10 3 8 5 4 4 5 5 5 3 4 4 4 2 
230.4 ; 4.501e-12 ; True ; 1 20 156 163 388 438 484 547 634 713 723 900  ; 4 1 7 4 10 3 7 4 4 5 5 4 5 3 4 4 4 2 
234.5 ; 4.921e-12 ; True ; 1 20 30 156 163 388 438 547 634 713 723 900  ; 4 1 7 3 10 3 8 4 4 5 6 4 5 3 5 4 4 2 
236.2 ; 5.065e-12 ; True ; 1 20 112 163 388 438 484 547 634 713 723 900  ; 4 1 8 4 10 3 6 4 4 6 4 3 5 4 4 5 4 2 
236.3 ; 5.315e-12 ; True ; 1 20 112 163 173 388 438 547 634 713 723 900  ; 4 1 8 3 10 3 7 5 4 5 4 4 5 4 4 5 4 2 
239.5 ; 5.494e-12 ; True ; 1 20 30 156 163 388 438 547 713 723 885 900  ; 5 1 8 3 10 3 8 5 4 5 5 4 5 3 5 3 5 2 
240.3 ; 5.562e-12 ; True ; 1 20 156 173 329 388 438 484 547 634 713 723 900  ; 5 1 8 4 10 3 8 4 5 5 6 5 5 3 4 5 4 1 
242.2 ; 5.833e-12 ; True ; 1 20 30 112 163 388 438 547 634 713 723 900  ; 4 1 8 3 10 3 7 4 4 6 5 3 5 4 5 5 4 2 
243.1 ; 6.03e-12 ; True ; 1 20 30 112 156 163 388 484 547 634 723 900  ; 4 1 8 3 10 3 7 4 5 6 5 4 5 3 4 5 4 2 
244.1 ; 6.039e-12 ; True ; 1 20 30 112 163 173 388 438 547 713 723 900  ; 5 1 9 3 10 3 7 5 4 6 4 3 6 4 4 4 5 2 
245.4 ; 6.412e-12 ; True ; 1 20 112 156 163 388 438 484 547 634 713 723  ; 4 1 8 3 11 3 7 5 5 5 5 4 5 4 4 4 4 2 
248.2 ; 6.591e-12 ; True ; 1 20 30 112 163 388 438 547 713 723 885 900  ; 5 1 9 3 10 3 7 5 4 6 4 3 5 4 5 4 5 2 
248.2 ; 6.812e-12 ; True ; 1 20 30 112 156 163 388 484 547 723 885 900  ; 5 1 9 3 10 3 7 5 5 6 4 4 5 3 4 4 5 2 
250.2 ; 6.881e-12 ; True ; 1 20 30 112 156 163 388 484 547 634 713 723  ; 4 1 8 3 11 3 8 4 5 5 5 4 5 4 5 4 4 2 
251.5 ; 6.924e-12 ; True ; 1 20 30 112 156 163 388 438 547 713 723 900  ; 4 1 8 3 10 4 7 5 5 6 5 3 5 4 4 4 4 2 
252.4 ; 7.056e-12 ; True ; 1 20 163 173 329 388 438 484 547 634 713 723 900  ; 6 1 9 4 10 2 8 4 4 5 5 4 6 3 4 5 5 2 
253.9 ; 7.277e-12 ; True ; 1 20 112 260 329 388 438 484 547 612 713 723 900  ; 5 1 9 4 9 3 6 4 5 6 5 4 6 4 4 5 5 1 
256.3 ; 7.296e-12 ; True ; 1 20 30 112 156 163 388 484 547 713 723 885  ; 5 1 9 3 11 3 8 5 5 5 4 4 5 4 5 3 5 2 
256.6 ; 7.313e-12 ; True ; 1 20 112 173 388 438 484 547 612 634 713 723 900  ; 5 1 8 4 11 3 6 4 4 6 4 5 6 4 5 5 5 1 
257.1 ; 7.335e-12 ; True ; 1 20 163 260 329 388 438 484 547 634 713 723 900  ; 5 1 9 4 9 2 8 4 4 5 6 4 6 3 4 5 5 2 
257.4 ; 7.454e-12 ; True ; 1 20 112 260 329 388 438 484 537 547 713 723 900  ; 4 1 9 4 9 3 6 5 5 6 5 4 6 4 4 5 5 1 
258 ; 7.624e-12 ; True ; 1 20 112 260 388 438 484 547 612 634 713 723 900  ; 4 1 8 4 10 3 6 4 4 6 5 5 6 4 5 5 5 1 
258.4 ; 7.653e-12 ; True ; 1 20 30 163 173 329 388 438 547 634 713 723 900  ; 6 1 9 3 10 2 9 4 4 5 6 4 6 3 5 5 5 2 
258.6 ; 7.856e-12 ; True ; 1 20 112 173 260 388 438 484 547 634 713 723 900  ; 4 1 9 4 10 3 7 5 4 6 5 5 6 4 4 5 5 1 
260 ; 8.378e-12 ; True ; 1 20 156 163 173 329 388 438 547 634 713 723 900  ; 5 1 8 3 10 3 9 5 5 4 6 5 5 3 4 5 4 2 
260.8 ; 9.046e-12 ; True ; 1 20 156 163 329 388 438 484 547 634 713 723 900  ; 5 1 8 4 10 3 8 4 5 5 6 4 5 3 4 5 4 2 
265.5 ; 9.228e-12 ; True ; 1 20 156 163 329 388 438 484 547 612 713 723 900  ; 6 1 8 4 10 3 7 4 5 5 5 4 6 3 4 4 5 2 
266.6 ; 1.021e-11 ; True ; 1 20 156 163 173 388 438 484 547 634 713 723 900  ; 5 1 8 4 11 3 8 5 4 5 5 5 6 3 4 4 5 2 
268.6 ; 1.056e-11 ; True ; 1 20 112 163 173 329 388 438 547 634 713 723 900  ; 5 1 9 3 10 3 8 5 5 5 5 4 5 4 4 6 4 2 
270.5 ; 1.063e-11 ; True ; 1 20 112 163 173 388 438 547 634 636 713 723 900  ; 4 1 8 4 11 3 7 5 4 5 5 4 6 4 4 5 5 2 
270.7 ; 1.107e-11 ; True ; 1 20 30 156 163 173 388 438 547 634 713 723 900  ; 5 1 8 3 11 3 9 5 4 5 6 5 6 3 5 4 5 2 
273.4 ; 1.226e-11 ; True ; 1 20 112 163 173 388 438 484 547 634 713 723 900  ; 5 1 9 4 11 3 7 5 4 6 4 4 6 4 4 5 5 2 
277.3 ; 1.278e-11 ; True ; 1 20 112 163 260 388 438 484 547 634 713 723 900  ; 4 1 9 4 10 3 7 5 4 6 5 4 6 4 4 5 5 2 
279.4 ; 1.394e-11 ; True ; 1 20 30 112 163 173 388 438 547 634 713 723 900  ; 5 1 9 3 11 3 8 5 4 6 5 4 6 4 5 5 5 2 
281.7 ; 1.405e-11 ; True ; 1 20 112 156 163 388 438 484 547 634 713 723 900  ; 4 1 8 4 11 4 7 5 5 6 5 4 5 4 4 5 4 2 
284.5 ; 1.461e-11 ; True ; 1 20 30 112 163 388 438 547 634 713 723 885 900  ; 5 1 9 3 11 3 8 5 4 6 5 4 5 4 6 5 5 2 
285.5 ; 1.471e-11 ; True ; 1 20 30 112 163 388 438 455 547 634 723 885 900  ; 5 1 9 3 10 3 7 5 5 6 5 4 5 4 5 5 5 2 
286.3 ; 1.475e-11 ; True ; 1 20 30 112 156 163 388 484 547 634 723 885 900  ; 5 1 9 3 11 3 8 5 5 6 5 5 5 3 5 5 5 2 
287.4 ; 1.508e-11 ; True ; 1 20 30 112 156 163 388 484 547 634 713 723 900  ; 4 1 8 4 11 4 8 4 5 6 5 4 5 4 5 5 4 2 
287.8 ; 1.536e-11 ; True ; 1 20 30 112 156 163 388 438 547 634 713 723 900  ; 4 1 8 3 11 4 8 5 5 6 6 4 5 4 5 5 4 2 
289.5 ; 1.616e-11 ; True ; 1 20 30 112 156 163 388 438 484 547 634 713 723  ; 5 1 9 3 12 3 8 5 5 6 6 4 6 4 5 4 5 2 
293.3 ; 1.627e-11 ; True ; 1 20 30 112 156 163 260 388 484 547 713 723 900  ; 4 1 9 4 10 4 8 5 5 6 5 4 6 4 4 4 5 2 
294.5 ; 1.704e-11 ; True ; 1 20 30 112 156 163 388 484 547 713 723 885 900  ; 5 1 9 4 11 4 8 5 5 6 4 4 5 4 5 4 5 2 
294.8 ; 1.737e-11 ; True ; 1 20 30 112 156 163 388 438 547 713 723 885 900  ; 5 1 9 3 11 4 8 6 5 6 5 4 5 4 5 4 5 2 
299.9 ; 1.938e-11 ; True ; 1 20 156 163 173 329 388 438 484 547 634 713 723 900  ; 6 1 9 4 11 3 9 5 5 5 6 5 6 3 4 5 5 2 
304.6 ; 1.961e-11 ; True ; 1 20 156 163 260 329 388 438 484 547 634 713 723 900  ; 5 1 9 4 10 3 9 5 5 5 7 5 6 3 4 5 5 2 
304.8 ; 2.029e-11 ; True ; 1 20 112 163 173 329 388 438 547 634 636 713 723 900  ; 5 1 9 4 11 3 8 5 5 5 6 4 6 4 4 6 5 2 
306 ; 2.123e-11 ; True ; 1 20 112 163 173 187 388 438 484 547 634 713 723 900  ; 5 1 9 4 12 3 8 5 5 6 5 4 6 5 4 5 5 2 
307.7 ; 2.325e-11 ; True ; 1 20 112 163 173 329 388 438 484 547 634 713 723 900  ; 6 1 10 4 11 3 8 5 5 6 5 4 6 4 4 6 5 2 
311.4 ; 2.417e-11 ; True ; 1 20 112 163 260 329 388 438 484 547 634 713 723 900  ; 5 1 10 4 10 3 8 5 5 6 6 4 6 4 4 6 5 2 
313.4 ; 2.449e-11 ; True ; 1 20 112 163 329 388 438 484 537 547 634 713 723 900  ; 5 1 9 4 11 3 7 5 5 6 5 4 6 4 5 6 5 2 
316 ; 2.575e-11 ; True ; 1 20 112 156 163 329 388 438 484 547 634 713 723 900  ; 5 1 9 4 11 4 8 5 6 6 6 4 5 4 4 6 4 2 
317.9 ; 2.638e-11 ; True ; 1 20 112 163 260 388 438 484 547 612 634 713 723 900  ; 5 1 9 4 11 3 7 5 4 6 5 5 7 4 5 5 6 2 
319.9 ; 2.676e-11 ; True ; 1 20 30 156 163 173 388 438 455 547 634 713 723 900  ; 5 1 8 4 11 4 9 5 5 5 6 5 6 4 5 4 5 2 
320.5 ; 2.802e-11 ; True ; 1 20 30 112 163 173 388 438 484 547 634 713 723 900  ; 6 1 10 4 12 3 8 5 4 7 5 4 7 4 5 5 6 2 
322.9 ; 3.029e-11 ; True ; 1 20 112 156 163 173 388 438 484 547 634 713 723 900  ; 5 1 9 4 12 4 8 6 5 6 5 5 6 4 4 5 5 2 
324.7 ; 3.094e-11 ; True ; 1 20 112 156 163 388 438 484 547 612 634 713 723 900  ; 5 1 8 4 12 4 7 5 5 6 5 5 6 4 5 5 5 2 
328.8 ; 3.163e-11 ; True ; 1 20 30 112 163 173 388 438 455 547 634 713 723 900  ; 5 1 9 4 11 4 8 5 5 6 5 4 6 5 5 5 5 2 
328.9 ; 3.285e-11 ; True ; 1 20 30 112 156 163 173 388 438 547 634 713 723 900  ; 5 1 9 3 12 4 9 6 5 6 6 5 6 4 5 5 5 2 
329.8 ; 3.445e-11 ; True ; 1 20 30 112 156 163 388 438 484 547 634 713 723 900  ; 5 1 9 4 12 4 8 5 5 7 6 4 6 4 5 5 5 2 
334.6 ; 3.513e-11 ; True ; 1 20 30 112 156 163 388 484 547 634 713 723 885 900  ; 5 1 9 4 12 4 9 5 5 6 5 5 5 4 6 5 5 2 
337.8 ; 3.583e-11 ; True ; 1 20 30 112 156 163 388 438 484 547 713 723 885 900  ; 6 1 10 4 12 4 8 6 5 7 5 4 6 4 5 4 6 2 
344.7 ; 3.615e-11 ; True ; 1 20 156 163 173 329 388 438 484 547 612 634 713 723 900  ; 7 1 9 4 12 3 9 5 5 5 6 6 7 3 5 5 6 2 
346.4 ; 3.896e-11 ; True ; 1 20 112 163 329 388 438 484 547 612 634 636 713 723 900  ; 6 1 9 5 12 3 7 4 5 6 6 4 7 4 5 6 6 2 
348.5 ; 3.977e-11 ; True ; 1 20 112 163 260 329 388 438 484 547 634 636 713 723 900  ; 5 1 10 5 11 3 8 5 5 6 7 4 7 4 4 6 6 2 
350 ; 4.091e-11 ; True ; 1 20 112 163 173 268 329 388 438 484 547 634 713 723 900  ; 6 1 10 4 12 4 9 5 6 6 5 4 6 4 5 6 5 2 
350.6 ; 4.14e-11 ; True ; 1 20 112 163 329 388 438 484 537 547 634 636 713 723 900  ; 5 1 9 5 12 3 7 5 5 6 6 4 7 4 5 6 6 2 
352.5 ; 4.516e-11 ; True ; 1 20 112 163 173 329 388 438 484 547 612 634 713 723 900  ; 7 1 10 4 12 3 8 5 5 6 5 5 7 4 5 6 6 2 
354.5 ; 4.6e-11 ; True ; 1 20 112 163 173 260 329 388 438 484 547 634 713 723 900  ; 6 1 11 4 11 3 9 6 5 6 6 5 7 4 4 6 6 2 
354.8 ; 4.81e-11 ; True ; 1 20 112 163 260 329 388 438 484 547 612 634 713 723 900  ; 6 1 10 4 11 3 8 5 5 6 6 5 7 4 5 6 6 2 
359.8 ; 4.838e-11 ; True ; 1 20 112 163 173 329 388 438 484 547 634 713 723 885 900  ; 7 1 11 4 12 3 9 6 5 6 5 5 6 4 5 6 6 2 
361.7 ; 5.465e-11 ; True ; 1 20 112 156 163 329 388 438 484 547 612 634 713 723 900  ; 6 1 9 4 12 4 8 5 6 6 6 5 6 4 5 6 5 2 
365.8 ; 5.587e-11 ; True ; 1 20 112 156 163 329 388 438 484 537 547 634 713 723 900  ; 5 1 9 4 12 4 8 6 6 6 6 5 6 4 5 6 5 2 
367.9 ; 5.824e-11 ; True ; 1 20 30 112 156 163 329 388 438 484 547 634 713 723 900  ; 6 1 10 4 12 4 9 5 6 7 7 4 6 4 5 6 5 2 
371.2 ; 6.017e-11 ; True ; 1 20 112 156 163 260 388 438 484 547 612 634 713 723 900  ; 5 1 9 4 12 4 8 6 5 6 6 6 7 4 5 5 6 2 
373.7 ; 6.068e-11 ; True ; 1 20 30 112 156 163 329 388 484 547 634 713 723 885 900  ; 6 1 10 4 12 4 10 5 6 6 6 5 5 4 6 6 5 2 
373.8 ; 6.601e-11 ; True ; 1 20 30 112 156 163 173 388 438 484 547 634 713 723 900  ; 6 1 10 4 13 4 9 6 5 7 6 5 7 4 5 5 6 2 
379.9 ; 7.1e-11 ; True ; 1 20 30 112 156 163 388 438 484 547 634 713 723 885 900  ; 6 1 10 4 13 4 9 6 5 7 6 5 6 4 6 5 6 2 
390.8 ; 7.258e-11 ; True ; 1 20 30 112 156 163 388 438 455 484 547 634 713 723 885  ; 6 1 10 4 13 4 9 6 6 6 6 5 6 5 6 4 6 2 
401 ; 8.209e-11 ; True ; 1 20 112 163 173 260 329 388 438 484 547 612 634 713 723 900  ; 7 1 11 4 12 3 9 6 5 6 6 6 8 4 5 6 7 2 
401.8 ; 8.462e-11 ; True ; 1 20 112 144 156 163 329 388 438 484 547 612 634 713 723 900  ; 6 1 9 4 12 5 8 5 6 6 6 5 7 4 5 7 6 2 
402.6 ; 8.992e-11 ; True ; 1 20 112 156 163 329 388 438 484 547 612 634 636 713 723 900  ; 6 1 9 5 13 4 8 5 6 6 7 5 7 4 5 6 6 2 
407.3 ; 9.193e-11 ; True ; 1 20 112 156 163 329 388 438 483 484 547 634 636 713 723 900  ; 5 1 9 5 13 4 8 6 6 6 7 5 7 4 5 6 6 2 
407.7 ; 9.228e-11 ; True ; 1 20 112 163 173 329 388 438 455 484 547 612 634 713 723 900  ; 7 1 10 5 12 4 8 5 6 6 5 5 7 5 5 6 6 2 
408.7 ; 9.812e-11 ; True ; 1 20 112 156 163 173 329 388 438 484 547 612 634 713 723 900  ; 7 1 10 4 13 4 9 6 6 6 6 6 7 4 5 6 6 2 
411.1 ; 1.017e-10 ; True ; 1 20 112 156 163 260 329 388 438 484 547 612 634 713 723 900  ; 6 1 10 4 12 4 9 6 6 6 7 6 7 4 5 6 6 2 
412.6 ; 1.025e-10 ; True ; 1 20 112 156 163 329 388 438 484 537 547 612 634 713 723 900  ; 6 1 9 4 13 4 8 6 6 6 6 6 7 4 6 6 6 2 
418.7 ; 1.055e-10 ; True ; 1 20 112 156 163 329 388 438 484 547 612 634 713 723 885 900  ; 7 1 10 4 13 4 9 6 6 6 6 6 6 4 6 6 6 2 
420.8 ; 1.08e-10 ; True ; 1 20 30 112 163 329 388 438 455 484 547 634 713 723 885 900  ; 7 1 11 5 12 4 9 5 6 7 6 4 6 5 6 6 6 2 
421.9 ; 1.157e-10 ; True ; 1 20 30 112 156 163 329 388 438 484 547 634 713 723 885 900  ; 7 1 11 4 13 4 10 6 6 7 7 5 6 4 6 6 6 2 
426.9 ; 1.161e-10 ; True ; 1 20 30 112 163 173 388 438 455 484 547 634 713 723 885 900  ; 7 1 11 5 13 4 9 6 5 7 5 5 7 5 6 5 7 2 
426.9 ; 1.196e-10 ; True ; 1 20 30 112 156 163 173 388 438 484 547 634 713 723 885 900  ; 7 1 11 4 14 4 10 7 5 7 6 6 7 4 6 5 7 2 
434.9 ; 1.196e-10 ; True ; 1 20 112 156 163 388 438 455 484 547 612 634 713 723 885 900  ; 6 1 9 5 13 5 8 6 6 6 5 6 6 5 6 5 6 2 
435.5 ; 1.214e-10 ; True ; 1 20 30 112 156 163 260 388 438 455 484 547 634 723 885 900  ; 6 1 11 4 12 4 9 7 6 7 7 6 7 4 5 5 7 2 
437 ; 1.364e-10 ; True ; 1 20 30 112 156 163 388 438 455 484 547 634 713 723 885 900  ; 6 1 10 5 13 5 9 6 6 7 6 5 6 5 6 5 6 2 
451.8 ; 1.454e-10 ; True ; 1 20 112 144 156 163 173 329 388 438 484 547 612 634 713 723 900  ; 7 1 10 4 13 5 9 6 6 6 6 6 8 4 5 7 7 2 
457.5 ; 1.564e-10 ; True ; 1 20 112 156 163 260 329 388 438 484 537 547 634 636 713 723 900  ; 5 1 10 5 13 4 9 7 6 6 8 6 8 4 5 6 7 2 
462.6 ; 1.692e-10 ; True ; 1 20 112 156 163 329 388 438 484 547 612 634 636 713 723 885 900  ; 7 1 10 5 14 4 9 6 6 6 7 6 7 4 6 6 7 2 
466.5 ; 1.734e-10 ; True ; 1 20 112 156 163 260 329 388 438 484 537 547 634 713 723 765 900  ; 5 1 10 5 13 4 9 8 6 7 7 6 8 4 5 6 7 2 
471 ; 1.837e-10 ; True ; 1 20 112 163 260 329 388 438 455 484 547 612 634 713 723 885 900  ; 7 1 11 5 12 4 9 6 6 6 6 6 7 5 6 6 7 2 
473.5 ; 1.906e-10 ; True ; 1 20 30 112 156 163 329 388 438 484 547 612 634 713 723 765 900  ; 7 1 10 5 14 4 9 6 6 8 7 5 8 4 6 6 7 2 
473.7 ; 1.94e-10 ; True ; 1 20 25 112 156 163 329 388 438 484 547 612 634 713 723 885 900  ; 7 1 11 5 14 4 10 7 6 7 6 6 7 4 6 6 7 2 
479.7 ; 2.004e-10 ; True ; 1 20 30 112 156 163 329 388 438 484 537 547 634 713 723 885 900  ; 7 1 11 4 14 4 10 7 6 7 7 6 7 4 7 6 7 2 
479.9 ; 2.015e-10 ; True ; 1 20 30 112 156 163 329 388 438 484 547 634 713 723 765 885 900  ; 7 1 11 5 14 4 10 7 6 8 7 5 7 4 6 6 7 2 
483.2 ; 2.07e-10 ; True ; 1 20 30 112 156 163 173 388 438 455 547 634 636 713 723 885 900  ; 6 1 10 5 14 5 10 7 6 6 7 6 7 5 6 5 7 2 
483.8 ; 2.101e-10 ; True ; 1 20 30 112 156 163 388 438 455 484 547 634 636 713 723 885 900  ; 6 1 10 6 14 5 9 6 6 7 7 5 7 5 6 5 7 2 
487.5 ; 2.113e-10 ; True ; 1 20 30 112 156 163 329 388 438 484 547 592 634 713 723 885 900  ; 7 1 11 5 13 5 10 6 6 8 7 5 6 5 6 6 6 2 
492.9 ; 2.183e-10 ; True ; 1 20 30 112 156 163 173 388 438 484 547 634 713 723 769 885 900  ; 7 1 11 5 14 5 10 7 5 8 6 6 7 5 6 5 7 2 
497.6 ; 2.204e-10 ; True ; 1 20 30 112 156 163 388 438 455 484 547 612 634 723 769 885 900  ; 7 1 10 5 13 5 8 6 6 8 6 6 7 5 6 5 7 2 
500.5 ; 2.247e-10 ; True ; 1 20 30 42 112 156 163 388 438 455 484 547 634 713 723 885 900  ; 6 1 10 5 14 6 9 6 6 7 7 6 6 5 7 5 6 2 
504.5 ; 2.322e-10 ; True ; 1 20 112 156 163 329 388 438 484 547 612 634 713 723 874 885 900  ; 7 1 10 5 13 5 9 6 6 7 6 6 7 5 6 6 7 2 
506.7 ; 2.496e-10 ; True ; 1 20 30 112 156 163 329 388 438 484 547 634 713 723 874 885 900  ; 7 1 11 5 13 5 10 6 6 8 7 5 7 5 6 6 7 2 
513.4 ; 2.5e-10 ; True ; 1 20 30 112 156 163 329 388 484 537 547 634 713 723 874 885 900  ; 6 1 10 5 13 5 10 6 6 7 6 6 7 5 7 6 7 2 
517.7 ; 2.824e-10 ; True ; 1 20 30 112 163 173 329 388 438 455 484 547 634 636 713 723 885 900  ; 8 1 12 6 14 4 10 6 6 7 7 5 8 5 6 6 8 2 
530.4 ; 3.026e-10 ; True ; 1 20 112 156 163 329 388 438 484 547 612 634 636 713 723 769 885 900  ; 7 1 10 6 14 5 9 6 6 7 7 6 7 5 6 6 7 2 
532.6 ; 3.281e-10 ; True ; 1 20 25 112 156 163 329 388 438 484 537 547 612 634 713 723 769 900  ; 6 1 10 6 14 5 9 7 6 8 6 6 8 5 6 6 7 2 
537.5 ; 3.321e-10 ; True ; 1 20 112 156 163 329 388 438 455 484 537 547 612 634 713 723 885 900  ; 7 1 10 5 14 5 9 7 7 6 6 7 7 5 7 6 7 2 
540.8 ; 3.337e-10 ; True ; 1 20 112 156 163 260 329 388 438 484 547 612 634 713 723 769 885 900  ; 7 1 11 5 13 5 10 7 6 7 7 7 7 5 6 6 7 2 
541.7 ; 3.469e-10 ; True ; 1 20 30 112 156 163 173 329 388 438 484 547 634 713 723 769 885 900  ; 8 1 12 5 14 5 11 7 6 8 7 6 7 5 6 6 7 2 
565.4 ; 3.873e-10 ; True ; 1 20 25 112 156 163 329 388 438 484 547 612 634 713 723 874 885 900  ; 7 1 11 6 14 5 10 7 6 8 6 6 8 5 6 6 8 2 
566.1 ; 4.016e-10 ; True ; 1 20 30 112 156 163 329 388 438 484 547 612 634 713 723 874 885 900  ; 8 1 11 5 14 5 10 6 6 8 7 6 8 5 7 6 8 2 
570.4 ; 4.168e-10 ; True ; 1 20 30 112 156 163 329 388 438 484 537 547 634 713 723 874 885 900  ; 7 1 11 5 14 5 10 7 6 8 7 6 8 5 7 6 8 2 
586.5 ; 4.201e-10 ; True ; 1 20 30 112 156 163 260 388 455 484 547 612 634 713 723 874 885 900  ; 6 1 10 6 13 6 10 6 6 7 6 7 8 6 7 5 8 2 
591.4 ; 4.637e-10 ; True ; 1 20 112 144 156 163 329 388 438 484 537 547 612 634 713 723 769 885 900  ; 7 1 10 5 14 6 9 7 6 7 6 7 8 5 7 7 8 2 
593.1 ; 4.648e-10 ; True ; 1 20 67 112 156 163 329 388 438 484 547 612 634 636 713 723 769 885 900  ; 7 1 10 6 14 6 9 6 6 8 7 6 7 6 6 7 7 2 
595.8 ; 4.664e-10 ; True ; 1 20 112 156 163 240 329 388 438 484 537 547 592 612 634 713 723 885 900  ; 7 1 10 5 15 5 10 7 7 7 7 7 7 5 7 7 7 2 
596.4 ; 4.884e-10 ; True ; 1 20 112 156 163 306 329 388 438 455 483 484 547 612 634 713 723 765 900  ; 6 1 9 6 14 5 9 7 7 7 6 6 8 5 6 6 7 3 
596.5 ; 5.126e-10 ; True ; 1 20 112 156 163 173 329 388 438 455 484 547 612 634 713 723 765 885 900  ; 8 1 11 6 15 5 10 8 7 7 6 7 8 5 6 6 8 2 
599.7 ; 5.744e-10 ; True ; 1 20 30 112 156 163 260 329 388 438 455 484 547 612 634 713 723 885 900  ; 8 1 12 5 14 5 11 7 7 7 8 7 8 5 7 6 8 2 
623.9 ; 5.834e-10 ; True ; 1 20 30 112 156 163 388 438 455 484 547 612 634 713 723 765 867 885 900  ; 8 1 11 6 16 5 10 7 6 8 7 6 8 6 7 6 8 2 
640 ; 5.886e-10 ; True ; 1 20 112 156 163 173 260 388 438 455 484 547 612 634 713 723 874 885 900  ; 7 1 11 6 14 6 10 8 6 7 6 8 9 6 6 5 9 2 
640.7 ; 6.273e-10 ; True ; 1 20 112 156 163 329 388 438 455 483 484 537 547 634 713 723 874 885 900  ; 6 1 10 6 14 6 9 8 7 7 6 7 8 6 7 6 8 2 
645 ; 6.33e-10 ; True ; 1 20 25 112 144 156 163 310 329 388 438 484 537 547 612 634 713 723 885 900  ; 7 1 11 5 16 6 10 8 6 7 7 7 9 5 7 7 9 2 
655.7 ; 6.521e-10 ; True ; 1 20 112 163 306 329 388 438 455 484 537 547 612 634 713 723 765 781 885 900  ; 8 1 11 6 15 4 10 8 6 7 6 6 9 5 7 6 9 3 
657.3 ; 6.522e-10 ; True ; 1 20 112 113 156 163 240 329 388 438 484 537 547 592 612 634 713 723 885 900  ; 7 1 11 5 16 5 10 7 7 8 8 7 8 5 7 7 8 2 
658 ; 6.661e-10 ; True ; 1 20 112 156 163 329 388 438 484 500 537 547 612 634 713 723 874 885 900  ; 7 1 11 5 15 5 10 8 7 7 7 8 8 6 7 6 8 2 
666.1 ; 6.74e-10 ; True ; 1 20 112 156 163 329 388 438 484 500 547 612 634 713 723 769 874 885 900  ; 7 1 11 6 14 6 10 7 7 8 7 7 7 7 6 6 7 2 
668.8 ; 6.81e-10 ; True ; 1 20 30 156 163 173 260 329 388 438 455 484 547 634 636 713 723 874 885 900  ; 8 1 12 7 14 5 12 7 6 7 9 7 10 5 6 5 10 2 
674 ; 7.56e-10 ; True ; 1 20 30 112 156 163 329 388 438 484 537 547 612 634 713 723 740 769 885 900  ; 8 1 12 5 16 5 11 7 6 9 8 7 8 5 8 7 8 2 
685.7 ; 8.236e-10 ; True ; 1 20 30 112 156 163 260 306 388 438 484 547 612 634 713 723 765 769 885 900  ; 7 1 11 6 15 5 11 8 5 9 7 7 9 5 7 5 9 3 
694.1 ; 8.504e-10 ; True ; 1 20 30 112 156 163 306 329 388 438 455 484 505 547 612 634 713 723 885 900  ; 8 1 11 5 15 6 12 6 7 7 8 6 8 6 7 6 8 3 
700.3 ; 8.771e-10 ; True ; 1 20 30 112 156 163 306 329 388 395 438 455 484 547 612 634 723 874 885 900  ; 9 1 12 5 14 5 11 7 7 8 7 6 9 5 7 6 9 3 
711.9 ; 8.791e-10 ; True ; 1 20 30 112 163 306 329 388 438 455 483 537 547 612 634 713 723 874 885 900  ; 7 1 10 5 14 5 10 7 6 7 6 7 9 6 9 6 9 3 
713.8 ; 9.398e-10 ; True ; 1 20 30 112 163 240 306 329 388 438 455 483 484 547 612 634 713 723 781 885 900  ; 9 1 12 5 16 4 12 7 7 7 8 6 9 5 8 7 9 3 
719.2 ; 1.029e-09 ; True ; 1 20 30 112 156 163 260 306 388 438 455 484 547 612 634 713 723 874 885 900  ; 7 1 11 6 14 6 11 7 6 8 7 7 9 6 7 5 9 3 
738.1 ; 1.045e-09 ; True ; 1 20 112 156 163 260 266 306 388 438 455 484 547 576 612 634 713 723 765 885 900  ; 6 1 11 6 16 5 11 8 7 8 7 8 9 5 6 6 9 3 
760.9 ; 1.068e-09 ; True ; 1 20 30 112 144 156 163 173 329 388 438 537 547 612 634 713 723 765 780 817 900  ; 7 1 10 5 17 6 10 8 6 8 8 7 10 6 8 8 9 2 
762.4 ; 1.186e-09 ; True ; 1 20 112 156 163 260 329 388 438 484 537 547 612 634 713 723 765 769 780 817 900  ; 6 1 10 7 16 6 9 8 6 9 8 7 9 7 7 7 8 2 
776.6 ; 1.217e-09 ; True ; 1 20 112 156 163 240 306 388 438 455 484 547 612 634 713 723 765 781 874 885 900  ; 7 1 10 7 16 6 11 8 7 8 7 6 9 6 6 6 9 3 
779.8 ; 1.357e-09 ; True ; 1 20 30 112 156 163 329 388 395 438 484 537 547 612 634 713 723 769 874 885 900  ; 9 1 12 6 16 6 11 8 6 9 7 7 10 6 9 6 10 2 
798.6 ; 1.364e-09 ; True ; 1 20 30 67 112 156 163 306 388 438 484 500 537 547 634 713 723 769 781 885 900  ; 7 1 12 5 16 6 12 9 6 9 8 7 8 7 7 6 8 3 
801.3 ; 1.46e-09 ; True ; 1 20 30 112 156 163 306 329 388 438 455 484 547 612 634 713 723 765 769 874 885  ; 8 1 11 7 15 6 11 7 7 9 7 6 9 7 7 5 9 3 
831.4 ; 1.545e-09 ; True ; 1 20 112 156 163 240 268 329 388 438 455 483 484 547 612 634 636 723 817 874 885 900  ; 7 1 10 7 17 7 10 7 9 8 8 7 9 6 7 7 9 2 
839.5 ; 1.766e-09 ; True ; 1 20 30 112 156 163 173 260 306 388 395 455 484 547 612 634 713 723 765 769 885 900  ; 8 1 12 7 16 6 13 9 6 8 6 8 10 6 8 5 10 3 
878.9 ; 1.787e-09 ; True ; 1 20 67 112 156 163 306 329 388 395 484 500 537 547 634 713 723 765 781 817 885 900  ; 7 1 12 6 17 6 13 10 7 8 7 7 8 7 7 7 8 3 
886.1 ; 2.002e-09 ; True ; 1 20 30 87 112 156 163 306 329 388 438 484 500 537 547 634 713 723 769 874 885 900  ; 8 1 12 6 16 6 12 9 7 9 8 7 8 7 7 6 9 3 
902 ; 2.095e-09 ; True ; 1 20 112 156 163 240 268 329 388 438 455 483 484 547 612 634 636 723 781 817 874 885 900  ; 8 1 11 7 18 7 11 8 9 8 9 7 10 6 7 7 10 2 
924.4 ; 2.485e-09 ; True ; 1 20 30 112 144 156 163 306 310 329 388 438 484 537 547 612 634 713 723 769 874 885 900  ; 8 1 11 6 16 8 11 7 6 9 8 7 10 7 8 7 10 3 
1001 ; 2.524e-09 ; True ; 1 20 81 112 144 156 163 173 329 388 438 484 537 547 612 634 713 723 765 769 780 817 885 900  ; 9 1 12 7 19 7 11 10 6 9 7 8 10 7 8 8 10 2 
1031 ; 2.889e-09 ; True ; 1 20 112 156 163 306 329 388 438 455 500 505 529 537 547 634 713 723 765 817 874 885 900  ; 6 1 10 7 17 8 12 10 8 8 8 7 9 9 7 6 9 3 
1084 ; 3.103e-09 ; True ; 1 20 67 112 127 156 163 173 260 329 388 455 484 547 612 634 713 723 740 769 780 817 874 885  ; 7 1 13 7 17 8 12 8 8 9 9 8 8 11 7 8 8 2 
1102 ; 3.195e-09 ; True ; 1 20 30 112 156 163 306 329 388 484 500 547 569 612 634 713 723 740 765 769 817 874 885 900  ; 7 1 12 8 18 7 13 7 7 11 8 7 9 8 7 7 8 3 
1108 ; 3.206e-09 ; True ; 1 20 112 156 163 240 329 388 395 438 455 484 537 547 634 695 713 723 765 769 780 781 817 885 900  ; 9 1 12 8 20 7 12 10 8 9 9 6 9 8 8 8 9 2 
1111 ; 3.218e-09 ; True ; 1 20 30 32 112 149 156 163 306 329 388 438 484 547 612 634 713 723 740 765 769 780 817 885 900  ; 10 1 13 7 19 6 14 7 6 11 9 6 9 8 8 8 9 3 
1117 ; 3.848e-09 ; True ; 1 20 30 112 156 163 260 306 329 388 438 484 547 612 634 713 723 729 765 769 780 781 836 885 900  ; 10 1 13 6 19 5 13 9 8 9 10 7 10 7 8 8 10 3 
1286 ; 4.314e-09 ; True ; 1 20 68 87 112 156 163 173 306 329 388 484 494 500 505 537 547 612 713 723 740 765 769 780 817 900  ; 7 1 11 7 21 8 12 9 8 9 9 7 9 11 7 7 9 3 
1321 ; 4.581e-09 ; True ; 1 20 112 156 163 240 306 329 388 395 438 455 484 535 547 549 611 612 634 713 723 740 769 781 836 874 885  ; 10 1 13 7 19 7 15 9 9 9 9 6 10 8 7 8 10 3 
1329 ; 4.933e-09 ; True ; 1 20 81 112 150 156 163 173 260 306 388 438 484 537 547 612 634 670 713 723 740 765 769 817 874 885 900  ; 8 1 13 8 20 8 13 11 6 11 7 9 11 8 7 6 11 3 
1393 ; 5.158e-09 ; True ; 1 20 50 68 112 150 156 163 173 260 306 329 388 395 416 438 484 547 612 634 713 723 740 769 780 817 874  ; 9 1 14 6 19 8 14 9 7 9 9 7 11 11 8 8 9 3 


RUN 6:
Optimum Distance: 26.48
Optimal Team: 163,388,455,634,
Required Skills: 0 1 2 4 5 7 9 10 11 12 14 15 16 18 22 23 24 26 
Distance; Skill Score; isValid; Team; Skill Counts
33.53 ; 1.844e-18 ; True ; 1 163 388 531 723  ; 2 1 4 1 3 1 2 1 1 2 1 1 2 1 1 1 3 1 
34.41 ; 2.603e-18 ; True ; 1 163 388 723 794  ; 2 1 4 1 4 1 2 1 1 2 2 1 2 1 1 1 2 1 
34.45 ; 4.896e-18 ; True ; 1 163 388 688 723  ; 2 1 4 1 4 1 2 1 1 2 1 1 2 2 1 2 2 1 
34.51 ; 7.153e-18 ; True ; 1 163 388 723 900  ; 2 1 4 2 3 1 2 1 1 3 1 1 2 1 1 2 2 1 
34.54 ; 8.162e-18 ; True ; 163 173 388 723 900  ; 3 1 4 1 3 1 3 2 1 2 1 1 2 1 1 2 2 1 
37.31 ; 1.044e-17 ; True ; 163 260 388 723 900  ; 2 1 4 1 2 1 3 2 1 2 2 1 2 1 1 2 2 1 
37.51 ; 1.264e-17 ; True ; 1 163 388 713 723  ; 2 1 4 2 4 1 3 1 1 2 1 1 2 2 2 1 2 1 
37.54 ; 1.32e-17 ; True ; 1 97 163 388 723  ; 2 1 5 1 4 1 3 2 1 2 2 1 2 2 1 1 2 1 
38.36 ; 1.357e-17 ; True ; 163 388 547 885 900  ; 2 1 3 1 3 1 3 3 1 2 1 1 2 1 2 2 2 1 
39.43 ; 1.547e-17 ; True ; 163 173 388 723 874  ; 3 1 4 1 3 1 3 2 1 2 1 1 3 2 1 1 3 1 
39.51 ; 2.875e-17 ; True ; 1 112 163 388 723  ; 2 1 5 1 4 1 2 2 2 3 1 1 2 2 1 2 2 1 
41.03 ; 3.072e-17 ; True ; 163 388 500 723 874  ; 2 1 4 1 3 1 3 2 2 2 2 1 2 3 1 1 2 1 
46.26 ; 5.163e-17 ; True ; 1 163 329 388 413 723  ; 3 1 5 2 3 1 3 1 2 3 2 1 2 1 1 2 2 1 
46.27 ; 7.35e-17 ; True ; 1 163 329 388 723 900  ; 3 1 5 2 3 1 3 1 2 3 2 1 2 1 1 3 2 1 
47.46 ; 7.707e-17 ; True ; 1 20 388 438 723 900  ; 2 1 5 2 4 1 2 1 2 4 2 2 2 1 1 2 2 1 
47.73 ; 9.123e-17 ; True ; 127 163 173 388 723 900  ; 3 1 5 1 4 1 3 3 2 2 2 1 2 2 1 2 2 1 
49.23 ; 9.888e-17 ; True ; 20 173 388 438 723 900  ; 3 1 5 1 4 1 3 2 2 3 2 2 2 1 1 2 2 1 
49.29 ; 1.014e-16 ; True ; 1 163 173 388 723 900  ; 3 1 5 2 4 1 3 2 1 3 1 2 3 1 1 2 3 1 
49.68 ; 1.064e-16 ; True ; 1 127 163 388 723 900  ; 2 1 5 2 4 1 2 2 2 3 2 1 2 2 1 2 2 1 
51.1 ; 1.179e-16 ; True ; 1 20 156 388 438 723  ; 2 1 5 1 5 1 3 2 3 3 3 3 2 1 1 1 2 1 
51.12 ; 1.229e-16 ; True ; 1 163 329 388 547 900  ; 2 1 4 2 3 1 3 2 2 3 2 1 3 1 1 3 2 1 
51.23 ; 1.31e-16 ; True ; 163 173 388 438 713 723  ; 4 1 5 1 5 1 4 3 1 2 2 1 3 2 2 1 3 1 
51.26 ; 1.554e-16 ; True ; 1 163 329 388 713 723  ; 3 1 5 2 4 1 4 1 2 2 2 1 2 2 2 2 2 1 
52.26 ; 1.59e-16 ; True ; 1 163 388 531 547 723  ; 2 1 4 1 4 1 3 2 2 2 2 1 3 2 2 2 3 1 
52.3 ; 1.906e-16 ; True ; 1 163 388 438 713 723  ; 3 1 5 2 5 1 3 2 1 3 2 1 3 2 2 1 3 1 
54.05 ; 2.016e-16 ; True ; 30 163 388 547 885 900  ; 3 1 4 1 4 1 4 3 1 3 2 1 3 1 3 2 3 1 
54.12 ; 2.137e-16 ; True ; 1 112 163 329 388 723  ; 3 1 6 1 4 1 3 2 3 3 2 1 2 2 1 3 2 1 
54.19 ; 3.253e-16 ; True ; 1 163 388 413 547 723  ; 2 1 4 2 4 1 3 2 2 3 2 1 3 2 2 2 2 1 
54.23 ; 4.632e-16 ; True ; 1 163 388 547 723 900  ; 2 1 4 2 4 1 3 2 2 3 2 1 3 2 2 3 2 1 
58.06 ; 4.748e-16 ; True ; 1 42 163 388 547 723  ; 2 1 4 1 5 1 3 2 2 2 3 2 3 2 3 2 2 1 
58.23 ; 5.413e-16 ; True ; 1 163 388 547 713 723  ; 2 1 4 2 5 1 4 2 2 2 2 1 3 3 3 2 2 1 
61.05 ; 5.827e-16 ; True ; 1 30 112 163 388 547  ; 2 1 5 1 5 1 3 3 2 4 2 1 4 2 2 2 3 1 
61.19 ; 7.734e-16 ; True ; 1 112 163 388 547 723  ; 2 1 5 1 5 1 3 3 3 3 2 1 3 3 2 3 2 1 
63.13 ; 7.747e-16 ; True ; 1 20 173 388 438 723 900  ; 3 1 6 2 5 1 3 2 2 4 2 3 3 1 1 2 3 1 
63.15 ; 7.826e-16 ; True ; 1 163 388 547 723 874  ; 2 1 4 2 4 1 3 2 2 3 2 1 4 3 2 2 3 1 
63.98 ; 8.052e-16 ; True ; 1 163 173 329 388 723 900  ; 4 1 6 2 4 1 4 2 2 3 2 2 3 1 1 3 3 1 
64.15 ; 8.099e-16 ; True ; 1 163 173 187 388 723 900  ; 3 1 5 2 5 1 4 2 2 3 2 2 3 2 1 2 3 1 
64.83 ; 1.072e-15 ; True ; 1 127 163 173 388 723 900  ; 3 1 6 2 5 1 3 3 2 3 2 2 3 2 1 2 3 1 
67.1 ; 1.348e-15 ; True ; 1 20 173 388 438 713 723  ; 3 1 6 2 6 1 4 2 2 3 2 3 3 2 2 1 3 1 
68.92 ; 1.706e-15 ; True ; 1 163 388 438 634 713 723  ; 3 1 5 2 6 1 4 2 1 3 3 2 3 2 3 2 3 1 
68.96 ; 2.143e-15 ; True ; 1 163 329 388 547 723 900  ; 3 1 5 2 4 1 4 2 3 3 3 1 3 2 2 4 2 1 
71.06 ; 2.758e-15 ; True ; 1 20 388 438 547 723 900  ; 2 1 5 2 5 1 3 2 3 4 3 2 3 2 2 3 2 1 
72.93 ; 3.122e-15 ; True ; 1 163 388 438 547 723 900  ; 3 1 5 2 5 1 3 3 2 4 3 1 4 2 2 3 3 1 
73.79 ; 3.873e-15 ; True ; 1 163 173 388 547 723 900  ; 3 1 5 2 5 1 4 3 2 3 2 2 4 2 2 3 3 1 
75.85 ; 4.584e-15 ; True ; 1 163 388 547 723 885 900  ; 3 1 5 2 5 1 4 3 2 3 2 2 3 2 3 3 3 1 
79.43 ; 5.529e-15 ; True ; 1 156 163 388 547 723 900  ; 2 1 4 2 5 2 4 3 3 3 3 2 3 2 2 3 2 1 
81.41 ; 5.622e-15 ; True ; 1 156 163 388 484 547 723  ; 3 1 5 2 6 1 4 3 3 3 3 2 4 2 2 2 3 1 
83.27 ; 5.805e-15 ; True ; 1 30 156 163 388 547 723  ; 3 1 5 1 6 1 5 3 3 3 4 2 4 2 3 2 3 1 
83.77 ; 6.046e-15 ; True ; 1 30 112 163 388 547 723  ; 3 1 6 1 6 1 4 3 3 4 3 1 4 3 3 3 3 1 
83.78 ; 7.6e-15 ; True ; 1 20 173 388 438 634 713 723  ; 3 1 6 2 7 1 5 2 2 3 3 4 3 2 3 2 3 1 
86.56 ; 7.702e-15 ; True ; 1 163 173 388 438 634 713 723  ; 4 1 6 2 7 1 5 3 1 3 3 3 4 2 3 2 4 1 
86.87 ; 9.735e-15 ; True ; 1 20 329 388 438 547 723 900  ; 3 1 6 2 5 1 4 2 4 4 4 2 3 2 2 4 2 1 
90.36 ; 1.01e-14 ; True ; 1 110 163 329 388 547 723 900  ; 4 1 6 2 5 2 5 2 3 4 3 1 3 2 2 4 3 1 
90.51 ; 1.02e-14 ; True ; 1 163 329 388 547 634 723 900  ; 3 1 5 2 5 1 5 2 3 3 4 2 3 2 3 5 2 1 
90.58 ; 1.106e-14 ; True ; 1 163 329 388 438 547 723 900  ; 4 1 6 2 5 1 4 3 3 4 4 1 4 2 2 4 3 1 
91.41 ; 1.153e-14 ; True ; 1 163 173 329 388 413 547 723  ; 4 1 6 2 5 1 5 3 3 3 3 2 4 2 2 3 3 1 
91.43 ; 1.433e-14 ; True ; 1 20 110 388 438 547 723 900  ; 3 1 6 2 6 2 4 2 3 5 3 2 3 2 2 3 3 1 
91.44 ; 1.46e-14 ; True ; 1 163 173 329 388 547 723 900  ; 4 1 6 2 5 1 5 3 3 3 3 2 4 2 2 4 3 1 
91.51 ; 1.657e-14 ; True ; 1 20 173 388 438 547 723 900  ; 3 1 6 2 6 1 4 3 3 4 3 3 4 2 2 3 3 1 
93.36 ; 1.665e-14 ; True ; 1 163 173 388 438 547 723 900  ; 4 1 6 2 6 1 4 4 2 4 3 2 5 2 2 3 4 1 
94.48 ; 1.729e-14 ; True ; 1 163 329 388 547 723 885 900  ; 4 1 6 2 5 1 5 3 3 3 3 2 3 2 3 4 3 1 
95.28 ; 1.941e-14 ; True ; 1 20 156 388 438 547 723 900  ; 2 1 5 2 6 2 4 3 4 4 4 3 3 2 2 3 2 1 
95.7 ; 1.961e-14 ; True ; 1 20 388 438 547 723 885 900  ; 3 1 6 2 6 1 4 3 3 4 3 3 3 2 3 3 3 1 
96.48 ; 2.043e-14 ; True ; 1 20 173 388 438 547 713 723  ; 3 1 6 2 7 1 5 3 3 3 3 3 4 3 3 2 3 1 
97.35 ; 2.053e-14 ; True ; 1 163 173 388 438 547 713 723  ; 4 1 6 2 7 1 5 4 2 3 3 2 5 3 3 2 4 1 
97.52 ; 2.097e-14 ; True ; 1 163 388 438 547 723 885 900  ; 4 1 6 2 6 1 4 4 2 4 3 2 4 2 3 3 4 1 
98.21 ; 2.226e-14 ; True ; 1 20 30 156 388 547 723 900  ; 2 1 5 2 6 2 5 2 4 4 4 3 3 2 3 3 2 1 
98.37 ; 2.4e-14 ; True ; 1 30 163 388 547 723 885 900  ; 4 1 6 2 6 1 5 3 2 4 3 2 4 2 4 3 4 1 
101.9 ; 2.745e-14 ; True ; 1 156 163 388 484 547 723 900  ; 3 1 5 3 6 2 4 3 3 4 3 2 4 2 2 3 3 1 
102 ; 2.935e-14 ; True ; 1 156 163 388 438 547 723 900  ; 3 1 5 2 6 2 4 4 3 4 4 2 4 2 2 3 3 1 
103.3 ; 2.944e-14 ; True ; 1 112 163 388 484 547 634 723  ; 3 1 6 2 7 1 4 3 3 4 3 2 4 3 3 4 3 1 
103.5 ; 3.195e-14 ; True ; 1 112 163 173 388 547 723 900  ; 3 1 6 2 6 2 4 4 3 4 2 2 4 3 2 4 3 1 
104.5 ; 3.669e-14 ; True ; 1 42 112 163 388 484 547 723  ; 3 1 6 2 7 2 3 3 3 4 3 2 4 3 3 3 3 1 
104.9 ; 3.779e-14 ; True ; 1 30 156 163 388 547 723 900  ; 3 1 5 2 6 2 5 3 3 4 4 2 4 2 3 3 3 1 
106.5 ; 3.782e-14 ; True ; 1 112 163 388 547 723 885 900  ; 3 1 6 2 6 2 4 4 3 4 2 2 3 3 3 4 3 1 
107 ; 3.792e-14 ; True ; 1 20 127 173 388 438 713 723 900  ; 3 1 7 3 7 2 4 3 3 4 3 3 3 3 2 2 3 1 
109.1 ; 4.173e-14 ; True ; 1 20 110 329 388 438 547 723 900  ; 4 1 7 2 6 2 5 2 4 5 4 2 3 2 2 4 3 1 
110 ; 4.27e-14 ; True ; 1 20 110 173 329 388 547 723 900  ; 4 1 7 2 6 2 6 2 4 4 3 3 3 2 2 4 3 1 
110.2 ; 4.825e-14 ; True ; 1 20 173 329 388 438 547 723 900  ; 4 1 7 2 6 1 5 3 4 4 4 3 4 2 2 4 3 1 
112.1 ; 5.009e-14 ; True ; 1 163 173 329 388 413 547 723 900  ; 4 1 6 3 5 2 5 3 3 4 3 2 4 2 2 4 3 1 
112.8 ; 5.07e-14 ; True ; 1 20 156 329 388 484 547 723 900  ; 3 1 6 3 6 2 5 2 5 4 4 3 3 2 2 4 2 1 
113.1 ; 5.554e-14 ; True ; 1 20 173 388 438 547 634 723 900  ; 3 1 6 2 7 1 5 3 3 4 4 4 4 2 3 4 3 1 
113.8 ; 6.314e-14 ; True ; 1 20 110 173 388 438 547 723 900  ; 4 1 7 2 7 2 5 3 3 5 3 3 4 2 2 3 4 1 
117.1 ; 6.629e-14 ; True ; 1 20 173 388 438 547 634 713 723  ; 3 1 6 2 8 1 6 3 3 3 4 4 4 3 4 3 3 1 
119 ; 7.452e-14 ; True ; 1 20 30 173 388 438 547 723 900  ; 4 1 7 2 7 1 5 3 3 5 4 3 5 2 3 3 4 1 
119.2 ; 9.977e-14 ; True ; 1 20 173 388 438 547 713 723 900  ; 3 1 6 3 7 2 5 3 3 4 3 3 4 3 3 3 3 1 
122 ; 1.003e-13 ; True ; 1 163 173 388 438 547 713 723 900  ; 4 1 6 3 7 2 5 4 2 4 3 2 5 3 3 3 4 1 
123.7 ; 1.123e-13 ; True ; 1 20 30 156 388 438 547 723 900  ; 3 1 6 2 7 2 5 3 4 5 5 3 4 2 3 3 3 1 
124.8 ; 1.146e-13 ; True ; 1 20 30 156 388 547 723 885 900  ; 3 1 6 2 7 2 6 3 4 4 4 4 3 2 4 3 3 1 
127.2 ; 1.178e-13 ; True ; 1 20 173 329 388 438 634 713 723 900  ; 4 1 7 3 7 2 6 2 3 4 4 4 3 2 3 4 3 1 
128 ; 1.179e-13 ; True ; 1 112 163 173 388 438 547 723 900  ; 4 1 7 2 7 2 4 5 3 5 3 2 5 3 2 4 4 1 
128.1 ; 1.204e-13 ; True ; 1 112 163 388 438 547 634 723 900  ; 3 1 6 2 7 2 4 4 3 5 4 2 4 3 3 5 3 1 
128.7 ; 1.221e-13 ; True ; 1 20 127 173 329 388 438 713 723 900  ; 4 1 8 3 7 2 5 3 4 4 4 3 3 3 2 3 3 1 
128.9 ; 1.225e-13 ; True ; 1 112 163 260 388 484 547 723 900  ; 3 1 7 3 6 2 4 4 3 5 3 2 5 3 2 4 4 1 
129 ; 1.271e-13 ; True ; 1 112 163 173 388 547 634 723 900  ; 3 1 6 2 7 2 5 4 3 4 3 3 4 3 3 5 3 1 
129 ; 1.428e-13 ; True ; 1 20 127 173 388 438 634 713 723 900  ; 3 1 7 3 8 2 5 3 3 4 4 4 3 3 3 3 3 1 
131.1 ; 1.429e-13 ; True ; 1 20 30 112 173 388 547 723 900  ; 3 1 7 2 7 2 5 3 4 5 3 3 4 3 3 4 3 1 
131.4 ; 1.55e-13 ; True ; 1 30 156 163 388 547 723 885 900  ; 4 1 6 2 7 2 6 4 3 4 4 3 4 2 4 3 4 1 
132.9 ; 1.615e-13 ; True ; 1 30 112 163 173 388 547 723 900  ; 4 1 7 2 7 2 5 4 3 5 3 2 5 3 3 4 4 1 
133.4 ; 1.718e-13 ; True ; 1 127 163 173 388 438 634 713 723 900  ; 4 1 7 3 8 2 5 4 2 4 4 3 4 3 3 3 4 1 
133.9 ; 1.809e-13 ; True ; 1 30 112 163 388 547 723 885 900  ; 4 1 7 2 7 2 5 4 3 5 3 2 4 3 4 4 4 1 
138.3 ; 2.05e-13 ; True ; 1 20 110 173 388 438 547 634 723 900  ; 4 1 7 2 8 2 6 3 3 5 4 4 4 2 3 4 4 1 
140.9 ; 2.816e-13 ; True ; 1 20 173 329 388 438 547 713 723 900  ; 4 1 7 3 7 2 6 3 4 4 4 3 4 3 3 4 3 1 
142.8 ; 2.88e-13 ; True ; 1 20 173 388 438 547 634 713 723 900  ; 3 1 6 3 8 2 6 3 3 4 4 4 4 3 4 4 3 1 
145.6 ; 2.996e-13 ; True ; 1 163 173 329 388 438 547 713 723 900  ; 5 1 7 3 7 2 6 4 3 4 4 2 5 3 3 4 4 1 
147.6 ; 3.255e-13 ; True ; 1 163 173 388 438 547 634 713 723 900  ; 4 1 6 3 8 2 6 4 2 4 4 3 5 3 4 4 4 1 
149.6 ; 3.311e-13 ; True ; 1 20 173 260 388 438 547 713 723 900  ; 3 1 7 3 7 2 6 4 3 4 4 4 5 3 3 3 4 1 
150.6 ; 3.864e-13 ; True ; 1 20 30 173 388 438 547 713 723 900  ; 4 1 7 3 8 2 6 3 3 5 4 3 5 3 4 3 4 1 
153.3 ; 3.994e-13 ; True ; 1 20 30 156 388 438 547 723 885 900  ; 4 1 7 2 8 2 6 4 4 5 5 4 4 2 4 3 4 1 
153.8 ; 4.058e-13 ; True ; 1 20 30 388 438 547 713 723 885 900  ; 4 1 7 3 8 2 6 3 3 5 4 3 4 3 5 3 4 1 
155.5 ; 4.167e-13 ; True ; 1 112 163 173 388 438 547 634 723 900  ; 4 1 7 2 8 2 5 5 3 5 4 3 5 3 3 5 4 1 
156.3 ; 4.382e-13 ; True ; 1 20 30 156 388 438 547 713 723 900  ; 3 1 6 3 8 3 6 3 4 5 5 3 4 3 4 3 3 1 
158.5 ; 4.392e-13 ; True ; 1 20 163 388 438 547 634 713 723 900  ; 3 1 6 3 8 2 6 3 3 4 4 3 4 3 4 4 3 2 
158.5 ; 4.713e-13 ; True ; 1 20 30 112 173 388 438 547 723 900  ; 4 1 8 2 8 2 5 4 4 6 4 3 5 3 3 4 4 1 
159.3 ; 4.831e-13 ; True ; 1 20 163 173 388 438 547 713 723 900  ; 4 1 7 3 8 2 6 4 3 4 3 3 5 3 3 3 4 2 
160.5 ; 5.028e-13 ; True ; 1 112 163 173 388 438 547 634 713 723  ; 4 1 7 2 9 2 6 5 3 4 4 3 5 4 4 4 4 1 
161.7 ; 5.278e-13 ; True ; 1 20 30 112 388 438 547 723 885 900  ; 4 1 8 2 8 2 5 4 4 6 4 3 4 3 4 4 4 1 
163.7 ; 5.43e-13 ; True ; 1 20 30 127 173 388 438 634 713 723 900  ; 4 1 8 3 9 2 6 3 3 5 5 4 4 3 4 3 4 1 
164.7 ; 5.439e-13 ; True ; 1 20 30 156 163 388 438 547 723 900  ; 4 1 7 2 8 2 6 4 4 5 5 3 5 2 3 3 4 2 
165.5 ; 5.556e-13 ; True ; 1 20 30 112 173 388 438 547 713 723  ; 4 1 8 2 9 2 6 4 4 5 4 3 5 4 4 3 4 1 
165.7 ; 5.791e-13 ; True ; 1 20 30 156 163 388 547 723 885 900  ; 4 1 7 2 8 2 7 4 4 4 4 4 4 2 4 3 4 2 
165.9 ; 5.838e-13 ; True ; 1 20 156 163 388 438 547 713 723 900  ; 3 1 6 3 8 3 6 4 4 4 4 3 4 3 3 3 3 2 
166.5 ; 7.024e-13 ; True ; 1 20 173 329 388 438 547 634 713 723 900  ; 4 1 7 3 8 2 7 3 4 4 5 4 4 3 4 5 3 1 
168.9 ; 7.103e-13 ; True ; 1 20 110 173 329 388 438 547 713 723 900  ; 5 1 8 3 8 3 7 3 4 5 4 3 4 3 3 4 4 1 
170.1 ; 7.33e-13 ; True ; 1 20 127 173 388 438 547 634 713 723 900  ; 3 1 7 3 9 2 6 4 4 4 5 4 4 4 4 4 3 1 
170.2 ; 7.569e-13 ; True ; 1 20 173 329 388 438 484 547 713 723 900  ; 5 1 8 4 8 2 6 3 4 5 4 3 5 3 3 4 4 1 
171.9 ; 7.844e-13 ; True ; 1 20 110 173 388 438 547 634 713 723 900  ; 4 1 7 3 9 3 7 3 3 5 4 4 4 3 4 4 4 1 
173 ; 7.887e-13 ; True ; 1 20 260 329 388 438 484 547 713 723 900  ; 4 1 8 4 7 2 6 3 4 5 5 3 5 3 3 4 4 1 
173 ; 8.358e-13 ; True ; 1 20 173 388 438 484 547 634 713 723 900  ; 4 1 7 4 9 2 6 3 3 5 4 4 5 3 4 4 4 1 
173.1 ; 8.404e-13 ; True ; 1 163 173 329 388 438 547 634 713 723 900  ; 5 1 7 3 8 2 7 4 3 4 5 3 5 3 4 5 4 1 
174.1 ; 8.463e-13 ; True ; 1 20 173 260 329 388 438 547 713 723 900  ; 4 1 8 3 7 2 7 4 4 4 5 4 5 3 3 4 4 1 
175.8 ; 8.696e-13 ; True ; 1 20 156 329 388 438 484 547 713 723 900  ; 4 1 7 4 8 3 6 3 5 5 5 3 4 3 3 4 3 1 
175.9 ; 9.331e-13 ; True ; 1 20 156 173 329 388 438 547 713 723 900  ; 4 1 7 3 8 3 7 4 5 4 5 4 4 3 3 4 3 1 
177.1 ; 9.627e-13 ; True ; 1 20 30 173 388 438 547 634 713 723 900  ; 4 1 7 3 9 2 7 3 3 5 5 4 5 3 5 4 4 1 
178.9 ; 9.672e-13 ; True ; 1 20 30 127 173 388 438 547 713 723 900  ; 4 1 8 3 9 2 6 4 4 5 5 3 5 4 4 3 4 1 
179.2 ; 9.796e-13 ; True ; 1 20 30 173 388 438 455 547 634 723 900  ; 4 1 7 3 8 2 6 3 4 5 5 4 5 3 4 4 4 1 
180.4 ; 1.015e-12 ; True ; 1 20 156 173 388 438 484 547 634 713 723  ; 4 1 7 3 10 2 7 4 4 4 5 5 5 3 4 3 4 1 
181.9 ; 1.026e-12 ; True ; 1 20 30 156 329 388 438 547 713 723 900  ; 4 1 7 3 8 3 7 3 5 5 6 3 4 3 4 4 3 1 
182 ; 1.076e-12 ; True ; 1 20 112 173 388 438 484 547 634 723 900  ; 4 1 8 3 9 2 5 4 4 6 4 4 5 3 3 5 4 1 
182.5 ; 1.111e-12 ; True ; 1 20 156 173 388 438 484 547 713 723 900  ; 4 1 7 4 9 3 6 4 4 5 4 4 5 3 3 3 4 1 
184.2 ; 1.119e-12 ; True ; 1 20 30 173 388 438 455 547 723 885 900  ; 5 1 8 3 8 2 6 4 4 5 4 4 5 3 4 3 5 1 
185.9 ; 1.238e-12 ; True ; 1 20 163 173 329 388 438 547 713 723 900  ; 5 1 8 3 8 2 7 4 4 4 4 3 5 3 3 4 4 2 
186.5 ; 1.365e-12 ; True ; 1 20 30 156 173 388 438 547 713 723 900  ; 4 1 7 3 9 3 7 4 4 5 5 4 5 3 4 3 4 1 
187.8 ; 1.368e-12 ; True ; 1 20 163 173 388 438 547 634 713 723 900  ; 4 1 7 3 9 2 7 4 3 4 4 4 5 3 4 4 4 2 
189.7 ; 1.368e-12 ; True ; 1 20 30 156 388 438 455 547 723 885 900  ; 4 1 7 3 8 3 6 4 5 5 5 4 4 3 4 3 4 1 
189.7 ; 1.433e-12 ; True ; 1 20 30 156 388 438 547 713 723 885 900  ; 4 1 7 3 9 3 7 4 4 5 5 4 4 3 5 3 4 1 
191.1 ; 1.447e-12 ; True ; 1 112 163 173 388 438 547 634 713 723 900  ; 4 1 7 3 9 3 6 5 3 5 4 3 5 4 4 5 4 1 
193.8 ; 1.468e-12 ; True ; 1 20 30 163 388 438 547 634 713 723 900  ; 4 1 7 3 9 2 7 3 3 5 5 3 5 3 5 4 4 2 
194.6 ; 1.536e-12 ; True ; 1 20 30 163 173 388 438 547 713 723 900  ; 5 1 8 3 9 2 7 4 3 5 4 3 6 3 4 3 5 2 
195.1 ; 1.636e-12 ; True ; 1 20 30 112 173 388 438 547 713 723 900  ; 4 1 8 3 9 3 6 4 4 6 4 3 5 4 4 4 4 1 
196.7 ; 1.641e-12 ; True ; 1 20 112 163 388 438 484 547 634 723 900  ; 4 1 8 3 9 2 5 4 4 6 4 3 5 3 3 5 4 2 
197.1 ; 1.651e-12 ; True ; 1 20 156 163 388 438 484 547 634 713 723  ; 4 1 7 3 10 2 7 4 4 4 5 4 5 3 4 3 4 2 
197.2 ; 1.708e-12 ; True ; 1 20 156 163 173 388 438 547 713 723 900  ; 4 1 7 3 9 3 7 5 4 4 4 4 5 3 3 3 4 2 
197.4 ; 1.749e-12 ; True ; 1 20 110 173 329 388 438 547 634 713 723 900  ; 5 1 8 3 9 3 8 3 4 5 5 4 4 3 4 5 4 1 
198.4 ; 1.776e-12 ; True ; 1 20 30 112 156 388 484 547 723 885 900  ; 4 1 8 3 9 3 6 4 5 6 4 4 4 3 4 4 4 1 
198.6 ; 1.887e-12 ; True ; 1 20 173 329 388 438 484 547 634 713 723 900  ; 5 1 8 4 9 2 7 3 4 5 5 4 5 3 4 5 4 1 
202.2 ; 2.081e-12 ; True ; 1 20 30 156 163 388 438 547 713 723 900  ; 4 1 7 3 9 3 7 4 4 5 5 3 5 3 4 3 4 2 
203.3 ; 2.092e-12 ; True ; 1 20 127 173 388 438 484 547 634 713 723 900  ; 4 1 8 4 10 2 6 4 4 5 5 4 5 4 4 4 4 1 
207.5 ; 2.104e-12 ; True ; 1 20 30 112 163 388 484 547 634 713 723  ; 4 1 8 3 10 2 7 3 4 5 4 3 5 4 5 4 4 2 
207.7 ; 2.111e-12 ; True ; 1 20 30 112 163 388 438 547 634 713 723  ; 4 1 8 2 10 2 7 4 4 5 5 3 5 4 5 4 4 2 
207.7 ; 2.315e-12 ; True ; 1 20 30 127 173 388 438 547 634 713 723 900  ; 4 1 8 3 10 2 7 4 4 5 6 4 5 4 5 4 4 1 
208 ; 2.419e-12 ; True ; 1 20 30 112 156 163 388 484 547 723 900  ; 4 1 8 3 9 3 6 4 5 6 4 3 5 3 3 4 4 2 
209 ; 2.507e-12 ; True ; 1 20 156 173 329 388 438 484 547 713 723 900  ; 5 1 8 4 9 3 7 4 5 5 5 4 5 3 3 4 4 1 
211 ; 2.527e-12 ; True ; 1 20 30 112 156 163 388 547 723 885 900  ; 4 1 8 2 9 3 7 5 5 5 4 4 4 3 4 4 4 2 
211.8 ; 2.767e-12 ; True ; 1 20 156 173 388 438 484 547 634 713 723 900  ; 4 1 7 4 10 3 7 4 4 5 5 5 5 3 4 4 4 1 
215 ; 2.923e-12 ; True ; 1 20 30 156 173 329 388 438 547 713 723 900  ; 5 1 8 3 9 3 8 4 5 5 6 4 5 3 4 4 4 1 
216 ; 3.026e-12 ; True ; 1 20 30 156 173 388 438 547 634 713 723 900  ; 4 1 7 3 10 3 8 4 4 5 6 5 5 3 5 4 4 1 
216.3 ; 3.05e-12 ; True ; 1 20 163 173 329 388 438 547 634 713 723 900  ; 5 1 8 3 9 2 8 4 4 4 5 4 5 3 4 5 4 2 
219.2 ; 3.069e-12 ; True ; 1 20 30 156 329 388 438 547 713 723 885 900  ; 5 1 8 3 9 3 8 4 5 5 6 4 4 3 5 4 4 1 
219.5 ; 3.321e-12 ; True ; 1 20 112 173 388 438 484 547 634 713 723 900  ; 4 1 8 4 10 3 6 4 4 6 4 4 5 4 4 5 4 1 
222 ; 3.323e-12 ; True ; 1 20 163 173 388 438 484 547 634 713 723 900  ; 5 1 8 4 10 2 7 4 3 5 4 4 6 3 4 4 5 2 
223 ; 3.378e-12 ; True ; 1 20 30 156 173 388 438 547 713 723 885 900  ; 5 1 8 3 10 3 8 5 4 5 5 5 5 3 5 3 5 1 
223.8 ; 3.412e-12 ; True ; 1 20 112 260 388 438 484 547 612 713 723 900  ; 4 1 8 4 9 3 5 4 4 6 4 4 6 4 4 4 5 1 
224.5 ; 3.424e-12 ; True ; 1 20 30 112 173 329 388 438 547 713 723 900  ; 5 1 9 3 9 3 7 4 5 6 5 3 5 4 4 5 4 1 
225 ; 3.477e-12 ; True ; 1 20 30 163 173 329 388 438 547 713 723 900  ; 6 1 9 3 9 2 8 4 4 5 5 3 6 3 4 4 5 2 
225.6 ; 3.825e-12 ; True ; 1 20 30 112 173 388 438 547 634 713 723 900  ; 4 1 8 3 10 3 7 4 4 6 5 4 5 4 5 5 4 1 
228.5 ; 4.202e-12 ; True ; 1 20 156 163 173 388 438 547 634 713 723 900  ; 4 1 7 3 10 3 8 5 4 4 5 5 5 3 4 4 4 2 
230.4 ; 4.501e-12 ; True ; 1 20 156 163 388 438 484 547 634 713 723 900  ; 4 1 7 4 10 3 7 4 4 5 5 4 5 3 4 4 4 2 
234.5 ; 4.921e-12 ; True ; 1 20 30 156 163 388 438 547 634 713 723 900  ; 4 1 7 3 10 3 8 4 4 5 6 4 5 3 5 4 4 2 
236.2 ; 5.065e-12 ; True ; 1 20 112 163 388 438 484 547 634 713 723 900  ; 4 1 8 4 10 3 6 4 4 6 4 3 5 4 4 5 4 2 
236.3 ; 5.315e-12 ; True ; 1 20 112 163 173 388 438 547 634 713 723 900  ; 4 1 8 3 10 3 7 5 4 5 4 4 5 4 4 5 4 2 
239.5 ; 5.494e-12 ; True ; 1 20 30 156 163 388 438 547 713 723 885 900  ; 5 1 8 3 10 3 8 5 4 5 5 4 5 3 5 3 5 2 
240.3 ; 5.562e-12 ; True ; 1 20 156 173 329 388 438 484 547 634 713 723 900  ; 5 1 8 4 10 3 8 4 5 5 6 5 5 3 4 5 4 1 
242.2 ; 5.833e-12 ; True ; 1 20 30 112 163 388 438 547 634 713 723 900  ; 4 1 8 3 10 3 7 4 4 6 5 3 5 4 5 5 4 2 
243.1 ; 6.03e-12 ; True ; 1 20 30 112 156 163 388 484 547 634 723 900  ; 4 1 8 3 10 3 7 4 5 6 5 4 5 3 4 5 4 2 
244.1 ; 6.039e-12 ; True ; 1 20 30 112 163 173 388 438 547 713 723 900  ; 5 1 9 3 10 3 7 5 4 6 4 3 6 4 4 4 5 2 
245.4 ; 6.412e-12 ; True ; 1 20 112 156 163 388 438 484 547 634 713 723  ; 4 1 8 3 11 3 7 5 5 5 5 4 5 4 4 4 4 2 
248.2 ; 6.591e-12 ; True ; 1 20 30 112 163 388 438 547 713 723 885 900  ; 5 1 9 3 10 3 7 5 4 6 4 3 5 4 5 4 5 2 
248.2 ; 6.812e-12 ; True ; 1 20 30 112 156 163 388 484 547 723 885 900  ; 5 1 9 3 10 3 7 5 5 6 4 4 5 3 4 4 5 2 
250.2 ; 6.881e-12 ; True ; 1 20 30 112 156 163 388 484 547 634 713 723  ; 4 1 8 3 11 3 8 4 5 5 5 4 5 4 5 4 4 2 
251.5 ; 6.924e-12 ; True ; 1 20 30 112 156 163 388 438 547 713 723 900  ; 4 1 8 3 10 4 7 5 5 6 5 3 5 4 4 4 4 2 
252.4 ; 7.056e-12 ; True ; 1 20 163 173 329 388 438 484 547 634 713 723 900  ; 6 1 9 4 10 2 8 4 4 5 5 4 6 3 4 5 5 2 
253.9 ; 7.06e-12 ; True ; 1 20 30 156 173 388 438 484 547 634 713 723 900  ; 5 1 8 4 11 3 8 4 4 6 6 5 6 3 5 4 5 1 
254.4 ; 7.109e-12 ; True ; 1 20 30 112 156 163 388 547 713 723 885 900  ; 4 1 8 3 10 4 8 5 5 5 4 4 4 4 5 4 4 2 
256.3 ; 7.296e-12 ; True ; 1 20 30 112 156 163 388 484 547 713 723 885  ; 5 1 9 3 11 3 8 5 5 5 4 4 5 4 5 3 5 2 
256.6 ; 7.313e-12 ; True ; 1 20 112 173 388 438 484 547 612 634 713 723 900  ; 5 1 8 4 11 3 6 4 4 6 4 5 6 4 5 5 5 1 
257.1 ; 7.335e-12 ; True ; 1 20 163 260 329 388 438 484 547 634 713 723 900  ; 5 1 9 4 9 2 8 4 4 5 6 4 6 3 4 5 5 2 
257.4 ; 7.454e-12 ; True ; 1 20 112 260 329 388 438 484 537 547 713 723 900  ; 4 1 9 4 9 3 6 5 5 6 5 4 6 4 4 5 5 1 
258 ; 7.624e-12 ; True ; 1 20 112 260 388 438 484 547 612 634 713 723 900  ; 4 1 8 4 10 3 6 4 4 6 5 5 6 4 5 5 5 1 
258.4 ; 7.653e-12 ; True ; 1 20 30 163 173 329 388 438 547 634 713 723 900  ; 6 1 9 3 10 2 9 4 4 5 6 4 6 3 5 5 5 2 
258.6 ; 7.856e-12 ; True ; 1 20 112 173 260 388 438 484 547 634 713 723 900  ; 4 1 9 4 10 3 7 5 4 6 5 5 6 4 4 5 5 1 
260 ; 8.378e-12 ; True ; 1 20 156 163 173 329 388 438 547 634 713 723 900  ; 5 1 8 3 10 3 9 5 5 4 6 5 5 3 4 5 4 2 
260.8 ; 9.046e-12 ; True ; 1 20 156 163 329 388 438 484 547 634 713 723 900  ; 5 1 8 4 10 3 8 4 5 5 6 4 5 3 4 5 4 2 
265.5 ; 9.228e-12 ; True ; 1 20 156 163 329 388 438 484 547 612 713 723 900  ; 6 1 8 4 10 3 7 4 5 5 5 4 6 3 4 4 5 2 
266.6 ; 1.021e-11 ; True ; 1 20 156 163 173 388 438 484 547 634 713 723 900  ; 5 1 8 4 11 3 8 5 4 5 5 5 6 3 4 4 5 2 
268.6 ; 1.056e-11 ; True ; 1 20 112 163 173 329 388 438 547 634 713 723 900  ; 5 1 9 3 10 3 8 5 5 5 5 4 5 4 4 6 4 2 
270.5 ; 1.063e-11 ; True ; 1 20 112 163 173 388 438 547 634 636 713 723 900  ; 4 1 8 4 11 3 7 5 4 5 5 4 6 4 4 5 5 2 
270.7 ; 1.107e-11 ; True ; 1 20 30 156 163 173 388 438 547 634 713 723 900  ; 5 1 8 3 11 3 9 5 4 5 6 5 6 3 5 4 5 2 
273.4 ; 1.226e-11 ; True ; 1 20 112 163 173 388 438 484 547 634 713 723 900  ; 5 1 9 4 11 3 7 5 4 6 4 4 6 4 4 5 5 2 
277.3 ; 1.278e-11 ; True ; 1 20 112 163 260 388 438 484 547 634 713 723 900  ; 4 1 9 4 10 3 7 5 4 6 5 4 6 4 4 5 5 2 
279.4 ; 1.394e-11 ; True ; 1 20 30 112 163 173 388 438 547 634 713 723 900  ; 5 1 9 3 11 3 8 5 4 6 5 4 6 4 5 5 5 2 
281.7 ; 1.405e-11 ; True ; 1 20 112 156 163 388 438 484 547 634 713 723 900  ; 4 1 8 4 11 4 7 5 5 6 5 4 5 4 4 5 4 2 
284.5 ; 1.461e-11 ; True ; 1 20 30 112 163 388 438 547 634 713 723 885 900  ; 5 1 9 3 11 3 8 5 4 6 5 4 5 4 6 5 5 2 
285.5 ; 1.471e-11 ; True ; 1 20 30 112 163 388 438 455 547 634 723 885 900  ; 5 1 9 3 10 3 7 5 5 6 5 4 5 4 5 5 5 2 
286.3 ; 1.475e-11 ; True ; 1 20 30 112 156 163 388 484 547 634 723 885 900  ; 5 1 9 3 11 3 8 5 5 6 5 5 5 3 5 5 5 2 
287.4 ; 1.508e-11 ; True ; 1 20 30 112 156 163 388 484 547 634 713 723 900  ; 4 1 8 4 11 4 8 4 5 6 5 4 5 4 5 5 4 2 
287.8 ; 1.536e-11 ; True ; 1 20 30 112 156 163 388 438 547 634 713 723 900  ; 4 1 8 3 11 4 8 5 5 6 6 4 5 4 5 5 4 2 
289.5 ; 1.616e-11 ; True ; 1 20 30 112 156 163 388 438 484 547 634 713 723  ; 5 1 9 3 12 3 8 5 5 6 6 4 6 4 5 4 5 2 
293.3 ; 1.627e-11 ; True ; 1 20 30 112 156 163 260 388 484 547 713 723 900  ; 4 1 9 4 10 4 8 5 5 6 5 4 6 4 4 4 5 2 
294.5 ; 1.704e-11 ; True ; 1 20 30 112 156 163 388 484 547 713 723 885 900  ; 5 1 9 4 11 4 8 5 5 6 4 4 5 4 5 4 5 2 
294.8 ; 1.737e-11 ; True ; 1 20 30 112 156 163 388 438 547 713 723 885 900  ; 5 1 9 3 11 4 8 6 5 6 5 4 5 4 5 4 5 2 
299.7 ; 1.793e-11 ; True ; 1 20 163 173 329 388 438 455 484 547 634 713 723 900  ; 6 1 9 5 10 3 8 4 5 5 5 4 6 4 4 5 5 2 
302.6 ; 1.92e-11 ; True ; 1 20 156 163 329 388 438 484 547 612 634 713 723 900  ; 6 1 8 4 11 3 8 4 5 5 6 5 6 3 5 5 5 2 
304.6 ; 1.961e-11 ; True ; 1 20 156 163 260 329 388 438 484 547 634 713 723 900  ; 5 1 9 4 10 3 9 5 5 5 7 5 6 3 4 5 5 2 
305.8 ; 2.074e-11 ; True ; 1 20 30 163 173 329 388 438 455 547 634 713 723 900  ; 6 1 9 4 10 3 9 4 5 5 6 4 6 4 5 5 5 2 
307.7 ; 2.325e-11 ; True ; 1 20 112 163 173 329 388 438 484 547 634 713 723 900  ; 6 1 10 4 11 3 8 5 5 6 5 4 6 4 4 6 5 2 
311.4 ; 2.417e-11 ; True ; 1 20 112 163 260 329 388 438 484 547 634 713 723 900  ; 5 1 10 4 10 3 8 5 5 6 6 4 6 4 4 6 5 2 
313.1 ; 2.449e-11 ; True ; 1 20 112 163 329 388 438 483 484 547 634 713 723 900  ; 5 1 9 4 11 3 7 5 5 6 5 4 6 4 5 6 5 2 
315.7 ; 2.522e-11 ; True ; 1 20 30 112 163 173 329 388 438 547 634 713 723 900  ; 6 1 10 3 11 3 9 5 5 6 6 4 6 4 5 6 5 2 
316 ; 2.575e-11 ; True ; 1 20 112 156 163 329 388 438 484 547 634 713 723 900  ; 5 1 9 4 11 4 8 5 6 6 6 4 5 4 4 6 4 2 
317.9 ; 2.638e-11 ; True ; 1 20 112 163 260 388 438 484 547 612 634 713 723 900  ; 5 1 9 4 11 3 7 5 4 6 5 5 7 4 5 5 6 2 
320.5 ; 2.802e-11 ; True ; 1 20 30 112 163 173 388 438 484 547 634 713 723 900  ; 6 1 10 4 12 3 8 5 4 7 5 4 7 4 5 5 6 2 
322.9 ; 3.029e-11 ; True ; 1 20 112 156 163 173 388 438 484 547 634 713 723 900  ; 5 1 9 4 12 4 8 6 5 6 5 5 6 4 4 5 5 2 
324.7 ; 3.094e-11 ; True ; 1 20 112 156 163 388 438 484 547 612 634 713 723 900  ; 5 1 8 4 12 4 7 5 5 6 5 5 6 4 5 5 5 2 
328.9 ; 3.285e-11 ; True ; 1 20 30 112 156 163 173 388 438 547 634 713 723 900  ; 5 1 9 3 12 4 9 6 5 6 6 5 6 4 5 5 5 2 
329.8 ; 3.445e-11 ; True ; 1 20 30 112 156 163 388 438 484 547 634 713 723 900  ; 5 1 9 4 12 4 8 5 5 7 6 4 6 4 5 5 5 2 
334.6 ; 3.513e-11 ; True ; 1 20 30 112 156 163 388 484 547 634 713 723 885 900  ; 5 1 9 4 12 4 9 5 5 6 5 5 5 4 6 5 5 2 
337.8 ; 3.583e-11 ; True ; 1 20 30 112 156 163 388 438 484 547 713 723 885 900  ; 6 1 10 4 12 4 8 6 5 7 5 4 6 4 5 4 6 2 
341.4 ; 3.623e-11 ; True ; 1 20 30 112 156 163 260 388 484 547 713 723 885 900  ; 5 1 10 4 11 4 9 6 5 6 5 5 6 4 5 4 6 2 
348 ; 3.909e-11 ; True ; 1 20 112 163 173 329 388 413 438 484 547 634 713 723 900  ; 6 1 10 5 11 4 8 5 5 7 5 4 6 4 4 6 5 2 
349.8 ; 4.103e-11 ; True ; 1 20 30 156 163 173 329 388 438 484 547 634 713 723 900  ; 7 1 10 4 12 3 10 5 5 6 7 5 7 3 5 5 6 2 
352.5 ; 4.516e-11 ; True ; 1 20 112 163 173 329 388 438 484 547 612 634 713 723 900  ; 7 1 10 4 12 3 8 5 5 6 5 5 7 4 5 6 6 2 
354.5 ; 4.6e-11 ; True ; 1 20 112 163 173 260 329 388 438 484 547 634 713 723 900  ; 6 1 11 4 11 3 9 6 5 6 6 5 7 4 4 6 6 2 
354.8 ; 4.81e-11 ; True ; 1 20 112 163 260 329 388 438 484 547 612 634 713 723 900  ; 6 1 10 4 11 3 8 5 5 6 6 5 7 4 5 6 6 2 
358.3 ; 4.917e-11 ; True ; 1 20 112 163 260 329 388 438 484 537 547 634 713 723 900  ; 5 1 10 4 11 3 8 6 5 6 6 5 7 4 5 6 6 2 
360 ; 5.261e-11 ; True ; 1 20 112 156 163 173 329 388 438 484 547 634 713 723 900  ; 6 1 10 4 12 4 9 6 6 6 6 5 6 4 4 6 5 2 
361.7 ; 5.465e-11 ; True ; 1 20 112 156 163 329 388 438 484 547 612 634 713 723 900  ; 6 1 9 4 12 4 8 5 6 6 6 5 6 4 5 6 5 2 
366.4 ; 5.587e-11 ; True ; 1 20 112 156 163 329 388 438 483 484 547 634 713 723 900  ; 5 1 9 4 12 4 8 6 6 6 6 5 6 4 5 6 5 2 
367.9 ; 5.824e-11 ; True ; 1 20 30 112 156 163 329 388 438 484 547 634 713 723 900  ; 6 1 10 4 12 4 9 5 6 7 7 4 6 4 5 6 5 2 
371.3 ; 5.858e-11 ; True ; 1 20 30 112 156 163 260 329 388 484 547 634 713 723 900  ; 5 1 10 4 11 4 10 5 6 6 7 5 6 4 5 6 5 2 
371.8 ; 5.922e-11 ; True ; 1 20 25 30 112 156 163 329 388 484 547 634 713 723 900  ; 5 1 10 5 12 4 10 5 6 7 6 4 6 4 5 6 5 2 
372.6 ; 5.937e-11 ; True ; 1 20 30 112 156 163 329 388 484 537 547 634 713 723 900  ; 5 1 9 4 12 4 9 5 6 6 6 5 6 4 6 6 5 2 
373.7 ; 6.068e-11 ; True ; 1 20 30 112 156 163 329 388 484 547 634 713 723 885 900  ; 6 1 10 4 12 4 10 5 6 6 6 5 5 4 6 6 5 2 
373.8 ; 6.601e-11 ; True ; 1 20 30 112 156 163 173 388 438 484 547 634 713 723 900  ; 6 1 10 4 13 4 9 6 5 7 6 5 7 4 5 5 6 2 
378.6 ; 6.678e-11 ; True ; 1 20 30 112 156 163 260 388 438 484 547 634 713 723 900  ; 5 1 10 4 12 4 9 6 5 7 7 5 7 4 5 5 6 2 
379.9 ; 7.1e-11 ; True ; 1 20 30 112 156 163 388 438 484 547 634 713 723 885 900  ; 6 1 10 4 13 4 9 6 5 7 6 5 6 4 6 5 6 2 
390.8 ; 7.258e-11 ; True ; 1 20 30 112 156 163 388 438 455 484 547 634 713 723 885  ; 6 1 10 4 13 4 9 6 6 6 6 5 6 5 6 4 6 2 
400.9 ; 8.226e-11 ; True ; 1 20 25 112 163 260 329 388 484 547 612 634 713 723 765 900  ; 5 1 10 6 12 3 9 6 5 7 5 5 8 4 5 6 7 2 
402.7 ; 8.634e-11 ; True ; 1 20 112 163 260 329 388 438 484 537 547 612 634 713 723 900  ; 6 1 10 4 12 3 8 6 5 6 6 6 8 4 6 6 7 2 
404.5 ; 8.846e-11 ; True ; 1 20 25 112 163 329 388 438 484 537 547 612 634 713 723 900  ; 6 1 10 5 13 3 8 6 5 7 5 5 8 4 6 6 7 2 
408.4 ; 9.037e-11 ; True ; 1 20 30 156 163 173 329 388 438 455 547 634 713 723 885 900  ; 7 1 10 4 12 4 11 6 6 5 7 6 6 4 6 5 6 2 
408.7 ; 9.812e-11 ; True ; 1 20 112 156 163 173 329 388 438 484 547 612 634 713 723 900  ; 7 1 10 4 13 4 9 6 6 6 6 6 7 4 5 6 6 2 
413.7 ; 1.022e-10 ; True ; 1 20 112 156 163 329 388 438 484 547 612 634 713 723 765 900  ; 6 1 9 5 13 4 8 6 6 7 6 5 7 4 5 6 6 2 
417.5 ; 1.086e-10 ; True ; 1 20 30 112 156 163 329 388 438 484 547 612 634 713 723 900  ; 7 1 10 4 13 4 9 5 6 7 7 5 7 4 6 6 6 2 
419.5 ; 1.094e-10 ; True ; 1 20 30 112 156 163 260 329 388 438 484 547 634 713 723 900  ; 6 1 11 4 12 4 10 6 6 7 8 5 7 4 5 6 6 2 
420.9 ; 1.105e-10 ; True ; 1 20 25 30 112 156 163 329 388 438 484 547 634 713 723 900  ; 6 1 11 5 13 4 10 6 6 8 7 4 7 4 5 6 6 2 
421.9 ; 1.157e-10 ; True ; 1 20 30 112 156 163 329 388 438 484 547 634 713 723 885 900  ; 7 1 11 4 13 4 10 6 6 7 7 5 6 4 6 6 6 2 
426.9 ; 1.196e-10 ; True ; 1 20 30 112 156 163 173 388 438 484 547 634 713 723 885 900  ; 7 1 11 4 14 4 10 7 5 7 6 6 7 4 6 5 7 2 
430.7 ; 1.205e-10 ; True ; 1 20 30 112 156 163 388 438 484 547 612 634 713 723 885 900  ; 7 1 10 4 14 4 9 6 5 7 6 6 7 4 7 5 7 2 
430.9 ; 1.268e-10 ; True ; 1 20 30 112 156 163 173 388 438 455 484 547 634 713 723 900  ; 6 1 10 5 13 5 9 6 6 7 6 5 7 5 5 5 6 2 
435.3 ; 1.291e-10 ; True ; 1 20 30 112 156 163 173 388 438 455 547 634 713 723 885 900  ; 6 1 10 4 13 5 10 7 6 6 6 6 6 5 6 5 6 2 
437 ; 1.364e-10 ; True ; 1 20 30 112 156 163 388 438 455 484 547 634 713 723 885 900  ; 6 1 10 5 13 5 9 6 6 7 6 5 6 5 6 5 6 2 
453.5 ; 1.406e-10 ; True ; 1 20 30 112 156 163 329 388 484 547 634 713 723 874 885 900  ; 6 1 10 5 12 5 10 5 6 7 6 5 6 5 6 6 6 2 
454 ; 1.43e-10 ; True ; 1 20 30 112 156 163 329 388 438 547 634 713 723 874 885 900  ; 6 1 10 4 12 5 10 6 6 7 7 5 6 5 6 6 6 2 
457.9 ; 1.448e-10 ; True ; 1 20 30 112 156 163 173 388 438 455 547 634 723 874 885 900  ; 6 1 10 4 12 5 9 7 6 7 6 6 7 5 5 5 7 2 
459.5 ; 1.467e-10 ; True ; 1 20 112 156 163 173 266 329 388 438 484 547 612 634 713 723 900  ; 7 1 10 4 14 4 9 6 6 7 6 7 8 4 5 6 7 2 
459.7 ; 1.531e-10 ; True ; 1 20 30 112 156 163 388 438 484 547 634 713 723 874 885 900  ; 6 1 10 5 13 5 9 6 5 8 6 5 7 5 6 5 7 2 
462.5 ; 1.537e-10 ; True ; 1 20 30 112 163 260 329 388 438 484 537 547 612 634 713 723 900  ; 7 1 11 4 13 3 9 6 5 7 7 6 9 4 7 6 8 2 
463.6 ; 1.545e-10 ; True ; 1 20 30 112 163 260 329 388 438 484 547 612 634 713 723 765 900  ; 7 1 11 5 13 3 9 6 5 8 7 5 9 4 6 6 8 2 
463.9 ; 1.689e-10 ; True ; 1 20 112 163 260 329 388 438 455 484 547 612 634 713 723 765 900  ; 6 1 10 6 12 4 8 6 6 7 6 5 8 5 5 6 7 2 
464.7 ; 1.711e-10 ; True ; 1 20 112 156 163 173 329 388 438 484 547 612 634 713 723 765 900  ; 7 1 10 5 14 4 9 7 6 7 6 6 8 4 5 6 7 2 
466.5 ; 1.734e-10 ; True ; 1 20 112 156 163 260 329 388 438 484 537 547 634 713 723 765 900  ; 5 1 10 5 13 4 9 8 6 7 7 6 8 4 5 6 7 2 
466.5 ; 1.761e-10 ; True ; 1 20 30 112 163 173 329 388 438 455 484 547 612 634 713 723 900  ; 8 1 11 5 13 4 9 5 6 7 6 5 8 5 6 6 7 2 
466.9 ; 1.788e-10 ; True ; 1 20 112 156 163 329 388 438 483 484 547 612 634 713 723 765 900  ; 6 1 9 5 14 4 8 7 6 7 6 6 8 4 6 6 7 2 
469.8 ; 1.857e-10 ; True ; 1 20 30 112 163 260 329 388 438 455 484 547 612 634 713 723 900  ; 7 1 11 5 12 4 9 5 6 7 7 5 8 5 6 6 7 2 
470.8 ; 1.874e-10 ; True ; 1 20 30 112 156 163 260 329 388 438 484 547 612 634 713 723 900  ; 7 1 11 4 13 4 10 6 6 7 8 6 8 4 6 6 7 2 
471.8 ; 1.9e-10 ; True ; 1 20 30 112 156 163 173 329 388 438 484 547 634 713 723 885 900  ; 8 1 12 4 14 4 11 7 6 7 7 6 7 4 6 6 7 2 
473.5 ; 1.906e-10 ; True ; 1 20 30 112 156 163 329 388 438 484 547 612 634 713 723 765 900  ; 7 1 10 5 14 4 9 6 6 8 7 5 8 4 6 6 7 2 
474.2 ; 1.916e-10 ; True ; 1 20 30 112 156 163 260 329 388 484 537 547 634 713 723 765 900  ; 5 1 10 5 13 4 10 7 6 7 7 6 8 4 6 6 7 2 
475.5 ; 1.932e-10 ; True ; 1 20 30 112 156 163 329 388 438 484 547 612 634 713 723 885 900  ; 8 1 11 4 14 4 10 6 6 7 7 6 7 4 7 6 7 2 
475.7 ; 1.945e-10 ; True ; 1 20 30 112 163 260 329 388 438 455 483 484 547 634 713 723 900  ; 6 1 11 5 12 4 9 6 6 7 7 5 8 5 6 6 7 2 
476.5 ; 2.005e-10 ; True ; 1 20 30 112 163 260 329 388 438 455 484 547 634 713 723 885 900  ; 7 1 12 5 12 4 10 6 6 7 7 5 7 5 6 6 7 2 
476.6 ; 2.03e-10 ; True ; 1 20 30 112 156 163 329 388 438 455 484 547 612 634 713 723 900  ; 7 1 10 5 13 5 9 5 7 7 7 5 7 5 6 6 6 2 
478.6 ; 2.044e-10 ; True ; 1 20 30 112 156 163 260 329 388 438 455 484 547 634 713 723 900  ; 6 1 11 5 12 5 10 6 7 7 8 5 7 5 5 6 6 2 
481 ; 2.163e-10 ; True ; 1 20 30 112 156 163 329 388 438 455 484 547 634 713 723 885 900  ; 7 1 11 5 13 5 10 6 7 7 7 5 6 5 6 6 6 2 
488 ; 2.298e-10 ; True ; 1 20 30 112 156 163 173 388 438 455 484 547 634 713 723 885 900  ; 7 1 11 5 14 5 10 7 6 7 6 6 7 5 6 5 7 2 
491.8 ; 2.315e-10 ; True ; 1 20 30 112 156 163 388 438 455 484 547 612 634 713 723 885 900  ; 7 1 10 5 14 5 9 6 6 7 6 6 7 5 7 5 7 2 
493.7 ; 2.382e-10 ; True ; 1 20 30 112 156 163 260 388 438 455 484 547 634 713 723 885 900  ; 6 1 11 5 13 5 10 7 6 7 7 6 7 5 6 5 7 2 
506.7 ; 2.496e-10 ; True ; 1 20 30 112 156 163 329 388 438 484 547 634 713 723 874 885 900  ; 7 1 11 5 13 5 10 6 6 8 7 5 7 5 6 6 7 2 
512 ; 2.511e-10 ; True ; 1 20 30 112 156 163 260 329 388 484 547 634 713 723 874 885 900  ; 6 1 11 5 12 5 11 6 6 7 7 6 7 5 6 6 7 2 
516.7 ; 2.581e-10 ; True ; 1 20 25 112 163 240 260 329 388 455 484 547 612 634 713 723 885 900  ; 6 1 11 6 13 4 11 6 7 6 6 6 7 5 6 7 7 2 
516.9 ; 2.59e-10 ; True ; 1 20 112 156 163 173 260 329 388 438 484 537 547 612 634 713 723 900  ; 7 1 11 4 14 4 10 8 6 6 7 8 9 4 6 6 8 2 
519.1 ; 2.867e-10 ; True ; 1 20 112 156 163 260 329 388 438 483 484 547 612 634 713 723 765 900  ; 6 1 10 5 14 4 9 8 6 7 7 7 9 4 6 6 8 2 
525.2 ; 2.9e-10 ; True ; 1 20 30 112 163 260 329 388 438 455 484 547 634 688 713 723 885 900  ; 7 1 12 5 13 5 10 6 6 7 7 5 7 6 6 7 7 2 
525.4 ; 3.082e-10 ; True ; 1 20 30 112 156 163 260 329 388 484 537 547 612 634 713 723 765 900  ; 6 1 10 5 14 4 10 7 6 7 7 7 9 4 7 6 8 2 
527.9 ; 3.14e-10 ; True ; 1 20 30 112 163 260 329 388 438 455 483 484 547 612 634 713 723 900  ; 7 1 11 5 13 4 9 6 6 7 7 6 9 5 7 6 8 2 
535.8 ; 3.337e-10 ; True ; 1 20 25 112 156 163 260 329 388 455 484 547 612 634 713 723 885 900  ; 6 1 11 6 13 5 11 7 7 6 6 7 7 5 6 6 7 2 
536.1 ; 3.348e-10 ; True ; 1 20 30 112 163 260 329 388 438 455 484 537 547 634 713 723 885 900  ; 7 1 12 5 13 4 10 7 6 7 7 6 8 5 7 6 8 2 
536.5 ; 3.453e-10 ; True ; 1 20 30 112 156 163 260 329 388 455 484 547 612 634 713 723 765 900  ; 6 1 10 6 13 5 10 6 7 7 7 6 8 5 6 6 7 2 
538.6 ; 3.61e-10 ; True ; 1 20 30 112 156 163 329 388 438 455 484 547 612 634 713 723 885 900  ; 8 1 11 5 14 5 10 6 7 7 7 6 7 5 7 6 7 2 
548.8 ; 3.663e-10 ; True ; 1 20 30 112 156 163 329 388 438 455 547 612 634 713 723 765 885 900  ; 7 1 10 5 14 5 10 7 7 7 7 6 7 5 7 6 7 2 
550.1 ; 3.79e-10 ; True ; 1 20 30 112 156 163 260 388 438 455 484 547 612 634 713 723 885 900  ; 7 1 11 5 14 5 10 7 6 7 7 7 8 5 7 5 8 2 
557.6 ; 3.795e-10 ; True ; 1 20 30 112 156 163 260 388 438 455 483 484 547 634 713 723 885 900  ; 6 1 11 5 14 5 10 8 6 7 7 7 8 5 7 5 8 2 
562.7 ; 3.865e-10 ; True ; 1 20 30 112 156 163 260 388 438 455 484 547 634 713 723 769 885 900  ; 6 1 11 6 13 6 10 7 6 8 7 6 7 6 6 5 7 2 
565.3 ; 3.889e-10 ; True ; 1 20 30 112 156 163 329 388 438 483 484 547 612 634 713 723 874 900  ; 7 1 10 5 14 5 9 6 6 8 7 6 9 5 7 6 8 2 
566.1 ; 4.016e-10 ; True ; 1 20 30 112 156 163 329 388 438 484 547 612 634 713 723 874 885 900  ; 8 1 11 5 14 5 10 6 6 8 7 6 8 5 7 6 8 2 
570.4 ; 4.168e-10 ; True ; 1 20 30 112 156 163 329 388 438 484 537 547 634 713 723 874 885 900  ; 7 1 11 5 14 5 10 7 6 8 7 6 8 5 7 6 8 2 
576.1 ; 4.171e-10 ; True ; 1 20 30 112 156 163 260 329 388 455 484 547 634 713 723 874 885 900  ; 6 1 11 6 12 6 11 6 7 7 7 6 7 6 6 6 7 2 
576.6 ; 4.201e-10 ; True ; 1 20 30 112 156 163 329 388 438 455 547 612 634 713 723 874 885 900  ; 7 1 10 5 13 6 10 6 7 7 7 6 7 6 7 6 7 2 
580.8 ; 4.286e-10 ; True ; 1 20 30 112 156 163 329 388 438 455 537 547 634 713 723 874 885 900  ; 6 1 10 5 13 6 10 7 7 7 7 6 7 6 7 6 7 2 
584.4 ; 4.402e-10 ; True ; 1 20 30 112 156 163 260 388 438 455 484 547 634 713 723 874 885 900  ; 6 1 11 6 13 6 10 7 6 8 7 6 8 6 6 5 8 2 
588.4 ; 4.474e-10 ; True ; 1 20 30 112 156 163 260 329 388 438 484 547 612 634 713 723 769 805 900  ; 8 1 12 5 14 5 10 6 6 9 8 6 9 5 6 6 8 2 
591.2 ; 4.491e-10 ; True ; 1 20 30 112 156 163 260 329 388 438 484 537 547 612 634 723 765 769 900  ; 7 1 11 5 14 4 9 8 6 9 8 7 10 4 6 6 9 2 
592.4 ; 4.576e-10 ; True ; 1 20 30 112 156 163 260 329 388 438 484 537 547 612 634 713 723 885 900  ; 8 1 12 4 15 4 11 8 6 7 8 8 9 4 8 6 9 2 
592.7 ; 4.681e-10 ; True ; 1 20 30 112 156 163 260 329 388 413 455 484 537 547 634 713 723 781 900  ; 6 1 11 6 13 6 11 7 7 7 8 6 8 5 6 6 7 2 
594.9 ; 4.848e-10 ; True ; 1 20 25 110 112 156 163 260 329 388 455 484 547 612 634 713 723 885 900  ; 7 1 12 6 14 6 12 7 7 7 6 7 7 5 6 6 8 2 
597.9 ; 4.92e-10 ; True ; 1 20 30 112 156 163 260 329 388 438 455 484 547 634 636 723 769 885 900  ; 7 1 12 6 13 5 10 7 7 8 9 6 8 5 5 6 8 2 
599.7 ; 5.052e-10 ; True ; 1 20 30 112 156 163 260 329 388 455 484 547 575 612 634 713 723 765 900  ; 7 1 11 6 14 5 11 7 7 7 7 6 8 5 7 6 8 2 
602.3 ; 5.578e-10 ; True ; 1 20 30 112 156 163 260 329 388 438 455 483 484 547 634 713 723 765 900  ; 6 1 11 6 14 5 10 8 7 8 8 6 9 5 6 6 8 2 
603.3 ; 5.787e-10 ; True ; 1 20 30 112 156 163 260 329 388 455 484 547 612 634 713 723 765 885 900  ; 7 1 11 6 14 5 11 7 7 7 7 7 8 5 7 6 8 2 
604.3 ; 5.808e-10 ; True ; 1 20 30 112 156 163 260 329 388 438 455 484 547 634 713 723 765 885 900  ; 7 1 12 6 14 5 11 8 7 8 8 6 8 5 6 6 8 2 
611.3 ; 5.857e-10 ; True ; 1 20 30 112 156 163 329 388 438 455 484 547 612 634 713 723 769 885 900  ; 8 1 11 6 14 6 10 6 7 8 7 6 7 6 7 6 7 2 
619 ; 5.897e-10 ; True ; 1 20 30 112 156 163 260 329 388 438 455 547 612 634 713 723 769 885 900  ; 7 1 11 5 13 6 11 7 7 7 8 7 7 6 7 6 7 2 
629.3 ; 6.221e-10 ; True ; 1 20 30 112 156 163 260 329 388 438 484 547 612 634 713 723 874 885 900  ; 8 1 12 5 14 5 11 7 6 8 8 7 9 5 7 6 9 2 
637 ; 6.513e-10 ; True ; 1 20 30 112 156 163 173 260 329 388 455 484 547 634 713 723 874 885 900  ; 7 1 12 6 13 6 12 7 7 7 7 7 8 6 6 6 8 2 
638.2 ; 6.637e-10 ; True ; 1 20 30 112 156 163 260 329 388 455 484 547 612 634 713 723 874 885 900  ; 7 1 11 6 13 6 11 6 7 7 7 7 8 6 7 6 8 2 
641.6 ; 6.924e-10 ; True ; 1 20 30 112 156 163 329 388 438 455 483 484 547 634 713 723 874 885 900  ; 7 1 11 6 14 6 10 7 7 8 7 6 8 6 7 6 8 2 
653 ; 7.189e-10 ; True ; 1 20 30 112 156 163 260 306 329 388 438 484 537 547 612 634 713 723 765 900  ; 7 1 11 5 15 4 11 8 6 8 8 7 10 4 7 6 9 3 
661.9 ; 8.188e-10 ; True ; 1 20 30 112 156 163 173 306 329 388 438 455 484 537 547 612 634 713 723 900  ; 8 1 11 5 15 5 11 7 7 7 7 7 9 5 7 6 8 3 
669.2 ; 8.353e-10 ; True ; 1 20 30 112 156 163 260 329 388 438 484 537 547 612 634 713 723 769 885 900  ; 8 1 12 5 15 5 11 8 6 8 8 8 9 5 8 6 9 2 
673.1 ; 8.367e-10 ; True ; 1 20 30 112 156 163 260 329 388 438 455 484 547 612 634 723 765 769 885 900  ; 8 1 12 6 14 5 10 8 7 9 8 7 9 5 6 6 9 2 
675.7 ; 8.448e-10 ; True ; 1 20 30 112 156 163 260 329 388 455 483 484 547 612 634 723 765 769 885 900  ; 7 1 11 6 14 5 10 8 7 8 7 8 9 5 7 6 9 2 
675.8 ; 8.461e-10 ; True ; 1 20 30 112 156 163 306 329 388 438 484 537 547 612 634 713 723 769 885 900  ; 8 1 11 5 15 5 11 7 6 8 7 7 8 5 8 6 8 3 
676.5 ; 9.32e-10 ; True ; 1 20 30 112 156 163 260 329 388 438 455 484 547 612 634 713 723 769 885 900  ; 8 1 12 6 14 6 11 7 7 8 8 7 8 6 7 6 8 2 
703.5 ; 9.408e-10 ; True ; 1 20 30 112 156 260 306 329 388 438 483 484 537 547 612 634 713 723 765 769 900  ; 6 1 10 6 15 5 10 8 6 9 8 8 10 5 8 6 9 2 
710.2 ; 9.459e-10 ; True ; 1 20 30 112 156 163 173 329 388 438 455 484 537 547 634 713 723 769 874 900  ; 7 1 11 7 14 7 10 7 7 9 7 6 9 7 6 6 8 2 
710.7 ; 9.523e-10 ; True ; 1 20 30 112 156 163 306 329 388 438 455 484 547 612 634 723 769 874 885 900  ; 8 1 11 6 13 6 10 6 7 9 7 6 8 6 6 6 8 3 
712.1 ; 9.656e-10 ; True ; 1 20 30 112 156 163 306 329 388 438 455 484 547 634 713 723 765 874 885 900  ; 7 1 11 7 14 6 11 7 7 9 7 5 8 6 6 6 8 3 
715.4 ; 9.886e-10 ; True ; 1 20 30 112 156 163 260 329 388 455 483 484 537 547 634 723 769 874 885 900  ; 6 1 11 6 13 6 10 8 7 8 7 8 9 6 7 6 9 2 
718.3 ; 1.019e-09 ; True ; 1 20 30 112 156 163 260 306 329 388 455 483 484 547 634 713 723 874 885 900  ; 6 1 11 6 13 6 12 7 7 7 7 7 8 6 7 6 8 3 
725.9 ; 1.162e-09 ; True ; 1 20 30 112 156 163 260 329 388 438 455 484 537 547 612 634 713 723 769 805 900  ; 8 1 12 6 15 6 10 7 7 9 8 7 10 6 7 6 9 2 
733.8 ; 1.218e-09 ; True ; 1 20 30 112 156 163 260 306 329 388 438 483 484 537 547 612 634 713 723 769 900  ; 7 1 11 5 15 5 11 8 6 8 8 8 10 5 8 6 9 3 
742.2 ; 1.248e-09 ; True ; 1 20 30 112 156 163 260 268 329 388 438 455 484 547 612 634 713 723 769 885 900  ; 8 1 12 6 15 7 12 7 8 8 8 7 8 6 8 6 8 2 
742.3 ; 1.337e-09 ; True ; 1 20 30 112 156 163 260 306 329 388 438 455 484 537 547 634 713 723 765 885 900  ; 7 1 12 6 15 5 12 9 7 8 8 7 9 5 7 6 9 3 
742.8 ; 1.373e-09 ; True ; 1 20 30 112 156 163 260 306 329 388 438 455 484 537 547 612 634 713 723 769 900  ; 7 1 11 6 14 6 11 7 7 8 8 7 9 6 7 6 8 3 
781.2 ; 1.515e-09 ; True ; 1 20 30 112 156 163 260 306 329 388 455 484 537 547 612 634 713 723 874 885 900  ; 7 1 11 6 14 6 12 7 7 7 7 8 9 6 8 6 9 3 
805.5 ; 1.529e-09 ; True ; 1 20 30 112 156 163 260 306 329 388 438 455 483 484 547 634 713 723 769 874 885  ; 7 1 12 6 14 6 12 8 7 8 8 7 9 7 7 5 9 3 
815.1 ; 1.622e-09 ; True ; 1 20 30 112 156 163 260 306 329 388 438 455 484 547 612 634 713 723 817 839 885 900  ; 8 1 12 6 16 7 12 8 7 8 8 7 8 6 7 6 8 3 
816.2 ; 1.939e-09 ; True ; 1 20 30 112 156 163 173 306 329 388 438 455 484 537 547 612 634 713 723 765 769 900  ; 8 1 11 7 16 6 11 8 7 9 7 7 10 6 7 6 9 3 
839.3 ; 1.97e-09 ; True ; 1 20 30 112 156 163 306 329 388 438 484 537 547 612 634 713 723 765 769 817 885 900  ; 8 1 11 7 17 6 11 8 6 10 7 7 9 6 8 6 9 3 
839.3 ; 2.021e-09 ; True ; 1 20 30 112 156 163 260 306 329 388 438 455 484 537 547 612 634 723 769 817 885 900  ; 8 1 12 6 15 6 11 8 7 9 8 8 9 6 7 6 9 3 
855.5 ; 2.055e-09 ; True ; 1 20 30 112 156 163 173 260 306 329 388 438 455 537 547 612 634 713 723 874 885 900  ; 8 1 12 5 15 6 13 9 7 7 8 9 10 6 8 6 10 3 
856.7 ; 2.057e-09 ; True ; 1 20 30 112 156 163 260 306 329 388 438 455 484 547 612 634 713 723 780 817 885 900  ; 8 1 12 6 16 6 12 7 7 8 9 7 8 7 8 7 8 3 
863.3 ; 2.1e-09 ; True ; 1 20 30 112 156 163 260 306 329 388 438 455 483 537 547 612 634 713 723 874 885 900  ; 7 1 11 5 15 6 12 9 7 7 8 9 10 6 9 6 10 3 
864.9 ; 2.114e-09 ; True ; 1 20 30 112 156 163 260 329 388 438 484 537 547 592 612 634 713 723 769 874 885 900  ; 8 1 12 7 15 7 11 8 6 10 8 8 10 7 8 6 10 2 
865.6 ; 2.243e-09 ; True ; 1 20 25 30 112 156 163 260 329 388 438 455 483 484 547 634 684 713 723 874 885 900  ; 7 1 13 7 15 6 12 9 7 9 9 7 10 7 8 7 10 2 
877.6 ; 2.324e-09 ; True ; 1 20 30 112 156 163 260 306 329 388 438 455 484 537 547 634 713 723 780 874 885 900  ; 7 1 12 6 15 6 12 8 7 8 9 7 9 7 8 7 9 3 
904.8 ; 2.549e-09 ; True ; 1 20 30 112 156 163 259 260 306 329 388 438 455 537 547 612 634 713 723 765 769 885 900  ; 8 1 12 6 16 6 13 9 7 8 8 9 9 6 8 6 10 3 
919.3 ; 2.602e-09 ; True ; 1 20 25 112 156 163 306 329 388 455 484 537 547 612 634 636 713 723 769 781 874 885 900  ; 7 1 11 9 16 7 12 8 7 8 7 7 10 7 7 6 10 3 
922.8 ; 3e-09 ; True ; 1 20 30 112 156 163 173 260 306 329 388 438 455 484 537 547 612 634 713 723 874 885 900  ; 9 1 13 6 16 6 13 9 7 8 8 9 11 6 8 6 11 3 
959.4 ; 3.118e-09 ; True ; 1 20 30 112 156 163 306 329 388 438 483 484 537 547 612 634 713 723 769 780 874 885 900  ; 8 1 11 6 17 6 11 8 6 9 8 8 10 7 10 7 10 3 
972.6 ; 3.188e-09 ; True ; 1 20 30 112 156 163 260 306 329 388 438 455 484 537 547 612 634 713 723 769 780 874 885  ; 8 1 12 6 16 6 12 8 7 8 9 8 10 8 9 6 10 3 
995.3 ; 3.906e-09 ; True ; 1 20 30 112 113 156 163 260 306 329 388 438 455 484 537 547 612 634 713 723 769 817 885 900  ; 8 1 13 7 17 7 12 8 7 10 9 8 10 7 8 6 10 3 
1048 ; 3.963e-09 ; True ; 1 20 30 112 156 163 260 306 329 388 455 483 484 537 547 575 634 694 713 723 769 874 885 900  ; 7 1 12 8 15 8 13 9 7 8 7 8 9 7 9 7 10 3 
1050 ; 4.128e-09 ; True ; 1 20 30 112 156 163 260 306 329 388 455 484 537 547 612 634 694 713 723 769 867 874 885 900  ; 8 1 12 8 15 8 13 7 7 8 8 8 9 8 8 8 9 3 
1074 ; 4.588e-09 ; True ; 1 20 30 112 156 163 259 260 267 306 329 388 438 484 537 547 612 634 713 723 765 769 817 885 900  ; 9 1 13 7 18 7 13 9 7 10 8 9 10 7 8 6 11 3 
1103 ; 4.59e-09 ; True ; 1 20 30 45 112 156 163 173 260 306 329 388 438 455 483 537 547 612 634 713 723 765 874 885 900  ; 9 1 13 6 18 6 13 11 7 9 8 10 13 6 9 6 12 3 
1110 ; 4.833e-09 ; True ; 1 20 30 112 156 163 173 260 329 388 438 483 484 537 547 612 634 713 723 765 769 780 874 885 900  ; 9 1 13 7 19 6 12 11 6 10 9 10 13 7 10 7 13 2 
1121 ; 5.792e-09 ; True ; 1 20 30 112 156 163 260 306 329 388 438 483 484 537 547 612 634 713 723 765 769 780 874 885 900  ; 8 1 12 7 18 6 12 10 6 10 9 9 12 7 10 7 12 3 
1166 ; 6.171e-09 ; True ; 1 20 30 112 156 163 260 306 329 388 438 455 484 537 547 612 634 713 723 750 769 780 874 885 900  ; 8 1 13 7 16 7 13 8 8 9 10 8 10 8 9 8 10 3 
1202 ; 6.271e-09 ; True ; 1 20 30 112 156 163 173 260 306 329 388 438 455 484 537 540 547 612 634 713 723 769 780 874 885 900  ; 9 1 13 7 18 7 13 9 7 9 9 9 11 8 9 7 11 3 
1219 ; 6.457e-09 ; True ; 1 20 30 112 156 163 260 306 329 388 455 483 484 537 547 612 634 694 723 741 765 769 867 874 885 900  ; 8 1 12 8 17 8 12 9 7 9 8 9 11 7 8 9 11 3 
1225 ; 6.624e-09 ; True ; 1 20 30 112 156 163 173 306 329 388 438 455 484 513 547 612 634 691 713 723 765 769 780 874 885 900  ; 10 1 13 8 18 7 12 9 8 10 8 7 10 9 9 7 11 3 
1238 ; 6.729e-09 ; True ; 1 20 30 112 156 163 173 306 329 388 455 484 537 547 575 634 691 713 723 765 769 780 867 874 885 900  ; 10 1 14 8 19 7 14 10 7 9 8 7 9 9 10 8 11 3 
1331 ; 6.87e-09 ; True ; 1 20 30 112 163 240 260 306 329 359 388 438 455 484 500 537 547 612 634 683 713 723 769 786 817 874 900  ; 7 1 13 9 18 8 13 7 8 11 10 7 10 10 7 9 9 3 
1377 ; 6.877e-09 ; True ; 1 20 30 112 156 163 173 306 329 388 455 483 484 537 547 575 612 694 701 713 723 769 780 850 867 885 900  ; 11 1 13 7 18 9 14 9 8 7 7 8 9 9 11 9 10 3 
1435 ; 8.236e-09 ; True ; 1 20 30 112 163 240 256 260 306 329 388 438 455 484 500 537 547 575 634 683 694 713 723 786 817 874 885 900  ; 8 1 15 8 19 7 15 9 8 10 10 7 9 9 8 11 11 3 
1491 ; 9.223e-09 ; True ; 1 20 30 112 156 163 260 272 306 388 455 483 484 500 547 612 634 694 713 723 761 769 780 850 874 885 900  ; 7 1 11 8 17 10 13 8 9 8 9 9 9 10 11 8 9 3 
1539 ; 9.28e-09 ; True ; 1 20 30 112 163 240 256 260 306 329 388 438 455 484 500 537 547 575 634 683 694 712 713 723 786 817 874 885 900  ; 8 1 16 8 20 7 15 9 8 10 10 7 10 9 8 12 12 3 
1601 ; 1.045e-08 ; True ; 1 20 30 112 156 163 260 272 306 353 388 455 483 484 500 547 612 634 694 713 723 761 769 780 850 874 885 900  ; 8 1 12 8 18 10 13 9 9 8 9 9 9 10 11 8 9 3 
1734 ; 1.247e-08 ; True ; 1 20 30 156 163 260 272 287 306 353 388 438 455 483 484 500 547 612 634 694 713 723 765 780 786 850 874 885 900  ; 9 1 12 8 20 9 14 11 8 9 10 9 11 8 11 8 11 3  


RUN 7:
Optimum Distance: 26.48
Optimal Team: 163,388,455,634,
Required Skills: 0 1 2 4 5 7 9 10 11 12 14 15 16 18 22 23 24 26 
Distance; Skill Score; isValid; Team; Skill Counts
33.49 ; 2.839e-18 ; True ; 69 163 388 592 723  ; 2 1 3 1 2 1 2 1 1 2 2 1 1 3 1 2 1 1 
34.45 ; 4.896e-18 ; True ; 1 163 388 688 723  ; 2 1 4 1 4 1 2 1 1 2 1 1 2 2 1 2 2 1 
34.51 ; 7.153e-18 ; True ; 1 163 388 723 900  ; 2 1 4 2 3 1 2 1 1 3 1 1 2 1 1 2 2 1 
34.54 ; 8.162e-18 ; True ; 163 173 388 723 900  ; 3 1 4 1 3 1 3 2 1 2 1 1 2 1 1 2 2 1 
35.44 ; 8.535e-18 ; True ; 163 388 592 723 885  ; 3 1 4 1 3 1 3 2 1 2 1 1 1 2 2 1 2 1 
36.18 ; 1.343e-17 ; True ; 163 388 547 592 885  ; 2 1 3 1 3 1 3 3 1 2 1 1 2 2 2 1 2 1 
38.36 ; 1.357e-17 ; True ; 163 388 547 885 900  ; 2 1 3 1 3 1 3 3 1 2 1 1 2 1 2 2 2 1 
38.5 ; 1.396e-17 ; True ; 42 163 388 723 874  ; 2 1 3 1 3 2 2 1 1 2 2 1 2 2 2 1 2 1 
39.43 ; 1.547e-17 ; True ; 163 173 388 723 874  ; 3 1 4 1 3 1 3 2 1 2 1 1 3 2 1 1 3 1 
39.51 ; 2.875e-17 ; True ; 1 112 163 388 723  ; 2 1 5 1 4 1 2 2 2 3 1 1 2 2 1 2 2 1 
41.03 ; 3.072e-17 ; True ; 163 388 500 723 874  ; 2 1 4 1 3 1 3 2 2 2 2 1 2 3 1 1 2 1 
46.27 ; 7.35e-17 ; True ; 1 163 329 388 723 900  ; 3 1 5 2 3 1 3 1 2 3 2 1 2 1 1 3 2 1 
47.46 ; 7.707e-17 ; True ; 1 20 388 438 723 900  ; 2 1 5 2 4 1 2 1 2 4 2 2 2 1 1 2 2 1 
47.73 ; 9.123e-17 ; True ; 127 163 173 388 723 900  ; 3 1 5 1 4 1 3 3 2 2 2 1 2 2 1 2 2 1 
49.23 ; 9.888e-17 ; True ; 20 173 388 438 723 900  ; 3 1 5 1 4 1 3 2 2 3 2 2 2 1 1 2 2 1 
49.29 ; 1.014e-16 ; True ; 1 163 173 388 723 900  ; 3 1 5 2 4 1 3 2 1 3 1 2 3 1 1 2 3 1 
49.68 ; 1.064e-16 ; True ; 1 127 163 388 723 900  ; 2 1 5 2 4 1 2 2 2 3 2 1 2 2 1 2 2 1 
50.86 ; 1.995e-16 ; True ; 30 163 388 547 592 885  ; 3 1 4 1 4 1 4 3 1 3 2 1 3 2 3 1 3 1 
54.05 ; 2.016e-16 ; True ; 30 163 388 547 885 900  ; 3 1 4 1 4 1 4 3 1 3 2 1 3 1 3 2 3 1 
54.12 ; 2.137e-16 ; True ; 1 112 163 329 388 723  ; 3 1 6 1 4 1 3 2 3 3 2 1 2 2 1 3 2 1 
54.23 ; 4.632e-16 ; True ; 1 163 388 547 723 900  ; 2 1 4 2 4 1 3 2 2 3 2 1 3 2 2 3 2 1 
58.06 ; 4.748e-16 ; True ; 1 42 163 388 547 723  ; 2 1 4 1 5 1 3 2 2 2 3 2 3 2 3 2 2 1 
58.23 ; 5.413e-16 ; True ; 1 163 388 547 713 723  ; 2 1 4 2 5 1 4 2 2 2 2 1 3 3 3 2 2 1 
61.05 ; 5.827e-16 ; True ; 1 30 112 163 388 547  ; 2 1 5 1 5 1 3 3 2 4 2 1 4 2 2 2 3 1 
61.19 ; 7.734e-16 ; True ; 1 112 163 388 547 723  ; 2 1 5 1 5 1 3 3 3 3 2 1 3 3 2 3 2 1 
63.13 ; 7.747e-16 ; True ; 1 20 173 388 438 723 900  ; 3 1 6 2 5 1 3 2 2 4 2 3 3 1 1 2 3 1 
63.15 ; 7.826e-16 ; True ; 1 163 388 547 723 874  ; 2 1 4 2 4 1 3 2 2 3 2 1 4 3 2 2 3 1 
63.98 ; 8.052e-16 ; True ; 1 163 173 329 388 723 900  ; 4 1 6 2 4 1 4 2 2 3 2 2 3 1 1 3 3 1 
64.83 ; 1.072e-15 ; True ; 1 127 163 173 388 723 900  ; 3 1 6 2 5 1 3 3 2 3 2 2 3 2 1 2 3 1 
67.1 ; 1.348e-15 ; True ; 1 20 173 388 438 713 723  ; 3 1 6 2 6 1 4 2 2 3 2 3 3 2 2 1 3 1 
68.92 ; 1.706e-15 ; True ; 1 163 388 438 634 713 723  ; 3 1 5 2 6 1 4 2 1 3 3 2 3 2 3 2 3 1 
68.96 ; 2.143e-15 ; True ; 1 163 329 388 547 723 900  ; 3 1 5 2 4 1 4 2 3 3 3 1 3 2 2 4 2 1 
71.06 ; 2.758e-15 ; True ; 1 20 388 438 547 723 900  ; 2 1 5 2 5 1 3 2 3 4 3 2 3 2 2 3 2 1 
72.93 ; 3.122e-15 ; True ; 1 163 388 438 547 723 900  ; 3 1 5 2 5 1 3 3 2 4 3 1 4 2 2 3 3 1 
73.79 ; 3.873e-15 ; True ; 1 163 173 388 547 723 900  ; 3 1 5 2 5 1 4 3 2 3 2 2 4 2 2 3 3 1 
75.85 ; 4.584e-15 ; True ; 1 163 388 547 723 885 900  ; 3 1 5 2 5 1 4 3 2 3 2 2 3 2 3 3 3 1 
79.43 ; 5.529e-15 ; True ; 1 156 163 388 547 723 900  ; 2 1 4 2 5 2 4 3 3 3 3 2 3 2 2 3 2 1 
81.41 ; 5.622e-15 ; True ; 1 156 163 388 484 547 723  ; 3 1 5 2 6 1 4 3 3 3 3 2 4 2 2 2 3 1 
83.27 ; 5.805e-15 ; True ; 1 30 156 163 388 547 723  ; 3 1 5 1 6 1 5 3 3 3 4 2 4 2 3 2 3 1 
83.77 ; 6.046e-15 ; True ; 1 30 112 163 388 547 723  ; 3 1 6 1 6 1 4 3 3 4 3 1 4 3 3 3 3 1 
83.78 ; 7.6e-15 ; True ; 1 20 173 388 438 634 713 723  ; 3 1 6 2 7 1 5 2 2 3 3 4 3 2 3 2 3 1 
86.56 ; 7.702e-15 ; True ; 1 163 173 388 438 634 713 723  ; 4 1 6 2 7 1 5 3 1 3 3 3 4 2 3 2 4 1 
86.87 ; 9.735e-15 ; True ; 1 20 329 388 438 547 723 900  ; 3 1 6 2 5 1 4 2 4 4 4 2 3 2 2 4 2 1 
90.36 ; 1.01e-14 ; True ; 1 110 163 329 388 547 723 900  ; 4 1 6 2 5 2 5 2 3 4 3 1 3 2 2 4 3 1 
90.51 ; 1.02e-14 ; True ; 1 163 329 388 547 634 723 900  ; 3 1 5 2 5 1 5 2 3 3 4 2 3 2 3 5 2 1 
90.58 ; 1.106e-14 ; True ; 1 163 329 388 438 547 723 900  ; 4 1 6 2 5 1 4 3 3 4 4 1 4 2 2 4 3 1 
91.43 ; 1.433e-14 ; True ; 1 20 110 388 438 547 723 900  ; 3 1 6 2 6 2 4 2 3 5 3 2 3 2 2 3 3 1 
91.44 ; 1.46e-14 ; True ; 1 163 173 329 388 547 723 900  ; 4 1 6 2 5 1 5 3 3 3 3 2 4 2 2 4 3 1 
91.51 ; 1.657e-14 ; True ; 1 20 173 388 438 547 723 900  ; 3 1 6 2 6 1 4 3 3 4 3 3 4 2 2 3 3 1 
93.36 ; 1.665e-14 ; True ; 1 163 173 388 438 547 723 900  ; 4 1 6 2 6 1 4 4 2 4 3 2 5 2 2 3 4 1 
94.48 ; 1.729e-14 ; True ; 1 163 329 388 547 723 885 900  ; 4 1 6 2 5 1 5 3 3 3 3 2 3 2 3 4 3 1 
95.28 ; 1.941e-14 ; True ; 1 20 156 388 438 547 723 900  ; 2 1 5 2 6 2 4 3 4 4 4 3 3 2 2 3 2 1 
95.7 ; 1.961e-14 ; True ; 1 20 388 438 547 723 885 900  ; 3 1 6 2 6 1 4 3 3 4 3 3 3 2 3 3 3 1 
96.48 ; 2.043e-14 ; True ; 1 20 173 388 438 547 713 723  ; 3 1 6 2 7 1 5 3 3 3 3 3 4 3 3 2 3 1 
97.35 ; 2.053e-14 ; True ; 1 163 173 388 438 547 713 723  ; 4 1 6 2 7 1 5 4 2 3 3 2 5 3 3 2 4 1 
97.52 ; 2.097e-14 ; True ; 1 163 388 438 547 723 885 900  ; 4 1 6 2 6 1 4 4 2 4 3 2 4 2 3 3 4 1 
98.21 ; 2.226e-14 ; True ; 1 20 30 156 388 547 723 900  ; 2 1 5 2 6 2 5 2 4 4 4 3 3 2 3 3 2 1 
98.37 ; 2.4e-14 ; True ; 1 30 163 388 547 723 885 900  ; 4 1 6 2 6 1 5 3 2 4 3 2 4 2 4 3 4 1 
101.9 ; 2.745e-14 ; True ; 1 156 163 388 484 547 723 900  ; 3 1 5 3 6 2 4 3 3 4 3 2 4 2 2 3 3 1 
102 ; 2.935e-14 ; True ; 1 156 163 388 438 547 723 900  ; 3 1 5 2 6 2 4 4 3 4 4 2 4 2 2 3 3 1 
103.3 ; 2.944e-14 ; True ; 1 112 163 388 484 547 634 723  ; 3 1 6 2 7 1 4 3 3 4 3 2 4 3 3 4 3 1 
103.5 ; 3.195e-14 ; True ; 1 112 163 173 388 547 723 900  ; 3 1 6 2 6 2 4 4 3 4 2 2 4 3 2 4 3 1 
104.5 ; 3.669e-14 ; True ; 1 42 112 163 388 484 547 723  ; 3 1 6 2 7 2 3 3 3 4 3 2 4 3 3 3 3 1 
104.9 ; 3.779e-14 ; True ; 1 30 156 163 388 547 723 900  ; 3 1 5 2 6 2 5 3 3 4 4 2 4 2 3 3 3 1 
106.5 ; 3.782e-14 ; True ; 1 112 163 388 547 723 885 900  ; 3 1 6 2 6 2 4 4 3 4 2 2 3 3 3 4 3 1 
107 ; 3.792e-14 ; True ; 1 20 127 173 388 438 713 723 900  ; 3 1 7 3 7 2 4 3 3 4 3 3 3 3 2 2 3 1 
109.1 ; 4.173e-14 ; True ; 1 20 110 329 388 438 547 723 900  ; 4 1 7 2 6 2 5 2 4 5 4 2 3 2 2 4 3 1 
110 ; 4.27e-14 ; True ; 1 20 110 173 329 388 547 723 900  ; 4 1 7 2 6 2 6 2 4 4 3 3 3 2 2 4 3 1 
110.2 ; 4.825e-14 ; True ; 1 20 173 329 388 438 547 723 900  ; 4 1 7 2 6 1 5 3 4 4 4 3 4 2 2 4 3 1 
112.8 ; 5.07e-14 ; True ; 1 20 156 329 388 484 547 723 900  ; 3 1 6 3 6 2 5 2 5 4 4 3 3 2 2 4 2 1 
113.1 ; 5.554e-14 ; True ; 1 20 173 388 438 547 634 723 900  ; 3 1 6 2 7 1 5 3 3 4 4 4 4 2 3 4 3 1 
113.8 ; 6.314e-14 ; True ; 1 20 110 173 388 438 547 723 900  ; 4 1 7 2 7 2 5 3 3 5 3 3 4 2 2 3 4 1 
117 ; 7.027e-14 ; True ; 1 163 173 268 388 438 547 723 900  ; 4 1 6 2 7 2 5 4 3 4 3 2 5 2 3 3 4 1 
119 ; 7.452e-14 ; True ; 1 20 30 173 388 438 547 723 900  ; 4 1 7 2 7 1 5 3 3 5 4 3 5 2 3 3 4 1 
119.2 ; 9.977e-14 ; True ; 1 20 173 388 438 547 713 723 900  ; 3 1 6 3 7 2 5 3 3 4 3 3 4 3 3 3 3 1 
122 ; 1.003e-13 ; True ; 1 163 173 388 438 547 713 723 900  ; 4 1 6 3 7 2 5 4 2 4 3 2 5 3 3 3 4 1 
123.7 ; 1.123e-13 ; True ; 1 20 30 156 388 438 547 723 900  ; 3 1 6 2 7 2 5 3 4 5 5 3 4 2 3 3 3 1 
124.8 ; 1.146e-13 ; True ; 1 20 30 156 388 547 723 885 900  ; 3 1 6 2 7 2 6 3 4 4 4 4 3 2 4 3 3 1 
127.2 ; 1.178e-13 ; True ; 1 20 173 329 388 438 634 713 723 900  ; 4 1 7 3 7 2 6 2 3 4 4 4 3 2 3 4 3 1 
128 ; 1.179e-13 ; True ; 1 112 163 173 388 438 547 723 900  ; 4 1 7 2 7 2 4 5 3 5 3 2 5 3 2 4 4 1 
128.1 ; 1.204e-13 ; True ; 1 112 163 388 438 547 634 723 900  ; 3 1 6 2 7 2 4 4 3 5 4 2 4 3 3 5 3 1 
128.9 ; 1.225e-13 ; True ; 1 112 163 260 388 484 547 723 900  ; 3 1 7 3 6 2 4 4 3 5 3 2 5 3 2 4 4 1 
129 ; 1.271e-13 ; True ; 1 112 163 173 388 547 634 723 900  ; 3 1 6 2 7 2 5 4 3 4 3 3 4 3 3 5 3 1 
129 ; 1.428e-13 ; True ; 1 20 127 173 388 438 634 713 723 900  ; 3 1 7 3 8 2 5 3 3 4 4 4 3 3 3 3 3 1 
131.1 ; 1.429e-13 ; True ; 1 20 30 112 173 388 547 723 900  ; 3 1 7 2 7 2 5 3 4 5 3 3 4 3 3 4 3 1 
131.4 ; 1.55e-13 ; True ; 1 30 156 163 388 547 723 885 900  ; 4 1 6 2 7 2 6 4 3 4 4 3 4 2 4 3 4 1 
132.9 ; 1.615e-13 ; True ; 1 30 112 163 173 388 547 723 900  ; 4 1 7 2 7 2 5 4 3 5 3 2 5 3 3 4 4 1 
133.4 ; 1.718e-13 ; True ; 1 127 163 173 388 438 634 713 723 900  ; 4 1 7 3 8 2 5 4 2 4 4 3 4 3 3 3 4 1 
133.9 ; 1.809e-13 ; True ; 1 30 112 163 388 547 723 885 900  ; 4 1 7 2 7 2 5 4 3 5 3 2 4 3 4 4 4 1 
138.3 ; 2.05e-13 ; True ; 1 20 110 173 388 438 547 634 723 900  ; 4 1 7 2 8 2 6 3 3 5 4 4 4 2 3 4 4 1 
140.9 ; 2.816e-13 ; True ; 1 20 173 329 388 438 547 713 723 900  ; 4 1 7 3 7 2 6 3 4 4 4 3 4 3 3 4 3 1 
142.8 ; 2.88e-13 ; True ; 1 20 173 388 438 547 634 713 723 900  ; 3 1 6 3 8 2 6 3 3 4 4 4 4 3 4 4 3 1 
145.6 ; 2.996e-13 ; True ; 1 163 173 329 388 438 547 713 723 900  ; 5 1 7 3 7 2 6 4 3 4 4 2 5 3 3 4 4 1 
147.6 ; 3.255e-13 ; True ; 1 163 173 388 438 547 634 713 723 900  ; 4 1 6 3 8 2 6 4 2 4 4 3 5 3 4 4 4 1 
149.6 ; 3.311e-13 ; True ; 1 20 173 260 388 438 547 713 723 900  ; 3 1 7 3 7 2 6 4 3 4 4 4 5 3 3 3 4 1 
150.5 ; 3.426e-13 ; True ; 1 163 173 388 438 455 547 634 723 900  ; 4 1 6 3 7 2 5 4 3 4 4 3 5 3 3 4 4 1 
150.6 ; 3.864e-13 ; True ; 1 20 30 173 388 438 547 713 723 900  ; 4 1 7 3 8 2 6 3 3 5 4 3 5 3 4 3 4 1 
153.3 ; 3.994e-13 ; True ; 1 20 30 156 388 438 547 723 885 900  ; 4 1 7 2 8 2 6 4 4 5 5 4 4 2 4 3 4 1 
153.8 ; 4.058e-13 ; True ; 1 20 30 388 438 547 713 723 885 900  ; 4 1 7 3 8 2 6 3 3 5 4 3 4 3 5 3 4 1 
155.5 ; 4.167e-13 ; True ; 1 112 163 173 388 438 547 634 723 900  ; 4 1 7 2 8 2 5 5 3 5 4 3 5 3 3 5 4 1 
156.3 ; 4.382e-13 ; True ; 1 20 30 156 388 438 547 713 723 900  ; 3 1 6 3 8 3 6 3 4 5 5 3 4 3 4 3 3 1 
158.5 ; 4.392e-13 ; True ; 1 20 163 388 438 547 634 713 723 900  ; 3 1 6 3 8 2 6 3 3 4 4 3 4 3 4 4 3 2 
158.5 ; 4.713e-13 ; True ; 1 20 30 112 173 388 438 547 723 900  ; 4 1 8 2 8 2 5 4 4 6 4 3 5 3 3 4 4 1 
159.3 ; 4.831e-13 ; True ; 1 20 163 173 388 438 547 713 723 900  ; 4 1 7 3 8 2 6 4 3 4 3 3 5 3 3 3 4 2 
160.5 ; 5.028e-13 ; True ; 1 112 163 173 388 438 547 634 713 723  ; 4 1 7 2 9 2 6 5 3 4 4 3 5 4 4 4 4 1 
161.7 ; 5.278e-13 ; True ; 1 20 30 112 388 438 547 723 885 900  ; 4 1 8 2 8 2 5 4 4 6 4 3 4 3 4 4 4 1 
164.3 ; 5.282e-13 ; True ; 1 30 112 163 173 388 547 723 885 900  ; 5 1 8 2 8 2 6 5 3 5 3 3 5 3 4 4 5 1 
164.5 ; 5.41e-13 ; True ; 1 20 163 388 438 547 713 723 885 900  ; 4 1 7 3 8 2 6 4 3 4 3 3 4 3 4 3 4 2 
164.7 ; 5.439e-13 ; True ; 1 20 30 156 163 388 438 547 723 900  ; 4 1 7 2 8 2 6 4 4 5 5 3 5 2 3 3 4 2 
165.5 ; 5.556e-13 ; True ; 1 20 30 112 173 388 438 547 713 723  ; 4 1 8 2 9 2 6 4 4 5 4 3 5 4 4 3 4 1 
165.7 ; 5.791e-13 ; True ; 1 20 30 156 163 388 547 723 885 900  ; 4 1 7 2 8 2 7 4 4 4 4 4 4 2 4 3 4 2 
165.9 ; 5.838e-13 ; True ; 1 20 156 163 388 438 547 713 723 900  ; 3 1 6 3 8 3 6 4 4 4 4 3 4 3 3 3 3 2 
166.5 ; 7.024e-13 ; True ; 1 20 173 329 388 438 547 634 713 723 900  ; 4 1 7 3 8 2 7 3 4 4 5 4 4 3 4 5 3 1 
170.1 ; 7.33e-13 ; True ; 1 20 127 173 388 438 547 634 713 723 900  ; 3 1 7 3 9 2 6 4 4 4 5 4 4 4 4 4 3 1 
170.2 ; 7.569e-13 ; True ; 1 20 173 329 388 438 484 547 713 723 900  ; 5 1 8 4 8 2 6 3 4 5 4 3 5 3 3 4 4 1 
171.9 ; 7.844e-13 ; True ; 1 20 110 173 388 438 547 634 713 723 900  ; 4 1 7 3 9 3 7 3 3 5 4 4 4 3 4 4 4 1 
173 ; 7.887e-13 ; True ; 1 20 260 329 388 438 484 547 713 723 900  ; 4 1 8 4 7 2 6 3 4 5 5 3 5 3 3 4 4 1 
173 ; 8.358e-13 ; True ; 1 20 173 388 438 484 547 634 713 723 900  ; 4 1 7 4 9 2 6 3 3 5 4 4 5 3 4 4 4 1 
173.1 ; 8.404e-13 ; True ; 1 163 173 329 388 438 547 634 713 723 900  ; 5 1 7 3 8 2 7 4 3 4 5 3 5 3 4 5 4 1 
174.1 ; 8.463e-13 ; True ; 1 20 173 260 329 388 438 547 713 723 900  ; 4 1 8 3 7 2 7 4 4 4 5 4 5 3 3 4 4 1 
174.5 ; 8.753e-13 ; True ; 1 127 163 173 388 438 547 634 713 723 900  ; 4 1 7 3 9 2 6 5 3 4 5 3 5 4 4 4 4 1 
175.9 ; 9.331e-13 ; True ; 1 20 156 173 329 388 438 547 713 723 900  ; 4 1 7 3 8 3 7 4 5 4 5 4 4 3 3 4 3 1 
177.1 ; 9.627e-13 ; True ; 1 20 30 173 388 438 547 634 713 723 900  ; 4 1 7 3 9 2 7 3 3 5 5 4 5 3 5 4 4 1 
178.9 ; 9.672e-13 ; True ; 1 20 30 127 173 388 438 547 713 723 900  ; 4 1 8 3 9 2 6 4 4 5 5 3 5 4 4 3 4 1 
179.2 ; 9.796e-13 ; True ; 1 20 30 173 388 438 455 547 634 723 900  ; 4 1 7 3 8 2 6 3 4 5 5 4 5 3 4 4 4 1 
180.4 ; 1.015e-12 ; True ; 1 20 156 173 388 438 484 547 634 713 723  ; 4 1 7 3 10 2 7 4 4 4 5 5 5 3 4 3 4 1 
181.9 ; 1.026e-12 ; True ; 1 20 30 156 329 388 438 547 713 723 900  ; 4 1 7 3 8 3 7 3 5 5 6 3 4 3 4 4 3 1 
182 ; 1.076e-12 ; True ; 1 20 112 173 388 438 484 547 634 723 900  ; 4 1 8 3 9 2 5 4 4 6 4 4 5 3 3 5 4 1 
182.5 ; 1.111e-12 ; True ; 1 20 156 173 388 438 484 547 713 723 900  ; 4 1 7 4 9 3 6 4 4 5 4 4 5 3 3 3 4 1 
184.2 ; 1.119e-12 ; True ; 1 20 30 173 388 438 455 547 723 885 900  ; 5 1 8 3 8 2 6 4 4 5 4 4 5 3 4 3 5 1 
185.9 ; 1.238e-12 ; True ; 1 20 163 173 329 388 438 547 713 723 900  ; 5 1 8 3 8 2 7 4 4 4 4 3 5 3 3 4 4 2 
186.5 ; 1.365e-12 ; True ; 1 20 30 156 173 388 438 547 713 723 900  ; 4 1 7 3 9 3 7 4 4 5 5 4 5 3 4 3 4 1 
187.8 ; 1.368e-12 ; True ; 1 20 163 173 388 438 547 634 713 723 900  ; 4 1 7 3 9 2 7 4 3 4 4 4 5 3 4 4 4 2 
189.7 ; 1.368e-12 ; True ; 1 20 30 156 388 438 455 547 723 885 900  ; 4 1 7 3 8 3 6 4 5 5 5 4 4 3 4 3 4 1 
189.7 ; 1.433e-12 ; True ; 1 20 30 156 388 438 547 713 723 885 900  ; 4 1 7 3 9 3 7 4 4 5 5 4 4 3 5 3 4 1 
191.1 ; 1.447e-12 ; True ; 1 112 163 173 388 438 547 634 713 723 900  ; 4 1 7 3 9 3 6 5 3 5 4 3 5 4 4 5 4 1 
193.8 ; 1.468e-12 ; True ; 1 20 30 163 388 438 547 634 713 723 900  ; 4 1 7 3 9 2 7 3 3 5 5 3 5 3 5 4 4 2 
194.6 ; 1.536e-12 ; True ; 1 20 30 163 173 388 438 547 713 723 900  ; 5 1 8 3 9 2 7 4 3 5 4 3 6 3 4 3 5 2 
195.1 ; 1.636e-12 ; True ; 1 20 30 112 173 388 438 547 713 723 900  ; 4 1 8 3 9 3 6 4 4 6 4 3 5 4 4 4 4 1 
196.7 ; 1.641e-12 ; True ; 1 20 112 163 388 438 484 547 634 723 900  ; 4 1 8 3 9 2 5 4 4 6 4 3 5 3 3 5 4 2 
197.1 ; 1.651e-12 ; True ; 1 20 156 163 388 438 484 547 634 713 723  ; 4 1 7 3 10 2 7 4 4 4 5 4 5 3 4 3 4 2 
197.2 ; 1.708e-12 ; True ; 1 20 156 163 173 388 438 547 713 723 900  ; 4 1 7 3 9 3 7 5 4 4 4 4 5 3 3 3 4 2 
198.4 ; 1.776e-12 ; True ; 1 20 30 112 156 388 484 547 723 885 900  ; 4 1 8 3 9 3 6 4 5 6 4 4 4 3 4 4 4 1 
198.6 ; 1.887e-12 ; True ; 1 20 173 329 388 438 484 547 634 713 723 900  ; 5 1 8 4 9 2 7 3 4 5 5 4 5 3 4 5 4 1 
202.2 ; 2.081e-12 ; True ; 1 20 30 156 163 388 438 547 713 723 900  ; 4 1 7 3 9 3 7 4 4 5 5 3 5 3 4 3 4 2 
204.9 ; 2.11e-12 ; True ; 1 20 25 173 329 388 438 547 634 713 723 900  ; 4 1 8 4 9 2 8 4 4 5 5 4 5 3 4 5 4 1 
207.7 ; 2.111e-12 ; True ; 1 20 30 112 163 388 438 547 634 713 723  ; 4 1 8 2 10 2 7 4 4 5 5 3 5 4 5 4 4 2 
207.9 ; 2.174e-12 ; True ; 1 20 156 173 329 388 438 484 547 634 713 723  ; 5 1 8 3 10 2 8 4 5 4 6 5 5 3 4 4 4 1 
208 ; 2.419e-12 ; True ; 1 20 30 112 156 163 388 484 547 723 900  ; 4 1 8 3 9 3 6 4 5 6 4 3 5 3 3 4 4 2 
209 ; 2.507e-12 ; True ; 1 20 156 173 329 388 438 484 547 713 723 900  ; 5 1 8 4 9 3 7 4 5 5 5 4 5 3 3 4 4 1 
211 ; 2.527e-12 ; True ; 1 20 30 112 156 163 388 547 723 885 900  ; 4 1 8 2 9 3 7 5 5 5 4 4 4 3 4 4 4 2 
211.8 ; 2.767e-12 ; True ; 1 20 156 173 388 438 484 547 634 713 723 900  ; 4 1 7 4 10 3 7 4 4 5 5 5 5 3 4 4 4 1 
215 ; 2.923e-12 ; True ; 1 20 30 156 173 329 388 438 547 713 723 900  ; 5 1 8 3 9 3 8 4 5 5 6 4 5 3 4 4 4 1 
216 ; 3.026e-12 ; True ; 1 20 30 156 173 388 438 547 634 713 723 900  ; 4 1 7 3 10 3 8 4 4 5 6 5 5 3 5 4 4 1 
216.3 ; 3.05e-12 ; True ; 1 20 163 173 329 388 438 547 634 713 723 900  ; 5 1 8 3 9 2 8 4 4 4 5 4 5 3 4 5 4 2 
219.2 ; 3.069e-12 ; True ; 1 20 30 156 329 388 438 547 713 723 885 900  ; 5 1 8 3 9 3 8 4 5 5 6 4 4 3 5 4 4 1 
219.5 ; 3.321e-12 ; True ; 1 20 112 173 388 438 484 547 634 713 723 900  ; 4 1 8 4 10 3 6 4 4 6 4 4 5 4 4 5 4 1 
222 ; 3.323e-12 ; True ; 1 20 163 173 388 438 484 547 634 713 723 900  ; 5 1 8 4 10 2 7 4 3 5 4 4 6 3 4 4 5 2 
223 ; 3.378e-12 ; True ; 1 20 30 156 173 388 438 547 713 723 885 900  ; 5 1 8 3 10 3 8 5 4 5 5 5 5 3 5 3 5 1 
223.8 ; 3.412e-12 ; True ; 1 20 112 260 388 438 484 547 612 713 723 900  ; 4 1 8 4 9 3 5 4 4 6 4 4 6 4 4 4 5 1 
224.5 ; 3.424e-12 ; True ; 1 20 30 112 173 329 388 438 547 713 723 900  ; 5 1 9 3 9 3 7 4 5 6 5 3 5 4 4 5 4 1 
225 ; 3.477e-12 ; True ; 1 20 30 163 173 329 388 438 547 713 723 900  ; 6 1 9 3 9 2 8 4 4 5 5 3 6 3 4 4 5 2 
225.6 ; 3.825e-12 ; True ; 1 20 30 112 173 388 438 547 634 713 723 900  ; 4 1 8 3 10 3 7 4 4 6 5 4 5 4 5 5 4 1 
228.5 ; 4.202e-12 ; True ; 1 20 156 163 173 388 438 547 634 713 723 900  ; 4 1 7 3 10 3 8 5 4 4 5 5 5 3 4 4 4 2 
230.4 ; 4.501e-12 ; True ; 1 20 156 163 388 438 484 547 634 713 723 900  ; 4 1 7 4 10 3 7 4 4 5 5 4 5 3 4 4 4 2 
234.5 ; 4.921e-12 ; True ; 1 20 30 156 163 388 438 547 634 713 723 900  ; 4 1 7 3 10 3 8 4 4 5 6 4 5 3 5 4 4 2 
236.2 ; 5.065e-12 ; True ; 1 20 112 163 388 438 484 547 634 713 723 900  ; 4 1 8 4 10 3 6 4 4 6 4 3 5 4 4 5 4 2 
236.3 ; 5.315e-12 ; True ; 1 20 112 163 173 388 438 547 634 713 723 900  ; 4 1 8 3 10 3 7 5 4 5 4 4 5 4 4 5 4 2 
239.5 ; 5.494e-12 ; True ; 1 20 30 156 163 388 438 547 713 723 885 900  ; 5 1 8 3 10 3 8 5 4 5 5 4 5 3 5 3 5 2 
240.3 ; 5.562e-12 ; True ; 1 20 156 173 329 388 438 484 547 634 713 723 900  ; 5 1 8 4 10 3 8 4 5 5 6 5 5 3 4 5 4 1 
242.2 ; 5.833e-12 ; True ; 1 20 30 112 163 388 438 547 634 713 723 900  ; 4 1 8 3 10 3 7 4 4 6 5 3 5 4 5 5 4 2 
243.1 ; 6.03e-12 ; True ; 1 20 30 112 156 163 388 484 547 634 723 900  ; 4 1 8 3 10 3 7 4 5 6 5 4 5 3 4 5 4 2 
244.1 ; 6.039e-12 ; True ; 1 20 30 112 163 173 388 438 547 713 723 900  ; 5 1 9 3 10 3 7 5 4 6 4 3 6 4 4 4 5 2 
245.4 ; 6.412e-12 ; True ; 1 20 112 156 163 388 438 484 547 634 713 723  ; 4 1 8 3 11 3 7 5 5 5 5 4 5 4 4 4 4 2 
248.2 ; 6.591e-12 ; True ; 1 20 30 112 163 388 438 547 713 723 885 900  ; 5 1 9 3 10 3 7 5 4 6 4 3 5 4 5 4 5 2 
248.2 ; 6.812e-12 ; True ; 1 20 30 112 156 163 388 484 547 723 885 900  ; 5 1 9 3 10 3 7 5 5 6 4 4 5 3 4 4 5 2 
250.2 ; 6.881e-12 ; True ; 1 20 30 112 156 163 388 484 547 634 713 723  ; 4 1 8 3 11 3 8 4 5 5 5 4 5 4 5 4 4 2 
251.5 ; 6.924e-12 ; True ; 1 20 30 112 156 163 388 438 547 713 723 900  ; 4 1 8 3 10 4 7 5 5 6 5 3 5 4 4 4 4 2 
252.4 ; 7.056e-12 ; True ; 1 20 163 173 329 388 438 484 547 634 713 723 900  ; 6 1 9 4 10 2 8 4 4 5 5 4 6 3 4 5 5 2 
253.9 ; 7.277e-12 ; True ; 1 20 112 260 329 388 438 484 547 612 713 723 900  ; 5 1 9 4 9 3 6 4 5 6 5 4 6 4 4 5 5 1 
256.3 ; 7.296e-12 ; True ; 1 20 30 112 156 163 388 484 547 713 723 885  ; 5 1 9 3 11 3 8 5 5 5 4 4 5 4 5 3 5 2 
256.6 ; 7.313e-12 ; True ; 1 20 112 173 388 438 484 547 612 634 713 723 900  ; 5 1 8 4 11 3 6 4 4 6 4 5 6 4 5 5 5 1 
257.1 ; 7.335e-12 ; True ; 1 20 163 260 329 388 438 484 547 634 713 723 900  ; 5 1 9 4 9 2 8 4 4 5 6 4 6 3 4 5 5 2 
258 ; 7.624e-12 ; True ; 1 20 112 260 388 438 484 547 612 634 713 723 900  ; 4 1 8 4 10 3 6 4 4 6 5 5 6 4 5 5 5 1 
258.4 ; 7.653e-12 ; True ; 1 20 30 163 173 329 388 438 547 634 713 723 900  ; 6 1 9 3 10 2 9 4 4 5 6 4 6 3 5 5 5 2 
258.6 ; 7.856e-12 ; True ; 1 20 112 173 260 388 438 484 547 634 713 723 900  ; 4 1 9 4 10 3 7 5 4 6 5 5 6 4 4 5 5 1 
260 ; 8.378e-12 ; True ; 1 20 156 163 173 329 388 438 547 634 713 723 900  ; 5 1 8 3 10 3 9 5 5 4 6 5 5 3 4 5 4 2 
260.5 ; 8.439e-12 ; True ; 1 20 30 127 163 173 388 438 547 634 713 723 900  ; 5 1 9 3 11 2 8 5 4 5 6 4 6 4 5 4 5 2 
260.8 ; 9.046e-12 ; True ; 1 20 156 163 329 388 438 484 547 634 713 723 900  ; 5 1 8 4 10 3 8 4 5 5 6 4 5 3 4 5 4 2 
265.5 ; 9.228e-12 ; True ; 1 20 156 163 329 388 438 484 547 612 713 723 900  ; 6 1 8 4 10 3 7 4 5 5 5 4 6 3 4 4 5 2 
266.6 ; 1.021e-11 ; True ; 1 20 156 163 173 388 438 484 547 634 713 723 900  ; 5 1 8 4 11 3 8 5 4 5 5 5 6 3 4 4 5 2 
268.6 ; 1.056e-11 ; True ; 1 20 112 163 173 329 388 438 547 634 713 723 900  ; 5 1 9 3 10 3 8 5 5 5 5 4 5 4 4 6 4 2 
270.5 ; 1.063e-11 ; True ; 1 20 112 163 173 388 438 547 634 636 713 723 900  ; 4 1 8 4 11 3 7 5 4 5 5 4 6 4 4 5 5 2 
270.7 ; 1.107e-11 ; True ; 1 20 30 156 163 173 388 438 547 634 713 723 900  ; 5 1 8 3 11 3 9 5 4 5 6 5 6 3 5 4 5 2 
273.4 ; 1.226e-11 ; True ; 1 20 112 163 173 388 438 484 547 634 713 723 900  ; 5 1 9 4 11 3 7 5 4 6 4 4 6 4 4 5 5 2 
277.3 ; 1.278e-11 ; True ; 1 20 112 163 260 388 438 484 547 634 713 723 900  ; 4 1 9 4 10 3 7 5 4 6 5 4 6 4 4 5 5 2 
279.4 ; 1.394e-11 ; True ; 1 20 30 112 163 173 388 438 547 634 713 723 900  ; 5 1 9 3 11 3 8 5 4 6 5 4 6 4 5 5 5 2 
281.7 ; 1.405e-11 ; True ; 1 20 112 156 163 388 438 484 547 634 713 723 900  ; 4 1 8 4 11 4 7 5 5 6 5 4 5 4 4 5 4 2 
284.5 ; 1.461e-11 ; True ; 1 20 30 112 163 388 438 547 634 713 723 885 900  ; 5 1 9 3 11 3 8 5 4 6 5 4 5 4 6 5 5 2 
285.5 ; 1.471e-11 ; True ; 1 20 30 112 163 388 438 455 547 634 723 885 900  ; 5 1 9 3 10 3 7 5 5 6 5 4 5 4 5 5 5 2 
286.3 ; 1.475e-11 ; True ; 1 20 30 112 156 163 388 484 547 634 723 885 900  ; 5 1 9 3 11 3 8 5 5 6 5 5 5 3 5 5 5 2 
287.4 ; 1.508e-11 ; True ; 1 20 30 112 156 163 388 484 547 634 713 723 900  ; 4 1 8 4 11 4 8 4 5 6 5 4 5 4 5 5 4 2 
287.8 ; 1.536e-11 ; True ; 1 20 30 112 156 163 388 438 547 634 713 723 900  ; 4 1 8 3 11 4 8 5 5 6 6 4 5 4 5 5 4 2 
289.5 ; 1.616e-11 ; True ; 1 20 30 112 156 163 388 438 484 547 634 713 723  ; 5 1 9 3 12 3 8 5 5 6 6 4 6 4 5 4 5 2 
293.3 ; 1.627e-11 ; True ; 1 20 30 112 156 163 260 388 484 547 713 723 900  ; 4 1 9 4 10 4 8 5 5 6 5 4 6 4 4 4 5 2 
294.5 ; 1.704e-11 ; True ; 1 20 30 112 156 163 388 484 547 713 723 885 900  ; 5 1 9 4 11 4 8 5 5 6 4 4 5 4 5 4 5 2 
294.8 ; 1.737e-11 ; True ; 1 20 30 112 156 163 388 438 547 713 723 885 900  ; 5 1 9 3 11 4 8 6 5 6 5 4 5 4 5 4 5 2 
299.9 ; 1.938e-11 ; True ; 1 20 156 163 173 329 388 438 484 547 634 713 723 900  ; 6 1 9 4 11 3 9 5 5 5 6 5 6 3 4 5 5 2 
305.8 ; 2.074e-11 ; True ; 1 20 30 163 173 329 388 438 455 547 634 713 723 900  ; 6 1 9 4 10 3 9 4 5 5 6 4 6 4 5 5 5 2 
307.7 ; 2.325e-11 ; True ; 1 20 112 163 173 329 388 438 484 547 634 713 723 900  ; 6 1 10 4 11 3 8 5 5 6 5 4 6 4 4 6 5 2 
311.4 ; 2.417e-11 ; True ; 1 20 112 163 260 329 388 438 484 547 634 713 723 900  ; 5 1 10 4 10 3 8 5 5 6 6 4 6 4 4 6 5 2 
313.1 ; 2.449e-11 ; True ; 1 20 112 163 329 388 438 483 484 547 634 713 723 900  ; 5 1 9 4 11 3 7 5 5 6 5 4 6 4 5 6 5 2 
315.7 ; 2.522e-11 ; True ; 1 20 30 112 163 173 329 388 438 547 634 713 723 900  ; 6 1 10 3 11 3 9 5 5 6 6 4 6 4 5 6 5 2 
316 ; 2.575e-11 ; True ; 1 20 112 156 163 329 388 438 484 547 634 713 723 900  ; 5 1 9 4 11 4 8 5 6 6 6 4 5 4 4 6 4 2 
317.9 ; 2.638e-11 ; True ; 1 20 112 163 260 388 438 484 547 612 634 713 723 900  ; 5 1 9 4 11 3 7 5 4 6 5 5 7 4 5 5 6 2 
319.9 ; 2.676e-11 ; True ; 1 20 30 156 163 173 388 438 455 547 634 713 723 900  ; 5 1 8 4 11 4 9 5 5 5 6 5 6 4 5 4 5 2 
320.5 ; 2.802e-11 ; True ; 1 20 30 112 163 173 388 438 484 547 634 713 723 900  ; 6 1 10 4 12 3 8 5 4 7 5 4 7 4 5 5 6 2 
322.9 ; 3.029e-11 ; True ; 1 20 112 156 163 173 388 438 484 547 634 713 723 900  ; 5 1 9 4 12 4 8 6 5 6 5 5 6 4 4 5 5 2 
324.7 ; 3.094e-11 ; True ; 1 20 112 156 163 388 438 484 547 612 634 713 723 900  ; 5 1 8 4 12 4 7 5 5 6 5 5 6 4 5 5 5 2 
329.8 ; 3.445e-11 ; True ; 1 20 30 112 156 163 388 438 484 547 634 713 723 900  ; 5 1 9 4 12 4 8 5 5 7 6 4 6 4 5 5 5 2 
334.6 ; 3.513e-11 ; True ; 1 20 30 112 156 163 388 484 547 634 713 723 885 900  ; 5 1 9 4 12 4 9 5 5 6 5 5 5 4 6 5 5 2 
337.8 ; 3.583e-11 ; True ; 1 20 30 112 156 163 388 438 484 547 713 723 885 900  ; 6 1 10 4 12 4 8 6 5 7 5 4 6 4 5 4 6 2 
344.7 ; 3.615e-11 ; True ; 1 20 156 163 173 329 388 438 484 547 612 634 713 723 900  ; 7 1 9 4 12 3 9 5 5 5 6 6 7 3 5 5 6 2 
344.8 ; 3.931e-11 ; True ; 1 20 112 163 173 329 388 438 484 547 634 636 713 723 900  ; 6 1 10 5 12 3 8 5 5 6 6 4 7 4 4 6 6 2 
350 ; 4.225e-11 ; True ; 1 20 112 163 173 187 388 438 484 547 612 634 713 723 900  ; 6 1 9 4 13 3 8 5 5 6 5 5 7 5 5 5 6 2 
352.3 ; 4.392e-11 ; True ; 1 20 112 163 187 260 388 438 484 547 612 634 713 723 900  ; 5 1 9 4 12 3 8 5 5 6 6 5 7 5 5 5 6 2 
352.5 ; 4.516e-11 ; True ; 1 20 112 163 173 329 388 438 484 547 612 634 713 723 900  ; 7 1 10 4 12 3 8 5 5 6 5 5 7 4 5 6 6 2 
354.5 ; 4.6e-11 ; True ; 1 20 112 163 173 260 329 388 438 484 547 634 713 723 900  ; 6 1 11 4 11 3 9 6 5 6 6 5 7 4 4 6 6 2 
354.8 ; 4.81e-11 ; True ; 1 20 112 163 260 329 388 438 484 547 612 634 713 723 900  ; 6 1 10 4 11 3 8 5 5 6 6 5 7 4 5 6 6 2 
359.8 ; 4.838e-11 ; True ; 1 20 112 163 173 329 388 438 484 547 634 713 723 885 900  ; 7 1 11 4 12 3 9 6 5 6 5 5 6 4 5 6 6 2 
360 ; 5.261e-11 ; True ; 1 20 112 156 163 173 329 388 438 484 547 634 713 723 900  ; 6 1 10 4 12 4 9 6 6 6 6 5 6 4 4 6 5 2 
361.7 ; 5.465e-11 ; True ; 1 20 112 156 163 329 388 438 484 547 612 634 713 723 900  ; 6 1 9 4 12 4 8 5 6 6 6 5 6 4 5 6 5 2 
365.8 ; 5.587e-11 ; True ; 1 20 112 156 163 329 388 438 484 537 547 634 713 723 900  ; 5 1 9 4 12 4 8 6 6 6 6 5 6 4 5 6 5 2 
368.8 ; 5.788e-11 ; True ; 1 20 112 156 163 173 388 438 484 547 612 634 713 723 900  ; 6 1 9 4 13 4 8 6 5 6 5 6 7 4 5 5 6 2 
371.2 ; 6.017e-11 ; True ; 1 20 112 156 163 260 388 438 484 547 612 634 713 723 900  ; 5 1 9 4 12 4 8 6 5 6 6 6 7 4 5 5 6 2 
375 ; 6.08e-11 ; True ; 1 20 112 156 163 173 388 438 484 547 634 713 723 885 900  ; 6 1 10 4 13 4 9 7 5 6 5 6 6 4 5 5 6 2 
376.6 ; 6.584e-11 ; True ; 1 20 30 112 156 163 388 438 484 547 612 634 713 723 900  ; 6 1 9 4 13 4 8 5 5 7 6 5 7 4 6 5 6 2 
378.6 ; 6.678e-11 ; True ; 1 20 30 112 156 163 260 388 438 484 547 634 713 723 900  ; 5 1 10 4 12 4 9 6 5 7 7 5 7 4 5 5 6 2 
379.9 ; 7.1e-11 ; True ; 1 20 30 112 156 163 388 438 484 547 634 713 723 885 900  ; 6 1 10 4 13 4 9 6 5 7 6 5 6 4 6 5 6 2 
391.5 ; 7.306e-11 ; True ; 1 20 112 163 173 329 388 438 484 547 612 634 636 713 723 900  ; 7 1 10 5 13 3 8 5 5 6 6 5 8 4 5 6 7 2 
393.8 ; 7.573e-11 ; True ; 1 20 112 163 260 329 388 438 484 547 612 634 636 713 723 900  ; 6 1 10 5 12 3 8 5 5 6 7 5 8 4 5 6 7 2 
398.7 ; 7.592e-11 ; True ; 1 20 112 163 260 329 388 483 484 547 612 634 713 723 781 900  ; 6 1 10 4 12 3 9 6 5 5 6 6 8 4 6 6 7 2 
399.9 ; 7.867e-11 ; True ; 1 20 156 163 173 329 388 438 455 484 547 612 634 713 723 900  ; 7 1 9 5 12 4 9 5 6 5 6 6 7 4 5 5 6 2 
401 ; 8.657e-11 ; True ; 1 20 112 156 163 173 329 388 438 484 547 634 636 713 723 900  ; 6 1 10 5 13 4 9 6 6 6 7 5 7 4 4 6 6 2 
402.6 ; 8.992e-11 ; True ; 1 20 112 156 163 329 388 438 484 547 612 634 636 713 723 900  ; 6 1 9 5 13 4 8 5 6 6 7 5 7 4 5 6 6 2 
407.7 ; 9.228e-11 ; True ; 1 20 112 163 173 329 388 438 455 484 547 612 634 713 723 900  ; 7 1 10 5 12 4 8 5 6 6 5 5 7 5 5 6 6 2 
408.7 ; 9.812e-11 ; True ; 1 20 112 156 163 173 329 388 438 484 547 612 634 713 723 900  ; 7 1 10 4 13 4 9 6 6 6 6 6 7 4 5 6 6 2 
410.1 ; 9.828e-11 ; True ; 1 20 112 163 260 329 388 438 455 484 547 612 634 713 723 900  ; 6 1 10 5 11 4 8 5 6 6 6 5 7 5 5 6 6 2 
411.1 ; 1.017e-10 ; True ; 1 20 112 156 163 260 329 388 438 484 547 612 634 713 723 900  ; 6 1 10 4 12 4 9 6 6 6 7 6 7 4 5 6 6 2 
412.6 ; 1.025e-10 ; True ; 1 20 112 156 163 329 388 438 484 537 547 612 634 713 723 900  ; 6 1 9 4 13 4 8 6 6 6 6 6 7 4 6 6 6 2 
417.5 ; 1.086e-10 ; True ; 1 20 30 112 156 163 329 388 438 484 547 612 634 713 723 900  ; 7 1 10 4 13 4 9 5 6 7 7 5 7 4 6 6 6 2 
421.3 ; 1.086e-10 ; True ; 1 20 30 112 156 163 329 388 484 547 612 634 713 723 765 900  ; 6 1 9 5 13 4 9 5 6 7 6 5 7 4 6 6 6 2 
425.9 ; 1.112e-10 ; True ; 1 20 112 156 163 173 388 438 455 484 547 612 634 713 723 900  ; 6 1 9 5 13 5 8 6 6 6 5 6 7 5 5 5 6 2 
427.1 ; 1.133e-10 ; True ; 1 20 30 112 163 260 388 438 455 484 547 612 634 713 723 900  ; 6 1 10 5 12 4 8 5 5 7 6 5 8 5 6 5 7 2 
428.4 ; 1.156e-10 ; True ; 1 20 112 156 163 260 388 438 455 484 547 612 634 713 723 900  ; 5 1 9 5 12 5 8 6 6 6 6 6 7 5 5 5 6 2 
429.8 ; 1.172e-10 ; True ; 1 20 30 112 156 163 173 388 438 455 484 547 634 723 885 900  ; 7 1 11 4 13 4 9 7 6 7 6 6 7 4 5 5 7 2 
433.7 ; 1.265e-10 ; True ; 1 20 30 112 156 163 388 438 455 484 547 612 634 713 723 900  ; 6 1 9 5 13 5 8 5 6 7 6 5 7 5 6 5 6 2 
435.7 ; 1.283e-10 ; True ; 1 20 30 112 156 163 260 388 438 455 484 547 634 713 723 900  ; 5 1 10 5 12 5 9 6 6 7 7 5 7 5 5 5 6 2 
441 ; 1.292e-10 ; True ; 1 20 30 112 156 163 388 438 455 547 612 634 713 723 885 900  ; 6 1 9 4 13 5 9 6 6 6 6 6 6 5 7 5 6 2 
442 ; 1.306e-10 ; True ; 1 20 30 112 156 163 260 388 438 455 547 634 713 723 885 900  ; 5 1 10 4 12 5 10 7 6 6 7 6 6 5 6 5 6 2 
447.9 ; 1.339e-10 ; True ; 1 20 112 129 156 163 329 388 438 484 547 612 634 636 713 723 900  ; 6 1 9 5 14 4 9 6 6 7 7 5 8 4 5 6 7 2 
451.6 ; 1.383e-10 ; True ; 1 20 112 156 163 173 240 329 388 438 484 547 612 634 713 723 900  ; 7 1 10 4 14 4 10 6 7 6 7 6 7 4 5 7 6 2 
453.8 ; 1.405e-10 ; True ; 1 20 112 163 187 329 388 438 484 547 612 634 713 723 765 885 900  ; 7 1 10 5 14 3 9 6 6 7 6 5 7 5 6 6 7 2 
455 ; 1.409e-10 ; True ; 1 20 112 163 260 329 388 483 484 547 612 634 636 713 723 769 900  ; 5 1 9 6 12 4 8 5 5 6 6 6 8 5 6 6 7 2 
457 ; 1.45e-10 ; True ; 1 20 112 156 163 173 329 388 438 484 547 634 636 713 723 765 900  ; 6 1 10 6 14 4 9 7 6 7 7 5 8 4 4 6 7 2 
458.8 ; 1.524e-10 ; True ; 1 20 112 156 163 260 329 388 438 484 537 547 612 636 713 723 900  ; 6 1 10 5 13 4 8 7 6 6 7 6 9 4 5 5 8 2 
459.8 ; 1.539e-10 ; True ; 1 20 112 156 163 329 388 438 484 537 547 634 636 713 723 765 900  ; 5 1 9 6 14 4 8 7 6 7 7 5 8 4 5 6 7 2 
460 ; 1.553e-10 ; True ; 1 20 112 156 163 173 329 388 438 455 484 547 634 636 713 723 900  ; 6 1 10 6 13 5 9 6 7 6 7 5 7 5 4 6 6 2 
460.5 ; 1.595e-10 ; True ; 1 20 112 156 163 260 329 388 484 547 612 634 713 723 765 781 900  ; 6 1 10 5 13 4 10 7 6 6 7 6 8 4 5 6 7 2 
462.6 ; 1.692e-10 ; True ; 1 20 112 156 163 329 388 438 484 547 612 634 636 713 723 885 900  ; 7 1 10 5 14 4 9 6 6 6 7 6 7 4 6 6 7 2 
462.9 ; 1.729e-10 ; True ; 1 20 112 156 163 260 329 388 438 484 537 547 612 634 713 723 900  ; 6 1 10 4 13 4 9 7 6 6 7 7 8 4 6 6 7 2 
464 ; 1.774e-10 ; True ; 1 20 112 156 163 260 329 388 438 484 547 612 634 713 723 765 900  ; 6 1 10 5 13 4 9 7 6 7 7 6 8 4 5 6 7 2 
465.5 ; 1.788e-10 ; True ; 1 20 112 156 163 329 388 438 484 537 547 612 634 713 723 765 900  ; 6 1 9 5 14 4 8 7 6 7 6 6 8 4 6 6 7 2 
467.9 ; 1.834e-10 ; True ; 1 20 112 156 163 173 329 388 438 455 484 547 612 634 713 723 900  ; 7 1 10 5 13 5 9 6 7 6 6 6 7 5 5 6 6 2 
470.2 ; 1.901e-10 ; True ; 1 20 112 156 163 260 329 388 438 455 484 547 612 634 713 723 900  ; 6 1 10 5 12 5 9 6 7 6 7 6 7 5 5 6 6 2 
475.5 ; 1.932e-10 ; True ; 1 20 30 112 156 163 329 388 438 484 547 612 634 713 723 885 900  ; 8 1 11 4 14 4 10 6 6 7 7 6 7 4 7 6 7 2 
477.8 ; 1.972e-10 ; True ; 1 20 112 156 163 329 388 438 455 484 547 612 634 713 723 885 900  ; 7 1 10 5 13 5 9 6 7 6 6 6 6 5 6 6 6 2 
481.5 ; 2.027e-10 ; True ; 1 20 25 112 156 163 260 388 438 455 484 547 612 634 713 723 900  ; 5 1 10 6 13 5 9 7 6 7 6 6 8 5 5 5 7 2 
486.8 ; 2.113e-10 ; True ; 1 20 30 112 156 163 329 388 438 484 547 634 713 723 769 885 900  ; 7 1 11 5 13 5 10 6 6 8 7 5 6 5 6 6 6 2 
488 ; 2.298e-10 ; True ; 1 20 30 112 156 163 173 388 438 455 484 547 634 713 723 885 900  ; 7 1 11 5 14 5 10 7 6 7 6 6 7 5 6 5 7 2 
493.7 ; 2.382e-10 ; True ; 1 20 30 112 156 163 260 388 438 455 484 547 634 713 723 885 900  ; 6 1 11 5 13 5 10 7 6 7 7 6 7 5 6 5 7 2 
508.9 ; 2.547e-10 ; True ; 1 20 112 156 163 260 329 388 438 484 547 612 634 636 713 723 765 900  ; 6 1 10 6 14 4 9 7 6 7 8 6 9 4 5 6 8 2 
514.6 ; 2.627e-10 ; True ; 1 20 112 156 163 173 329 388 438 484 547 612 634 636 713 723 885 900  ; 8 1 11 5 15 4 10 7 6 6 7 7 8 4 6 6 8 2 
518.5 ; 2.687e-10 ; True ; 1 20 112 156 163 268 329 388 438 484 537 547 612 634 713 723 765 900  ; 6 1 9 5 15 5 9 7 7 7 6 6 8 4 7 6 7 2 
519.7 ; 2.695e-10 ; True ; 1 20 112 156 163 260 329 388 438 484 547 612 634 688 713 723 885 900  ; 7 1 11 4 14 5 10 7 6 6 7 7 7 5 6 7 7 2 
520.4 ; 2.766e-10 ; True ; 1 20 112 156 163 173 329 388 438 484 537 547 612 634 713 723 765 900  ; 7 1 10 5 15 4 9 8 6 7 6 7 9 4 6 6 8 2 
520.9 ; 2.808e-10 ; True ; 1 20 112 156 163 260 329 388 438 484 547 612 634 636 713 723 769 900  ; 6 1 10 6 13 5 9 6 6 7 8 6 8 5 5 6 7 2 
522.6 ; 2.951e-10 ; True ; 1 20 25 112 156 163 260 329 388 455 484 547 612 634 713 723 781 900  ; 6 1 11 6 13 5 11 7 7 6 7 6 8 5 5 6 7 2 
528.6 ; 3.071e-10 ; True ; 1 20 112 156 163 173 329 388 438 455 484 547 612 634 713 723 765 900  ; 7 1 10 6 14 5 9 7 7 7 6 6 8 5 5 6 7 2 
530.6 ; 3.099e-10 ; True ; 1 20 112 156 163 329 388 438 455 484 537 547 634 636 713 723 885 900  ; 6 1 10 6 14 5 9 7 7 6 7 6 7 5 6 6 7 2 
530.8 ; 3.221e-10 ; True ; 1 20 112 156 163 260 329 388 438 484 537 547 612 634 713 723 769 900  ; 6 1 10 5 13 5 9 7 6 7 7 7 8 5 6 6 7 2 
538.6 ; 3.364e-10 ; True ; 1 20 112 156 163 329 388 438 455 484 547 612 634 713 723 765 885 900  ; 7 1 10 6 14 5 9 7 7 7 6 6 7 5 6 6 7 2 
540.3 ; 3.461e-10 ; True ; 1 20 30 112 156 163 329 388 438 484 537 547 612 634 713 723 769 900  ; 7 1 10 5 14 5 9 6 6 8 7 6 8 5 7 6 7 2 
555.8 ; 3.555e-10 ; True ; 1 20 30 112 156 163 329 388 438 455 547 612 634 713 723 769 885 900  ; 7 1 10 5 13 6 10 6 7 7 7 6 6 6 7 6 6 2 
559.4 ; 3.605e-10 ; True ; 1 20 112 156 163 173 329 388 438 484 547 612 634 713 723 874 885 900  ; 8 1 11 5 14 5 10 7 6 7 6 7 8 5 6 6 8 2 
562.7 ; 3.865e-10 ; True ; 1 20 30 112 156 163 260 388 438 455 484 547 634 713 723 769 885 900  ; 6 1 11 6 13 6 10 7 6 8 7 6 7 6 6 5 7 2 
573.7 ; 3.937e-10 ; True ; 1 20 112 156 163 329 388 438 455 484 537 547 634 713 723 874 885 900  ; 6 1 10 6 13 6 9 7 7 7 6 6 7 6 6 6 7 2 
580.6 ; 3.939e-10 ; True ; 1 20 112 156 163 260 267 329 388 483 484 547 612 634 713 723 765 781 900  ; 6 1 10 5 14 5 10 8 7 6 7 7 9 5 6 6 8 2 
580.6 ; 4.147e-10 ; True ; 1 20 112 156 163 173 329 388 438 484 537 547 634 636 713 723 765 885 900  ; 7 1 11 6 16 4 10 9 6 7 7 7 9 4 6 6 9 2 
581.4 ; 4.271e-10 ; True ; 1 20 112 156 163 173 329 388 438 484 547 612 634 636 713 723 765 769 900  ; 7 1 10 7 15 5 9 7 6 8 7 6 9 5 5 6 8 2 
581.4 ; 4.342e-10 ; True ; 1 20 112 156 163 260 306 329 388 438 484 537 547 612 634 713 723 765 900  ; 6 1 10 5 14 4 10 8 6 7 7 7 9 4 6 6 8 3 
581.5 ; 4.715e-10 ; True ; 1 20 112 156 163 173 329 388 438 455 484 547 612 634 636 713 723 885 900  ; 8 1 11 6 15 5 10 7 7 6 7 7 8 5 6 6 8 2 
585.9 ; 4.866e-10 ; True ; 1 20 112 156 163 173 260 329 388 438 455 484 547 612 634 713 723 765 900  ; 7 1 11 6 14 5 10 8 7 7 7 7 9 5 5 6 8 2 
595.6 ; 5.569e-10 ; True ; 1 20 30 112 156 163 260 329 388 438 455 484 547 612 634 713 723 765 900  ; 7 1 11 6 14 5 10 7 7 8 8 6 9 5 6 6 8 2 
628.4 ; 5.807e-10 ; True ; 1 20 30 112 156 163 240 260 388 438 484 547 612 634 713 723 874 885 900  ; 7 1 11 5 15 5 11 7 6 8 8 7 9 5 7 6 9 2 
633.4 ; 6.075e-10 ; True ; 1 20 112 163 260 268 329 388 438 484 537 547 612 634 713 723 765 769 781 900  ; 7 1 11 6 15 5 10 8 6 8 7 6 10 5 7 6 9 2 
637.5 ; 6.167e-10 ; True ; 1 20 112 156 163 260 329 388 438 484 547 612 634 713 723 769 874 885 900  ; 7 1 11 6 13 6 10 7 6 8 7 7 8 6 6 6 8 2 
638.1 ; 6.278e-10 ; True ; 1 20 112 156 163 260 268 329 388 438 484 537 547 634 636 713 723 765 885 900  ; 6 1 11 6 16 5 11 9 7 7 8 7 9 4 7 6 9 2 
648.3 ; 6.316e-10 ; True ; 1 20 112 156 163 173 329 388 438 455 484 547 576 634 636 713 723 765 885 900  ; 7 1 12 7 16 5 11 8 8 7 8 6 8 5 5 7 8 2 
653 ; 6.33e-10 ; True ; 1 20 112 156 163 260 268 306 329 388 484 547 612 634 713 723 765 769 781 900  ; 6 1 10 6 14 6 12 7 7 7 7 6 8 5 6 6 7 3 
654 ; 7.03e-10 ; True ; 1 20 112 156 163 173 240 329 388 438 484 547 612 634 713 723 765 769 885 900  ; 8 1 11 6 16 5 11 8 7 8 7 7 8 5 6 7 8 2 
663.6 ; 7.064e-10 ; True ; 1 20 112 156 163 268 329 388 438 483 484 547 612 634 713 723 765 769 867 900  ; 7 1 10 6 16 6 10 7 7 8 7 6 8 6 7 7 7 2 
666.4 ; 7.159e-10 ; True ; 1 20 112 156 163 173 329 388 438 455 483 484 547 634 713 723 765 781 885 900  ; 8 1 12 6 16 5 11 10 7 7 7 7 9 5 6 6 9 2 
666.8 ; 7.26e-10 ; True ; 1 20 112 156 163 260 306 329 388 484 547 612 634 713 723 765 769 781 885 900  ; 7 1 11 6 14 5 12 8 6 7 7 7 8 5 6 6 8 3 
674.3 ; 8.087e-10 ; True ; 1 20 112 156 163 173 329 388 438 455 484 547 612 634 713 723 765 769 885 900  ; 8 1 11 7 15 6 10 8 7 8 6 7 8 6 6 6 8 2 
674.4 ; 8.156e-10 ; True ; 1 20 112 156 163 329 388 438 455 483 484 547 612 634 713 723 765 867 885 900  ; 8 1 11 6 16 5 10 8 7 7 7 7 8 6 7 7 8 2 
687.5 ; 8.235e-10 ; True ; 1 20 30 112 156 163 240 329 388 438 455 484 547 612 634 723 765 874 885 900  ; 8 1 11 6 15 5 10 7 8 9 8 6 9 5 6 7 9 2 
700.4 ; 8.885e-10 ; True ; 1 20 112 156 163 173 260 329 388 438 484 547 612 634 713 723 769 874 885 900  ; 8 1 12 6 14 6 11 8 6 8 7 8 9 6 6 6 9 2 
703.3 ; 9.527e-10 ; True ; 1 20 112 156 163 260 306 329 388 438 455 484 547 612 634 713 723 874 885 900  ; 7 1 11 6 13 6 11 7 7 7 7 7 8 6 6 6 8 3 
719.5 ; 9.566e-10 ; True ; 1 20 30 112 156 163 173 329 388 438 455 484 547 612 634 636 713 723 741 885 900  ; 9 1 12 6 17 6 11 7 7 7 8 7 9 5 7 7 9 2 
720.3 ; 9.767e-10 ; True ; 1 20 112 156 160 163 173 306 329 388 438 484 537 547 612 634 713 723 765 817 900  ; 7 1 10 6 17 5 11 8 7 8 6 7 9 5 6 7 9 3 
721.1 ; 1.02e-09 ; True ; 1 20 112 156 163 268 306 329 388 438 483 484 547 612 634 713 723 765 769 781 900  ; 7 1 10 6 16 6 11 8 7 8 7 6 9 5 7 6 8 3 
733.6 ; 1.103e-09 ; True ; 1 20 67 112 156 163 173 329 388 438 455 537 547 612 634 636 713 723 765 885 900  ; 7 1 10 6 16 6 10 9 7 7 7 8 9 6 7 7 9 2 
745.7 ; 1.119e-09 ; True ; 1 20 112 156 163 260 268 329 388 438 484 537 547 634 636 713 723 765 874 885 900  ; 6 1 11 7 16 6 11 9 7 8 8 7 10 5 7 6 10 2 
760.2 ; 1.226e-09 ; True ; 1 20 112 156 163 173 306 329 388 438 455 484 537 547 634 713 723 765 817 885 900  ; 7 1 11 7 16 6 11 9 7 8 6 7 8 6 6 6 8 3 
764.3 ; 1.233e-09 ; True ; 1 20 112 156 163 260 306 329 388 438 455 484 547 612 634 709 713 723 874 885 900  ; 7 1 11 6 14 6 12 7 8 8 7 7 9 6 6 6 8 3 
765.2 ; 1.24e-09 ; True ; 1 20 112 156 163 173 260 268 329 388 438 484 547 612 634 713 723 769 874 885 900  ; 8 1 12 6 15 7 12 8 7 8 7 8 9 6 7 6 9 2 
765.5 ; 1.257e-09 ; True ; 1 20 112 156 163 260 306 329 388 438 484 537 547 612 634 713 723 769 781 874 900  ; 7 1 11 6 14 6 11 8 6 8 8 7 10 6 6 6 9 3 
772.8 ; 1.353e-09 ; True ; 1 20 112 156 163 173 306 329 388 438 455 484 547 612 634 713 723 765 874 885 900  ; 8 1 11 7 15 6 11 8 7 8 6 7 9 6 6 6 9 3 
781.5 ; 1.355e-09 ; True ; 1 20 112 163 268 306 329 388 438 483 484 537 547 612 634 713 723 765 769 781 867 900  ; 8 1 11 6 17 5 11 8 6 8 7 6 10 6 8 7 9 3 
787.9 ; 1.379e-09 ; True ; 1 20 112 156 163 173 306 329 388 438 455 484 537 547 634 713 723 769 874 885 900  ; 7 1 11 7 14 7 11 8 7 8 6 7 8 7 6 6 8 3 
794.4 ; 1.586e-09 ; True ; 1 20 112 156 163 173 240 306 329 388 438 484 537 547 612 634 713 723 765 769 885 900  ; 8 1 11 6 17 5 12 9 7 8 7 8 9 5 7 7 9 3 
803.7 ; 1.675e-09 ; True ; 1 20 112 156 163 173 240 306 329 388 438 455 484 547 612 634 713 723 765 769 885 900  ; 8 1 11 7 16 6 12 8 8 8 7 7 8 6 6 7 8 3 
821.3 ; 1.712e-09 ; True ; 1 20 112 156 163 173 257 306 329 388 438 455 484 537 547 634 713 723 765 769 885 900  ; 7 1 12 7 15 6 12 9 8 8 7 7 8 6 6 7 8 3 
831.7 ; 1.725e-09 ; True ; 1 20 112 156 163 173 306 329 388 438 455 483 484 537 547 634 713 723 781 817 885 900  ; 8 1 12 6 17 6 12 10 7 7 7 8 9 6 7 6 9 3 
854.3 ; 1.825e-09 ; True ; 1 20 112 156 163 173 306 329 388 438 455 484 529 547 612 634 713 723 867 874 885 900  ; 10 1 12 6 16 6 12 8 7 7 7 7 9 7 7 7 9 3 
860.6 ; 1.914e-09 ; True ; 1 20 112 129 156 163 268 306 329 388 438 484 537 547 612 634 713 723 765 769 781 867 900  ; 8 1 11 6 18 6 13 9 7 9 8 6 10 6 7 7 9 3 
870.5 ; 1.931e-09 ; True ; 1 20 112 156 163 260 306 388 438 455 484 537 547 612 634 713 723 769 781 874 885 900  ; 7 1 11 7 15 7 11 9 6 8 7 8 10 7 7 5 10 3 
887.7 ; 1.954e-09 ; True ; 1 20 112 156 163 306 329 388 455 484 500 547 612 634 636 713 723 765 867 874 885 900  ; 7 1 11 8 16 6 12 7 8 7 8 7 8 8 6 7 8 3 
893.8 ; 1.991e-09 ; True ; 1 20 112 156 163 260 306 329 388 395 438 455 484 547 634 684 713 723 765 769 874 885  ; 7 1 12 7 14 6 12 9 7 8 8 6 9 8 7 6 9 3 
895.3 ; 2.153e-09 ; True ; 1 20 112 156 163 173 306 329 388 455 484 537 547 575 612 634 713 723 765 769 781 885 900  ; 9 1 12 7 17 6 13 10 7 7 6 8 9 6 8 6 10 3 
898.5 ; 2.202e-09 ; True ; 1 20 112 156 163 173 240 306 329 388 438 455 483 537 547 612 634 713 723 769 867 885 900  ; 8 1 11 5 17 6 13 9 8 6 8 9 8 7 8 8 8 3 
913.4 ; 2.309e-09 ; True ; 1 20 112 156 163 173 306 329 388 438 455 537 547 612 634 636 713 723 765 769 817 867 900  ; 7 1 10 8 17 7 11 8 7 8 8 7 9 8 6 7 8 3 
931 ; 2.521e-09 ; True ; 1 20 112 156 163 173 306 329 388 438 483 484 537 547 634 684 713 723 765 769 780 885 900  ; 7 1 11 6 17 5 11 10 6 8 8 8 9 7 9 8 9 3 
931.2 ; 2.551e-09 ; True ; 1 20 112 156 163 173 240 306 329 388 438 455 547 612 634 713 723 765 769 781 874 885 900  ; 8 1 11 7 16 7 13 9 8 8 8 7 9 7 6 7 9 3 
933.7 ; 2.649e-09 ; True ; 1 20 112 156 163 173 260 306 329 388 438 455 537 547 612 634 713 723 765 780 817 885 900  ; 7 1 11 6 17 6 12 10 7 7 8 9 9 7 8 7 9 3 
952 ; 2.7e-09 ; True ; 1 20 112 156 163 173 306 329 388 438 455 484 537 547 612 634 713 723 765 769 780 817 885  ; 8 1 11 7 18 6 11 9 7 8 7 8 9 8 8 6 9 3 
980.4 ; 2.703e-09 ; True ; 1 20 112 156 163 173 306 329 388 438 455 483 484 537 547 634 713 723 765 769 817 874 885  ; 7 1 11 8 17 7 11 10 7 9 6 8 10 8 7 5 10 3 
986.6 ; 2.864e-09 ; True ; 1 20 112 156 163 260 306 388 438 483 484 500 547 612 634 713 723 769 781 867 874 885 900  ; 8 1 13 6 17 6 13 10 6 8 9 9 10 8 7 6 10 3 
998.5 ; 2.906e-09 ; True ; 1 20 112 156 163 173 240 306 329 388 416 455 484 547 612 634 713 723 765 769 781 874 885 900  ; 9 1 12 8 17 7 14 9 8 8 7 7 10 7 6 7 9 3 
999.1 ; 3.086e-09 ; True ; 1 20 112 156 163 173 240 306 329 388 438 455 547 592 612 634 713 723 765 769 781 867 885 900  ; 9 1 12 7 17 7 14 9 8 8 9 7 8 8 6 8 8 3 
1003 ; 3.147e-09 ; True ; 1 20 97 112 156 163 173 268 306 329 388 438 483 484 547 612 634 688 723 765 769 874 885 900  ; 8 1 12 6 18 8 12 10 7 9 7 8 10 7 7 7 10 3 
1019 ; 3.304e-09 ; True ; 1 20 112 156 163 173 240 306 329 388 438 455 484 547 612 634 713 723 765 769 781 867 874 885  ; 10 1 13 7 18 6 14 9 8 8 9 7 10 8 6 7 10 3 
1021 ; 3.422e-09 ; True ; 1 20 112 156 163 173 240 306 329 388 438 455 547 612 634 713 723 765 769 781 867 874 885 900  ; 9 1 12 7 17 7 14 9 8 8 9 7 9 8 6 8 9 3 
1028 ; 3.466e-09 ; True ; 1 20 97 112 156 163 260 306 329 388 438 455 483 484 547 612 634 713 723 780 781 817 885 900  ; 8 1 13 6 18 7 13 10 7 7 10 8 9 8 8 7 9 3 
1049 ; 3.484e-09 ; True ; 1 20 112 156 163 260 295 306 329 388 438 483 484 537 547 634 684 713 723 765 769 874 885 900  ; 6 1 11 7 15 6 11 10 6 9 8 8 10 8 9 7 10 3 
1061 ; 3.785e-09 ; True ; 1 20 112 156 163 173 306 329 388 438 455 484 537 547 612 620 684 713 723 765 780 874 885 900  ; 8 1 11 7 16 6 10 9 8 8 8 7 10 8 8 8 10 3 
1114 ; 3.964e-09 ; True ; 1 20 112 156 163 173 306 329 388 438 483 484 537 547 612 634 644 684 723 765 769 780 817 885 900  ; 8 1 11 6 18 6 11 10 6 9 8 9 11 7 9 8 10 3 
1116 ; 4.22e-09 ; True ; 1 18 20 112 156 163 173 240 306 329 388 438 455 547 612 634 713 723 765 769 781 867 874 885 900  ; 10 1 13 7 17 7 14 9 8 9 9 7 10 8 6 8 10 3 
1135 ; 4.403e-09 ; True ; 1 20 49 112 156 163 173 240 306 329 388 421 438 483 484 547 612 634 713 723 765 781 850 874 900  ; 9 1 12 7 18 7 14 9 9 9 9 7 11 7 7 7 10 3 
1192 ; 4.623e-09 ; True ; 1 20 112 156 163 268 306 329 388 438 455 484 500 537 547 612 634 723 765 769 799 817 874 885 900  ; 8 1 12 8 18 8 11 9 9 10 7 8 10 8 7 6 9 3 
1236 ; 4.653e-09 ; True ; 1 20 112 156 163 220 240 306 329 388 438 455 483 500 537 612 634 684 723 765 769 781 817 874 885 900  ; 7 1 11 7 18 7 11 10 8 9 9 9 9 8 7 7 10 3 
1263 ; 4.877e-09 ; True ; 1 20 112 156 163 173 215 306 329 388 438 455 483 500 537 547 612 713 723 769 780 781 822 874 885 900  ; 9 1 12 6 19 7 13 11 8 8 8 9 11 9 8 6 11 3 
1280 ; 5.504e-09 ; True ; 1 20 112 156 163 173 306 329 388 396 438 483 484 537 547 634 684 713 723 765 769 817 867 874 885 900  ; 8 1 12 8 19 7 12 10 6 10 8 8 10 9 8 8 10 3 
1327 ; 7.598e-09 ; True ; 1 20 30 112 150 156 163 173 306 329 388 455 483 500 547 612 634 713 723 765 769 781 850 874 885 900  ; 9 1 12 7 17 9 15 10 10 8 8 9 10 10 9 6 10 3 


RUN 8:
Optimum Distance: 26.48
Optimal Team: 163,388,455,634,
Required Skills: 0 1 2 4 5 7 9 10 11 12 14 15 16 18 22 23 24 26 
Distance; Skill Score; isValid; Team; Skill Counts
33.53 ; 1.844e-18 ; True ; 1 163 388 531 723  ; 2 1 4 1 3 1 2 1 1 2 1 1 2 1 1 1 3 1 
34.41 ; 2.603e-18 ; True ; 1 163 388 723 794  ; 2 1 4 1 4 1 2 1 1 2 2 1 2 1 1 1 2 1 
34.45 ; 4.896e-18 ; True ; 1 163 388 688 723  ; 2 1 4 1 4 1 2 1 1 2 1 1 2 2 1 2 2 1 
34.51 ; 7.153e-18 ; True ; 1 163 388 723 900  ; 2 1 4 2 3 1 2 1 1 3 1 1 2 1 1 2 2 1 
34.54 ; 8.162e-18 ; True ; 163 173 388 723 900  ; 3 1 4 1 3 1 3 2 1 2 1 1 2 1 1 2 2 1 
35.45 ; 8.535e-18 ; True ; 163 388 592 723 885  ; 3 1 4 1 3 1 3 2 1 2 1 1 1 2 2 1 2 1 
36.18 ; 1.343e-17 ; True ; 163 388 547 592 885  ; 2 1 3 1 3 1 3 3 1 2 1 1 2 2 2 1 2 1 
38.36 ; 1.357e-17 ; True ; 163 388 547 885 900  ; 2 1 3 1 3 1 3 3 1 2 1 1 2 1 2 2 2 1 
39.43 ; 1.547e-17 ; True ; 163 173 388 723 874  ; 3 1 4 1 3 1 3 2 1 2 1 1 3 2 1 1 3 1 
39.51 ; 2.875e-17 ; True ; 1 112 163 388 723  ; 2 1 5 1 4 1 2 2 2 3 1 1 2 2 1 2 2 1 
46.26 ; 5.163e-17 ; True ; 1 163 329 388 413 723  ; 3 1 5 2 3 1 3 1 2 3 2 1 2 1 1 2 2 1 
46.27 ; 7.35e-17 ; True ; 1 163 329 388 723 900  ; 3 1 5 2 3 1 3 1 2 3 2 1 2 1 1 3 2 1 
47.46 ; 7.707e-17 ; True ; 1 20 388 438 723 900  ; 2 1 5 2 4 1 2 1 2 4 2 2 2 1 1 2 2 1 
47.73 ; 9.123e-17 ; True ; 127 163 173 388 723 900  ; 3 1 5 1 4 1 3 3 2 2 2 1 2 2 1 2 2 1 
49.23 ; 9.888e-17 ; True ; 20 173 388 438 723 900  ; 3 1 5 1 4 1 3 2 2 3 2 2 2 1 1 2 2 1 
49.29 ; 1.014e-16 ; True ; 1 163 173 388 723 900  ; 3 1 5 2 4 1 3 2 1 3 1 2 3 1 1 2 3 1 
49.68 ; 1.064e-16 ; True ; 1 127 163 388 723 900  ; 2 1 5 2 4 1 2 2 2 3 2 1 2 2 1 2 2 1 
50.86 ; 1.995e-16 ; True ; 30 163 388 547 592 885  ; 3 1 4 1 4 1 4 3 1 3 2 1 3 2 3 1 3 1 
54.05 ; 2.016e-16 ; True ; 30 163 388 547 885 900  ; 3 1 4 1 4 1 4 3 1 3 2 1 3 1 3 2 3 1 
54.12 ; 2.137e-16 ; True ; 1 112 163 329 388 723  ; 3 1 6 1 4 1 3 2 3 3 2 1 2 2 1 3 2 1 
54.19 ; 3.253e-16 ; True ; 1 163 388 413 547 723  ; 2 1 4 2 4 1 3 2 2 3 2 1 3 2 2 2 2 1 
54.23 ; 4.632e-16 ; True ; 1 163 388 547 723 900  ; 2 1 4 2 4 1 3 2 2 3 2 1 3 2 2 3 2 1 
58.06 ; 4.748e-16 ; True ; 1 42 163 388 547 723  ; 2 1 4 1 5 1 3 2 2 2 3 2 3 2 3 2 2 1 
58.23 ; 5.413e-16 ; True ; 1 163 388 547 713 723  ; 2 1 4 2 5 1 4 2 2 2 2 1 3 3 3 2 2 1 
61.05 ; 5.827e-16 ; True ; 1 30 112 163 388 547  ; 2 1 5 1 5 1 3 3 2 4 2 1 4 2 2 2 3 1 
61.19 ; 7.734e-16 ; True ; 1 112 163 388 547 723  ; 2 1 5 1 5 1 3 3 3 3 2 1 3 3 2 3 2 1 
63.13 ; 7.747e-16 ; True ; 1 20 173 388 438 723 900  ; 3 1 6 2 5 1 3 2 2 4 2 3 3 1 1 2 3 1 
63.15 ; 7.826e-16 ; True ; 1 163 388 547 723 874  ; 2 1 4 2 4 1 3 2 2 3 2 1 4 3 2 2 3 1 
63.98 ; 8.052e-16 ; True ; 1 163 173 329 388 723 900  ; 4 1 6 2 4 1 4 2 2 3 2 2 3 1 1 3 3 1 
64.83 ; 1.072e-15 ; True ; 1 127 163 173 388 723 900  ; 3 1 6 2 5 1 3 3 2 3 2 2 3 2 1 2 3 1 
67.1 ; 1.348e-15 ; True ; 1 20 173 388 438 713 723  ; 3 1 6 2 6 1 4 2 2 3 2 3 3 2 2 1 3 1 
68.92 ; 1.706e-15 ; True ; 1 163 388 438 634 713 723  ; 3 1 5 2 6 1 4 2 1 3 3 2 3 2 3 2 3 1 
68.96 ; 2.143e-15 ; True ; 1 163 329 388 547 723 900  ; 3 1 5 2 4 1 4 2 3 3 3 1 3 2 2 4 2 1 
71.06 ; 2.758e-15 ; True ; 1 20 388 438 547 723 900  ; 2 1 5 2 5 1 3 2 3 4 3 2 3 2 2 3 2 1 
72.93 ; 3.122e-15 ; True ; 1 163 388 438 547 723 900  ; 3 1 5 2 5 1 3 3 2 4 3 1 4 2 2 3 3 1 
73.79 ; 3.873e-15 ; True ; 1 163 173 388 547 723 900  ; 3 1 5 2 5 1 4 3 2 3 2 2 4 2 2 3 3 1 
75.85 ; 4.584e-15 ; True ; 1 163 388 547 723 885 900  ; 3 1 5 2 5 1 4 3 2 3 2 2 3 2 3 3 3 1 
79.43 ; 5.529e-15 ; True ; 1 156 163 388 547 723 900  ; 2 1 4 2 5 2 4 3 3 3 3 2 3 2 2 3 2 1 
81.41 ; 5.622e-15 ; True ; 1 156 163 388 484 547 723  ; 3 1 5 2 6 1 4 3 3 3 3 2 4 2 2 2 3 1 
83.27 ; 5.805e-15 ; True ; 1 30 156 163 388 547 723  ; 3 1 5 1 6 1 5 3 3 3 4 2 4 2 3 2 3 1 
83.77 ; 6.046e-15 ; True ; 1 30 112 163 388 547 723  ; 3 1 6 1 6 1 4 3 3 4 3 1 4 3 3 3 3 1 
83.78 ; 7.6e-15 ; True ; 1 20 173 388 438 634 713 723  ; 3 1 6 2 7 1 5 2 2 3 3 4 3 2 3 2 3 1 
86.56 ; 7.702e-15 ; True ; 1 163 173 388 438 634 713 723  ; 4 1 6 2 7 1 5 3 1 3 3 3 4 2 3 2 4 1 
86.87 ; 9.735e-15 ; True ; 1 20 329 388 438 547 723 900  ; 3 1 6 2 5 1 4 2 4 4 4 2 3 2 2 4 2 1 
90.36 ; 1.01e-14 ; True ; 1 110 163 329 388 547 723 900  ; 4 1 6 2 5 2 5 2 3 4 3 1 3 2 2 4 3 1 
90.51 ; 1.02e-14 ; True ; 1 163 329 388 547 634 723 900  ; 3 1 5 2 5 1 5 2 3 3 4 2 3 2 3 5 2 1 
90.58 ; 1.106e-14 ; True ; 1 163 329 388 438 547 723 900  ; 4 1 6 2 5 1 4 3 3 4 4 1 4 2 2 4 3 1 
91.41 ; 1.153e-14 ; True ; 1 163 173 329 388 413 547 723  ; 4 1 6 2 5 1 5 3 3 3 3 2 4 2 2 3 3 1 
91.43 ; 1.433e-14 ; True ; 1 20 110 388 438 547 723 900  ; 3 1 6 2 6 2 4 2 3 5 3 2 3 2 2 3 3 1 
91.44 ; 1.46e-14 ; True ; 1 163 173 329 388 547 723 900  ; 4 1 6 2 5 1 5 3 3 3 3 2 4 2 2 4 3 1 
91.51 ; 1.657e-14 ; True ; 1 20 173 388 438 547 723 900  ; 3 1 6 2 6 1 4 3 3 4 3 3 4 2 2 3 3 1 
93.36 ; 1.665e-14 ; True ; 1 163 173 388 438 547 723 900  ; 4 1 6 2 6 1 4 4 2 4 3 2 5 2 2 3 4 1 
94.48 ; 1.729e-14 ; True ; 1 163 329 388 547 723 885 900  ; 4 1 6 2 5 1 5 3 3 3 3 2 3 2 3 4 3 1 
95.28 ; 1.941e-14 ; True ; 1 20 156 388 438 547 723 900  ; 2 1 5 2 6 2 4 3 4 4 4 3 3 2 2 3 2 1 
95.7 ; 1.961e-14 ; True ; 1 20 388 438 547 723 885 900  ; 3 1 6 2 6 1 4 3 3 4 3 3 3 2 3 3 3 1 
96.48 ; 2.043e-14 ; True ; 1 20 173 388 438 547 713 723  ; 3 1 6 2 7 1 5 3 3 3 3 3 4 3 3 2 3 1 
97.35 ; 2.053e-14 ; True ; 1 163 173 388 438 547 713 723  ; 4 1 6 2 7 1 5 4 2 3 3 2 5 3 3 2 4 1 
97.52 ; 2.097e-14 ; True ; 1 163 388 438 547 723 885 900  ; 4 1 6 2 6 1 4 4 2 4 3 2 4 2 3 3 4 1 
98.21 ; 2.226e-14 ; True ; 1 20 30 156 388 547 723 900  ; 2 1 5 2 6 2 5 2 4 4 4 3 3 2 3 3 2 1 
98.37 ; 2.4e-14 ; True ; 1 30 163 388 547 723 885 900  ; 4 1 6 2 6 1 5 3 2 4 3 2 4 2 4 3 4 1 
101.9 ; 2.745e-14 ; True ; 1 156 163 388 484 547 723 900  ; 3 1 5 3 6 2 4 3 3 4 3 2 4 2 2 3 3 1 
102 ; 2.935e-14 ; True ; 1 156 163 388 438 547 723 900  ; 3 1 5 2 6 2 4 4 3 4 4 2 4 2 2 3 3 1 
103.3 ; 2.944e-14 ; True ; 1 112 163 388 484 547 634 723  ; 3 1 6 2 7 1 4 3 3 4 3 2 4 3 3 4 3 1 
103.5 ; 3.195e-14 ; True ; 1 112 163 173 388 547 723 900  ; 3 1 6 2 6 2 4 4 3 4 2 2 4 3 2 4 3 1 
104.5 ; 3.669e-14 ; True ; 1 42 112 163 388 484 547 723  ; 3 1 6 2 7 2 3 3 3 4 3 2 4 3 3 3 3 1 
104.9 ; 3.779e-14 ; True ; 1 30 156 163 388 547 723 900  ; 3 1 5 2 6 2 5 3 3 4 4 2 4 2 3 3 3 1 
106.5 ; 3.782e-14 ; True ; 1 112 163 388 547 723 885 900  ; 3 1 6 2 6 2 4 4 3 4 2 2 3 3 3 4 3 1 
107 ; 3.792e-14 ; True ; 1 20 127 173 388 438 713 723 900  ; 3 1 7 3 7 2 4 3 3 4 3 3 3 3 2 2 3 1 
109.1 ; 4.173e-14 ; True ; 1 20 110 329 388 438 547 723 900  ; 4 1 7 2 6 2 5 2 4 5 4 2 3 2 2 4 3 1 
110 ; 4.27e-14 ; True ; 1 20 110 173 329 388 547 723 900  ; 4 1 7 2 6 2 6 2 4 4 3 3 3 2 2 4 3 1 
110.2 ; 4.825e-14 ; True ; 1 20 173 329 388 438 547 723 900  ; 4 1 7 2 6 1 5 3 4 4 4 3 4 2 2 4 3 1 
112.1 ; 5.009e-14 ; True ; 1 163 173 329 388 413 547 723 900  ; 4 1 6 3 5 2 5 3 3 4 3 2 4 2 2 4 3 1 
112.8 ; 5.07e-14 ; True ; 1 20 156 329 388 484 547 723 900  ; 3 1 6 3 6 2 5 2 5 4 4 3 3 2 2 4 2 1 
113.1 ; 5.554e-14 ; True ; 1 20 173 388 438 547 634 723 900  ; 3 1 6 2 7 1 5 3 3 4 4 4 4 2 3 4 3 1 
113.8 ; 6.314e-14 ; True ; 1 20 110 173 388 438 547 723 900  ; 4 1 7 2 7 2 5 3 3 5 3 3 4 2 2 3 4 1 
117.1 ; 6.629e-14 ; True ; 1 20 173 388 438 547 634 713 723  ; 3 1 6 2 8 1 6 3 3 3 4 4 4 3 4 3 3 1 
119 ; 7.452e-14 ; True ; 1 20 30 173 388 438 547 723 900  ; 4 1 7 2 7 1 5 3 3 5 4 3 5 2 3 3 4 1 
119.2 ; 9.977e-14 ; True ; 1 20 173 388 438 547 713 723 900  ; 3 1 6 3 7 2 5 3 3 4 3 3 4 3 3 3 3 1 
122 ; 1.003e-13 ; True ; 1 163 173 388 438 547 713 723 900  ; 4 1 6 3 7 2 5 4 2 4 3 2 5 3 3 3 4 1 
123.7 ; 1.123e-13 ; True ; 1 20 30 156 388 438 547 723 900  ; 3 1 6 2 7 2 5 3 4 5 5 3 4 2 3 3 3 1 
124.8 ; 1.146e-13 ; True ; 1 20 30 156 388 547 723 885 900  ; 3 1 6 2 7 2 6 3 4 4 4 4 3 2 4 3 3 1 
127.2 ; 1.178e-13 ; True ; 1 20 173 329 388 438 634 713 723 900  ; 4 1 7 3 7 2 6 2 3 4 4 4 3 2 3 4 3 1 
128 ; 1.179e-13 ; True ; 1 112 163 173 388 438 547 723 900  ; 4 1 7 2 7 2 4 5 3 5 3 2 5 3 2 4 4 1 
128.1 ; 1.204e-13 ; True ; 1 112 163 388 438 547 634 723 900  ; 3 1 6 2 7 2 4 4 3 5 4 2 4 3 3 5 3 1 
128.9 ; 1.225e-13 ; True ; 1 112 163 260 388 484 547 723 900  ; 3 1 7 3 6 2 4 4 3 5 3 2 5 3 2 4 4 1 
129 ; 1.31e-13 ; True ; 1 30 163 388 455 547 723 885 900  ; 4 1 6 3 6 2 5 3 3 4 3 2 4 3 4 3 4 1 
129 ; 1.428e-13 ; True ; 1 20 127 173 388 438 634 713 723 900  ; 3 1 7 3 8 2 5 3 3 4 4 4 3 3 3 3 3 1 
131.1 ; 1.429e-13 ; True ; 1 20 30 112 173 388 547 723 900  ; 3 1 7 2 7 2 5 3 4 5 3 3 4 3 3 4 3 1 
131.4 ; 1.55e-13 ; True ; 1 30 156 163 388 547 723 885 900  ; 4 1 6 2 7 2 6 4 3 4 4 3 4 2 4 3 4 1 
132.9 ; 1.615e-13 ; True ; 1 30 112 163 173 388 547 723 900  ; 4 1 7 2 7 2 5 4 3 5 3 2 5 3 3 4 4 1 
133.9 ; 1.809e-13 ; True ; 1 30 112 163 388 547 723 885 900  ; 4 1 7 2 7 2 5 4 3 5 3 2 4 3 4 4 4 1 
138.3 ; 2.05e-13 ; True ; 1 20 110 173 388 438 547 634 723 900  ; 4 1 7 2 8 2 6 3 3 5 4 4 4 2 3 4 4 1 
140.9 ; 2.816e-13 ; True ; 1 20 173 329 388 438 547 713 723 900  ; 4 1 7 3 7 2 6 3 4 4 4 3 4 3 3 4 3 1 
142.8 ; 2.88e-13 ; True ; 1 20 173 388 438 547 634 713 723 900  ; 3 1 6 3 8 2 6 3 3 4 4 4 4 3 4 4 3 1 
145.6 ; 2.996e-13 ; True ; 1 163 173 329 388 438 547 713 723 900  ; 5 1 7 3 7 2 6 4 3 4 4 2 5 3 3 4 4 1 
147.6 ; 3.255e-13 ; True ; 1 163 173 388 438 547 634 713 723 900  ; 4 1 6 3 8 2 6 4 2 4 4 3 5 3 4 4 4 1 
149.6 ; 3.311e-13 ; True ; 1 20 173 260 388 438 547 713 723 900  ; 3 1 7 3 7 2 6 4 3 4 4 4 5 3 3 3 4 1 
150.5 ; 3.426e-13 ; True ; 1 163 173 388 438 455 547 634 723 900  ; 4 1 6 3 7 2 5 4 3 4 4 3 5 3 3 4 4 1 
150.6 ; 3.864e-13 ; True ; 1 20 30 173 388 438 547 713 723 900  ; 4 1 7 3 8 2 6 3 3 5 4 3 5 3 4 3 4 1 
153.3 ; 3.994e-13 ; True ; 1 20 30 156 388 438 547 723 885 900  ; 4 1 7 2 8 2 6 4 4 5 5 4 4 2 4 3 4 1 
153.8 ; 4.058e-13 ; True ; 1 20 30 388 438 547 713 723 885 900  ; 4 1 7 3 8 2 6 3 3 5 4 3 4 3 5 3 4 1 
155.5 ; 4.167e-13 ; True ; 1 112 163 173 388 438 547 634 723 900  ; 4 1 7 2 8 2 5 5 3 5 4 3 5 3 3 5 4 1 
156.3 ; 4.382e-13 ; True ; 1 20 30 156 388 438 547 713 723 900  ; 3 1 6 3 8 3 6 3 4 5 5 3 4 3 4 3 3 1 
158.5 ; 4.392e-13 ; True ; 1 20 163 388 438 547 634 713 723 900  ; 3 1 6 3 8 2 6 3 3 4 4 3 4 3 4 4 3 2 
158.5 ; 4.713e-13 ; True ; 1 20 30 112 173 388 438 547 723 900  ; 4 1 8 2 8 2 5 4 4 6 4 3 5 3 3 4 4 1 
159.3 ; 4.831e-13 ; True ; 1 20 163 173 388 438 547 713 723 900  ; 4 1 7 3 8 2 6 4 3 4 3 3 5 3 3 3 4 2 
160.5 ; 5.028e-13 ; True ; 1 112 163 173 388 438 547 634 713 723  ; 4 1 7 2 9 2 6 5 3 4 4 3 5 4 4 4 4 1 
161.7 ; 5.278e-13 ; True ; 1 20 30 112 388 438 547 723 885 900  ; 4 1 8 2 8 2 5 4 4 6 4 3 4 3 4 4 4 1 
164.3 ; 5.282e-13 ; True ; 1 30 112 163 173 388 547 723 885 900  ; 5 1 8 2 8 2 6 5 3 5 3 3 5 3 4 4 5 1 
164.5 ; 5.41e-13 ; True ; 1 20 163 388 438 547 713 723 885 900  ; 4 1 7 3 8 2 6 4 3 4 3 3 4 3 4 3 4 2 
164.7 ; 5.439e-13 ; True ; 1 20 30 156 163 388 438 547 723 900  ; 4 1 7 2 8 2 6 4 4 5 5 3 5 2 3 3 4 2 
165.5 ; 5.556e-13 ; True ; 1 20 30 112 173 388 438 547 713 723  ; 4 1 8 2 9 2 6 4 4 5 4 3 5 4 4 3 4 1 
165.7 ; 5.791e-13 ; True ; 1 20 30 156 163 388 547 723 885 900  ; 4 1 7 2 8 2 7 4 4 4 4 4 4 2 4 3 4 2 
165.9 ; 5.838e-13 ; True ; 1 20 156 163 388 438 547 713 723 900  ; 3 1 6 3 8 3 6 4 4 4 4 3 4 3 3 3 3 2 
166.5 ; 7.024e-13 ; True ; 1 20 173 329 388 438 547 634 713 723 900  ; 4 1 7 3 8 2 7 3 4 4 5 4 4 3 4 5 3 1 
168.9 ; 7.103e-13 ; True ; 1 20 110 173 329 388 438 547 713 723 900  ; 5 1 8 3 8 3 7 3 4 5 4 3 4 3 3 4 4 1 
170.1 ; 7.33e-13 ; True ; 1 20 127 173 388 438 547 634 713 723 900  ; 3 1 7 3 9 2 6 4 4 4 5 4 4 4 4 4 3 1 
170.2 ; 7.569e-13 ; True ; 1 20 173 329 388 438 484 547 713 723 900  ; 5 1 8 4 8 2 6 3 4 5 4 3 5 3 3 4 4 1 
171.9 ; 7.844e-13 ; True ; 1 20 110 173 388 438 547 634 713 723 900  ; 4 1 7 3 9 3 7 3 3 5 4 4 4 3 4 4 4 1 
173 ; 7.887e-13 ; True ; 1 20 260 329 388 438 484 547 713 723 900  ; 4 1 8 4 7 2 6 3 4 5 5 3 5 3 3 4 4 1 
173 ; 8.358e-13 ; True ; 1 20 173 388 438 484 547 634 713 723 900  ; 4 1 7 4 9 2 6 3 3 5 4 4 5 3 4 4 4 1 
173.1 ; 8.404e-13 ; True ; 1 163 173 329 388 438 547 634 713 723 900  ; 5 1 7 3 8 2 7 4 3 4 5 3 5 3 4 5 4 1 
174.1 ; 8.463e-13 ; True ; 1 20 173 260 329 388 438 547 713 723 900  ; 4 1 8 3 7 2 7 4 4 4 5 4 5 3 3 4 4 1 
175.8 ; 8.696e-13 ; True ; 1 20 156 329 388 438 484 547 713 723 900  ; 4 1 7 4 8 3 6 3 5 5 5 3 4 3 3 4 3 1 
175.9 ; 9.331e-13 ; True ; 1 20 156 173 329 388 438 547 713 723 900  ; 4 1 7 3 8 3 7 4 5 4 5 4 4 3 3 4 3 1 
177.1 ; 9.627e-13 ; True ; 1 20 30 173 388 438 547 634 713 723 900  ; 4 1 7 3 9 2 7 3 3 5 5 4 5 3 5 4 4 1 
179.2 ; 9.796e-13 ; True ; 1 20 30 173 388 438 455 547 634 723 900  ; 4 1 7 3 8 2 6 3 4 5 5 4 5 3 4 4 4 1 
180.4 ; 1.015e-12 ; True ; 1 20 156 173 388 438 484 547 634 713 723  ; 4 1 7 3 10 2 7 4 4 4 5 5 5 3 4 3 4 1 
181.9 ; 1.026e-12 ; True ; 1 20 30 156 329 388 438 547 713 723 900  ; 4 1 7 3 8 3 7 3 5 5 6 3 4 3 4 4 3 1 
182 ; 1.076e-12 ; True ; 1 20 112 173 388 438 484 547 634 723 900  ; 4 1 8 3 9 2 5 4 4 6 4 4 5 3 3 5 4 1 
182.5 ; 1.111e-12 ; True ; 1 20 156 173 388 438 484 547 713 723 900  ; 4 1 7 4 9 3 6 4 4 5 4 4 5 3 3 3 4 1 
185.4 ; 1.118e-12 ; True ; 1 156 163 173 329 388 438 547 713 723 900  ; 5 1 7 3 8 3 7 5 4 4 5 3 5 3 3 4 4 1 
185.9 ; 1.238e-12 ; True ; 1 20 163 173 329 388 438 547 713 723 900  ; 5 1 8 3 8 2 7 4 4 4 4 3 5 3 3 4 4 2 
186.5 ; 1.365e-12 ; True ; 1 20 30 156 173 388 438 547 713 723 900  ; 4 1 7 3 9 3 7 4 4 5 5 4 5 3 4 3 4 1 
187.8 ; 1.368e-12 ; True ; 1 20 163 173 388 438 547 634 713 723 900  ; 4 1 7 3 9 2 7 4 3 4 4 4 5 3 4 4 4 2 
189.7 ; 1.368e-12 ; True ; 1 20 30 156 388 438 455 547 723 885 900  ; 4 1 7 3 8 3 6 4 5 5 5 4 4 3 4 3 4 1 
189.7 ; 1.433e-12 ; True ; 1 20 30 156 388 438 547 713 723 885 900  ; 4 1 7 3 9 3 7 4 4 5 5 4 4 3 5 3 4 1 
191.1 ; 1.447e-12 ; True ; 1 112 163 173 388 438 547 634 713 723 900  ; 4 1 7 3 9 3 6 5 3 5 4 3 5 4 4 5 4 1 
193.8 ; 1.468e-12 ; True ; 1 20 30 163 388 438 547 634 713 723 900  ; 4 1 7 3 9 2 7 3 3 5 5 3 5 3 5 4 4 2 
194.6 ; 1.536e-12 ; True ; 1 20 30 163 173 388 438 547 713 723 900  ; 5 1 8 3 9 2 7 4 3 5 4 3 6 3 4 3 5 2 
195.1 ; 1.636e-12 ; True ; 1 20 30 112 173 388 438 547 713 723 900  ; 4 1 8 3 9 3 6 4 4 6 4 3 5 4 4 4 4 1 
196.7 ; 1.641e-12 ; True ; 1 20 112 163 388 438 484 547 634 723 900  ; 4 1 8 3 9 2 5 4 4 6 4 3 5 3 3 5 4 2 
197.1 ; 1.651e-12 ; True ; 1 20 156 163 388 438 484 547 634 713 723  ; 4 1 7 3 10 2 7 4 4 4 5 4 5 3 4 3 4 2 
197.2 ; 1.708e-12 ; True ; 1 20 156 163 173 388 438 547 713 723 900  ; 4 1 7 3 9 3 7 5 4 4 4 4 5 3 3 3 4 2 
197.4 ; 1.749e-12 ; True ; 1 20 110 173 329 388 438 547 634 713 723 900  ; 5 1 8 3 9 3 8 3 4 5 5 4 4 3 4 5 4 1 
198.4 ; 1.776e-12 ; True ; 1 20 30 112 156 388 484 547 723 885 900  ; 4 1 8 3 9 3 6 4 5 6 4 4 4 3 4 4 4 1 
198.6 ; 1.887e-12 ; True ; 1 20 173 329 388 438 484 547 634 713 723 900  ; 5 1 8 4 9 2 7 3 4 5 5 4 5 3 4 5 4 1 
202.2 ; 2.081e-12 ; True ; 1 20 30 156 163 388 438 547 713 723 900  ; 4 1 7 3 9 3 7 4 4 5 5 3 5 3 4 3 4 2 
204.9 ; 2.11e-12 ; True ; 1 20 25 173 329 388 438 547 634 713 723 900  ; 4 1 8 4 9 2 8 4 4 5 5 4 5 3 4 5 4 1 
207.7 ; 2.111e-12 ; True ; 1 20 30 112 163 388 438 547 634 713 723  ; 4 1 8 2 10 2 7 4 4 5 5 3 5 4 5 4 4 2 
207.9 ; 2.157e-12 ; True ; 1 20 112 260 329 388 484 547 612 723 781 900  ; 5 1 9 3 8 2 6 4 5 5 5 4 6 3 3 5 5 1 
207.9 ; 2.174e-12 ; True ; 1 20 156 173 329 388 438 484 547 634 713 723  ; 5 1 8 3 10 2 8 4 5 4 6 5 5 3 4 4 4 1 
208 ; 2.419e-12 ; True ; 1 20 30 112 156 163 388 484 547 723 900  ; 4 1 8 3 9 3 6 4 5 6 4 3 5 3 3 4 4 2 
209 ; 2.507e-12 ; True ; 1 20 156 173 329 388 438 484 547 713 723 900  ; 5 1 8 4 9 3 7 4 5 5 5 4 5 3 3 4 4 1 
211 ; 2.527e-12 ; True ; 1 20 30 112 156 163 388 547 723 885 900  ; 4 1 8 2 9 3 7 5 5 5 4 4 4 3 4 4 4 2 
211.8 ; 2.767e-12 ; True ; 1 20 156 173 388 438 484 547 634 713 723 900  ; 4 1 7 4 10 3 7 4 4 5 5 5 5 3 4 4 4 1 
215 ; 2.923e-12 ; True ; 1 20 30 156 173 329 388 438 547 713 723 900  ; 5 1 8 3 9 3 8 4 5 5 6 4 5 3 4 4 4 1 
216 ; 3.026e-12 ; True ; 1 20 30 156 173 388 438 547 634 713 723 900  ; 4 1 7 3 10 3 8 4 4 5 6 5 5 3 5 4 4 1 
216.3 ; 3.05e-12 ; True ; 1 20 163 173 329 388 438 547 634 713 723 900  ; 5 1 8 3 9 2 8 4 4 4 5 4 5 3 4 5 4 2 
219 ; 3.215e-12 ; True ; 1 20 127 163 173 388 438 547 634 713 723 900  ; 4 1 8 3 10 2 7 5 4 4 5 4 5 4 4 4 4 2 
219.5 ; 3.321e-12 ; True ; 1 20 112 173 388 438 484 547 634 713 723 900  ; 4 1 8 4 10 3 6 4 4 6 4 4 5 4 4 5 4 1 
222 ; 3.323e-12 ; True ; 1 20 163 173 388 438 484 547 634 713 723 900  ; 5 1 8 4 10 2 7 4 3 5 4 4 6 3 4 4 5 2 
223 ; 3.378e-12 ; True ; 1 20 30 156 173 388 438 547 713 723 885 900  ; 5 1 8 3 10 3 8 5 4 5 5 5 5 3 5 3 5 1 
223.8 ; 3.412e-12 ; True ; 1 20 112 260 388 438 484 547 612 713 723 900  ; 4 1 8 4 9 3 5 4 4 6 4 4 6 4 4 4 5 1 
224.5 ; 3.424e-12 ; True ; 1 20 30 112 173 329 388 438 547 713 723 900  ; 5 1 9 3 9 3 7 4 5 6 5 3 5 4 4 5 4 1 
225 ; 3.477e-12 ; True ; 1 20 30 163 173 329 388 438 547 713 723 900  ; 6 1 9 3 9 2 8 4 4 5 5 3 6 3 4 4 5 2 
225.6 ; 3.825e-12 ; True ; 1 20 30 112 173 388 438 547 634 713 723 900  ; 4 1 8 3 10 3 7 4 4 6 5 4 5 4 5 5 4 1 
228.5 ; 4.202e-12 ; True ; 1 20 156 163 173 388 438 547 634 713 723 900  ; 4 1 7 3 10 3 8 5 4 4 5 5 5 3 4 4 4 2 
230.4 ; 4.501e-12 ; True ; 1 20 156 163 388 438 484 547 634 713 723 900  ; 4 1 7 4 10 3 7 4 4 5 5 4 5 3 4 4 4 2 
234.5 ; 4.921e-12 ; True ; 1 20 30 156 163 388 438 547 634 713 723 900  ; 4 1 7 3 10 3 8 4 4 5 6 4 5 3 5 4 4 2 
236.2 ; 5.065e-12 ; True ; 1 20 112 163 388 438 484 547 634 713 723 900  ; 4 1 8 4 10 3 6 4 4 6 4 3 5 4 4 5 4 2 
236.3 ; 5.315e-12 ; True ; 1 20 112 163 173 388 438 547 634 713 723 900  ; 4 1 8 3 10 3 7 5 4 5 4 4 5 4 4 5 4 2 
239.5 ; 5.494e-12 ; True ; 1 20 30 156 163 388 438 547 713 723 885 900  ; 5 1 8 3 10 3 8 5 4 5 5 4 5 3 5 3 5 2 
240.3 ; 5.562e-12 ; True ; 1 20 156 173 329 388 438 484 547 634 713 723 900  ; 5 1 8 4 10 3 8 4 5 5 6 5 5 3 4 5 4 1 
242.2 ; 5.833e-12 ; True ; 1 20 30 112 163 388 438 547 634 713 723 900  ; 4 1 8 3 10 3 7 4 4 6 5 3 5 4 5 5 4 2 
243.1 ; 6.03e-12 ; True ; 1 20 30 112 156 163 388 484 547 634 723 900  ; 4 1 8 3 10 3 7 4 5 6 5 4 5 3 4 5 4 2 
244.1 ; 6.039e-12 ; True ; 1 20 30 112 163 173 388 438 547 713 723 900  ; 5 1 9 3 10 3 7 5 4 6 4 3 6 4 4 4 5 2 
245.4 ; 6.412e-12 ; True ; 1 20 112 156 163 388 438 484 547 634 713 723  ; 4 1 8 3 11 3 7 5 5 5 5 4 5 4 4 4 4 2 
248.2 ; 6.591e-12 ; True ; 1 20 30 112 163 388 438 547 713 723 885 900  ; 5 1 9 3 10 3 7 5 4 6 4 3 5 4 5 4 5 2 
248.2 ; 6.812e-12 ; True ; 1 20 30 112 156 163 388 484 547 723 885 900  ; 5 1 9 3 10 3 7 5 5 6 4 4 5 3 4 4 5 2 
250.2 ; 6.881e-12 ; True ; 1 20 30 112 156 163 388 484 547 634 713 723  ; 4 1 8 3 11 3 8 4 5 5 5 4 5 4 5 4 4 2 
251.5 ; 6.924e-12 ; True ; 1 20 30 112 156 163 388 438 547 713 723 900  ; 4 1 8 3 10 4 7 5 5 6 5 3 5 4 4 4 4 2 
252.4 ; 7.056e-12 ; True ; 1 20 163 173 329 388 438 484 547 634 713 723 900  ; 6 1 9 4 10 2 8 4 4 5 5 4 6 3 4 5 5 2 
253.9 ; 7.277e-12 ; True ; 1 20 112 260 329 388 438 484 547 612 713 723 900  ; 5 1 9 4 9 3 6 4 5 6 5 4 6 4 4 5 5 1 
256.3 ; 7.296e-12 ; True ; 1 20 30 112 156 163 388 484 547 713 723 885  ; 5 1 9 3 11 3 8 5 5 5 4 4 5 4 5 3 5 2 
256.6 ; 7.313e-12 ; True ; 1 20 112 173 388 438 484 547 612 634 713 723 900  ; 5 1 8 4 11 3 6 4 4 6 4 5 6 4 5 5 5 1 
257.1 ; 7.335e-12 ; True ; 1 20 163 260 329 388 438 484 547 634 713 723 900  ; 5 1 9 4 9 2 8 4 4 5 6 4 6 3 4 5 5 2 
257.4 ; 7.454e-12 ; True ; 1 20 112 260 329 388 438 484 537 547 713 723 900  ; 4 1 9 4 9 3 6 5 5 6 5 4 6 4 4 5 5 1 
258 ; 7.624e-12 ; True ; 1 20 112 260 388 438 484 547 612 634 713 723 900  ; 4 1 8 4 10 3 6 4 4 6 5 5 6 4 5 5 5 1 
258.4 ; 7.653e-12 ; True ; 1 20 30 163 173 329 388 438 547 634 713 723 900  ; 6 1 9 3 10 2 9 4 4 5 6 4 6 3 5 5 5 2 
258.6 ; 7.856e-12 ; True ; 1 20 112 173 260 388 438 484 547 634 713 723 900  ; 4 1 9 4 10 3 7 5 4 6 5 5 6 4 4 5 5 1 
259.8 ; 8.265e-12 ; True ; 1 20 163 173 329 388 438 455 547 634 713 723 900  ; 5 1 8 4 9 3 8 4 5 4 5 4 5 4 4 5 4 2 
260 ; 8.378e-12 ; True ; 1 20 156 163 173 329 388 438 547 634 713 723 900  ; 5 1 8 3 10 3 9 5 5 4 6 5 5 3 4 5 4 2 
260.8 ; 9.046e-12 ; True ; 1 20 156 163 329 388 438 484 547 634 713 723 900  ; 5 1 8 4 10 3 8 4 5 5 6 4 5 3 4 5 4 2 
265.5 ; 9.228e-12 ; True ; 1 20 156 163 329 388 438 484 547 612 713 723 900  ; 6 1 8 4 10 3 7 4 5 5 5 4 6 3 4 4 5 2 
266.6 ; 1.021e-11 ; True ; 1 20 156 163 173 388 438 484 547 634 713 723 900  ; 5 1 8 4 11 3 8 5 4 5 5 5 6 3 4 4 5 2 
268.6 ; 1.056e-11 ; True ; 1 20 112 163 173 329 388 438 547 634 713 723 900  ; 5 1 9 3 10 3 8 5 5 5 5 4 5 4 4 6 4 2 
270.5 ; 1.063e-11 ; True ; 1 20 112 163 173 388 438 547 634 636 713 723 900  ; 4 1 8 4 11 3 7 5 4 5 5 4 6 4 4 5 5 2 
270.7 ; 1.107e-11 ; True ; 1 20 30 156 163 173 388 438 547 634 713 723 900  ; 5 1 8 3 11 3 9 5 4 5 6 5 6 3 5 4 5 2 
273.4 ; 1.226e-11 ; True ; 1 20 112 163 173 388 438 484 547 634 713 723 900  ; 5 1 9 4 11 3 7 5 4 6 4 4 6 4 4 5 5 2 
277.3 ; 1.278e-11 ; True ; 1 20 112 163 260 388 438 484 547 634 713 723 900  ; 4 1 9 4 10 3 7 5 4 6 5 4 6 4 4 5 5 2 
279.4 ; 1.394e-11 ; True ; 1 20 30 112 163 173 388 438 547 634 713 723 900  ; 5 1 9 3 11 3 8 5 4 6 5 4 6 4 5 5 5 2 
281.7 ; 1.405e-11 ; True ; 1 20 112 156 163 388 438 484 547 634 713 723 900  ; 4 1 8 4 11 4 7 5 5 6 5 4 5 4 4 5 4 2 
284.5 ; 1.461e-11 ; True ; 1 20 30 112 163 388 438 547 634 713 723 885 900  ; 5 1 9 3 11 3 8 5 4 6 5 4 5 4 6 5 5 2 
285.5 ; 1.471e-11 ; True ; 1 20 30 112 163 388 438 455 547 634 723 885 900  ; 5 1 9 3 10 3 7 5 5 6 5 4 5 4 5 5 5 2 
286.3 ; 1.475e-11 ; True ; 1 20 30 112 156 163 388 484 547 634 723 885 900  ; 5 1 9 3 11 3 8 5 5 6 5 5 5 3 5 5 5 2 
287.4 ; 1.508e-11 ; True ; 1 20 30 112 156 163 388 484 547 634 713 723 900  ; 4 1 8 4 11 4 8 4 5 6 5 4 5 4 5 5 4 2 
287.8 ; 1.536e-11 ; True ; 1 20 30 112 156 163 388 438 547 634 713 723 900  ; 4 1 8 3 11 4 8 5 5 6 6 4 5 4 5 5 4 2 
289.5 ; 1.616e-11 ; True ; 1 20 30 112 156 163 388 438 484 547 634 713 723  ; 5 1 9 3 12 3 8 5 5 6 6 4 6 4 5 4 5 2 
293.3 ; 1.627e-11 ; True ; 1 20 30 112 156 163 260 388 484 547 713 723 900  ; 4 1 9 4 10 4 8 5 5 6 5 4 6 4 4 4 5 2 
294.5 ; 1.704e-11 ; True ; 1 20 30 112 156 163 388 484 547 713 723 885 900  ; 5 1 9 4 11 4 8 5 5 6 4 4 5 4 5 4 5 2 
294.8 ; 1.737e-11 ; True ; 1 20 30 112 156 163 388 438 547 713 723 885 900  ; 5 1 9 3 11 4 8 6 5 6 5 4 5 4 5 4 5 2 
299.9 ; 1.938e-11 ; True ; 1 20 156 163 173 329 388 438 484 547 634 713 723 900  ; 6 1 9 4 11 3 9 5 5 5 6 5 6 3 4 5 5 2 
304.8 ; 2.029e-11 ; True ; 1 20 112 163 173 329 388 438 547 634 636 713 723 900  ; 5 1 9 4 11 3 8 5 5 5 6 4 6 4 4 6 5 2 
306 ; 2.035e-11 ; True ; 1 20 30 156 163 173 329 388 438 547 634 713 723 900  ; 6 1 9 3 11 3 10 5 5 5 7 5 6 3 5 5 5 2 
306.1 ; 2.038e-11 ; True ; 1 20 25 156 163 329 388 438 484 547 634 713 723 900  ; 5 1 9 5 11 3 9 5 5 6 6 4 6 3 4 5 5 2 
306.7 ; 2.04e-11 ; True ; 1 20 156 163 329 388 438 484 537 547 634 713 723 900  ; 5 1 8 4 11 3 8 5 5 5 6 5 6 3 5 5 5 2 
307.7 ; 2.325e-11 ; True ; 1 20 112 163 173 329 388 438 484 547 634 713 723 900  ; 6 1 10 4 11 3 8 5 5 6 5 4 6 4 4 6 5 2 
311.4 ; 2.417e-11 ; True ; 1 20 112 163 260 329 388 438 484 547 634 713 723 900  ; 5 1 10 4 10 3 8 5 5 6 6 4 6 4 4 6 5 2 
313.4 ; 2.449e-11 ; True ; 1 20 112 163 329 388 438 484 537 547 634 713 723 900  ; 5 1 9 4 11 3 7 5 5 6 5 4 6 4 5 6 5 2 
315.7 ; 2.522e-11 ; True ; 1 20 30 112 163 173 329 388 438 547 634 713 723 900  ; 6 1 10 3 11 3 9 5 5 6 6 4 6 4 5 6 5 2 
316 ; 2.575e-11 ; True ; 1 20 112 156 163 329 388 438 484 547 634 713 723 900  ; 5 1 9 4 11 4 8 5 6 6 6 4 5 4 4 6 4 2 
317.9 ; 2.638e-11 ; True ; 1 20 112 163 260 388 438 484 547 612 634 713 723 900  ; 5 1 9 4 11 3 7 5 4 6 5 5 7 4 5 5 6 2 
320.5 ; 2.802e-11 ; True ; 1 20 30 112 163 173 388 438 484 547 634 713 723 900  ; 6 1 10 4 12 3 8 5 4 7 5 4 7 4 5 5 6 2 
322.9 ; 3.029e-11 ; True ; 1 20 112 156 163 173 388 438 484 547 634 713 723 900  ; 5 1 9 4 12 4 8 6 5 6 5 5 6 4 4 5 5 2 
324.7 ; 3.094e-11 ; True ; 1 20 112 156 163 388 438 484 547 612 634 713 723 900  ; 5 1 8 4 12 4 7 5 5 6 5 5 6 4 5 5 5 2 
328.8 ; 3.163e-11 ; True ; 1 20 30 112 163 173 388 438 455 547 634 713 723 900  ; 5 1 9 4 11 4 8 5 5 6 5 4 6 5 5 5 5 2 
328.9 ; 3.285e-11 ; True ; 1 20 30 112 156 163 173 388 438 547 634 713 723 900  ; 5 1 9 3 12 4 9 6 5 6 6 5 6 4 5 5 5 2 
329.8 ; 3.445e-11 ; True ; 1 20 30 112 156 163 388 438 484 547 634 713 723 900  ; 5 1 9 4 12 4 8 5 5 7 6 4 6 4 5 5 5 2 
337.8 ; 3.583e-11 ; True ; 1 20 30 112 156 163 388 438 484 547 713 723 885 900  ; 6 1 10 4 12 4 8 6 5 7 5 4 6 4 5 4 6 2 
343.8 ; 3.625e-11 ; True ; 1 20 112 163 187 260 329 388 484 547 612 634 713 723 900  ; 5 1 9 4 11 3 9 4 6 5 6 5 6 5 5 6 5 2 
344.8 ; 3.931e-11 ; True ; 1 20 112 163 173 329 388 438 484 547 634 636 713 723 900  ; 6 1 10 5 12 3 8 5 5 6 6 4 7 4 4 6 6 2 
349.7 ; 4.158e-11 ; True ; 1 20 112 127 163 173 329 388 438 484 547 634 713 723 900  ; 6 1 11 4 12 3 8 6 6 6 6 4 6 5 4 6 5 2 
351.1 ; 4.218e-11 ; True ; 1 20 156 163 173 329 388 438 455 484 547 634 713 723 900  ; 6 1 9 5 11 4 9 5 6 5 6 5 6 4 4 5 5 2 
352.3 ; 4.392e-11 ; True ; 1 20 112 163 187 260 388 438 484 547 612 634 713 723 900  ; 5 1 9 4 12 3 8 5 5 6 6 5 7 5 5 5 6 2 
352.5 ; 4.516e-11 ; True ; 1 20 112 163 173 329 388 438 484 547 612 634 713 723 900  ; 7 1 10 4 12 3 8 5 5 6 5 5 7 4 5 6 6 2 
354.5 ; 4.6e-11 ; True ; 1 20 112 163 173 260 329 388 438 484 547 634 713 723 900  ; 6 1 11 4 11 3 9 6 5 6 6 5 7 4 4 6 6 2 
354.8 ; 4.786e-11 ; True ; 1 20 25 112 163 260 329 388 484 547 612 634 713 723 900  ; 5 1 10 5 11 3 9 5 5 6 5 5 7 4 5 6 6 2 
354.8 ; 4.81e-11 ; True ; 1 20 112 163 260 329 388 438 484 547 612 634 713 723 900  ; 6 1 10 4 11 3 8 5 5 6 6 5 7 4 5 6 6 2 
358.3 ; 4.917e-11 ; True ; 1 20 112 163 260 329 388 438 484 537 547 634 713 723 900  ; 5 1 10 4 11 3 8 6 5 6 6 5 7 4 5 6 6 2 
360 ; 5.261e-11 ; True ; 1 20 112 156 163 173 329 388 438 484 547 634 713 723 900  ; 6 1 10 4 12 4 9 6 6 6 6 5 6 4 4 6 5 2 
361.7 ; 5.465e-11 ; True ; 1 20 112 156 163 329 388 438 484 547 612 634 713 723 900  ; 6 1 9 4 12 4 8 5 6 6 6 5 6 4 5 6 5 2 
365.8 ; 5.587e-11 ; True ; 1 20 112 156 163 329 388 438 484 537 547 634 713 723 900  ; 5 1 9 4 12 4 8 6 6 6 6 5 6 4 5 6 5 2 
367.9 ; 5.824e-11 ; True ; 1 20 30 112 156 163 329 388 438 484 547 634 713 723 900  ; 6 1 10 4 12 4 9 5 6 7 7 4 6 4 5 6 5 2 
371.2 ; 6.017e-11 ; True ; 1 20 112 156 163 260 388 438 484 547 612 634 713 723 900  ; 5 1 9 4 12 4 8 6 5 6 6 6 7 4 5 5 6 2 
373 ; 6.165e-11 ; True ; 1 20 25 112 156 163 388 438 484 547 612 634 713 723 900  ; 5 1 9 5 13 4 8 6 5 7 5 5 7 4 5 5 6 2 
376 ; 6.2e-11 ; True ; 1 20 30 112 156 163 388 438 547 634 636 713 723 885 900  ; 5 1 9 4 13 4 9 6 5 6 7 5 6 4 6 5 6 2 
376.6 ; 6.584e-11 ; True ; 1 20 30 112 156 163 388 438 484 547 612 634 713 723 900  ; 6 1 9 4 13 4 8 5 5 7 6 5 7 4 6 5 6 2 
379.9 ; 7.1e-11 ; True ; 1 20 30 112 156 163 388 438 484 547 634 713 723 885 900  ; 6 1 10 4 13 4 9 6 5 7 6 5 6 4 6 5 6 2 
390.8 ; 7.258e-11 ; True ; 1 20 30 112 156 163 388 438 455 484 547 634 713 723 885  ; 6 1 10 4 13 4 9 6 6 6 6 5 6 5 6 4 6 2 
396.6 ; 7.653e-11 ; True ; 1 20 112 163 173 329 388 438 484 537 547 634 636 713 723 900  ; 6 1 10 5 13 3 8 6 5 6 6 5 8 4 5 6 7 2 
399.8 ; 7.972e-11 ; True ; 1 20 112 163 173 329 388 438 484 547 634 636 713 723 885 900  ; 7 1 11 5 13 3 9 6 5 6 6 5 7 4 5 6 7 2 
400.9 ; 8.226e-11 ; True ; 1 20 25 112 163 260 329 388 484 547 612 634 713 723 765 900  ; 5 1 10 6 12 3 9 6 5 7 5 5 8 4 5 6 7 2 
401 ; 8.657e-11 ; True ; 1 20 112 156 163 173 329 388 438 484 547 634 636 713 723 900  ; 6 1 10 5 13 4 9 6 6 6 7 5 7 4 4 6 6 2 
404.9 ; 8.928e-11 ; True ; 1 20 30 156 163 173 329 388 438 455 484 547 634 713 723 900  ; 7 1 10 5 12 4 10 5 6 6 7 5 7 4 5 5 6 2 
406.2 ; 9.18e-11 ; True ; 1 20 112 156 163 173 187 388 438 484 547 612 634 713 723 900  ; 6 1 9 4 14 4 9 6 6 6 6 6 7 5 5 5 6 2 
406.8 ; 9.193e-11 ; True ; 1 20 112 156 163 329 388 438 484 537 547 634 636 713 723 900  ; 5 1 9 5 13 4 8 6 6 6 7 5 7 4 5 6 6 2 
408.7 ; 9.812e-11 ; True ; 1 20 112 156 163 173 329 388 438 484 547 612 634 713 723 900  ; 7 1 10 4 13 4 9 6 6 6 6 6 7 4 5 6 6 2 
411.1 ; 1.017e-10 ; True ; 1 20 112 156 163 260 329 388 438 484 547 612 634 713 723 900  ; 6 1 10 4 12 4 9 6 6 6 7 6 7 4 5 6 6 2 
412.6 ; 1.025e-10 ; True ; 1 20 112 156 163 329 388 438 484 537 547 612 634 713 723 900  ; 6 1 9 4 13 4 8 6 6 6 6 6 7 4 6 6 6 2 
412.8 ; 1.071e-10 ; True ; 1 20 25 112 156 163 329 388 438 484 547 612 634 713 723 900  ; 6 1 10 5 13 4 9 6 6 7 6 5 7 4 5 6 6 2 
417.5 ; 1.086e-10 ; True ; 1 20 30 112 156 163 329 388 438 484 547 612 634 713 723 900  ; 7 1 10 4 13 4 9 5 6 7 7 5 7 4 6 6 6 2 
421.9 ; 1.157e-10 ; True ; 1 20 30 112 156 163 329 388 438 484 547 634 713 723 885 900  ; 7 1 11 4 13 4 10 6 6 7 7 5 6 4 6 6 6 2 
426.9 ; 1.196e-10 ; True ; 1 20 30 112 156 163 173 388 438 484 547 634 713 723 885 900  ; 7 1 11 4 14 4 10 7 5 7 6 6 7 4 6 5 7 2 
434 ; 1.207e-10 ; True ; 1 20 25 30 112 156 163 173 388 438 547 634 713 723 885 900  ; 6 1 11 4 14 4 11 8 5 7 6 6 7 4 6 5 7 2 
435 ; 1.235e-10 ; True ; 1 20 30 112 156 163 173 388 438 455 547 612 634 713 723 900  ; 6 1 9 4 13 5 9 6 6 6 6 6 7 5 6 5 6 2 
435.1 ; 1.236e-10 ; True ; 1 20 30 112 156 163 388 438 484 547 634 713 723 765 885 900  ; 6 1 10 5 14 4 9 7 5 8 6 5 7 4 6 5 7 2 
445.7 ; 1.293e-10 ; True ; 1 20 30 112 156 163 260 388 438 455 484 547 713 723 885 900  ; 6 1 11 5 12 5 9 7 6 7 6 5 7 5 5 4 7 2 
447.5 ; 1.307e-10 ; True ; 1 20 25 112 163 260 329 388 484 547 612 634 713 723 765 781 900  ; 6 1 11 6 13 3 10 7 5 7 6 5 9 4 5 6 8 2 
447.9 ; 1.33e-10 ; True ; 1 20 30 112 156 163 173 329 388 438 547 634 713 723 874 900  ; 6 1 10 4 12 5 10 6 6 7 7 5 7 5 5 6 6 2 
449 ; 1.331e-10 ; True ; 1 20 112 156 163 329 388 438 484 547 634 713 723 874 885 900  ; 6 1 10 5 12 5 9 6 6 7 6 5 6 5 5 6 6 2 
451.6 ; 1.545e-10 ; True ; 1 20 112 156 163 173 329 388 438 484 547 612 634 636 713 723 900  ; 7 1 10 5 14 4 9 6 6 6 7 6 8 4 5 6 7 2 
460 ; 1.633e-10 ; True ; 1 20 112 156 163 173 329 388 438 484 547 634 636 713 723 885 900  ; 7 1 11 5 14 4 10 7 6 6 7 6 7 4 5 6 7 2 
461.7 ; 1.708e-10 ; True ; 1 20 25 112 156 163 329 388 484 537 547 612 634 713 723 765 900  ; 5 1 9 6 14 4 9 7 6 7 5 6 8 4 6 6 7 2 
464 ; 1.774e-10 ; True ; 1 20 112 156 163 260 329 388 438 484 547 612 634 713 723 765 900  ; 6 1 10 5 13 4 9 7 6 7 7 6 8 4 5 6 7 2 
465.5 ; 1.788e-10 ; True ; 1 20 112 156 163 329 388 438 484 537 547 612 634 713 723 765 900  ; 6 1 9 5 14 4 8 7 6 7 6 6 8 4 6 6 7 2 
470.2 ; 1.901e-10 ; True ; 1 20 112 156 163 260 329 388 438 455 484 547 612 634 713 723 900  ; 6 1 10 5 12 5 9 6 7 6 7 6 7 5 5 6 6 2 
473.5 ; 1.906e-10 ; True ; 1 20 30 112 156 163 329 388 438 484 547 612 634 713 723 765 900  ; 7 1 10 5 14 4 9 6 6 8 7 5 8 4 6 6 7 2 
476.7 ; 1.945e-10 ; True ; 1 20 30 112 156 163 329 388 438 484 537 547 634 713 723 765 900  ; 6 1 10 5 14 4 9 7 6 8 7 5 8 4 6 6 7 2 
479.7 ; 2.004e-10 ; True ; 1 20 30 112 156 163 329 388 438 484 537 547 634 713 723 885 900  ; 7 1 11 4 14 4 10 7 6 7 7 6 7 4 7 6 7 2 
479.9 ; 2.015e-10 ; True ; 1 20 30 112 156 163 329 388 438 484 547 634 713 723 765 885 900  ; 7 1 11 5 14 4 10 7 6 8 7 5 7 4 6 6 7 2 
483 ; 2.127e-10 ; True ; 1 20 30 112 156 163 329 388 438 455 483 484 547 634 713 723 900  ; 6 1 10 5 13 5 9 6 7 7 7 5 7 5 6 6 6 2 
497.5 ; 2.164e-10 ; True ; 1 20 30 112 156 163 388 455 484 547 612 634 713 723 765 885 900  ; 6 1 9 6 14 5 9 6 6 7 5 6 7 5 7 5 7 2 
497.9 ; 2.197e-10 ; True ; 1 20 112 156 163 260 329 388 438 484 547 612 634 713 723 874 900  ; 6 1 10 5 12 5 9 6 6 7 7 6 8 5 5 6 7 2 
502.8 ; 2.25e-10 ; True ; 1 20 30 112 156 163 329 388 438 547 634 636 713 723 874 885 900  ; 6 1 10 5 13 5 10 6 6 7 8 5 7 5 6 6 7 2 
503.3 ; 2.3e-10 ; True ; 1 20 30 112 156 163 329 388 438 484 547 612 634 713 723 874 900  ; 7 1 10 5 13 5 9 5 6 8 7 5 8 5 6 6 7 2 
504.5 ; 2.322e-10 ; True ; 1 20 112 156 163 329 388 438 484 547 612 634 713 723 874 885 900  ; 7 1 10 5 13 5 9 6 6 7 6 6 7 5 6 6 7 2 
506.6 ; 2.323e-10 ; True ; 1 20 112 156 163 260 329 388 438 484 547 634 713 723 874 885 900  ; 6 1 11 5 12 5 10 7 6 7 7 6 7 5 5 6 7 2 
506.7 ; 2.496e-10 ; True ; 1 20 30 112 156 163 329 388 438 484 547 634 713 723 874 885 900  ; 7 1 11 5 13 5 10 6 6 8 7 5 7 5 6 6 7 2 
513.5 ; 2.562e-10 ; True ; 1 20 112 156 163 260 329 388 438 484 537 547 612 688 713 723 765 900  ; 6 1 10 5 14 5 8 8 6 7 6 6 9 5 5 6 8 2 
516.3 ; 2.617e-10 ; True ; 1 20 112 163 187 329 388 438 455 483 484 547 612 634 713 723 885 900  ; 7 1 10 5 14 4 9 6 7 6 6 6 7 6 7 6 7 2 
518 ; 2.712e-10 ; True ; 1 20 112 156 163 173 260 329 388 438 484 547 612 634 713 723 765 900  ; 7 1 11 5 14 4 10 8 6 7 7 7 9 4 5 6 8 2 
520.5 ; 2.783e-10 ; True ; 1 20 112 156 163 329 388 438 484 547 612 634 636 713 723 765 885 900  ; 7 1 10 6 15 4 9 7 6 7 7 6 8 4 6 6 8 2 
520.9 ; 2.808e-10 ; True ; 1 20 112 156 163 260 329 388 438 484 547 612 634 636 713 723 769 900  ; 6 1 10 6 13 5 9 6 6 7 8 6 8 5 5 6 7 2 
525.6 ; 2.913e-10 ; True ; 1 20 25 112 156 163 329 388 484 537 547 612 634 713 723 765 867 900  ; 6 1 10 6 15 4 10 7 6 7 6 6 8 5 6 7 7 2 
528.5 ; 2.937e-10 ; True ; 1 20 30 112 156 163 173 329 388 438 484 547 612 634 713 723 885 900  ; 9 1 12 4 15 4 11 7 6 7 7 7 8 4 7 6 8 2 
528.6 ; 3.071e-10 ; True ; 1 20 112 156 163 173 329 388 438 455 484 547 612 634 713 723 765 900  ; 7 1 10 6 14 5 9 7 7 7 6 6 8 5 5 6 7 2 
535.1 ; 3.348e-10 ; True ; 1 20 112 156 163 260 329 388 438 455 484 547 612 634 713 723 885 900  ; 7 1 11 5 13 5 10 7 7 6 7 7 7 5 6 6 7 2 
538.6 ; 3.364e-10 ; True ; 1 20 112 156 163 329 388 438 455 484 547 612 634 713 723 765 885 900  ; 7 1 10 6 14 5 9 7 7 7 6 6 7 5 6 6 7 2 
542.6 ; 3.369e-10 ; True ; 1 20 112 156 163 329 388 438 455 484 537 547 634 713 723 765 885 900  ; 6 1 10 6 14 5 9 8 7 7 6 6 7 5 6 6 7 2 
545.9 ; 3.746e-10 ; True ; 1 20 30 112 156 163 329 388 438 455 483 484 547 634 713 723 885 900  ; 7 1 11 5 14 5 10 7 7 7 7 6 7 5 7 6 7 2 
561.5 ; 3.951e-10 ; True ; 1 20 30 112 156 163 173 329 388 438 484 547 634 713 723 874 885 900  ; 8 1 12 5 14 5 11 7 6 8 7 6 8 5 6 6 8 2 
576.6 ; 4.319e-10 ; True ; 1 20 112 156 163 260 329 388 438 455 484 547 612 634 713 723 765 805 900  ; 7 1 11 6 14 5 9 7 7 8 7 6 9 5 5 6 8 2 
580.3 ; 4.406e-10 ; True ; 1 20 112 156 163 187 329 388 438 483 484 537 547 634 713 723 765 885 900  ; 6 1 10 5 16 4 10 9 7 7 7 7 8 5 7 6 8 2 
585.7 ; 4.514e-10 ; True ; 1 20 112 156 163 260 329 388 438 484 537 547 612 634 713 723 765 885 900  ; 7 1 11 5 15 4 10 9 6 7 7 8 9 4 7 6 9 2 
585.8 ; 4.658e-10 ; True ; 1 20 25 112 163 260 329 388 438 455 484 547 612 634 713 723 765 885 900  ; 7 1 12 7 14 4 10 8 6 8 6 6 9 5 6 6 9 2 
587.4 ; 4.694e-10 ; True ; 1 20 25 112 156 163 329 388 438 484 537 547 612 634 713 723 765 885 900  ; 7 1 11 6 16 4 10 9 6 8 6 7 9 4 7 6 9 2 
597.8 ; 5.003e-10 ; True ; 1 20 30 112 156 163 329 388 484 547 612 634 636 713 723 765 769 885 900  ; 7 1 10 7 15 5 10 6 6 8 7 6 8 5 7 6 8 2 
598.4 ; 5.035e-10 ; True ; 1 20 112 156 163 260 329 388 484 537 547 612 634 713 723 765 769 885 900  ; 6 1 10 6 14 5 10 8 6 7 6 8 8 5 7 6 8 2 
598.9 ; 5.097e-10 ; True ; 1 20 25 112 163 260 329 388 438 455 484 547 612 634 713 723 769 885 900  ; 7 1 12 7 13 5 10 7 6 8 6 6 8 6 6 6 8 2 
600.2 ; 5.338e-10 ; True ; 1 20 112 156 163 260 329 388 438 455 484 537 547 634 713 723 765 885 900  ; 6 1 11 6 14 5 10 9 7 7 7 7 8 5 6 6 8 2 
603.3 ; 5.818e-10 ; True ; 1 20 30 112 156 163 329 388 438 455 484 547 612 634 713 723 765 885 900  ; 8 1 11 6 15 5 10 7 7 8 7 6 8 5 7 6 8 2 
624 ; 5.945e-10 ; True ; 1 20 30 112 156 163 173 329 388 438 484 547 612 634 713 723 874 885 900  ; 9 1 12 5 15 5 11 7 6 8 7 7 9 5 7 6 9 2 
639.4 ; 6.055e-10 ; True ; 1 20 112 156 163 329 388 438 455 484 537 547 634 713 723 765 874 885 900  ; 6 1 10 7 14 6 9 8 7 8 6 6 8 6 6 6 8 2 
644.5 ; 6.244e-10 ; True ; 1 20 112 156 163 187 329 388 438 455 484 537 547 634 636 723 765 769 885 900  ; 6 1 10 7 15 5 9 8 8 8 8 6 8 6 5 6 8 2 
651.6 ; 6.389e-10 ; True ; 1 20 110 112 156 163 260 329 388 438 483 484 537 547 634 713 723 765 885 900  ; 7 1 12 5 16 5 11 10 6 8 7 8 9 4 7 6 10 2 
654.4 ; 6.511e-10 ; True ; 1 20 112 144 156 163 260 329 388 438 484 537 547 612 634 713 723 765 788 900  ; 6 1 10 5 15 6 10 8 7 7 8 7 10 5 6 7 9 2 
656.4 ; 6.945e-10 ; True ; 1 20 112 156 163 260 329 388 438 484 537 547 612 634 713 723 765 867 885 900  ; 8 1 12 5 16 4 11 9 6 7 8 8 9 5 7 7 9 2 
661.2 ; 7.169e-10 ; True ; 1 20 112 156 163 173 329 388 438 455 483 484 537 547 612 634 713 723 885 900  ; 8 1 11 5 16 5 10 9 7 6 6 9 9 5 8 6 9 2 
673.3 ; 7.177e-10 ; True ; 1 20 112 156 163 260 329 388 455 484 537 547 592 634 713 723 765 805 885 900  ; 6 1 11 7 14 6 10 8 7 8 6 7 8 6 6 6 8 2 
673.7 ; 7.328e-10 ; True ; 1 20 112 156 163 268 329 388 438 455 484 537 547 634 713 723 765 867 885 900  ; 7 1 11 6 16 6 11 8 8 7 7 6 7 6 7 7 7 2 
674.7 ; 8.114e-10 ; True ; 1 20 25 112 156 163 329 388 438 455 484 537 547 634 713 723 765 867 885 900  ; 7 1 12 7 16 5 11 9 7 8 7 6 8 6 6 7 8 2 
689.6 ; 8.274e-10 ; True ; 1 20 112 127 163 260 329 388 438 455 484 547 612 634 713 723 765 874 885 900  ; 7 1 12 7 14 5 9 8 7 8 7 6 9 7 6 6 9 2 
696.3 ; 8.678e-10 ; True ; 1 20 112 156 163 173 329 388 438 455 484 500 547 612 634 713 723 765 885 900  ; 8 1 12 6 16 5 11 9 8 7 7 8 8 6 6 6 8 2 
706.2 ; 8.684e-10 ; True ; 1 20 112 156 163 306 329 388 438 483 484 537 547 634 713 723 765 874 885 900  ; 6 1 10 6 15 5 10 9 6 8 6 7 9 5 7 6 9 3 
709.1 ; 9.414e-10 ; True ; 1 20 112 156 163 260 329 388 413 438 483 484 537 547 612 634 713 723 765 885 900  ; 7 1 11 6 16 5 10 10 6 8 7 9 10 4 8 6 10 2 
716.3 ; 9.98e-10 ; True ; 1 20 112 156 163 187 306 329 388 438 484 537 547 612 634 713 723 765 867 885 900  ; 8 1 11 5 17 4 12 8 7 7 8 7 8 6 7 7 8 3 
733 ; 1.011e-09 ; True ; 1 20 112 144 156 163 260 329 388 438 484 537 547 612 634 713 723 765 788 885 900  ; 7 1 11 5 16 6 11 9 7 7 8 8 10 5 7 7 10 2 
733.7 ; 1.054e-09 ; True ; 1 20 112 156 163 173 329 388 438 455 484 537 547 612 634 713 723 765 786 885 900  ; 8 1 11 6 17 5 11 9 7 8 7 8 9 5 7 7 9 2 
735.4 ; 1.069e-09 ; True ; 1 20 112 127 163 260 329 388 438 484 537 547 612 634 688 713 723 765 874 885 900  ; 7 1 12 6 16 5 9 9 6 8 7 7 10 7 7 7 10 2 
737.8 ; 1.134e-09 ; True ; 1 20 112 156 163 260 329 388 438 455 483 484 547 592 612 634 713 723 805 885 900  ; 8 1 12 6 15 6 10 8 7 8 7 8 9 6 7 6 9 2 
741.8 ; 1.154e-09 ; True ; 1 20 112 156 163 260 268 329 388 438 455 484 537 547 634 713 723 765 769 885 900  ; 6 1 11 7 15 7 11 9 8 8 7 7 8 6 7 6 8 2 
746.2 ; 1.204e-09 ; True ; 1 20 30 112 156 163 268 329 388 438 455 484 537 547 634 713 723 765 867 885 900  ; 8 1 12 6 17 6 12 8 8 8 8 6 8 6 8 7 8 2 
767.6 ; 1.212e-09 ; True ; 1 20 112 156 163 306 329 388 438 484 547 612 634 636 713 723 765 769 874 885 900  ; 7 1 10 8 15 6 10 7 6 9 7 6 9 6 6 6 9 3 
771.8 ; 1.214e-09 ; True ; 1 20 112 156 163 306 329 388 438 484 537 547 634 636 713 723 765 769 874 885 900  ; 6 1 10 8 15 6 10 8 6 9 7 6 9 6 6 6 9 3 
778.9 ; 1.523e-09 ; True ; 1 20 25 30 112 156 163 260 329 388 438 455 537 547 612 634 713 723 874 885 900  ; 7 1 12 6 15 6 12 9 7 8 8 8 10 6 8 6 10 2 
818 ; 1.544e-09 ; True ; 1 20 112 156 163 240 260 329 388 395 455 484 547 612 634 713 723 765 769 867 885 900  ; 8 1 12 7 16 6 13 8 8 7 8 7 8 7 7 8 8 2 
819 ; 1.66e-09 ; True ; 1 20 112 156 163 260 329 388 413 438 483 484 547 612 634 684 713 723 765 817 885 900  ; 7 1 11 7 16 6 10 9 6 9 8 8 9 6 8 7 9 2 
841.6 ; 1.738e-09 ; True ; 1 20 112 156 163 240 260 329 388 438 484 547 612 634 713 723 765 769 867 874 885 900  ; 8 1 12 7 16 6 12 8 7 9 9 7 9 7 6 8 9 2 
868 ; 1.746e-09 ; True ; 1 20 112 156 163 268 306 329 388 438 455 484 537 547 612 634 723 780 867 874 885 900  ; 8 1 11 5 16 6 11 7 8 7 8 7 8 7 8 8 8 3 
880.2 ; 1.785e-09 ; True ; 1 20 112 156 163 260 329 388 438 455 483 484 537 547 634 713 723 765 769 863 885 900  ; 7 1 12 8 15 7 10 10 7 8 7 8 10 6 7 6 10 2 
881.7 ; 2.023e-09 ; True ; 1 20 30 112 156 163 173 329 388 455 484 537 547 612 634 713 723 765 805 856 867 885 900  ; 10 1 13 6 18 6 12 8 7 8 8 9 10 6 8 7 10 2 
882.5 ; 2.103e-09 ; True ; 1 20 112 156 163 173 187 329 388 438 455 483 537 547 634 636 713 723 765 769 867 885 900  ; 7 1 11 7 18 6 12 10 8 7 9 8 9 8 7 7 9 2 
917.5 ; 2.197e-09 ; True ; 1 20 112 156 163 260 268 306 329 388 438 455 483 484 547 612 634 713 723 765 780 867 885  ; 8 1 12 5 18 5 13 9 8 6 9 8 9 7 9 7 9 3 
930 ; 2.233e-09 ; True ; 1 20 112 156 163 260 306 329 388 413 438 483 484 547 612 634 723 769 856 867 874 885 900  ; 8 1 12 6 14 7 11 8 6 9 9 9 9 6 6 7 9 3 
930.7 ; 2.235e-09 ; True ; 1 20 112 126 156 163 260 329 388 438 484 537 547 612 634 713 723 765 769 867 874 885 900  ; 8 1 12 8 17 6 12 9 6 9 8 8 10 7 7 7 11 2 
931.1 ; 2.324e-09 ; True ; 1 20 30 112 156 163 260 329 388 438 484 500 537 547 634 723 765 769 850 874 885 900  ; 8 1 13 6 15 6 12 10 8 10 9 8 10 7 7 6 10 2 
979.4 ; 2.387e-09 ; True ; 1 20 112 156 163 260 268 306 329 388 438 449 455 483 484 547 612 634 713 723 765 780 867 885  ; 8 1 12 5 19 5 13 9 8 6 9 8 10 7 9 7 10 3 
982.4 ; 2.415e-09 ; True ; 1 20 83 112 156 163 173 256 306 329 388 455 484 537 547 612 634 713 723 769 805 874 885 900  ; 8 1 12 7 15 7 12 7 7 9 5 8 9 7 8 7 10 3 
991.3 ; 2.536e-09 ; True ; 1 20 112 156 163 252 260 306 329 388 413 438 483 484 547 612 634 723 769 856 867 874 885 900  ; 8 1 12 6 15 7 12 8 7 9 9 9 9 6 6 7 9 3 
991.6 ; 2.98e-09 ; True ; 1 20 112 156 163 306 329 388 438 484 500 547 612 634 713 723 765 769 780 856 874 885 900  ; 7 1 11 7 16 7 11 8 7 9 9 8 8 8 7 7 8 3 
1029 ; 3.161e-09 ; True ; 1 20 112 156 163 306 329 388 395 413 438 455 547 612 634 713 723 765 780 805 856 874 885 900  ; 8 1 11 7 16 8 11 8 7 9 8 7 9 7 8 7 9 3 
1047 ; 3.242e-09 ; True ; 1 20 112 156 163 260 268 329 388 438 455 484 537 547 612 634 713 723 769 780 781 867 874 885  ; 9 1 13 6 18 7 13 9 8 7 10 8 10 9 9 7 10 2 
1048 ; 3.376e-09 ; True ; 1 20 112 156 163 184 260 306 329 388 438 483 484 547 612 634 713 723 765 780 817 874 885 900  ; 8 1 11 7 17 6 11 9 6 9 8 8 11 7 8 7 11 3 
1064 ; 3.45e-09 ; True ; 1 20 112 156 163 260 306 329 388 438 455 537 547 634 688 713 723 765 805 850 867 874 885 900  ; 8 1 12 6 16 8 13 9 8 8 8 7 9 9 7 8 9 3 
1083 ; 3.534e-09 ; True ; 1 20 112 156 163 173 306 329 388 413 438 455 537 547 612 634 653 684 713 723 765 805 874 885 900  ; 8 1 11 7 17 7 11 9 7 9 7 8 10 7 8 7 10 3 
1091 ; 3.767e-09 ; True ; 1 20 25 156 163 173 306 329 388 455 484 537 547 612 634 680 713 723 765 805 856 867 874 885 900  ; 9 1 12 8 17 7 13 8 6 8 8 9 11 7 8 6 11 3 
1097 ; 3.897e-09 ; True ; 1 20 112 156 163 260 306 329 388 455 484 500 547 612 634 713 723 765 805 850 856 874 885 900  ; 8 1 12 7 15 8 13 8 9 8 8 9 9 8 7 6 9 3 
1113 ; 4.17e-09 ; True ; 1 20 112 156 163 306 329 388 438 455 484 505 537 547 612 634 709 713 723 740 769 805 874 885 900  ; 8 1 12 7 18 8 13 7 8 11 8 7 11 8 7 7 10 3 
1158 ; 4.368e-09 ; True ; 1 20 30 112 156 163 173 388 438 455 484 500 547 612 634 688 713 723 765 769 805 817 874 885 900  ; 9 1 13 9 20 9 11 9 7 12 7 8 11 10 7 6 11 2 
1204 ; 4.384e-09 ; True ; 1 20 112 156 163 215 260 329 388 455 483 484 537 547 551 612 634 709 713 723 769 780 867 874 885 900  ; 7 1 12 7 19 7 13 9 8 9 8 9 11 9 9 8 10 2 
1264 ; 4.473e-09 ; True ; 1 20 112 156 163 260 270 306 329 343 388 438 455 537 547 551 612 688 713 723 765 769 867 874 885 900  ; 7 1 13 7 16 9 11 10 8 8 8 7 10 9 7 8 10 3 
1280 ; 4.613e-09 ; True ; 1 20 87 112 156 163 173 260 306 388 438 455 483 484 500 547 612 713 723 741 765 769 817 874 885 900  ; 8 1 12 9 19 9 11 12 7 10 6 9 11 9 6 5 12 3 
1288 ; 5.54e-09 ; True ; 1 20 112 156 163 306 329 388 395 413 438 455 547 574 612 634 713 723 765 780 850 856 867 874 885 900  ; 10 1 12 7 17 9 14 9 8 8 9 7 9 9 9 8 8 3 
1375 ; 5.948e-09 ; True ; 1 20 112 156 163 260 306 344 388 395 455 484 500 529 537 547 634 713 723 769 817 850 856 874 885 900  ; 8 1 11 8 16 10 13 10 8 8 8 9 9 11 9 5 9 3 
1510 ; 6.827e-09 ; True ; 1 20 112 149 156 163 306 329 330 344 388 413 484 529 537 547 634 723 740 765 769 780 850 856 867 874 885 900  ; 11 1 12 7 17 8 14 9 7 10 10 7 9 10 8 9 10 3 
1622 ; 7.701e-09 ; True ; 1 20 112 156 163 306 330 388 413 438 455 484 547 612 634 709 713 723 761 765 769 780 827 828 850 856 874 885 900  ; 9 1 11 9 20 10 12 8 9 11 8 7 9 9 9 7 9 3 
1635 ; 8.113e-09 ; True ; 1 20 112 156 163 306 329 330 344 388 395 413 438 484 500 529 547 634 713 723 740 765 769 819 850 856 867 874 885  ; 12 1 15 7 20 8 16 11 8 10 11 7 10 10 8 7 10 3 
1709 ; 8.367e-09 ; True ; 1 20 112 153 156 163 306 330 388 413 438 455 484 547 612 634 709 713 723 761 765 769 780 827 828 850 856 874 885 900  ; 9 1 11 9 20 10 12 8 9 11 8 7 10 9 9 7 10 3 
1713 ; 8.735e-09 ; True ; 1 20 87 112 156 163 306 330 388 413 438 455 484 547 612 634 709 713 723 761 765 769 780 827 828 850 856 874 885 900  ; 10 1 11 9 21 10 12 9 9 11 8 7 9 9 9 7 10 3 


RUN 9:
Optimum Distance: 26.48
Optimal Team: 163,388,455,634,
Required Skills: 0 1 2 4 5 7 9 10 11 12 14 15 16 18 22 23 24 26 
Distance; Skill Score; isValid; Team; Skill Counts
33.53 ; 1.844e-18 ; True ; 1 163 388 531 723  ; 2 1 4 1 3 1 2 1 1 2 1 1 2 1 1 1 3 1 
34.41 ; 2.603e-18 ; True ; 1 163 388 723 794  ; 2 1 4 1 4 1 2 1 1 2 2 1 2 1 1 1 2 1 
34.45 ; 4.896e-18 ; True ; 1 163 388 688 723  ; 2 1 4 1 4 1 2 1 1 2 1 1 2 2 1 2 2 1 
34.51 ; 7.153e-18 ; True ; 1 163 388 723 900  ; 2 1 4 2 3 1 2 1 1 3 1 1 2 1 1 2 2 1 
34.54 ; 8.162e-18 ; True ; 163 173 388 723 900  ; 3 1 4 1 3 1 3 2 1 2 1 1 2 1 1 2 2 1 
37.31 ; 1.044e-17 ; True ; 163 260 388 723 900  ; 2 1 4 1 2 1 3 2 1 2 2 1 2 1 1 2 2 1 
37.51 ; 1.264e-17 ; True ; 1 163 388 713 723  ; 2 1 4 2 4 1 3 1 1 2 1 1 2 2 2 1 2 1 
37.54 ; 1.32e-17 ; True ; 1 97 163 388 723  ; 2 1 5 1 4 1 3 2 1 2 2 1 2 2 1 1 2 1 
38.36 ; 1.357e-17 ; True ; 163 388 547 885 900  ; 2 1 3 1 3 1 3 3 1 2 1 1 2 1 2 2 2 1 
39.43 ; 1.547e-17 ; True ; 163 173 388 723 874  ; 3 1 4 1 3 1 3 2 1 2 1 1 3 2 1 1 3 1 
39.51 ; 2.875e-17 ; True ; 1 112 163 388 723  ; 2 1 5 1 4 1 2 2 2 3 1 1 2 2 1 2 2 1 
46.26 ; 5.163e-17 ; True ; 1 163 329 388 413 723  ; 3 1 5 2 3 1 3 1 2 3 2 1 2 1 1 2 2 1 
46.27 ; 7.35e-17 ; True ; 1 163 329 388 723 900  ; 3 1 5 2 3 1 3 1 2 3 2 1 2 1 1 3 2 1 
47.46 ; 7.707e-17 ; True ; 1 20 388 438 723 900  ; 2 1 5 2 4 1 2 1 2 4 2 2 2 1 1 2 2 1 
47.73 ; 9.123e-17 ; True ; 127 163 173 388 723 900  ; 3 1 5 1 4 1 3 3 2 2 2 1 2 2 1 2 2 1 
49.23 ; 9.888e-17 ; True ; 20 173 388 438 723 900  ; 3 1 5 1 4 1 3 2 2 3 2 2 2 1 1 2 2 1 
49.29 ; 1.014e-16 ; True ; 1 163 173 388 723 900  ; 3 1 5 2 4 1 3 2 1 3 1 2 3 1 1 2 3 1 
49.68 ; 1.064e-16 ; True ; 1 127 163 388 723 900  ; 2 1 5 2 4 1 2 2 2 3 2 1 2 2 1 2 2 1 
51.1 ; 1.179e-16 ; True ; 1 20 156 388 438 723  ; 2 1 5 1 5 1 3 2 3 3 3 3 2 1 1 1 2 1 
51.12 ; 1.229e-16 ; True ; 1 163 329 388 547 900  ; 2 1 4 2 3 1 3 2 2 3 2 1 3 1 1 3 2 1 
51.23 ; 1.31e-16 ; True ; 163 173 388 438 713 723  ; 4 1 5 1 5 1 4 3 1 2 2 1 3 2 2 1 3 1 
51.26 ; 1.554e-16 ; True ; 1 163 329 388 713 723  ; 3 1 5 2 4 1 4 1 2 2 2 1 2 2 2 2 2 1 
52.26 ; 1.59e-16 ; True ; 1 163 388 531 547 723  ; 2 1 4 1 4 1 3 2 2 2 2 1 3 2 2 2 3 1 
52.3 ; 1.906e-16 ; True ; 1 163 388 438 713 723  ; 3 1 5 2 5 1 3 2 1 3 2 1 3 2 2 1 3 1 
54.05 ; 2.016e-16 ; True ; 30 163 388 547 885 900  ; 3 1 4 1 4 1 4 3 1 3 2 1 3 1 3 2 3 1 
54.12 ; 2.137e-16 ; True ; 1 112 163 329 388 723  ; 3 1 6 1 4 1 3 2 3 3 2 1 2 2 1 3 2 1 
54.19 ; 3.253e-16 ; True ; 1 163 388 413 547 723  ; 2 1 4 2 4 1 3 2 2 3 2 1 3 2 2 2 2 1 
54.23 ; 4.632e-16 ; True ; 1 163 388 547 723 900  ; 2 1 4 2 4 1 3 2 2 3 2 1 3 2 2 3 2 1 
58.06 ; 4.748e-16 ; True ; 1 42 163 388 547 723  ; 2 1 4 1 5 1 3 2 2 2 3 2 3 2 3 2 2 1 
58.23 ; 5.413e-16 ; True ; 1 163 388 547 713 723  ; 2 1 4 2 5 1 4 2 2 2 2 1 3 3 3 2 2 1 
61.05 ; 5.827e-16 ; True ; 1 30 112 163 388 547  ; 2 1 5 1 5 1 3 3 2 4 2 1 4 2 2 2 3 1 
61.19 ; 7.734e-16 ; True ; 1 112 163 388 547 723  ; 2 1 5 1 5 1 3 3 3 3 2 1 3 3 2 3 2 1 
63.13 ; 7.747e-16 ; True ; 1 20 173 388 438 723 900  ; 3 1 6 2 5 1 3 2 2 4 2 3 3 1 1 2 3 1 
63.15 ; 7.826e-16 ; True ; 1 163 388 547 723 874  ; 2 1 4 2 4 1 3 2 2 3 2 1 4 3 2 2 3 1 
63.98 ; 8.052e-16 ; True ; 1 163 173 329 388 723 900  ; 4 1 6 2 4 1 4 2 2 3 2 2 3 1 1 3 3 1 
64.83 ; 1.072e-15 ; True ; 1 127 163 173 388 723 900  ; 3 1 6 2 5 1 3 3 2 3 2 2 3 2 1 2 3 1 
67.1 ; 1.348e-15 ; True ; 1 20 173 388 438 713 723  ; 3 1 6 2 6 1 4 2 2 3 2 3 3 2 2 1 3 1 
68.92 ; 1.706e-15 ; True ; 1 163 388 438 634 713 723  ; 3 1 5 2 6 1 4 2 1 3 3 2 3 2 3 2 3 1 
68.96 ; 2.143e-15 ; True ; 1 163 329 388 547 723 900  ; 3 1 5 2 4 1 4 2 3 3 3 1 3 2 2 4 2 1 
71.06 ; 2.758e-15 ; True ; 1 20 388 438 547 723 900  ; 2 1 5 2 5 1 3 2 3 4 3 2 3 2 2 3 2 1 
72.93 ; 3.122e-15 ; True ; 1 163 388 438 547 723 900  ; 3 1 5 2 5 1 3 3 2 4 3 1 4 2 2 3 3 1 
73.79 ; 3.873e-15 ; True ; 1 163 173 388 547 723 900  ; 3 1 5 2 5 1 4 3 2 3 2 2 4 2 2 3 3 1 
75.85 ; 4.584e-15 ; True ; 1 163 388 547 723 885 900  ; 3 1 5 2 5 1 4 3 2 3 2 2 3 2 3 3 3 1 
79.43 ; 5.529e-15 ; True ; 1 156 163 388 547 723 900  ; 2 1 4 2 5 2 4 3 3 3 3 2 3 2 2 3 2 1 
81.41 ; 5.622e-15 ; True ; 1 156 163 388 484 547 723  ; 3 1 5 2 6 1 4 3 3 3 3 2 4 2 2 2 3 1 
83.27 ; 5.805e-15 ; True ; 1 30 156 163 388 547 723  ; 3 1 5 1 6 1 5 3 3 3 4 2 4 2 3 2 3 1 
83.77 ; 6.046e-15 ; True ; 1 30 112 163 388 547 723  ; 3 1 6 1 6 1 4 3 3 4 3 1 4 3 3 3 3 1 
83.78 ; 7.6e-15 ; True ; 1 20 173 388 438 634 713 723  ; 3 1 6 2 7 1 5 2 2 3 3 4 3 2 3 2 3 1 
86.56 ; 7.702e-15 ; True ; 1 163 173 388 438 634 713 723  ; 4 1 6 2 7 1 5 3 1 3 3 3 4 2 3 2 4 1 
86.87 ; 9.735e-15 ; True ; 1 20 329 388 438 547 723 900  ; 3 1 6 2 5 1 4 2 4 4 4 2 3 2 2 4 2 1 
90.51 ; 1.02e-14 ; True ; 1 163 329 388 547 634 723 900  ; 3 1 5 2 5 1 5 2 3 3 4 2 3 2 3 5 2 1 
90.58 ; 1.106e-14 ; True ; 1 163 329 388 438 547 723 900  ; 4 1 6 2 5 1 4 3 3 4 4 1 4 2 2 4 3 1 
91.43 ; 1.433e-14 ; True ; 1 20 110 388 438 547 723 900  ; 3 1 6 2 6 2 4 2 3 5 3 2 3 2 2 3 3 1 
91.44 ; 1.46e-14 ; True ; 1 163 173 329 388 547 723 900  ; 4 1 6 2 5 1 5 3 3 3 3 2 4 2 2 4 3 1 
91.51 ; 1.657e-14 ; True ; 1 20 173 388 438 547 723 900  ; 3 1 6 2 6 1 4 3 3 4 3 3 4 2 2 3 3 1 
93.36 ; 1.665e-14 ; True ; 1 163 173 388 438 547 723 900  ; 4 1 6 2 6 1 4 4 2 4 3 2 5 2 2 3 4 1 
94.48 ; 1.729e-14 ; True ; 1 163 329 388 547 723 885 900  ; 4 1 6 2 5 1 5 3 3 3 3 2 3 2 3 4 3 1 
95.28 ; 1.941e-14 ; True ; 1 20 156 388 438 547 723 900  ; 2 1 5 2 6 2 4 3 4 4 4 3 3 2 2 3 2 1 
95.7 ; 1.961e-14 ; True ; 1 20 388 438 547 723 885 900  ; 3 1 6 2 6 1 4 3 3 4 3 3 3 2 3 3 3 1 
96.48 ; 2.043e-14 ; True ; 1 20 173 388 438 547 713 723  ; 3 1 6 2 7 1 5 3 3 3 3 3 4 3 3 2 3 1 
97.35 ; 2.053e-14 ; True ; 1 163 173 388 438 547 713 723  ; 4 1 6 2 7 1 5 4 2 3 3 2 5 3 3 2 4 1 
97.52 ; 2.097e-14 ; True ; 1 163 388 438 547 723 885 900  ; 4 1 6 2 6 1 4 4 2 4 3 2 4 2 3 3 4 1 
98.21 ; 2.226e-14 ; True ; 1 20 30 156 388 547 723 900  ; 2 1 5 2 6 2 5 2 4 4 4 3 3 2 3 3 2 1 
98.37 ; 2.4e-14 ; True ; 1 30 163 388 547 723 885 900  ; 4 1 6 2 6 1 5 3 2 4 3 2 4 2 4 3 4 1 
101.9 ; 2.745e-14 ; True ; 1 156 163 388 484 547 723 900  ; 3 1 5 3 6 2 4 3 3 4 3 2 4 2 2 3 3 1 
102 ; 2.935e-14 ; True ; 1 156 163 388 438 547 723 900  ; 3 1 5 2 6 2 4 4 3 4 4 2 4 2 2 3 3 1 
103.3 ; 2.944e-14 ; True ; 1 112 163 388 484 547 634 723  ; 3 1 6 2 7 1 4 3 3 4 3 2 4 3 3 4 3 1 
103.5 ; 3.195e-14 ; True ; 1 112 163 173 388 547 723 900  ; 3 1 6 2 6 2 4 4 3 4 2 2 4 3 2 4 3 1 
104.9 ; 3.779e-14 ; True ; 1 30 156 163 388 547 723 900  ; 3 1 5 2 6 2 5 3 3 4 4 2 4 2 3 3 3 1 
106.5 ; 3.782e-14 ; True ; 1 112 163 388 547 723 885 900  ; 3 1 6 2 6 2 4 4 3 4 2 2 3 3 3 4 3 1 
107 ; 3.792e-14 ; True ; 1 20 127 173 388 438 713 723 900  ; 3 1 7 3 7 2 4 3 3 4 3 3 3 3 2 2 3 1 
109.4 ; 3.943e-14 ; True ; 1 112 163 173 388 547 713 723  ; 3 1 6 2 7 2 5 4 3 3 2 2 4 4 3 3 3 1 
109.5 ; 4.056e-14 ; True ; 1 127 163 173 388 438 713 723 900  ; 4 1 7 3 7 2 4 4 2 4 3 2 4 3 2 2 4 1 
110.2 ; 4.825e-14 ; True ; 1 20 173 329 388 438 547 723 900  ; 4 1 7 2 6 1 5 3 4 4 4 3 4 2 2 4 3 1 
112.1 ; 5.009e-14 ; True ; 1 163 173 329 388 413 547 723 900  ; 4 1 6 3 5 2 5 3 3 4 3 2 4 2 2 4 3 1 
112.8 ; 5.07e-14 ; True ; 1 20 156 329 388 484 547 723 900  ; 3 1 6 3 6 2 5 2 5 4 4 3 3 2 2 4 2 1 
113.1 ; 5.554e-14 ; True ; 1 20 173 388 438 547 634 723 900  ; 3 1 6 2 7 1 5 3 3 4 4 4 4 2 3 4 3 1 
113.8 ; 6.314e-14 ; True ; 1 20 110 173 388 438 547 723 900  ; 4 1 7 2 7 2 5 3 3 5 3 3 4 2 2 3 4 1 
117 ; 7.027e-14 ; True ; 1 163 173 268 388 438 547 723 900  ; 4 1 6 2 7 2 5 4 3 4 3 2 5 2 3 3 4 1 
119 ; 7.452e-14 ; True ; 1 20 30 173 388 438 547 723 900  ; 4 1 7 2 7 1 5 3 3 5 4 3 5 2 3 3 4 1 
119.2 ; 9.977e-14 ; True ; 1 20 173 388 438 547 713 723 900  ; 3 1 6 3 7 2 5 3 3 4 3 3 4 3 3 3 3 1 
122 ; 1.003e-13 ; True ; 1 163 173 388 438 547 713 723 900  ; 4 1 6 3 7 2 5 4 2 4 3 2 5 3 3 3 4 1 
123.7 ; 1.123e-13 ; True ; 1 20 30 156 388 438 547 723 900  ; 3 1 6 2 7 2 5 3 4 5 5 3 4 2 3 3 3 1 
124.8 ; 1.146e-13 ; True ; 1 20 30 156 388 547 723 885 900  ; 3 1 6 2 7 2 6 3 4 4 4 4 3 2 4 3 3 1 
127.2 ; 1.178e-13 ; True ; 1 20 173 329 388 438 634 713 723 900  ; 4 1 7 3 7 2 6 2 3 4 4 4 3 2 3 4 3 1 
128 ; 1.179e-13 ; True ; 1 112 163 173 388 438 547 723 900  ; 4 1 7 2 7 2 4 5 3 5 3 2 5 3 2 4 4 1 
128.1 ; 1.204e-13 ; True ; 1 112 163 388 438 547 634 723 900  ; 3 1 6 2 7 2 4 4 3 5 4 2 4 3 3 5 3 1 
128.7 ; 1.221e-13 ; True ; 1 20 127 173 329 388 438 713 723 900  ; 4 1 8 3 7 2 5 3 4 4 4 3 3 3 2 3 3 1 
128.9 ; 1.225e-13 ; True ; 1 112 163 260 388 484 547 723 900  ; 3 1 7 3 6 2 4 4 3 5 3 2 5 3 2 4 4 1 
129 ; 1.31e-13 ; True ; 1 30 163 388 455 547 723 885 900  ; 4 1 6 3 6 2 5 3 3 4 3 2 4 3 4 3 4 1 
129 ; 1.428e-13 ; True ; 1 20 127 173 388 438 634 713 723 900  ; 3 1 7 3 8 2 5 3 3 4 4 4 3 3 3 3 3 1 
131.1 ; 1.429e-13 ; True ; 1 20 30 112 173 388 547 723 900  ; 3 1 7 2 7 2 5 3 4 5 3 3 4 3 3 4 3 1 
131.4 ; 1.55e-13 ; True ; 1 30 156 163 388 547 723 885 900  ; 4 1 6 2 7 2 6 4 3 4 4 3 4 2 4 3 4 1 
132.9 ; 1.615e-13 ; True ; 1 30 112 163 173 388 547 723 900  ; 4 1 7 2 7 2 5 4 3 5 3 2 5 3 3 4 4 1 
133.4 ; 1.718e-13 ; True ; 1 127 163 173 388 438 634 713 723 900  ; 4 1 7 3 8 2 5 4 2 4 4 3 4 3 3 3 4 1 
133.9 ; 1.809e-13 ; True ; 1 30 112 163 388 547 723 885 900  ; 4 1 7 2 7 2 5 4 3 5 3 2 4 3 4 4 4 1 
138.9 ; 1.83e-13 ; True ; 1 30 112 163 173 388 547 713 723  ; 4 1 7 2 8 2 6 4 3 4 3 2 5 4 4 3 4 1 
139.4 ; 1.952e-13 ; True ; 1 30 112 156 163 388 547 723 900  ; 3 1 6 2 7 3 5 4 4 5 4 2 4 3 3 4 3 1 
140.2 ; 2.012e-13 ; True ; 1 127 163 173 268 388 438 547 723 900  ; 4 1 7 2 8 2 5 5 4 4 4 2 5 3 3 3 4 1 
140.9 ; 2.039e-13 ; True ; 1 20 329 388 438 484 547 713 723 900  ; 4 1 7 4 7 2 5 2 4 5 4 2 4 3 3 4 3 1 
140.9 ; 2.816e-13 ; True ; 1 20 173 329 388 438 547 713 723 900  ; 4 1 7 3 7 2 6 3 4 4 4 3 4 3 3 4 3 1 
142.8 ; 2.88e-13 ; True ; 1 20 173 388 438 547 634 713 723 900  ; 3 1 6 3 8 2 6 3 3 4 4 4 4 3 4 4 3 1 
145.6 ; 2.996e-13 ; True ; 1 163 173 329 388 438 547 713 723 900  ; 5 1 7 3 7 2 6 4 3 4 4 2 5 3 3 4 4 1 
147.6 ; 3.255e-13 ; True ; 1 163 173 388 438 547 634 713 723 900  ; 4 1 6 3 8 2 6 4 2 4 4 3 5 3 4 4 4 1 
149.6 ; 3.311e-13 ; True ; 1 20 173 260 388 438 547 713 723 900  ; 3 1 7 3 7 2 6 4 3 4 4 4 5 3 3 3 4 1 
150.5 ; 3.426e-13 ; True ; 1 163 173 388 438 455 547 634 723 900  ; 4 1 6 3 7 2 5 4 3 4 4 3 5 3 3 4 4 1 
150.6 ; 3.864e-13 ; True ; 1 20 30 173 388 438 547 713 723 900  ; 4 1 7 3 8 2 6 3 3 5 4 3 5 3 4 3 4 1 
153.3 ; 3.994e-13 ; True ; 1 20 30 156 388 438 547 723 885 900  ; 4 1 7 2 8 2 6 4 4 5 5 4 4 2 4 3 4 1 
153.8 ; 4.058e-13 ; True ; 1 20 30 388 438 547 713 723 885 900  ; 4 1 7 3 8 2 6 3 3 5 4 3 4 3 5 3 4 1 
155.5 ; 4.167e-13 ; True ; 1 112 163 173 388 438 547 634 723 900  ; 4 1 7 2 8 2 5 5 3 5 4 3 5 3 3 5 4 1 
156.3 ; 4.382e-13 ; True ; 1 20 30 156 388 438 547 713 723 900  ; 3 1 6 3 8 3 6 3 4 5 5 3 4 3 4 3 3 1 
158.5 ; 4.392e-13 ; True ; 1 20 163 388 438 547 634 713 723 900  ; 3 1 6 3 8 2 6 3 3 4 4 3 4 3 4 4 3 2 
158.5 ; 4.713e-13 ; True ; 1 20 30 112 173 388 438 547 723 900  ; 4 1 8 2 8 2 5 4 4 6 4 3 5 3 3 4 4 1 
158.9 ; 4.737e-13 ; True ; 1 127 163 173 329 388 438 634 713 723 900  ; 5 1 8 3 8 2 6 4 3 4 5 3 4 3 3 4 4 1 
159.3 ; 4.831e-13 ; True ; 1 20 163 173 388 438 547 713 723 900  ; 4 1 7 3 8 2 6 4 3 4 3 3 5 3 3 3 4 2 
160.5 ; 5.028e-13 ; True ; 1 112 163 173 388 438 547 634 713 723  ; 4 1 7 2 9 2 6 5 3 4 4 3 5 4 4 4 4 1 
161.7 ; 5.278e-13 ; True ; 1 20 30 112 388 438 547 723 885 900  ; 4 1 8 2 8 2 5 4 4 6 4 3 4 3 4 4 4 1 
164.3 ; 5.282e-13 ; True ; 1 30 112 163 173 388 547 723 885 900  ; 5 1 8 2 8 2 6 5 3 5 3 3 5 3 4 4 5 1 
164.5 ; 5.41e-13 ; True ; 1 20 163 388 438 547 713 723 885 900  ; 4 1 7 3 8 2 6 4 3 4 3 3 4 3 4 3 4 2 
164.7 ; 5.439e-13 ; True ; 1 20 30 156 163 388 438 547 723 900  ; 4 1 7 2 8 2 6 4 4 5 5 3 5 2 3 3 4 2 
165.5 ; 5.556e-13 ; True ; 1 20 30 112 173 388 438 547 713 723  ; 4 1 8 2 9 2 6 4 4 5 4 3 5 4 4 3 4 1 
165.7 ; 5.791e-13 ; True ; 1 20 30 156 163 388 547 723 885 900  ; 4 1 7 2 8 2 7 4 4 4 4 4 4 2 4 3 4 2 
165.9 ; 5.838e-13 ; True ; 1 20 156 163 388 438 547 713 723 900  ; 3 1 6 3 8 3 6 4 4 4 4 3 4 3 3 3 3 2 
166.5 ; 7.024e-13 ; True ; 1 20 173 329 388 438 547 634 713 723 900  ; 4 1 7 3 8 2 7 3 4 4 5 4 4 3 4 5 3 1 
170.1 ; 7.33e-13 ; True ; 1 20 127 173 388 438 547 634 713 723 900  ; 3 1 7 3 9 2 6 4 4 4 5 4 4 4 4 4 3 1 
170.2 ; 7.569e-13 ; True ; 1 20 173 329 388 438 484 547 713 723 900  ; 5 1 8 4 8 2 6 3 4 5 4 3 5 3 3 4 4 1 
172.2 ; 7.623e-13 ; True ; 1 20 30 112 163 388 547 723 885 900  ; 4 1 8 2 8 2 6 4 4 5 3 3 4 3 4 4 4 2 
172.9 ; 7.802e-13 ; True ; 1 20 173 329 388 438 547 612 713 723 900  ; 5 1 7 3 8 2 6 3 4 4 4 4 5 3 4 4 4 1 
173 ; 7.887e-13 ; True ; 1 20 260 329 388 438 484 547 713 723 900  ; 4 1 8 4 7 2 6 3 4 5 5 3 5 3 3 4 4 1 
173 ; 8.358e-13 ; True ; 1 20 173 388 438 484 547 634 713 723 900  ; 4 1 7 4 9 2 6 3 3 5 4 4 5 3 4 4 4 1 
173.1 ; 8.404e-13 ; True ; 1 163 173 329 388 438 547 634 713 723 900  ; 5 1 7 3 8 2 7 4 3 4 5 3 5 3 4 5 4 1 
174.1 ; 8.463e-13 ; True ; 1 20 173 260 329 388 438 547 713 723 900  ; 4 1 8 3 7 2 7 4 4 4 5 4 5 3 3 4 4 1 
174.5 ; 8.753e-13 ; True ; 1 127 163 173 388 438 547 634 713 723 900  ; 4 1 7 3 9 2 6 5 3 4 5 3 5 4 4 4 4 1 
175.9 ; 9.331e-13 ; True ; 1 20 156 173 329 388 438 547 713 723 900  ; 4 1 7 3 8 3 7 4 5 4 5 4 4 3 3 4 3 1 
177.1 ; 9.627e-13 ; True ; 1 20 30 173 388 438 547 634 713 723 900  ; 4 1 7 3 9 2 7 3 3 5 5 4 5 3 5 4 4 1 
178.9 ; 9.672e-13 ; True ; 1 20 30 127 173 388 438 547 713 723 900  ; 4 1 8 3 9 2 6 4 4 5 5 3 5 4 4 3 4 1 
179.2 ; 9.796e-13 ; True ; 1 20 30 173 388 438 455 547 634 723 900  ; 4 1 7 3 8 2 6 3 4 5 5 4 5 3 4 4 4 1 
180.4 ; 1.015e-12 ; True ; 1 20 156 173 388 438 484 547 634 713 723  ; 4 1 7 3 10 2 7 4 4 4 5 5 5 3 4 3 4 1 
181.9 ; 1.026e-12 ; True ; 1 20 30 156 329 388 438 547 713 723 900  ; 4 1 7 3 8 3 7 3 5 5 6 3 4 3 4 4 3 1 
182 ; 1.076e-12 ; True ; 1 20 112 173 388 438 484 547 634 723 900  ; 4 1 8 3 9 2 5 4 4 6 4 4 5 3 3 5 4 1 
182.5 ; 1.111e-12 ; True ; 1 20 156 173 388 438 484 547 713 723 900  ; 4 1 7 4 9 3 6 4 4 5 4 4 5 3 3 3 4 1 
184.2 ; 1.119e-12 ; True ; 1 20 30 173 388 438 455 547 723 885 900  ; 5 1 8 3 8 2 6 4 4 5 4 4 5 3 4 3 5 1 
185.9 ; 1.238e-12 ; True ; 1 20 163 173 329 388 438 547 713 723 900  ; 5 1 8 3 8 2 7 4 4 4 4 3 5 3 3 4 4 2 
186.5 ; 1.365e-12 ; True ; 1 20 30 156 173 388 438 547 713 723 900  ; 4 1 7 3 9 3 7 4 4 5 5 4 5 3 4 3 4 1 
187.8 ; 1.368e-12 ; True ; 1 20 163 173 388 438 547 634 713 723 900  ; 4 1 7 3 9 2 7 4 3 4 4 4 5 3 4 4 4 2 
189.7 ; 1.368e-12 ; True ; 1 20 30 156 388 438 455 547 723 885 900  ; 4 1 7 3 8 3 6 4 5 5 5 4 4 3 4 3 4 1 
189.7 ; 1.433e-12 ; True ; 1 20 30 156 388 438 547 713 723 885 900  ; 4 1 7 3 9 3 7 4 4 5 5 4 4 3 5 3 4 1 
191.1 ; 1.447e-12 ; True ; 1 112 163 173 388 438 547 634 713 723 900  ; 4 1 7 3 9 3 6 5 3 5 4 3 5 4 4 5 4 1 
193.8 ; 1.468e-12 ; True ; 1 20 30 163 388 438 547 634 713 723 900  ; 4 1 7 3 9 2 7 3 3 5 5 3 5 3 5 4 4 2 
194.6 ; 1.536e-12 ; True ; 1 20 30 163 173 388 438 547 713 723 900  ; 5 1 8 3 9 2 7 4 3 5 4 3 6 3 4 3 5 2 
195.1 ; 1.636e-12 ; True ; 1 20 30 112 173 388 438 547 713 723 900  ; 4 1 8 3 9 3 6 4 4 6 4 3 5 4 4 4 4 1 
196.7 ; 1.641e-12 ; True ; 1 20 112 163 388 438 484 547 634 723 900  ; 4 1 8 3 9 2 5 4 4 6 4 3 5 3 3 5 4 2 
197.1 ; 1.651e-12 ; True ; 1 20 156 163 388 438 484 547 634 713 723  ; 4 1 7 3 10 2 7 4 4 4 5 4 5 3 4 3 4 2 
197.2 ; 1.708e-12 ; True ; 1 20 156 163 173 388 438 547 713 723 900  ; 4 1 7 3 9 3 7 5 4 4 4 4 5 3 3 3 4 2 
197.4 ; 1.749e-12 ; True ; 1 20 110 173 329 388 438 547 634 713 723 900  ; 5 1 8 3 9 3 8 3 4 5 5 4 4 3 4 5 4 1 
198.4 ; 1.776e-12 ; True ; 1 20 30 112 156 388 484 547 723 885 900  ; 4 1 8 3 9 3 6 4 5 6 4 4 4 3 4 4 4 1 
198.6 ; 1.887e-12 ; True ; 1 20 173 329 388 438 484 547 634 713 723 900  ; 5 1 8 4 9 2 7 3 4 5 5 4 5 3 4 5 4 1 
202.2 ; 2.081e-12 ; True ; 1 20 30 156 163 388 438 547 713 723 900  ; 4 1 7 3 9 3 7 4 4 5 5 3 5 3 4 3 4 2 
203.3 ; 2.092e-12 ; True ; 1 20 127 173 388 438 484 547 634 713 723 900  ; 4 1 8 4 10 2 6 4 4 5 5 4 5 4 4 4 4 1 
207.5 ; 2.104e-12 ; True ; 1 20 30 112 163 388 484 547 634 713 723  ; 4 1 8 3 10 2 7 3 4 5 4 3 5 4 5 4 4 2 
207.7 ; 2.111e-12 ; True ; 1 20 30 112 163 388 438 547 634 713 723  ; 4 1 8 2 10 2 7 4 4 5 5 3 5 4 5 4 4 2 
207.7 ; 2.315e-12 ; True ; 1 20 30 127 173 388 438 547 634 713 723 900  ; 4 1 8 3 10 2 7 4 4 5 6 4 5 4 5 4 4 1 
208 ; 2.419e-12 ; True ; 1 20 30 112 156 163 388 484 547 723 900  ; 4 1 8 3 9 3 6 4 5 6 4 3 5 3 3 4 4 2 
209 ; 2.507e-12 ; True ; 1 20 156 173 329 388 438 484 547 713 723 900  ; 5 1 8 4 9 3 7 4 5 5 5 4 5 3 3 4 4 1 
211 ; 2.527e-12 ; True ; 1 20 30 112 156 163 388 547 723 885 900  ; 4 1 8 2 9 3 7 5 5 5 4 4 4 3 4 4 4 2 
211.8 ; 2.767e-12 ; True ; 1 20 156 173 388 438 484 547 634 713 723 900  ; 4 1 7 4 10 3 7 4 4 5 5 5 5 3 4 4 4 1 
215 ; 2.923e-12 ; True ; 1 20 30 156 173 329 388 438 547 713 723 900  ; 5 1 8 3 9 3 8 4 5 5 6 4 5 3 4 4 4 1 
216 ; 3.026e-12 ; True ; 1 20 30 156 173 388 438 547 634 713 723 900  ; 4 1 7 3 10 3 8 4 4 5 6 5 5 3 5 4 4 1 
216.3 ; 3.05e-12 ; True ; 1 20 163 173 329 388 438 547 634 713 723 900  ; 5 1 8 3 9 2 8 4 4 4 5 4 5 3 4 5 4 2 
219 ; 3.215e-12 ; True ; 1 20 127 163 173 388 438 547 634 713 723 900  ; 4 1 8 3 10 2 7 5 4 4 5 4 5 4 4 4 4 2 
219.5 ; 3.321e-12 ; True ; 1 20 112 173 388 438 484 547 634 713 723 900  ; 4 1 8 4 10 3 6 4 4 6 4 4 5 4 4 5 4 1 
222 ; 3.323e-12 ; True ; 1 20 163 173 388 438 484 547 634 713 723 900  ; 5 1 8 4 10 2 7 4 3 5 4 4 6 3 4 4 5 2 
223 ; 3.378e-12 ; True ; 1 20 30 156 173 388 438 547 713 723 885 900  ; 5 1 8 3 10 3 8 5 4 5 5 5 5 3 5 3 5 1 
224.5 ; 3.424e-12 ; True ; 1 20 30 112 173 329 388 438 547 713 723 900  ; 5 1 9 3 9 3 7 4 5 6 5 3 5 4 4 5 4 1 
225 ; 3.477e-12 ; True ; 1 20 30 163 173 329 388 438 547 713 723 900  ; 6 1 9 3 9 2 8 4 4 5 5 3 6 3 4 4 5 2 
225.6 ; 3.825e-12 ; True ; 1 20 30 112 173 388 438 547 634 713 723 900  ; 4 1 8 3 10 3 7 4 4 6 5 4 5 4 5 5 4 1 
228.5 ; 4.202e-12 ; True ; 1 20 156 163 173 388 438 547 634 713 723 900  ; 4 1 7 3 10 3 8 5 4 4 5 5 5 3 4 4 4 2 
230.4 ; 4.501e-12 ; True ; 1 20 156 163 388 438 484 547 634 713 723 900  ; 4 1 7 4 10 3 7 4 4 5 5 4 5 3 4 4 4 2 
234.5 ; 4.921e-12 ; True ; 1 20 30 156 163 388 438 547 634 713 723 900  ; 4 1 7 3 10 3 8 4 4 5 6 4 5 3 5 4 4 2 
236.2 ; 5.065e-12 ; True ; 1 20 112 163 388 438 484 547 634 713 723 900  ; 4 1 8 4 10 3 6 4 4 6 4 3 5 4 4 5 4 2 
236.3 ; 5.315e-12 ; True ; 1 20 112 163 173 388 438 547 634 713 723 900  ; 4 1 8 3 10 3 7 5 4 5 4 4 5 4 4 5 4 2 
239.5 ; 5.494e-12 ; True ; 1 20 30 156 163 388 438 547 713 723 885 900  ; 5 1 8 3 10 3 8 5 4 5 5 4 5 3 5 3 5 2 
240.3 ; 5.562e-12 ; True ; 1 20 156 173 329 388 438 484 547 634 713 723 900  ; 5 1 8 4 10 3 8 4 5 5 6 5 5 3 4 5 4 1 
242.2 ; 5.833e-12 ; True ; 1 20 30 112 163 388 438 547 634 713 723 900  ; 4 1 8 3 10 3 7 4 4 6 5 3 5 4 5 5 4 2 
243.1 ; 6.03e-12 ; True ; 1 20 30 112 156 163 388 484 547 634 723 900  ; 4 1 8 3 10 3 7 4 5 6 5 4 5 3 4 5 4 2 
244.1 ; 6.039e-12 ; True ; 1 20 30 112 163 173 388 438 547 713 723 900  ; 5 1 9 3 10 3 7 5 4 6 4 3 6 4 4 4 5 2 
245.4 ; 6.412e-12 ; True ; 1 20 112 156 163 388 438 484 547 634 713 723  ; 4 1 8 3 11 3 7 5 5 5 5 4 5 4 4 4 4 2 
248.2 ; 6.591e-12 ; True ; 1 20 30 112 163 388 438 547 713 723 885 900  ; 5 1 9 3 10 3 7 5 4 6 4 3 5 4 5 4 5 2 
248.2 ; 6.812e-12 ; True ; 1 20 30 112 156 163 388 484 547 723 885 900  ; 5 1 9 3 10 3 7 5 5 6 4 4 5 3 4 4 5 2 
250.2 ; 6.881e-12 ; True ; 1 20 30 112 156 163 388 484 547 634 713 723  ; 4 1 8 3 11 3 8 4 5 5 5 4 5 4 5 4 4 2 
251.5 ; 6.924e-12 ; True ; 1 20 30 112 156 163 388 438 547 713 723 900  ; 4 1 8 3 10 4 7 5 5 6 5 3 5 4 4 4 4 2 
252.4 ; 7.056e-12 ; True ; 1 20 163 173 329 388 438 484 547 634 713 723 900  ; 6 1 9 4 10 2 8 4 4 5 5 4 6 3 4 5 5 2 
253.9 ; 7.06e-12 ; True ; 1 20 30 156 173 388 438 484 547 634 713 723 900  ; 5 1 8 4 11 3 8 4 4 6 6 5 6 3 5 4 5 1 
254.4 ; 7.109e-12 ; True ; 1 20 30 112 156 163 388 547 713 723 885 900  ; 4 1 8 3 10 4 8 5 5 5 4 4 4 4 5 4 4 2 
256.2 ; 7.718e-12 ; True ; 1 20 127 163 173 388 438 484 547 634 713 723 900  ; 5 1 9 4 11 2 7 5 4 5 5 4 6 4 4 4 5 2 
259.8 ; 8.265e-12 ; True ; 1 20 163 173 329 388 438 455 547 634 713 723 900  ; 5 1 8 4 9 3 8 4 5 4 5 4 5 4 4 5 4 2 
260 ; 8.378e-12 ; True ; 1 20 156 163 173 329 388 438 547 634 713 723 900  ; 5 1 8 3 10 3 9 5 5 4 6 5 5 3 4 5 4 2 
260.8 ; 9.046e-12 ; True ; 1 20 156 163 329 388 438 484 547 634 713 723 900  ; 5 1 8 4 10 3 8 4 5 5 6 4 5 3 4 5 4 2 
265.5 ; 9.228e-12 ; True ; 1 20 156 163 329 388 438 484 547 612 713 723 900  ; 6 1 8 4 10 3 7 4 5 5 5 4 6 3 4 4 5 2 
266.6 ; 1.021e-11 ; True ; 1 20 156 163 173 388 438 484 547 634 713 723 900  ; 5 1 8 4 11 3 8 5 4 5 5 5 6 3 4 4 5 2 
268.6 ; 1.056e-11 ; True ; 1 20 112 163 173 329 388 438 547 634 713 723 900  ; 5 1 9 3 10 3 8 5 5 5 5 4 5 4 4 6 4 2 
270.5 ; 1.063e-11 ; True ; 1 20 112 163 173 388 438 547 634 636 713 723 900  ; 4 1 8 4 11 3 7 5 4 5 5 4 6 4 4 5 5 2 
270.7 ; 1.107e-11 ; True ; 1 20 30 156 163 173 388 438 547 634 713 723 900  ; 5 1 8 3 11 3 9 5 4 5 6 5 6 3 5 4 5 2 
273.4 ; 1.226e-11 ; True ; 1 20 112 163 173 388 438 484 547 634 713 723 900  ; 5 1 9 4 11 3 7 5 4 6 4 4 6 4 4 5 5 2 
277.3 ; 1.278e-11 ; True ; 1 20 112 163 260 388 438 484 547 634 713 723 900  ; 4 1 9 4 10 3 7 5 4 6 5 4 6 4 4 5 5 2 
279.4 ; 1.394e-11 ; True ; 1 20 30 112 163 173 388 438 547 634 713 723 900  ; 5 1 9 3 11 3 8 5 4 6 5 4 6 4 5 5 5 2 
281.7 ; 1.405e-11 ; True ; 1 20 112 156 163 388 438 484 547 634 713 723 900  ; 4 1 8 4 11 4 7 5 5 6 5 4 5 4 4 5 4 2 
284.5 ; 1.461e-11 ; True ; 1 20 30 112 163 388 438 547 634 713 723 885 900  ; 5 1 9 3 11 3 8 5 4 6 5 4 5 4 6 5 5 2 
285.5 ; 1.471e-11 ; True ; 1 20 30 112 163 388 438 455 547 634 723 885 900  ; 5 1 9 3 10 3 7 5 5 6 5 4 5 4 5 5 5 2 
286.3 ; 1.475e-11 ; True ; 1 20 30 112 156 163 388 484 547 634 723 885 900  ; 5 1 9 3 11 3 8 5 5 6 5 5 5 3 5 5 5 2 
287.4 ; 1.508e-11 ; True ; 1 20 30 112 156 163 388 484 547 634 713 723 900  ; 4 1 8 4 11 4 8 4 5 6 5 4 5 4 5 5 4 2 
287.8 ; 1.536e-11 ; True ; 1 20 30 112 156 163 388 438 547 634 713 723 900  ; 4 1 8 3 11 4 8 5 5 6 6 4 5 4 5 5 4 2 
289.5 ; 1.616e-11 ; True ; 1 20 30 112 156 163 388 438 484 547 634 713 723  ; 5 1 9 3 12 3 8 5 5 6 6 4 6 4 5 4 5 2 
293.3 ; 1.627e-11 ; True ; 1 20 30 112 156 163 260 388 484 547 713 723 900  ; 4 1 9 4 10 4 8 5 5 6 5 4 6 4 4 4 5 2 
294.5 ; 1.704e-11 ; True ; 1 20 30 112 156 163 388 484 547 713 723 885 900  ; 5 1 9 4 11 4 8 5 5 6 4 4 5 4 5 4 5 2 
294.8 ; 1.737e-11 ; True ; 1 20 30 112 156 163 388 438 547 713 723 885 900  ; 5 1 9 3 11 4 8 6 5 6 5 4 5 4 5 4 5 2 
299.9 ; 1.938e-11 ; True ; 1 20 156 163 173 329 388 438 484 547 634 713 723 900  ; 6 1 9 4 11 3 9 5 5 5 6 5 6 3 4 5 5 2 
304.8 ; 2.029e-11 ; True ; 1 20 112 163 173 329 388 438 547 634 636 713 723 900  ; 5 1 9 4 11 3 8 5 5 5 6 4 6 4 4 6 5 2 
306 ; 2.035e-11 ; True ; 1 20 30 156 163 173 329 388 438 547 634 713 723 900  ; 6 1 9 3 11 3 10 5 5 5 7 5 6 3 5 5 5 2 
306 ; 2.123e-11 ; True ; 1 20 112 163 173 187 388 438 484 547 634 713 723 900  ; 5 1 9 4 12 3 8 5 5 6 5 4 6 5 4 5 5 2 
307.7 ; 2.325e-11 ; True ; 1 20 112 163 173 329 388 438 484 547 634 713 723 900  ; 6 1 10 4 11 3 8 5 5 6 5 4 6 4 4 6 5 2 
311.4 ; 2.417e-11 ; True ; 1 20 112 163 260 329 388 438 484 547 634 713 723 900  ; 5 1 10 4 10 3 8 5 5 6 6 4 6 4 4 6 5 2 
313.1 ; 2.449e-11 ; True ; 1 20 112 163 329 388 438 483 484 547 634 713 723 900  ; 5 1 9 4 11 3 7 5 5 6 5 4 6 4 5 6 5 2 
315.7 ; 2.522e-11 ; True ; 1 20 30 112 163 173 329 388 438 547 634 713 723 900  ; 6 1 10 3 11 3 9 5 5 6 6 4 6 4 5 6 5 2 
316 ; 2.575e-11 ; True ; 1 20 112 156 163 329 388 438 484 547 634 713 723 900  ; 5 1 9 4 11 4 8 5 6 6 6 4 5 4 4 6 4 2 
319.9 ; 2.676e-11 ; True ; 1 20 30 156 163 173 388 438 455 547 634 713 723 900  ; 5 1 8 4 11 4 9 5 5 5 6 5 6 4 5 4 5 2 
320.5 ; 2.802e-11 ; True ; 1 20 30 112 163 173 388 438 484 547 634 713 723 900  ; 6 1 10 4 12 3 8 5 4 7 5 4 7 4 5 5 6 2 
322.9 ; 3.029e-11 ; True ; 1 20 112 156 163 173 388 438 484 547 634 713 723 900  ; 5 1 9 4 12 4 8 6 5 6 5 5 6 4 4 5 5 2 
324.7 ; 3.094e-11 ; True ; 1 20 112 156 163 388 438 484 547 612 634 713 723 900  ; 5 1 8 4 12 4 7 5 5 6 5 5 6 4 5 5 5 2 
328.8 ; 3.163e-11 ; True ; 1 20 30 112 163 173 388 438 455 547 634 713 723 900  ; 5 1 9 4 11 4 8 5 5 6 5 4 6 5 5 5 5 2 
328.9 ; 3.285e-11 ; True ; 1 20 30 112 156 163 173 388 438 547 634 713 723 900  ; 5 1 9 3 12 4 9 6 5 6 6 5 6 4 5 5 5 2 
329.8 ; 3.445e-11 ; True ; 1 20 30 112 156 163 388 438 484 547 634 713 723 900  ; 5 1 9 4 12 4 8 5 5 7 6 4 6 4 5 5 5 2 
334.6 ; 3.513e-11 ; True ; 1 20 30 112 156 163 388 484 547 634 713 723 885 900  ; 5 1 9 4 12 4 9 5 5 6 5 5 5 4 6 5 5 2 
337.8 ; 3.583e-11 ; True ; 1 20 30 112 156 163 388 438 484 547 713 723 885 900  ; 6 1 10 4 12 4 8 6 5 7 5 4 6 4 5 4 6 2 
341.4 ; 3.623e-11 ; True ; 1 20 30 112 156 163 260 388 484 547 713 723 885 900  ; 5 1 10 4 11 4 9 6 5 6 5 5 6 4 5 4 6 2 
344.8 ; 3.931e-11 ; True ; 1 20 112 163 173 329 388 438 484 547 634 636 713 723 900  ; 6 1 10 5 12 3 8 5 5 6 6 4 7 4 4 6 6 2 
349.8 ; 4.103e-11 ; True ; 1 20 30 156 163 173 329 388 438 484 547 634 713 723 900  ; 7 1 10 4 12 3 10 5 5 6 7 5 7 3 5 5 6 2 
353 ; 4.313e-11 ; True ; 1 20 30 163 173 329 388 438 455 547 634 713 723 885 900  ; 7 1 10 4 11 3 10 5 5 5 6 5 6 4 6 5 6 2 
354.5 ; 4.6e-11 ; True ; 1 20 112 163 173 260 329 388 438 484 547 634 713 723 900  ; 6 1 11 4 11 3 9 6 5 6 6 5 7 4 4 6 6 2 
357 ; 4.627e-11 ; True ; 1 20 30 112 163 173 187 388 438 484 547 634 713 723 900  ; 6 1 10 4 13 3 9 5 5 7 6 4 7 5 5 5 6 2 
357.2 ; 4.723e-11 ; True ; 1 20 30 156 163 173 329 388 438 455 547 634 713 723 900  ; 6 1 9 4 11 4 10 5 6 5 7 5 6 4 5 5 5 2 
357.5 ; 4.731e-11 ; True ; 1 20 112 163 173 329 388 438 484 537 547 634 713 723 900  ; 6 1 10 4 12 3 8 6 5 6 5 5 7 4 5 6 6 2 
358.4 ; 4.804e-11 ; True ; 1 20 112 156 163 173 187 388 438 484 547 634 713 723 900  ; 5 1 9 4 13 4 9 6 6 6 6 5 6 5 4 5 5 2 
358.6 ; 4.913e-11 ; True ; 1 20 30 112 163 173 329 388 438 484 547 634 713 723 900  ; 7 1 11 4 12 3 9 5 5 7 6 4 7 4 5 6 6 2 
360 ; 5.261e-11 ; True ; 1 20 112 156 163 173 329 388 438 484 547 634 713 723 900  ; 6 1 10 4 12 4 9 6 6 6 6 5 6 4 4 6 5 2 
361.7 ; 5.465e-11 ; True ; 1 20 112 156 163 329 388 438 484 547 612 634 713 723 900  ; 6 1 9 4 12 4 8 5 6 6 6 5 6 4 5 6 5 2 
365.8 ; 5.587e-11 ; True ; 1 20 112 156 163 329 388 438 484 537 547 634 713 723 900  ; 5 1 9 4 12 4 8 6 6 6 6 5 6 4 5 6 5 2 
367.9 ; 5.824e-11 ; True ; 1 20 30 112 156 163 329 388 438 484 547 634 713 723 900  ; 6 1 10 4 12 4 9 5 6 7 7 4 6 4 5 6 5 2 
371.2 ; 6.017e-11 ; True ; 1 20 112 156 163 260 388 438 484 547 612 634 713 723 900  ; 5 1 9 4 12 4 8 6 5 6 6 6 7 4 5 5 6 2 
373.7 ; 6.068e-11 ; True ; 1 20 30 112 156 163 329 388 484 547 634 713 723 885 900  ; 6 1 10 4 12 4 10 5 6 6 6 5 5 4 6 6 5 2 
373.8 ; 6.601e-11 ; True ; 1 20 30 112 156 163 173 388 438 484 547 634 713 723 900  ; 6 1 10 4 13 4 9 6 5 7 6 5 7 4 5 5 6 2 
378.6 ; 6.678e-11 ; True ; 1 20 30 112 156 163 260 388 438 484 547 634 713 723 900  ; 5 1 10 4 12 4 9 6 5 7 7 5 7 4 5 5 6 2 
379.9 ; 7.1e-11 ; True ; 1 20 30 112 156 163 388 438 484 547 634 713 723 885 900  ; 6 1 10 4 13 4 9 6 5 7 6 5 6 4 6 5 6 2 
390.8 ; 7.258e-11 ; True ; 1 20 30 112 156 163 388 438 455 484 547 634 713 723 885  ; 6 1 10 4 13 4 9 6 6 6 6 5 6 5 6 4 6 2 
397.7 ; 7.274e-11 ; True ; 1 20 30 112 163 173 388 438 455 547 634 723 874 885 900  ; 6 1 10 4 11 4 8 6 5 7 5 5 7 5 5 5 7 2 
398.6 ; 7.735e-11 ; True ; 1 20 30 112 163 173 329 388 438 484 547 634 636 713 723 900  ; 7 1 11 5 13 3 9 5 5 7 7 4 8 4 5 6 7 2 
400.8 ; 7.762e-11 ; True ; 1 20 30 163 173 329 388 438 455 484 547 634 713 723 885 900  ; 8 1 11 5 12 3 10 5 5 6 6 5 7 4 6 5 7 2 
401.6 ; 7.765e-11 ; True ; 1 20 30 112 156 163 388 438 484 547 634 723 874 885 900  ; 6 1 10 4 12 4 8 6 5 8 6 5 7 4 5 5 7 2 
402.8 ; 7.915e-11 ; True ; 1 20 112 156 163 173 329 388 438 484 547 634 688 713 723 900  ; 6 1 10 4 13 5 9 6 6 6 6 5 6 5 4 7 5 2 
404.7 ; 8.588e-11 ; True ; 1 20 112 156 163 260 329 388 438 484 547 634 636 713 723 900  ; 5 1 10 5 12 4 9 6 6 6 8 5 7 4 4 6 6 2 
404.9 ; 8.928e-11 ; True ; 1 20 30 156 163 173 329 388 438 455 484 547 634 713 723 900  ; 7 1 10 5 12 4 10 5 6 6 7 5 7 4 5 5 6 2 
406.8 ; 9.193e-11 ; True ; 1 20 112 156 163 329 388 438 484 537 547 634 636 713 723 900  ; 5 1 9 5 13 4 8 6 6 6 7 5 7 4 5 6 6 2 
408.7 ; 9.812e-11 ; True ; 1 20 112 156 163 173 329 388 438 484 547 612 634 713 723 900  ; 7 1 10 4 13 4 9 6 6 6 6 6 7 4 5 6 6 2 
411.1 ; 1.017e-10 ; True ; 1 20 112 156 163 260 329 388 438 484 547 612 634 713 723 900  ; 6 1 10 4 12 4 9 6 6 6 7 6 7 4 5 6 6 2 
414.9 ; 1.076e-10 ; True ; 1 20 30 112 156 163 173 329 388 438 484 547 634 713 723 900  ; 7 1 11 4 13 4 10 6 6 7 7 5 7 4 5 6 6 2 
419.5 ; 1.094e-10 ; True ; 1 20 30 112 156 163 260 329 388 438 484 547 634 713 723 900  ; 6 1 11 4 12 4 10 6 6 7 8 5 7 4 5 6 6 2 
421.4 ; 1.13e-10 ; True ; 1 20 25 30 112 156 163 260 329 388 484 547 634 713 723 900  ; 5 1 11 5 12 4 11 6 6 7 7 5 7 4 5 6 6 2 
421.9 ; 1.157e-10 ; True ; 1 20 30 112 156 163 329 388 438 484 547 634 713 723 885 900  ; 7 1 11 4 13 4 10 6 6 7 7 5 6 4 6 6 6 2 
426.9 ; 1.161e-10 ; True ; 1 20 30 112 163 173 388 438 455 484 547 634 713 723 885 900  ; 7 1 11 5 13 4 9 6 5 7 5 5 7 5 6 5 7 2 
426.9 ; 1.196e-10 ; True ; 1 20 30 112 156 163 173 388 438 484 547 634 713 723 885 900  ; 7 1 11 4 14 4 10 7 5 7 6 6 7 4 6 5 7 2 
430.9 ; 1.268e-10 ; True ; 1 20 30 112 156 163 173 388 438 455 484 547 634 713 723 900  ; 6 1 10 5 13 5 9 6 6 7 6 5 7 5 5 5 6 2 
435.3 ; 1.291e-10 ; True ; 1 20 30 112 156 163 173 388 438 455 547 634 713 723 885 900  ; 6 1 10 4 13 5 10 7 6 6 6 6 6 5 6 5 6 2 
441 ; 1.292e-10 ; True ; 1 20 30 112 156 163 388 438 455 547 612 634 713 723 885 900  ; 6 1 9 4 13 5 9 6 6 6 6 6 6 5 7 5 6 2 
441.4 ; 1.317e-10 ; True ; 1 20 30 112 156 163 260 388 455 484 547 634 713 723 885 900  ; 5 1 10 5 12 5 10 6 6 6 6 6 6 5 6 5 6 2 
447.9 ; 1.33e-10 ; True ; 1 20 30 112 156 163 173 329 388 438 547 634 713 723 874 900  ; 6 1 10 4 12 5 10 6 6 7 7 5 7 5 5 6 6 2 
449 ; 1.331e-10 ; True ; 1 20 112 156 163 329 388 438 484 547 634 713 723 874 885 900  ; 6 1 10 5 12 5 9 6 6 7 6 5 6 5 5 6 6 2 
449.2 ; 1.356e-10 ; True ; 1 20 30 112 156 163 187 329 388 438 484 547 634 636 713 723 900  ; 6 1 10 5 14 4 10 5 7 7 9 4 7 5 5 6 6 2 
451.6 ; 1.38e-10 ; True ; 1 20 30 156 163 173 329 388 438 455 484 547 634 688 713 723 900  ; 7 1 10 5 13 5 10 5 6 6 7 5 7 5 5 6 6 2 
453.5 ; 1.406e-10 ; True ; 1 20 30 112 156 163 329 388 484 547 634 713 723 874 885 900  ; 6 1 10 5 12 5 10 5 6 7 6 5 6 5 6 6 6 2 
454 ; 1.43e-10 ; True ; 1 20 30 112 156 163 329 388 438 547 634 713 723 874 885 900  ; 6 1 10 4 12 5 10 6 6 7 7 5 6 5 6 6 6 2 
456.3 ; 1.478e-10 ; True ; 1 20 30 42 112 163 173 329 388 438 484 547 634 636 713 723 900  ; 7 1 11 5 14 4 9 5 5 7 8 5 8 4 6 6 7 2 
456.8 ; 1.576e-10 ; True ; 1 20 112 156 163 173 329 388 438 484 537 547 634 636 713 723 900  ; 6 1 10 5 14 4 9 7 6 6 7 6 8 4 5 6 7 2 
458.8 ; 1.661e-10 ; True ; 1 20 30 112 156 163 173 329 388 438 484 547 634 636 713 723 900  ; 7 1 11 5 14 4 10 6 6 7 8 5 8 4 5 6 7 2 
465.4 ; 1.693e-10 ; True ; 1 20 25 112 156 163 329 388 484 547 612 634 636 713 723 885 900  ; 6 1 10 6 14 4 10 6 6 6 6 6 7 4 6 6 7 2 
466.1 ; 1.697e-10 ; True ; 1 20 30 112 156 163 260 329 388 484 537 547 634 636 713 723 900  ; 5 1 10 5 13 4 10 6 6 6 8 6 8 4 6 6 7 2 
466.5 ; 1.71e-10 ; True ; 1 20 30 112 156 163 173 329 388 484 537 547 634 636 713 723 900  ; 6 1 10 5 14 4 10 6 6 6 7 6 8 4 6 6 7 2 
466.8 ; 1.82e-10 ; True ; 1 20 30 112 156 163 329 388 438 484 547 634 636 713 723 885 900  ; 7 1 11 5 14 4 10 6 6 7 8 5 7 4 6 6 7 2 
470.2 ; 1.829e-10 ; True ; 1 20 30 112 156 163 173 187 388 438 484 547 634 713 723 885 900  ; 7 1 11 4 15 4 11 7 6 7 7 6 7 5 6 5 7 2 
470.8 ; 1.874e-10 ; True ; 1 20 30 112 156 163 260 329 388 438 484 547 612 634 713 723 900  ; 7 1 11 4 13 4 10 6 6 7 8 6 8 4 6 6 7 2 
470.9 ; 1.902e-10 ; True ; 1 20 30 112 163 173 329 388 438 455 484 547 634 713 723 885 900  ; 8 1 12 5 13 4 10 6 6 7 6 5 7 5 6 6 7 2 
474 ; 2.011e-10 ; True ; 1 20 30 112 156 163 173 329 388 438 455 484 547 634 713 723 900  ; 7 1 11 5 13 5 10 6 7 7 7 5 7 5 5 6 6 2 
480.3 ; 2.039e-10 ; True ; 1 20 30 112 156 163 173 329 388 438 455 547 634 713 723 885 900  ; 7 1 11 4 13 5 11 7 7 6 7 6 6 5 6 6 6 2 
481 ; 2.163e-10 ; True ; 1 20 30 112 156 163 329 388 438 455 484 547 634 713 723 885 900  ; 7 1 11 5 13 5 10 6 7 7 7 5 6 5 6 6 6 2 
488 ; 2.298e-10 ; True ; 1 20 30 112 156 163 173 388 438 455 484 547 634 713 723 885 900  ; 7 1 11 5 14 5 10 7 6 7 6 6 7 5 6 5 7 2 
493.7 ; 2.382e-10 ; True ; 1 20 30 112 156 163 260 388 438 455 484 547 634 713 723 885 900  ; 6 1 11 5 13 5 10 7 6 7 7 6 7 5 6 5 7 2 
505.9 ; 2.401e-10 ; True ; 1 20 30 112 156 163 173 329 388 438 547 634 713 723 874 885 900  ; 7 1 11 4 13 5 11 7 6 7 7 6 7 5 6 6 7 2 
506.7 ; 2.496e-10 ; True ; 1 20 30 112 156 163 329 388 438 484 547 634 713 723 874 885 900  ; 7 1 11 5 13 5 10 6 6 8 7 5 7 5 6 6 7 2 
508.3 ; 2.535e-10 ; True ; 1 20 30 112 156 163 187 329 388 438 483 484 547 634 636 713 723 900  ; 6 1 10 5 15 4 10 6 7 7 9 5 8 5 6 6 7 2 
510.1 ; 2.617e-10 ; True ; 1 20 30 112 156 163 187 329 388 438 484 547 634 636 713 723 885 900  ; 7 1 11 5 15 4 11 6 7 7 9 5 7 5 6 6 7 2 
516.6 ; 2.763e-10 ; True ; 1 20 30 112 156 163 260 329 388 438 484 547 612 634 636 713 723 900  ; 7 1 11 5 14 4 10 6 6 7 9 6 9 4 6 6 8 2 
518.5 ; 2.814e-10 ; True ; 1 20 30 112 156 163 173 329 388 438 484 537 547 634 636 713 723 900  ; 7 1 11 5 15 4 10 7 6 7 8 6 9 4 6 6 8 2 
518.7 ; 2.881e-10 ; True ; 1 20 30 112 156 163 173 329 388 438 484 547 634 636 713 723 885 900  ; 8 1 12 5 15 4 11 7 6 7 8 6 8 4 6 6 8 2 
522.3 ; 2.928e-10 ; True ; 1 20 30 112 156 163 329 388 438 484 547 612 634 636 713 723 885 900  ; 8 1 11 5 15 4 10 6 6 7 8 6 8 4 7 6 8 2 
526.3 ; 2.973e-10 ; True ; 1 20 30 112 156 163 187 329 388 438 455 484 547 634 713 723 885 900  ; 7 1 11 5 14 5 11 6 8 7 8 5 6 6 6 6 6 2 
532.6 ; 2.996e-10 ; True ; 1 20 30 112 156 163 329 388 483 484 547 634 636 713 723 765 885 900  ; 6 1 10 6 15 4 10 7 6 7 7 6 8 4 7 6 8 2 
533.5 ; 3.058e-10 ; True ; 1 20 30 112 156 163 173 329 388 484 537 547 634 636 713 723 769 900  ; 6 1 10 6 14 5 10 6 6 7 7 6 8 5 6 6 7 2 
533.8 ; 3.144e-10 ; True ; 1 20 112 156 163 173 260 329 388 438 455 484 547 634 713 723 885 900  ; 7 1 12 5 13 5 11 8 7 6 7 7 7 5 5 6 7 2 
534 ; 3.22e-10 ; True ; 1 20 30 112 156 163 260 329 388 455 484 547 634 636 713 723 885 900  ; 6 1 11 6 13 5 11 6 7 6 8 6 7 5 6 6 7 2 
534.9 ; 3.552e-10 ; True ; 1 20 30 112 156 163 173 329 388 438 455 484 547 634 713 723 885 900  ; 8 1 12 5 14 5 11 7 7 7 7 6 7 5 6 6 7 2 
540.5 ; 3.672e-10 ; True ; 1 20 30 112 156 163 260 329 388 438 455 484 547 634 713 723 885 900  ; 7 1 12 5 13 5 11 7 7 7 8 6 7 5 6 6 7 2 
561.5 ; 3.951e-10 ; True ; 1 20 30 112 156 163 173 329 388 438 484 547 634 713 723 874 885 900  ; 8 1 12 5 14 5 11 7 6 8 7 6 8 5 6 6 8 2 
566.1 ; 4.016e-10 ; True ; 1 20 30 112 156 163 329 388 438 484 547 612 634 713 723 874 885 900  ; 8 1 11 5 14 5 10 6 6 8 7 6 8 5 7 6 8 2 
568.2 ; 4.085e-10 ; True ; 1 20 30 112 156 163 260 329 388 438 484 547 634 713 723 874 885 900  ; 7 1 12 5 13 5 11 7 6 8 8 6 8 5 6 6 8 2 
570.1 ; 4.153e-10 ; True ; 1 20 30 112 156 163 173 329 388 438 455 547 634 713 723 874 885 900  ; 7 1 11 5 13 6 11 7 7 7 7 6 7 6 6 6 7 2 
570.3 ; 4.334e-10 ; True ; 1 20 30 112 156 163 173 329 388 438 484 547 634 636 688 713 723 885 900  ; 8 1 12 5 16 5 11 7 6 7 8 6 8 5 6 7 8 2 
574.9 ; 4.415e-10 ; True ; 1 20 30 112 156 163 260 329 388 438 484 547 634 636 688 713 723 885 900  ; 7 1 12 5 15 5 11 7 6 7 9 6 8 5 6 7 8 2 
582.4 ; 4.469e-10 ; True ; 1 20 30 112 156 163 173 329 388 438 484 537 547 634 636 713 723 885 900  ; 8 1 12 5 16 4 11 8 6 7 8 7 9 4 7 6 9 2 
583.8 ; 4.528e-10 ; True ; 1 20 30 112 156 163 240 260 388 438 455 484 547 612 634 636 713 723 900  ; 6 1 10 6 15 5 10 6 7 7 9 6 9 5 6 6 8 2 
587.5 ; 4.842e-10 ; True ; 1 20 30 112 156 163 260 329 388 438 484 547 612 634 636 713 723 769 900  ; 7 1 11 6 14 5 10 6 6 8 9 6 9 5 6 6 8 2 
589 ; 4.869e-10 ; True ; 1 20 30 112 156 163 260 329 388 438 484 547 634 688 713 723 765 885 900  ; 7 1 12 5 15 5 11 8 6 8 8 6 8 5 6 7 8 2 
591.5 ; 5.049e-10 ; True ; 1 20 30 112 156 163 173 329 388 438 484 547 634 636 713 723 769 885 900  ; 8 1 12 6 15 5 11 7 6 8 8 6 8 5 6 6 8 2 
597.4 ; 5.512e-10 ; True ; 1 20 30 112 156 163 173 260 329 388 438 455 484 547 634 713 723 885 900  ; 8 1 13 5 14 5 12 8 7 7 8 7 8 5 6 6 8 2 
608.7 ; 5.762e-10 ; True ; 1 20 30 112 156 163 173 329 388 438 455 484 547 634 713 723 769 885 900  ; 8 1 12 6 14 6 11 7 7 8 7 6 7 6 6 6 7 2 
611.3 ; 5.857e-10 ; True ; 1 20 30 112 156 163 329 388 438 455 484 547 612 634 713 723 769 885 900  ; 8 1 11 6 14 6 10 6 7 8 7 6 7 6 7 6 7 2 
623.6 ; 5.866e-10 ; True ; 1 20 30 112 156 163 329 388 438 455 483 547 612 634 713 723 769 885 900  ; 7 1 10 5 14 6 10 7 7 7 7 7 7 6 8 6 7 2 
625.3 ; 5.879e-10 ; True ; 1 20 30 112 156 163 260 329 388 438 484 547 612 634 713 723 765 874 900  ; 7 1 11 6 14 5 10 7 6 9 8 6 10 5 6 6 9 2 
629.2 ; 6.129e-10 ; True ; 1 20 30 112 156 163 173 329 388 438 484 537 547 634 713 723 874 885 900  ; 8 1 12 5 15 5 11 8 6 8 7 7 9 5 7 6 9 2 
632.8 ; 6.336e-10 ; True ; 1 20 30 112 156 163 260 329 388 438 484 537 547 634 713 723 874 885 900  ; 7 1 12 5 14 5 11 8 6 8 8 7 9 5 7 6 9 2 
634.2 ; 6.672e-10 ; True ; 1 20 30 112 156 163 329 388 438 455 484 547 612 634 713 723 874 885 900  ; 8 1 11 6 14 6 10 6 7 8 7 6 8 6 7 6 8 2 
651.3 ; 6.884e-10 ; True ; 1 20 30 112 156 163 173 329 388 438 484 500 547 634 713 723 874 885 900  ; 8 1 13 5 15 5 12 8 7 8 8 7 8 6 6 6 8 2 
660.8 ; 7.047e-10 ; True ; 1 20 30 112 156 163 260 329 388 438 484 547 634 636 691 713 723 769 885 900  ; 8 1 13 6 15 5 11 8 6 8 9 6 8 5 7 6 9 2 
661.8 ; 7.614e-10 ; True ; 1 20 30 112 156 163 173 260 329 388 484 537 547 634 636 713 723 769 885 900  ; 7 1 12 6 15 5 12 8 6 7 8 8 9 5 7 6 9 2 
675.6 ; 8.077e-10 ; True ; 1 20 30 112 156 163 260 329 388 413 455 484 537 547 634 713 723 769 885 900  ; 6 1 11 7 13 7 11 7 7 8 7 7 7 6 7 6 7 2 
679.1 ; 8.276e-10 ; True ; 1 20 30 112 156 163 329 388 438 483 484 547 592 634 636 713 723 769 885 900  ; 7 1 11 7 15 6 10 7 6 9 8 6 8 6 7 6 8 2 
687.7 ; 8.403e-10 ; True ; 1 20 30 112 156 163 173 260 329 388 455 537 547 612 634 713 723 765 817 900  ; 6 1 10 6 15 6 11 8 7 7 7 8 9 6 7 6 8 2 
689.3 ; 8.633e-10 ; True ; 1 20 30 112 156 163 260 329 388 413 438 455 484 547 612 634 723 874 885 900  ; 8 1 12 6 13 6 10 7 7 9 8 7 9 5 6 6 9 2 
690.8 ; 9.001e-10 ; True ; 1 20 30 112 156 163 240 260 329 388 438 455 484 547 634 713 723 874 885 900  ; 7 1 12 6 14 6 12 7 8 8 9 6 8 6 6 7 8 2 
698 ; 9.917e-10 ; True ; 1 20 30 112 156 163 173 260 329 388 438 455 484 547 634 713 723 874 885 900  ; 8 1 13 6 14 6 12 8 7 8 8 7 9 6 6 6 9 2 
722.7 ; 1.154e-09 ; True ; 1 20 25 30 112 156 163 260 329 388 438 484 547 612 634 636 713 723 769 885 900  ; 8 1 13 7 16 5 12 8 6 9 9 7 10 5 7 6 10 2 
735.9 ; 1.272e-09 ; True ; 1 20 30 112 156 163 173 306 329 388 438 455 484 547 612 634 713 723 765 885 900  ; 9 1 12 6 16 5 12 8 7 8 7 7 9 5 7 6 9 3 
778.7 ; 1.307e-09 ; True ; 1 20 30 112 156 163 173 260 388 438 455 484 547 612 634 713 723 769 817 885 900  ; 8 1 12 7 16 7 11 8 6 9 7 8 9 7 7 5 9 2 
782.3 ; 1.317e-09 ; True ; 1 20 30 112 156 163 173 257 329 388 455 484 547 612 634 713 723 769 874 885 900  ; 8 1 12 7 14 7 12 6 8 8 7 7 8 7 7 7 8 2 
789.7 ; 1.407e-09 ; True ; 1 20 30 112 156 163 173 306 329 388 438 484 547 634 713 723 765 780 874 885 900  ; 8 1 12 6 16 5 12 8 6 9 8 6 9 6 7 7 9 3 
801.2 ; 1.491e-09 ; True ; 1 20 30 112 156 163 260 329 388 438 455 484 537 547 634 723 769 780 874 885 900  ; 7 1 12 6 14 6 10 8 7 9 9 7 9 7 7 7 9 2 
818.3 ; 1.497e-09 ; True ; 1 20 30 112 156 161 163 173 306 329 388 438 483 484 547 612 634 713 723 769 780 900  ; 8 1 11 5 17 5 11 8 6 9 8 7 9 6 8 7 9 3 
821.5 ; 1.517e-09 ; True ; 1 20 30 112 156 163 173 329 388 438 455 484 547 634 713 723 765 850 874 885 900  ; 9 1 12 7 15 7 12 8 8 9 7 6 9 7 7 6 9 2 
829.3 ; 1.581e-09 ; True ; 1 20 30 112 113 156 163 260 329 341 388 438 455 484 547 612 634 713 723 765 885 900  ; 8 1 13 6 17 5 11 8 8 9 9 7 10 6 7 7 10 2 
838.1 ; 1.656e-09 ; True ; 1 20 30 112 156 163 173 260 261 306 329 388 438 455 484 547 634 713 723 874 885 900  ; 8 1 13 6 14 6 13 8 7 8 8 7 9 6 6 7 9 3 
838.3 ; 1.729e-09 ; True ; 1 20 30 112 156 163 173 260 388 438 455 484 547 612 634 636 713 723 769 817 885 900  ; 8 1 12 8 17 7 11 8 6 9 8 8 10 7 7 5 10 2 
843.4 ; 1.839e-09 ; True ; 1 20 30 112 156 163 173 306 329 388 438 483 484 537 547 634 713 723 769 780 885 900  ; 8 1 12 5 17 5 12 9 6 8 8 8 9 6 9 7 9 3 
863.3 ; 2.187e-09 ; True ; 1 20 30 112 156 163 173 260 306 329 388 455 484 547 612 634 713 723 769 874 885 900  ; 8 1 12 7 14 7 13 7 7 8 7 8 9 7 7 6 9 3 
906.4 ; 2.268e-09 ; True ; 1 20 30 112 156 163 173 306 329 388 438 455 484 537 547 634 688 723 769 780 781 885 900  ; 9 1 13 5 17 6 12 9 7 8 9 7 9 7 7 8 9 3 
913.1 ; 2.297e-09 ; True ; 1 20 30 112 156 163 173 260 306 329 388 484 537 547 634 713 723 769 850 874 885 900  ; 8 1 12 6 14 7 14 8 7 8 7 8 9 7 8 6 9 3 
928.8 ; 2.328e-09 ; True ; 1 20 30 112 156 163 173 260 329 388 438 483 484 537 547 634 713 723 769 861 874 885 900  ; 9 1 14 6 17 6 13 10 6 9 8 9 11 6 8 7 12 2 
931.8 ; 2.375e-09 ; True ; 1 20 30 112 156 163 173 306 329 388 421 438 455 547 612 634 636 713 723 874 885 886 900  ; 8 1 11 6 17 6 12 7 9 7 9 7 9 8 7 7 9 3 
952 ; 2.86e-09 ; True ; 1 20 30 112 156 163 173 260 306 329 388 438 484 529 547 634 713 723 769 780 874 885 900  ; 9 1 13 6 16 6 13 9 6 9 9 7 10 7 8 7 10 3 
973.2 ; 2.89e-09 ; True ; 1 20 30 112 156 163 173 260 306 329 388 438 455 484 529 547 634 713 723 780 817 874 900  ; 8 1 12 7 16 7 12 8 7 9 9 6 10 8 7 7 9 3 
981.6 ; 2.899e-09 ; True ; 1 20 30 112 156 163 173 257 306 329 388 438 455 484 537 547 634 688 723 769 780 781 885 900  ; 9 1 14 5 17 6 13 9 8 8 10 7 9 7 7 9 9 3 
999.9 ; 3.134e-09 ; True ; 1 20 30 112 156 163 240 260 329 388 455 484 537 547 549 634 636 713 723 765 769 874 885 900  ; 6 1 11 10 16 8 12 8 8 10 9 7 10 7 7 7 10 2 
1021 ; 3.372e-09 ; True ; 1 20 30 112 156 163 173 260 306 329 388 438 484 537 547 634 713 723 765 780 874 885 899 900  ; 8 1 13 6 18 6 14 10 6 10 9 8 11 6 8 7 11 3 
1052 ; 3.605e-09 ; True ; 1 20 30 112 156 163 173 260 270 306 329 388 438 484 529 547 634 713 723 769 780 874 885 900  ; 9 1 14 6 16 7 13 9 6 9 10 7 10 7 8 8 10 3 
1071 ; 3.863e-09 ; True ; 1 20 30 112 156 163 173 257 306 329 388 438 455 484 537 547 634 706 713 723 769 780 781 885 900  ; 9 1 14 6 18 6 14 10 8 8 10 7 9 7 8 8 10 3 
1089 ; 3.873e-09 ; True ; 1 20 30 112 156 163 173 260 306 329 388 416 484 547 634 713 723 765 769 780 850 874 885 900  ; 9 1 13 7 16 7 15 9 7 9 8 7 10 8 8 7 9 3 
1112 ; 4.114e-09 ; True ; 1 20 30 112 156 163 260 329 341 388 438 455 484 547 612 634 713 723 765 780 850 874 885 900  ; 9 1 12 7 17 7 12 8 9 9 9 7 10 9 9 8 10 2 
1114 ; 4.142e-09 ; True ; 1 20 30 112 156 163 173 239 260 306 329 388 438 484 537 547 634 713 723 769 780 874 885 899 900  ; 8 1 13 6 18 7 14 9 6 10 10 8 10 7 8 8 10 3 
1123 ; 4.434e-09 ; True ; 1 20 30 83 112 156 163 260 306 329 388 438 455 484 529 547 634 713 723 769 780 861 874 885 900  ; 9 1 14 7 16 7 14 8 7 10 9 6 9 8 9 8 10 3 
1128 ; 4.487e-09 ; True ; 1 20 30 112 144 156 163 257 260 306 329 388 438 455 484 537 547 634 723 765 769 780 817 874 900  ; 6 1 12 8 15 8 11 8 8 11 10 6 11 8 6 9 10 3 
1138 ; 5.023e-09 ; True ; 1 20 30 112 156 163 260 306 329 388 438 455 484 547 612 634 713 723 769 780 861 874 885 886 900  ; 9 1 13 7 17 7 13 7 8 9 9 7 9 9 8 9 10 3 
1181 ; 5.071e-09 ; True ; 1 16 20 30 112 156 163 260 306 329 388 438 455 484 537 547 634 713 723 769 850 874 885 886 900  ; 8 1 12 7 15 9 13 8 9 10 8 7 9 9 8 7 9 3 
1189 ; 5.246e-09 ; True ; 1 20 30 112 144 156 163 173 260 329 388 438 484 537 547 634 713 723 769 780 817 850 874 885 900  ; 9 1 13 7 17 9 13 9 7 10 9 8 11 9 9 8 11 2 
1210 ; 5.568e-09 ; True ; 1 20 30 112 156 163 173 257 260 306 329 388 438 455 484 537 547 634 644 688 723 769 780 874 885 900  ; 8 1 14 6 16 8 14 9 8 9 10 8 11 8 7 9 10 3 
1220 ; 5.758e-09 ; True ; 1 20 30 105 112 156 163 173 306 329 388 438 455 484 547 612 634 713 723 765 769 773 780 817 885 900  ; 10 1 12 8 20 7 13 9 7 10 8 8 10 8 8 8 9 3 
1279 ; 5.897e-09 ; True ; 1 20 30 112 144 156 163 260 306 329 341 388 438 455 484 537 612 634 723 765 769 817 850 874 885 900  ; 9 1 12 8 16 9 11 8 8 11 7 8 11 8 7 7 12 3 
1306 ; 6.316e-09 ; True ; 1 20 30 112 144 156 163 173 260 329 388 421 455 484 537 547 634 713 723 769 780 817 850 874 885 900  ; 8 1 12 8 17 10 13 8 9 9 9 8 10 11 9 8 10 2 
1424 ; 6.675e-09 ; True ; 1 20 30 112 156 163 173 306 329 388 438 455 484 529 537 547 557 655 723 769 780 850 856 861 874 885 900  ; 11 1 13 7 17 10 12 9 8 10 8 8 10 8 8 7 11 3 
1521 ; 6.898e-09 ; True ; 1 20 30 112 156 163 173 306 329 388 438 455 484 529 537 547 557 654 655 723 769 780 850 856 861 874 885 900  ; 12 1 14 7 17 10 13 9 8 10 8 8 10 8 8 7 11 3  


RUN 10:
Optimum Distance: 26.48
Optimal Team: 163,388,455,634,
Required Skills: 0 1 2 4 5 7 9 10 11 12 14 15 16 18 22 23 24 26 
Distance; Skill Score; isValid; Team; Skill Counts
33.53 ; 1.844e-18 ; True ; 1 163 388 531 723  ; 2 1 4 1 3 1 2 1 1 2 1 1 2 1 1 1 3 1 
34.41 ; 2.603e-18 ; True ; 1 163 388 723 794  ; 2 1 4 1 4 1 2 1 1 2 2 1 2 1 1 1 2 1 
34.45 ; 4.896e-18 ; True ; 1 163 388 688 723  ; 2 1 4 1 4 1 2 1 1 2 1 1 2 2 1 2 2 1 
34.51 ; 7.153e-18 ; True ; 1 163 388 723 900  ; 2 1 4 2 3 1 2 1 1 3 1 1 2 1 1 2 2 1 
34.54 ; 8.162e-18 ; True ; 163 173 388 723 900  ; 3 1 4 1 3 1 3 2 1 2 1 1 2 1 1 2 2 1 
35.45 ; 8.535e-18 ; True ; 163 388 592 723 885  ; 3 1 4 1 3 1 3 2 1 2 1 1 1 2 2 1 2 1 
36.18 ; 1.343e-17 ; True ; 163 388 547 592 885  ; 2 1 3 1 3 1 3 3 1 2 1 1 2 2 2 1 2 1 
38.36 ; 1.357e-17 ; True ; 163 388 547 885 900  ; 2 1 3 1 3 1 3 3 1 2 1 1 2 1 2 2 2 1 
39.51 ; 2.875e-17 ; True ; 1 112 163 388 723  ; 2 1 5 1 4 1 2 2 2 3 1 1 2 2 1 2 2 1 
46.26 ; 5.163e-17 ; True ; 1 163 329 388 413 723  ; 3 1 5 2 3 1 3 1 2 3 2 1 2 1 1 2 2 1 
46.27 ; 7.35e-17 ; True ; 1 163 329 388 723 900  ; 3 1 5 2 3 1 3 1 2 3 2 1 2 1 1 3 2 1 
47.46 ; 7.707e-17 ; True ; 1 20 388 438 723 900  ; 2 1 5 2 4 1 2 1 2 4 2 2 2 1 1 2 2 1 
47.73 ; 9.123e-17 ; True ; 127 163 173 388 723 900  ; 3 1 5 1 4 1 3 3 2 2 2 1 2 2 1 2 2 1 
49.23 ; 9.888e-17 ; True ; 20 173 388 438 723 900  ; 3 1 5 1 4 1 3 2 2 3 2 2 2 1 1 2 2 1 
49.29 ; 1.014e-16 ; True ; 1 163 173 388 723 900  ; 3 1 5 2 4 1 3 2 1 3 1 2 3 1 1 2 3 1 
49.68 ; 1.064e-16 ; True ; 1 127 163 388 723 900  ; 2 1 5 2 4 1 2 2 2 3 2 1 2 2 1 2 2 1 
50.86 ; 1.995e-16 ; True ; 30 163 388 547 592 885  ; 3 1 4 1 4 1 4 3 1 3 2 1 3 2 3 1 3 1 
54.05 ; 2.016e-16 ; True ; 30 163 388 547 885 900  ; 3 1 4 1 4 1 4 3 1 3 2 1 3 1 3 2 3 1 
54.12 ; 2.137e-16 ; True ; 1 112 163 329 388 723  ; 3 1 6 1 4 1 3 2 3 3 2 1 2 2 1 3 2 1 
54.19 ; 3.253e-16 ; True ; 1 163 388 413 547 723  ; 2 1 4 2 4 1 3 2 2 3 2 1 3 2 2 2 2 1 
54.23 ; 4.632e-16 ; True ; 1 163 388 547 723 900  ; 2 1 4 2 4 1 3 2 2 3 2 1 3 2 2 3 2 1 
58.06 ; 4.748e-16 ; True ; 1 42 163 388 547 723  ; 2 1 4 1 5 1 3 2 2 2 3 2 3 2 3 2 2 1 
58.23 ; 5.413e-16 ; True ; 1 163 388 547 713 723  ; 2 1 4 2 5 1 4 2 2 2 2 1 3 3 3 2 2 1 
61.05 ; 5.827e-16 ; True ; 1 30 112 163 388 547  ; 2 1 5 1 5 1 3 3 2 4 2 1 4 2 2 2 3 1 
61.19 ; 7.734e-16 ; True ; 1 112 163 388 547 723  ; 2 1 5 1 5 1 3 3 3 3 2 1 3 3 2 3 2 1 
63.13 ; 7.747e-16 ; True ; 1 20 173 388 438 723 900  ; 3 1 6 2 5 1 3 2 2 4 2 3 3 1 1 2 3 1 
63.15 ; 7.826e-16 ; True ; 1 163 388 547 723 874  ; 2 1 4 2 4 1 3 2 2 3 2 1 4 3 2 2 3 1 
63.98 ; 8.052e-16 ; True ; 1 163 173 329 388 723 900  ; 4 1 6 2 4 1 4 2 2 3 2 2 3 1 1 3 3 1 
65.24 ; 8.477e-16 ; True ; 1 20 329 388 547 723 900  ; 2 1 5 2 4 1 4 1 4 3 3 2 2 2 2 4 1 1 
66.11 ; 1.009e-15 ; True ; 1 20 388 438 634 713 723  ; 2 1 5 2 6 1 4 1 2 3 3 3 2 2 3 2 2 1 
66.85 ; 1.022e-15 ; True ; 1 20 156 388 438 723 900  ; 2 1 5 2 5 2 3 2 3 4 3 3 2 1 1 2 2 1 
67.1 ; 1.348e-15 ; True ; 1 20 173 388 438 713 723  ; 3 1 6 2 6 1 4 2 2 3 2 3 3 2 2 1 3 1 
68.92 ; 1.706e-15 ; True ; 1 163 388 438 634 713 723  ; 3 1 5 2 6 1 4 2 1 3 3 2 3 2 3 2 3 1 
68.96 ; 2.143e-15 ; True ; 1 163 329 388 547 723 900  ; 3 1 5 2 4 1 4 2 3 3 3 1 3 2 2 4 2 1 
71.06 ; 2.758e-15 ; True ; 1 20 388 438 547 723 900  ; 2 1 5 2 5 1 3 2 3 4 3 2 3 2 2 3 2 1 
72.93 ; 3.122e-15 ; True ; 1 163 388 438 547 723 900  ; 3 1 5 2 5 1 3 3 2 4 3 1 4 2 2 3 3 1 
73.79 ; 3.873e-15 ; True ; 1 163 173 388 547 723 900  ; 3 1 5 2 5 1 4 3 2 3 2 2 4 2 2 3 3 1 
75.85 ; 4.584e-15 ; True ; 1 163 388 547 723 885 900  ; 3 1 5 2 5 1 4 3 2 3 2 2 3 2 3 3 3 1 
79.43 ; 5.529e-15 ; True ; 1 156 163 388 547 723 900  ; 2 1 4 2 5 2 4 3 3 3 3 2 3 2 2 3 2 1 
81.41 ; 5.622e-15 ; True ; 1 156 163 388 484 547 723  ; 3 1 5 2 6 1 4 3 3 3 3 2 4 2 2 2 3 1 
83.27 ; 5.805e-15 ; True ; 1 30 156 163 388 547 723  ; 3 1 5 1 6 1 5 3 3 3 4 2 4 2 3 2 3 1 
83.77 ; 6.046e-15 ; True ; 1 30 112 163 388 547 723  ; 3 1 6 1 6 1 4 3 3 4 3 1 4 3 3 3 3 1 
83.78 ; 7.6e-15 ; True ; 1 20 173 388 438 634 713 723  ; 3 1 6 2 7 1 5 2 2 3 3 4 3 2 3 2 3 1 
86.56 ; 7.702e-15 ; True ; 1 163 173 388 438 634 713 723  ; 4 1 6 2 7 1 5 3 1 3 3 3 4 2 3 2 4 1 
86.87 ; 9.735e-15 ; True ; 1 20 329 388 438 547 723 900  ; 3 1 6 2 5 1 4 2 4 4 4 2 3 2 2 4 2 1 
90.36 ; 1.01e-14 ; True ; 1 110 163 329 388 547 723 900  ; 4 1 6 2 5 2 5 2 3 4 3 1 3 2 2 4 3 1 
90.51 ; 1.02e-14 ; True ; 1 163 329 388 547 634 723 900  ; 3 1 5 2 5 1 5 2 3 3 4 2 3 2 3 5 2 1 
90.58 ; 1.106e-14 ; True ; 1 163 329 388 438 547 723 900  ; 4 1 6 2 5 1 4 3 3 4 4 1 4 2 2 4 3 1 
91.41 ; 1.153e-14 ; True ; 1 163 173 329 388 413 547 723  ; 4 1 6 2 5 1 5 3 3 3 3 2 4 2 2 3 3 1 
91.43 ; 1.433e-14 ; True ; 1 20 110 388 438 547 723 900  ; 3 1 6 2 6 2 4 2 3 5 3 2 3 2 2 3 3 1 
91.44 ; 1.46e-14 ; True ; 1 163 173 329 388 547 723 900  ; 4 1 6 2 5 1 5 3 3 3 3 2 4 2 2 4 3 1 
91.51 ; 1.657e-14 ; True ; 1 20 173 388 438 547 723 900  ; 3 1 6 2 6 1 4 3 3 4 3 3 4 2 2 3 3 1 
93.36 ; 1.665e-14 ; True ; 1 163 173 388 438 547 723 900  ; 4 1 6 2 6 1 4 4 2 4 3 2 5 2 2 3 4 1 
94.48 ; 1.729e-14 ; True ; 1 163 329 388 547 723 885 900  ; 4 1 6 2 5 1 5 3 3 3 3 2 3 2 3 4 3 1 
95.28 ; 1.941e-14 ; True ; 1 20 156 388 438 547 723 900  ; 2 1 5 2 6 2 4 3 4 4 4 3 3 2 2 3 2 1 
95.7 ; 1.961e-14 ; True ; 1 20 388 438 547 723 885 900  ; 3 1 6 2 6 1 4 3 3 4 3 3 3 2 3 3 3 1 
96.48 ; 2.043e-14 ; True ; 1 20 173 388 438 547 713 723  ; 3 1 6 2 7 1 5 3 3 3 3 3 4 3 3 2 3 1 
97.35 ; 2.053e-14 ; True ; 1 163 173 388 438 547 713 723  ; 4 1 6 2 7 1 5 4 2 3 3 2 5 3 3 2 4 1 
97.52 ; 2.097e-14 ; True ; 1 163 388 438 547 723 885 900  ; 4 1 6 2 6 1 4 4 2 4 3 2 4 2 3 3 4 1 
98.21 ; 2.226e-14 ; True ; 1 20 30 156 388 547 723 900  ; 2 1 5 2 6 2 5 2 4 4 4 3 3 2 3 3 2 1 
98.37 ; 2.4e-14 ; True ; 1 30 163 388 547 723 885 900  ; 4 1 6 2 6 1 5 3 2 4 3 2 4 2 4 3 4 1 
101.9 ; 2.745e-14 ; True ; 1 156 163 388 484 547 723 900  ; 3 1 5 3 6 2 4 3 3 4 3 2 4 2 2 3 3 1 
102 ; 2.935e-14 ; True ; 1 156 163 388 438 547 723 900  ; 3 1 5 2 6 2 4 4 3 4 4 2 4 2 2 3 3 1 
103.3 ; 2.944e-14 ; True ; 1 112 163 388 484 547 634 723  ; 3 1 6 2 7 1 4 3 3 4 3 2 4 3 3 4 3 1 
103.5 ; 3.195e-14 ; True ; 1 112 163 173 388 547 723 900  ; 3 1 6 2 6 2 4 4 3 4 2 2 4 3 2 4 3 1 
104.5 ; 3.669e-14 ; True ; 1 42 112 163 388 484 547 723  ; 3 1 6 2 7 2 3 3 3 4 3 2 4 3 3 3 3 1 
104.9 ; 3.779e-14 ; True ; 1 30 156 163 388 547 723 900  ; 3 1 5 2 6 2 5 3 3 4 4 2 4 2 3 3 3 1 
106.5 ; 3.782e-14 ; True ; 1 112 163 388 547 723 885 900  ; 3 1 6 2 6 2 4 4 3 4 2 2 3 3 3 4 3 1 
107 ; 3.792e-14 ; True ; 1 20 127 173 388 438 713 723 900  ; 3 1 7 3 7 2 4 3 3 4 3 3 3 3 2 2 3 1 
109.1 ; 4.173e-14 ; True ; 1 20 110 329 388 438 547 723 900  ; 4 1 7 2 6 2 5 2 4 5 4 2 3 2 2 4 3 1 
110 ; 4.27e-14 ; True ; 1 20 110 173 329 388 547 723 900  ; 4 1 7 2 6 2 6 2 4 4 3 3 3 2 2 4 3 1 
110.2 ; 4.825e-14 ; True ; 1 20 173 329 388 438 547 723 900  ; 4 1 7 2 6 1 5 3 4 4 4 3 4 2 2 4 3 1 
112.1 ; 5.009e-14 ; True ; 1 163 173 329 388 413 547 723 900  ; 4 1 6 3 5 2 5 3 3 4 3 2 4 2 2 4 3 1 
112.8 ; 5.07e-14 ; True ; 1 20 156 329 388 484 547 723 900  ; 3 1 6 3 6 2 5 2 5 4 4 3 3 2 2 4 2 1 
113.1 ; 5.554e-14 ; True ; 1 20 173 388 438 547 634 723 900  ; 3 1 6 2 7 1 5 3 3 4 4 4 4 2 3 4 3 1 
113.8 ; 6.314e-14 ; True ; 1 20 110 173 388 438 547 723 900  ; 4 1 7 2 7 2 5 3 3 5 3 3 4 2 2 3 4 1 
117.1 ; 6.629e-14 ; True ; 1 20 173 388 438 547 634 713 723  ; 3 1 6 2 8 1 6 3 3 3 4 4 4 3 4 3 3 1 
119 ; 7.452e-14 ; True ; 1 20 30 173 388 438 547 723 900  ; 4 1 7 2 7 1 5 3 3 5 4 3 5 2 3 3 4 1 
119.2 ; 9.977e-14 ; True ; 1 20 173 388 438 547 713 723 900  ; 3 1 6 3 7 2 5 3 3 4 3 3 4 3 3 3 3 1 
122 ; 1.003e-13 ; True ; 1 163 173 388 438 547 713 723 900  ; 4 1 6 3 7 2 5 4 2 4 3 2 5 3 3 3 4 1 
123.7 ; 1.123e-13 ; True ; 1 20 30 156 388 438 547 723 900  ; 3 1 6 2 7 2 5 3 4 5 5 3 4 2 3 3 3 1 
124.8 ; 1.146e-13 ; True ; 1 20 30 156 388 547 723 885 900  ; 3 1 6 2 7 2 6 3 4 4 4 4 3 2 4 3 3 1 
127.2 ; 1.178e-13 ; True ; 1 20 173 329 388 438 634 713 723 900  ; 4 1 7 3 7 2 6 2 3 4 4 4 3 2 3 4 3 1 
128 ; 1.179e-13 ; True ; 1 112 163 173 388 438 547 723 900  ; 4 1 7 2 7 2 4 5 3 5 3 2 5 3 2 4 4 1 
128.1 ; 1.204e-13 ; True ; 1 112 163 388 438 547 634 723 900  ; 3 1 6 2 7 2 4 4 3 5 4 2 4 3 3 5 3 1 
128.7 ; 1.221e-13 ; True ; 1 20 127 173 329 388 438 713 723 900  ; 4 1 8 3 7 2 5 3 4 4 4 3 3 3 2 3 3 1 
128.9 ; 1.225e-13 ; True ; 1 112 163 260 388 484 547 723 900  ; 3 1 7 3 6 2 4 4 3 5 3 2 5 3 2 4 4 1 
129 ; 1.31e-13 ; True ; 1 30 163 388 455 547 723 885 900  ; 4 1 6 3 6 2 5 3 3 4 3 2 4 3 4 3 4 1 
129 ; 1.428e-13 ; True ; 1 20 127 173 388 438 634 713 723 900  ; 3 1 7 3 8 2 5 3 3 4 4 4 3 3 3 3 3 1 
131.1 ; 1.429e-13 ; True ; 1 20 30 112 173 388 547 723 900  ; 3 1 7 2 7 2 5 3 4 5 3 3 4 3 3 4 3 1 
131.4 ; 1.55e-13 ; True ; 1 30 156 163 388 547 723 885 900  ; 4 1 6 2 7 2 6 4 3 4 4 3 4 2 4 3 4 1 
132.9 ; 1.615e-13 ; True ; 1 30 112 163 173 388 547 723 900  ; 4 1 7 2 7 2 5 4 3 5 3 2 5 3 3 4 4 1 
133.4 ; 1.718e-13 ; True ; 1 127 163 173 388 438 634 713 723 900  ; 4 1 7 3 8 2 5 4 2 4 4 3 4 3 3 3 4 1 
133.9 ; 1.809e-13 ; True ; 1 30 112 163 388 547 723 885 900  ; 4 1 7 2 7 2 5 4 3 5 3 2 4 3 4 4 4 1 
138.3 ; 2.05e-13 ; True ; 1 20 110 173 388 438 547 634 723 900  ; 4 1 7 2 8 2 6 3 3 5 4 4 4 2 3 4 4 1 
140.9 ; 2.816e-13 ; True ; 1 20 173 329 388 438 547 713 723 900  ; 4 1 7 3 7 2 6 3 4 4 4 3 4 3 3 4 3 1 
142.8 ; 2.88e-13 ; True ; 1 20 173 388 438 547 634 713 723 900  ; 3 1 6 3 8 2 6 3 3 4 4 4 4 3 4 4 3 1 
145.6 ; 2.996e-13 ; True ; 1 163 173 329 388 438 547 713 723 900  ; 5 1 7 3 7 2 6 4 3 4 4 2 5 3 3 4 4 1 
147.6 ; 3.255e-13 ; True ; 1 163 173 388 438 547 634 713 723 900  ; 4 1 6 3 8 2 6 4 2 4 4 3 5 3 4 4 4 1 
149.6 ; 3.311e-13 ; True ; 1 20 173 260 388 438 547 713 723 900  ; 3 1 7 3 7 2 6 4 3 4 4 4 5 3 3 3 4 1 
150.5 ; 3.426e-13 ; True ; 1 163 173 388 438 455 547 634 723 900  ; 4 1 6 3 7 2 5 4 3 4 4 3 5 3 3 4 4 1 
150.6 ; 3.864e-13 ; True ; 1 20 30 173 388 438 547 713 723 900  ; 4 1 7 3 8 2 6 3 3 5 4 3 5 3 4 3 4 1 
153.3 ; 3.994e-13 ; True ; 1 20 30 156 388 438 547 723 885 900  ; 4 1 7 2 8 2 6 4 4 5 5 4 4 2 4 3 4 1 
153.8 ; 4.058e-13 ; True ; 1 20 30 388 438 547 713 723 885 900  ; 4 1 7 3 8 2 6 3 3 5 4 3 4 3 5 3 4 1 
155.5 ; 4.167e-13 ; True ; 1 112 163 173 388 438 547 634 723 900  ; 4 1 7 2 8 2 5 5 3 5 4 3 5 3 3 5 4 1 
156.3 ; 4.382e-13 ; True ; 1 20 30 156 388 438 547 713 723 900  ; 3 1 6 3 8 3 6 3 4 5 5 3 4 3 4 3 3 1 
158.5 ; 4.392e-13 ; True ; 1 20 163 388 438 547 634 713 723 900  ; 3 1 6 3 8 2 6 3 3 4 4 3 4 3 4 4 3 2 
158.5 ; 4.713e-13 ; True ; 1 20 30 112 173 388 438 547 723 900  ; 4 1 8 2 8 2 5 4 4 6 4 3 5 3 3 4 4 1 
159.3 ; 4.831e-13 ; True ; 1 20 163 173 388 438 547 713 723 900  ; 4 1 7 3 8 2 6 4 3 4 3 3 5 3 3 3 4 2 
160.5 ; 5.028e-13 ; True ; 1 112 163 173 388 438 547 634 713 723  ; 4 1 7 2 9 2 6 5 3 4 4 3 5 4 4 4 4 1 
161.7 ; 5.278e-13 ; True ; 1 20 30 112 388 438 547 723 885 900  ; 4 1 8 2 8 2 5 4 4 6 4 3 4 3 4 4 4 1 
164.3 ; 5.282e-13 ; True ; 1 30 112 163 173 388 547 723 885 900  ; 5 1 8 2 8 2 6 5 3 5 3 3 5 3 4 4 5 1 
164.5 ; 5.41e-13 ; True ; 1 20 163 388 438 547 713 723 885 900  ; 4 1 7 3 8 2 6 4 3 4 3 3 4 3 4 3 4 2 
164.7 ; 5.439e-13 ; True ; 1 20 30 156 163 388 438 547 723 900  ; 4 1 7 2 8 2 6 4 4 5 5 3 5 2 3 3 4 2 
165.5 ; 5.556e-13 ; True ; 1 20 30 112 173 388 438 547 713 723  ; 4 1 8 2 9 2 6 4 4 5 4 3 5 4 4 3 4 1 
165.7 ; 5.791e-13 ; True ; 1 20 30 156 163 388 547 723 885 900  ; 4 1 7 2 8 2 7 4 4 4 4 4 4 2 4 3 4 2 
165.9 ; 5.838e-13 ; True ; 1 20 156 163 388 438 547 713 723 900  ; 3 1 6 3 8 3 6 4 4 4 4 3 4 3 3 3 3 2 
166.5 ; 7.024e-13 ; True ; 1 20 173 329 388 438 547 634 713 723 900  ; 4 1 7 3 8 2 7 3 4 4 5 4 4 3 4 5 3 1 
170.1 ; 7.33e-13 ; True ; 1 20 127 173 388 438 547 634 713 723 900  ; 3 1 7 3 9 2 6 4 4 4 5 4 4 4 4 4 3 1 
170.2 ; 7.569e-13 ; True ; 1 20 173 329 388 438 484 547 713 723 900  ; 5 1 8 4 8 2 6 3 4 5 4 3 5 3 3 4 4 1 
172.2 ; 7.623e-13 ; True ; 1 20 30 112 163 388 547 723 885 900  ; 4 1 8 2 8 2 6 4 4 5 3 3 4 3 4 4 4 2 
172.9 ; 7.802e-13 ; True ; 1 20 173 329 388 438 547 612 713 723 900  ; 5 1 7 3 8 2 6 3 4 4 4 4 5 3 4 4 4 1 
173 ; 7.887e-13 ; True ; 1 20 260 329 388 438 484 547 713 723 900  ; 4 1 8 4 7 2 6 3 4 5 5 3 5 3 3 4 4 1 
173 ; 8.358e-13 ; True ; 1 20 173 388 438 484 547 634 713 723 900  ; 4 1 7 4 9 2 6 3 3 5 4 4 5 3 4 4 4 1 
173.1 ; 8.404e-13 ; True ; 1 163 173 329 388 438 547 634 713 723 900  ; 5 1 7 3 8 2 7 4 3 4 5 3 5 3 4 5 4 1 
174.1 ; 8.463e-13 ; True ; 1 20 173 260 329 388 438 547 713 723 900  ; 4 1 8 3 7 2 7 4 4 4 5 4 5 3 3 4 4 1 
174.5 ; 8.753e-13 ; True ; 1 127 163 173 388 438 547 634 713 723 900  ; 4 1 7 3 9 2 6 5 3 4 5 3 5 4 4 4 4 1 
175.9 ; 9.331e-13 ; True ; 1 20 156 173 329 388 438 547 713 723 900  ; 4 1 7 3 8 3 7 4 5 4 5 4 4 3 3 4 3 1 
177.1 ; 9.627e-13 ; True ; 1 20 30 173 388 438 547 634 713 723 900  ; 4 1 7 3 9 2 7 3 3 5 5 4 5 3 5 4 4 1 
179.2 ; 9.796e-13 ; True ; 1 20 30 173 388 438 455 547 634 723 900  ; 4 1 7 3 8 2 6 3 4 5 5 4 5 3 4 4 4 1 
180.4 ; 1.015e-12 ; True ; 1 20 156 173 388 438 484 547 634 713 723  ; 4 1 7 3 10 2 7 4 4 4 5 5 5 3 4 3 4 1 
181.9 ; 1.026e-12 ; True ; 1 20 30 156 329 388 438 547 713 723 900  ; 4 1 7 3 8 3 7 3 5 5 6 3 4 3 4 4 3 1 
182 ; 1.076e-12 ; True ; 1 20 112 173 388 438 484 547 634 723 900  ; 4 1 8 3 9 2 5 4 4 6 4 4 5 3 3 5 4 1 
182.5 ; 1.111e-12 ; True ; 1 20 156 173 388 438 484 547 713 723 900  ; 4 1 7 4 9 3 6 4 4 5 4 4 5 3 3 3 4 1 
185.4 ; 1.118e-12 ; True ; 1 156 163 173 329 388 438 547 713 723 900  ; 5 1 7 3 8 3 7 5 4 4 5 3 5 3 3 4 4 1 
185.9 ; 1.238e-12 ; True ; 1 20 163 173 329 388 438 547 713 723 900  ; 5 1 8 3 8 2 7 4 4 4 4 3 5 3 3 4 4 2 
186.5 ; 1.365e-12 ; True ; 1 20 30 156 173 388 438 547 713 723 900  ; 4 1 7 3 9 3 7 4 4 5 5 4 5 3 4 3 4 1 
187.8 ; 1.368e-12 ; True ; 1 20 163 173 388 438 547 634 713 723 900  ; 4 1 7 3 9 2 7 4 3 4 4 4 5 3 4 4 4 2 
189.7 ; 1.368e-12 ; True ; 1 20 30 156 388 438 455 547 723 885 900  ; 4 1 7 3 8 3 6 4 5 5 5 4 4 3 4 3 4 1 
189.7 ; 1.433e-12 ; True ; 1 20 30 156 388 438 547 713 723 885 900  ; 4 1 7 3 9 3 7 4 4 5 5 4 4 3 5 3 4 1 
191.1 ; 1.447e-12 ; True ; 1 112 163 173 388 438 547 634 713 723 900  ; 4 1 7 3 9 3 6 5 3 5 4 3 5 4 4 5 4 1 
193.8 ; 1.468e-12 ; True ; 1 20 30 163 388 438 547 634 713 723 900  ; 4 1 7 3 9 2 7 3 3 5 5 3 5 3 5 4 4 2 
194.6 ; 1.536e-12 ; True ; 1 20 30 163 173 388 438 547 713 723 900  ; 5 1 8 3 9 2 7 4 3 5 4 3 6 3 4 3 5 2 
195.1 ; 1.636e-12 ; True ; 1 20 30 112 173 388 438 547 713 723 900  ; 4 1 8 3 9 3 6 4 4 6 4 3 5 4 4 4 4 1 
196.7 ; 1.641e-12 ; True ; 1 20 112 163 388 438 484 547 634 723 900  ; 4 1 8 3 9 2 5 4 4 6 4 3 5 3 3 5 4 2 
197.1 ; 1.651e-12 ; True ; 1 20 156 163 388 438 484 547 634 713 723  ; 4 1 7 3 10 2 7 4 4 4 5 4 5 3 4 3 4 2 
197.2 ; 1.708e-12 ; True ; 1 20 156 163 173 388 438 547 713 723 900  ; 4 1 7 3 9 3 7 5 4 4 4 4 5 3 3 3 4 2 
198.4 ; 1.776e-12 ; True ; 1 20 30 112 156 388 484 547 723 885 900  ; 4 1 8 3 9 3 6 4 5 6 4 4 4 3 4 4 4 1 
198.6 ; 1.887e-12 ; True ; 1 20 173 329 388 438 484 547 634 713 723 900  ; 5 1 8 4 9 2 7 3 4 5 5 4 5 3 4 5 4 1 
202.2 ; 2.081e-12 ; True ; 1 20 30 156 163 388 438 547 713 723 900  ; 4 1 7 3 9 3 7 4 4 5 5 3 5 3 4 3 4 2 
203.3 ; 2.092e-12 ; True ; 1 20 127 173 388 438 484 547 634 713 723 900  ; 4 1 8 4 10 2 6 4 4 5 5 4 5 4 4 4 4 1 
207.5 ; 2.104e-12 ; True ; 1 20 30 112 163 388 484 547 634 713 723  ; 4 1 8 3 10 2 7 3 4 5 4 3 5 4 5 4 4 2 
207.7 ; 2.111e-12 ; True ; 1 20 30 112 163 388 438 547 634 713 723  ; 4 1 8 2 10 2 7 4 4 5 5 3 5 4 5 4 4 2 
207.7 ; 2.315e-12 ; True ; 1 20 30 127 173 388 438 547 634 713 723 900  ; 4 1 8 3 10 2 7 4 4 5 6 4 5 4 5 4 4 1 
208 ; 2.419e-12 ; True ; 1 20 30 112 156 163 388 484 547 723 900  ; 4 1 8 3 9 3 6 4 5 6 4 3 5 3 3 4 4 2 
209 ; 2.507e-12 ; True ; 1 20 156 173 329 388 438 484 547 713 723 900  ; 5 1 8 4 9 3 7 4 5 5 5 4 5 3 3 4 4 1 
211 ; 2.527e-12 ; True ; 1 20 30 112 156 163 388 547 723 885 900  ; 4 1 8 2 9 3 7 5 5 5 4 4 4 3 4 4 4 2 
211.8 ; 2.767e-12 ; True ; 1 20 156 173 388 438 484 547 634 713 723 900  ; 4 1 7 4 10 3 7 4 4 5 5 5 5 3 4 4 4 1 
215.4 ; 2.796e-12 ; True ; 1 20 112 260 329 388 484 547 612 713 723 900  ; 4 1 8 4 8 3 6 3 5 5 4 4 5 4 4 5 4 1 
216 ; 3.026e-12 ; True ; 1 20 30 156 173 388 438 547 634 713 723 900  ; 4 1 7 3 10 3 8 4 4 5 6 5 5 3 5 4 4 1 
216.3 ; 3.05e-12 ; True ; 1 20 163 173 329 388 438 547 634 713 723 900  ; 5 1 8 3 9 2 8 4 4 4 5 4 5 3 4 5 4 2 
219 ; 3.215e-12 ; True ; 1 20 127 163 173 388 438 547 634 713 723 900  ; 4 1 8 3 10 2 7 5 4 4 5 4 5 4 4 4 4 2 
219.5 ; 3.321e-12 ; True ; 1 20 112 173 388 438 484 547 634 713 723 900  ; 4 1 8 4 10 3 6 4 4 6 4 4 5 4 4 5 4 1 
222 ; 3.323e-12 ; True ; 1 20 163 173 388 438 484 547 634 713 723 900  ; 5 1 8 4 10 2 7 4 3 5 4 4 6 3 4 4 5 2 
223 ; 3.378e-12 ; True ; 1 20 30 156 173 388 438 547 713 723 885 900  ; 5 1 8 3 10 3 8 5 4 5 5 5 5 3 5 3 5 1 
223.8 ; 3.412e-12 ; True ; 1 20 112 260 388 438 484 547 612 713 723 900  ; 4 1 8 4 9 3 5 4 4 6 4 4 6 4 4 4 5 1 
225.6 ; 3.825e-12 ; True ; 1 20 30 112 173 388 438 547 634 713 723 900  ; 4 1 8 3 10 3 7 4 4 6 5 4 5 4 5 5 4 1 
228.5 ; 4.202e-12 ; True ; 1 20 156 163 173 388 438 547 634 713 723 900  ; 4 1 7 3 10 3 8 5 4 4 5 5 5 3 4 4 4 2 
230.4 ; 4.501e-12 ; True ; 1 20 156 163 388 438 484 547 634 713 723 900  ; 4 1 7 4 10 3 7 4 4 5 5 4 5 3 4 4 4 2 
234.5 ; 4.921e-12 ; True ; 1 20 30 156 163 388 438 547 634 713 723 900  ; 4 1 7 3 10 3 8 4 4 5 6 4 5 3 5 4 4 2 
236.2 ; 5.065e-12 ; True ; 1 20 112 163 388 438 484 547 634 713 723 900  ; 4 1 8 4 10 3 6 4 4 6 4 3 5 4 4 5 4 2 
236.3 ; 5.315e-12 ; True ; 1 20 112 163 173 388 438 547 634 713 723 900  ; 4 1 8 3 10 3 7 5 4 5 4 4 5 4 4 5 4 2 
239.5 ; 5.494e-12 ; True ; 1 20 30 156 163 388 438 547 713 723 885 900  ; 5 1 8 3 10 3 8 5 4 5 5 4 5 3 5 3 5 2 
240.3 ; 5.562e-12 ; True ; 1 20 156 173 329 388 438 484 547 634 713 723 900  ; 5 1 8 4 10 3 8 4 5 5 6 5 5 3 4 5 4 1 
242.2 ; 5.833e-12 ; True ; 1 20 30 112 163 388 438 547 634 713 723 900  ; 4 1 8 3 10 3 7 4 4 6 5 3 5 4 5 5 4 2 
243.1 ; 6.03e-12 ; True ; 1 20 30 112 156 163 388 484 547 634 723 900  ; 4 1 8 3 10 3 7 4 5 6 5 4 5 3 4 5 4 2 
244.1 ; 6.039e-12 ; True ; 1 20 30 112 163 173 388 438 547 713 723 900  ; 5 1 9 3 10 3 7 5 4 6 4 3 6 4 4 4 5 2 
245.4 ; 6.412e-12 ; True ; 1 20 112 156 163 388 438 484 547 634 713 723  ; 4 1 8 3 11 3 7 5 5 5 5 4 5 4 4 4 4 2 
248.2 ; 6.591e-12 ; True ; 1 20 30 112 163 388 438 547 713 723 885 900  ; 5 1 9 3 10 3 7 5 4 6 4 3 5 4 5 4 5 2 
248.2 ; 6.812e-12 ; True ; 1 20 30 112 156 163 388 484 547 723 885 900  ; 5 1 9 3 10 3 7 5 5 6 4 4 5 3 4 4 5 2 
250.2 ; 6.881e-12 ; True ; 1 20 30 112 156 163 388 484 547 634 713 723  ; 4 1 8 3 11 3 8 4 5 5 5 4 5 4 5 4 4 2 
251.5 ; 6.924e-12 ; True ; 1 20 30 112 156 163 388 438 547 713 723 900  ; 4 1 8 3 10 4 7 5 5 6 5 3 5 4 4 4 4 2 
252.4 ; 7.056e-12 ; True ; 1 20 163 173 329 388 438 484 547 634 713 723 900  ; 6 1 9 4 10 2 8 4 4 5 5 4 6 3 4 5 5 2 
253.9 ; 7.277e-12 ; True ; 1 20 112 260 329 388 438 484 547 612 713 723 900  ; 5 1 9 4 9 3 6 4 5 6 5 4 6 4 4 5 5 1 
256.2 ; 7.718e-12 ; True ; 1 20 127 163 173 388 438 484 547 634 713 723 900  ; 5 1 9 4 11 2 7 5 4 5 5 4 6 4 4 4 5 2 
258.6 ; 7.856e-12 ; True ; 1 20 112 173 260 388 438 484 547 634 713 723 900  ; 4 1 9 4 10 3 7 5 4 6 5 5 6 4 4 5 5 1 
260 ; 8.378e-12 ; True ; 1 20 156 163 173 329 388 438 547 634 713 723 900  ; 5 1 8 3 10 3 9 5 5 4 6 5 5 3 4 5 4 2 
260.8 ; 9.046e-12 ; True ; 1 20 156 163 329 388 438 484 547 634 713 723 900  ; 5 1 8 4 10 3 8 4 5 5 6 4 5 3 4 5 4 2 
265.5 ; 9.228e-12 ; True ; 1 20 156 163 329 388 438 484 547 612 713 723 900  ; 6 1 8 4 10 3 7 4 5 5 5 4 6 3 4 4 5 2 
266.6 ; 1.021e-11 ; True ; 1 20 156 163 173 388 438 484 547 634 713 723 900  ; 5 1 8 4 11 3 8 5 4 5 5 5 6 3 4 4 5 2 
268.6 ; 1.056e-11 ; True ; 1 20 112 163 173 329 388 438 547 634 713 723 900  ; 5 1 9 3 10 3 8 5 5 5 5 4 5 4 4 6 4 2 
270.5 ; 1.063e-11 ; True ; 1 20 112 163 173 388 438 547 634 636 713 723 900  ; 4 1 8 4 11 3 7 5 4 5 5 4 6 4 4 5 5 2 
270.7 ; 1.107e-11 ; True ; 1 20 30 156 163 173 388 438 547 634 713 723 900  ; 5 1 8 3 11 3 9 5 4 5 6 5 6 3 5 4 5 2 
273.4 ; 1.226e-11 ; True ; 1 20 112 163 173 388 438 484 547 634 713 723 900  ; 5 1 9 4 11 3 7 5 4 6 4 4 6 4 4 5 5 2 
277.3 ; 1.278e-11 ; True ; 1 20 112 163 260 388 438 484 547 634 713 723 900  ; 4 1 9 4 10 3 7 5 4 6 5 4 6 4 4 5 5 2 
279.4 ; 1.394e-11 ; True ; 1 20 30 112 163 173 388 438 547 634 713 723 900  ; 5 1 9 3 11 3 8 5 4 6 5 4 6 4 5 5 5 2 
281.7 ; 1.405e-11 ; True ; 1 20 112 156 163 388 438 484 547 634 713 723 900  ; 4 1 8 4 11 4 7 5 5 6 5 4 5 4 4 5 4 2 
284.5 ; 1.461e-11 ; True ; 1 20 30 112 163 388 438 547 634 713 723 885 900  ; 5 1 9 3 11 3 8 5 4 6 5 4 5 4 6 5 5 2 
286.3 ; 1.475e-11 ; True ; 1 20 30 112 156 163 388 484 547 634 723 885 900  ; 5 1 9 3 11 3 8 5 5 6 5 5 5 3 5 5 5 2 
287.4 ; 1.508e-11 ; True ; 1 20 30 112 156 163 388 484 547 634 713 723 900  ; 4 1 8 4 11 4 8 4 5 6 5 4 5 4 5 5 4 2 
287.8 ; 1.536e-11 ; True ; 1 20 30 112 156 163 388 438 547 634 713 723 900  ; 4 1 8 3 11 4 8 5 5 6 6 4 5 4 5 5 4 2 
289.5 ; 1.616e-11 ; True ; 1 20 30 112 156 163 388 438 484 547 634 713 723  ; 5 1 9 3 12 3 8 5 5 6 6 4 6 4 5 4 5 2 
293.3 ; 1.627e-11 ; True ; 1 20 30 112 156 163 260 388 484 547 713 723 900  ; 4 1 9 4 10 4 8 5 5 6 5 4 6 4 4 4 5 2 
294.5 ; 1.704e-11 ; True ; 1 20 30 112 156 163 388 484 547 713 723 885 900  ; 5 1 9 4 11 4 8 5 5 6 4 4 5 4 5 4 5 2 
294.8 ; 1.737e-11 ; True ; 1 20 30 112 156 163 388 438 547 713 723 885 900  ; 5 1 9 3 11 4 8 6 5 6 5 4 5 4 5 4 5 2 
301.5 ; 1.747e-11 ; True ; 1 20 112 156 260 329 388 438 484 547 612 713 723 900  ; 5 1 9 4 10 4 7 5 6 6 6 5 6 4 4 5 5 1 
301.9 ; 1.757e-11 ; True ; 1 20 156 163 187 388 438 484 547 612 634 713 723 900  ; 5 1 7 4 12 3 8 4 5 5 6 5 6 4 5 4 5 2 
302.6 ; 1.835e-11 ; True ; 1 20 112 163 329 388 438 484 547 634 636 713 723 900  ; 5 1 9 5 11 3 7 4 5 6 6 3 6 4 4 6 5 2 
302.6 ; 1.92e-11 ; True ; 1 20 156 163 329 388 438 484 547 612 634 713 723 900  ; 6 1 8 4 11 3 8 4 5 5 6 5 6 3 5 5 5 2 
304.6 ; 1.961e-11 ; True ; 1 20 156 163 260 329 388 438 484 547 634 713 723 900  ; 5 1 9 4 10 3 9 5 5 5 7 5 6 3 4 5 5 2 
306.1 ; 2.038e-11 ; True ; 1 20 25 156 163 329 388 438 484 547 634 713 723 900  ; 5 1 9 5 11 3 9 5 5 6 6 4 6 3 4 5 5 2 
306.7 ; 2.04e-11 ; True ; 1 20 156 163 329 388 438 484 537 547 634 713 723 900  ; 5 1 8 4 11 3 8 5 5 5 6 5 6 3 5 5 5 2 
307.7 ; 2.325e-11 ; True ; 1 20 112 163 173 329 388 438 484 547 634 713 723 900  ; 6 1 10 4 11 3 8 5 5 6 5 4 6 4 4 6 5 2 
311.4 ; 2.417e-11 ; True ; 1 20 112 163 260 329 388 438 484 547 634 713 723 900  ; 5 1 10 4 10 3 8 5 5 6 6 4 6 4 4 6 5 2 
313.1 ; 2.449e-11 ; True ; 1 20 112 163 329 388 438 483 484 547 634 713 723 900  ; 5 1 9 4 11 3 7 5 5 6 5 4 6 4 5 6 5 2 
316 ; 2.575e-11 ; True ; 1 20 112 156 163 329 388 438 484 547 634 713 723 900  ; 5 1 9 4 11 4 8 5 6 6 6 4 5 4 4 6 4 2 
317.9 ; 2.638e-11 ; True ; 1 20 112 163 260 388 438 484 547 612 634 713 723 900  ; 5 1 9 4 11 3 7 5 4 6 5 5 7 4 5 5 6 2 
320.6 ; 2.734e-11 ; True ; 1 20 112 156 163 329 388 438 484 547 612 713 723 900  ; 6 1 9 4 11 4 7 5 6 6 5 4 6 4 4 5 5 2 
322.9 ; 3.029e-11 ; True ; 1 20 112 156 163 173 388 438 484 547 634 713 723 900  ; 5 1 9 4 12 4 8 6 5 6 5 5 6 4 4 5 5 2 
324.7 ; 3.094e-11 ; True ; 1 20 112 156 163 388 438 484 547 612 634 713 723 900  ; 5 1 8 4 12 4 7 5 5 6 5 5 6 4 5 5 5 2 
328.8 ; 3.163e-11 ; True ; 1 20 30 112 163 173 388 438 455 547 634 713 723 900  ; 5 1 9 4 11 4 8 5 5 6 5 4 6 5 5 5 5 2 
329.8 ; 3.445e-11 ; True ; 1 20 30 112 156 163 388 438 484 547 634 713 723 900  ; 5 1 9 4 12 4 8 5 5 7 6 4 6 4 5 5 5 2 
334.6 ; 3.513e-11 ; True ; 1 20 30 112 156 163 388 484 547 634 713 723 885 900  ; 5 1 9 4 12 4 9 5 5 6 5 5 5 4 6 5 5 2 
341.4 ; 3.623e-11 ; True ; 1 20 30 112 156 163 260 388 484 547 713 723 885 900  ; 5 1 10 4 11 4 9 6 5 6 5 5 6 4 5 4 6 2 
344.9 ; 3.731e-11 ; True ; 1 20 112 163 187 260 329 388 438 484 547 634 713 723 900  ; 5 1 10 4 11 3 9 5 6 6 7 4 6 5 4 6 5 2 
346.4 ; 3.896e-11 ; True ; 1 20 112 163 329 388 438 484 547 612 634 636 713 723 900  ; 6 1 9 5 12 3 7 4 5 6 6 4 7 4 5 6 6 2 
348.6 ; 3.979e-11 ; True ; 1 20 112 144 163 260 329 388 438 484 547 634 713 723 900  ; 5 1 10 4 10 4 8 5 5 6 6 4 7 4 4 7 6 2 
349.8 ; 4.055e-11 ; True ; 1 20 25 156 163 329 388 438 484 547 612 634 713 723 900  ; 6 1 9 5 12 3 9 5 5 6 6 5 7 3 5 5 6 2 
350.6 ; 4.14e-11 ; True ; 1 20 112 163 329 388 438 484 537 547 634 636 713 723 900  ; 5 1 9 5 12 3 7 5 5 6 6 4 7 4 5 6 6 2 
353.8 ; 4.236e-11 ; True ; 1 20 112 163 187 388 438 484 537 547 612 634 713 723 900  ; 5 1 8 4 13 3 7 5 5 6 5 5 7 5 6 5 6 2 
354.1 ; 4.252e-11 ; True ; 1 20 112 144 156 163 329 388 438 484 547 634 713 723 900  ; 5 1 9 4 11 5 8 5 6 6 6 4 6 4 4 7 5 2 
354.5 ; 4.457e-11 ; True ; 1 20 112 163 260 329 388 484 537 547 612 634 713 723 900  ; 5 1 9 4 11 3 8 5 5 5 5 6 7 4 6 6 6 2 
354.8 ; 4.81e-11 ; True ; 1 20 112 163 260 329 388 438 484 547 612 634 713 723 900  ; 6 1 10 4 11 3 8 5 5 6 6 5 7 4 5 6 6 2 
358.3 ; 4.917e-11 ; True ; 1 20 112 163 260 329 388 438 484 537 547 634 713 723 900  ; 5 1 10 4 11 3 8 6 5 6 6 5 7 4 5 6 6 2 
360 ; 5.261e-11 ; True ; 1 20 112 156 163 173 329 388 438 484 547 634 713 723 900  ; 6 1 10 4 12 4 9 6 6 6 6 5 6 4 4 6 5 2 
361.7 ; 5.465e-11 ; True ; 1 20 112 156 163 329 388 438 484 547 612 634 713 723 900  ; 6 1 9 4 12 4 8 5 6 6 6 5 6 4 5 6 5 2 
365.8 ; 5.587e-11 ; True ; 1 20 112 156 163 329 388 438 484 537 547 634 713 723 900  ; 5 1 9 4 12 4 8 6 6 6 6 5 6 4 5 6 5 2 
367.9 ; 5.824e-11 ; True ; 1 20 30 112 156 163 329 388 438 484 547 634 713 723 900  ; 6 1 10 4 12 4 9 5 6 7 7 4 6 4 5 6 5 2 
371.2 ; 6.017e-11 ; True ; 1 20 112 156 163 260 388 438 484 547 612 634 713 723 900  ; 5 1 9 4 12 4 8 6 5 6 6 6 7 4 5 5 6 2 
373 ; 6.165e-11 ; True ; 1 20 25 112 156 163 388 438 484 547 612 634 713 723 900  ; 5 1 9 5 13 4 8 6 5 7 5 5 7 4 5 5 6 2 
376.6 ; 6.584e-11 ; True ; 1 20 30 112 156 163 388 438 484 547 612 634 713 723 900  ; 6 1 9 4 13 4 8 5 5 7 6 5 7 4 6 5 6 2 
378.6 ; 6.678e-11 ; True ; 1 20 30 112 156 163 260 388 438 484 547 634 713 723 900  ; 5 1 10 4 12 4 9 6 5 7 7 5 7 4 5 5 6 2 
379.9 ; 7.1e-11 ; True ; 1 20 30 112 156 163 388 438 484 547 634 713 723 885 900  ; 6 1 10 4 13 4 9 6 5 7 6 5 6 4 6 5 6 2 
393.5 ; 7.209e-11 ; True ; 1 20 112 163 260 329 388 484 537 547 612 634 636 713 723 900  ; 5 1 9 5 12 3 8 5 5 5 6 6 8 4 6 6 7 2 
397.5 ; 7.421e-11 ; True ; 1 20 112 163 187 260 268 388 438 484 547 612 634 713 723 900  ; 5 1 9 4 13 4 9 5 6 6 6 5 7 5 6 5 6 2 
398.1 ; 7.59e-11 ; True ; 1 20 42 112 163 329 388 438 484 547 612 634 636 713 723 900  ; 6 1 9 5 13 4 7 4 5 6 7 5 7 4 6 6 6 2 
398.1 ; 8.087e-11 ; True ; 1 20 112 163 260 329 388 413 438 484 547 612 634 713 723 900  ; 6 1 10 5 11 4 8 5 5 7 6 5 7 4 5 6 6 2 
402.6 ; 8.992e-11 ; True ; 1 20 112 156 163 329 388 438 484 547 612 634 636 713 723 900  ; 6 1 9 5 13 4 8 5 6 6 7 5 7 4 5 6 6 2 
406.8 ; 9.193e-11 ; True ; 1 20 112 156 163 329 388 438 484 537 547 634 636 713 723 900  ; 5 1 9 5 13 4 8 6 6 6 7 5 7 4 5 6 6 2 
410.1 ; 9.828e-11 ; True ; 1 20 112 163 260 329 388 438 455 484 547 612 634 713 723 900  ; 6 1 10 5 11 4 8 5 6 6 6 5 7 5 5 6 6 2 
411.1 ; 1.017e-10 ; True ; 1 20 112 156 163 260 329 388 438 484 547 612 634 713 723 900  ; 6 1 10 4 12 4 9 6 6 6 7 6 7 4 5 6 6 2 
412.6 ; 1.025e-10 ; True ; 1 20 112 156 163 329 388 438 484 537 547 612 634 713 723 900  ; 6 1 9 4 13 4 8 6 6 6 6 6 7 4 6 6 6 2 
418.7 ; 1.055e-10 ; True ; 1 20 112 156 163 329 388 438 484 547 612 634 713 723 885 900  ; 7 1 10 4 13 4 9 6 6 6 6 6 6 4 6 6 6 2 
420.7 ; 1.056e-10 ; True ; 1 20 112 156 163 260 329 388 438 484 547 634 713 723 885 900  ; 6 1 11 4 12 4 10 7 6 6 7 6 6 4 5 6 6 2 
421.9 ; 1.157e-10 ; True ; 1 20 30 112 156 163 329 388 438 484 547 634 713 723 885 900  ; 7 1 11 4 13 4 10 6 6 7 7 5 6 4 6 6 6 2 
427.1 ; 1.173e-10 ; True ; 1 20 30 112 156 163 260 388 438 484 547 612 634 713 723 900  ; 6 1 10 4 13 4 9 6 5 7 7 6 8 4 6 5 7 2 
434 ; 1.174e-10 ; True ; 1 20 30 112 156 163 329 388 438 455 484 547 713 723 885 900  ; 7 1 11 5 12 5 9 6 7 7 6 4 6 5 5 5 6 2 
434.9 ; 1.23e-10 ; True ; 1 20 30 112 156 163 388 438 484 537 547 634 713 723 885 900  ; 6 1 10 4 14 4 9 7 5 7 6 6 7 4 7 5 7 2 
440 ; 1.324e-10 ; True ; 1 20 112 156 163 187 329 388 438 484 547 612 634 636 713 723 900  ; 6 1 9 5 14 4 9 5 7 6 8 5 7 5 5 6 6 2 
440.3 ; 1.375e-10 ; True ; 1 20 25 112 163 187 260 329 388 438 484 547 612 634 713 723 900  ; 6 1 11 5 13 3 10 6 6 7 7 5 8 5 5 6 7 2 
452.1 ; 1.383e-10 ; True ; 1 20 112 163 260 329 388 438 483 484 537 547 612 634 713 723 900  ; 6 1 10 4 13 3 8 7 5 6 6 7 9 4 7 6 8 2 
453.6 ; 1.482e-10 ; True ; 1 20 112 156 163 260 329 388 484 537 547 612 634 636 713 723 900  ; 5 1 9 5 13 4 9 6 6 5 7 7 8 4 6 6 7 2 
454 ; 1.57e-10 ; True ; 1 20 112 156 163 260 329 388 438 484 547 612 634 636 713 723 900  ; 6 1 10 5 13 4 9 6 6 6 8 6 8 4 5 6 7 2 
455.5 ; 1.614e-10 ; True ; 1 20 112 156 163 329 388 438 484 537 547 612 634 636 713 723 900  ; 6 1 9 5 14 4 8 6 6 6 7 6 8 4 6 6 7 2 
460.6 ; 1.621e-10 ; True ; 1 20 112 156 163 329 388 413 438 484 537 547 612 634 713 723 900  ; 6 1 9 5 13 5 8 6 6 7 6 6 7 4 6 6 6 2 
460.7 ; 1.688e-10 ; True ; 1 20 112 156 163 260 329 388 484 537 547 612 634 713 723 765 900  ; 5 1 9 5 13 4 9 7 6 6 6 7 8 4 6 6 7 2 
462.6 ; 1.692e-10 ; True ; 1 20 112 156 163 329 388 438 484 547 612 634 636 713 723 885 900  ; 7 1 10 5 14 4 9 6 6 6 7 6 7 4 6 6 7 2 
462.9 ; 1.729e-10 ; True ; 1 20 112 156 163 260 329 388 438 484 537 547 612 634 713 723 900  ; 6 1 10 4 13 4 9 7 6 6 7 7 8 4 6 6 7 2 
464 ; 1.774e-10 ; True ; 1 20 112 156 163 260 329 388 438 484 547 612 634 713 723 765 900  ; 6 1 10 5 13 4 9 7 6 7 7 6 8 4 5 6 7 2 
466.9 ; 1.788e-10 ; True ; 1 20 112 156 163 329 388 438 483 484 547 612 634 713 723 765 900  ; 6 1 9 5 14 4 8 7 6 7 6 6 8 4 6 6 7 2 
469.8 ; 1.857e-10 ; True ; 1 20 30 112 163 260 329 388 438 455 484 547 612 634 713 723 900  ; 7 1 11 5 12 4 9 5 6 7 7 5 8 5 6 6 7 2 
470.2 ; 1.901e-10 ; True ; 1 20 112 156 163 260 329 388 438 455 484 547 612 634 713 723 900  ; 6 1 10 5 12 5 9 6 7 6 7 6 7 5 5 6 6 2 
477.8 ; 1.972e-10 ; True ; 1 20 112 156 163 329 388 438 455 484 547 612 634 713 723 885 900  ; 7 1 10 5 13 5 9 6 7 6 6 6 6 5 6 6 6 2 
479.8 ; 1.973e-10 ; True ; 1 20 112 156 163 260 329 388 438 455 484 547 634 713 723 885 900  ; 6 1 11 5 12 5 10 7 7 6 7 6 6 5 5 6 6 2 
485.1 ; 2.023e-10 ; True ; 1 20 30 112 163 260 388 438 455 484 547 612 634 713 723 885 900  ; 7 1 11 5 13 4 9 6 5 7 6 6 8 5 7 5 8 2 
488.3 ; 2.029e-10 ; True ; 1 20 30 112 156 163 260 388 455 484 547 634 636 713 723 885 900  ; 5 1 10 6 13 5 10 6 6 6 7 6 7 5 6 5 7 2 
489.3 ; 2.112e-10 ; True ; 1 20 112 156 163 260 388 438 455 484 547 612 634 713 723 885 900  ; 6 1 10 5 13 5 9 7 6 6 6 7 7 5 6 5 7 2 
493.7 ; 2.382e-10 ; True ; 1 20 30 112 156 163 260 388 438 455 484 547 634 713 723 885 900  ; 6 1 11 5 13 5 10 7 6 7 7 6 7 5 6 5 7 2 
505.9 ; 2.387e-10 ; True ; 1 20 112 156 163 187 260 329 388 438 484 547 634 636 713 723 885 900  ; 6 1 11 5 14 4 11 7 7 6 9 6 7 5 5 6 7 2 
506.7 ; 2.496e-10 ; True ; 1 20 30 112 156 163 329 388 438 484 547 634 713 723 874 885 900  ; 7 1 11 5 13 5 10 6 6 8 7 5 7 5 6 6 7 2 
508.9 ; 2.547e-10 ; True ; 1 20 112 156 163 260 329 388 438 484 547 612 634 636 713 723 765 900  ; 6 1 10 6 14 4 9 7 6 7 8 6 9 4 5 6 8 2 
510.3 ; 2.618e-10 ; True ; 1 20 112 156 163 329 388 438 484 537 547 612 634 636 713 723 765 900  ; 6 1 9 6 15 4 8 7 6 7 7 6 9 4 6 6 8 2 
513.9 ; 2.734e-10 ; True ; 1 20 112 156 163 260 329 388 413 438 484 537 547 612 634 713 723 900  ; 6 1 10 5 13 5 9 7 6 7 7 7 8 4 6 6 7 2 
516.8 ; 2.867e-10 ; True ; 1 20 112 156 163 260 329 388 438 484 537 547 612 634 713 723 765 900  ; 6 1 10 5 14 4 9 8 6 7 7 7 9 4 6 6 8 2 
526.8 ; 3.232e-10 ; True ; 1 20 112 156 163 260 329 388 438 455 484 537 547 612 634 713 723 900  ; 6 1 10 5 13 5 9 7 7 6 7 7 8 5 6 6 7 2 
537.5 ; 3.321e-10 ; True ; 1 20 112 156 163 329 388 438 455 484 537 547 612 634 713 723 885 900  ; 7 1 10 5 14 5 9 7 7 6 6 7 7 5 7 6 7 2 
541.5 ; 3.519e-10 ; True ; 1 20 30 112 156 163 260 329 388 455 484 547 612 634 713 723 885 900  ; 7 1 11 5 13 5 11 6 7 6 7 7 7 5 7 6 7 2 
560.8 ; 3.543e-10 ; True ; 1 20 30 112 156 163 173 388 395 438 455 547 634 713 723 769 885 900  ; 7 1 11 5 14 6 11 8 6 7 6 6 7 6 7 5 7 2 
560.9 ; 3.598e-10 ; True ; 1 20 112 163 260 329 388 438 455 484 547 612 634 713 723 874 885 900  ; 7 1 11 6 12 5 9 6 6 7 6 6 8 6 6 6 8 2 
562.5 ; 3.845e-10 ; True ; 1 20 30 112 156 163 260 329 388 438 484 547 612 634 713 723 874 900  ; 7 1 11 5 13 5 10 6 6 8 8 6 9 5 6 6 8 2 
568.2 ; 4.085e-10 ; True ; 1 20 30 112 156 163 260 329 388 438 484 547 634 713 723 874 885 900  ; 7 1 12 5 13 5 11 7 6 8 8 6 8 5 6 6 8 2 
573.1 ; 4.117e-10 ; True ; 1 20 112 156 163 329 388 413 438 455 484 537 547 612 634 636 713 723 900  ; 6 1 9 7 14 6 8 6 7 7 7 6 8 5 6 6 7 2 
574.7 ; 4.492e-10 ; True ; 1 20 25 112 156 163 260 329 388 455 483 484 547 612 634 636 713 723 900  ; 5 1 10 7 14 5 10 7 7 6 7 7 9 5 6 6 8 2 
584.8 ; 4.874e-10 ; True ; 1 20 112 156 163 260 329 388 438 455 484 547 612 634 636 713 723 885 900  ; 7 1 11 6 14 5 10 7 7 6 8 7 8 5 6 6 8 2 
587.9 ; 5.058e-10 ; True ; 1 20 30 112 156 163 260 329 388 438 455 484 537 547 634 636 713 723 900  ; 6 1 11 6 14 5 10 7 7 7 9 6 9 5 6 6 8 2 
599.7 ; 5.744e-10 ; True ; 1 20 30 112 156 163 260 329 388 438 455 484 547 612 634 713 723 885 900  ; 8 1 12 5 14 5 11 7 7 7 8 7 8 5 7 6 8 2 
623.8 ; 5.937e-10 ; True ; 1 20 112 156 163 187 260 329 388 413 438 483 484 547 634 636 713 723 885 900  ; 6 1 11 6 15 5 11 8 7 7 9 7 8 5 6 6 8 2 
629.3 ; 6.221e-10 ; True ; 1 20 30 112 156 163 260 329 388 438 484 547 612 634 713 723 874 885 900  ; 8 1 12 5 14 5 11 7 6 8 8 7 9 5 7 6 9 2 
632.1 ; 6.429e-10 ; True ; 1 20 30 112 156 163 260 329 388 413 438 484 537 547 612 634 636 713 723 900  ; 7 1 11 6 15 5 10 7 6 8 9 7 10 4 7 6 9 2 
641.7 ; 6.772e-10 ; True ; 1 20 30 112 156 163 260 329 388 455 484 537 547 634 713 723 874 885 900  ; 6 1 11 6 13 6 11 7 7 7 7 7 8 6 7 6 8 2 
649.6 ; 7.407e-10 ; True ; 1 20 112 156 163 260 329 388 438 455 483 484 547 612 634 636 713 723 885 900  ; 7 1 11 6 15 5 10 8 7 6 8 8 9 5 7 6 9 2 
653.6 ; 7.642e-10 ; True ; 1 20 112 156 163 260 329 388 413 438 455 484 537 547 612 634 713 723 885 900  ; 7 1 11 6 14 6 10 8 7 7 7 8 8 5 7 6 8 2 
663.7 ; 8.118e-10 ; True ; 1 20 112 156 163 260 329 388 438 455 483 484 547 612 634 713 723 765 769 900  ; 6 1 10 7 14 6 9 8 7 8 7 7 9 6 6 6 8 2 
684.7 ; 8.406e-10 ; True ; 1 20 30 112 156 163 260 329 388 438 455 484 537 547 634 723 765 817 885 900  ; 7 1 12 6 15 5 10 9 7 9 8 7 9 5 6 6 9 2 
695 ; 8.907e-10 ; True ; 1 20 112 156 163 187 260 329 388 455 484 537 547 612 634 636 684 713 723 765 900  ; 5 1 9 7 15 5 10 7 8 6 9 7 9 7 7 7 8 2 
705.7 ; 8.985e-10 ; True ; 1 20 112 156 163 306 329 388 395 438 455 484 547 612 634 713 723 874 885 900  ; 8 1 11 6 14 6 11 7 7 7 6 6 8 6 7 6 8 3 
709.2 ; 9.326e-10 ; True ; 1 20 25 112 156 163 260 329 388 395 438 455 547 612 634 713 723 874 885 900  ; 7 1 12 6 14 6 12 9 7 7 7 7 9 6 7 6 9 2 
714.3 ; 1.038e-09 ; True ; 1 20 112 156 163 260 306 329 388 438 484 537 547 612 634 636 713 723 765 817 900  ; 6 1 10 7 16 5 10 8 6 8 8 7 10 5 6 6 9 3 
720.8 ; 1.047e-09 ; True ; 1 20 112 156 163 260 306 329 388 413 438 455 483 484 547 634 636 713 723 885 900  ; 6 1 11 7 14 6 11 8 7 7 8 7 8 5 6 6 8 3 
730.6 ; 1.108e-09 ; True ; 1 20 112 156 163 187 260 329 388 438 483 484 547 612 634 636 713 723 874 885 900  ; 7 1 11 6 16 5 11 8 7 7 9 8 10 6 7 6 10 2 
733.9 ; 1.229e-09 ; True ; 1 20 112 156 163 260 306 329 388 438 455 484 537 547 612 634 713 723 765 769 900  ; 6 1 10 7 14 6 10 8 7 8 7 7 9 6 6 6 8 3 
747.2 ; 1.233e-09 ; True ; 1 20 112 156 163 260 329 388 438 455 484 537 547 612 634 684 713 723 765 817 900  ; 6 1 10 7 15 6 9 8 7 8 8 7 9 7 7 7 8 2 
753.4 ; 1.234e-09 ; True ; 1 20 112 156 163 260 329 388 438 455 483 484 547 576 612 634 713 723 765 874 900  ; 6 1 11 7 15 6 10 8 8 8 8 7 10 6 6 7 9 2 
772.8 ; 1.249e-09 ; True ; 1 20 112 156 163 260 306 329 388 438 484 547 612 634 636 713 723 780 874 885 900  ; 7 1 11 6 15 5 11 7 6 7 9 7 9 6 7 7 9 3 
773.9 ; 1.345e-09 ; True ; 1 20 30 112 156 163 260 329 388 438 455 484 547 612 634 713 723 786 874 885 900  ; 8 1 12 6 15 6 12 7 7 9 9 7 9 6 7 7 9 2 
787.9 ; 1.367e-09 ; True ; 1 20 112 156 163 260 306 329 388 395 438 484 537 547 612 634 636 684 713 723 765 900  ; 7 1 11 6 16 4 11 9 6 7 9 7 11 5 8 7 10 3 
795.3 ; 1.544e-09 ; True ; 1 20 112 156 163 187 260 329 388 413 438 483 484 547 612 634 636 713 723 874 885 900  ; 7 1 11 7 16 6 11 8 7 8 9 8 10 6 7 6 10 2 
805.9 ; 1.612e-09 ; True ; 1 20 112 156 163 260 306 329 388 413 438 455 484 537 547 612 634 713 723 765 817 900  ; 6 1 10 8 15 7 10 8 7 9 7 7 9 6 6 6 8 3 
809.1 ; 1.652e-09 ; True ; 1 20 112 156 163 260 306 329 388 438 455 484 537 547 612 636 684 713 723 765 885 900  ; 7 1 11 7 15 5 10 9 7 7 8 7 10 6 7 6 10 3 
818.9 ; 1.779e-09 ; True ; 1 20 112 156 163 173 260 329 388 438 455 484 537 547 612 634 684 713 723 765 817 900  ; 7 1 11 7 16 6 10 9 7 8 8 8 10 7 7 7 9 2 
866 ; 1.873e-09 ; True ; 1 20 112 156 163 260 329 388 395 413 455 484 537 547 612 620 634 636 713 723 765 885 900  ; 7 1 11 8 16 6 11 9 8 7 8 8 10 5 8 7 10 2 
882.8 ; 1.903e-09 ; True ; 1 20 30 112 156 163 260 306 329 388 438 455 484 537 547 634 636 684 713 723 817 874  ; 6 1 11 7 15 6 11 7 7 8 10 6 10 8 7 6 9 3 
900.3 ; 1.995e-09 ; True ; 1 20 112 156 163 260 306 329 388 415 455 483 484 537 547 612 634 684 713 723 765 885 900  ; 6 1 10 6 16 5 11 9 7 6 7 9 10 6 10 7 10 3 
901.4 ; 2.256e-09 ; True ; 1 20 67 112 156 163 260 268 329 388 438 455 484 537 547 612 634 684 713 723 765 817 900  ; 6 1 10 7 16 8 10 8 8 9 8 7 9 8 8 8 8 2 
904.7 ; 2.358e-09 ; True ; 1 20 30 112 156 163 260 306 329 388 438 484 547 634 636 688 713 723 765 867 874 885 900  ; 8 1 13 7 17 6 13 8 6 9 10 6 10 7 6 8 10 3 
905.4 ; 2.501e-09 ; True ; 1 20 112 156 163 260 306 329 388 395 438 455 484 537 547 612 634 636 713 723 765 874 900  ; 7 1 11 8 16 6 11 9 7 8 8 7 12 6 7 6 11 3 
926 ; 2.732e-09 ; True ; 1 20 30 112 156 163 260 306 329 388 438 455 484 547 634 636 713 723 765 867 874 885 900  ; 8 1 13 8 16 6 13 8 7 9 10 6 10 7 6 7 10 3 
953.4 ; 2.823e-09 ; True ; 1 20 112 156 163 260 306 329 388 395 413 438 455 483 484 547 634 713 723 780 874 885 900  ; 7 1 12 7 15 7 12 9 7 8 8 7 9 7 8 7 9 3 
976.8 ; 2.937e-09 ; True ; 1 20 112 156 163 260 306 329 388 395 438 455 537 547 612 634 684 713 723 817 874 885 900  ; 7 1 11 6 15 7 12 9 7 7 8 8 9 8 9 7 9 3 
989.5 ; 3.342e-09 ; True ; 1 20 112 156 163 260 306 329 388 395 413 455 484 537 547 612 634 636 713 723 765 874 885 900  ; 7 1 11 9 16 7 12 9 7 8 7 8 11 6 8 6 11 3 
1034 ; 3.376e-09 ; True ; 1 20 112 156 163 260 306 329 388 413 415 438 455 537 547 612 634 684 713 723 765 874 885 900  ; 6 1 10 7 15 7 11 9 7 8 8 8 10 7 9 7 10 3 
1053 ; 3.791e-09 ; True ; 1 20 112 156 163 218 260 306 329 388 395 438 455 484 537 547 634 636 713 723 765 874 885 900  ; 8 1 12 9 16 7 12 10 7 8 8 7 12 7 7 6 12 3 
1101 ; 4.308e-09 ; True ; 1 20 112 156 163 260 272 306 329 388 395 413 455 484 537 547 612 634 636 713 723 765 874 885 900  ; 7 1 11 9 16 8 12 9 8 8 7 8 11 6 9 6 11 3 
1139 ; 4.348e-09 ; True ; 1 20 112 156 163 260 306 329 368 388 395 438 455 484 537 547 612 634 636 723 780 817 874 885 900  ; 8 1 12 7 18 7 12 10 7 8 9 8 11 7 8 7 11 3 
1235 ; 5.204e-09 ; True ; 1 20 112 156 163 260 306 329 368 388 395 438 455 484 537 547 612 634 636 710 723 780 817 874 885 900  ; 9 1 12 7 19 7 13 11 7 8 9 9 11 7 8 7 11 3 
1242 ; 5.912e-09 ; True ; 1 20 112 156 163 260 306 329 388 395 438 455 484 537 547 612 634 636 713 723 780 817 848 874 885 900  ; 8 1 12 8 19 7 13 9 7 8 9 8 11 9 9 7 11 3 
1345 ; 5.979e-09 ; True ; 1 20 112 156 163 240 260 306 329 388 395 455 484 537 547 612 634 684 713 723 780 817 831 848 874 885 900  ; 7 1 11 7 19 7 14 8 8 7 9 9 9 10 10 9 9 3 


