Iteration: 1000
 Population Size: 1000
RUN 1:
Optimum Distance: 33.53
Optimal Team: 174,307,389,727,906,
Required Skills: 0 1 2 4 5 7 9 10 11 12 13 14 15 16 18 20 22 23 24 26 
Distance; Skill Score; isValid; Team; Skill Counts
33.53 ; 4.218e-21 ; True ; 174 307 389 727 906  ; 2 1 3 1 2 1 3 1 1 2 1 1 1 1 1 1 1 2 1 1 
35.78 ; 1.085e-20 ; True ; 128 164 389 890 906  ; 2 1 4 1 3 1 2 3 1 2 1 1 1 1 1 1 1 1 2 1 
37.16 ; 1.304e-20 ; True ; 20 30 128 389 906  ; 1 1 4 1 3 1 2 1 2 3 2 2 1 1 1 1 1 1 1 1 
38.53 ; 7.001e-20 ; True ; 1 164 389 507 727  ; 2 1 4 1 4 1 3 1 1 2 1 2 1 3 2 1 1 1 3 1 
39.2 ; 9.517e-20 ; True ; 30 164 389 502 906  ; 2 1 4 1 3 1 3 2 1 3 1 2 1 2 1 2 1 1 2 1 
40.36 ; 1.165e-19 ; True ; 1 30 113 164 389  ; 2 1 5 1 4 1 2 2 1 4 2 1 1 3 1 1 1 1 3 1 
41.03 ; 1.789e-19 ; True ; 164 389 502 727 879  ; 2 1 4 1 3 1 3 2 2 2 1 2 1 2 3 1 1 1 2 1 
44.99 ; 5.716e-19 ; True ; 30 100 164 389 594 890  ; 3 1 4 1 4 1 4 3 1 3 1 1 1 2 2 2 2 1 3 1 
48.02 ; 1.003e-18 ; True ; 164 389 502 507 785 879  ; 1 1 3 1 4 2 3 2 1 2 2 3 1 3 4 2 1 1 3 1 
50.86 ; 2.198e-18 ; True ; 30 164 389 549 594 890  ; 3 1 4 1 4 1 4 3 1 3 1 2 1 3 2 2 3 1 3 1 
54.05 ; 2.221e-18 ; True ; 30 164 389 549 890 906  ; 3 1 4 1 4 1 4 3 1 3 1 2 1 3 1 2 3 2 3 1 
54.75 ; 4.858e-18 ; True ; 164 389 502 507 727 879  ; 2 1 4 1 4 2 4 2 2 2 2 3 1 3 4 2 1 1 3 1 
57.91 ; 6.507e-18 ; True ; 30 164 389 549 879 890  ; 3 1 4 1 4 1 4 3 1 3 2 2 1 4 2 2 3 1 4 1 
61.05 ; 6.629e-18 ; True ; 1 30 113 164 389 549  ; 2 1 5 1 5 1 3 3 2 4 2 2 1 4 2 1 2 2 3 1 
62.54 ; 1.032e-17 ; True ; 30 164 389 502 549 879  ; 2 1 4 1 4 1 4 3 2 3 2 3 1 4 3 2 2 1 3 1 
65.76 ; 1.067e-17 ; True ; 30 113 164 219 389 502  ; 3 1 5 1 4 2 3 3 2 3 3 2 1 3 3 2 1 1 3 1 
67.65 ; 1.443e-17 ; True ; 30 100 164 389 507 594 890  ; 3 1 4 1 5 2 5 3 1 3 2 2 1 3 3 3 2 1 4 1 
69.39 ; 1.818e-17 ; True ; 30 164 389 431 549 594 890  ; 4 1 4 1 5 1 4 4 1 3 2 2 1 4 2 3 4 1 4 1 
71.61 ; 1.956e-17 ; True ; 30 164 174 389 594 727 890  ; 5 1 6 1 5 1 5 3 1 3 2 2 2 3 2 2 3 1 4 1 
72.8 ; 1.977e-17 ; True ; 30 164 174 389 727 890 906  ; 5 1 6 1 5 1 5 3 1 3 2 2 2 3 1 2 3 2 4 1 
73.19 ; 2.408e-17 ; True ; 30 164 174 389 549 594 890  ; 4 1 5 1 5 1 5 4 1 3 2 2 2 4 2 2 3 1 4 1 
73.52 ; 3.012e-17 ; True ; 30 100 164 389 507 879 890  ; 3 1 4 1 5 2 5 3 1 3 3 2 1 4 3 3 2 1 5 1 
73.52 ; 3.712e-17 ; True ; 30 164 389 507 549 594 890  ; 3 1 4 1 5 2 5 3 1 3 2 3 1 4 3 3 3 1 4 1 
76.61 ; 4.351e-17 ; True ; 1 30 164 389 507 549 890  ; 3 1 5 1 6 1 5 3 1 3 2 3 2 5 2 3 3 1 5 1 
76.72 ; 4.994e-17 ; True ; 30 164 389 507 549 890 906  ; 3 1 4 1 5 2 5 3 1 3 2 3 1 4 2 3 3 2 4 1 
77.28 ; 5.022e-17 ; True ; 164 174 389 502 507 727 879  ; 3 1 5 1 5 2 5 3 2 2 3 3 2 4 4 2 1 1 4 1 
77.59 ; 7.28e-17 ; True ; 30 164 389 507 549 879 890  ; 3 1 4 1 5 2 5 3 1 3 3 3 1 5 3 3 3 1 5 1 
80.13 ; 9.252e-17 ; True ; 30 164 389 502 507 727 879  ; 3 1 5 1 5 2 5 2 2 3 3 4 1 4 4 3 2 1 4 1 
80.14 ; 9.728e-17 ; True ; 30 164 389 502 507 549 879  ; 2 1 4 1 5 2 5 3 2 3 3 4 1 5 4 3 2 1 4 1 
83.81 ; 1.01e-16 ; True ; 1 30 113 164 389 507 727  ; 3 1 6 1 6 2 4 2 2 4 3 3 1 4 3 2 2 2 4 1 
84.09 ; 1.09e-16 ; True ; 30 164 389 502 549 879 890  ; 3 1 5 1 5 1 5 4 2 3 2 3 2 4 3 3 3 1 4 1 
85.76 ; 1.102e-16 ; True ; 1 30 113 164 389 507 549  ; 2 1 5 1 6 2 4 3 2 4 3 3 1 5 3 2 2 2 4 1 
87.27 ; 1.45e-16 ; True ; 30 113 164 389 502 879 890  ; 3 1 6 1 5 2 4 4 2 4 3 2 2 3 3 3 2 1 4 1 
87.58 ; 1.637e-16 ; True ; 30 113 164 389 549 879 890  ; 3 1 5 1 5 2 4 4 2 4 3 2 1 4 3 2 3 2 4 1 
90.29 ; 1.676e-16 ; True ; 30 113 164 389 502 727 879  ; 3 1 6 1 5 2 4 3 3 4 3 3 1 3 4 2 2 2 3 1 
91.27 ; 1.733e-16 ; True ; 30 113 164 389 502 549 879  ; 2 1 5 1 5 2 4 4 3 4 3 3 1 4 4 2 2 2 3 1 
92.61 ; 1.98e-16 ; True ; 30 128 164 174 389 727 890 906  ; 5 1 7 1 6 1 5 4 2 3 3 3 2 3 2 2 3 2 4 1 
94.54 ; 2.209e-16 ; True ; 1 30 128 164 389 727 890 906  ; 4 1 7 2 6 1 4 3 2 4 2 3 2 3 2 2 3 2 4 1 
96.16 ; 2.346e-16 ; True ; 30 128 164 174 389 549 890 906  ; 4 1 6 1 6 1 5 5 2 3 3 3 2 4 2 2 3 2 4 1 
96.22 ; 2.377e-16 ; True ; 30 128 164 174 389 507 727 906  ; 4 1 6 1 6 2 5 3 2 3 4 4 1 4 3 2 2 2 4 1 
97.13 ; 2.694e-16 ; True ; 30 164 389 396 507 549 879 890  ; 4 1 5 1 6 2 6 4 1 3 3 3 1 6 3 4 4 1 6 1 
99.25 ; 2.769e-16 ; True ; 1 30 145 164 389 549 727 890  ; 4 1 6 1 6 1 5 3 2 3 2 3 2 5 2 2 4 3 5 1 
99.37 ; 3.666e-16 ; True ; 1 30 113 164 174 389 638 727  ; 4 1 7 2 7 1 4 3 2 4 3 3 2 5 2 2 2 2 5 1 
100.3 ; 3.748e-16 ; True ; 20 30 389 396 507 549 890 906  ; 3 1 5 1 6 2 6 3 2 3 2 3 2 4 2 4 4 2 4 1 
101.3 ; 3.778e-16 ; True ; 1 30 164 389 507 549 890 906  ; 3 1 5 2 6 2 5 3 1 4 2 3 2 5 2 3 3 2 5 1 
101.5 ; 3.848e-16 ; True ; 30 100 164 389 502 507 879 890  ; 3 1 5 1 6 2 6 4 2 3 3 3 2 4 4 4 2 1 5 1 
102.2 ; 4.106e-16 ; True ; 30 164 389 507 549 594 727 890  ; 4 1 5 1 6 2 6 3 2 3 2 4 1 4 4 3 4 2 4 1 
102.2 ; 4.478e-16 ; True ; 1 30 113 164 389 638 727 890  ; 4 1 7 2 7 1 4 3 2 4 2 3 2 4 2 3 3 2 5 1 
103.3 ; 5.2e-16 ; True ; 1 30 164 389 507 549 727 890  ; 4 1 6 1 7 1 6 3 2 3 2 4 2 5 3 3 4 2 5 1 
103.9 ; 5.389e-16 ; True ; 30 164 174 389 502 507 727 906  ; 4 1 6 1 6 2 6 3 2 3 3 4 2 4 3 3 2 2 4 1 
105.3 ; 5.766e-16 ; True ; 1 30 113 164 389 549 890 906  ; 3 1 6 2 6 2 4 4 2 5 2 2 2 4 2 2 3 3 4 1 
105.6 ; 6.218e-16 ; True ; 30 164 174 389 502 507 727 879  ; 4 1 6 1 6 2 6 3 2 3 4 4 2 5 4 3 2 1 5 1 
105.6 ; 8.276e-16 ; True ; 30 164 389 502 507 549 879 890  ; 3 1 5 1 6 2 6 4 2 3 3 4 2 5 4 4 3 1 5 1 
109.3 ; 9.372e-16 ; True ; 1 30 113 164 389 507 727 890  ; 4 1 7 1 7 2 5 3 2 4 3 3 2 4 3 3 3 2 5 1 
110.2 ; 1.045e-15 ; True ; 1 30 113 164 389 507 549 890  ; 3 1 6 1 7 2 5 4 2 4 3 3 2 5 3 3 3 2 5 1 
112.2 ; 1.083e-15 ; True ; 30 113 164 389 507 549 879 890  ; 3 1 5 1 6 3 5 4 2 4 4 3 1 5 4 3 3 2 5 1 
115.1 ; 1.12e-15 ; True ; 1 30 113 164 389 549 879 890  ; 3 1 6 2 6 2 4 4 2 5 3 2 2 5 3 2 3 2 5 1 
115.4 ; 1.157e-15 ; True ; 30 164 219 389 502 549 879 890  ; 4 1 5 2 5 2 5 4 2 3 3 3 2 5 4 3 3 1 5 1 
118.7 ; 1.205e-15 ; True ; 1 20 30 128 389 396 549 890 906  ; 3 1 7 2 7 1 5 4 3 4 2 3 3 4 2 3 4 2 4 1 
118.7 ; 1.647e-15 ; True ; 30 113 164 389 502 549 879 890  ; 3 1 6 1 6 2 5 5 3 4 3 3 2 4 4 3 3 2 4 1 
121.2 ; 1.688e-15 ; True ; 1 30 128 164 174 389 507 727 906  ; 4 1 7 2 7 2 5 3 2 4 4 4 2 5 3 2 2 2 5 1 
123.1 ; 1.791e-15 ; True ; 30 128 164 174 389 507 727 890 906  ; 5 1 7 1 7 2 6 4 2 3 4 4 2 4 3 3 3 2 5 1 
124 ; 1.908e-15 ; True ; 1 20 30 389 431 549 727 890 906  ; 4 1 6 2 7 1 5 3 3 4 2 3 3 4 2 3 5 3 4 1 
124.9 ; 2.045e-15 ; True ; 1 20 30 389 396 507 549 890 906  ; 3 1 6 2 7 2 6 3 2 4 2 3 3 5 2 4 4 2 5 1 
125 ; 2.145e-15 ; True ; 1 20 30 113 145 389 638 727 890  ; 3 1 7 2 7 2 4 2 3 4 3 3 3 4 2 3 3 3 5 1 
125.8 ; 2.193e-15 ; True ; 1 30 113 145 164 389 638 727 890  ; 4 1 7 2 7 2 4 3 2 4 3 3 2 5 2 3 3 3 6 1 
126.1 ; 2.318e-15 ; True ; 1 30 128 164 389 507 727 890 906  ; 4 1 7 2 7 2 5 3 2 4 3 4 2 4 3 3 3 2 5 1 
128.1 ; 2.338e-15 ; True ; 1 20 30 113 389 531 549 890 906  ; 3 1 6 2 7 2 4 4 3 5 3 2 3 4 2 2 4 3 4 1 
128.8 ; 2.585e-15 ; True ; 1 30 128 164 389 507 549 890 906  ; 3 1 6 2 7 2 5 4 2 4 3 4 2 5 3 3 3 2 5 1 
128.8 ; 2.617e-15 ; True ; 30 113 164 174 389 638 727 890 906  ; 5 1 7 2 7 2 5 4 2 4 3 3 2 4 2 3 3 3 5 1 
128.8 ; 2.651e-15 ; True ; 1 20 30 113 389 396 549 890 906  ; 3 1 7 2 7 2 5 4 3 5 2 2 3 4 2 3 4 3 4 1 
129.6 ; 2.67e-15 ; True ; 1 20 25 30 113 145 389 727 890  ; 3 1 8 2 7 2 5 3 3 5 4 2 3 4 2 2 3 3 5 1 
129.8 ; 2.762e-15 ; True ; 20 30 113 174 389 638 727 890 906  ; 4 1 7 2 7 2 5 3 3 4 3 3 3 3 2 3 3 3 4 1 
129.9 ; 3.003e-15 ; True ; 1 30 164 174 389 507 549 727 906  ; 4 1 6 2 7 2 6 3 2 4 3 4 2 6 3 2 3 3 5 1 
130 ; 3.39e-15 ; True ; 1 30 164 389 507 549 727 890 906  ; 4 1 6 2 7 2 6 3 2 4 2 4 2 5 3 3 4 3 5 1 
133.9 ; 3.909e-15 ; True ; 1 30 113 164 389 549 727 890 906  ; 4 1 7 2 7 2 5 4 3 5 2 3 2 4 3 2 4 4 4 1 
135.3 ; 4.062e-15 ; True ; 30 164 174 389 502 507 727 879 906  ; 4 1 6 2 6 3 6 3 2 4 4 4 2 5 4 3 2 2 5 1 
136 ; 4.311e-15 ; True ; 1 30 113 164 389 507 727 890 906  ; 4 1 7 2 7 3 5 3 2 5 3 3 2 4 3 3 3 3 5 1 
137.2 ; 5.406e-15 ; True ; 30 164 389 502 507 549 879 890 906  ; 3 1 5 2 6 3 6 4 2 4 3 4 2 5 4 4 3 2 5 1 
137.7 ; 5.426e-15 ; True ; 1 30 164 389 507 549 727 879 890  ; 4 1 6 2 7 2 6 3 2 4 3 4 2 6 4 3 4 2 6 1 
140.9 ; 6.108e-15 ; True ; 1 30 113 164 389 507 549 727 890  ; 4 1 7 1 8 2 6 4 3 4 3 4 2 5 4 3 4 3 5 1 
143.8 ; 6.377e-15 ; True ; 1 30 113 164 389 507 727 879 890  ; 4 1 7 2 7 3 5 3 2 5 4 3 2 5 4 3 3 2 6 1 
144.7 ; 6.843e-15 ; True ; 1 30 113 164 389 507 549 879 890  ; 3 1 6 2 7 3 5 4 2 5 4 3 2 6 4 3 3 2 6 1 
145.2 ; 7.477e-15 ; True ; 30 113 164 389 502 507 727 879 890  ; 4 1 7 1 7 3 6 4 3 4 4 4 2 4 5 4 3 2 5 1 
145.2 ; 7.833e-15 ; True ; 30 113 164 389 502 507 549 879 890  ; 3 1 6 1 7 3 6 5 3 4 4 4 2 5 5 4 3 2 5 1 
150.5 ; 7.902e-15 ; True ; 1 30 113 145 174 307 389 549 638 727  ; 3 1 6 2 7 2 5 3 3 4 4 4 2 6 3 3 3 4 5 1 
151 ; 9.022e-15 ; True ; 1 30 128 164 174 389 507 727 890 906  ; 5 1 8 2 8 2 6 4 2 4 4 4 3 5 3 3 3 2 6 1 
152.6 ; 9.135e-15 ; True ; 1 20 30 113 145 174 389 638 727 890  ; 4 1 8 2 8 2 5 3 3 4 4 3 4 5 2 3 3 3 6 1 
152.6 ; 9.358e-15 ; True ; 1 20 30 128 174 389 507 727 890 906  ; 4 1 8 2 8 2 6 3 3 4 4 4 4 4 3 3 3 2 5 1 
153.6 ; 9.621e-15 ; True ; 1 20 30 113 174 389 638 727 890 906  ; 4 1 8 3 8 2 5 3 3 5 3 3 4 4 2 3 3 3 5 1 
154.8 ; 9.846e-15 ; True ; 1 20 30 113 128 174 389 727 890 906  ; 4 1 9 2 8 2 5 4 4 5 4 3 4 3 3 2 3 3 4 1 
155 ; 9.864e-15 ; True ; 30 113 164 219 389 502 727 879 890  ; 5 1 7 2 6 3 5 4 3 4 4 3 2 4 5 3 3 2 5 1 
155 ; 1.098e-14 ; True ; 30 113 164 219 389 502 549 879 890  ; 4 1 6 2 6 3 5 5 3 4 4 3 2 5 5 3 3 2 5 1 
156.1 ; 1.109e-14 ; True ; 1 30 113 128 164 174 389 727 890 906  ; 5 1 9 2 8 2 5 5 3 5 4 3 3 4 3 2 3 3 5 1 
157.4 ; 1.134e-14 ; True ; 1 20 30 113 145 174 389 549 638 727  ; 3 1 7 2 8 2 5 3 4 4 4 4 3 6 3 2 3 4 5 1 
157.4 ; 1.195e-14 ; True ; 1 20 30 113 174 389 549 638 727 906  ; 3 1 7 3 8 2 5 3 4 5 3 4 3 5 3 2 3 4 4 1 
157.5 ; 1.235e-14 ; True ; 1 20 30 389 396 507 549 727 890 906  ; 4 1 7 2 8 2 7 3 3 4 2 4 3 5 3 4 5 3 5 1 
158.7 ; 1.258e-14 ; True ; 1 30 113 174 307 389 549 727 890 906  ; 4 1 7 2 7 2 6 4 3 5 3 3 3 4 3 3 4 4 4 1 
159.3 ; 1.424e-14 ; True ; 1 30 164 174 389 507 549 727 890 906  ; 5 1 7 2 8 2 7 4 2 4 3 4 3 6 3 3 4 3 6 1 
159.4 ; 1.44e-14 ; True ; 1 20 30 113 145 389 549 638 727 890  ; 3 1 7 2 8 2 5 3 4 4 3 4 3 5 3 3 4 4 5 1 
160.5 ; 1.535e-14 ; True ; 1 20 30 174 389 507 549 727 890 906  ; 4 1 7 2 8 2 7 3 3 4 3 4 4 5 3 3 4 3 5 1 
162.5 ; 1.622e-14 ; True ; 1 20 30 389 431 507 549 727 890 906  ; 4 1 6 2 8 2 6 3 3 4 3 4 3 5 3 4 5 3 5 1 
164.3 ; 1.67e-14 ; True ; 1 30 113 164 174 389 549 727 890 906  ; 5 1 8 2 8 2 6 5 3 5 3 3 3 5 3 2 4 4 5 1 
165 ; 1.714e-14 ; True ; 1 20 25 30 389 507 549 727 890 906  ; 3 1 7 3 8 2 7 3 3 5 3 4 3 5 3 3 4 3 5 1 
165 ; 1.738e-14 ; True ; 1 20 25 30 113 145 389 549 727 890  ; 3 1 8 2 8 2 6 4 4 5 4 3 3 5 3 2 4 4 5 1 
165.4 ; 1.869e-14 ; True ; 1 20 30 113 389 431 549 727 890 906  ; 4 1 7 2 8 2 5 4 4 5 3 3 3 4 3 3 5 4 4 1 
167.3 ; 1.905e-14 ; True ; 1 20 30 113 389 396 507 549 890 906  ; 3 1 7 2 8 3 6 4 3 5 3 3 3 5 3 4 4 3 5 1 
168.3 ; 1.918e-14 ; True ; 1 30 113 164 174 389 507 549 638 727  ; 4 1 7 2 9 2 6 4 3 4 4 5 2 7 4 3 3 3 6 1 
168.6 ; 1.929e-14 ; True ; 30 164 174 389 502 507 727 879 890 906  ; 5 1 7 2 7 3 7 4 2 4 4 4 3 5 4 4 3 2 6 1 
169.1 ; 2.017e-14 ; True ; 30 164 174 389 507 549 727 879 890 906  ; 5 1 6 2 7 3 7 4 2 4 4 4 2 6 4 3 4 3 6 1 
169.3 ; 2.224e-14 ; True ; 1 30 113 164 389 507 549 638 727 890  ; 4 1 7 2 9 2 6 4 3 4 3 5 2 6 4 4 4 3 6 1 
170.5 ; 2.5e-14 ; True ; 1 30 113 164 389 507 549 727 890 906  ; 4 1 7 2 8 3 6 4 3 5 3 4 2 5 4 3 4 4 5 1 
174.6 ; 2.8e-14 ; True ; 30 164 389 502 507 549 727 879 890 906  ; 4 1 6 2 7 3 7 4 3 4 3 5 2 5 5 4 4 3 5 1 
176 ; 2.961e-14 ; True ; 1 25 30 113 164 389 507 549 727 890  ; 4 1 8 2 9 2 7 5 3 5 4 4 2 6 4 3 4 3 6 1 
178 ; 3.2e-14 ; True ; 1 20 25 30 113 389 507 549 727 890  ; 3 1 8 2 9 2 7 4 4 5 4 4 3 5 4 3 4 3 5 1 
179.7 ; 3.213e-14 ; True ; 30 113 164 389 502 507 549 879 890 906  ; 3 1 6 2 7 4 6 5 3 5 4 4 2 5 5 4 3 3 5 1 
180.3 ; 3.754e-14 ; True ; 1 30 113 164 389 507 549 727 879 890  ; 4 1 7 2 8 3 6 4 3 5 4 4 2 6 5 3 4 3 6 1 
183.5 ; 3.887e-14 ; True ; 30 113 164 219 389 502 507 549 879 890  ; 4 1 6 2 7 4 6 5 3 4 5 4 2 6 6 4 3 2 6 1 
186 ; 3.953e-14 ; True ; 1 30 113 174 307 389 549 638 727 890 906  ; 4 1 7 3 8 2 6 4 3 5 3 4 3 5 3 4 4 4 5 1 
188.8 ; 4.149e-14 ; True ; 1 20 30 113 145 389 549 638 727 890 906  ; 3 1 7 3 8 3 5 3 4 5 3 4 3 5 3 3 4 5 5 1 
189.7 ; 4.257e-14 ; True ; 1 20 30 113 174 389 549 577 638 727 906  ; 4 1 8 3 9 2 6 4 4 5 3 4 3 5 3 3 4 4 5 1 
189.8 ; 4.478e-14 ; True ; 1 20 30 174 389 396 507 549 727 890 906  ; 5 1 8 2 9 2 8 4 3 4 3 4 4 6 3 4 5 3 6 1 
190.2 ; 4.891e-14 ; True ; 1 30 128 164 174 389 507 549 727 890 906  ; 5 1 8 2 9 2 7 5 3 4 4 5 3 6 4 3 4 3 6 1 
191.8 ; 4.991e-14 ; True ; 1 20 30 128 174 389 507 549 727 890 906  ; 4 1 8 2 9 2 7 4 4 4 4 5 4 5 4 3 4 3 5 1 
191.8 ; 5.09e-14 ; True ; 1 20 30 113 145 174 389 549 638 727 890  ; 4 1 8 2 9 2 6 4 4 4 4 4 4 6 3 3 4 4 6 1 
191.9 ; 5.572e-14 ; True ; 1 20 30 113 174 389 549 638 727 890 906  ; 4 1 8 3 9 2 6 4 4 5 3 4 4 5 3 3 4 4 5 1 
192.4 ; 5.683e-14 ; True ; 1 20 25 30 113 145 389 549 638 727 890  ; 3 1 8 3 9 2 6 4 4 5 4 4 3 6 3 3 4 4 6 1 
195.7 ; 5.873e-14 ; True ; 1 20 30 113 389 431 549 638 727 890 906  ; 4 1 7 3 9 2 5 4 4 5 3 4 3 5 3 4 5 4 5 1 
198.1 ; 5.981e-14 ; True ; 1 20 25 30 113 389 396 549 727 890 906  ; 4 1 9 3 9 2 7 5 4 6 3 3 3 5 3 3 5 4 5 1 
198.8 ; 6.308e-14 ; True ; 1 20 30 113 174 389 431 549 727 890 906  ; 5 1 8 2 9 2 6 5 4 5 4 3 4 5 3 3 5 4 5 1 
200.2 ; 6.385e-14 ; True ; 1 20 25 30 389 431 507 549 727 890 906  ; 4 1 7 3 9 2 7 4 3 5 4 4 3 6 3 4 5 3 6 1 
201 ; 6.687e-14 ; True ; 20 25 30 113 174 389 549 638 727 890 906  ; 4 1 8 3 9 2 7 5 4 5 4 4 3 5 3 3 4 4 5 1 
201.8 ; 6.828e-14 ; True ; 1 30 113 164 389 507 549 638 727 890 906  ; 4 1 7 3 9 3 6 4 3 5 3 5 2 6 4 4 4 4 6 1 
202.2 ; 7.187e-14 ; True ; 1 20 25 30 113 389 431 549 727 890 906  ; 4 1 8 3 9 2 6 5 4 6 4 3 3 5 3 3 5 4 5 1 
202.7 ; 7.283e-14 ; True ; 1 30 113 164 174 389 507 549 638 727 890  ; 5 1 8 2 10 2 7 5 3 4 4 5 3 7 4 4 4 3 7 1 
203.9 ; 7.964e-14 ; True ; 1 20 30 113 389 396 507 549 727 890 906  ; 4 1 8 2 9 3 7 4 4 5 3 4 3 5 4 4 5 4 5 1 
204.8 ; 8.623e-14 ; True ; 1 30 113 164 174 389 507 549 727 890 906  ; 5 1 8 2 9 3 7 5 3 5 4 4 3 6 4 3 4 4 6 1 
206 ; 8.799e-14 ; True ; 1 20 30 113 174 389 507 549 727 890 906  ; 4 1 8 2 9 3 7 4 4 5 4 4 4 5 4 3 4 4 5 1 
208.9 ; 9.455e-14 ; True ; 1 20 30 113 389 431 507 549 727 890 906  ; 4 1 7 2 9 3 6 4 4 5 4 4 3 5 4 4 5 4 5 1 
210.8 ; 9.701e-14 ; True ; 30 164 174 389 502 507 549 727 879 890 906  ; 5 1 7 2 8 3 8 5 3 4 4 5 3 6 5 4 4 3 6 1 
212.1 ; 9.708e-14 ; True ; 1 30 164 389 502 507 549 727 879 890 906  ; 4 1 7 3 8 3 7 4 3 5 3 5 3 6 5 4 4 3 6 1 
212.5 ; 9.894e-14 ; True ; 1 30 113 164 389 396 507 549 727 879 890  ; 5 1 8 2 9 3 7 5 3 5 4 4 2 7 5 4 5 3 7 1 
214.2 ; 1.05e-13 ; True ; 1 20 25 30 113 389 431 507 549 727 890  ; 4 1 8 2 10 2 7 5 4 5 5 4 3 6 4 4 5 3 6 1 
215.3 ; 1.065e-13 ; True ; 1 30 113 164 389 502 507 549 727 890 906  ; 4 1 8 2 9 3 7 5 4 5 3 5 3 5 5 4 4 4 5 1 
216.5 ; 1.153e-13 ; True ; 1 30 113 164 174 389 507 549 727 879 890  ; 5 1 8 2 9 3 7 5 3 5 5 4 3 7 5 3 4 3 7 1 
218.6 ; 1.196e-13 ; True ; 1 20 30 113 389 396 507 549 727 879 890  ; 4 1 8 2 9 3 7 4 4 5 4 4 3 6 5 4 5 3 6 1 
219.7 ; 1.208e-13 ; True ; 1 30 113 128 174 307 389 549 638 727 890 906  ; 4 1 8 3 9 2 6 5 4 5 4 5 3 5 4 4 4 4 5 1 
221.1 ; 1.234e-13 ; True ; 30 113 164 389 502 507 549 727 879 890 906  ; 4 1 7 2 8 4 7 5 4 5 4 5 2 5 6 4 4 4 5 1 
222.2 ; 1.267e-13 ; True ; 1 20 30 113 128 174 389 431 638 727 890 906  ; 5 1 9 3 10 2 5 5 4 5 5 4 4 5 3 4 4 3 6 1 
223.7 ; 1.331e-13 ; True ; 1 20 30 113 389 431 507 549 727 879 890  ; 4 1 7 2 9 3 6 4 4 5 5 4 3 6 5 4 5 3 6 1 
224 ; 1.537e-13 ; True ; 1 30 113 164 389 502 507 549 727 879 890  ; 4 1 8 2 9 3 7 5 4 5 4 5 3 6 6 4 4 3 6 1 
226.5 ; 1.577e-13 ; True ; 1 20 30 113 128 174 389 549 638 727 890 906  ; 4 1 9 3 10 2 6 5 5 5 4 5 4 5 4 3 4 4 5 1 
228 ; 1.585e-13 ; True ; 1 30 113 128 164 174 389 549 638 727 890 906  ; 5 1 9 3 10 2 6 6 4 5 4 5 3 6 4 3 4 4 6 1 
230.8 ; 1.586e-13 ; True ; 1 20 30 113 128 174 389 507 638 727 890 906  ; 4 1 9 3 10 3 6 4 4 5 5 5 4 5 4 4 3 3 6 1 
231.1 ; 1.836e-13 ; True ; 1 20 30 113 174 389 431 549 638 727 890 906  ; 5 1 8 3 10 2 6 5 4 5 4 4 4 6 3 4 5 4 6 1 
234.4 ; 1.859e-13 ; True ; 1 20 25 30 113 389 431 549 638 727 890 906  ; 4 1 8 4 10 2 6 5 4 6 4 4 3 6 3 4 5 4 6 1 
236.5 ; 1.867e-13 ; True ; 1 20 30 113 157 389 431 549 638 727 890 906  ; 4 1 7 3 10 3 6 5 5 5 3 5 4 5 3 4 5 4 5 1 
237.3 ; 2.001e-13 ; True ; 1 20 30 113 389 396 507 531 549 727 890 906  ; 5 1 8 2 10 3 7 5 4 5 4 4 3 6 4 4 6 4 6 1 
238 ; 2.041e-13 ; True ; 1 20 30 113 389 396 507 549 638 727 890 906  ; 4 1 8 3 10 3 7 4 4 5 3 5 3 6 4 5 5 4 6 1 
238.1 ; 2.236e-13 ; True ; 1 30 113 164 174 389 507 549 638 727 890 906  ; 5 1 8 3 10 3 7 5 3 5 4 5 3 7 4 4 4 4 7 1 
239.2 ; 2.403e-13 ; True ; 1 20 30 113 174 389 507 549 638 727 890 906  ; 4 1 8 3 10 3 7 4 4 5 4 5 4 6 4 4 4 4 6 1 
243.1 ; 2.424e-13 ; True ; 1 20 30 113 389 431 507 549 638 727 890 906  ; 4 1 7 3 10 3 6 4 4 5 4 5 3 6 4 5 5 4 6 1 
245.5 ; 2.473e-13 ; True ; 1 20 25 30 113 174 389 507 549 638 727 890  ; 4 1 9 3 11 2 8 5 4 5 5 5 4 7 4 4 4 3 7 1 
245.5 ; 2.714e-13 ; True ; 1 20 25 30 113 389 396 507 549 727 890 906  ; 4 1 9 3 10 3 8 5 4 6 4 4 3 6 4 4 5 4 6 1 
246.2 ; 2.718e-13 ; True ; 1 20 30 113 174 389 431 507 549 727 890 906  ; 5 1 8 2 10 3 7 5 4 5 5 4 4 6 4 4 5 4 6 1 
247.6 ; 2.813e-13 ; True ; 1 20 25 30 113 174 389 507 549 727 890 906  ; 4 1 9 3 10 3 8 5 4 6 5 4 4 6 4 3 4 4 6 1 
250.9 ; 2.825e-13 ; True ; 1 20 30 113 164 389 507 549 638 727 890 906  ; 4 1 8 3 10 3 7 4 4 5 3 5 3 6 4 4 4 4 6 2 
251.9 ; 2.883e-13 ; True ; 1 30 113 164 174 389 507 549 638 727 879 890  ; 5 1 8 3 10 3 7 5 3 5 5 5 3 8 5 4 4 3 8 1 
253.5 ; 3.064e-13 ; True ; 1 30 113 164 174 389 502 507 549 727 890 906  ; 5 1 9 2 10 3 8 6 4 5 4 5 4 6 5 4 4 4 6 1 
253.9 ; 3.095e-13 ; True ; 1 20 30 113 164 174 389 507 549 727 890 906  ; 5 1 9 2 10 3 8 5 4 5 4 4 4 6 4 3 4 4 6 2 
255.2 ; 3.145e-13 ; True ; 1 20 30 113 389 396 507 549 727 879 890 906  ; 4 1 8 3 9 4 7 4 4 6 4 4 3 6 5 4 5 4 6 1 
256.9 ; 3.408e-13 ; True ; 1 20 30 113 164 389 431 507 549 727 890 906  ; 5 1 8 2 10 3 7 5 4 5 4 4 3 6 4 4 5 4 6 2 
258.5 ; 3.526e-13 ; True ; 1 20 25 30 113 164 389 507 549 727 890 906  ; 4 1 9 3 10 3 8 5 4 6 4 4 3 6 4 3 4 4 6 2 
261 ; 3.568e-13 ; True ; 1 30 113 164 389 396 502 507 549 727 879 890  ; 5 1 9 2 10 3 8 6 4 5 4 5 3 7 6 5 5 3 7 1 
262.2 ; 3.793e-13 ; True ; 30 113 164 174 389 502 507 549 727 879 890 906  ; 5 1 8 2 9 4 8 6 4 5 5 5 3 6 6 4 4 4 6 1 
262.5 ; 4.041e-13 ; True ; 1 30 113 164 389 502 507 549 727 879 890 906  ; 4 1 8 3 9 4 7 5 4 6 4 5 3 6 6 4 4 4 6 1 
264.9 ; 4.122e-13 ; True ; 1 20 30 113 128 174 389 396 549 638 727 890 906  ; 5 1 10 3 11 2 7 6 5 5 4 5 4 6 4 4 5 4 6 1 
269.1 ; 4.686e-13 ; True ; 1 20 30 113 128 174 389 431 549 638 727 890 906  ; 5 1 9 3 11 2 6 6 5 5 5 5 4 6 4 4 5 4 6 1 
273.3 ; 4.783e-13 ; True ; 1 20 30 113 174 330 389 507 549 638 727 890 906  ; 5 1 9 3 10 3 8 4 5 5 4 6 4 6 4 4 4 5 6 1 
273.6 ; 4.824e-13 ; True ; 1 20 25 30 113 174 389 431 549 638 727 890 906  ; 5 1 9 4 11 2 7 6 4 6 5 4 4 7 3 4 5 4 7 1 
275.5 ; 5.022e-13 ; True ; 1 20 30 113 145 174 389 507 549 638 727 890 906  ; 4 1 8 3 10 4 7 4 4 5 5 5 4 7 4 4 4 5 7 1 
275.6 ; 5.174e-13 ; True ; 1 20 30 113 174 389 440 507 549 638 727 890 906  ; 5 1 9 3 11 3 7 5 4 6 4 6 4 7 4 4 4 4 7 1 
276.3 ; 5.492e-13 ; True ; 1 30 113 128 164 174 389 507 549 638 727 890 906  ; 5 1 9 3 11 3 7 6 4 5 5 6 3 7 5 4 4 4 7 1 
277.3 ; 5.8e-13 ; True ; 1 20 30 113 174 389 396 507 549 638 727 890 906  ; 5 1 9 3 11 3 8 5 4 5 4 5 4 7 4 5 5 4 7 1 
281.7 ; 5.874e-13 ; True ; 1 20 25 30 113 389 396 507 549 638 727 890 906  ; 4 1 9 4 11 3 8 5 4 6 4 5 3 7 4 5 5 4 7 1 
282.4 ; 6.617e-13 ; True ; 1 20 30 113 174 389 431 507 549 638 727 890 906  ; 5 1 8 3 11 3 7 5 4 5 5 5 4 7 4 5 5 4 7 1 
286.6 ; 6.839e-13 ; True ; 1 20 25 30 113 174 389 396 507 549 727 890 906  ; 5 1 10 3 11 3 9 6 4 6 5 4 4 7 4 4 5 4 7 1 
290.1 ; 7.019e-13 ; True ; 1 20 30 113 164 389 507 531 549 638 727 890 906  ; 5 1 8 3 11 3 7 5 4 5 4 5 3 7 4 4 5 4 7 2 
291.2 ; 8.026e-13 ; True ; 1 20 30 113 164 174 389 507 549 638 727 890 906  ; 5 1 9 3 11 3 8 5 4 5 4 5 4 7 4 4 4 4 7 2 
295.1 ; 8.296e-13 ; True ; 1 20 30 113 164 389 431 507 549 638 727 890 906  ; 5 1 8 3 11 3 7 5 4 5 4 5 3 7 4 5 5 4 7 2 
297.4 ; 8.379e-13 ; True ; 1 20 30 113 174 389 396 507 549 727 879 890 906  ; 5 1 9 3 10 4 8 5 4 6 5 4 4 7 5 4 5 4 7 1 
298.1 ; 8.417e-13 ; True ; 1 20 30 113 164 174 389 431 507 549 727 890 906  ; 6 1 9 2 11 3 8 6 4 5 5 4 4 7 4 4 5 4 7 2 
302.2 ; 8.566e-13 ; True ; 1 25 30 113 164 174 389 502 507 549 727 890 906  ; 5 1 10 3 11 3 9 7 4 6 5 5 4 7 5 4 4 4 7 1 
303.4 ; 9.18e-13 ; True ; 1 20 30 113 174 389 431 507 549 727 879 890 906  ; 5 1 8 3 10 4 7 5 4 6 6 4 4 7 5 4 5 4 7 1 
303.5 ; 9.95e-13 ; True ; 1 20 25 30 113 164 389 431 507 549 727 890 906  ; 5 1 9 3 11 3 8 6 4 6 5 4 3 7 4 4 5 4 7 2 
305.6 ; 1.036e-12 ; True ; 1 30 113 164 174 389 502 507 549 727 879 890 906  ; 5 1 9 3 10 4 8 6 4 6 5 5 4 7 6 4 4 4 7 1 
307.1 ; 1.05e-12 ; True ; 1 20 30 113 164 389 396 507 549 727 879 890 906  ; 5 1 9 3 10 4 8 5 4 6 4 4 3 7 5 4 5 4 7 2 
310.1 ; 1.088e-12 ; True ; 1 20 30 113 164 174 389 507 549 727 879 890 906  ; 5 1 9 3 10 4 8 5 4 6 5 4 4 7 5 3 4 4 7 2 
313.1 ; 1.199e-12 ; True ; 1 20 30 113 164 389 431 507 549 727 879 890 906  ; 5 1 8 3 10 4 7 5 4 6 5 4 3 7 5 4 5 4 7 2 
318.1 ; 1.204e-12 ; True ; 1 20 30 113 128 174 389 486 507 549 638 727 890 906  ; 5 1 10 4 12 3 7 5 5 6 5 6 4 7 5 4 4 4 7 1 
318.4 ; 1.215e-12 ; True ; 1 20 30 113 128 174 389 507 549 577 638 727 890 906  ; 5 1 10 3 12 3 8 6 5 5 5 6 4 6 5 5 5 4 7 1 
319.2 ; 1.324e-12 ; True ; 1 20 30 113 128 174 389 396 507 549 638 727 890 906  ; 5 1 10 3 12 3 8 6 5 5 5 6 4 7 5 5 5 4 7 1 
321.5 ; 1.361e-12 ; True ; 1 20 30 113 164 389 502 507 549 727 879 890 906  ; 4 1 9 3 10 4 8 5 5 6 4 5 4 6 6 4 4 4 6 2 
324.4 ; 1.464e-12 ; True ; 1 20 30 113 128 174 389 431 507 549 638 727 890 906  ; 5 1 9 3 12 3 7 6 5 5 6 6 4 7 5 5 5 4 7 1 
329.9 ; 1.59e-12 ; True ; 1 20 25 30 113 174 389 431 507 549 638 727 890 906  ; 5 1 9 4 12 3 8 6 4 6 6 5 4 8 4 5 5 4 8 1 
331.4 ; 1.617e-12 ; True ; 1 20 30 113 145 164 174 389 507 549 638 727 890 906  ; 5 1 9 3 11 4 8 5 4 5 5 5 4 8 4 4 4 5 8 2 
332.4 ; 1.658e-12 ; True ; 1 20 30 113 164 174 389 507 549 636 638 727 890 906  ; 5 1 9 3 12 3 9 5 4 5 4 6 5 7 4 4 5 5 7 2 
333.1 ; 1.702e-12 ; True ; 1 20 30 113 164 174 389 396 507 549 638 727 890 906  ; 6 1 10 3 12 3 9 6 4 5 4 5 4 8 4 5 5 4 8 2 
333.7 ; 1.832e-12 ; True ; 1 20 30 113 128 164 174 389 507 549 638 727 890 906  ; 5 1 10 3 12 3 8 6 5 5 5 6 4 7 5 4 4 4 7 2 
338.3 ; 1.975e-12 ; True ; 1 20 30 113 164 174 389 431 507 549 638 727 890 906  ; 6 1 9 3 12 3 8 6 4 5 5 5 4 8 4 5 5 4 8 2 
346.5 ; 2.191e-12 ; True ; 1 20 25 30 113 164 389 431 507 549 636 727 890 906  ; 5 1 9 3 12 3 9 6 4 6 5 5 4 7 4 4 6 5 7 2 
350.1 ; 2.192e-12 ; True ; 1 20 30 113 164 389 396 507 549 638 727 879 890 906  ; 5 1 9 4 11 4 8 5 4 6 4 5 3 8 5 5 5 4 8 2 
352.3 ; 2.419e-12 ; True ; 1 20 30 113 164 174 389 507 549 638 727 879 890 906  ; 5 1 9 4 11 4 8 5 4 6 5 5 4 8 5 4 4 4 8 2 
353.1 ; 2.459e-12 ; True ; 1 20 30 113 164 174 389 396 507 549 727 879 890 906  ; 6 1 10 3 11 4 9 6 4 6 5 4 4 8 5 4 5 4 8 2 
354.1 ; 2.482e-12 ; True ; 1 20 30 113 164 389 396 431 507 549 727 879 890 906  ; 6 1 9 3 11 4 8 6 4 6 5 4 3 8 5 5 6 4 8 2 
356.2 ; 2.5e-12 ; True ; 1 20 30 113 164 389 431 507 549 638 727 879 890 906  ; 5 1 8 4 11 4 7 5 4 6 5 5 3 8 5 5 5 4 8 2 
359.2 ; 2.74e-12 ; True ; 1 20 30 113 164 174 389 431 507 549 727 879 890 906  ; 6 1 9 3 11 4 8 6 4 6 6 4 4 8 5 4 5 4 8 2 
366 ; 2.849e-12 ; True ; 1 20 30 113 128 174 389 431 507 549 636 638 727 890 906  ; 5 1 9 3 13 3 8 6 5 5 6 7 5 7 5 5 6 5 7 1 
366.4 ; 3.105e-12 ; True ; 1 20 30 113 164 389 396 502 507 549 727 879 890 906  ; 5 1 10 3 11 4 9 6 5 6 4 5 4 7 6 5 5 4 7 2 
368.6 ; 3.214e-12 ; True ; 1 20 30 113 164 174 389 502 507 549 727 879 890 906  ; 5 1 10 3 11 4 9 6 5 6 5 5 5 7 6 4 4 4 7 2 
373.4 ; 3.604e-12 ; True ; 1 20 30 113 164 389 431 502 507 549 727 879 890 906  ; 5 1 9 3 11 4 8 6 5 6 5 5 4 7 6 5 5 4 7 2 
377.2 ; 3.685e-12 ; True ; 1 20 30 113 128 164 174 389 507 549 636 638 727 890 906  ; 5 1 10 3 13 3 9 6 5 5 5 7 5 7 5 4 5 5 7 2 
378.9 ; 3.76e-12 ; True ; 1 20 30 113 128 164 174 389 396 507 549 638 727 890 906  ; 6 1 11 3 13 3 9 7 5 5 5 6 4 8 5 5 5 4 8 2 
382.5 ; 3.919e-12 ; True ; 1 20 30 113 164 174 389 431 507 549 636 638 727 890 906  ; 6 1 9 3 13 3 9 6 4 5 5 6 5 8 4 5 6 5 8 2 
383.7 ; 4.057e-12 ; True ; 1 20 25 30 113 164 174 389 507 549 636 638 727 890 906  ; 5 1 10 4 13 3 10 6 4 6 5 6 5 8 4 4 5 5 8 2 
384.1 ; 4.218e-12 ; True ; 1 20 30 113 128 164 174 389 431 507 549 638 727 890 906  ; 6 1 10 3 13 3 8 7 5 5 6 6 4 8 5 5 5 4 8 2 
393.2 ; 4.313e-12 ; True ; 1 20 30 113 164 174 389 431 549 636 638 727 879 890 906  ; 6 1 9 4 12 3 8 6 4 6 5 5 5 8 4 4 6 5 8 2 
393.6 ; 4.424e-12 ; True ; 1 20 30 113 164 174 389 431 507 549 638 716 727 890 906  ; 6 1 9 4 13 4 9 6 4 5 5 5 4 8 5 5 6 4 8 2 
394.9 ; 4.604e-12 ; True ; 1 20 30 113 128 164 174 389 431 549 638 727 879 890 906  ; 6 1 10 4 12 3 7 7 5 6 6 5 4 8 5 4 5 4 8 2 
398.2 ; 4.637e-12 ; True ; 1 20 30 113 164 389 396 507 549 636 638 727 879 890 906  ; 5 1 9 4 12 4 9 5 4 6 4 6 4 8 5 5 6 5 8 2 
398.2 ; 4.993e-12 ; True ; 1 20 30 113 164 174 389 396 507 549 638 727 879 890 906  ; 6 1 10 4 12 4 9 6 4 6 5 5 4 9 5 5 5 4 9 2 
399.4 ; 4.998e-12 ; True ; 1 20 30 113 164 174 389 507 549 636 638 727 879 890 906  ; 5 1 9 4 12 4 9 5 4 6 5 6 5 8 5 4 5 5 8 2 
399.7 ; 5.098e-12 ; True ; 1 20 30 113 128 164 174 389 507 549 638 727 879 890 906  ; 5 1 10 4 12 4 8 6 5 6 6 6 4 8 6 4 4 4 8 2 
401.5 ; 5.218e-12 ; True ; 1 20 30 113 128 164 174 389 396 507 549 727 879 890 906  ; 6 1 11 3 12 4 9 7 5 6 6 5 4 8 6 4 5 4 8 2 
403.2 ; 5.315e-12 ; True ; 1 20 30 113 164 389 396 431 507 549 636 727 879 890 906  ; 6 1 9 3 12 4 9 6 4 6 5 5 4 8 5 5 7 5 8 2 
404.3 ; 5.334e-12 ; True ; 1 20 30 113 164 389 431 507 549 636 638 727 879 890 906  ; 5 1 8 4 12 4 8 5 4 6 5 6 4 8 5 5 6 5 8 2 
404.3 ; 5.564e-12 ; True ; 1 20 30 113 164 174 389 431 507 549 638 727 879 890 906  ; 6 1 9 4 12 4 8 6 4 6 6 5 4 9 5 5 5 4 9 2 
407.4 ; 5.657e-12 ; True ; 1 20 30 113 164 174 389 431 507 549 636 727 879 890 906  ; 6 1 9 3 12 4 9 6 4 6 6 5 5 8 5 4 6 5 8 2 
407.6 ; 5.693e-12 ; True ; 1 20 30 113 128 164 174 389 431 507 549 727 879 890 906  ; 6 1 10 3 12 4 8 7 5 6 7 5 4 8 6 4 5 4 8 2 
413.5 ; 6.048e-12 ; True ; 1 20 30 113 164 389 396 502 507 531 549 727 879 890 906  ; 6 1 10 3 12 4 9 7 5 6 5 5 4 8 6 5 6 4 8 2 
416.4 ; 6.133e-12 ; True ; 1 20 30 113 164 174 389 502 507 549 577 727 879 890 906  ; 6 1 11 3 12 4 10 7 5 6 5 5 5 7 6 5 5 4 8 2 
416.4 ; 6.559e-12 ; True ; 1 20 30 113 164 174 389 396 502 507 549 727 879 890 906  ; 6 1 11 3 12 4 10 7 5 6 5 5 5 8 6 5 5 4 8 2 
419.3 ; 6.871e-12 ; True ; 1 20 30 113 164 389 396 431 502 507 549 727 879 890 906  ; 6 1 10 3 12 4 9 7 5 6 5 5 4 8 6 6 6 4 8 2 
422.3 ; 6.945e-12 ; True ; 1 20 30 113 164 389 431 502 507 549 638 727 879 890 906  ; 5 1 9 4 12 4 8 6 5 6 5 6 4 8 6 6 5 4 8 2 
423.4 ; 7.399e-12 ; True ; 1 20 30 113 164 174 389 431 502 507 549 727 879 890 906  ; 6 1 10 3 12 4 9 7 5 6 6 5 5 8 6 5 5 4 8 2 
430.4 ; 7.449e-12 ; True ; 1 20 30 113 128 164 174 389 396 431 507 549 638 727 890 906  ; 7 1 11 3 14 3 9 8 5 5 6 6 4 9 5 6 6 4 9 2 
430.7 ; 8.145e-12 ; True ; 1 20 30 113 128 164 174 389 431 507 549 636 638 727 890 906  ; 6 1 10 3 14 3 9 7 5 5 6 7 5 8 5 5 6 5 8 2 
437.2 ; 8.21e-12 ; True ; 1 20 30 113 128 164 174 389 396 549 636 638 727 879 890 906  ; 6 1 11 4 13 3 9 7 5 6 5 6 5 8 5 4 6 5 8 2 
442.1 ; 8.528e-12 ; True ; 1 20 30 113 128 164 174 389 396 431 549 638 727 879 890 906  ; 7 1 11 4 13 3 8 8 5 6 6 5 4 9 5 5 6 4 9 2 
442.4 ; 9.21e-12 ; True ; 1 20 30 113 128 164 174 389 431 549 636 638 727 879 890 906  ; 6 1 10 4 13 3 8 7 5 6 6 6 5 8 5 4 6 5 8 2 
448.3 ; 9.852e-12 ; True ; 1 20 30 113 164 174 389 396 507 549 636 638 727 879 890 906  ; 6 1 10 4 13 4 10 6 4 6 5 6 5 9 5 5 6 5 9 2 
448.9 ; 1.018e-11 ; True ; 1 20 30 113 128 164 174 389 396 507 549 638 727 879 890 906  ; 6 1 11 4 13 4 9 7 5 6 6 6 4 9 6 5 5 4 9 2 
449.2 ; 1.025e-11 ; True ; 1 20 30 113 128 164 174 389 507 549 636 638 727 879 890 906  ; 5 1 10 4 13 4 9 6 5 6 6 7 5 8 6 4 5 5 8 2 
452 ; 1.03e-11 ; True ; 1 20 30 113 128 164 174 389 396 507 549 636 727 879 890 906  ; 6 1 11 3 13 4 10 7 5 6 6 6 5 8 6 4 6 5 8 2 
454.3 ; 1.031e-11 ; True ; 1 20 30 113 164 174 389 396 431 507 549 636 727 879 890 906  ; 7 1 10 3 13 4 10 7 4 6 6 5 5 9 5 5 7 5 9 2 
454.4 ; 1.104e-11 ; True ; 1 20 30 113 164 174 389 431 507 549 636 638 727 879 890 906  ; 6 1 9 4 13 4 9 6 4 6 6 6 5 9 5 5 6 5 9 2 
455.1 ; 1.111e-11 ; True ; 1 20 30 113 128 164 174 389 431 507 549 638 727 879 890 906  ; 6 1 10 4 13 4 8 7 5 6 7 6 4 9 6 5 5 4 9 2 
458.1 ; 1.129e-11 ; True ; 1 20 30 113 128 164 174 389 431 507 549 636 727 879 890 906  ; 6 1 10 3 13 4 9 7 5 6 7 6 5 8 6 4 6 5 8 2 
465.9 ; 1.165e-11 ; True ; 1 20 30 113 128 174 307 389 431 440 507 549 636 638 727 890 906  ; 6 1 10 3 14 3 9 7 5 6 6 8 5 8 5 6 6 5 8 2 
467.2 ; 1.23e-11 ; True ; 1 20 30 113 164 174 389 396 502 507 549 638 727 879 890 906  ; 6 1 11 4 13 4 10 7 5 6 5 6 5 9 6 6 5 4 9 2 
469.4 ; 1.237e-11 ; True ; 1 20 30 113 164 174 389 502 507 549 636 638 727 879 890 906  ; 5 1 10 4 13 4 10 6 5 6 5 7 6 8 6 5 5 5 8 2 
470.3 ; 1.238e-11 ; True ; 1 20 30 113 164 174 389 396 502 507 549 636 727 879 890 906  ; 6 1 11 3 13 4 11 7 5 6 5 6 6 8 6 5 6 5 8 2 
471.1 ; 1.255e-11 ; True ; 1 20 30 113 164 389 396 431 502 507 549 638 727 879 890 906  ; 6 1 10 4 13 4 9 7 5 6 5 6 4 9 6 7 6 4 9 2 
472.2 ; 1.299e-11 ; True ; 1 20 30 113 164 174 389 396 431 502 507 549 727 879 890 906  ; 7 1 11 3 13 4 10 8 5 6 6 5 5 9 6 6 6 4 9 2 
474.1 ; 1.318e-11 ; True ; 1 20 30 113 164 389 396 431 502 507 549 636 727 879 890 906  ; 6 1 10 3 13 4 10 7 5 6 5 6 5 8 6 6 7 5 8 2 
474.3 ; 1.388e-11 ; True ; 1 20 30 113 164 174 389 431 502 507 549 638 727 879 890 906  ; 6 1 10 4 13 4 9 7 5 6 6 6 5 9 6 6 5 4 9 2 
477.4 ; 1.402e-11 ; True ; 1 20 30 113 164 174 389 431 502 507 549 636 727 879 890 906  ; 6 1 10 3 13 4 10 7 5 6 6 6 6 8 6 5 6 5 8 2 
481.5 ; 1.452e-11 ; True ; 1 20 25 30 113 164 389 396 431 502 507 549 727 879 890 906  ; 6 1 11 4 13 4 10 8 5 7 6 5 4 9 6 6 6 4 9 2 
490.3 ; 1.461e-11 ; True ; 20 25 30 113 164 174 389 431 502 507 549 636 727 879 890 906  ; 6 1 10 3 13 4 11 8 5 6 7 6 5 8 6 5 6 5 8 2 
490.3 ; 1.512e-11 ; True ; 1 20 30 113 128 164 174 330 389 431 549 636 638 727 879 890 906  ; 7 1 11 4 13 3 9 7 6 6 6 7 5 8 5 4 6 6 8 2 
492 ; 1.557e-11 ; True ; 1 20 30 113 128 164 174 389 396 431 507 549 594 638 727 890 906  ; 7 1 11 4 14 4 9 8 5 6 6 6 4 9 6 6 6 4 9 2 
492.6 ; 1.645e-11 ; True ; 1 20 30 113 128 164 174 389 396 431 549 636 638 727 879 890 906  ; 7 1 11 4 14 3 9 8 5 6 6 6 5 9 5 5 7 5 9 2 
498 ; 1.682e-11 ; True ; 1 20 30 113 128 164 174 330 389 507 549 636 638 727 879 890 906  ; 6 1 11 4 13 4 10 6 6 6 6 8 5 8 6 4 5 6 8 2 
500.4 ; 1.778e-11 ; True ; 1 20 30 113 128 174 307 389 431 507 549 636 638 727 879 890 906  ; 5 1 9 4 13 4 9 6 5 6 7 7 5 8 6 6 6 5 8 2 
501.3 ; 1.956e-11 ; True ; 1 20 30 113 128 164 174 389 396 507 549 636 638 727 879 890 906  ; 6 1 11 4 14 4 10 7 5 6 6 7 5 9 6 5 6 5 9 2 
507.5 ; 2.145e-11 ; True ; 1 20 30 113 128 164 174 389 431 507 549 636 638 727 879 890 906  ; 6 1 10 4 14 4 9 7 5 6 7 7 5 9 6 5 6 5 9 2 
521.5 ; 2.219e-11 ; True ; 1 20 30 113 157 164 174 389 431 507 549 636 638 727 879 890 906  ; 6 1 9 4 14 5 10 7 5 6 6 7 6 9 5 5 6 5 9 2 
523.1 ; 2.252e-11 ; True ; 1 20 30 113 128 164 174 389 502 507 549 636 638 727 879 890 906  ; 5 1 11 4 14 4 10 7 6 6 6 8 6 8 7 5 5 5 8 2 
523.1 ; 2.26e-11 ; True ; 1 20 30 113 164 174 389 396 502 507 549 636 638 727 879 890 906  ; 6 1 11 4 14 4 11 7 5 6 5 7 6 9 6 6 6 5 9 2 
526.1 ; 2.324e-11 ; True ; 1 20 30 113 164 174 389 396 431 502 507 549 638 727 879 890 906  ; 7 1 11 4 14 4 10 8 5 6 6 6 5 10 6 7 6 4 10 2 
527.1 ; 2.359e-11 ; True ; 1 20 30 113 164 174 330 389 431 502 507 549 638 727 879 890 906  ; 7 1 11 4 13 4 10 7 6 6 6 7 5 9 6 6 5 5 9 2 
529.1 ; 2.385e-11 ; True ; 1 20 30 113 164 174 389 396 431 502 507 549 636 727 879 890 906  ; 7 1 11 3 14 4 11 8 5 6 6 6 6 9 6 6 7 5 9 2 
530.2 ; 2.559e-11 ; True ; 1 20 30 113 164 174 389 431 502 507 549 636 638 727 879 890 906  ; 6 1 10 4 14 4 10 7 5 6 6 7 6 9 6 6 6 5 9 2 
545.3 ; 2.629e-11 ; True ; 1 20 30 113 157 164 174 389 431 502 507 549 638 727 879 890 906  ; 6 1 10 4 14 5 10 8 6 6 6 7 6 9 6 6 5 4 9 2 
546.6 ; 2.662e-11 ; True ; 1 20 30 113 128 164 174 330 389 396 431 507 636 638 727 879 890 906  ; 8 1 12 4 14 4 10 7 5 6 7 7 5 9 5 6 6 5 10 2 
549.3 ; 2.674e-11 ; True ; 1 20 30 113 128 164 174 219 389 396 502 507 549 727 879 890 906  ; 7 1 12 4 13 5 10 8 6 6 7 6 5 9 8 5 5 4 9 2 
551.9 ; 2.841e-11 ; True ; 1 20 30 113 164 174 219 389 396 502 507 549 636 727 879 890 906  ; 7 1 11 4 13 5 11 7 5 6 6 6 6 9 7 5 6 5 9 2 
554 ; 3.105e-11 ; True ; 1 20 30 113 128 164 174 330 389 396 507 549 636 638 727 879 890 906  ; 7 1 12 4 14 4 11 7 6 6 6 8 5 9 6 5 6 6 9 2 
560 ; 3.128e-11 ; True ; 1 20 30 113 164 174 219 389 431 502 507 549 636 727 879 890 906  ; 7 1 10 4 13 5 10 7 5 6 7 6 6 9 7 5 6 5 9 2 
560.7 ; 3.589e-11 ; True ; 1 20 30 113 128 164 174 389 396 431 507 549 636 638 727 879 890 906  ; 7 1 11 4 15 4 10 8 5 6 7 7 5 10 6 6 7 5 10 2 
577.6 ; 3.741e-11 ; True ; 1 20 30 113 128 157 164 174 389 396 431 507 549 638 727 879 890 906  ; 7 1 11 4 15 5 10 9 6 6 7 7 5 10 6 6 6 4 10 2 
578.5 ; 3.744e-11 ; True ; 1 20 30 113 128 164 174 389 431 507 549 636 638 727 774 879 890 906  ; 6 1 10 5 14 5 9 7 5 7 7 7 5 9 7 5 6 5 9 2 
584 ; 4.041e-11 ; True ; 1 20 30 113 128 164 174 389 396 431 502 507 549 638 727 879 890 906  ; 7 1 12 4 15 4 10 9 6 6 7 7 5 10 7 7 6 4 10 2 
584.9 ; 4.152e-11 ; True ; 1 20 30 113 164 174 389 396 431 502 507 549 636 638 727 879 890 906  ; 7 1 11 4 15 4 11 8 5 6 6 7 6 10 6 7 7 5 10 2 
587.2 ; 4.445e-11 ; True ; 1 20 30 113 128 164 174 389 431 502 507 549 636 638 727 879 890 906  ; 6 1 11 4 15 4 10 8 6 6 7 8 6 9 7 6 6 5 9 2 
601.7 ; 4.477e-11 ; True ; 20 25 30 113 128 164 174 389 431 502 507 549 636 638 727 879 890 906  ; 6 1 11 4 15 4 11 9 6 6 8 8 5 9 7 6 6 5 9 2 
604.1 ; 4.605e-11 ; True ; 1 20 30 113 157 164 174 389 431 502 507 549 636 638 727 879 890 906  ; 6 1 10 4 15 5 11 8 6 6 6 8 7 9 6 6 6 5 9 2 
612.7 ; 4.653e-11 ; True ; 1 20 30 113 128 164 174 219 389 431 502 549 636 638 727 879 890 906  ; 7 1 11 5 14 4 9 8 6 6 7 7 6 9 7 5 6 5 9 2 
613.2 ; 4.711e-11 ; True ; 1 20 30 113 128 164 219 389 396 502 507 549 636 638 727 879 890 906  ; 6 1 11 5 14 5 10 7 6 6 6 8 5 9 8 6 6 5 9 2 
614.7 ; 4.755e-11 ; True ; 1 20 30 113 164 174 219 330 389 431 502 507 549 638 727 879 890 906  ; 8 1 11 5 13 5 10 7 6 6 7 7 5 10 7 6 5 5 10 2 
616.5 ; 4.845e-11 ; True ; 1 20 30 113 128 164 174 219 389 431 502 507 549 638 727 879 890 906  ; 7 1 11 5 14 5 9 8 6 6 8 7 5 10 8 6 5 4 10 2 
616.6 ; 5.127e-11 ; True ; 1 20 30 113 164 174 219 389 396 431 502 507 549 636 727 879 890 906  ; 8 1 11 4 14 5 11 8 5 6 7 6 6 10 7 6 7 5 10 2 
617.3 ; 5.603e-11 ; True ; 1 20 30 113 128 164 174 330 389 396 431 507 549 636 638 727 879 890 906  ; 8 1 12 4 15 4 11 8 6 6 7 8 5 10 6 6 7 6 10 2 
638.1 ; 5.688e-11 ; True ; 1 20 30 113 174 307 330 389 431 486 502 507 549 636 638 727 879 890 906  ; 7 1 11 5 14 4 11 6 6 7 6 8 6 9 6 7 6 6 9 2 
645.1 ; 6.374e-11 ; True ; 1 20 25 30 113 128 164 174 389 396 431 502 549 636 638 727 879 890 906  ; 7 1 13 5 16 3 11 10 6 7 7 7 6 10 6 6 7 5 10 2 
647.3 ; 6.647e-11 ; True ; 1 20 30 113 128 164 174 307 389 431 457 507 549 636 638 727 879 890 906  ; 6 1 10 5 14 5 10 7 6 6 7 7 5 9 7 6 6 5 9 3 
659.9 ; 6.743e-11 ; True ; 1 20 30 113 128 164 174 389 396 431 502 507 549 636 638 727 774 879 906  ; 6 1 11 5 15 5 10 8 6 7 7 8 5 10 8 6 6 5 9 2 
660.3 ; 7.417e-11 ; True ; 1 20 30 113 128 164 174 307 389 431 502 507 549 636 638 727 879 890 906  ; 6 1 11 4 15 4 11 8 6 6 7 8 6 9 7 7 6 5 9 3 
676.5 ; 7.707e-11 ; True ; 1 20 30 113 128 164 174 219 389 396 431 502 507 549 638 727 879 890 906  ; 8 1 12 5 15 5 10 9 6 6 8 7 5 11 8 7 6 4 11 2 
681.6 ; 8.76e-11 ; True ; 1 20 30 113 128 164 174 219 389 431 502 507 549 636 638 727 879 890 906  ; 7 1 11 5 15 5 10 8 6 6 8 8 6 10 8 6 6 5 10 2 
700.3 ; 9.092e-11 ; True ; 1 20 30 113 157 164 174 219 389 431 502 507 549 636 638 727 879 890 906  ; 7 1 10 5 15 6 11 8 6 6 7 8 7 10 7 6 6 5 10 2 
706.9 ; 9.863e-11 ; True ; 1 20 30 113 128 164 174 389 396 431 502 507 549 636 638 727 856 879 890 906  ; 8 1 13 4 16 4 11 10 6 6 8 8 6 10 7 8 7 5 11 2 
717.1 ; 1.05e-10 ; True ; 1 20 30 67 113 128 164 174 389 431 502 507 549 636 638 679 727 879 890 906  ; 7 1 12 4 16 5 10 9 6 7 8 8 6 9 8 7 6 6 10 2 
733.2 ; 1.148e-10 ; True ; 1 20 30 113 128 164 174 307 389 502 507 531 549 636 638 727 774 879 890 906  ; 6 1 11 5 15 5 11 8 6 7 7 8 6 9 8 6 6 5 9 3 
733.7 ; 1.193e-10 ; True ; 1 20 30 42 113 128 164 174 307 389 431 502 507 549 636 638 727 879 890 906  ; 6 1 11 4 16 5 11 8 6 6 7 9 7 9 7 7 7 5 9 3 
741.1 ; 1.22e-10 ; True ; 1 20 30 113 128 164 174 219 389 396 486 502 507 549 636 638 727 879 890 906  ; 8 1 13 6 16 5 11 8 6 7 7 8 6 11 8 6 6 5 11 2 
758.7 ; 1.244e-10 ; True ; 1 20 30 113 128 164 174 307 389 502 507 531 549 636 638 727 868 879 890 906  ; 7 1 12 5 15 5 11 8 6 6 8 8 6 10 7 6 6 5 10 3 
761.2 ; 1.378e-10 ; True ; 1 20 30 113 128 164 219 307 389 396 431 502 507 549 636 638 727 879 890 906  ; 7 1 11 5 15 5 11 8 6 6 7 8 5 10 8 8 7 5 10 3 
791.5 ; 1.421e-10 ; True ; 1 20 30 56 113 128 164 174 307 389 396 431 502 507 549 636 638 727 879 890 906  ; 7 1 12 4 17 5 12 9 6 6 7 8 6 11 7 8 7 5 11 3 
794 ; 1.552e-10 ; True ; 1 20 30 113 164 174 307 330 389 431 486 502 507 549 636 638 727 778 879 890 906  ; 9 1 12 5 16 4 12 8 6 7 7 8 6 11 6 8 6 6 10 3 
797 ; 1.794e-10 ; True ; 1 20 30 113 128 145 164 174 307 389 396 457 502 507 549 636 638 727 879 890 906  ; 6 1 12 5 15 6 12 8 7 6 7 8 6 10 8 7 6 6 10 3 
825 ; 1.809e-10 ; True ; 1 20 30 113 128 174 219 307 330 389 431 502 507 549 636 638 727 774 879 890 906  ; 7 1 11 6 14 6 11 7 7 7 8 9 6 9 9 7 6 6 9 2 
834.8 ; 1.837e-10 ; True ; 1 20 30 113 128 164 174 219 307 389 431 502 507 549 636 638 727 770 774 890 906  ; 7 1 11 6 16 5 11 9 6 7 7 8 6 10 8 7 6 5 10 3 
836.8 ; 1.845e-10 ; True ; 1 20 25 30 113 164 219 330 389 431 486 502 507 549 636 638 727 774 879 890 906  ; 8 1 12 8 15 6 11 7 6 9 7 8 5 11 8 6 6 6 11 2 
838.3 ; 1.978e-10 ; True ; 1 20 30 113 128 164 174 219 307 389 502 507 531 549 636 638 727 770 879 890 906  ; 7 1 11 6 16 5 11 9 6 7 8 8 6 11 8 6 6 5 11 3 
841.7 ; 2.02e-10 ; True ; 1 20 30 113 128 164 174 219 389 396 431 502 507 549 594 636 727 770 879 890 906  ; 8 1 12 6 16 6 11 10 6 8 8 7 6 11 9 6 7 5 11 2 
858.6 ; 2.045e-10 ; True ; 1 20 30 113 128 164 174 219 307 389 486 502 507 549 636 638 727 868 879 890 906  ; 8 1 13 7 15 6 11 7 6 7 8 8 6 11 8 6 5 5 11 3 
866.4 ; 2.46e-10 ; True ; 1 20 30 113 128 164 174 307 330 389 431 502 507 531 549 614 636 638 727 879 890 906  ; 9 1 12 4 17 4 12 9 7 6 8 9 7 11 7 7 8 6 11 3 
908.5 ; 2.725e-10 ; True ; 1 20 25 30 113 128 164 219 241 330 389 431 502 507 549 636 638 727 774 879 890 906  ; 7 1 12 7 16 6 12 8 8 8 8 10 5 10 9 6 6 7 10 2 
916.6 ; 2.916e-10 ; True ; 1 20 30 113 128 164 174 219 330 389 431 502 507 549 636 638 727 770 774 879 890 906  ; 8 1 12 7 16 6 11 9 7 8 8 9 6 11 9 6 6 6 11 2 
927.4 ; 2.982e-10 ; True ; 1 20 30 113 128 164 174 219 307 389 431 457 502 507 508 549 636 638 727 879 890 906  ; 7 1 11 6 15 7 11 8 7 7 8 9 6 10 9 7 6 5 10 3 
929 ; 3.436e-10 ; True ; 1 20 30 113 128 145 164 174 307 330 389 431 486 502 507 549 636 638 727 788 879 890 906  ; 9 1 14 5 17 5 12 9 7 7 9 9 6 12 7 7 6 7 11 3 
994.6 ; 3.79e-10 ; True ; 1 20 30 113 157 164 174 307 330 389 431 486 502 507 549 614 636 697 727 770 879 890 906  ; 9 1 12 6 17 6 13 9 7 8 6 8 8 11 6 6 7 7 11 3 
998.5 ; 3.816e-10 ; True ; 1 20 30 113 128 164 174 240 307 330 389 431 502 507 549 636 638 727 774 868 879 890 906  ; 8 1 13 6 16 6 12 8 7 7 8 10 6 10 8 7 6 7 10 3 
1002 ; 4.436e-10 ; True ; 1 20 30 113 128 164 174 219 307 389 431 486 502 507 549 636 638 727 774 778 879 890 906  ; 9 1 12 7 17 6 11 9 6 8 9 8 6 12 9 8 6 5 11 3 
1070 ; 5.603e-10 ; True ; 1 20 30 113 128 164 174 219 307 389 396 431 486 502 507 549 636 638 727 770 800 879 890 906  ; 9 1 13 7 18 6 12 10 7 8 8 8 6 13 8 8 7 5 13 3 
1113 ; 5.826e-10 ; True ; 1 20 30 113 128 164 174 219 307 389 431 486 502 507 549 614 636 638 727 788 868 879 890 906  ; 11 1 14 7 18 6 11 9 6 7 10 8 7 14 8 7 7 5 13 3 
1123 ; 6.043e-10 ; True ; 1 20 30 113 128 164 174 219 307 389 431 486 502 507 549 636 638 727 770 778 868 879 890 906  ; 10 1 13 8 18 6 11 10 6 8 10 8 6 14 8 8 6 5 13 3 
1211 ; 6.088e-10 ; True ; 20 30 113 157 164 174 307 389 415 431 486 502 549 554 636 638 679 687 727 770 856 868 879 890 906  ; 10 1 13 7 17 6 12 11 7 8 8 9 6 10 7 8 7 6 12 3 
1219 ; 6.237e-10 ; True ; 1 20 30 113 128 164 174 181 219 307 389 431 457 502 507 549 614 636 638 727 788 868 879 890 906  ; 10 1 13 7 18 7 11 9 7 6 10 8 7 13 9 7 7 5 12 3 
1228 ; 7.494e-10 ; True ; 1 20 30 69 113 157 164 174 219 307 330 389 486 502 507 549 636 638 697 727 770 778 879 890 906  ; 9 1 12 8 17 7 13 9 7 8 7 10 8 12 8 7 5 8 11 3 
1311 ; 7.786e-10 ; True ; 20 30 113 157 164 174 307 389 415 431 486 502 549 554 636 638 679 687 727 770 833 856 868 879 890 906  ; 11 1 14 7 18 6 12 11 8 8 8 9 6 10 7 8 8 6 12 3 
1346 ; 8.35e-10 ; True ; 1 20 30 69 113 157 164 174 219 307 330 389 463 486 502 507 549 636 638 697 727 770 778 879 890 906  ; 9 1 12 8 17 8 13 9 7 8 7 11 8 12 8 7 5 8 11 3 
1353 ; 8.473e-10 ; True ; 1 20 30 69 113 157 164 174 212 219 307 330 389 486 502 507 549 636 638 697 727 770 778 879 890 906  ; 9 1 12 8 17 8 13 9 7 8 7 10 8 12 9 7 5 8 11 3 
1406 ; 8.618e-10 ; True ; 20 30 113 145 157 164 172 174 330 389 415 431 486 502 539 549 636 638 679 687 727 770 833 856 868 879 890  ; 12 1 15 7 18 7 11 12 8 8 9 9 7 13 6 7 9 7 14 2 
1458 ; 1e-09 ; True ; 20 25 113 145 157 164 172 174 219 307 330 389 431 486 502 539 549 577 636 687 694 727 770 837 868 879 890  ; 11 1 14 7 18 7 13 13 8 7 8 8 7 13 7 6 9 7 14 3 
1593 ; 1.045e-09 ; True ; 20 30 56 113 145 157 164 172 174 330 389 415 431 486 502 539 549 636 638 679 687 727 770 812 833 856 868 879 890  ; 12 1 16 7 19 8 11 12 8 8 9 9 7 14 6 8 9 7 16 2 


RUN 2:
Optimum Distance: 33.53
Optimal Team: 174,307,389,727,906,
Required Skills: 0 1 2 4 5 7 9 10 11 12 13 14 15 16 18 20 22 23 24 26 
Distance; Skill Score; isValid; Team; Skill Counts
35.78 ; 1.085e-20 ; True ; 128 164 389 890 906  ; 2 1 4 1 3 1 2 3 1 2 1 1 1 1 1 1 1 1 2 1 
37.16 ; 1.304e-20 ; True ; 20 30 128 389 906  ; 1 1 4 1 3 1 2 1 2 3 2 2 1 1 1 1 1 1 1 1 
38.53 ; 7.001e-20 ; True ; 1 164 389 507 727  ; 2 1 4 1 4 1 3 1 1 2 1 2 1 3 2 1 1 1 3 1 
39.2 ; 9.517e-20 ; True ; 30 164 389 502 906  ; 2 1 4 1 3 1 3 2 1 3 1 2 1 2 1 2 1 1 2 1 
40.36 ; 1.165e-19 ; True ; 1 30 113 164 389  ; 2 1 5 1 4 1 2 2 1 4 2 1 1 3 1 1 1 1 3 1 
41.03 ; 1.789e-19 ; True ; 164 389 502 727 879  ; 2 1 4 1 3 1 3 2 2 2 1 2 1 2 3 1 1 1 2 1 
44.99 ; 5.716e-19 ; True ; 30 100 164 389 594 890  ; 3 1 4 1 4 1 4 3 1 3 1 1 1 2 2 2 2 1 3 1 
48.86 ; 6.08e-19 ; True ; 30 128 164 174 389 906  ; 3 1 5 1 4 1 3 3 1 3 3 2 1 3 1 1 1 1 3 1 
50.3 ; 6.365e-19 ; True ; 20 30 128 174 389 906  ; 2 1 5 1 4 1 3 2 2 3 3 2 2 2 1 1 1 1 2 1 
50.86 ; 2.198e-18 ; True ; 30 164 389 549 594 890  ; 3 1 4 1 4 1 4 3 1 3 1 2 1 3 2 2 3 1 3 1 
54.05 ; 2.221e-18 ; True ; 30 164 389 549 890 906  ; 3 1 4 1 4 1 4 3 1 3 1 2 1 3 1 2 3 2 3 1 
54.75 ; 4.858e-18 ; True ; 164 389 502 507 727 879  ; 2 1 4 1 4 2 4 2 2 2 2 3 1 3 4 2 1 1 3 1 
57.91 ; 6.507e-18 ; True ; 30 164 389 549 879 890  ; 3 1 4 1 4 1 4 3 1 3 2 2 1 4 2 2 3 1 4 1 
61.05 ; 6.629e-18 ; True ; 1 30 113 164 389 549  ; 2 1 5 1 5 1 3 3 2 4 2 2 1 4 2 1 2 2 3 1 
62.54 ; 1.032e-17 ; True ; 30 164 389 502 549 879  ; 2 1 4 1 4 1 4 3 2 3 2 3 1 4 3 2 2 1 3 1 
65.76 ; 1.067e-17 ; True ; 30 113 164 219 389 502  ; 3 1 5 1 4 2 3 3 2 3 3 2 1 3 3 2 1 1 3 1 
67.09 ; 1.27e-17 ; True ; 30 164 389 549 594 856 890  ; 4 1 5 1 4 1 4 4 1 3 2 2 1 3 2 3 3 1 4 1 
69.24 ; 1.29e-17 ; True ; 30 164 215 389 549 594 890  ; 4 1 5 1 5 1 4 4 1 3 2 2 1 4 2 3 3 1 3 1 
69.39 ; 1.818e-17 ; True ; 30 164 389 431 549 594 890  ; 4 1 4 1 5 1 4 4 1 3 2 2 1 4 2 3 4 1 4 1 
71.61 ; 1.956e-17 ; True ; 30 164 174 389 594 727 890  ; 5 1 6 1 5 1 5 3 1 3 2 2 2 3 2 2 3 1 4 1 
72.8 ; 1.977e-17 ; True ; 30 164 174 389 727 890 906  ; 5 1 6 1 5 1 5 3 1 3 2 2 2 3 1 2 3 2 4 1 
73.19 ; 2.408e-17 ; True ; 30 164 174 389 549 594 890  ; 4 1 5 1 5 1 5 4 1 3 2 2 2 4 2 2 3 1 4 1 
73.52 ; 3.012e-17 ; True ; 30 100 164 389 507 879 890  ; 3 1 4 1 5 2 5 3 1 3 3 2 1 4 3 3 2 1 5 1 
73.52 ; 3.712e-17 ; True ; 30 164 389 507 549 594 890  ; 3 1 4 1 5 2 5 3 1 3 2 3 1 4 3 3 3 1 4 1 
76.33 ; 4.621e-17 ; True ; 164 219 389 502 507 727 879  ; 3 1 4 2 4 3 4 2 2 2 3 3 1 4 5 2 1 1 4 1 
76.72 ; 4.994e-17 ; True ; 30 164 389 507 549 890 906  ; 3 1 4 1 5 2 5 3 1 3 2 3 1 4 2 3 3 2 4 1 
77.28 ; 5.022e-17 ; True ; 164 174 389 502 507 727 879  ; 3 1 5 1 5 2 5 3 2 2 3 3 2 4 4 2 1 1 4 1 
77.59 ; 7.28e-17 ; True ; 30 164 389 507 549 879 890  ; 3 1 4 1 5 2 5 3 1 3 3 3 1 5 3 3 3 1 5 1 
80.13 ; 9.252e-17 ; True ; 30 164 389 502 507 727 879  ; 3 1 5 1 5 2 5 2 2 3 3 4 1 4 4 3 2 1 4 1 
80.14 ; 9.728e-17 ; True ; 30 164 389 502 507 549 879  ; 2 1 4 1 5 2 5 3 2 3 3 4 1 5 4 3 2 1 4 1 
83.81 ; 1.01e-16 ; True ; 1 30 113 164 389 507 727  ; 3 1 6 1 6 2 4 2 2 4 3 3 1 4 3 2 2 2 4 1 
84.09 ; 1.09e-16 ; True ; 30 164 389 502 549 879 890  ; 3 1 5 1 5 1 5 4 2 3 2 3 2 4 3 3 3 1 4 1 
85.76 ; 1.102e-16 ; True ; 1 30 113 164 389 507 549  ; 2 1 5 1 6 2 4 3 2 4 3 3 1 5 3 2 2 2 4 1 
87.27 ; 1.45e-16 ; True ; 30 113 164 389 502 879 890  ; 3 1 6 1 5 2 4 4 2 4 3 2 2 3 3 3 2 1 4 1 
87.58 ; 1.637e-16 ; True ; 30 113 164 389 549 879 890  ; 3 1 5 1 5 2 4 4 2 4 3 2 1 4 3 2 3 2 4 1 
90.29 ; 1.676e-16 ; True ; 30 113 164 389 502 727 879  ; 3 1 6 1 5 2 4 3 3 4 3 3 1 3 4 2 2 2 3 1 
91.28 ; 1.733e-16 ; True ; 30 113 164 389 502 549 879  ; 2 1 5 1 5 2 4 4 3 4 3 3 1 4 4 2 2 2 3 1 
92.61 ; 1.98e-16 ; True ; 30 128 164 174 389 727 890 906  ; 5 1 7 1 6 1 5 4 2 3 3 3 2 3 2 2 3 2 4 1 
94.54 ; 2.209e-16 ; True ; 1 30 128 164 389 727 890 906  ; 4 1 7 2 6 1 4 3 2 4 2 3 2 3 2 2 3 2 4 1 
96.16 ; 2.346e-16 ; True ; 30 128 164 174 389 549 890 906  ; 4 1 6 1 6 1 5 5 2 3 3 3 2 4 2 2 3 2 4 1 
96.22 ; 2.377e-16 ; True ; 30 128 164 174 389 507 727 906  ; 4 1 6 1 6 2 5 3 2 3 4 4 1 4 3 2 2 2 4 1 
97.13 ; 2.694e-16 ; True ; 30 164 389 396 507 549 879 890  ; 4 1 5 1 6 2 6 4 1 3 3 3 1 6 3 4 4 1 6 1 
99.17 ; 2.733e-16 ; True ; 1 30 113 164 389 636 638 727  ; 3 1 6 2 7 1 4 2 2 4 2 4 2 4 2 2 3 3 4 1 
99.25 ; 2.769e-16 ; True ; 1 30 145 164 389 549 727 890  ; 4 1 6 1 6 1 5 3 2 3 2 3 2 5 2 2 4 3 5 1 
99.37 ; 3.666e-16 ; True ; 1 30 113 164 174 389 638 727  ; 4 1 7 2 7 1 4 3 2 4 3 3 2 5 2 2 2 2 5 1 
100.3 ; 3.748e-16 ; True ; 20 30 389 396 507 549 890 906  ; 3 1 5 1 6 2 6 3 2 3 2 3 2 4 2 4 4 2 4 1 
101.3 ; 3.778e-16 ; True ; 1 30 164 389 507 549 890 906  ; 3 1 5 2 6 2 5 3 1 4 2 3 2 5 2 3 3 2 5 1 
102.1 ; 4.42e-16 ; True ; 30 100 164 389 507 549 879 890  ; 3 1 4 1 6 2 6 4 2 3 3 3 1 5 4 3 3 2 5 1 
102.2 ; 4.478e-16 ; True ; 1 30 113 164 389 638 727 890  ; 4 1 7 2 7 1 4 3 2 4 2 3 2 4 2 3 3 2 5 1 
103.3 ; 5.2e-16 ; True ; 1 30 164 389 507 549 727 890  ; 4 1 6 1 7 1 6 3 2 3 2 4 2 5 3 3 4 2 5 1 
103.9 ; 5.389e-16 ; True ; 30 164 174 389 502 507 727 906  ; 4 1 6 1 6 2 6 3 2 3 3 4 2 4 3 3 2 2 4 1 
105.3 ; 5.766e-16 ; True ; 1 30 113 164 389 549 890 906  ; 3 1 6 2 6 2 4 4 2 5 2 2 2 4 2 2 3 3 4 1 
105.6 ; 6.218e-16 ; True ; 30 164 174 389 502 507 727 879  ; 4 1 6 1 6 2 6 3 2 3 4 4 2 5 4 3 2 1 5 1 
105.6 ; 8.276e-16 ; True ; 30 164 389 502 507 549 879 890  ; 3 1 5 1 6 2 6 4 2 3 3 4 2 5 4 4 3 1 5 1 
109.3 ; 9.372e-16 ; True ; 1 30 113 164 389 507 727 890  ; 4 1 7 1 7 2 5 3 2 4 3 3 2 4 3 3 3 2 5 1 
110.2 ; 1.045e-15 ; True ; 1 30 113 164 389 507 549 890  ; 3 1 6 1 7 2 5 4 2 4 3 3 2 5 3 3 3 2 5 1 
112.2 ; 1.083e-15 ; True ; 30 113 164 389 507 549 879 890  ; 3 1 5 1 6 3 5 4 2 4 4 3 1 5 4 3 3 2 5 1 
115.1 ; 1.12e-15 ; True ; 1 30 113 164 389 549 879 890  ; 3 1 6 2 6 2 4 4 2 5 3 2 2 5 3 2 3 2 5 1 
115.4 ; 1.157e-15 ; True ; 30 164 219 389 502 549 879 890  ; 4 1 5 2 5 2 5 4 2 3 3 3 2 5 4 3 3 1 5 1 
118.7 ; 1.205e-15 ; True ; 1 20 30 128 389 396 549 890 906  ; 3 1 7 2 7 1 5 4 3 4 2 3 3 4 2 3 4 2 4 1 
118.7 ; 1.647e-15 ; True ; 30 113 164 389 502 549 879 890  ; 3 1 6 1 6 2 5 5 3 4 3 3 2 4 4 3 3 2 4 1 
121.2 ; 1.688e-15 ; True ; 1 30 128 164 174 389 507 727 906  ; 4 1 7 2 7 2 5 3 2 4 4 4 2 5 3 2 2 2 5 1 
123.1 ; 1.791e-15 ; True ; 30 128 164 174 389 507 727 890 906  ; 5 1 7 1 7 2 6 4 2 3 4 4 2 4 3 3 3 2 5 1 
124 ; 1.908e-15 ; True ; 1 20 30 389 431 549 727 890 906  ; 4 1 6 2 7 1 5 3 3 4 2 3 3 4 2 3 5 3 4 1 
124.9 ; 2.045e-15 ; True ; 1 20 30 389 396 507 549 890 906  ; 3 1 6 2 7 2 6 3 2 4 2 3 3 5 2 4 4 2 5 1 
125 ; 2.145e-15 ; True ; 1 20 30 113 145 389 638 727 890  ; 3 1 7 2 7 2 4 2 3 4 3 3 3 4 2 3 3 3 5 1 
125.9 ; 2.193e-15 ; True ; 1 30 113 145 164 389 638 727 890  ; 4 1 7 2 7 2 4 3 2 4 3 3 2 5 2 3 3 3 6 1 
126.1 ; 2.318e-15 ; True ; 1 30 128 164 389 507 727 890 906  ; 4 1 7 2 7 2 5 3 2 4 3 4 2 4 3 3 3 2 5 1 
128.8 ; 2.585e-15 ; True ; 1 30 128 164 389 507 549 890 906  ; 3 1 6 2 7 2 5 4 2 4 3 4 2 5 3 3 3 2 5 1 
128.8 ; 2.617e-15 ; True ; 30 113 164 174 389 638 727 890 906  ; 5 1 7 2 7 2 5 4 2 4 3 3 2 4 2 3 3 3 5 1 
128.8 ; 2.651e-15 ; True ; 1 20 30 113 389 396 549 890 906  ; 3 1 7 2 7 2 5 4 3 5 2 2 3 4 2 3 4 3 4 1 
129.8 ; 2.762e-15 ; True ; 20 30 113 174 389 638 727 890 906  ; 4 1 7 2 7 2 5 3 3 4 3 3 3 3 2 3 3 3 4 1 
129.9 ; 3.003e-15 ; True ; 1 30 164 174 389 507 549 727 906  ; 4 1 6 2 7 2 6 3 2 4 3 4 2 6 3 2 3 3 5 1 
130 ; 3.39e-15 ; True ; 1 30 164 389 507 549 727 890 906  ; 4 1 6 2 7 2 6 3 2 4 2 4 2 5 3 3 4 3 5 1 
133.9 ; 3.909e-15 ; True ; 1 30 113 164 389 549 727 890 906  ; 4 1 7 2 7 2 5 4 3 5 2 3 2 4 3 2 4 4 4 1 
135.3 ; 4.062e-15 ; True ; 30 164 174 389 502 507 727 879 906  ; 4 1 6 2 6 3 6 3 2 4 4 4 2 5 4 3 2 2 5 1 
136 ; 4.311e-15 ; True ; 1 30 113 164 389 507 727 890 906  ; 4 1 7 2 7 3 5 3 2 5 3 3 2 4 3 3 3 3 5 1 
137.2 ; 5.406e-15 ; True ; 30 164 389 502 507 549 879 890 906  ; 3 1 5 2 6 3 6 4 2 4 3 4 2 5 4 4 3 2 5 1 
137.7 ; 5.426e-15 ; True ; 1 30 164 389 507 549 727 879 890  ; 4 1 6 2 7 2 6 3 2 4 3 4 2 6 4 3 4 2 6 1 
140.9 ; 6.108e-15 ; True ; 1 30 113 164 389 507 549 727 890  ; 4 1 7 1 8 2 6 4 3 4 3 4 2 5 4 3 4 3 5 1 
143.8 ; 6.377e-15 ; True ; 1 30 113 164 389 507 727 879 890  ; 4 1 7 2 7 3 5 3 2 5 4 3 2 5 4 3 3 2 6 1 
144.7 ; 6.843e-15 ; True ; 1 30 113 164 389 507 549 879 890  ; 3 1 6 2 7 3 5 4 2 5 4 3 2 6 4 3 3 2 6 1 
145.2 ; 7.477e-15 ; True ; 30 113 164 389 502 507 727 879 890  ; 4 1 7 1 7 3 6 4 3 4 4 4 2 4 5 4 3 2 5 1 
145.2 ; 7.833e-15 ; True ; 30 113 164 389 502 507 549 879 890  ; 3 1 6 1 7 3 6 5 3 4 4 4 2 5 5 4 3 2 5 1 
151 ; 9.022e-15 ; True ; 1 30 128 164 174 389 507 727 890 906  ; 5 1 8 2 8 2 6 4 2 4 4 4 3 5 3 3 3 2 6 1 
152.6 ; 9.135e-15 ; True ; 1 20 30 113 145 174 389 638 727 890  ; 4 1 8 2 8 2 5 3 3 4 4 3 4 5 2 3 3 3 6 1 
152.6 ; 9.358e-15 ; True ; 1 20 30 128 174 389 507 727 890 906  ; 4 1 8 2 8 2 6 3 3 4 4 4 4 4 3 3 3 2 5 1 
153.6 ; 9.621e-15 ; True ; 1 20 30 113 174 389 638 727 890 906  ; 4 1 8 3 8 2 5 3 3 5 3 3 4 4 2 3 3 3 5 1 
154.8 ; 9.846e-15 ; True ; 1 20 30 113 128 174 389 727 890 906  ; 4 1 9 2 8 2 5 4 4 5 4 3 4 3 3 2 3 3 4 1 
155 ; 1.098e-14 ; True ; 30 113 164 219 389 502 549 879 890  ; 4 1 6 2 6 3 5 5 3 4 4 3 2 5 5 3 3 2 5 1 
156.1 ; 1.109e-14 ; True ; 1 30 113 128 164 174 389 727 890 906  ; 5 1 9 2 8 2 5 5 3 5 4 3 3 4 3 2 3 3 5 1 
157.4 ; 1.195e-14 ; True ; 1 20 30 113 174 389 549 638 727 906  ; 3 1 7 3 8 2 5 3 4 5 3 4 3 5 3 2 3 4 4 1 
157.5 ; 1.235e-14 ; True ; 1 20 30 389 396 507 549 727 890 906  ; 4 1 7 2 8 2 7 3 3 4 2 4 3 5 3 4 5 3 5 1 
158.7 ; 1.258e-14 ; True ; 1 30 113 174 307 389 549 727 890 906  ; 4 1 7 2 7 2 6 4 3 5 3 3 3 4 3 3 4 4 4 1 
159.3 ; 1.424e-14 ; True ; 1 30 164 174 389 507 549 727 890 906  ; 5 1 7 2 8 2 7 4 2 4 3 4 3 6 3 3 4 3 6 1 
159.4 ; 1.44e-14 ; True ; 1 20 30 113 145 389 549 638 727 890  ; 3 1 7 2 8 2 5 3 4 4 3 4 3 5 3 3 4 4 5 1 
160.5 ; 1.535e-14 ; True ; 1 20 30 174 389 507 549 727 890 906  ; 4 1 7 2 8 2 7 3 3 4 3 4 4 5 3 3 4 3 5 1 
162.5 ; 1.622e-14 ; True ; 1 20 30 389 431 507 549 727 890 906  ; 4 1 6 2 8 2 6 3 3 4 3 4 3 5 3 4 5 3 5 1 
164.3 ; 1.67e-14 ; True ; 1 30 113 164 174 389 549 727 890 906  ; 5 1 8 2 8 2 6 5 3 5 3 3 3 5 3 2 4 4 5 1 
165 ; 1.714e-14 ; True ; 1 20 25 30 389 507 549 727 890 906  ; 3 1 7 3 8 2 7 3 3 5 3 4 3 5 3 3 4 3 5 1 
165.4 ; 1.869e-14 ; True ; 1 20 30 113 389 431 549 727 890 906  ; 4 1 7 2 8 2 5 4 4 5 3 3 3 4 3 3 5 4 4 1 
167.3 ; 1.905e-14 ; True ; 1 20 30 113 389 396 507 549 890 906  ; 3 1 7 2 8 3 6 4 3 5 3 3 3 5 3 4 4 3 5 1 
168.3 ; 1.918e-14 ; True ; 1 30 113 164 174 389 507 549 638 727  ; 4 1 7 2 9 2 6 4 3 4 4 5 2 7 4 3 3 3 6 1 
168.6 ; 1.929e-14 ; True ; 30 164 174 389 502 507 727 879 890 906  ; 5 1 7 2 7 3 7 4 2 4 4 4 3 5 4 4 3 2 6 1 
169.1 ; 2.017e-14 ; True ; 30 164 174 389 507 549 727 879 890 906  ; 5 1 6 2 7 3 7 4 2 4 4 4 2 6 4 3 4 3 6 1 
169.3 ; 2.224e-14 ; True ; 1 30 113 164 389 507 549 638 727 890  ; 4 1 7 2 9 2 6 4 3 4 3 5 2 6 4 4 4 3 6 1 
170.5 ; 2.5e-14 ; True ; 1 30 113 164 389 507 549 727 890 906  ; 4 1 7 2 8 3 6 4 3 5 3 4 2 5 4 3 4 4 5 1 
174.6 ; 2.8e-14 ; True ; 30 164 389 502 507 549 727 879 890 906  ; 4 1 6 2 7 3 7 4 3 4 3 5 2 5 5 4 4 3 5 1 
176 ; 2.961e-14 ; True ; 1 25 30 113 164 389 507 549 727 890  ; 4 1 8 2 9 2 7 5 3 5 4 4 2 6 4 3 4 3 6 1 
178 ; 3.2e-14 ; True ; 1 20 25 30 113 389 507 549 727 890  ; 3 1 8 2 9 2 7 4 4 5 4 4 3 5 4 3 4 3 5 1 
179.7 ; 3.213e-14 ; True ; 30 113 164 389 502 507 549 879 890 906  ; 3 1 6 2 7 4 6 5 3 5 4 4 2 5 5 4 3 3 5 1 
180.3 ; 3.754e-14 ; True ; 1 30 113 164 389 507 549 727 879 890  ; 4 1 7 2 8 3 6 4 3 5 4 4 2 6 5 3 4 3 6 1 
183.5 ; 3.887e-14 ; True ; 30 113 164 219 389 502 507 549 879 890  ; 4 1 6 2 7 4 6 5 3 4 5 4 2 6 6 4 3 2 6 1 
186 ; 3.953e-14 ; True ; 1 30 113 174 307 389 549 638 727 890 906  ; 4 1 7 3 8 2 6 4 3 5 3 4 3 5 3 4 4 4 5 1 
188.8 ; 4.149e-14 ; True ; 1 20 30 113 145 389 549 638 727 890 906  ; 3 1 7 3 8 3 5 3 4 5 3 4 3 5 3 3 4 5 5 1 
189.7 ; 4.257e-14 ; True ; 1 20 30 113 174 389 549 577 638 727 906  ; 4 1 8 3 9 2 6 4 4 5 3 4 3 5 3 3 4 4 5 1 
189.8 ; 4.478e-14 ; True ; 1 20 30 174 389 396 507 549 727 890 906  ; 5 1 8 2 9 2 8 4 3 4 3 4 4 6 3 4 5 3 6 1 
190.2 ; 4.891e-14 ; True ; 1 30 128 164 174 389 507 549 727 890 906  ; 5 1 8 2 9 2 7 5 3 4 4 5 3 6 4 3 4 3 6 1 
191.8 ; 4.991e-14 ; True ; 1 20 30 128 174 389 507 549 727 890 906  ; 4 1 8 2 9 2 7 4 4 4 4 5 4 5 4 3 4 3 5 1 
191.9 ; 5.572e-14 ; True ; 1 20 30 113 174 389 549 638 727 890 906  ; 4 1 8 3 9 2 6 4 4 5 3 4 4 5 3 3 4 4 5 1 
195.7 ; 5.873e-14 ; True ; 1 20 30 113 389 431 549 638 727 890 906  ; 4 1 7 3 9 2 5 4 4 5 3 4 3 5 3 4 5 4 5 1 
198.1 ; 5.981e-14 ; True ; 1 20 25 30 113 389 396 549 727 890 906  ; 4 1 9 3 9 2 7 5 4 6 3 3 3 5 3 3 5 4 5 1 
198.8 ; 6.308e-14 ; True ; 1 20 30 113 174 389 431 549 727 890 906  ; 5 1 8 2 9 2 6 5 4 5 4 3 4 5 3 3 5 4 5 1 
201 ; 6.687e-14 ; True ; 20 25 30 113 174 389 549 638 727 890 906  ; 4 1 8 3 9 2 7 5 4 5 4 4 3 5 3 3 4 4 5 1 
201.8 ; 6.828e-14 ; True ; 1 30 113 164 389 507 549 638 727 890 906  ; 4 1 7 3 9 3 6 4 3 5 3 5 2 6 4 4 4 4 6 1 
202.2 ; 7.187e-14 ; True ; 1 20 25 30 113 389 431 549 727 890 906  ; 4 1 8 3 9 2 6 5 4 6 4 3 3 5 3 3 5 4 5 1 
202.7 ; 7.283e-14 ; True ; 1 30 113 164 174 389 507 549 638 727 890  ; 5 1 8 2 10 2 7 5 3 4 4 5 3 7 4 4 4 3 7 1 
203.9 ; 7.964e-14 ; True ; 1 20 30 113 389 396 507 549 727 890 906  ; 4 1 8 2 9 3 7 4 4 5 3 4 3 5 4 4 5 4 5 1 
204.8 ; 8.623e-14 ; True ; 1 30 113 164 174 389 507 549 727 890 906  ; 5 1 8 2 9 3 7 5 3 5 4 4 3 6 4 3 4 4 6 1 
206 ; 8.799e-14 ; True ; 1 20 30 113 174 389 507 549 727 890 906  ; 4 1 8 2 9 3 7 4 4 5 4 4 4 5 4 3 4 4 5 1 
208.9 ; 9.455e-14 ; True ; 1 20 30 113 389 431 507 549 727 890 906  ; 4 1 7 2 9 3 6 4 4 5 4 4 3 5 4 4 5 4 5 1 
210.8 ; 9.701e-14 ; True ; 30 164 174 389 502 507 549 727 879 890 906  ; 5 1 7 2 8 3 8 5 3 4 4 5 3 6 5 4 4 3 6 1 
212.1 ; 9.708e-14 ; True ; 1 30 164 389 502 507 549 727 879 890 906  ; 4 1 7 3 8 3 7 4 3 5 3 5 3 6 5 4 4 3 6 1 
212.5 ; 9.894e-14 ; True ; 1 30 113 164 389 396 507 549 727 879 890  ; 5 1 8 2 9 3 7 5 3 5 4 4 2 7 5 4 5 3 7 1 
214.2 ; 1.05e-13 ; True ; 1 20 25 30 113 389 431 507 549 727 890  ; 4 1 8 2 10 2 7 5 4 5 5 4 3 6 4 4 5 3 6 1 
215.3 ; 1.065e-13 ; True ; 1 30 113 164 389 502 507 549 727 890 906  ; 4 1 8 2 9 3 7 5 4 5 3 5 3 5 5 4 4 4 5 1 
216.5 ; 1.153e-13 ; True ; 1 30 113 164 174 389 507 549 727 879 890  ; 5 1 8 2 9 3 7 5 3 5 5 4 3 7 5 3 4 3 7 1 
218.6 ; 1.196e-13 ; True ; 1 20 30 113 389 396 507 549 727 879 890  ; 4 1 8 2 9 3 7 4 4 5 4 4 3 6 5 4 5 3 6 1 
219.7 ; 1.208e-13 ; True ; 1 30 113 128 174 307 389 549 638 727 890 906  ; 4 1 8 3 9 2 6 5 4 5 4 5 3 5 4 4 4 4 5 1 
221.1 ; 1.234e-13 ; True ; 30 113 164 389 502 507 549 727 879 890 906  ; 4 1 7 2 8 4 7 5 4 5 4 5 2 5 6 4 4 4 5 1 
222.2 ; 1.267e-13 ; True ; 1 20 30 113 128 174 389 431 638 727 890 906  ; 5 1 9 3 10 2 5 5 4 5 5 4 4 5 3 4 4 3 6 1 
223.7 ; 1.331e-13 ; True ; 1 20 30 113 389 431 507 549 727 879 890  ; 4 1 7 2 9 3 6 4 4 5 5 4 3 6 5 4 5 3 6 1 
224 ; 1.537e-13 ; True ; 1 30 113 164 389 502 507 549 727 879 890  ; 4 1 8 2 9 3 7 5 4 5 4 5 3 6 6 4 4 3 6 1 
226.5 ; 1.577e-13 ; True ; 1 20 30 113 128 174 389 549 638 727 890 906  ; 4 1 9 3 10 2 6 5 5 5 4 5 4 5 4 3 4 4 5 1 
228 ; 1.585e-13 ; True ; 1 30 113 128 164 174 389 549 638 727 890 906  ; 5 1 9 3 10 2 6 6 4 5 4 5 3 6 4 3 4 4 6 1 
230.5 ; 1.71e-13 ; True ; 1 20 25 30 113 174 389 549 638 727 890 906  ; 4 1 9 4 10 2 7 5 4 6 4 4 4 6 3 3 4 4 6 1 
231.1 ; 1.836e-13 ; True ; 1 20 30 113 174 389 431 549 638 727 890 906  ; 5 1 8 3 10 2 6 5 4 5 4 4 4 6 3 4 5 4 6 1 
234.4 ; 1.859e-13 ; True ; 1 20 25 30 113 389 431 549 638 727 890 906  ; 4 1 8 4 10 2 6 5 4 6 4 4 3 6 3 4 5 4 6 1 
236.5 ; 1.867e-13 ; True ; 1 20 30 113 157 389 431 549 638 727 890 906  ; 4 1 7 3 10 3 6 5 5 5 3 5 4 5 3 4 5 4 5 1 
238 ; 2e-13 ; True ; 1 20 30 113 174 389 396 507 549 638 727 906  ; 4 1 8 3 10 3 7 4 4 5 4 5 3 7 4 4 4 4 6 1 
238 ; 2.041e-13 ; True ; 1 20 30 113 389 396 507 549 638 727 890 906  ; 4 1 8 3 10 3 7 4 4 5 3 5 3 6 4 5 5 4 6 1 
238.1 ; 2.236e-13 ; True ; 1 30 113 164 174 389 507 549 638 727 890 906  ; 5 1 8 3 10 3 7 5 3 5 4 5 3 7 4 4 4 4 7 1 
239.2 ; 2.403e-13 ; True ; 1 20 30 113 174 389 507 549 638 727 890 906  ; 4 1 8 3 10 3 7 4 4 5 4 5 4 6 4 4 4 4 6 1 
243.1 ; 2.424e-13 ; True ; 1 20 30 113 389 431 507 549 638 727 890 906  ; 4 1 7 3 10 3 6 4 4 5 4 5 3 6 4 5 5 4 6 1 
245.5 ; 2.714e-13 ; True ; 1 20 25 30 113 389 396 507 549 727 890 906  ; 4 1 9 3 10 3 8 5 4 6 4 4 3 6 4 4 5 4 6 1 
246.2 ; 2.718e-13 ; True ; 1 20 30 113 174 389 431 507 549 727 890 906  ; 5 1 8 2 10 3 7 5 4 5 5 4 4 6 4 4 5 4 6 1 
247.6 ; 2.813e-13 ; True ; 1 20 25 30 113 174 389 507 549 727 890 906  ; 4 1 9 3 10 3 8 5 4 6 5 4 4 6 4 3 4 4 6 1 
250.6 ; 3.097e-13 ; True ; 1 20 25 30 113 389 431 507 549 727 890 906  ; 4 1 8 3 10 3 7 5 4 6 5 4 3 6 4 4 5 4 6 1 
255.2 ; 3.145e-13 ; True ; 1 20 30 113 389 396 507 549 727 879 890 906  ; 4 1 8 3 9 4 7 4 4 6 4 4 3 6 5 4 5 4 6 1 
256.9 ; 3.408e-13 ; True ; 1 20 30 113 164 389 431 507 549 727 890 906  ; 5 1 8 2 10 3 7 5 4 5 4 4 3 6 4 4 5 4 6 2 
258.5 ; 3.526e-13 ; True ; 1 20 25 30 113 164 389 507 549 727 890 906  ; 4 1 9 3 10 3 8 5 4 6 4 4 3 6 4 3 4 4 6 2 
261 ; 3.568e-13 ; True ; 1 30 113 164 389 396 502 507 549 727 879 890  ; 5 1 9 2 10 3 8 6 4 5 4 5 3 7 6 5 5 3 7 1 
261.8 ; 3.893e-13 ; True ; 1 20 30 113 128 145 174 389 549 638 727 890 906  ; 4 1 9 3 10 3 6 5 5 5 5 5 4 6 4 3 4 5 6 1 
262.5 ; 4.041e-13 ; True ; 1 30 113 164 389 502 507 549 727 879 890 906  ; 4 1 8 3 9 4 7 5 4 6 4 5 3 6 6 4 4 4 6 1 
264.9 ; 4.122e-13 ; True ; 1 20 30 113 128 174 389 396 549 638 727 890 906  ; 5 1 10 3 11 2 7 6 5 5 4 5 4 6 4 4 5 4 6 1 
267.4 ; 4.303e-13 ; True ; 1 20 30 113 145 174 389 431 549 638 727 890 906  ; 5 1 8 3 10 3 6 5 4 5 5 4 4 7 3 4 5 5 7 1 
269.1 ; 4.686e-13 ; True ; 1 20 30 113 128 174 389 431 549 638 727 890 906  ; 5 1 9 3 11 2 6 6 5 5 5 5 4 6 4 4 5 4 6 1 
273.3 ; 4.783e-13 ; True ; 1 20 30 113 174 330 389 507 549 638 727 890 906  ; 5 1 9 3 10 3 8 4 5 5 4 6 4 6 4 4 4 5 6 1 
273.6 ; 4.824e-13 ; True ; 1 20 25 30 113 174 389 431 549 638 727 890 906  ; 5 1 9 4 11 2 7 6 4 6 5 4 4 7 3 4 5 4 7 1 
274.1 ; 4.978e-13 ; True ; 1 30 113 164 219 389 502 507 549 727 879 890  ; 5 1 8 3 9 4 7 5 4 5 5 5 3 7 7 4 4 3 7 1 
275.5 ; 5.022e-13 ; True ; 1 20 30 113 145 174 389 507 549 638 727 890 906  ; 4 1 8 3 10 4 7 4 4 5 5 5 4 7 4 4 4 5 7 1 
276.3 ; 5.492e-13 ; True ; 1 30 113 128 164 174 389 507 549 638 727 890 906  ; 5 1 9 3 11 3 7 6 4 5 5 6 3 7 5 4 4 4 7 1 
277.3 ; 5.8e-13 ; True ; 1 20 30 113 174 389 396 507 549 638 727 890 906  ; 5 1 9 3 11 3 8 5 4 5 4 5 4 7 4 5 5 4 7 1 
281.7 ; 5.874e-13 ; True ; 1 20 25 30 113 389 396 507 549 638 727 890 906  ; 4 1 9 4 11 3 8 5 4 6 4 5 3 7 4 5 5 4 7 1 
282.4 ; 6.617e-13 ; True ; 1 20 30 113 174 389 431 507 549 638 727 890 906  ; 5 1 8 3 11 3 7 5 4 5 5 5 4 7 4 5 5 4 7 1 
286.6 ; 6.839e-13 ; True ; 1 20 25 30 113 174 389 396 507 549 727 890 906  ; 5 1 10 3 11 3 9 6 4 6 5 4 4 7 4 4 5 4 7 1 
288.8 ; 6.875e-13 ; True ; 1 20 25 30 113 389 431 507 549 636 727 890 906  ; 4 1 8 3 11 3 8 5 4 6 5 5 4 6 4 4 6 5 6 1 
290.1 ; 7.019e-13 ; True ; 1 20 30 113 164 389 507 531 549 638 727 890 906  ; 5 1 8 3 11 3 7 5 4 5 4 5 3 7 4 4 5 4 7 2 
291.2 ; 8.026e-13 ; True ; 1 20 30 113 164 174 389 507 549 638 727 890 906  ; 5 1 9 3 11 3 8 5 4 5 4 5 4 7 4 4 4 4 7 2 
295.1 ; 8.296e-13 ; True ; 1 20 30 113 164 389 431 507 549 638 727 890 906  ; 5 1 8 3 11 3 7 5 4 5 4 5 3 7 4 5 5 4 7 2 
297.4 ; 8.379e-13 ; True ; 1 20 30 113 174 389 396 507 549 727 879 890 906  ; 5 1 9 3 10 4 8 5 4 6 5 4 4 7 5 4 5 4 7 1 
298.1 ; 8.417e-13 ; True ; 1 20 30 113 164 174 389 431 507 549 727 890 906  ; 6 1 9 2 11 3 8 6 4 5 5 4 4 7 4 4 5 4 7 2 
298.4 ; 8.574e-13 ; True ; 1 20 25 30 113 164 389 396 507 549 727 890 906  ; 5 1 10 3 11 3 9 6 4 6 4 4 3 7 4 4 5 4 7 2 
300.5 ; 8.884e-13 ; True ; 1 20 25 30 113 164 174 389 507 549 727 890 906  ; 5 1 10 3 11 3 9 6 4 6 5 4 4 7 4 3 4 4 7 2 
303.4 ; 9.18e-13 ; True ; 1 20 30 113 174 389 431 507 549 727 879 890 906  ; 5 1 8 3 10 4 7 5 4 6 6 4 4 7 5 4 5 4 7 1 
303.5 ; 9.383e-13 ; True ; 1 30 113 164 389 396 502 507 549 727 879 890 906  ; 5 1 9 3 10 4 8 6 4 6 4 5 3 7 6 5 5 4 7 1 
305.6 ; 1.036e-12 ; True ; 1 30 113 164 174 389 502 507 549 727 879 890 906  ; 5 1 9 3 10 4 8 6 4 6 5 5 4 7 6 4 4 4 7 1 
307.1 ; 1.05e-12 ; True ; 1 20 30 113 164 389 396 507 549 727 879 890 906  ; 5 1 9 3 10 4 8 5 4 6 4 4 3 7 5 4 5 4 7 2 
310.1 ; 1.088e-12 ; True ; 1 20 30 113 164 174 389 507 549 727 879 890 906  ; 5 1 9 3 10 4 8 5 4 6 5 4 4 7 5 3 4 4 7 2 
313.1 ; 1.199e-12 ; True ; 1 20 30 113 164 389 431 507 549 727 879 890 906  ; 5 1 8 3 10 4 7 5 4 6 5 4 3 7 5 4 5 4 7 2 
316.9 ; 1.201e-12 ; True ; 1 20 30 113 128 174 389 431 549 638 716 727 890 906  ; 5 1 9 4 12 3 7 6 5 5 5 5 4 6 5 4 6 4 6 1 
318.1 ; 1.204e-12 ; True ; 1 20 30 113 128 174 389 486 507 549 638 727 890 906  ; 5 1 10 4 12 3 7 5 5 6 5 6 4 7 5 4 4 4 7 1 
319.2 ; 1.324e-12 ; True ; 1 20 30 113 128 174 389 396 507 549 638 727 890 906  ; 5 1 10 3 12 3 8 6 5 5 5 6 4 7 5 5 5 4 7 1 
321.5 ; 1.361e-12 ; True ; 1 20 30 113 164 389 502 507 549 727 879 890 906  ; 4 1 9 3 10 4 8 5 5 6 4 5 4 6 6 4 4 4 6 2 
324.4 ; 1.464e-12 ; True ; 1 20 30 113 128 174 389 431 507 549 638 727 890 906  ; 5 1 9 3 12 3 7 6 5 5 6 6 4 7 5 5 5 4 7 1 
330.1 ; 1.514e-12 ; True ; 1 20 30 113 164 174 330 389 507 549 638 727 890 906  ; 6 1 10 3 11 3 9 5 5 5 4 6 4 7 4 4 4 5 7 2 
330.7 ; 1.539e-12 ; True ; 1 20 30 113 174 307 389 431 507 549 638 727 890 906  ; 5 1 8 3 11 3 8 5 4 5 5 5 4 7 4 6 5 4 7 2 
331.4 ; 1.617e-12 ; True ; 1 20 30 113 145 164 174 389 507 549 638 727 890 906  ; 5 1 9 3 11 4 8 5 4 5 5 5 4 8 4 4 4 5 8 2 
332.4 ; 1.658e-12 ; True ; 1 20 30 113 164 174 389 507 549 636 638 727 890 906  ; 5 1 9 3 12 3 9 5 4 5 4 6 5 7 4 4 5 5 7 2 
333.1 ; 1.702e-12 ; True ; 1 20 30 113 164 174 389 396 507 549 638 727 890 906  ; 6 1 10 3 12 3 9 6 4 5 4 5 4 8 4 5 5 4 8 2 
333.7 ; 1.832e-12 ; True ; 1 20 30 113 128 164 174 389 507 549 638 727 890 906  ; 5 1 10 3 12 3 8 6 5 5 5 6 4 7 5 4 4 4 7 2 
338.3 ; 1.975e-12 ; True ; 1 20 30 113 164 174 389 431 507 549 638 727 890 906  ; 6 1 9 3 12 3 8 6 4 5 5 5 4 8 4 5 5 4 8 2 
348.1 ; 2.072e-12 ; True ; 1 20 30 113 164 174 389 431 549 638 727 879 890 906  ; 6 1 9 4 11 3 7 6 4 6 5 4 4 8 4 4 5 4 8 2 
349.5 ; 2.14e-12 ; True ; 1 30 113 164 174 389 396 502 507 549 727 879 890 906  ; 6 1 10 3 11 4 9 7 4 6 5 5 4 8 6 5 5 4 8 1 
350.1 ; 2.192e-12 ; True ; 1 20 30 113 164 389 396 507 549 638 727 879 890 906  ; 5 1 9 4 11 4 8 5 4 6 4 5 3 8 5 5 5 4 8 2 
352.3 ; 2.419e-12 ; True ; 1 20 30 113 164 174 389 507 549 638 727 879 890 906  ; 5 1 9 4 11 4 8 5 4 6 5 5 4 8 5 4 4 4 8 2 
353.1 ; 2.459e-12 ; True ; 1 20 30 113 164 174 389 396 507 549 727 879 890 906  ; 6 1 10 3 11 4 9 6 4 6 5 4 4 8 5 4 5 4 8 2 
354.1 ; 2.482e-12 ; True ; 1 20 30 113 164 389 396 431 507 549 727 879 890 906  ; 6 1 9 3 11 4 8 6 4 6 5 4 3 8 5 5 6 4 8 2 
356.2 ; 2.5e-12 ; True ; 1 20 30 113 164 389 431 507 549 638 727 879 890 906  ; 5 1 8 4 11 4 7 5 4 6 5 5 3 8 5 5 5 4 8 2 
359.2 ; 2.74e-12 ; True ; 1 20 30 113 164 174 389 431 507 549 727 879 890 906  ; 6 1 9 3 11 4 8 6 4 6 6 4 4 8 5 4 5 4 8 2 
365.6 ; 2.801e-12 ; True ; 1 20 25 30 113 164 389 431 507 549 727 879 890 906  ; 5 1 9 4 11 4 8 6 4 7 6 4 3 8 5 4 5 4 8 2 
366 ; 2.849e-12 ; True ; 1 20 30 113 128 174 389 431 507 549 636 638 727 890 906  ; 5 1 9 3 13 3 8 6 5 5 6 7 5 7 5 5 6 5 7 1 
366.4 ; 3.105e-12 ; True ; 1 20 30 113 164 389 396 502 507 549 727 879 890 906  ; 5 1 10 3 11 4 9 6 5 6 4 5 4 7 6 5 5 4 7 2 
368.6 ; 3.214e-12 ; True ; 1 20 30 113 164 174 389 502 507 549 727 879 890 906  ; 5 1 10 3 11 4 9 6 5 6 5 5 5 7 6 4 4 4 7 2 
373.4 ; 3.604e-12 ; True ; 1 20 30 113 164 389 431 502 507 549 727 879 890 906  ; 5 1 9 3 11 4 8 6 5 6 5 5 4 7 6 5 5 4 7 2 
377.2 ; 3.685e-12 ; True ; 1 20 30 113 128 164 174 389 507 549 636 638 727 890 906  ; 5 1 10 3 13 3 9 6 5 5 5 7 5 7 5 4 5 5 7 2 
378.9 ; 3.76e-12 ; True ; 1 20 30 113 128 164 174 389 396 507 549 638 727 890 906  ; 6 1 11 3 13 3 9 7 5 5 5 6 4 8 5 5 5 4 8 2 
382.5 ; 3.919e-12 ; True ; 1 20 30 113 164 174 389 431 507 549 636 638 727 890 906  ; 6 1 9 3 13 3 9 6 4 5 5 6 5 8 4 5 6 5 8 2 
384.1 ; 4.218e-12 ; True ; 1 20 30 113 128 164 174 389 431 507 549 638 727 890 906  ; 6 1 10 3 13 3 8 7 5 5 6 6 4 8 5 5 5 4 8 2 
390.7 ; 4.424e-12 ; True ; 1 20 25 30 113 164 174 389 431 507 549 638 727 890 906  ; 6 1 10 4 13 3 9 7 4 6 6 5 4 9 4 5 5 4 9 2 
394.9 ; 4.604e-12 ; True ; 1 20 30 113 128 164 174 389 431 549 638 727 879 890 906  ; 6 1 10 4 12 3 7 7 5 6 6 5 4 8 5 4 5 4 8 2 
398.2 ; 4.637e-12 ; True ; 1 20 30 113 164 389 396 507 549 636 638 727 879 890 906  ; 5 1 9 4 12 4 9 5 4 6 4 6 4 8 5 5 6 5 8 2 
398.2 ; 4.993e-12 ; True ; 1 20 30 113 164 174 389 396 507 549 638 727 879 890 906  ; 6 1 10 4 12 4 9 6 4 6 5 5 4 9 5 5 5 4 9 2 
399.4 ; 4.998e-12 ; True ; 1 20 30 113 164 174 389 507 549 636 638 727 879 890 906  ; 5 1 9 4 12 4 9 5 4 6 5 6 5 8 5 4 5 5 8 2 
399.7 ; 5.098e-12 ; True ; 1 20 30 113 128 164 174 389 507 549 638 727 879 890 906  ; 5 1 10 4 12 4 8 6 5 6 6 6 4 8 6 4 4 4 8 2 
401.5 ; 5.218e-12 ; True ; 1 20 30 113 128 164 174 389 396 507 549 727 879 890 906  ; 6 1 11 3 12 4 9 7 5 6 6 5 4 8 6 4 5 4 8 2 
403.2 ; 5.315e-12 ; True ; 1 20 30 113 164 389 396 431 507 549 636 727 879 890 906  ; 6 1 9 3 12 4 9 6 4 6 5 5 4 8 5 5 7 5 8 2 
404.3 ; 5.334e-12 ; True ; 1 20 30 113 164 389 431 507 549 636 638 727 879 890 906  ; 5 1 8 4 12 4 8 5 4 6 5 6 4 8 5 5 6 5 8 2 
404.3 ; 5.564e-12 ; True ; 1 20 30 113 164 174 389 431 507 549 638 727 879 890 906  ; 6 1 9 4 12 4 8 6 4 6 6 5 4 9 5 5 5 4 9 2 
407.4 ; 5.657e-12 ; True ; 1 20 30 113 164 174 389 431 507 549 636 727 879 890 906  ; 6 1 9 3 12 4 9 6 4 6 6 5 5 8 5 4 6 5 8 2 
407.6 ; 5.693e-12 ; True ; 1 20 30 113 128 164 174 389 431 507 549 727 879 890 906  ; 6 1 10 3 12 4 8 7 5 6 7 5 4 8 6 4 5 4 8 2 
414.6 ; 6.168e-12 ; True ; 1 20 25 30 113 164 389 431 507 549 636 727 879 890 906  ; 5 1 9 4 12 4 9 6 4 7 6 5 4 8 5 4 6 5 8 2 
416.4 ; 6.559e-12 ; True ; 1 20 30 113 164 174 389 396 502 507 549 727 879 890 906  ; 6 1 11 3 12 4 10 7 5 6 5 5 5 8 6 5 5 4 8 2 
419.3 ; 6.871e-12 ; True ; 1 20 30 113 164 389 396 431 502 507 549 727 879 890 906  ; 6 1 10 3 12 4 9 7 5 6 5 5 4 8 6 6 6 4 8 2 
422.3 ; 6.945e-12 ; True ; 1 20 30 113 164 389 431 502 507 549 638 727 879 890 906  ; 5 1 9 4 12 4 8 6 5 6 5 6 4 8 6 6 5 4 8 2 
423.4 ; 7.399e-12 ; True ; 1 20 30 113 164 174 389 431 502 507 549 727 879 890 906  ; 6 1 10 3 12 4 9 7 5 6 6 5 5 8 6 5 5 4 8 2 
430.7 ; 8.145e-12 ; True ; 1 20 30 113 128 164 174 389 431 507 549 636 638 727 890 906  ; 6 1 10 3 14 3 9 7 5 5 6 7 5 8 5 5 6 5 8 2 
442.4 ; 9.21e-12 ; True ; 1 20 30 113 128 164 174 389 431 549 636 638 727 879 890 906  ; 6 1 10 4 13 3 8 7 5 6 6 6 5 8 5 4 6 5 8 2 
448.3 ; 9.852e-12 ; True ; 1 20 30 113 164 174 389 396 507 549 636 638 727 879 890 906  ; 6 1 10 4 13 4 10 6 4 6 5 6 5 9 5 5 6 5 9 2 
448.9 ; 1.018e-11 ; True ; 1 20 30 113 128 164 174 389 396 507 549 638 727 879 890 906  ; 6 1 11 4 13 4 9 7 5 6 6 6 4 9 6 5 5 4 9 2 
452 ; 1.03e-11 ; True ; 1 20 30 113 128 164 174 389 396 507 549 636 727 879 890 906  ; 6 1 11 3 13 4 10 7 5 6 6 6 5 8 6 4 6 5 8 2 
454.3 ; 1.031e-11 ; True ; 1 20 30 113 164 174 389 396 431 507 549 636 727 879 890 906  ; 7 1 10 3 13 4 10 7 4 6 6 5 5 9 5 5 7 5 9 2 
454.4 ; 1.104e-11 ; True ; 1 20 30 113 164 174 389 431 507 549 636 638 727 879 890 906  ; 6 1 9 4 13 4 9 6 4 6 6 6 5 9 5 5 6 5 9 2 
455.1 ; 1.111e-11 ; True ; 1 20 30 113 128 164 174 389 431 507 549 638 727 879 890 906  ; 6 1 10 4 13 4 8 7 5 6 7 6 4 9 6 5 5 4 9 2 
458.1 ; 1.129e-11 ; True ; 1 20 30 113 128 164 174 389 431 507 549 636 727 879 890 906  ; 6 1 10 3 13 4 9 7 5 6 7 6 5 8 6 4 6 5 8 2 
467.2 ; 1.132e-11 ; True ; 1 20 30 113 128 164 174 330 389 431 549 636 638 716 727 890 906  ; 7 1 11 4 14 3 10 7 6 5 5 7 5 7 5 4 7 6 7 2 
467.2 ; 1.23e-11 ; True ; 1 20 30 113 164 174 389 396 502 507 549 638 727 879 890 906  ; 6 1 11 4 13 4 10 7 5 6 5 6 5 9 6 6 5 4 9 2 
470.3 ; 1.238e-11 ; True ; 1 20 30 113 164 174 389 396 502 507 549 636 727 879 890 906  ; 6 1 11 3 13 4 11 7 5 6 5 6 6 8 6 5 6 5 8 2 
472.2 ; 1.299e-11 ; True ; 1 20 30 113 164 174 389 396 431 502 507 549 727 879 890 906  ; 7 1 11 3 13 4 10 8 5 6 6 5 5 9 6 6 6 4 9 2 
474.1 ; 1.318e-11 ; True ; 1 20 30 113 164 389 396 431 502 507 549 636 727 879 890 906  ; 6 1 10 3 13 4 10 7 5 6 5 6 5 8 6 6 7 5 8 2 
474.3 ; 1.388e-11 ; True ; 1 20 30 113 164 174 389 431 502 507 549 638 727 879 890 906  ; 6 1 10 4 13 4 9 7 5 6 6 6 5 9 6 6 5 4 9 2 
477.4 ; 1.402e-11 ; True ; 1 20 30 113 164 174 389 431 502 507 549 636 727 879 890 906  ; 6 1 10 3 13 4 10 7 5 6 6 6 6 8 6 5 6 5 8 2 
487.6 ; 1.421e-11 ; True ; 1 20 30 113 164 174 389 431 457 502 507 549 727 879 890 906  ; 6 1 10 4 12 5 9 7 6 6 6 5 5 8 7 5 5 4 8 2 
490.3 ; 1.512e-11 ; True ; 1 20 30 113 128 164 174 330 389 431 549 636 638 727 879 890 906  ; 7 1 11 4 13 3 9 7 6 6 6 7 5 8 5 4 6 6 8 2 
491.3 ; 1.696e-11 ; True ; 1 20 30 113 128 164 174 389 431 507 549 636 638 716 727 890 906  ; 6 1 10 4 15 4 10 7 5 5 6 7 5 8 6 5 7 5 8 2 
504.2 ; 1.89e-11 ; True ; 1 20 30 113 164 174 330 389 431 507 549 636 638 727 879 890 906  ; 7 1 10 4 13 4 10 6 5 6 6 7 5 9 5 5 6 6 9 2 
504.3 ; 1.895e-11 ; True ; 1 20 30 113 164 174 389 396 431 507 549 636 638 727 879 890 906  ; 7 1 10 4 14 4 10 7 4 6 6 6 5 10 5 6 7 5 10 2 
505.3 ; 1.922e-11 ; True ; 1 20 30 113 128 164 174 389 396 431 507 549 638 727 879 890 906  ; 7 1 11 4 14 4 9 8 5 6 7 6 4 10 6 6 6 4 10 2 
507.5 ; 2.145e-11 ; True ; 1 20 30 113 128 164 174 389 431 507 549 636 638 727 879 890 906  ; 6 1 10 4 14 4 9 7 5 6 7 7 5 9 6 5 6 5 9 2 
523.1 ; 2.252e-11 ; True ; 1 20 30 113 128 164 174 389 502 507 549 636 638 727 879 890 906  ; 5 1 11 4 14 4 10 7 6 6 6 8 6 8 7 5 5 5 8 2 
526.1 ; 2.324e-11 ; True ; 1 20 30 113 164 174 389 396 431 502 507 549 638 727 879 890 906  ; 7 1 11 4 14 4 10 8 5 6 6 6 5 10 6 7 6 4 10 2 
527.9 ; 2.343e-11 ; True ; 1 20 30 113 164 389 396 431 502 507 549 636 638 727 879 890 906  ; 6 1 10 4 14 4 10 7 5 6 5 7 5 9 6 7 7 5 9 2 
529 ; 2.458e-11 ; True ; 1 20 30 113 128 164 174 389 431 502 507 549 638 727 879 890 906  ; 6 1 11 4 14 4 9 8 6 6 7 7 5 9 7 6 5 4 9 2 
530.2 ; 2.559e-11 ; True ; 1 20 30 113 164 174 389 431 502 507 549 636 638 727 879 890 906  ; 6 1 10 4 14 4 10 7 5 6 6 7 6 9 6 6 6 5 9 2 
539.2 ; 2.775e-11 ; True ; 1 20 25 30 113 164 389 396 431 502 507 549 636 727 879 890 906  ; 6 1 11 4 14 4 11 8 5 7 6 6 5 9 6 6 7 5 9 2 
559.9 ; 2.951e-11 ; True ; 1 20 30 113 128 174 307 389 396 415 431 507 549 636 727 879 890 906  ; 6 1 10 4 13 5 10 7 5 7 7 6 5 8 6 6 7 5 8 2 
560.3 ; 3.435e-11 ; True ; 1 20 30 113 128 164 174 330 389 431 507 549 636 638 727 879 890 906  ; 7 1 11 4 14 4 10 7 6 6 7 8 5 9 6 5 6 6 9 2 
563.5 ; 3.518e-11 ; True ; 1 20 30 113 128 164 174 389 431 486 507 549 636 638 727 879 890 906  ; 7 1 11 5 15 4 9 7 5 7 7 7 5 10 6 5 6 5 10 2 
580.1 ; 3.576e-11 ; True ; 1 20 30 113 164 174 389 396 415 502 507 549 636 638 727 879 890 906  ; 6 1 11 5 14 5 11 7 5 7 5 7 6 9 6 6 6 5 9 2 
580.5 ; 3.604e-11 ; True ; 1 20 30 113 128 164 174 389 431 486 507 549 636 716 727 879 890 906  ; 7 1 11 5 15 5 10 7 5 7 7 6 5 9 7 4 7 5 9 2 
584.9 ; 4.152e-11 ; True ; 1 20 30 113 164 174 389 396 431 502 507 549 636 638 727 879 890 906  ; 7 1 11 4 15 4 11 8 5 6 6 7 6 10 6 7 7 5 10 2 
592.2 ; 4.172e-11 ; True ; 1 20 30 67 113 164 174 389 431 502 507 549 636 638 727 879 890 906  ; 6 1 10 4 14 5 10 7 5 7 6 7 6 9 7 6 6 6 9 2 
601.6 ; 4.237e-11 ; True ; 1 20 30 113 128 164 174 389 396 431 502 507 549 727 774 879 890 906  ; 7 1 12 4 14 5 10 9 6 7 7 6 5 9 8 6 6 4 9 2 
609 ; 4.292e-11 ; True ; 1 20 30 113 128 164 174 219 330 389 396 502 507 549 727 879 890 906  ; 8 1 13 4 13 5 11 8 7 6 7 7 5 9 8 5 5 5 9 2 
611.7 ; 4.323e-11 ; True ; 1 30 113 128 164 174 219 307 389 431 502 507 549 636 727 879 890 906  ; 7 1 10 4 13 5 10 8 5 6 8 7 5 9 8 6 6 5 9 2 
615.8 ; 4.968e-11 ; True ; 1 20 30 113 128 174 307 330 389 396 431 486 507 549 636 727 879 890 906  ; 8 1 12 4 14 4 11 7 6 7 7 7 5 9 6 6 7 6 9 2 
630.1 ; 5.333e-11 ; True ; 1 20 30 113 128 164 174 307 330 389 396 431 507 549 638 727 879 890 906  ; 8 1 12 4 14 4 11 8 6 6 7 7 4 10 6 7 6 5 10 3 
637.2 ; 5.58e-11 ; True ; 1 30 113 128 145 164 174 307 389 431 502 507 549 636 638 727 879 890 906  ; 6 1 10 4 14 5 10 8 5 6 8 8 5 10 7 7 6 6 10 2 
638.5 ; 5.617e-11 ; True ; 1 20 30 113 128 174 307 330 389 396 431 502 507 549 638 727 879 890 906  ; 7 1 12 4 14 4 11 8 7 6 7 8 5 9 7 8 6 5 9 2 
639.1 ; 5.723e-11 ; True ; 1 20 30 113 128 164 174 330 389 502 507 549 636 638 694 727 879 890 906  ; 7 1 13 4 15 4 11 8 7 6 6 9 6 8 7 6 6 6 9 2 
645.9 ; 6.57e-11 ; True ; 1 20 30 113 164 174 389 396 415 431 502 507 549 636 638 727 879 890 906  ; 7 1 11 5 15 5 11 8 5 7 6 7 6 10 6 7 7 5 10 2 
656.2 ; 6.979e-11 ; True ; 1 20 30 113 128 164 174 219 389 396 431 507 549 636 638 727 879 890 906  ; 8 1 11 5 15 5 10 8 5 6 8 7 5 11 7 6 7 5 11 2 
678.3 ; 8.239e-11 ; True ; 1 20 30 113 164 174 219 389 396 431 502 507 549 636 638 727 879 890 906  ; 8 1 11 5 15 5 11 8 5 6 7 7 6 11 7 7 7 5 11 2 
694.3 ; 8.755e-11 ; True ; 1 20 30 113 164 174 219 307 389 431 502 507 549 636 638 727 879 890 906  ; 7 1 10 5 14 5 11 7 5 6 7 7 6 10 7 7 6 5 10 3 
711 ; 8.977e-11 ; True ; 20 30 113 128 164 174 307 330 389 431 486 507 549 636 638 716 727 879 890 906  ; 8 1 11 5 15 5 12 7 6 6 7 8 4 9 7 6 7 6 9 3 
712.4 ; 9.621e-11 ; True ; 1 30 113 128 164 174 307 330 389 431 502 507 549 636 638 716 727 879 890 906  ; 7 1 11 5 15 5 12 8 6 6 7 9 5 9 8 7 7 6 9 2 
727 ; 1.038e-10 ; True ; 1 20 30 113 128 145 164 174 389 431 502 507 549 636 638 727 785 879 890 906  ; 6 1 11 4 16 5 10 8 6 6 8 9 6 10 8 6 7 7 10 2 
734 ; 1.043e-10 ; True ; 20 25 30 113 128 164 174 261 389 415 431 502 507 549 636 638 727 879 890 906  ; 6 1 12 5 15 5 12 10 6 7 8 9 6 10 7 6 6 5 10 2 
743.1 ; 1.052e-10 ; True ; 20 30 113 128 164 174 307 330 389 431 502 507 549 636 638 727 774 879 890 906  ; 7 1 11 4 14 5 12 8 7 6 7 9 5 8 8 7 6 6 8 3 
744.1 ; 1.101e-10 ; True ; 20 30 113 128 164 174 389 431 486 502 507 549 594 636 638 716 727 879 890 906  ; 7 1 11 6 16 6 11 8 6 7 7 8 5 9 9 6 7 5 9 2 
747.4 ; 1.161e-10 ; True ; 1 20 30 113 128 145 174 307 330 389 415 486 502 507 549 636 638 727 879 890 906  ; 6 1 12 6 14 6 11 6 7 8 7 9 6 9 7 6 5 7 9 2 
761 ; 1.386e-10 ; True ; 1 20 30 113 128 145 174 307 330 389 415 431 502 507 549 636 638 727 879 890 906  ; 6 1 11 5 14 6 11 7 7 7 8 9 6 9 7 7 6 7 9 2 
782.3 ; 1.412e-10 ; True ; 1 30 113 128 157 164 174 307 330 389 431 486 502 549 636 638 716 727 879 890 906  ; 8 1 12 6 16 5 12 9 7 7 6 9 6 9 7 6 7 6 9 2 
794.2 ; 1.413e-10 ; True ; 20 30 113 128 164 174 330 389 396 431 502 531 549 594 636 638 727 774 879 890 906  ; 9 1 12 5 15 5 11 10 7 7 7 8 5 9 8 6 8 6 9 2 
797.1 ; 1.457e-10 ; True ; 20 30 67 113 128 164 174 389 396 431 502 507 549 577 636 638 727 774 879 890 906  ; 8 1 12 4 16 6 12 10 6 7 7 8 5 9 9 8 8 6 10 2 
808.6 ; 1.768e-10 ; True ; 20 30 113 128 164 174 307 389 396 431 486 502 507 549 594 636 638 727 879 890 906  ; 8 1 12 5 16 5 12 9 6 7 7 8 5 10 8 8 7 5 10 3 
828.7 ; 1.823e-10 ; True ; 1 20 30 113 128 145 174 307 330 389 415 486 502 507 549 636 638 716 727 879 890 906  ; 6 1 12 7 15 7 12 6 7 8 7 9 6 9 8 6 6 7 9 2 
834.5 ; 1.946e-10 ; True ; 20 30 113 128 164 174 219 307 389 396 431 486 502 507 549 636 638 727 879 890 906  ; 9 1 12 5 16 5 12 9 6 6 8 8 5 11 8 8 7 5 11 3 
866.6 ; 2.08e-10 ; True ; 20 30 113 128 164 174 330 389 396 431 486 502 531 549 594 636 638 727 774 879 890 906  ; 10 1 13 6 16 5 11 10 7 8 7 8 5 10 8 6 8 6 10 2 
867.6 ; 2.145e-10 ; True ; 20 30 113 128 164 174 307 330 389 431 485 486 507 549 636 638 716 727 770 879 890 906  ; 8 1 11 6 17 5 12 9 6 7 7 8 5 11 7 6 8 6 11 3 
869.9 ; 2.417e-10 ; True ; 20 30 113 128 164 174 307 330 389 415 431 486 502 507 549 614 636 638 727 879 890 906  ; 9 1 12 5 16 5 12 8 7 7 7 9 6 10 7 7 7 6 10 3 
913.2 ; 2.435e-10 ; True ; 20 30 113 128 164 174 219 307 330 389 431 485 507 549 594 614 636 638 727 879 890 906  ; 9 1 10 5 15 6 11 8 6 6 8 8 6 11 8 6 8 6 11 3 
917.5 ; 2.6e-10 ; True ; 20 30 113 128 164 174 219 307 389 396 431 502 507 549 577 636 638 727 770 879 890 906  ; 9 1 12 5 17 5 13 11 6 6 8 8 5 11 8 9 8 5 12 3 
930.6 ; 2.648e-10 ; True ; 20 30 113 164 174 219 307 389 396 431 486 502 507 549 594 636 638 727 770 879 890 906  ; 9 1 11 7 16 6 12 9 5 8 7 7 5 12 8 8 7 5 12 3 
934.8 ; 2.662e-10 ; True ; 20 30 113 164 174 219 307 330 389 415 431 486 502 507 549 614 636 716 727 879 890 906  ; 10 1 11 6 15 7 13 7 6 7 7 7 6 10 8 6 8 6 10 3 
953.3 ; 2.75e-10 ; True ; 20 30 113 128 164 174 307 330 389 431 486 502 507 549 614 619 636 638 727 770 879 890 906  ; 9 1 13 5 18 4 13 10 7 7 7 9 6 11 7 8 7 6 11 3 
965.7 ; 2.861e-10 ; True ; 20 30 113 157 164 174 307 330 389 396 431 502 531 549 594 636 638 716 727 837 879 890 906  ; 9 1 11 5 17 6 14 10 8 6 6 9 6 9 7 7 9 6 9 3 
966.2 ; 2.926e-10 ; True ; 20 30 113 157 164 174 307 330 335 389 415 431 502 531 549 636 638 716 727 770 879 890 906  ; 9 1 11 6 16 6 14 11 7 7 6 9 6 9 6 7 8 6 9 3 
969.3 ; 3.076e-10 ; True ; 20 30 113 157 164 174 307 330 335 389 396 431 486 502 507 549 636 638 727 770 879 890 906  ; 10 1 13 5 17 5 15 11 7 7 6 10 6 11 6 9 7 6 11 3 
970.3 ; 3.318e-10 ; True ; 20 30 113 157 164 174 261 307 330 389 415 431 486 502 507 549 614 636 638 727 879 890 906  ; 9 1 12 5 16 6 14 9 7 7 6 10 8 11 6 7 7 6 11 3 
972.4 ; 3.34e-10 ; True ; 20 30 113 128 139 164 174 307 330 389 396 431 502 507 549 636 638 716 727 770 879 890 906  ; 8 1 12 5 18 6 14 10 8 6 7 9 5 10 9 8 8 6 10 3 
980.3 ; 3.595e-10 ; True ; 20 30 113 157 164 174 307 330 389 396 431 502 531 549 594 636 638 716 727 770 879 890 906  ; 9 1 11 6 17 6 14 11 7 7 6 8 6 10 7 7 9 6 10 3 
998 ; 3.783e-10 ; True ; 20 30 67 113 128 164 174 219 330 389 396 431 502 507 549 594 636 638 727 770 879 890 906  ; 9 1 12 6 16 7 12 10 7 8 8 9 5 11 10 7 7 7 11 2 
1029 ; 4.205e-10 ; True ; 20 30 113 128 164 174 261 307 330 389 415 486 502 507 531 549 636 638 653 727 770 879 890 906  ; 8 1 13 6 17 5 13 10 7 9 8 10 6 12 7 7 6 6 11 3 
1049 ; 4.312e-10 ; True ; 20 30 113 157 164 174 307 330 389 415 431 486 502 531 549 594 636 638 653 727 879 890 892 906  ; 9 1 11 6 17 6 12 9 8 9 7 8 6 10 7 7 7 7 9 3 
1051 ; 4.396e-10 ; True ; 20 30 113 157 164 174 307 330 389 415 431 486 502 531 549 594 636 638 653 727 770 879 890 906  ; 9 1 11 7 17 6 12 10 7 10 7 8 6 11 6 7 7 6 10 3 
1096 ; 5.272e-10 ; True ; 20 30 113 128 164 174 219 307 330 389 431 486 502 507 549 636 638 716 727 770 807 879 890 906  ; 10 1 13 7 18 6 13 10 7 7 8 9 5 11 9 8 7 6 11 3 
1114 ; 5.331e-10 ; True ; 20 30 113 114 128 164 174 219 307 330 389 431 486 502 507 549 636 653 716 727 770 879 890 906  ; 9 1 13 6 18 6 13 9 7 9 9 9 5 12 9 7 7 6 11 3 
1134 ; 6.17e-10 ; True ; 20 30 113 128 164 174 307 330 389 396 415 431 502 507 531 549 594 636 638 727 872 879 890 892 906  ; 10 1 13 5 18 6 14 10 8 7 8 10 5 10 10 8 8 8 10 3 
1143 ; 6.676e-10 ; True ; 20 30 113 128 164 174 261 307 330 389 415 431 486 502 507 549 551 636 638 716 727 879 890 892 906  ; 8 1 13 7 17 7 14 9 8 8 7 10 6 10 9 7 7 7 10 3 
1244 ; 7.646e-10 ; True ; 20 30 113 128 164 174 261 307 330 389 415 431 486 502 507 549 551 636 638 716 727 744 879 890 892 906  ; 8 1 13 7 18 7 14 9 9 8 7 11 6 10 9 7 7 7 10 3 
1252 ; 7.708e-10 ; True ; 20 30 113 157 164 174 307 330 389 415 431 486 502 507 531 549 552 636 638 653 716 727 879 890 892 906  ; 9 1 11 6 19 8 14 9 8 8 8 9 6 11 8 8 8 7 10 3 
1261 ; 7.889e-10 ; True ; 20 30 113 128 164 174 177 261 307 330 389 415 431 486 502 507 549 551 614 636 716 727 879 890 892 906  ; 9 1 14 6 18 7 15 10 8 8 7 9 8 10 9 6 8 7 10 3 
1289 ; 7.919e-10 ; True ; 20 30 37 113 157 164 174 219 307 330 389 431 486 502 507 549 594 636 638 716 727 770 773 879 890 906  ; 10 1 11 8 18 8 14 9 8 8 7 10 6 11 9 7 7 6 11 3 
1340 ; 8.01e-10 ; True ; 20 30 113 157 164 174 307 330 353 389 431 485 502 507 516 539 549 636 638 716 727 770 879 890 892 906  ; 8 1 11 5 20 6 14 11 9 6 7 10 8 11 9 8 9 7 12 3 
1393 ; 8.453e-10 ; True ; 20 30 113 128 164 174 261 307 321 389 415 431 486 502 507 549 594 614 636 716 727 745 787 791 879 890 892  ; 10 1 15 5 21 6 17 11 7 9 7 10 7 11 10 8 8 7 11 3 
1488 ; 9.947e-10 ; True ; 20 30 113 164 174 219 307 321 389 396 431 486 502 507 549 594 614 636 716 727 745 770 791 792 879 890 892  ; 12 1 14 7 22 6 16 10 6 10 7 8 6 12 10 8 9 7 14 3 
1500 ; 1.343e-09 ; True ; 20 30 113 128 164 174 219 307 330 389 415 485 486 502 507 549 594 622 636 638 716 727 770 787 791 879 890 892  ; 9 1 13 8 20 7 15 10 9 9 7 11 6 12 11 7 7 8 11 3 


RUN 3:
Optimum Distance: 33.53
Optimal Team: 174,307,389,727,906,
Required Skills: 0 1 2 4 5 7 9 10 11 12 13 14 15 16 18 20 22 23 24 26 
Distance; Skill Score; isValid; Team; Skill Counts
33.53 ; 4.218e-21 ; True ; 174 307 389 727 906  ; 2 1 3 1 2 1 3 1 1 2 1 1 1 1 1 1 1 2 1 1 
35.78 ; 1.085e-20 ; True ; 128 164 389 890 906  ; 2 1 4 1 3 1 2 3 1 2 1 1 1 1 1 1 1 1 2 1 
37.16 ; 1.304e-20 ; True ; 20 30 128 389 906  ; 1 1 4 1 3 1 2 1 2 3 2 2 1 1 1 1 1 1 1 1 
38.53 ; 7.001e-20 ; True ; 1 164 389 507 727  ; 2 1 4 1 4 1 3 1 1 2 1 2 1 3 2 1 1 1 3 1 
39.2 ; 9.517e-20 ; True ; 30 164 389 502 906  ; 2 1 4 1 3 1 3 2 1 3 1 2 1 2 1 2 1 1 2 1 
40.36 ; 1.165e-19 ; True ; 1 30 113 164 389  ; 2 1 5 1 4 1 2 2 1 4 2 1 1 3 1 1 1 1 3 1 
41.03 ; 1.789e-19 ; True ; 164 389 502 727 879  ; 2 1 4 1 3 1 3 2 2 2 1 2 1 2 3 1 1 1 2 1 
47.26 ; 2.395e-19 ; True ; 20 30 389 549 879  ; 1 1 3 1 3 1 3 1 2 3 2 2 1 3 2 1 2 1 2 1 
48.31 ; 2.699e-19 ; True ; 30 128 174 307 389 906  ; 2 1 4 1 3 1 3 2 1 3 3 2 1 2 1 2 1 1 2 1 
48.86 ; 6.08e-19 ; True ; 30 128 164 174 389 906  ; 3 1 5 1 4 1 3 3 1 3 3 2 1 3 1 1 1 1 3 1 
50.3 ; 6.365e-19 ; True ; 20 30 128 174 389 906  ; 2 1 5 1 4 1 3 2 2 3 3 2 2 2 1 1 1 1 2 1 
50.86 ; 2.198e-18 ; True ; 30 164 389 549 594 890  ; 3 1 4 1 4 1 4 3 1 3 1 2 1 3 2 2 3 1 3 1 
54.05 ; 2.221e-18 ; True ; 30 164 389 549 890 906  ; 3 1 4 1 4 1 4 3 1 3 1 2 1 3 1 2 3 2 3 1 
54.75 ; 4.858e-18 ; True ; 164 389 502 507 727 879  ; 2 1 4 1 4 2 4 2 2 2 2 3 1 3 4 2 1 1 3 1 
57.91 ; 6.507e-18 ; True ; 30 164 389 549 879 890  ; 3 1 4 1 4 1 4 3 1 3 2 2 1 4 2 2 3 1 4 1 
61.05 ; 6.629e-18 ; True ; 1 30 113 164 389 549  ; 2 1 5 1 5 1 3 3 2 4 2 2 1 4 2 1 2 2 3 1 
62.54 ; 1.032e-17 ; True ; 30 164 389 502 549 879  ; 2 1 4 1 4 1 4 3 2 3 2 3 1 4 3 2 2 1 3 1 
65.76 ; 1.067e-17 ; True ; 30 113 164 219 389 502  ; 3 1 5 1 4 2 3 3 2 3 3 2 1 3 3 2 1 1 3 1 
69.05 ; 1.07e-17 ; True ; 1 20 30 174 389 727 906  ; 3 1 6 2 5 1 4 1 2 4 2 2 3 3 1 1 2 2 3 1 
69.2 ; 1.083e-17 ; True ; 20 30 128 174 389 396 906  ; 3 1 6 1 5 1 4 3 2 3 3 2 2 3 1 2 2 1 3 1 
69.37 ; 1.148e-17 ; True ; 20 30 128 174 389 890 906  ; 3 1 6 1 5 1 4 3 2 3 3 2 3 2 1 2 2 1 3 1 
69.57 ; 1.736e-17 ; True ; 98 164 389 502 507 727 879  ; 2 1 5 1 5 3 5 3 2 2 2 4 1 3 5 2 1 1 3 1 
69.63 ; 1.793e-17 ; True ; 30 128 164 174 389 727 906  ; 4 1 6 1 5 1 4 3 2 3 3 3 1 3 2 1 2 2 3 1 
71.61 ; 1.956e-17 ; True ; 30 164 174 389 594 727 890  ; 5 1 6 1 5 1 5 3 1 3 2 2 2 3 2 2 3 1 4 1 
72.8 ; 1.977e-17 ; True ; 30 164 174 389 727 890 906  ; 5 1 6 1 5 1 5 3 1 3 2 2 2 3 1 2 3 2 4 1 
73.19 ; 2.408e-17 ; True ; 30 164 174 389 549 594 890  ; 4 1 5 1 5 1 5 4 1 3 2 2 2 4 2 2 3 1 4 1 
73.52 ; 3.012e-17 ; True ; 30 100 164 389 507 879 890  ; 3 1 4 1 5 2 5 3 1 3 3 2 1 4 3 3 2 1 5 1 
73.52 ; 3.712e-17 ; True ; 30 164 389 507 549 594 890  ; 3 1 4 1 5 2 5 3 1 3 2 3 1 4 3 3 3 1 4 1 
76.33 ; 4.621e-17 ; True ; 164 219 389 502 507 727 879  ; 3 1 4 2 4 3 4 2 2 2 3 3 1 4 5 2 1 1 4 1 
76.72 ; 4.994e-17 ; True ; 30 164 389 507 549 890 906  ; 3 1 4 1 5 2 5 3 1 3 2 3 1 4 2 3 3 2 4 1 
77.28 ; 5.022e-17 ; True ; 164 174 389 502 507 727 879  ; 3 1 5 1 5 2 5 3 2 2 3 3 2 4 4 2 1 1 4 1 
77.59 ; 7.28e-17 ; True ; 30 164 389 507 549 879 890  ; 3 1 4 1 5 2 5 3 1 3 3 3 1 5 3 3 3 1 5 1 
80.13 ; 9.252e-17 ; True ; 30 164 389 502 507 727 879  ; 3 1 5 1 5 2 5 2 2 3 3 4 1 4 4 3 2 1 4 1 
80.14 ; 9.728e-17 ; True ; 30 164 389 502 507 549 879  ; 2 1 4 1 5 2 5 3 2 3 3 4 1 5 4 3 2 1 4 1 
83.81 ; 1.01e-16 ; True ; 1 30 113 164 389 507 727  ; 3 1 6 1 6 2 4 2 2 4 3 3 1 4 3 2 2 2 4 1 
84.09 ; 1.09e-16 ; True ; 30 164 389 502 549 879 890  ; 3 1 5 1 5 1 5 4 2 3 2 3 2 4 3 3 3 1 4 1 
85.76 ; 1.102e-16 ; True ; 1 30 113 164 389 507 549  ; 2 1 5 1 6 2 4 3 2 4 3 3 1 5 3 2 2 2 4 1 
87.27 ; 1.45e-16 ; True ; 30 113 164 389 502 879 890  ; 3 1 6 1 5 2 4 4 2 4 3 2 2 3 3 3 2 1 4 1 
87.58 ; 1.637e-16 ; True ; 30 113 164 389 549 879 890  ; 3 1 5 1 5 2 4 4 2 4 3 2 1 4 3 2 3 2 4 1 
90.29 ; 1.676e-16 ; True ; 30 113 164 389 502 727 879  ; 3 1 6 1 5 2 4 3 3 4 3 3 1 3 4 2 2 2 3 1 
91.28 ; 1.733e-16 ; True ; 30 113 164 389 502 549 879  ; 2 1 5 1 5 2 4 4 3 4 3 3 1 4 4 2 2 2 3 1 
92.61 ; 1.98e-16 ; True ; 30 128 164 174 389 727 890 906  ; 5 1 7 1 6 1 5 4 2 3 3 3 2 3 2 2 3 2 4 1 
94.54 ; 2.209e-16 ; True ; 1 30 128 164 389 727 890 906  ; 4 1 7 2 6 1 4 3 2 4 2 3 2 3 2 2 3 2 4 1 
96.16 ; 2.346e-16 ; True ; 30 128 164 174 389 549 890 906  ; 4 1 6 1 6 1 5 5 2 3 3 3 2 4 2 2 3 2 4 1 
96.22 ; 2.377e-16 ; True ; 30 128 164 174 389 507 727 906  ; 4 1 6 1 6 2 5 3 2 3 4 4 1 4 3 2 2 2 4 1 
97.13 ; 2.694e-16 ; True ; 30 164 389 396 507 549 879 890  ; 4 1 5 1 6 2 6 4 1 3 3 3 1 6 3 4 4 1 6 1 
98.91 ; 2.878e-16 ; True ; 30 98 164 389 502 507 727 879  ; 3 1 6 1 6 3 6 3 2 3 3 5 1 4 5 3 2 1 4 1 
99.37 ; 3.666e-16 ; True ; 1 30 113 164 174 389 638 727  ; 4 1 7 2 7 1 4 3 2 4 3 3 2 5 2 2 2 2 5 1 
100.3 ; 3.748e-16 ; True ; 20 30 389 396 507 549 890 906  ; 3 1 5 1 6 2 6 3 2 3 2 3 2 4 2 4 4 2 4 1 
101.3 ; 3.778e-16 ; True ; 1 30 164 389 507 549 890 906  ; 3 1 5 2 6 2 5 3 1 4 2 3 2 5 2 3 3 2 5 1 
101.5 ; 3.848e-16 ; True ; 30 100 164 389 502 507 879 890  ; 3 1 5 1 6 2 6 4 2 3 3 3 2 4 4 4 2 1 5 1 
102.2 ; 4.106e-16 ; True ; 30 164 389 507 549 594 727 890  ; 4 1 5 1 6 2 6 3 2 3 2 4 1 4 4 3 4 2 4 1 
102.2 ; 4.478e-16 ; True ; 1 30 113 164 389 638 727 890  ; 4 1 7 2 7 1 4 3 2 4 2 3 2 4 2 3 3 2 5 1 
103.3 ; 5.2e-16 ; True ; 1 30 164 389 507 549 727 890  ; 4 1 6 1 7 1 6 3 2 3 2 4 2 5 3 3 4 2 5 1 
103.9 ; 5.389e-16 ; True ; 30 164 174 389 502 507 727 906  ; 4 1 6 1 6 2 6 3 2 3 3 4 2 4 3 3 2 2 4 1 
105.3 ; 5.766e-16 ; True ; 1 30 113 164 389 549 890 906  ; 3 1 6 2 6 2 4 4 2 5 2 2 2 4 2 2 3 3 4 1 
105.6 ; 6.218e-16 ; True ; 30 164 174 389 502 507 727 879  ; 4 1 6 1 6 2 6 3 2 3 4 4 2 5 4 3 2 1 5 1 
105.6 ; 8.276e-16 ; True ; 30 164 389 502 507 549 879 890  ; 3 1 5 1 6 2 6 4 2 3 3 4 2 5 4 4 3 1 5 1 
109.3 ; 9.372e-16 ; True ; 1 30 113 164 389 507 727 890  ; 4 1 7 1 7 2 5 3 2 4 3 3 2 4 3 3 3 2 5 1 
110.2 ; 1.045e-15 ; True ; 1 30 113 164 389 507 549 890  ; 3 1 6 1 7 2 5 4 2 4 3 3 2 5 3 3 3 2 5 1 
112.2 ; 1.083e-15 ; True ; 30 113 164 389 507 549 879 890  ; 3 1 5 1 6 3 5 4 2 4 4 3 1 5 4 3 3 2 5 1 
115.1 ; 1.12e-15 ; True ; 1 30 113 164 389 549 879 890  ; 3 1 6 2 6 2 4 4 2 5 3 2 2 5 3 2 3 2 5 1 
115.4 ; 1.157e-15 ; True ; 30 164 219 389 502 549 879 890  ; 4 1 5 2 5 2 5 4 2 3 3 3 2 5 4 3 3 1 5 1 
118.7 ; 1.205e-15 ; True ; 1 20 30 128 389 396 549 890 906  ; 3 1 7 2 7 1 5 4 3 4 2 3 3 4 2 3 4 2 4 1 
118.7 ; 1.647e-15 ; True ; 30 113 164 389 502 549 879 890  ; 3 1 6 1 6 2 5 5 3 4 3 3 2 4 4 3 3 2 4 1 
121.2 ; 1.688e-15 ; True ; 1 30 128 164 174 389 507 727 906  ; 4 1 7 2 7 2 5 3 2 4 4 4 2 5 3 2 2 2 5 1 
123.1 ; 1.791e-15 ; True ; 30 128 164 174 389 507 727 890 906  ; 5 1 7 1 7 2 6 4 2 3 4 4 2 4 3 3 3 2 5 1 
124 ; 1.908e-15 ; True ; 1 20 30 389 431 549 727 890 906  ; 4 1 6 2 7 1 5 3 3 4 2 3 3 4 2 3 5 3 4 1 
124.9 ; 2.045e-15 ; True ; 1 20 30 389 396 507 549 890 906  ; 3 1 6 2 7 2 6 3 2 4 2 3 3 5 2 4 4 2 5 1 
126.1 ; 2.318e-15 ; True ; 1 30 128 164 389 507 727 890 906  ; 4 1 7 2 7 2 5 3 2 4 3 4 2 4 3 3 3 2 5 1 
128.8 ; 2.585e-15 ; True ; 1 30 128 164 389 507 549 890 906  ; 3 1 6 2 7 2 5 4 2 4 3 4 2 5 3 3 3 2 5 1 
128.8 ; 2.617e-15 ; True ; 30 113 164 174 389 638 727 890 906  ; 5 1 7 2 7 2 5 4 2 4 3 3 2 4 2 3 3 3 5 1 
128.8 ; 2.651e-15 ; True ; 1 20 30 113 389 396 549 890 906  ; 3 1 7 2 7 2 5 4 3 5 2 2 3 4 2 3 4 3 4 1 
129.8 ; 2.762e-15 ; True ; 20 30 113 174 389 638 727 890 906  ; 4 1 7 2 7 2 5 3 3 4 3 3 3 3 2 3 3 3 4 1 
129.9 ; 3.003e-15 ; True ; 1 30 164 174 389 507 549 727 906  ; 4 1 6 2 7 2 6 3 2 4 3 4 2 6 3 2 3 3 5 1 
130 ; 3.39e-15 ; True ; 1 30 164 389 507 549 727 890 906  ; 4 1 6 2 7 2 6 3 2 4 2 4 2 5 3 3 4 3 5 1 
133.9 ; 3.909e-15 ; True ; 1 30 113 164 389 549 727 890 906  ; 4 1 7 2 7 2 5 4 3 5 2 3 2 4 3 2 4 4 4 1 
135.3 ; 4.062e-15 ; True ; 30 164 174 389 502 507 727 879 906  ; 4 1 6 2 6 3 6 3 2 4 4 4 2 5 4 3 2 2 5 1 
136 ; 4.311e-15 ; True ; 1 30 113 164 389 507 727 890 906  ; 4 1 7 2 7 3 5 3 2 5 3 3 2 4 3 3 3 3 5 1 
137.2 ; 5.406e-15 ; True ; 30 164 389 502 507 549 879 890 906  ; 3 1 5 2 6 3 6 4 2 4 3 4 2 5 4 4 3 2 5 1 
137.7 ; 5.426e-15 ; True ; 1 30 164 389 507 549 727 879 890  ; 4 1 6 2 7 2 6 3 2 4 3 4 2 6 4 3 4 2 6 1 
140.9 ; 6.108e-15 ; True ; 1 30 113 164 389 507 549 727 890  ; 4 1 7 1 8 2 6 4 3 4 3 4 2 5 4 3 4 3 5 1 
143.8 ; 6.377e-15 ; True ; 1 30 113 164 389 507 727 879 890  ; 4 1 7 2 7 3 5 3 2 5 4 3 2 5 4 3 3 2 6 1 
144.7 ; 6.843e-15 ; True ; 1 30 113 164 389 507 549 879 890  ; 3 1 6 2 7 3 5 4 2 5 4 3 2 6 4 3 3 2 6 1 
145.2 ; 7.477e-15 ; True ; 30 113 164 389 502 507 727 879 890  ; 4 1 7 1 7 3 6 4 3 4 4 4 2 4 5 4 3 2 5 1 
145.2 ; 7.833e-15 ; True ; 30 113 164 389 502 507 549 879 890  ; 3 1 6 1 7 3 6 5 3 4 4 4 2 5 5 4 3 2 5 1 
151 ; 9.022e-15 ; True ; 1 30 128 164 174 389 507 727 890 906  ; 5 1 8 2 8 2 6 4 2 4 4 4 3 5 3 3 3 2 6 1 
152.6 ; 9.358e-15 ; True ; 1 20 30 128 174 389 507 727 890 906  ; 4 1 8 2 8 2 6 3 3 4 4 4 4 4 3 3 3 2 5 1 
153.6 ; 9.621e-15 ; True ; 1 20 30 113 174 389 638 727 890 906  ; 4 1 8 3 8 2 5 3 3 5 3 3 4 4 2 3 3 3 5 1 
154.8 ; 9.846e-15 ; True ; 1 20 30 113 128 174 389 727 890 906  ; 4 1 9 2 8 2 5 4 4 5 4 3 4 3 3 2 3 3 4 1 
155 ; 9.864e-15 ; True ; 30 113 164 219 389 502 727 879 890  ; 5 1 7 2 6 3 5 4 3 4 4 3 2 4 5 3 3 2 5 1 
155 ; 1.098e-14 ; True ; 30 113 164 219 389 502 549 879 890  ; 4 1 6 2 6 3 5 5 3 4 4 3 2 5 5 3 3 2 5 1 
156.1 ; 1.109e-14 ; True ; 1 30 113 128 164 174 389 727 890 906  ; 5 1 9 2 8 2 5 5 3 5 4 3 3 4 3 2 3 3 5 1 
157.4 ; 1.134e-14 ; True ; 1 20 30 113 145 174 389 549 638 727  ; 3 1 7 2 8 2 5 3 4 4 4 4 3 6 3 2 3 4 5 1 
157.4 ; 1.195e-14 ; True ; 1 20 30 113 174 389 549 638 727 906  ; 3 1 7 3 8 2 5 3 4 5 3 4 3 5 3 2 3 4 4 1 
157.5 ; 1.235e-14 ; True ; 1 20 30 389 396 507 549 727 890 906  ; 4 1 7 2 8 2 7 3 3 4 2 4 3 5 3 4 5 3 5 1 
158.7 ; 1.258e-14 ; True ; 1 30 113 174 307 389 549 727 890 906  ; 4 1 7 2 7 2 6 4 3 5 3 3 3 4 3 3 4 4 4 1 
159.3 ; 1.424e-14 ; True ; 1 30 164 174 389 507 549 727 890 906  ; 5 1 7 2 8 2 7 4 2 4 3 4 3 6 3 3 4 3 6 1 
159.4 ; 1.44e-14 ; True ; 1 20 30 113 145 389 549 638 727 890  ; 3 1 7 2 8 2 5 3 4 4 3 4 3 5 3 3 4 4 5 1 
160.5 ; 1.535e-14 ; True ; 1 20 30 174 389 507 549 727 890 906  ; 4 1 7 2 8 2 7 3 3 4 3 4 4 5 3 3 4 3 5 1 
162.5 ; 1.622e-14 ; True ; 1 20 30 389 431 507 549 727 890 906  ; 4 1 6 2 8 2 6 3 3 4 3 4 3 5 3 4 5 3 5 1 
164.3 ; 1.67e-14 ; True ; 1 30 113 164 174 389 549 727 890 906  ; 5 1 8 2 8 2 6 5 3 5 3 3 3 5 3 2 4 4 5 1 
165 ; 1.714e-14 ; True ; 1 20 25 30 389 507 549 727 890 906  ; 3 1 7 3 8 2 7 3 3 5 3 4 3 5 3 3 4 3 5 1 
165.4 ; 1.869e-14 ; True ; 1 20 30 113 389 431 549 727 890 906  ; 4 1 7 2 8 2 5 4 4 5 3 3 3 4 3 3 5 4 4 1 
167.3 ; 1.905e-14 ; True ; 1 20 30 113 389 396 507 549 890 906  ; 3 1 7 2 8 3 6 4 3 5 3 3 3 5 3 4 4 3 5 1 
168.3 ; 1.918e-14 ; True ; 1 30 113 164 174 389 507 549 638 727  ; 4 1 7 2 9 2 6 4 3 4 4 5 2 7 4 3 3 3 6 1 
168.6 ; 1.929e-14 ; True ; 30 164 174 389 502 507 727 879 890 906  ; 5 1 7 2 7 3 7 4 2 4 4 4 3 5 4 4 3 2 6 1 
169.1 ; 2.017e-14 ; True ; 30 164 174 389 507 549 727 879 890 906  ; 5 1 6 2 7 3 7 4 2 4 4 4 2 6 4 3 4 3 6 1 
169.3 ; 2.224e-14 ; True ; 1 30 113 164 389 507 549 638 727 890  ; 4 1 7 2 9 2 6 4 3 4 3 5 2 6 4 4 4 3 6 1 
170.5 ; 2.5e-14 ; True ; 1 30 113 164 389 507 549 727 890 906  ; 4 1 7 2 8 3 6 4 3 5 3 4 2 5 4 3 4 4 5 1 
174.6 ; 2.8e-14 ; True ; 30 164 389 502 507 549 727 879 890 906  ; 4 1 6 2 7 3 7 4 3 4 3 5 2 5 5 4 4 3 5 1 
176 ; 2.961e-14 ; True ; 1 25 30 113 164 389 507 549 727 890  ; 4 1 8 2 9 2 7 5 3 5 4 4 2 6 4 3 4 3 6 1 
178 ; 3.2e-14 ; True ; 1 20 25 30 113 389 507 549 727 890  ; 3 1 8 2 9 2 7 4 4 5 4 4 3 5 4 3 4 3 5 1 
179.7 ; 3.213e-14 ; True ; 30 113 164 389 502 507 549 879 890 906  ; 3 1 6 2 7 4 6 5 3 5 4 4 2 5 5 4 3 3 5 1 
180.3 ; 3.754e-14 ; True ; 1 30 113 164 389 507 549 727 879 890  ; 4 1 7 2 8 3 6 4 3 5 4 4 2 6 5 3 4 3 6 1 
183.5 ; 3.887e-14 ; True ; 30 113 164 219 389 502 507 549 879 890  ; 4 1 6 2 7 4 6 5 3 4 5 4 2 6 6 4 3 2 6 1 
186 ; 3.953e-14 ; True ; 1 30 113 174 307 389 549 638 727 890 906  ; 4 1 7 3 8 2 6 4 3 5 3 4 3 5 3 4 4 4 5 1 
188.8 ; 4.149e-14 ; True ; 1 20 30 113 145 389 549 638 727 890 906  ; 3 1 7 3 8 3 5 3 4 5 3 4 3 5 3 3 4 5 5 1 
189.8 ; 4.478e-14 ; True ; 1 20 30 174 389 396 507 549 727 890 906  ; 5 1 8 2 9 2 8 4 3 4 3 4 4 6 3 4 5 3 6 1 
190.2 ; 4.891e-14 ; True ; 1 30 128 164 174 389 507 549 727 890 906  ; 5 1 8 2 9 2 7 5 3 4 4 5 3 6 4 3 4 3 6 1 
191.8 ; 4.991e-14 ; True ; 1 20 30 128 174 389 507 549 727 890 906  ; 4 1 8 2 9 2 7 4 4 4 4 5 4 5 4 3 4 3 5 1 
191.8 ; 5.09e-14 ; True ; 1 20 30 113 145 174 389 549 638 727 890  ; 4 1 8 2 9 2 6 4 4 4 4 4 4 6 3 3 4 4 6 1 
191.9 ; 5.572e-14 ; True ; 1 20 30 113 174 389 549 638 727 890 906  ; 4 1 8 3 9 2 6 4 4 5 3 4 4 5 3 3 4 4 5 1 
195.7 ; 5.873e-14 ; True ; 1 20 30 113 389 431 549 638 727 890 906  ; 4 1 7 3 9 2 5 4 4 5 3 4 3 5 3 4 5 4 5 1 
198.8 ; 6.308e-14 ; True ; 1 20 30 113 174 389 431 549 727 890 906  ; 5 1 8 2 9 2 6 5 4 5 4 3 4 5 3 3 5 4 5 1 
201 ; 6.687e-14 ; True ; 20 25 30 113 174 389 549 638 727 890 906  ; 4 1 8 3 9 2 7 5 4 5 4 4 3 5 3 3 4 4 5 1 
201.8 ; 6.828e-14 ; True ; 1 30 113 164 389 507 549 638 727 890 906  ; 4 1 7 3 9 3 6 4 3 5 3 5 2 6 4 4 4 4 6 1 
202.2 ; 7.187e-14 ; True ; 1 20 25 30 113 389 431 549 727 890 906  ; 4 1 8 3 9 2 6 5 4 6 4 3 3 5 3 3 5 4 5 1 
202.7 ; 7.283e-14 ; True ; 1 30 113 164 174 389 507 549 638 727 890  ; 5 1 8 2 10 2 7 5 3 4 4 5 3 7 4 4 4 3 7 1 
203.9 ; 7.964e-14 ; True ; 1 20 30 113 389 396 507 549 727 890 906  ; 4 1 8 2 9 3 7 4 4 5 3 4 3 5 4 4 5 4 5 1 
204.8 ; 8.623e-14 ; True ; 1 30 113 164 174 389 507 549 727 890 906  ; 5 1 8 2 9 3 7 5 3 5 4 4 3 6 4 3 4 4 6 1 
206 ; 8.799e-14 ; True ; 1 20 30 113 174 389 507 549 727 890 906  ; 4 1 8 2 9 3 7 4 4 5 4 4 4 5 4 3 4 4 5 1 
208.9 ; 9.455e-14 ; True ; 1 20 30 113 389 431 507 549 727 890 906  ; 4 1 7 2 9 3 6 4 4 5 4 4 3 5 4 4 5 4 5 1 
210.8 ; 9.701e-14 ; True ; 30 164 174 389 502 507 549 727 879 890 906  ; 5 1 7 2 8 3 8 5 3 4 4 5 3 6 5 4 4 3 6 1 
212.1 ; 9.708e-14 ; True ; 1 30 164 389 502 507 549 727 879 890 906  ; 4 1 7 3 8 3 7 4 3 5 3 5 3 6 5 4 4 3 6 1 
212.5 ; 9.894e-14 ; True ; 1 30 113 164 389 396 507 549 727 879 890  ; 5 1 8 2 9 3 7 5 3 5 4 4 2 7 5 4 5 3 7 1 
215.1 ; 1.031e-13 ; True ; 30 113 164 174 389 502 507 727 879 890 906  ; 5 1 8 2 8 4 7 5 3 5 5 4 3 5 5 4 3 3 6 1 
215.3 ; 1.065e-13 ; True ; 1 30 113 164 389 502 507 549 727 890 906  ; 4 1 8 2 9 3 7 5 4 5 3 5 3 5 5 4 4 4 5 1 
216.5 ; 1.153e-13 ; True ; 1 30 113 164 174 389 507 549 727 879 890  ; 5 1 8 2 9 3 7 5 3 5 5 4 3 7 5 3 4 3 7 1 
218.6 ; 1.196e-13 ; True ; 1 20 30 113 389 396 507 549 727 879 890  ; 4 1 8 2 9 3 7 4 4 5 4 4 3 6 5 4 5 3 6 1 
219.7 ; 1.208e-13 ; True ; 1 30 113 128 174 307 389 549 638 727 890 906  ; 4 1 8 3 9 2 6 5 4 5 4 5 3 5 4 4 4 4 5 1 
221.1 ; 1.234e-13 ; True ; 30 113 164 389 502 507 549 727 879 890 906  ; 4 1 7 2 8 4 7 5 4 5 4 5 2 5 6 4 4 4 5 1 
222.2 ; 1.267e-13 ; True ; 1 20 30 113 128 174 389 431 638 727 890 906  ; 5 1 9 3 10 2 5 5 4 5 5 4 4 5 3 4 4 3 6 1 
223.7 ; 1.331e-13 ; True ; 1 20 30 113 389 431 507 549 727 879 890  ; 4 1 7 2 9 3 6 4 4 5 5 4 3 6 5 4 5 3 6 1 
224 ; 1.537e-13 ; True ; 1 30 113 164 389 502 507 549 727 879 890  ; 4 1 8 2 9 3 7 5 4 5 4 5 3 6 6 4 4 3 6 1 
226.5 ; 1.577e-13 ; True ; 1 20 30 113 128 174 389 549 638 727 890 906  ; 4 1 9 3 10 2 6 5 5 5 4 5 4 5 4 3 4 4 5 1 
228 ; 1.585e-13 ; True ; 1 30 113 128 164 174 389 549 638 727 890 906  ; 5 1 9 3 10 2 6 6 4 5 4 5 3 6 4 3 4 4 6 1 
230.5 ; 1.71e-13 ; True ; 1 20 25 30 113 174 389 549 638 727 890 906  ; 4 1 9 4 10 2 7 5 4 6 4 4 4 6 3 3 4 4 6 1 
231.1 ; 1.836e-13 ; True ; 1 20 30 113 174 389 431 549 638 727 890 906  ; 5 1 8 3 10 2 6 5 4 5 4 4 4 6 3 4 5 4 6 1 
234.4 ; 1.859e-13 ; True ; 1 20 25 30 113 389 431 549 638 727 890 906  ; 4 1 8 4 10 2 6 5 4 6 4 4 3 6 3 4 5 4 6 1 
237.3 ; 2.001e-13 ; True ; 1 20 30 113 389 396 507 531 549 727 890 906  ; 5 1 8 2 10 3 7 5 4 5 4 4 3 6 4 4 6 4 6 1 
238 ; 2.041e-13 ; True ; 1 20 30 113 389 396 507 549 638 727 890 906  ; 4 1 8 3 10 3 7 4 4 5 3 5 3 6 4 5 5 4 6 1 
238.1 ; 2.236e-13 ; True ; 1 30 113 164 174 389 507 549 638 727 890 906  ; 5 1 8 3 10 3 7 5 3 5 4 5 3 7 4 4 4 4 7 1 
239.2 ; 2.403e-13 ; True ; 1 20 30 113 174 389 507 549 638 727 890 906  ; 4 1 8 3 10 3 7 4 4 5 4 5 4 6 4 4 4 4 6 1 
243.1 ; 2.424e-13 ; True ; 1 20 30 113 389 431 507 549 638 727 890 906  ; 4 1 7 3 10 3 6 4 4 5 4 5 3 6 4 5 5 4 6 1 
246.2 ; 2.718e-13 ; True ; 1 20 30 113 174 389 431 507 549 727 890 906  ; 5 1 8 2 10 3 7 5 4 5 5 4 4 6 4 4 5 4 6 1 
247.6 ; 2.813e-13 ; True ; 1 20 25 30 113 174 389 507 549 727 890 906  ; 4 1 9 3 10 3 8 5 4 6 5 4 4 6 4 3 4 4 6 1 
250.9 ; 2.825e-13 ; True ; 1 20 30 113 164 389 507 549 638 727 890 906  ; 4 1 8 3 10 3 7 4 4 5 3 5 3 6 4 4 4 4 6 2 
251.9 ; 2.883e-13 ; True ; 1 30 113 164 174 389 507 549 638 727 879 890  ; 5 1 8 3 10 3 7 5 3 5 5 5 3 8 5 4 4 3 8 1 
253.5 ; 3.064e-13 ; True ; 1 30 113 164 174 389 502 507 549 727 890 906  ; 5 1 9 2 10 3 8 6 4 5 4 5 4 6 5 4 4 4 6 1 
253.9 ; 3.095e-13 ; True ; 1 20 30 113 164 174 389 507 549 727 890 906  ; 5 1 9 2 10 3 8 5 4 5 4 4 4 6 4 3 4 4 6 2 
255.2 ; 3.145e-13 ; True ; 1 20 30 113 389 396 507 549 727 879 890 906  ; 4 1 8 3 9 4 7 4 4 6 4 4 3 6 5 4 5 4 6 1 
256.9 ; 3.408e-13 ; True ; 1 20 30 113 164 389 431 507 549 727 890 906  ; 5 1 8 2 10 3 7 5 4 5 4 4 3 6 4 4 5 4 6 2 
260.2 ; 3.49e-13 ; True ; 1 25 30 113 164 389 502 507 549 727 890 906  ; 4 1 9 3 10 3 8 6 4 6 4 5 3 6 5 4 4 4 6 1 
261 ; 3.568e-13 ; True ; 1 30 113 164 389 396 502 507 549 727 879 890  ; 5 1 9 2 10 3 8 6 4 5 4 5 3 7 6 5 5 3 7 1 
261.8 ; 3.893e-13 ; True ; 1 20 30 113 128 145 174 389 549 638 727 890 906  ; 4 1 9 3 10 3 6 5 5 5 5 5 4 6 4 3 4 5 6 1 
262.5 ; 4.041e-13 ; True ; 1 30 113 164 389 502 507 549 727 879 890 906  ; 4 1 8 3 9 4 7 5 4 6 4 5 3 6 6 4 4 4 6 1 
264.9 ; 4.122e-13 ; True ; 1 20 30 113 128 174 389 396 549 638 727 890 906  ; 5 1 10 3 11 2 7 6 5 5 4 5 4 6 4 4 5 4 6 1 
269.1 ; 4.686e-13 ; True ; 1 20 30 113 128 174 389 431 549 638 727 890 906  ; 5 1 9 3 11 2 6 6 5 5 5 5 4 6 4 4 5 4 6 1 
273.3 ; 4.783e-13 ; True ; 1 20 30 113 174 330 389 507 549 638 727 890 906  ; 5 1 9 3 10 3 8 4 5 5 4 6 4 6 4 4 4 5 6 1 
273.6 ; 4.824e-13 ; True ; 1 20 25 30 113 174 389 431 549 638 727 890 906  ; 5 1 9 4 11 2 7 6 4 6 5 4 4 7 3 4 5 4 7 1 
274.1 ; 4.978e-13 ; True ; 1 30 113 164 219 389 502 507 549 727 879 890  ; 5 1 8 3 9 4 7 5 4 5 5 5 3 7 7 4 4 3 7 1 
275.5 ; 5.022e-13 ; True ; 1 20 30 113 145 174 389 507 549 638 727 890 906  ; 4 1 8 3 10 4 7 4 4 5 5 5 4 7 4 4 4 5 7 1 
276.3 ; 5.492e-13 ; True ; 1 30 113 128 164 174 389 507 549 638 727 890 906  ; 5 1 9 3 11 3 7 6 4 5 5 6 3 7 5 4 4 4 7 1 
277.3 ; 5.8e-13 ; True ; 1 20 30 113 174 389 396 507 549 638 727 890 906  ; 5 1 9 3 11 3 8 5 4 5 4 5 4 7 4 5 5 4 7 1 
282.3 ; 5.84e-13 ; True ; 1 20 30 113 174 389 396 431 507 549 727 890 906  ; 6 1 9 2 11 3 8 6 4 5 5 4 4 7 4 5 6 4 7 1 
282.4 ; 6.617e-13 ; True ; 1 20 30 113 174 389 431 507 549 638 727 890 906  ; 5 1 8 3 11 3 7 5 4 5 5 5 4 7 4 5 5 4 7 1 
286.6 ; 6.839e-13 ; True ; 1 20 25 30 113 174 389 396 507 549 727 890 906  ; 5 1 10 3 11 3 9 6 4 6 5 4 4 7 4 4 5 4 7 1 
288.8 ; 6.875e-13 ; True ; 1 20 25 30 113 389 431 507 549 636 727 890 906  ; 4 1 8 3 11 3 8 5 4 6 5 5 4 6 4 4 6 5 6 1 
291.2 ; 8.026e-13 ; True ; 1 20 30 113 164 174 389 507 549 638 727 890 906  ; 5 1 9 3 11 3 8 5 4 5 4 5 4 7 4 4 4 4 7 2 
295.1 ; 8.296e-13 ; True ; 1 20 30 113 164 389 431 507 549 638 727 890 906  ; 5 1 8 3 11 3 7 5 4 5 4 5 3 7 4 5 5 4 7 2 
297.4 ; 8.379e-13 ; True ; 1 20 30 113 174 389 396 507 549 727 879 890 906  ; 5 1 9 3 10 4 8 5 4 6 5 4 4 7 5 4 5 4 7 1 
298.1 ; 8.417e-13 ; True ; 1 20 30 113 164 174 389 431 507 549 727 890 906  ; 6 1 9 2 11 3 8 6 4 5 5 4 4 7 4 4 5 4 7 2 
302.2 ; 8.566e-13 ; True ; 1 25 30 113 164 174 389 502 507 549 727 890 906  ; 5 1 10 3 11 3 9 7 4 6 5 5 4 7 5 4 4 4 7 1 
303.4 ; 9.18e-13 ; True ; 1 20 30 113 174 389 431 507 549 727 879 890 906  ; 5 1 8 3 10 4 7 5 4 6 6 4 4 7 5 4 5 4 7 1 
303.5 ; 9.95e-13 ; True ; 1 20 25 30 113 164 389 431 507 549 727 890 906  ; 5 1 9 3 11 3 8 6 4 6 5 4 3 7 4 4 5 4 7 2 
305.6 ; 1.036e-12 ; True ; 1 30 113 164 174 389 502 507 549 727 879 890 906  ; 5 1 9 3 10 4 8 6 4 6 5 5 4 7 6 4 4 4 7 1 
307.1 ; 1.05e-12 ; True ; 1 20 30 113 164 389 396 507 549 727 879 890 906  ; 5 1 9 3 10 4 8 5 4 6 4 4 3 7 5 4 5 4 7 2 
310.1 ; 1.088e-12 ; True ; 1 20 30 113 164 174 389 507 549 727 879 890 906  ; 5 1 9 3 10 4 8 5 4 6 5 4 4 7 5 3 4 4 7 2 
313.1 ; 1.199e-12 ; True ; 1 20 30 113 164 389 431 507 549 727 879 890 906  ; 5 1 8 3 10 4 7 5 4 6 5 4 3 7 5 4 5 4 7 2 
319.2 ; 1.324e-12 ; True ; 1 20 30 113 128 174 389 396 507 549 638 727 890 906  ; 5 1 10 3 12 3 8 6 5 5 5 6 4 7 5 5 5 4 7 1 
321.5 ; 1.361e-12 ; True ; 1 20 30 113 164 389 502 507 549 727 879 890 906  ; 4 1 9 3 10 4 8 5 5 6 4 5 4 6 6 4 4 4 6 2 
324.4 ; 1.464e-12 ; True ; 1 20 30 113 128 174 389 431 507 549 638 727 890 906  ; 5 1 9 3 12 3 7 6 5 5 6 6 4 7 5 5 5 4 7 1 
329.9 ; 1.59e-12 ; True ; 1 20 25 30 113 174 389 431 507 549 638 727 890 906  ; 5 1 9 4 12 3 8 6 4 6 6 5 4 8 4 5 5 4 8 1 
332.2 ; 1.591e-12 ; True ; 1 20 30 113 164 174 389 507 549 577 638 727 890 906  ; 6 1 10 3 12 3 9 6 4 5 4 5 4 7 4 5 5 4 8 2 
332.4 ; 1.658e-12 ; True ; 1 20 30 113 164 174 389 507 549 636 638 727 890 906  ; 5 1 9 3 12 3 9 5 4 5 4 6 5 7 4 4 5 5 7 2 
333.1 ; 1.702e-12 ; True ; 1 20 30 113 164 174 389 396 507 549 638 727 890 906  ; 6 1 10 3 12 3 9 6 4 5 4 5 4 8 4 5 5 4 8 2 
337.2 ; 1.77e-12 ; True ; 1 20 30 113 164 389 431 507 549 636 638 727 890 906  ; 5 1 8 3 12 3 8 5 4 5 4 6 4 7 4 5 6 5 7 2 
338.3 ; 1.975e-12 ; True ; 1 20 30 113 164 174 389 431 507 549 638 727 890 906  ; 6 1 9 3 12 3 8 6 4 5 5 5 4 8 4 5 5 4 8 2 
348 ; 2.058e-12 ; True ; 1 20 30 113 164 174 389 431 507 549 594 727 890 906  ; 6 1 9 3 11 4 8 6 4 6 5 4 4 7 5 4 5 4 7 2 
348.1 ; 2.072e-12 ; True ; 1 20 30 113 164 174 389 431 549 638 727 879 890 906  ; 6 1 9 4 11 3 7 6 4 6 5 4 4 8 4 4 5 4 8 2 
349.2 ; 2.1e-12 ; True ; 1 20 30 113 164 389 396 507 531 549 727 879 890 906  ; 6 1 9 3 11 4 8 6 4 6 5 4 3 8 5 4 6 4 8 2 
349.5 ; 2.14e-12 ; True ; 1 30 113 164 174 389 396 502 507 549 727 879 890 906  ; 6 1 10 3 11 4 9 7 4 6 5 5 4 8 6 5 5 4 8 1 
350.1 ; 2.192e-12 ; True ; 1 20 30 113 164 389 396 507 549 638 727 879 890 906  ; 5 1 9 4 11 4 8 5 4 6 4 5 3 8 5 5 5 4 8 2 
352.3 ; 2.419e-12 ; True ; 1 20 30 113 164 174 389 507 549 638 727 879 890 906  ; 5 1 9 4 11 4 8 5 4 6 5 5 4 8 5 4 4 4 8 2 
353.1 ; 2.459e-12 ; True ; 1 20 30 113 164 174 389 396 507 549 727 879 890 906  ; 6 1 10 3 11 4 9 6 4 6 5 4 4 8 5 4 5 4 8 2 
354.1 ; 2.482e-12 ; True ; 1 20 30 113 164 389 396 431 507 549 727 879 890 906  ; 6 1 9 3 11 4 8 6 4 6 5 4 3 8 5 5 6 4 8 2 
356.2 ; 2.5e-12 ; True ; 1 20 30 113 164 389 431 507 549 638 727 879 890 906  ; 5 1 8 4 11 4 7 5 4 6 5 5 3 8 5 5 5 4 8 2 
359.2 ; 2.74e-12 ; True ; 1 20 30 113 164 174 389 431 507 549 727 879 890 906  ; 6 1 9 3 11 4 8 6 4 6 6 4 4 8 5 4 5 4 8 2 
366.4 ; 2.801e-12 ; True ; 1 20 30 113 164 174 389 396 502 507 549 727 879 906  ; 5 1 10 3 11 4 9 6 5 6 5 5 4 8 6 4 4 4 7 2 
366.4 ; 3.105e-12 ; True ; 1 20 30 113 164 389 396 502 507 549 727 879 890 906  ; 5 1 10 3 11 4 9 6 5 6 4 5 4 7 6 5 5 4 7 2 
368.6 ; 3.214e-12 ; True ; 1 20 30 113 164 174 389 502 507 549 727 879 890 906  ; 5 1 10 3 11 4 9 6 5 6 5 5 5 7 6 4 4 4 7 2 
373.4 ; 3.604e-12 ; True ; 1 20 30 113 164 389 431 502 507 549 727 879 890 906  ; 5 1 9 3 11 4 8 6 5 6 5 5 4 7 6 5 5 4 7 2 
378.9 ; 3.76e-12 ; True ; 1 20 30 113 128 164 174 389 396 507 549 638 727 890 906  ; 6 1 11 3 13 3 9 7 5 5 5 6 4 8 5 5 5 4 8 2 
382.5 ; 3.919e-12 ; True ; 1 20 30 113 164 174 389 431 507 549 636 638 727 890 906  ; 6 1 9 3 13 3 9 6 4 5 5 6 5 8 4 5 6 5 8 2 
384.1 ; 4.218e-12 ; True ; 1 20 30 113 128 164 174 389 431 507 549 638 727 890 906  ; 6 1 10 3 13 3 8 7 5 5 6 6 4 8 5 5 5 4 8 2 
393.2 ; 4.313e-12 ; True ; 1 20 30 113 164 174 389 431 549 636 638 727 879 890 906  ; 6 1 9 4 12 3 8 6 4 6 5 5 5 8 4 4 6 5 8 2 
394.9 ; 4.604e-12 ; True ; 1 20 30 113 128 164 174 389 431 549 638 727 879 890 906  ; 6 1 10 4 12 3 7 7 5 6 6 5 4 8 5 4 5 4 8 2 
398.2 ; 4.637e-12 ; True ; 1 20 30 113 164 389 396 507 549 636 638 727 879 890 906  ; 5 1 9 4 12 4 9 5 4 6 4 6 4 8 5 5 6 5 8 2 
398.2 ; 4.993e-12 ; True ; 1 20 30 113 164 174 389 396 507 549 638 727 879 890 906  ; 6 1 10 4 12 4 9 6 4 6 5 5 4 9 5 5 5 4 9 2 
399.4 ; 4.998e-12 ; True ; 1 20 30 113 164 174 389 507 549 636 638 727 879 890 906  ; 5 1 9 4 12 4 9 5 4 6 5 6 5 8 5 4 5 5 8 2 
401.3 ; 5.049e-12 ; True ; 1 20 30 113 164 174 389 396 507 549 636 727 879 890 906  ; 6 1 10 3 12 4 10 6 4 6 5 5 5 8 5 4 6 5 8 2 
403.2 ; 5.163e-12 ; True ; 1 20 30 113 164 174 389 396 431 507 549 727 879 890 906  ; 7 1 10 3 12 4 9 7 4 6 6 4 4 9 5 5 6 4 9 2 
403.2 ; 5.315e-12 ; True ; 1 20 30 113 164 389 396 431 507 549 636 727 879 890 906  ; 6 1 9 3 12 4 9 6 4 6 5 5 4 8 5 5 7 5 8 2 
404.3 ; 5.334e-12 ; True ; 1 20 30 113 164 389 431 507 549 636 638 727 879 890 906  ; 5 1 8 4 12 4 8 5 4 6 5 6 4 8 5 5 6 5 8 2 
404.3 ; 5.564e-12 ; True ; 1 20 30 113 164 174 389 431 507 549 638 727 879 890 906  ; 6 1 9 4 12 4 8 6 4 6 6 5 4 9 5 5 5 4 9 2 
407.4 ; 5.657e-12 ; True ; 1 20 30 113 164 174 389 431 507 549 636 727 879 890 906  ; 6 1 9 3 12 4 9 6 4 6 6 5 5 8 5 4 6 5 8 2 
415.5 ; 5.751e-12 ; True ; 1 20 30 113 164 174 330 389 502 507 549 727 879 890 906  ; 6 1 11 3 11 4 10 6 6 6 5 6 5 7 6 4 4 5 7 2 
416.2 ; 5.867e-12 ; True ; 1 20 30 113 164 174 389 431 502 549 638 727 879 890 906  ; 6 1 10 4 12 3 8 7 5 6 5 5 5 8 5 5 5 4 8 2 
416.4 ; 6.133e-12 ; True ; 1 20 30 113 164 174 389 502 507 549 577 727 879 890 906  ; 6 1 11 3 12 4 10 7 5 6 5 5 5 7 6 5 5 4 8 2 
416.4 ; 6.559e-12 ; True ; 1 20 30 113 164 174 389 396 502 507 549 727 879 890 906  ; 6 1 11 3 12 4 10 7 5 6 5 5 5 8 6 5 5 4 8 2 
419.3 ; 6.871e-12 ; True ; 1 20 30 113 164 389 396 431 502 507 549 727 879 890 906  ; 6 1 10 3 12 4 9 7 5 6 5 5 4 8 6 6 6 4 8 2 
422.3 ; 6.945e-12 ; True ; 1 20 30 113 164 389 431 502 507 549 638 727 879 890 906  ; 5 1 9 4 12 4 8 6 5 6 5 6 4 8 6 6 5 4 8 2 
423.4 ; 7.399e-12 ; True ; 1 20 30 113 164 174 389 431 502 507 549 727 879 890 906  ; 6 1 10 3 12 4 9 7 5 6 6 5 5 8 6 5 5 4 8 2 
434.5 ; 7.431e-12 ; True ; 20 25 30 113 164 174 389 431 502 507 549 727 879 890 906  ; 6 1 10 3 12 4 10 8 5 6 7 5 4 8 6 5 5 4 8 2 
436.4 ; 7.524e-12 ; True ; 20 25 30 113 164 389 431 502 507 549 636 727 879 890 906  ; 5 1 9 3 12 4 10 7 5 6 6 6 4 7 6 5 6 5 7 2 
438.2 ; 7.627e-12 ; True ; 1 20 30 113 164 174 330 389 431 549 636 638 727 879 890 906  ; 7 1 10 4 12 3 9 6 5 6 5 6 5 8 4 4 6 6 8 2 
438.3 ; 7.765e-12 ; True ; 1 20 30 113 164 174 219 389 502 507 549 727 879 890 906  ; 6 1 10 4 11 5 9 6 5 6 6 5 5 8 7 4 4 4 8 2 
440.1 ; 7.902e-12 ; True ; 1 20 30 113 164 174 389 396 431 549 636 638 727 879 890 906  ; 7 1 10 4 13 3 9 7 4 6 5 5 5 9 4 5 7 5 9 2 
442.1 ; 8.528e-12 ; True ; 1 20 30 113 128 164 174 389 396 431 549 638 727 879 890 906  ; 7 1 11 4 13 3 8 8 5 6 6 5 4 9 5 5 6 4 9 2 
443.1 ; 8.653e-12 ; True ; 1 20 30 113 128 164 389 396 431 549 636 638 727 879 890 906  ; 6 1 10 4 13 3 8 7 5 6 5 6 4 8 5 5 7 5 8 2 
445.3 ; 8.767e-12 ; True ; 1 20 30 113 164 174 330 389 507 549 636 638 727 879 890 906  ; 6 1 10 4 12 4 10 5 5 6 5 7 5 8 5 4 5 6 8 2 
446 ; 9.079e-12 ; True ; 1 20 30 113 164 174 330 389 396 507 549 638 727 879 890 906  ; 7 1 11 4 12 4 10 6 5 6 5 6 4 9 5 5 5 5 9 2 
448.3 ; 9.852e-12 ; True ; 1 20 30 113 164 174 389 396 507 549 636 638 727 879 890 906  ; 6 1 10 4 13 4 10 6 4 6 5 6 5 9 5 5 6 5 9 2 
451.2 ; 9.969e-12 ; True ; 1 20 30 113 164 389 396 431 507 549 636 638 727 879 890 906  ; 6 1 9 4 13 4 9 6 4 6 5 6 4 9 5 6 7 5 9 2 
452.2 ; 1.024e-11 ; True ; 1 20 30 113 164 174 330 389 431 507 549 638 727 879 890 906  ; 7 1 10 4 12 4 9 6 5 6 6 6 4 9 5 5 5 5 9 2 
454.3 ; 1.031e-11 ; True ; 1 20 30 113 164 174 389 396 431 507 549 636 727 879 890 906  ; 7 1 10 3 13 4 10 7 4 6 6 5 5 9 5 5 7 5 9 2 
454.4 ; 1.104e-11 ; True ; 1 20 30 113 164 174 389 431 507 549 636 638 727 879 890 906  ; 6 1 9 4 13 4 9 6 4 6 6 6 5 9 5 5 6 5 9 2 
465.3 ; 1.122e-11 ; True ; 1 20 30 113 164 174 330 389 502 507 549 638 727 879 890 906  ; 6 1 11 4 12 4 10 6 6 6 5 7 5 8 6 5 4 5 8 2 
467.2 ; 1.23e-11 ; True ; 1 20 30 113 164 174 389 396 502 507 549 638 727 879 890 906  ; 6 1 11 4 13 4 10 7 5 6 5 6 5 9 6 6 5 4 9 2 
469.4 ; 1.237e-11 ; True ; 1 20 30 113 164 174 389 502 507 549 636 638 727 879 890 906  ; 5 1 10 4 13 4 10 6 5 6 5 7 6 8 6 5 5 5 8 2 
470.3 ; 1.238e-11 ; True ; 1 20 30 113 164 174 389 396 502 507 549 636 727 879 890 906  ; 6 1 11 3 13 4 11 7 5 6 5 6 6 8 6 5 6 5 8 2 
471.1 ; 1.255e-11 ; True ; 1 20 30 113 164 389 396 431 502 507 549 638 727 879 890 906  ; 6 1 10 4 13 4 9 7 5 6 5 6 4 9 6 7 6 4 9 2 
472.2 ; 1.299e-11 ; True ; 1 20 30 113 164 174 389 396 431 502 507 549 727 879 890 906  ; 7 1 11 3 13 4 10 8 5 6 6 5 5 9 6 6 6 4 9 2 
474.1 ; 1.318e-11 ; True ; 1 20 30 113 164 389 396 431 502 507 549 636 727 879 890 906  ; 6 1 10 3 13 4 10 7 5 6 5 6 5 8 6 6 7 5 8 2 
474.3 ; 1.388e-11 ; True ; 1 20 30 113 164 174 389 431 502 507 549 638 727 879 890 906  ; 6 1 10 4 13 4 9 7 5 6 6 6 5 9 6 6 5 4 9 2 
477.4 ; 1.402e-11 ; True ; 1 20 30 113 164 174 389 431 502 507 549 636 727 879 890 906  ; 6 1 10 3 13 4 10 7 5 6 6 6 6 8 6 5 6 5 8 2 
486.6 ; 1.592e-11 ; True ; 1 20 25 30 113 164 389 431 502 507 549 636 727 879 890 906  ; 5 1 10 4 13 4 10 7 5 7 6 6 5 8 6 5 6 5 8 2 
497.7 ; 1.599e-11 ; True ; 1 20 30 113 174 307 389 396 431 507 549 636 638 727 879 890 906  ; 6 1 9 4 13 4 10 6 4 6 6 6 5 9 5 7 7 5 9 2 
500.4 ; 1.778e-11 ; True ; 1 20 30 113 128 174 307 389 431 507 549 636 638 727 879 890 906  ; 5 1 9 4 13 4 9 6 5 6 7 7 5 8 6 6 6 5 8 2 
504.3 ; 1.895e-11 ; True ; 1 20 30 113 164 174 389 396 431 507 549 636 638 727 879 890 906  ; 7 1 10 4 14 4 10 7 4 6 6 6 5 10 5 6 7 5 10 2 
519 ; 1.956e-11 ; True ; 1 20 30 113 164 174 389 396 502 507 549 577 638 727 879 890 906  ; 7 1 12 4 14 4 11 8 5 6 5 6 5 9 6 7 6 4 10 2 
519.9 ; 2.073e-11 ; True ; 1 20 30 113 164 174 330 389 396 502 507 549 638 727 879 890 906  ; 7 1 12 4 13 4 11 7 6 6 5 7 5 9 6 6 5 5 9 2 
520.8 ; 2.102e-11 ; True ; 1 20 30 113 128 164 174 389 431 507 549 594 636 727 879 890 906  ; 6 1 10 4 13 5 9 7 5 7 7 6 5 8 7 4 6 5 8 2 
521.8 ; 2.23e-11 ; True ; 1 20 30 113 128 164 174 389 396 502 507 549 638 727 879 890 906  ; 6 1 12 4 14 4 10 8 6 6 6 7 5 9 7 6 5 4 9 2 
523.1 ; 2.26e-11 ; True ; 1 20 30 113 164 174 389 396 502 507 549 636 638 727 879 890 906  ; 6 1 11 4 14 4 11 7 5 6 5 7 6 9 6 6 6 5 9 2 
527 ; 2.268e-11 ; True ; 1 20 30 113 164 174 389 396 431 502 507 549 636 638 727 879 906  ; 6 1 10 4 14 4 10 7 5 6 6 7 5 10 6 6 6 5 9 2 
527.1 ; 2.359e-11 ; True ; 1 20 30 113 164 174 330 389 431 502 507 549 638 727 879 890 906  ; 7 1 11 4 13 4 10 7 6 6 6 7 5 9 6 6 5 5 9 2 
529.1 ; 2.385e-11 ; True ; 1 20 30 113 164 174 389 396 431 502 507 549 636 727 879 890 906  ; 7 1 11 3 14 4 11 8 5 6 6 6 6 9 6 6 7 5 9 2 
530.2 ; 2.559e-11 ; True ; 1 20 30 113 164 174 389 431 502 507 549 636 638 727 879 890 906  ; 6 1 10 4 14 4 10 7 5 6 6 7 6 9 6 6 6 5 9 2 
540 ; 2.609e-11 ; True ; 1 20 30 113 164 174 389 431 502 507 549 594 636 727 879 890 906  ; 6 1 10 4 13 5 10 7 5 7 6 6 6 8 7 5 6 5 8 2 
542.4 ; 2.869e-11 ; True ; 1 20 25 30 113 164 174 389 431 502 507 549 636 727 879 890 906  ; 6 1 11 4 14 4 11 8 5 7 7 6 6 9 6 5 6 5 9 2 
557.1 ; 2.923e-11 ; True ; 1 20 30 113 128 164 174 330 389 396 431 507 549 636 638 727 879 906  ; 7 1 11 4 14 4 10 7 6 6 7 8 4 10 6 5 6 6 9 2 
557.9 ; 3.156e-11 ; True ; 1 20 30 113 164 174 330 389 396 431 507 549 636 638 727 879 890 906  ; 8 1 11 4 14 4 11 7 5 6 6 7 5 10 5 6 7 6 10 2 
570.2 ; 3.413e-11 ; True ; 1 20 25 30 113 164 219 389 431 502 507 549 636 727 879 890 906  ; 6 1 10 5 13 5 10 7 5 7 7 6 5 9 7 5 6 5 9 2 
576.8 ; 3.482e-11 ; True ; 1 20 30 113 164 174 330 389 396 502 507 531 549 638 727 879 890 906  ; 8 1 12 4 14 4 11 8 6 6 6 7 5 10 6 6 6 5 10 2 
583.7 ; 3.485e-11 ; True ; 1 20 30 113 164 174 389 396 431 502 507 549 636 638 679 727 879 906  ; 7 1 11 4 15 4 10 8 5 6 7 7 5 10 6 7 6 5 10 2 
584.9 ; 4.152e-11 ; True ; 1 20 30 113 164 174 389 396 431 502 507 549 636 638 727 879 890 906  ; 7 1 11 4 15 4 11 8 5 6 6 7 6 10 6 7 7 5 10 2 
592.8 ; 4.41e-11 ; True ; 1 20 30 113 128 164 174 389 431 486 502 507 549 636 727 879 890 906  ; 7 1 12 4 15 4 10 8 6 7 7 7 6 9 7 5 6 5 9 2 
594.7 ; 4.439e-11 ; True ; 1 20 30 113 164 174 389 396 431 502 507 549 594 636 727 879 890 906  ; 7 1 11 4 14 5 11 8 5 7 6 6 6 9 7 6 7 5 9 2 
609.8 ; 4.461e-11 ; True ; 1 20 30 113 164 174 241 330 389 396 431 507 549 636 638 727 879 890 906  ; 8 1 11 4 15 4 12 7 6 6 6 8 5 10 5 6 7 7 10 2 
611.5 ; 4.736e-11 ; True ; 1 20 30 113 128 164 174 219 389 502 507 549 636 638 727 879 890 906  ; 6 1 11 5 14 5 10 7 6 6 7 8 6 9 8 5 5 5 9 2 
614.7 ; 4.755e-11 ; True ; 1 20 30 113 164 174 219 330 389 431 502 507 549 638 727 879 890 906  ; 8 1 11 5 13 5 10 7 6 6 7 7 5 10 7 6 5 5 10 2 
631.2 ; 5.229e-11 ; True ; 1 20 30 113 128 164 174 307 330 389 431 507 531 549 638 727 879 890 906  ; 8 1 11 4 14 4 10 8 6 6 8 7 4 10 6 6 6 5 10 3 
633.6 ; 5.363e-11 ; True ; 1 20 30 113 164 174 219 307 389 431 502 507 549 636 727 879 890 906  ; 7 1 10 4 13 5 11 7 5 6 7 6 6 9 7 6 6 5 9 3 
644.5 ; 5.799e-11 ; True ; 1 20 30 113 164 174 389 396 431 502 507 549 636 638 727 779 879 890 906  ; 8 1 12 4 15 4 11 9 5 6 7 7 6 10 6 8 7 5 10 2 
646.7 ; 5.895e-11 ; True ; 1 20 30 113 164 174 330 389 407 431 502 507 549 636 638 727 879 890 906  ; 8 1 12 4 15 4 11 8 6 6 7 8 6 9 6 7 6 6 9 2 
650.4 ; 5.947e-11 ; True ; 1 20 30 113 164 174 307 330 389 396 502 507 549 636 638 727 879 890 906  ; 7 1 12 4 14 4 13 7 6 6 5 8 6 9 6 7 6 6 9 3 
652 ; 6.028e-11 ; True ; 1 20 30 113 128 164 174 389 396 502 507 539 549 636 638 727 879 890 906  ; 6 1 12 4 16 4 11 9 6 6 6 8 7 10 7 6 7 5 10 2 
659.8 ; 6.328e-11 ; True ; 1 20 30 113 128 164 389 396 431 502 507 539 549 636 638 727 879 890 906  ; 6 1 11 4 16 4 10 9 6 6 6 8 6 10 7 7 8 5 10 2 
666.7 ; 6.444e-11 ; True ; 1 20 30 113 164 174 219 307 389 396 431 507 549 636 638 727 879 890 906  ; 8 1 10 5 14 5 11 7 4 6 7 6 5 11 6 7 7 5 11 3 
671.4 ; 7.172e-11 ; True ; 1 20 30 113 164 174 389 396 431 502 507 549 594 636 727 774 879 890 906  ; 7 1 11 5 14 6 11 8 5 8 6 6 6 9 8 6 7 5 9 2 
690 ; 7.382e-11 ; True ; 1 20 30 113 128 164 174 307 330 389 396 431 507 549 636 638 727 856 879 906  ; 8 1 12 4 14 4 11 8 6 6 8 8 4 10 6 7 6 6 10 3 
691.3 ; 8.032e-11 ; True ; 1 20 30 113 128 164 174 307 330 389 396 431 507 549 594 636 716 727 890 906  ; 8 1 12 4 15 5 13 8 6 6 6 7 5 8 7 6 8 6 8 3 
707.2 ; 8.646e-11 ; True ; 1 20 30 113 128 164 174 307 330 389 396 431 507 531 549 594 727 879 890 906  ; 9 1 12 4 14 5 11 9 6 7 8 6 4 10 7 6 7 5 10 3 
713.1 ; 8.676e-11 ; True ; 1 20 30 113 128 164 174 307 389 431 507 549 627 636 638 716 727 879 890 906  ; 6 1 10 5 16 5 11 7 6 6 7 8 5 10 7 6 7 5 9 3 
720.2 ; 9.636e-11 ; True ; 1 20 30 113 164 174 330 389 396 415 431 502 507 549 638 727 774 879 890 906  ; 8 1 12 6 14 6 11 8 6 8 6 7 5 10 7 7 6 5 10 2 
725 ; 1.028e-10 ; True ; 1 20 30 113 128 164 174 307 330 389 431 507 549 594 636 716 727 879 890 906  ; 7 1 11 5 14 6 12 7 6 7 7 7 5 8 8 5 7 6 8 3 
744.5 ; 1.167e-10 ; True ; 20 25 30 42 113 164 174 307 330 389 431 502 507 549 636 638 727 879 890 906  ; 7 1 11 4 15 5 13 8 6 6 7 9 6 9 6 7 7 6 9 3 
770.5 ; 1.298e-10 ; True ; 1 20 30 113 128 164 174 307 389 396 431 507 549 636 638 727 770 856 879 890 906  ; 8 1 12 5 16 4 11 10 5 7 8 7 5 11 6 8 7 5 12 3 
798.6 ; 1.354e-10 ; True ; 1 20 30 113 128 164 219 330 335 389 396 431 507 539 549 636 638 727 879 890 906  ; 9 1 12 5 15 5 11 9 6 6 7 9 5 11 7 7 8 6 11 2 
803.3 ; 1.417e-10 ; True ; 1 20 30 42 113 164 174 307 389 407 431 502 507 549 636 638 727 856 879 890 906  ; 8 1 12 4 16 5 11 9 5 6 8 8 7 9 6 9 7 5 10 3 
814.5 ; 1.448e-10 ; True ; 1 20 30 113 128 164 174 219 307 389 396 431 507 549 636 638 727 774 856 879 890  ; 9 1 12 5 15 5 11 9 5 6 9 7 5 11 8 8 7 4 12 3 
816.5 ; 1.462e-10 ; True ; 1 20 30 113 164 174 389 396 423 431 502 507 549 594 636 727 774 856 879 890 906  ; 8 1 12 5 15 6 11 9 6 8 7 7 6 9 9 7 7 5 10 2 
828.8 ; 1.508e-10 ; True ; 20 30 42 113 164 174 261 307 389 396 431 502 507 549 636 638 727 774 879 890 906  ; 7 1 11 4 15 6 13 9 5 6 6 9 7 10 7 8 8 5 10 3 
829.9 ; 1.696e-10 ; True ; 1 20 30 113 164 174 241 330 389 396 431 502 507 549 636 716 727 868 879 890 906  ; 9 1 13 5 16 6 14 8 7 6 7 8 6 10 7 6 8 7 10 2 
847 ; 1.734e-10 ; True ; 20 25 30 42 113 164 219 330 389 407 431 502 507 539 549 636 638 727 879 890 906  ; 8 1 11 5 16 6 11 9 6 6 8 9 6 10 7 7 8 6 10 2 
848.4 ; 1.914e-10 ; True ; 20 25 30 113 145 164 174 219 307 389 396 502 507 549 636 638 727 774 879 890 906  ; 7 1 11 6 14 7 13 8 5 7 8 7 5 11 8 7 6 6 11 3 
910.7 ; 1.996e-10 ; True ; 20 25 30 42 113 164 307 330 389 407 431 502 507 539 594 636 638 716 727 879 890 906  ; 7 1 11 6 16 7 12 8 5 7 7 8 6 8 7 8 8 5 9 3 
922.2 ; 2.234e-10 ; True ; 1 20 30 113 128 164 174 261 330 389 431 502 507 549 594 638 727 791 868 879 890 906  ; 8 1 14 6 15 6 12 9 7 8 8 10 6 11 8 6 5 6 11 2 
932.5 ; 2.455e-10 ; True ; 1 20 30 113 128 174 261 307 389 396 431 507 539 549 594 636 638 727 774 788 879 890 906  ; 7 1 12 6 16 6 11 10 5 8 8 8 7 12 8 7 8 5 11 2 
966.3 ; 2.496e-10 ; True ; 20 30 42 113 164 174 219 307 389 431 502 507 549 553 636 638 716 727 774 879 890 906  ; 7 1 10 6 16 8 12 8 5 6 8 8 6 10 9 7 8 5 10 3 
971.2 ; 2.866e-10 ; True ; 1 20 30 113 128 164 174 261 330 389 396 431 502 507 549 636 638 727 778 792 879 890 906  ; 10 1 15 5 18 4 13 11 7 7 8 10 7 12 7 8 7 6 12 2 
990.8 ; 2.878e-10 ; True ; 1 20 30 113 164 174 261 307 330 389 431 507 549 594 636 638 716 727 868 879 885 890 906  ; 9 1 13 7 15 7 13 7 5 7 7 8 6 12 7 7 7 6 11 3 
995.9 ; 3.373e-10 ; True ; 1 20 30 113 128 164 174 261 330 389 396 431 502 507 549 594 638 727 791 868 879 890 906  ; 9 1 15 6 16 6 13 10 7 8 8 10 6 12 8 7 6 6 12 2 
1029 ; 3.718e-10 ; True ; 1 20 30 113 128 164 174 219 270 307 389 396 415 431 502 549 636 638 727 868 879 890 906  ; 9 1 13 7 16 6 11 9 7 7 8 8 6 11 7 7 7 5 11 3 
1092 ; 4.01e-10 ; True ; 20 27 30 113 164 174 219 307 330 389 396 431 502 507 510 549 594 636 638 716 727 879 890 906  ; 10 1 13 6 17 7 14 9 6 6 7 8 5 10 9 8 9 7 10 3 
1157 ; 4.918e-10 ; True ; 20 30 113 128 164 174 261 307 330 389 396 431 502 507 531 549 636 638 727 778 791 792 879 890 906  ; 11 1 14 4 19 4 15 12 7 7 9 11 6 12 7 9 8 7 12 3 
1172 ; 5.135e-10 ; True ; 20 30 42 113 128 174 219 307 330 389 431 440 502 507 543 549 636 638 716 727 770 778 879 890 906  ; 9 1 11 6 18 8 12 10 7 7 9 11 6 11 9 8 8 6 10 2 
1178 ; 5.785e-10 ; True ; 20 25 113 128 164 174 261 307 330 389 396 407 431 507 539 549 594 636 638 716 727 868 879 890 906  ; 9 1 14 7 17 7 14 12 6 6 9 8 6 12 8 7 8 6 12 3 
1192 ; 5.869e-10 ; True ; 20 30 113 128 164 174 307 320 389 396 431 440 502 507 549 636 638 727 774 778 791 868 879 890 906  ; 10 1 13 5 18 7 13 11 6 8 10 10 5 13 8 9 7 6 12 3 
1222 ; 5.891e-10 ; True ; 1 20 30 84 113 128 164 261 307 330 389 396 431 502 507 549 636 716 727 778 791 868 879 890 906  ; 10 1 15 5 18 6 16 11 7 7 8 10 6 11 8 8 8 7 10 3 
1285 ; 7.144e-10 ; True ; 20 30 113 128 164 174 237 307 320 389 396 431 440 502 507 549 636 638 727 774 778 791 868 879 890 906  ; 10 1 14 5 19 7 13 11 6 8 10 10 6 13 8 9 7 6 13 3 
1317 ; 9.391e-10 ; True ; 1 20 30 69 113 164 174 284 307 389 396 423 431 486 502 507 549 614 636 638 727 791 868 879 890 906  ; 10 1 13 7 19 6 13 8 6 9 7 10 8 13 8 8 8 7 13 3 
1370 ; 9.606e-10 ; True ; 20 30 113 164 174 219 232 261 307 330 389 396 431 486 502 507 549 614 636 712 727 793 868 879 890 906  ; 12 1 14 6 17 8 16 9 8 8 8 9 7 14 8 7 8 6 13 3 
1481 ; 1.02e-09 ; True ; 20 30 113 128 164 258 261 307 339 389 396 431 440 502 507 549 636 683 716 727 774 788 791 868 879 890 906  ; 9 1 15 6 17 9 15 11 7 9 8 12 5 11 10 7 9 7 10 3 
1490 ; 1.173e-09 ; True ; 20 30 113 128 164 219 261 307 330 389 396 431 440 502 507 549 636 683 716 727 774 788 793 868 879 890 906  ; 11 1 15 6 17 10 15 11 8 7 9 12 5 12 12 7 9 6 11 3 
1782 ; 1.266e-09 ; True ; 4 20 30 89 113 128 164 172 219 307 330 342 389 396 431 440 502 507 549 614 638 727 752 770 774 778 868 879 890  ; 13 1 13 8 20 8 13 12 8 9 10 10 4 15 10 10 7 5 14 3 


RUN 4:
Optimum Distance: 33.53
Optimal Team: 174,307,389,727,906,
Required Skills: 0 1 2 4 5 7 9 10 11 12 13 14 15 16 18 20 22 23 24 26 
Distance; Skill Score; isValid; Team; Skill Counts
33.53 ; 4.218e-21 ; True ; 174 307 389 727 906  ; 2 1 3 1 2 1 3 1 1 2 1 1 1 1 1 1 1 2 1 1 
34.28 ; 3.317e-20 ; True ; 164 389 502 785 879  ; 1 1 3 1 3 1 2 2 1 2 1 2 1 2 3 1 1 1 2 1 
38.53 ; 7.001e-20 ; True ; 1 164 389 507 727  ; 2 1 4 1 4 1 3 1 1 2 1 2 1 3 2 1 1 1 3 1 
39.2 ; 9.517e-20 ; True ; 30 164 389 502 906  ; 2 1 4 1 3 1 3 2 1 3 1 2 1 2 1 2 1 1 2 1 
40.36 ; 1.165e-19 ; True ; 1 30 113 164 389  ; 2 1 5 1 4 1 2 2 1 4 2 1 1 3 1 1 1 1 3 1 
41.03 ; 1.789e-19 ; True ; 164 389 502 727 879  ; 2 1 4 1 3 1 3 2 2 2 1 2 1 2 3 1 1 1 2 1 
47.26 ; 2.395e-19 ; True ; 20 30 389 549 879  ; 1 1 3 1 3 1 3 1 2 3 2 2 1 3 2 1 2 1 2 1 
48.31 ; 2.699e-19 ; True ; 30 128 174 307 389 906  ; 2 1 4 1 3 1 3 2 1 3 3 2 1 2 1 2 1 1 2 1 
48.86 ; 6.08e-19 ; True ; 30 128 164 174 389 906  ; 3 1 5 1 4 1 3 3 1 3 3 2 1 3 1 1 1 1 3 1 
50.3 ; 6.365e-19 ; True ; 20 30 128 174 389 906  ; 2 1 5 1 4 1 3 2 2 3 3 2 2 2 1 1 1 1 2 1 
50.86 ; 2.198e-18 ; True ; 30 164 389 549 594 890  ; 3 1 4 1 4 1 4 3 1 3 1 2 1 3 2 2 3 1 3 1 
54.05 ; 2.221e-18 ; True ; 30 164 389 549 890 906  ; 3 1 4 1 4 1 4 3 1 3 1 2 1 3 1 2 3 2 3 1 
54.75 ; 4.858e-18 ; True ; 164 389 502 507 727 879  ; 2 1 4 1 4 2 4 2 2 2 2 3 1 3 4 2 1 1 3 1 
57.91 ; 6.507e-18 ; True ; 30 164 389 549 879 890  ; 3 1 4 1 4 1 4 3 1 3 2 2 1 4 2 2 3 1 4 1 
61.05 ; 6.629e-18 ; True ; 1 30 113 164 389 549  ; 2 1 5 1 5 1 3 3 2 4 2 2 1 4 2 1 2 2 3 1 
62.54 ; 1.032e-17 ; True ; 30 164 389 502 549 879  ; 2 1 4 1 4 1 4 3 2 3 2 3 1 4 3 2 2 1 3 1 
65.76 ; 1.067e-17 ; True ; 30 113 164 219 389 502  ; 3 1 5 1 4 2 3 3 2 3 3 2 1 3 3 2 1 1 3 1 
69.05 ; 1.07e-17 ; True ; 1 20 30 174 389 727 906  ; 3 1 6 2 5 1 4 1 2 4 2 2 3 3 1 1 2 2 3 1 
69.2 ; 1.083e-17 ; True ; 20 30 128 174 389 396 906  ; 3 1 6 1 5 1 4 3 2 3 3 2 2 3 1 2 2 1 3 1 
69.37 ; 1.148e-17 ; True ; 20 30 128 174 389 890 906  ; 3 1 6 1 5 1 4 3 2 3 3 2 3 2 1 2 2 1 3 1 
69.63 ; 1.793e-17 ; True ; 30 128 164 174 389 727 906  ; 4 1 6 1 5 1 4 3 2 3 3 3 1 3 2 1 2 2 3 1 
71.61 ; 1.956e-17 ; True ; 30 164 174 389 594 727 890  ; 5 1 6 1 5 1 5 3 1 3 2 2 2 3 2 2 3 1 4 1 
71.91 ; 2.154e-17 ; True ; 20 30 389 531 549 890 906  ; 3 1 4 1 5 1 4 3 2 3 2 2 2 3 1 2 4 2 3 1 
73.19 ; 2.408e-17 ; True ; 30 164 174 389 549 594 890  ; 4 1 5 1 5 1 5 4 1 3 2 2 2 4 2 2 3 1 4 1 
73.52 ; 3.712e-17 ; True ; 30 164 389 507 549 594 890  ; 3 1 4 1 5 2 5 3 1 3 2 3 1 4 3 3 3 1 4 1 
76.61 ; 4.351e-17 ; True ; 1 30 164 389 507 549 890  ; 3 1 5 1 6 1 5 3 1 3 2 3 2 5 2 3 3 1 5 1 
76.72 ; 4.994e-17 ; True ; 30 164 389 507 549 890 906  ; 3 1 4 1 5 2 5 3 1 3 2 3 1 4 2 3 3 2 4 1 
77.28 ; 5.022e-17 ; True ; 164 174 389 502 507 727 879  ; 3 1 5 1 5 2 5 3 2 2 3 3 2 4 4 2 1 1 4 1 
77.59 ; 7.28e-17 ; True ; 30 164 389 507 549 879 890  ; 3 1 4 1 5 2 5 3 1 3 3 3 1 5 3 3 3 1 5 1 
80.13 ; 9.252e-17 ; True ; 30 164 389 502 507 727 879  ; 3 1 5 1 5 2 5 2 2 3 3 4 1 4 4 3 2 1 4 1 
80.14 ; 9.728e-17 ; True ; 30 164 389 502 507 549 879  ; 2 1 4 1 5 2 5 3 2 3 3 4 1 5 4 3 2 1 4 1 
83.81 ; 1.01e-16 ; True ; 1 30 113 164 389 507 727  ; 3 1 6 1 6 2 4 2 2 4 3 3 1 4 3 2 2 2 4 1 
84.09 ; 1.09e-16 ; True ; 30 164 389 502 549 879 890  ; 3 1 5 1 5 1 5 4 2 3 2 3 2 4 3 3 3 1 4 1 
85.76 ; 1.102e-16 ; True ; 1 30 113 164 389 507 549  ; 2 1 5 1 6 2 4 3 2 4 3 3 1 5 3 2 2 2 4 1 
87.27 ; 1.45e-16 ; True ; 30 113 164 389 502 879 890  ; 3 1 6 1 5 2 4 4 2 4 3 2 2 3 3 3 2 1 4 1 
87.58 ; 1.637e-16 ; True ; 30 113 164 389 549 879 890  ; 3 1 5 1 5 2 4 4 2 4 3 2 1 4 3 2 3 2 4 1 
90.29 ; 1.676e-16 ; True ; 30 113 164 389 502 727 879  ; 3 1 6 1 5 2 4 3 3 4 3 3 1 3 4 2 2 2 3 1 
91.28 ; 1.733e-16 ; True ; 30 113 164 389 502 549 879  ; 2 1 5 1 5 2 4 4 3 4 3 3 1 4 4 2 2 2 3 1 
92.61 ; 1.98e-16 ; True ; 30 128 164 174 389 727 890 906  ; 5 1 7 1 6 1 5 4 2 3 3 3 2 3 2 2 3 2 4 1 
94.54 ; 2.209e-16 ; True ; 1 30 128 164 389 727 890 906  ; 4 1 7 2 6 1 4 3 2 4 2 3 2 3 2 2 3 2 4 1 
96.16 ; 2.346e-16 ; True ; 30 128 164 174 389 549 890 906  ; 4 1 6 1 6 1 5 5 2 3 3 3 2 4 2 2 3 2 4 1 
96.22 ; 2.377e-16 ; True ; 30 128 164 174 389 507 727 906  ; 4 1 6 1 6 2 5 3 2 3 4 4 1 4 3 2 2 2 4 1 
97.13 ; 2.694e-16 ; True ; 30 164 389 396 507 549 879 890  ; 4 1 5 1 6 2 6 4 1 3 3 3 1 6 3 4 4 1 6 1 
99.25 ; 2.769e-16 ; True ; 1 30 145 164 389 549 727 890  ; 4 1 6 1 6 1 5 3 2 3 2 3 2 5 2 2 4 3 5 1 
99.37 ; 3.666e-16 ; True ; 1 30 113 164 174 389 638 727  ; 4 1 7 2 7 1 4 3 2 4 3 3 2 5 2 2 2 2 5 1 
100.3 ; 3.748e-16 ; True ; 20 30 389 396 507 549 890 906  ; 3 1 5 1 6 2 6 3 2 3 2 3 2 4 2 4 4 2 4 1 
101.3 ; 3.778e-16 ; True ; 1 30 164 389 507 549 890 906  ; 3 1 5 2 6 2 5 3 1 4 2 3 2 5 2 3 3 2 5 1 
102.2 ; 4.106e-16 ; True ; 30 164 389 507 549 594 727 890  ; 4 1 5 1 6 2 6 3 2 3 2 4 1 4 4 3 4 2 4 1 
102.2 ; 4.478e-16 ; True ; 1 30 113 164 389 638 727 890  ; 4 1 7 2 7 1 4 3 2 4 2 3 2 4 2 3 3 2 5 1 
103.3 ; 5.2e-16 ; True ; 1 30 164 389 507 549 727 890  ; 4 1 6 1 7 1 6 3 2 3 2 4 2 5 3 3 4 2 5 1 
103.9 ; 5.389e-16 ; True ; 30 164 174 389 502 507 727 906  ; 4 1 6 1 6 2 6 3 2 3 3 4 2 4 3 3 2 2 4 1 
105.3 ; 5.766e-16 ; True ; 1 30 113 164 389 549 890 906  ; 3 1 6 2 6 2 4 4 2 5 2 2 2 4 2 2 3 3 4 1 
105.6 ; 6.218e-16 ; True ; 30 164 174 389 502 507 727 879  ; 4 1 6 1 6 2 6 3 2 3 4 4 2 5 4 3 2 1 5 1 
105.6 ; 8.276e-16 ; True ; 30 164 389 502 507 549 879 890  ; 3 1 5 1 6 2 6 4 2 3 3 4 2 5 4 4 3 1 5 1 
109.3 ; 9.372e-16 ; True ; 1 30 113 164 389 507 727 890  ; 4 1 7 1 7 2 5 3 2 4 3 3 2 4 3 3 3 2 5 1 
110.2 ; 1.045e-15 ; True ; 1 30 113 164 389 507 549 890  ; 3 1 6 1 7 2 5 4 2 4 3 3 2 5 3 3 3 2 5 1 
112.2 ; 1.083e-15 ; True ; 30 113 164 389 507 549 879 890  ; 3 1 5 1 6 3 5 4 2 4 4 3 1 5 4 3 3 2 5 1 
115.1 ; 1.12e-15 ; True ; 1 30 113 164 389 549 879 890  ; 3 1 6 2 6 2 4 4 2 5 3 2 2 5 3 2 3 2 5 1 
115.4 ; 1.157e-15 ; True ; 30 164 219 389 502 549 879 890  ; 4 1 5 2 5 2 5 4 2 3 3 3 2 5 4 3 3 1 5 1 
118.7 ; 1.205e-15 ; True ; 1 20 30 128 389 396 549 890 906  ; 3 1 7 2 7 1 5 4 3 4 2 3 3 4 2 3 4 2 4 1 
118.7 ; 1.647e-15 ; True ; 30 113 164 389 502 549 879 890  ; 3 1 6 1 6 2 5 5 3 4 3 3 2 4 4 3 3 2 4 1 
121.2 ; 1.688e-15 ; True ; 1 30 128 164 174 389 507 727 906  ; 4 1 7 2 7 2 5 3 2 4 4 4 2 5 3 2 2 2 5 1 
123.1 ; 1.791e-15 ; True ; 30 128 164 174 389 507 727 890 906  ; 5 1 7 1 7 2 6 4 2 3 4 4 2 4 3 3 3 2 5 1 
124 ; 1.908e-15 ; True ; 1 20 30 389 431 549 727 890 906  ; 4 1 6 2 7 1 5 3 3 4 2 3 3 4 2 3 5 3 4 1 
124.9 ; 2.045e-15 ; True ; 1 20 30 389 396 507 549 890 906  ; 3 1 6 2 7 2 6 3 2 4 2 3 3 5 2 4 4 2 5 1 
125 ; 2.145e-15 ; True ; 1 20 30 113 145 389 638 727 890  ; 3 1 7 2 7 2 4 2 3 4 3 3 3 4 2 3 3 3 5 1 
125.9 ; 2.193e-15 ; True ; 1 30 113 145 164 389 638 727 890  ; 4 1 7 2 7 2 4 3 2 4 3 3 2 5 2 3 3 3 6 1 
126.1 ; 2.318e-15 ; True ; 1 30 128 164 389 507 727 890 906  ; 4 1 7 2 7 2 5 3 2 4 3 4 2 4 3 3 3 2 5 1 
128.1 ; 2.338e-15 ; True ; 1 20 30 113 389 531 549 890 906  ; 3 1 6 2 7 2 4 4 3 5 3 2 3 4 2 2 4 3 4 1 
128.8 ; 2.585e-15 ; True ; 1 30 128 164 389 507 549 890 906  ; 3 1 6 2 7 2 5 4 2 4 3 4 2 5 3 3 3 2 5 1 
128.8 ; 2.617e-15 ; True ; 30 113 164 174 389 638 727 890 906  ; 5 1 7 2 7 2 5 4 2 4 3 3 2 4 2 3 3 3 5 1 
128.8 ; 2.651e-15 ; True ; 1 20 30 113 389 396 549 890 906  ; 3 1 7 2 7 2 5 4 3 5 2 2 3 4 2 3 4 3 4 1 
129.6 ; 2.67e-15 ; True ; 1 20 25 30 113 145 389 727 890  ; 3 1 8 2 7 2 5 3 3 5 4 2 3 4 2 2 3 3 5 1 
129.8 ; 2.762e-15 ; True ; 20 30 113 174 389 638 727 890 906  ; 4 1 7 2 7 2 5 3 3 4 3 3 3 3 2 3 3 3 4 1 
129.9 ; 3.003e-15 ; True ; 1 30 164 174 389 507 549 727 906  ; 4 1 6 2 7 2 6 3 2 4 3 4 2 6 3 2 3 3 5 1 
130 ; 3.39e-15 ; True ; 1 30 164 389 507 549 727 890 906  ; 4 1 6 2 7 2 6 3 2 4 2 4 2 5 3 3 4 3 5 1 
133.9 ; 3.909e-15 ; True ; 1 30 113 164 389 549 727 890 906  ; 4 1 7 2 7 2 5 4 3 5 2 3 2 4 3 2 4 4 4 1 
135.3 ; 4.062e-15 ; True ; 30 164 174 389 502 507 727 879 906  ; 4 1 6 2 6 3 6 3 2 4 4 4 2 5 4 3 2 2 5 1 
136 ; 4.311e-15 ; True ; 1 30 113 164 389 507 727 890 906  ; 4 1 7 2 7 3 5 3 2 5 3 3 2 4 3 3 3 3 5 1 
137.2 ; 5.406e-15 ; True ; 30 164 389 502 507 549 879 890 906  ; 3 1 5 2 6 3 6 4 2 4 3 4 2 5 4 4 3 2 5 1 
137.7 ; 5.426e-15 ; True ; 1 30 164 389 507 549 727 879 890  ; 4 1 6 2 7 2 6 3 2 4 3 4 2 6 4 3 4 2 6 1 
140.9 ; 6.108e-15 ; True ; 1 30 113 164 389 507 549 727 890  ; 4 1 7 1 8 2 6 4 3 4 3 4 2 5 4 3 4 3 5 1 
143.8 ; 6.377e-15 ; True ; 1 30 113 164 389 507 727 879 890  ; 4 1 7 2 7 3 5 3 2 5 4 3 2 5 4 3 3 2 6 1 
144.7 ; 6.843e-15 ; True ; 1 30 113 164 389 507 549 879 890  ; 3 1 6 2 7 3 5 4 2 5 4 3 2 6 4 3 3 2 6 1 
145.2 ; 7.477e-15 ; True ; 30 113 164 389 502 507 727 879 890  ; 4 1 7 1 7 3 6 4 3 4 4 4 2 4 5 4 3 2 5 1 
145.2 ; 7.833e-15 ; True ; 30 113 164 389 502 507 549 879 890  ; 3 1 6 1 7 3 6 5 3 4 4 4 2 5 5 4 3 2 5 1 
151 ; 9.022e-15 ; True ; 1 30 128 164 174 389 507 727 890 906  ; 5 1 8 2 8 2 6 4 2 4 4 4 3 5 3 3 3 2 6 1 
152.6 ; 9.135e-15 ; True ; 1 20 30 113 145 174 389 638 727 890  ; 4 1 8 2 8 2 5 3 3 4 4 3 4 5 2 3 3 3 6 1 
152.6 ; 9.358e-15 ; True ; 1 20 30 128 174 389 507 727 890 906  ; 4 1 8 2 8 2 6 3 3 4 4 4 4 4 3 3 3 2 5 1 
153.6 ; 9.621e-15 ; True ; 1 20 30 113 174 389 638 727 890 906  ; 4 1 8 3 8 2 5 3 3 5 3 3 4 4 2 3 3 3 5 1 
154.8 ; 9.846e-15 ; True ; 1 20 30 113 128 174 389 727 890 906  ; 4 1 9 2 8 2 5 4 4 5 4 3 4 3 3 2 3 3 4 1 
155 ; 9.864e-15 ; True ; 30 113 164 219 389 502 727 879 890  ; 5 1 7 2 6 3 5 4 3 4 4 3 2 4 5 3 3 2 5 1 
155 ; 1.098e-14 ; True ; 30 113 164 219 389 502 549 879 890  ; 4 1 6 2 6 3 5 5 3 4 4 3 2 5 5 3 3 2 5 1 
156.1 ; 1.109e-14 ; True ; 1 30 113 128 164 174 389 727 890 906  ; 5 1 9 2 8 2 5 5 3 5 4 3 3 4 3 2 3 3 5 1 
157.4 ; 1.134e-14 ; True ; 1 20 30 113 145 174 389 549 638 727  ; 3 1 7 2 8 2 5 3 4 4 4 4 3 6 3 2 3 4 5 1 
157.4 ; 1.195e-14 ; True ; 1 20 30 113 174 389 549 638 727 906  ; 3 1 7 3 8 2 5 3 4 5 3 4 3 5 3 2 3 4 4 1 
157.5 ; 1.235e-14 ; True ; 1 20 30 389 396 507 549 727 890 906  ; 4 1 7 2 8 2 7 3 3 4 2 4 3 5 3 4 5 3 5 1 
158.7 ; 1.258e-14 ; True ; 1 30 113 174 307 389 549 727 890 906  ; 4 1 7 2 7 2 6 4 3 5 3 3 3 4 3 3 4 4 4 1 
159.3 ; 1.424e-14 ; True ; 1 30 164 174 389 507 549 727 890 906  ; 5 1 7 2 8 2 7 4 2 4 3 4 3 6 3 3 4 3 6 1 
159.4 ; 1.44e-14 ; True ; 1 20 30 113 145 389 549 638 727 890  ; 3 1 7 2 8 2 5 3 4 4 3 4 3 5 3 3 4 4 5 1 
160.5 ; 1.535e-14 ; True ; 1 20 30 174 389 507 549 727 890 906  ; 4 1 7 2 8 2 7 3 3 4 3 4 4 5 3 3 4 3 5 1 
162.5 ; 1.622e-14 ; True ; 1 20 30 389 431 507 549 727 890 906  ; 4 1 6 2 8 2 6 3 3 4 3 4 3 5 3 4 5 3 5 1 
164.3 ; 1.67e-14 ; True ; 1 30 113 164 174 389 549 727 890 906  ; 5 1 8 2 8 2 6 5 3 5 3 3 3 5 3 2 4 4 5 1 
165 ; 1.714e-14 ; True ; 1 20 25 30 389 507 549 727 890 906  ; 3 1 7 3 8 2 7 3 3 5 3 4 3 5 3 3 4 3 5 1 
165.4 ; 1.869e-14 ; True ; 1 20 30 113 389 431 549 727 890 906  ; 4 1 7 2 8 2 5 4 4 5 3 3 3 4 3 3 5 4 4 1 
167.3 ; 1.905e-14 ; True ; 1 20 30 113 389 396 507 549 890 906  ; 3 1 7 2 8 3 6 4 3 5 3 3 3 5 3 4 4 3 5 1 
168.3 ; 1.918e-14 ; True ; 1 30 113 164 174 389 507 549 638 727  ; 4 1 7 2 9 2 6 4 3 4 4 5 2 7 4 3 3 3 6 1 
168.6 ; 1.929e-14 ; True ; 30 164 174 389 502 507 727 879 890 906  ; 5 1 7 2 7 3 7 4 2 4 4 4 3 5 4 4 3 2 6 1 
169.1 ; 2.017e-14 ; True ; 30 164 174 389 507 549 727 879 890 906  ; 5 1 6 2 7 3 7 4 2 4 4 4 2 6 4 3 4 3 6 1 
169.3 ; 2.224e-14 ; True ; 1 30 113 164 389 507 549 638 727 890  ; 4 1 7 2 9 2 6 4 3 4 3 5 2 6 4 4 4 3 6 1 
170.5 ; 2.5e-14 ; True ; 1 30 113 164 389 507 549 727 890 906  ; 4 1 7 2 8 3 6 4 3 5 3 4 2 5 4 3 4 4 5 1 
174.6 ; 2.8e-14 ; True ; 30 164 389 502 507 549 727 879 890 906  ; 4 1 6 2 7 3 7 4 3 4 3 5 2 5 5 4 4 3 5 1 
176 ; 2.961e-14 ; True ; 1 25 30 113 164 389 507 549 727 890  ; 4 1 8 2 9 2 7 5 3 5 4 4 2 6 4 3 4 3 6 1 
178 ; 3.2e-14 ; True ; 1 20 25 30 113 389 507 549 727 890  ; 3 1 8 2 9 2 7 4 4 5 4 4 3 5 4 3 4 3 5 1 
179.7 ; 3.213e-14 ; True ; 30 113 164 389 502 507 549 879 890 906  ; 3 1 6 2 7 4 6 5 3 5 4 4 2 5 5 4 3 3 5 1 
180.3 ; 3.754e-14 ; True ; 1 30 113 164 389 507 549 727 879 890  ; 4 1 7 2 8 3 6 4 3 5 4 4 2 6 5 3 4 3 6 1 
183.5 ; 3.887e-14 ; True ; 30 113 164 219 389 502 507 549 879 890  ; 4 1 6 2 7 4 6 5 3 4 5 4 2 6 6 4 3 2 6 1 
186 ; 3.953e-14 ; True ; 1 30 113 174 307 389 549 638 727 890 906  ; 4 1 7 3 8 2 6 4 3 5 3 4 3 5 3 4 4 4 5 1 
188.8 ; 4.149e-14 ; True ; 1 20 30 113 145 389 549 638 727 890 906  ; 3 1 7 3 8 3 5 3 4 5 3 4 3 5 3 3 4 5 5 1 
189.8 ; 4.391e-14 ; True ; 1 20 30 389 396 431 507 549 727 890 906  ; 5 1 7 2 9 2 7 4 3 4 3 4 3 6 3 5 6 3 6 1 
189.8 ; 4.478e-14 ; True ; 1 20 30 174 389 396 507 549 727 890 906  ; 5 1 8 2 9 2 8 4 3 4 3 4 4 6 3 4 5 3 6 1 
190.2 ; 4.891e-14 ; True ; 1 30 128 164 174 389 507 549 727 890 906  ; 5 1 8 2 9 2 7 5 3 4 4 5 3 6 4 3 4 3 6 1 
191.8 ; 4.991e-14 ; True ; 1 20 30 128 174 389 507 549 727 890 906  ; 4 1 8 2 9 2 7 4 4 4 4 5 4 5 4 3 4 3 5 1 
191.8 ; 5.09e-14 ; True ; 1 20 30 113 145 174 389 549 638 727 890  ; 4 1 8 2 9 2 6 4 4 4 4 4 4 6 3 3 4 4 6 1 
191.9 ; 5.572e-14 ; True ; 1 20 30 113 174 389 549 638 727 890 906  ; 4 1 8 3 9 2 6 4 4 5 3 4 4 5 3 3 4 4 5 1 
195.7 ; 5.873e-14 ; True ; 1 20 30 113 389 431 549 638 727 890 906  ; 4 1 7 3 9 2 5 4 4 5 3 4 3 5 3 4 5 4 5 1 
198.1 ; 5.981e-14 ; True ; 1 20 25 30 113 389 396 549 727 890 906  ; 4 1 9 3 9 2 7 5 4 6 3 3 3 5 3 3 5 4 5 1 
198.8 ; 6.308e-14 ; True ; 1 20 30 113 174 389 431 549 727 890 906  ; 5 1 8 2 9 2 6 5 4 5 4 3 4 5 3 3 5 4 5 1 
200.2 ; 6.385e-14 ; True ; 1 20 25 30 389 431 507 549 727 890 906  ; 4 1 7 3 9 2 7 4 3 5 4 4 3 6 3 4 5 3 6 1 
201 ; 6.687e-14 ; True ; 20 25 30 113 174 389 549 638 727 890 906  ; 4 1 8 3 9 2 7 5 4 5 4 4 3 5 3 3 4 4 5 1 
201.8 ; 6.828e-14 ; True ; 1 30 113 164 389 507 549 638 727 890 906  ; 4 1 7 3 9 3 6 4 3 5 3 5 2 6 4 4 4 4 6 1 
202.2 ; 7.187e-14 ; True ; 1 20 25 30 113 389 431 549 727 890 906  ; 4 1 8 3 9 2 6 5 4 6 4 3 3 5 3 3 5 4 5 1 
202.7 ; 7.283e-14 ; True ; 1 30 113 164 174 389 507 549 638 727 890  ; 5 1 8 2 10 2 7 5 3 4 4 5 3 7 4 4 4 3 7 1 
203.9 ; 7.964e-14 ; True ; 1 20 30 113 389 396 507 549 727 890 906  ; 4 1 8 2 9 3 7 4 4 5 3 4 3 5 4 4 5 4 5 1 
204.8 ; 8.623e-14 ; True ; 1 30 113 164 174 389 507 549 727 890 906  ; 5 1 8 2 9 3 7 5 3 5 4 4 3 6 4 3 4 4 6 1 
206 ; 8.799e-14 ; True ; 1 20 30 113 174 389 507 549 727 890 906  ; 4 1 8 2 9 3 7 4 4 5 4 4 4 5 4 3 4 4 5 1 
208.9 ; 9.455e-14 ; True ; 1 20 30 113 389 431 507 549 727 890 906  ; 4 1 7 2 9 3 6 4 4 5 4 4 3 5 4 4 5 4 5 1 
210.8 ; 9.701e-14 ; True ; 30 164 174 389 502 507 549 727 879 890 906  ; 5 1 7 2 8 3 8 5 3 4 4 5 3 6 5 4 4 3 6 1 
212.1 ; 9.708e-14 ; True ; 1 30 164 389 502 507 549 727 879 890 906  ; 4 1 7 3 8 3 7 4 3 5 3 5 3 6 5 4 4 3 6 1 
212.5 ; 9.894e-14 ; True ; 1 30 113 164 389 396 507 549 727 879 890  ; 5 1 8 2 9 3 7 5 3 5 4 4 2 7 5 4 5 3 7 1 
214.2 ; 1.05e-13 ; True ; 1 20 25 30 113 389 431 507 549 727 890  ; 4 1 8 2 10 2 7 5 4 5 5 4 3 6 4 4 5 3 6 1 
215.3 ; 1.065e-13 ; True ; 1 30 113 164 389 502 507 549 727 890 906  ; 4 1 8 2 9 3 7 5 4 5 3 5 3 5 5 4 4 4 5 1 
216.5 ; 1.153e-13 ; True ; 1 30 113 164 174 389 507 549 727 879 890  ; 5 1 8 2 9 3 7 5 3 5 5 4 3 7 5 3 4 3 7 1 
218.6 ; 1.196e-13 ; True ; 1 20 30 113 389 396 507 549 727 879 890  ; 4 1 8 2 9 3 7 4 4 5 4 4 3 6 5 4 5 3 6 1 
219.7 ; 1.208e-13 ; True ; 1 30 113 128 174 307 389 549 638 727 890 906  ; 4 1 8 3 9 2 6 5 4 5 4 5 3 5 4 4 4 4 5 1 
221.1 ; 1.234e-13 ; True ; 30 113 164 389 502 507 549 727 879 890 906  ; 4 1 7 2 8 4 7 5 4 5 4 5 2 5 6 4 4 4 5 1 
222.2 ; 1.267e-13 ; True ; 1 20 30 113 128 174 389 431 638 727 890 906  ; 5 1 9 3 10 2 5 5 4 5 5 4 4 5 3 4 4 3 6 1 
223.7 ; 1.331e-13 ; True ; 1 20 30 113 389 431 507 549 727 879 890  ; 4 1 7 2 9 3 6 4 4 5 5 4 3 6 5 4 5 3 6 1 
224 ; 1.537e-13 ; True ; 1 30 113 164 389 502 507 549 727 879 890  ; 4 1 8 2 9 3 7 5 4 5 4 5 3 6 6 4 4 3 6 1 
226.5 ; 1.577e-13 ; True ; 1 20 30 113 128 174 389 549 638 727 890 906  ; 4 1 9 3 10 2 6 5 5 5 4 5 4 5 4 3 4 4 5 1 
228 ; 1.585e-13 ; True ; 1 30 113 128 164 174 389 549 638 727 890 906  ; 5 1 9 3 10 2 6 6 4 5 4 5 3 6 4 3 4 4 6 1 
228.6 ; 1.629e-13 ; True ; 1 20 25 30 113 145 174 389 549 638 727 890  ; 4 1 9 3 10 2 7 5 4 5 5 4 4 7 3 3 4 4 7 1 
230.5 ; 1.71e-13 ; True ; 1 20 25 30 113 174 389 549 638 727 890 906  ; 4 1 9 4 10 2 7 5 4 6 4 4 4 6 3 3 4 4 6 1 
231.1 ; 1.836e-13 ; True ; 1 20 30 113 174 389 431 549 638 727 890 906  ; 5 1 8 3 10 2 6 5 4 5 4 4 4 6 3 4 5 4 6 1 
237.3 ; 2.001e-13 ; True ; 1 20 30 113 389 396 507 531 549 727 890 906  ; 5 1 8 2 10 3 7 5 4 5 4 4 3 6 4 4 6 4 6 1 
238 ; 2.041e-13 ; True ; 1 20 30 113 389 396 507 549 638 727 890 906  ; 4 1 8 3 10 3 7 4 4 5 3 5 3 6 4 5 5 4 6 1 
238.1 ; 2.236e-13 ; True ; 1 30 113 164 174 389 507 549 638 727 890 906  ; 5 1 8 3 10 3 7 5 3 5 4 5 3 7 4 4 4 4 7 1 
239.2 ; 2.403e-13 ; True ; 1 20 30 113 174 389 507 549 638 727 890 906  ; 4 1 8 3 10 3 7 4 4 5 4 5 4 6 4 4 4 4 6 1 
243.1 ; 2.424e-13 ; True ; 1 20 30 113 389 431 507 549 638 727 890 906  ; 4 1 7 3 10 3 6 4 4 5 4 5 3 6 4 5 5 4 6 1 
245.5 ; 2.473e-13 ; True ; 1 20 25 30 113 174 389 507 549 638 727 890  ; 4 1 9 3 11 2 8 5 4 5 5 5 4 7 4 4 4 3 7 1 
245.5 ; 2.714e-13 ; True ; 1 20 25 30 113 389 396 507 549 727 890 906  ; 4 1 9 3 10 3 8 5 4 6 4 4 3 6 4 4 5 4 6 1 
246.2 ; 2.718e-13 ; True ; 1 20 30 113 174 389 431 507 549 727 890 906  ; 5 1 8 2 10 3 7 5 4 5 5 4 4 6 4 4 5 4 6 1 
247.6 ; 2.813e-13 ; True ; 1 20 25 30 113 174 389 507 549 727 890 906  ; 4 1 9 3 10 3 8 5 4 6 5 4 4 6 4 3 4 4 6 1 
250.6 ; 3.097e-13 ; True ; 1 20 25 30 113 389 431 507 549 727 890 906  ; 4 1 8 3 10 3 7 5 4 6 5 4 3 6 4 4 5 4 6 1 
255.2 ; 3.145e-13 ; True ; 1 20 30 113 389 396 507 549 727 879 890 906  ; 4 1 8 3 9 4 7 4 4 6 4 4 3 6 5 4 5 4 6 1 
256.9 ; 3.408e-13 ; True ; 1 20 30 113 164 389 431 507 549 727 890 906  ; 5 1 8 2 10 3 7 5 4 5 4 4 3 6 4 4 5 4 6 2 
260.2 ; 3.49e-13 ; True ; 1 25 30 113 164 389 502 507 549 727 890 906  ; 4 1 9 3 10 3 8 6 4 6 4 5 3 6 5 4 4 4 6 1 
261 ; 3.568e-13 ; True ; 1 30 113 164 389 396 502 507 549 727 879 890  ; 5 1 9 2 10 3 8 6 4 5 4 5 3 7 6 5 5 3 7 1 
262.2 ; 3.793e-13 ; True ; 30 113 164 174 389 502 507 549 727 879 890 906  ; 5 1 8 2 9 4 8 6 4 5 5 5 3 6 6 4 4 4 6 1 
262.5 ; 4.041e-13 ; True ; 1 30 113 164 389 502 507 549 727 879 890 906  ; 4 1 8 3 9 4 7 5 4 6 4 5 3 6 6 4 4 4 6 1 
264.9 ; 4.122e-13 ; True ; 1 20 30 113 128 174 389 396 549 638 727 890 906  ; 5 1 10 3 11 2 7 6 5 5 4 5 4 6 4 4 5 4 6 1 
267.4 ; 4.303e-13 ; True ; 1 20 30 113 145 174 389 431 549 638 727 890 906  ; 5 1 8 3 10 3 6 5 4 5 5 4 4 7 3 4 5 5 7 1 
269.1 ; 4.686e-13 ; True ; 1 20 30 113 128 174 389 431 549 638 727 890 906  ; 5 1 9 3 11 2 6 6 5 5 5 5 4 6 4 4 5 4 6 1 
273.3 ; 4.783e-13 ; True ; 1 20 30 113 174 330 389 507 549 638 727 890 906  ; 5 1 9 3 10 3 8 4 5 5 4 6 4 6 4 4 4 5 6 1 
273.6 ; 4.824e-13 ; True ; 1 20 25 30 113 174 389 431 549 638 727 890 906  ; 5 1 9 4 11 2 7 6 4 6 5 4 4 7 3 4 5 4 7 1 
274.1 ; 4.978e-13 ; True ; 1 30 113 164 219 389 502 507 549 727 879 890  ; 5 1 8 3 9 4 7 5 4 5 5 5 3 7 7 4 4 3 7 1 
275.5 ; 5.022e-13 ; True ; 1 20 30 113 145 174 389 507 549 638 727 890 906  ; 4 1 8 3 10 4 7 4 4 5 5 5 4 7 4 4 4 5 7 1 
276.3 ; 5.492e-13 ; True ; 1 30 113 128 164 174 389 507 549 638 727 890 906  ; 5 1 9 3 11 3 7 6 4 5 5 6 3 7 5 4 4 4 7 1 
277.3 ; 5.8e-13 ; True ; 1 20 30 113 174 389 396 507 549 638 727 890 906  ; 5 1 9 3 11 3 8 5 4 5 4 5 4 7 4 5 5 4 7 1 
282.3 ; 5.84e-13 ; True ; 1 20 30 113 174 389 396 431 507 549 727 890 906  ; 6 1 9 2 11 3 8 6 4 5 5 4 4 7 4 5 6 4 7 1 
282.4 ; 6.617e-13 ; True ; 1 20 30 113 174 389 431 507 549 638 727 890 906  ; 5 1 8 3 11 3 7 5 4 5 5 5 4 7 4 5 5 4 7 1 
286.6 ; 6.839e-13 ; True ; 1 20 25 30 113 174 389 396 507 549 727 890 906  ; 5 1 10 3 11 3 9 6 4 6 5 4 4 7 4 4 5 4 7 1 
288.8 ; 6.875e-13 ; True ; 1 20 25 30 113 389 431 507 549 636 727 890 906  ; 4 1 8 3 11 3 8 5 4 6 5 5 4 6 4 4 6 5 6 1 
290.1 ; 7.019e-13 ; True ; 1 20 30 113 164 389 507 531 549 638 727 890 906  ; 5 1 8 3 11 3 7 5 4 5 4 5 3 7 4 4 5 4 7 2 
291.2 ; 8.026e-13 ; True ; 1 20 30 113 164 174 389 507 549 638 727 890 906  ; 5 1 9 3 11 3 8 5 4 5 4 5 4 7 4 4 4 4 7 2 
295.1 ; 8.296e-13 ; True ; 1 20 30 113 164 389 431 507 549 638 727 890 906  ; 5 1 8 3 11 3 7 5 4 5 4 5 3 7 4 5 5 4 7 2 
297.4 ; 8.379e-13 ; True ; 1 20 30 113 174 389 396 507 549 727 879 890 906  ; 5 1 9 3 10 4 8 5 4 6 5 4 4 7 5 4 5 4 7 1 
298.1 ; 8.417e-13 ; True ; 1 20 30 113 164 174 389 431 507 549 727 890 906  ; 6 1 9 2 11 3 8 6 4 5 5 4 4 7 4 4 5 4 7 2 
302.2 ; 8.566e-13 ; True ; 1 25 30 113 164 174 389 502 507 549 727 890 906  ; 5 1 10 3 11 3 9 7 4 6 5 5 4 7 5 4 4 4 7 1 
303.4 ; 9.18e-13 ; True ; 1 20 30 113 174 389 431 507 549 727 879 890 906  ; 5 1 8 3 10 4 7 5 4 6 6 4 4 7 5 4 5 4 7 1 
303.5 ; 9.383e-13 ; True ; 1 30 113 164 389 396 502 507 549 727 879 890 906  ; 5 1 9 3 10 4 8 6 4 6 4 5 3 7 6 5 5 4 7 1 
305.6 ; 1.036e-12 ; True ; 1 30 113 164 174 389 502 507 549 727 879 890 906  ; 5 1 9 3 10 4 8 6 4 6 5 5 4 7 6 4 4 4 7 1 
307.1 ; 1.05e-12 ; True ; 1 20 30 113 164 389 396 507 549 727 879 890 906  ; 5 1 9 3 10 4 8 5 4 6 4 4 3 7 5 4 5 4 7 2 
310.1 ; 1.088e-12 ; True ; 1 20 30 113 164 174 389 507 549 727 879 890 906  ; 5 1 9 3 10 4 8 5 4 6 5 4 4 7 5 3 4 4 7 2 
313.1 ; 1.199e-12 ; True ; 1 20 30 113 164 389 431 507 549 727 879 890 906  ; 5 1 8 3 10 4 7 5 4 6 5 4 3 7 5 4 5 4 7 2 
319.2 ; 1.324e-12 ; True ; 1 20 30 113 128 174 389 396 507 549 638 727 890 906  ; 5 1 10 3 12 3 8 6 5 5 5 6 4 7 5 5 5 4 7 1 
321.5 ; 1.361e-12 ; True ; 1 20 30 113 164 389 502 507 549 727 879 890 906  ; 4 1 9 3 10 4 8 5 5 6 4 5 4 6 6 4 4 4 6 2 
324.4 ; 1.464e-12 ; True ; 1 20 30 113 128 174 389 431 507 549 638 727 890 906  ; 5 1 9 3 12 3 7 6 5 5 6 6 4 7 5 5 5 4 7 1 
330.1 ; 1.514e-12 ; True ; 1 20 30 113 164 174 330 389 507 549 638 727 890 906  ; 6 1 10 3 11 3 9 5 5 5 4 6 4 7 4 4 4 5 7 2 
330.7 ; 1.539e-12 ; True ; 1 20 30 113 174 307 389 431 507 549 638 727 890 906  ; 5 1 8 3 11 3 8 5 4 5 5 5 4 7 4 6 5 4 7 2 
332.4 ; 1.658e-12 ; True ; 1 20 30 113 164 174 389 507 549 636 638 727 890 906  ; 5 1 9 3 12 3 9 5 4 5 4 6 5 7 4 4 5 5 7 2 
333.1 ; 1.702e-12 ; True ; 1 20 30 113 164 174 389 396 507 549 638 727 890 906  ; 6 1 10 3 12 3 9 6 4 5 4 5 4 8 4 5 5 4 8 2 
333.7 ; 1.832e-12 ; True ; 1 20 30 113 128 164 174 389 507 549 638 727 890 906  ; 5 1 10 3 12 3 8 6 5 5 5 6 4 7 5 4 4 4 7 2 
338.3 ; 1.975e-12 ; True ; 1 20 30 113 164 174 389 431 507 549 638 727 890 906  ; 6 1 9 3 12 3 8 6 4 5 5 5 4 8 4 5 5 4 8 2 
346.5 ; 2.191e-12 ; True ; 1 20 25 30 113 164 389 431 507 549 636 727 890 906  ; 5 1 9 3 12 3 9 6 4 6 5 5 4 7 4 4 6 5 7 2 
350.1 ; 2.192e-12 ; True ; 1 20 30 113 164 389 396 507 549 638 727 879 890 906  ; 5 1 9 4 11 4 8 5 4 6 4 5 3 8 5 5 5 4 8 2 
352.3 ; 2.419e-12 ; True ; 1 20 30 113 164 174 389 507 549 638 727 879 890 906  ; 5 1 9 4 11 4 8 5 4 6 5 5 4 8 5 4 4 4 8 2 
353.1 ; 2.459e-12 ; True ; 1 20 30 113 164 174 389 396 507 549 727 879 890 906  ; 6 1 10 3 11 4 9 6 4 6 5 4 4 8 5 4 5 4 8 2 
354.1 ; 2.482e-12 ; True ; 1 20 30 113 164 389 396 431 507 549 727 879 890 906  ; 6 1 9 3 11 4 8 6 4 6 5 4 3 8 5 5 6 4 8 2 
356.2 ; 2.5e-12 ; True ; 1 20 30 113 164 389 431 507 549 638 727 879 890 906  ; 5 1 8 4 11 4 7 5 4 6 5 5 3 8 5 5 5 4 8 2 
359.2 ; 2.74e-12 ; True ; 1 20 30 113 164 174 389 431 507 549 727 879 890 906  ; 6 1 9 3 11 4 8 6 4 6 6 4 4 8 5 4 5 4 8 2 
365.6 ; 2.801e-12 ; True ; 1 20 25 30 113 164 389 431 507 549 727 879 890 906  ; 5 1 9 4 11 4 8 6 4 7 6 4 3 8 5 4 5 4 8 2 
366 ; 2.849e-12 ; True ; 1 20 30 113 128 174 389 431 507 549 636 638 727 890 906  ; 5 1 9 3 13 3 8 6 5 5 6 7 5 7 5 5 6 5 7 1 
366.4 ; 3.105e-12 ; True ; 1 20 30 113 164 389 396 502 507 549 727 879 890 906  ; 5 1 10 3 11 4 9 6 5 6 4 5 4 7 6 5 5 4 7 2 
368.6 ; 3.214e-12 ; True ; 1 20 30 113 164 174 389 502 507 549 727 879 890 906  ; 5 1 10 3 11 4 9 6 5 6 5 5 5 7 6 4 4 4 7 2 
373.4 ; 3.604e-12 ; True ; 1 20 30 113 164 389 431 502 507 549 727 879 890 906  ; 5 1 9 3 11 4 8 6 5 6 5 5 4 7 6 5 5 4 7 2 
377.2 ; 3.685e-12 ; True ; 1 20 30 113 128 164 174 389 507 549 636 638 727 890 906  ; 5 1 10 3 13 3 9 6 5 5 5 7 5 7 5 4 5 5 7 2 
382.5 ; 3.919e-12 ; True ; 1 20 30 113 164 174 389 431 507 549 636 638 727 890 906  ; 6 1 9 3 13 3 9 6 4 5 5 6 5 8 4 5 6 5 8 2 
384.1 ; 4.218e-12 ; True ; 1 20 30 113 128 164 174 389 431 507 549 638 727 890 906  ; 6 1 10 3 13 3 8 7 5 5 6 6 4 8 5 5 5 4 8 2 
390.7 ; 4.424e-12 ; True ; 1 20 25 30 113 164 174 389 431 507 549 638 727 890 906  ; 6 1 10 4 13 3 9 7 4 6 6 5 4 9 4 5 5 4 9 2 
395.8 ; 4.45e-12 ; True ; 1 20 30 113 128 164 389 431 549 636 638 727 879 890 906  ; 5 1 9 4 12 3 7 6 5 6 5 6 4 7 5 4 6 5 7 2 
396 ; 4.679e-12 ; True ; 1 20 25 30 113 128 164 389 431 507 549 636 727 890 906  ; 5 1 10 3 13 3 9 7 5 6 6 6 4 7 5 4 6 5 7 2 
398.2 ; 4.993e-12 ; True ; 1 20 30 113 164 174 389 396 507 549 638 727 879 890 906  ; 6 1 10 4 12 4 9 6 4 6 5 5 4 9 5 5 5 4 9 2 
399.4 ; 4.998e-12 ; True ; 1 20 30 113 164 174 389 507 549 636 638 727 879 890 906  ; 5 1 9 4 12 4 9 5 4 6 5 6 5 8 5 4 5 5 8 2 
399.7 ; 5.098e-12 ; True ; 1 20 30 113 128 164 174 389 507 549 638 727 879 890 906  ; 5 1 10 4 12 4 8 6 5 6 6 6 4 8 6 4 4 4 8 2 
401.5 ; 5.218e-12 ; True ; 1 20 30 113 128 164 174 389 396 507 549 727 879 890 906  ; 6 1 11 3 12 4 9 7 5 6 6 5 4 8 6 4 5 4 8 2 
403.2 ; 5.315e-12 ; True ; 1 20 30 113 164 389 396 431 507 549 636 727 879 890 906  ; 6 1 9 3 12 4 9 6 4 6 5 5 4 8 5 5 7 5 8 2 
404.3 ; 5.334e-12 ; True ; 1 20 30 113 164 389 431 507 549 636 638 727 879 890 906  ; 5 1 8 4 12 4 8 5 4 6 5 6 4 8 5 5 6 5 8 2 
404.3 ; 5.564e-12 ; True ; 1 20 30 113 164 174 389 431 507 549 638 727 879 890 906  ; 6 1 9 4 12 4 8 6 4 6 6 5 4 9 5 5 5 4 9 2 
407.4 ; 5.657e-12 ; True ; 1 20 30 113 164 174 389 431 507 549 636 727 879 890 906  ; 6 1 9 3 12 4 9 6 4 6 6 5 5 8 5 4 6 5 8 2 
407.6 ; 5.693e-12 ; True ; 1 20 30 113 128 164 174 389 431 507 549 727 879 890 906  ; 6 1 10 3 12 4 8 7 5 6 7 5 4 8 6 4 5 4 8 2 
413.5 ; 6.048e-12 ; True ; 1 20 30 113 164 389 396 502 507 531 549 727 879 890 906  ; 6 1 10 3 12 4 9 7 5 6 5 5 4 8 6 5 6 4 8 2 
416.4 ; 6.559e-12 ; True ; 1 20 30 113 164 174 389 396 502 507 549 727 879 890 906  ; 6 1 11 3 12 4 10 7 5 6 5 5 5 8 6 5 5 4 8 2 
419.3 ; 6.871e-12 ; True ; 1 20 30 113 164 389 396 431 502 507 549 727 879 890 906  ; 6 1 10 3 12 4 9 7 5 6 5 5 4 8 6 6 6 4 8 2 
422.3 ; 6.945e-12 ; True ; 1 20 30 113 164 389 431 502 507 549 638 727 879 890 906  ; 5 1 9 4 12 4 8 6 5 6 5 6 4 8 6 6 5 4 8 2 
423.4 ; 7.399e-12 ; True ; 1 20 30 113 164 174 389 431 502 507 549 727 879 890 906  ; 6 1 10 3 12 4 9 7 5 6 6 5 5 8 6 5 5 4 8 2 
430.4 ; 7.449e-12 ; True ; 1 20 30 113 128 164 174 389 396 431 507 549 638 727 890 906  ; 7 1 11 3 14 3 9 8 5 5 6 6 4 9 5 6 6 4 9 2 
433.1 ; 7.716e-12 ; True ; 1 20 30 113 128 164 389 431 486 507 549 636 638 727 890 906  ; 6 1 10 4 14 3 8 6 5 6 5 7 4 8 5 5 6 5 8 2 
433.3 ; 7.732e-12 ; True ; 1 20 30 113 128 174 307 389 431 549 636 638 727 879 890 906  ; 5 1 9 4 12 3 8 6 5 6 6 6 5 7 5 5 6 5 7 2 
435.3 ; 7.813e-12 ; True ; 1 20 30 113 164 219 389 396 502 507 549 727 879 890 906  ; 6 1 10 4 11 5 9 6 5 6 5 5 4 8 7 5 5 4 8 2 
437.5 ; 7.914e-12 ; True ; 1 20 30 113 128 164 174 389 396 507 636 638 727 879 890 906  ; 6 1 11 4 13 4 9 6 4 6 6 6 5 8 5 5 5 4 9 2 
440.2 ; 7.918e-12 ; True ; 1 20 30 113 128 164 174 389 396 431 549 636 638 727 879 906  ; 6 1 10 4 13 3 8 7 5 6 6 6 4 9 5 4 6 5 8 2 
442 ; 8.081e-12 ; True ; 1 20 30 113 128 174 307 389 507 549 636 638 727 879 890 906  ; 4 1 9 4 12 4 9 5 5 6 6 7 5 7 6 5 5 5 7 2 
442.4 ; 9.21e-12 ; True ; 1 20 30 113 128 164 174 389 431 549 636 638 727 879 890 906  ; 6 1 10 4 13 3 8 7 5 6 6 6 5 8 5 4 6 5 8 2 
448.3 ; 9.852e-12 ; True ; 1 20 30 113 164 174 389 396 507 549 636 638 727 879 890 906  ; 6 1 10 4 13 4 10 6 4 6 5 6 5 9 5 5 6 5 9 2 
450.9 ; 9.905e-12 ; True ; 1 20 30 113 128 164 389 396 507 549 636 638 727 879 890 906  ; 5 1 10 4 13 4 9 6 5 6 5 7 4 8 6 5 6 5 8 2 
451.2 ; 9.969e-12 ; True ; 1 20 30 113 164 389 396 431 507 549 636 638 727 879 890 906  ; 6 1 9 4 13 4 9 6 4 6 5 6 4 9 5 6 7 5 9 2 
452 ; 1.03e-11 ; True ; 1 20 30 113 128 164 174 389 396 507 549 636 727 879 890 906  ; 6 1 11 3 13 4 10 7 5 6 6 6 5 8 6 4 6 5 8 2 
454.3 ; 1.031e-11 ; True ; 1 20 30 113 164 174 389 396 431 507 549 636 727 879 890 906  ; 7 1 10 3 13 4 10 7 4 6 6 5 5 9 5 5 7 5 9 2 
454.4 ; 1.104e-11 ; True ; 1 20 30 113 164 174 389 431 507 549 636 638 727 879 890 906  ; 6 1 9 4 13 4 9 6 4 6 6 6 5 9 5 5 6 5 9 2 
455.1 ; 1.111e-11 ; True ; 1 20 30 113 128 164 174 389 431 507 549 638 727 879 890 906  ; 6 1 10 4 13 4 8 7 5 6 7 6 4 9 6 5 5 4 9 2 
458.1 ; 1.129e-11 ; True ; 1 20 30 113 128 164 174 389 431 507 549 636 727 879 890 906  ; 6 1 10 3 13 4 9 7 5 6 7 6 5 8 6 4 6 5 8 2 
465.3 ; 1.133e-11 ; True ; 1 20 30 113 128 174 307 389 396 486 507 549 636 638 727 890 906  ; 6 1 11 4 14 3 10 6 5 6 5 7 5 8 5 6 6 5 8 2 
465.3 ; 1.134e-11 ; True ; 1 20 30 113 164 389 396 502 507 531 549 638 727 879 890 906  ; 6 1 10 4 13 4 9 7 5 6 5 6 4 9 6 6 6 4 9 2 
467.2 ; 1.23e-11 ; True ; 1 20 30 113 164 174 389 396 502 507 549 638 727 879 890 906  ; 6 1 11 4 13 4 10 7 5 6 5 6 5 9 6 6 5 4 9 2 
469.4 ; 1.237e-11 ; True ; 1 20 30 113 164 174 389 502 507 549 636 638 727 879 890 906  ; 5 1 10 4 13 4 10 6 5 6 5 7 6 8 6 5 5 5 8 2 
470.3 ; 1.238e-11 ; True ; 1 20 30 113 164 174 389 396 502 507 549 636 727 879 890 906  ; 6 1 11 3 13 4 11 7 5 6 5 6 6 8 6 5 6 5 8 2 
470.6 ; 1.278e-11 ; True ; 1 20 30 113 128 174 307 389 431 486 507 549 636 638 727 890 906  ; 6 1 10 4 14 3 9 6 5 6 6 7 5 8 5 6 6 5 8 2 
472.2 ; 1.299e-11 ; True ; 1 20 30 113 164 174 389 396 431 502 507 549 727 879 890 906  ; 7 1 11 3 13 4 10 8 5 6 6 5 5 9 6 6 6 4 9 2 
474.1 ; 1.318e-11 ; True ; 1 20 30 113 164 389 396 431 502 507 549 636 727 879 890 906  ; 6 1 10 3 13 4 10 7 5 6 5 6 5 8 6 6 7 5 8 2 
474.3 ; 1.388e-11 ; True ; 1 20 30 113 164 174 389 431 502 507 549 638 727 879 890 906  ; 6 1 10 4 13 4 9 7 5 6 6 6 5 9 6 6 5 4 9 2 
477.4 ; 1.402e-11 ; True ; 1 20 30 113 164 174 389 431 502 507 549 636 727 879 890 906  ; 6 1 10 3 13 4 10 7 5 6 6 6 6 8 6 5 6 5 8 2 
483.5 ; 1.434e-11 ; True ; 1 20 30 113 128 174 307 389 396 431 549 636 638 727 879 890 906  ; 6 1 10 4 13 3 9 7 5 6 6 6 5 8 5 6 7 5 8 2 
490 ; 1.458e-11 ; True ; 1 20 30 113 164 174 330 389 431 507 549 594 636 638 727 890 906  ; 7 1 10 4 13 4 10 6 5 6 5 7 5 8 5 5 6 6 8 2 
490.3 ; 1.512e-11 ; True ; 1 20 30 113 128 164 174 330 389 431 549 636 638 727 879 890 906  ; 7 1 11 4 13 3 9 7 6 6 6 7 5 8 5 4 6 6 8 2 
492.6 ; 1.645e-11 ; True ; 1 20 30 113 128 164 174 389 396 431 549 636 638 727 879 890 906  ; 7 1 11 4 14 3 9 8 5 6 6 6 5 9 5 5 7 5 9 2 
499.2 ; 1.668e-11 ; True ; 1 20 30 113 164 174 389 396 507 531 549 636 638 727 879 890 906  ; 7 1 10 4 14 4 10 7 4 6 6 6 5 10 5 5 7 5 10 2 
500.4 ; 1.778e-11 ; True ; 1 20 30 113 128 174 307 389 431 507 549 636 638 727 879 890 906  ; 5 1 9 4 13 4 9 6 5 6 7 7 5 8 6 6 6 5 8 2 
504.2 ; 1.89e-11 ; True ; 1 20 30 113 164 174 330 389 431 507 549 636 638 727 879 890 906  ; 7 1 10 4 13 4 10 6 5 6 6 7 5 9 5 5 6 6 9 2 
504.3 ; 1.895e-11 ; True ; 1 20 30 113 164 174 389 396 431 507 549 636 638 727 879 890 906  ; 7 1 10 4 14 4 10 7 4 6 6 6 5 10 5 6 7 5 10 2 
507.5 ; 2.145e-11 ; True ; 1 20 30 113 128 164 174 389 431 507 549 636 638 727 879 890 906  ; 6 1 10 4 14 4 9 7 5 6 7 7 5 9 6 5 6 5 9 2 
523.1 ; 2.26e-11 ; True ; 1 20 30 113 164 174 389 396 502 507 549 636 638 727 879 890 906  ; 6 1 11 4 14 4 11 7 5 6 5 7 6 9 6 6 6 5 9 2 
526.1 ; 2.324e-11 ; True ; 1 20 30 113 164 174 389 396 431 502 507 549 638 727 879 890 906  ; 7 1 11 4 14 4 10 8 5 6 6 6 5 10 6 7 6 4 10 2 
529.2 ; 2.342e-11 ; True ; 1 20 30 113 145 164 174 389 431 502 507 549 638 727 879 890 906  ; 6 1 10 4 13 5 9 7 5 6 7 6 5 10 6 6 5 5 10 2 
530.2 ; 2.559e-11 ; True ; 1 20 30 113 164 174 389 431 502 507 549 636 638 727 879 890 906  ; 6 1 10 4 14 4 10 7 5 6 6 7 6 9 6 6 6 5 9 2 
538.5 ; 2.619e-11 ; True ; 1 20 25 30 113 164 174 389 431 502 507 549 638 727 879 890 906  ; 6 1 11 5 14 4 10 8 5 7 7 6 5 10 6 6 5 4 10 2 
548.4 ; 2.64e-11 ; True ; 1 20 30 113 128 164 174 389 396 431 486 549 636 638 727 879 890 906  ; 8 1 12 5 15 3 9 8 5 7 6 6 5 10 5 5 7 5 10 2 
551.3 ; 2.938e-11 ; True ; 1 20 30 113 128 174 307 330 389 431 507 549 636 638 727 879 890 906  ; 6 1 10 4 13 4 10 6 6 6 7 8 5 8 6 6 6 6 8 2 
554.8 ; 3e-11 ; True ; 1 20 30 113 128 174 307 389 431 507 531 549 636 638 727 879 890 906  ; 6 1 9 4 14 4 9 7 5 6 8 7 5 9 6 6 7 5 9 2 
557.2 ; 3.191e-11 ; True ; 1 20 30 113 128 164 174 389 396 486 507 549 636 638 727 879 890 906  ; 7 1 12 5 15 4 10 7 5 7 6 7 5 10 6 5 6 5 10 2 
560.7 ; 3.589e-11 ; True ; 1 20 30 113 128 164 174 389 396 431 507 549 636 638 727 879 890 906  ; 7 1 11 4 15 4 10 8 5 6 7 7 5 10 6 6 7 5 10 2 
572.3 ; 3.76e-11 ; True ; 1 20 25 30 113 128 164 389 396 431 507 549 636 638 727 879 890 906  ; 6 1 11 5 15 4 10 8 5 7 7 7 4 10 6 6 7 5 10 2 
585 ; 4.082e-11 ; True ; 1 20 30 113 164 174 330 389 431 502 507 549 636 638 727 879 890 906  ; 7 1 11 4 14 4 11 7 6 6 6 8 6 9 6 6 6 6 9 2 
601.9 ; 4.439e-11 ; True ; 1 20 30 113 164 174 389 396 431 502 507 549 636 727 774 879 890 906  ; 7 1 11 4 14 5 11 8 5 7 6 6 6 9 7 6 7 5 9 2 
615.9 ; 4.553e-11 ; True ; 1 20 30 113 128 164 219 330 389 396 431 502 507 549 727 879 890 906  ; 8 1 12 4 13 5 10 8 7 6 7 7 4 9 8 6 6 5 9 2 
617.1 ; 4.84e-11 ; True ; 1 20 30 113 164 174 330 389 415 431 507 531 549 636 638 727 879 890 906  ; 8 1 10 5 14 5 10 7 5 7 7 7 5 10 5 5 7 6 10 2 
618.7 ; 5.246e-11 ; True ; 1 20 30 113 164 174 219 389 431 502 507 549 636 638 727 879 890 906  ; 7 1 10 5 14 5 10 7 5 6 7 7 6 10 7 6 6 5 10 2 
625.2 ; 5.254e-11 ; True ; 1 20 30 113 128 174 307 389 431 507 531 549 636 638 716 727 879 890 906  ; 6 1 9 5 15 5 10 7 5 6 8 7 5 9 7 6 8 5 9 2 
636.8 ; 6.082e-11 ; True ; 1 20 30 113 128 164 174 389 431 457 486 507 549 636 638 727 879 890 906  ; 7 1 11 6 15 5 9 7 6 7 7 7 5 10 7 5 6 5 10 2 
652 ; 6.919e-11 ; True ; 1 20 25 30 113 128 174 307 389 431 502 507 549 636 638 727 879 890 906  ; 5 1 11 5 15 4 11 8 6 7 8 8 6 9 7 7 6 5 9 2 
653.4 ; 6.999e-11 ; True ; 1 20 30 113 128 164 174 389 396 502 507 549 636 638 716 727 879 890 906  ; 6 1 12 5 16 5 12 8 6 6 6 8 6 9 8 6 7 5 9 2 
672.7 ; 7.093e-11 ; True ; 1 20 30 113 128 139 174 307 389 396 431 507 531 549 636 638 727 879 890 906  ; 7 1 10 4 16 5 10 8 6 6 8 7 5 10 7 7 8 5 10 2 
689 ; 7.585e-11 ; True ; 1 20 30 113 128 174 307 335 389 396 431 507 549 636 638 727 774 879 890 906  ; 7 1 11 5 14 5 11 8 5 7 7 8 5 9 7 8 7 5 9 2 
693.4 ; 9.268e-11 ; True ; 1 20 30 113 128 164 174 330 389 431 457 486 507 549 636 638 727 879 890 906  ; 8 1 12 6 15 5 10 7 7 7 7 8 5 10 7 5 6 6 10 2 
717.1 ; 9.278e-11 ; True ; 1 30 113 128 164 174 307 389 431 486 502 507 549 636 638 727 774 879 890 906  ; 7 1 11 6 15 5 10 8 5 8 7 8 5 10 8 7 6 5 10 2 
730 ; 1.021e-10 ; True ; 1 20 30 113 128 164 174 307 389 431 457 507 549 636 716 727 856 879 890 906  ; 7 1 11 5 14 6 11 8 6 6 8 6 5 8 8 6 7 5 9 3 
738.1 ; 1.032e-10 ; True ; 20 25 30 113 174 307 330 389 396 431 486 502 507 549 636 716 727 879 890 906  ; 8 1 12 5 15 5 14 8 6 7 7 7 5 9 7 7 8 6 9 2 
742.8 ; 1.117e-10 ; True ; 1 20 30 102 113 128 164 174 307 389 431 502 507 549 636 638 727 879 890 906  ; 7 1 12 4 16 5 12 9 6 6 7 8 6 9 7 8 6 5 10 3 
753.5 ; 1.125e-10 ; True ; 1 20 30 49 113 174 307 330 389 396 431 457 507 549 577 636 638 727 879 890 906  ; 8 1 12 6 14 6 13 7 6 7 6 7 5 9 6 8 8 6 10 2 
774.1 ; 1.628e-10 ; True ; 1 20 30 113 128 164 174 307 330 389 396 431 507 549 636 638 727 774 879 890 906  ; 8 1 12 5 15 5 12 8 6 7 7 8 5 10 7 7 7 6 10 3 
793 ; 1.63e-10 ; True ; 1 20 30 113 145 164 174 307 330 389 502 507 531 549 636 638 727 774 879 890 906  ; 7 1 11 5 14 6 12 7 6 7 7 8 6 10 7 6 6 7 10 3 
832.3 ; 1.642e-10 ; True ; 1 20 30 113 164 174 215 389 431 457 502 507 531 549 636 716 727 770 879 890 906  ; 8 1 11 6 17 6 11 10 6 7 8 6 6 11 8 6 8 5 10 2 
850.1 ; 1.939e-10 ; True ; 20 30 113 164 174 219 307 389 396 431 457 486 502 507 549 636 638 727 879 890 906  ; 9 1 11 6 15 6 12 8 6 6 7 7 5 11 8 8 7 5 11 3 
870.3 ; 1.957e-10 ; True ; 20 25 30 113 157 174 307 330 389 396 415 486 502 507 549 636 638 727 770 879 890 906  ; 7 1 12 7 16 6 14 9 7 9 6 9 6 10 6 7 6 6 10 2 
886.3 ; 2.022e-10 ; True ; 1 20 30 113 145 174 307 330 389 396 431 502 507 549 594 636 638 727 774 868 890 906  ; 8 1 12 6 14 7 12 7 6 7 7 8 6 10 7 8 7 7 10 2 
890.8 ; 2.243e-10 ; True ; 20 25 30 113 128 174 307 330 389 396 431 457 502 507 549 636 716 727 856 879 890 906  ; 8 1 13 5 15 6 14 10 8 6 9 8 5 8 9 8 8 6 9 2 
898.5 ; 2.557e-10 ; True ; 1 20 30 113 128 145 174 307 335 389 396 431 457 486 507 549 636 638 727 770 879 890 906  ; 8 1 12 7 16 6 11 9 6 8 8 8 5 12 7 8 7 6 12 2 
929.1 ; 2.567e-10 ; True ; 1 20 30 113 128 164 174 307 330 389 415 486 502 507 549 636 638 672 727 774 879 890 906  ; 7 1 13 8 16 6 12 7 7 9 6 9 6 9 8 6 5 6 10 3 
945.5 ; 2.836e-10 ; True ; 1 20 30 113 164 174 188 307 330 389 396 431 502 507 531 549 636 727 770 778 879 890 906  ; 10 1 12 4 18 4 14 11 7 7 8 8 6 12 7 8 8 6 11 3 
964.9 ; 3.06e-10 ; True ; 20 30 113 128 157 164 219 307 389 396 431 502 507 531 549 636 638 727 868 879 890 906  ; 9 1 11 5 16 7 12 10 7 5 9 9 5 11 8 8 8 5 11 3 
1013 ; 3.588e-10 ; True ; 20 30 113 128 164 174 219 307 389 396 486 502 507 531 549 614 636 727 774 778 879 890 906  ; 11 1 12 5 17 6 12 10 6 7 9 7 6 12 9 7 8 5 11 3 
1023 ; 3.599e-10 ; True ; 20 25 30 113 174 307 330 389 396 431 486 502 507 549 614 636 716 727 774 868 879 890 906  ; 10 1 13 7 16 7 14 8 6 8 8 7 6 11 8 7 9 6 11 2 
1060 ; 3.632e-10 ; True ; 20 30 113 157 164 174 330 389 396 431 457 502 531 549 577 614 636 727 770 774 778 879 890 906  ; 12 1 12 5 18 6 13 13 8 7 7 7 7 11 7 7 10 6 11 2 
1066 ; 3.673e-10 ; True ; 20 30 113 128 164 219 307 330 389 396 431 457 502 507 549 636 638 683 727 868 879 890 906  ; 9 1 12 6 14 8 12 8 8 5 8 10 4 10 10 8 8 6 10 3 
1070 ; 3.921e-10 ; True ; 20 30 113 128 164 174 215 307 335 389 396 431 457 502 531 549 578 636 716 727 774 879 890 906  ; 10 1 14 5 17 6 14 12 8 6 8 8 5 9 9 8 9 6 8 3 
1077 ; 4.375e-10 ; True ; 20 30 113 145 164 307 330 389 396 431 457 486 502 507 549 614 636 727 770 774 791 879 890 906  ; 9 1 11 6 16 7 13 8 7 9 6 8 5 11 8 7 8 8 11 3 
1099 ; 4.465e-10 ; True ; 20 25 30 113 128 174 307 320 330 389 396 431 457 502 507 549 636 716 727 770 774 879 890 906  ; 7 1 12 7 16 8 14 10 8 8 9 8 5 10 10 7 8 6 10 2 
1102 ; 4.572e-10 ; True ; 20 30 113 128 164 174 219 307 389 396 431 486 502 531 549 636 638 716 727 778 874 879 890 906  ; 12 1 13 6 19 6 12 11 6 7 9 7 5 12 9 8 9 5 11 3 
1134 ; 5.952e-10 ; True ; 20 30 113 128 164 174 219 307 330 389 431 486 502 507 531 549 636 713 727 770 868 879 890 906  ; 12 1 13 6 17 6 13 11 7 7 10 8 6 12 8 7 7 6 12 3 
1179 ; 6.496e-10 ; True ; 20 30 113 128 157 164 219 307 389 396 431 457 502 507 549 636 638 727 770 774 868 879 890 906  ; 8 1 11 8 16 9 12 10 8 7 8 9 5 11 10 8 7 5 11 3 
1225 ; 7.572e-10 ; True ; 20 30 113 145 164 174 307 330 389 396 431 457 486 502 531 549 614 636 694 727 770 774 791 879 890 906  ; 12 1 13 6 18 6 13 11 7 9 7 7 6 12 7 7 10 8 13 3 
1284 ; 7.636e-10 ; True ; 20 30 113 128 164 174 307 330 335 389 396 431 457 486 507 549 636 638 716 727 770 868 874 879 890 906  ; 12 1 15 8 18 8 14 10 7 8 8 9 4 12 9 8 8 6 12 3 
1307 ; 7.933e-10 ; True ; 1 20 30 113 164 174 219 273 307 389 396 431 486 502 507 549 598 636 679 727 770 774 778 879 890 906  ; 11 1 13 7 19 7 13 11 6 9 9 6 7 13 8 9 8 5 13 3 
1331 ; 8.425e-10 ; True ; 20 30 113 145 164 174 307 330 379 389 396 431 457 486 502 531 549 614 636 694 727 770 774 791 879 890 906  ; 13 1 14 6 18 6 13 11 7 9 7 7 6 12 7 8 10 8 13 3 
1427 ; 9.62e-10 ; True ; 20 30 113 128 164 174 307 330 333 335 389 431 486 502 507 531 549 578 636 657 716 727 774 778 868 879 890  ; 12 1 16 5 20 7 16 12 9 6 10 10 7 11 9 8 8 6 10 3 
1428 ; 1.083e-09 ; True ; 20 30 42 113 164 174 215 307 330 359 389 431 457 502 507 549 578 614 638 727 770 774 778 868 879 890 906  ; 12 1 14 7 19 8 13 11 8 7 9 9 6 13 8 10 7 6 12 3 
1490 ; 1.125e-09 ; True ; 20 30 113 128 164 174 215 330 335 389 396 431 457 486 502 531 549 578 636 657 716 727 774 778 868 879 890 906  ; 14 1 17 7 20 8 14 13 9 7 10 9 6 12 9 8 9 7 10 2 
1511 ; 1.25e-09 ; True ; 20 30 42 113 164 174 215 307 330 333 359 389 431 457 486 502 531 549 578 638 713 727 770 774 868 879 890 906  ; 13 1 16 8 20 7 14 13 9 8 8 8 7 12 7 9 7 6 12 3 
1552 ; 1.449e-09 ; True ; 20 30 113 128 164 174 307 324 333 335 389 431 457 485 502 507 531 549 578 636 638 716 727 774 868 879 890 906  ; 9 1 14 7 19 9 15 12 9 6 9 10 7 11 10 8 9 6 11 3 
1602 ; 1.803e-09 ; True ; 20 30 113 128 164 174 215 307 330 335 389 396 431 457 486 502 531 549 578 636 657 716 727 774 778 868 879 890 906  ; 14 1 17 7 20 8 15 13 9 7 10 9 6 12 9 9 9 7 10 3 
1726 ; 1.803e-09 ; True ; 20 30 113 128 164 174 215 307 330 335 389 396 431 457 486 502 531 549 578 581 636 657 716 727 774 778 868 879 890 906  ; 14 1 17 7 21 8 15 13 9 7 10 9 6 12 9 9 9 7 10 3 
 


RUN 5:
Optimum Distance: 33.53
Optimal Team: 174,307,389,727,906,
Required Skills: 0 1 2 4 5 7 9 10 11 12 13 14 15 16 18 20 22 23 24 26 
Distance; Skill Score; isValid; Team; Skill Counts
34.28 ; 3.317e-20 ; True ; 164 389 502 785 879  ; 1 1 3 1 3 1 2 2 1 2 1 2 1 2 3 1 1 1 2 1 
38.53 ; 7.001e-20 ; True ; 1 164 389 507 727  ; 2 1 4 1 4 1 3 1 1 2 1 2 1 3 2 1 1 1 3 1 
39.2 ; 9.517e-20 ; True ; 30 164 389 502 906  ; 2 1 4 1 3 1 3 2 1 3 1 2 1 2 1 2 1 1 2 1 
40.36 ; 1.165e-19 ; True ; 1 30 113 164 389  ; 2 1 5 1 4 1 2 2 1 4 2 1 1 3 1 1 1 1 3 1 
41.03 ; 1.789e-19 ; True ; 164 389 502 727 879  ; 2 1 4 1 3 1 3 2 2 2 1 2 1 2 3 1 1 1 2 1 
44.99 ; 5.716e-19 ; True ; 30 100 164 389 594 890  ; 3 1 4 1 4 1 4 3 1 3 1 1 1 2 2 2 2 1 3 1 
48.02 ; 1.003e-18 ; True ; 164 389 502 507 785 879  ; 1 1 3 1 4 2 3 2 1 2 2 3 1 3 4 2 1 1 3 1 
50.86 ; 2.198e-18 ; True ; 30 164 389 549 594 890  ; 3 1 4 1 4 1 4 3 1 3 1 2 1 3 2 2 3 1 3 1 
54.05 ; 2.221e-18 ; True ; 30 164 389 549 890 906  ; 3 1 4 1 4 1 4 3 1 3 1 2 1 3 1 2 3 2 3 1 
54.75 ; 4.858e-18 ; True ; 164 389 502 507 727 879  ; 2 1 4 1 4 2 4 2 2 2 2 3 1 3 4 2 1 1 3 1 
57.91 ; 6.507e-18 ; True ; 30 164 389 549 879 890  ; 3 1 4 1 4 1 4 3 1 3 2 2 1 4 2 2 3 1 4 1 
61.05 ; 6.629e-18 ; True ; 1 30 113 164 389 549  ; 2 1 5 1 5 1 3 3 2 4 2 2 1 4 2 1 2 2 3 1 
62.54 ; 1.032e-17 ; True ; 30 164 389 502 549 879  ; 2 1 4 1 4 1 4 3 2 3 2 3 1 4 3 2 2 1 3 1 
65.76 ; 1.067e-17 ; True ; 30 113 164 219 389 502  ; 3 1 5 1 4 2 3 3 2 3 3 2 1 3 3 2 1 1 3 1 
67.65 ; 1.443e-17 ; True ; 30 100 164 389 507 594 890  ; 3 1 4 1 5 2 5 3 1 3 2 2 1 3 3 3 2 1 4 1 
69.39 ; 1.818e-17 ; True ; 30 164 389 431 549 594 890  ; 4 1 4 1 5 1 4 4 1 3 2 2 1 4 2 3 4 1 4 1 
71.61 ; 1.956e-17 ; True ; 30 164 174 389 594 727 890  ; 5 1 6 1 5 1 5 3 1 3 2 2 2 3 2 2 3 1 4 1 
72.8 ; 1.977e-17 ; True ; 30 164 174 389 727 890 906  ; 5 1 6 1 5 1 5 3 1 3 2 2 2 3 1 2 3 2 4 1 
73.19 ; 2.408e-17 ; True ; 30 164 174 389 549 594 890  ; 4 1 5 1 5 1 5 4 1 3 2 2 2 4 2 2 3 1 4 1 
73.52 ; 3.012e-17 ; True ; 30 100 164 389 507 879 890  ; 3 1 4 1 5 2 5 3 1 3 3 2 1 4 3 3 2 1 5 1 
73.53 ; 3.712e-17 ; True ; 30 164 389 507 549 594 890  ; 3 1 4 1 5 2 5 3 1 3 2 3 1 4 3 3 3 1 4 1 
76.33 ; 4.621e-17 ; True ; 164 219 389 502 507 727 879  ; 3 1 4 2 4 3 4 2 2 2 3 3 1 4 5 2 1 1 4 1 
76.72 ; 4.994e-17 ; True ; 30 164 389 507 549 890 906  ; 3 1 4 1 5 2 5 3 1 3 2 3 1 4 2 3 3 2 4 1 
77.28 ; 5.022e-17 ; True ; 164 174 389 502 507 727 879  ; 3 1 5 1 5 2 5 3 2 2 3 3 2 4 4 2 1 1 4 1 
77.59 ; 7.28e-17 ; True ; 30 164 389 507 549 879 890  ; 3 1 4 1 5 2 5 3 1 3 3 3 1 5 3 3 3 1 5 1 
80.13 ; 9.252e-17 ; True ; 30 164 389 502 507 727 879  ; 3 1 5 1 5 2 5 2 2 3 3 4 1 4 4 3 2 1 4 1 
80.14 ; 9.728e-17 ; True ; 30 164 389 502 507 549 879  ; 2 1 4 1 5 2 5 3 2 3 3 4 1 5 4 3 2 1 4 1 
83.81 ; 1.01e-16 ; True ; 1 30 113 164 389 507 727  ; 3 1 6 1 6 2 4 2 2 4 3 3 1 4 3 2 2 2 4 1 
84.09 ; 1.09e-16 ; True ; 30 164 389 502 549 879 890  ; 3 1 5 1 5 1 5 4 2 3 2 3 2 4 3 3 3 1 4 1 
85.76 ; 1.102e-16 ; True ; 1 30 113 164 389 507 549  ; 2 1 5 1 6 2 4 3 2 4 3 3 1 5 3 2 2 2 4 1 
87.27 ; 1.45e-16 ; True ; 30 113 164 389 502 879 890  ; 3 1 6 1 5 2 4 4 2 4 3 2 2 3 3 3 2 1 4 1 
87.58 ; 1.637e-16 ; True ; 30 113 164 389 549 879 890  ; 3 1 5 1 5 2 4 4 2 4 3 2 1 4 3 2 3 2 4 1 
90.29 ; 1.676e-16 ; True ; 30 113 164 389 502 727 879  ; 3 1 6 1 5 2 4 3 3 4 3 3 1 3 4 2 2 2 3 1 
91.27 ; 1.733e-16 ; True ; 30 113 164 389 502 549 879  ; 2 1 5 1 5 2 4 4 3 4 3 3 1 4 4 2 2 2 3 1 
92.61 ; 1.98e-16 ; True ; 30 128 164 174 389 727 890 906  ; 5 1 7 1 6 1 5 4 2 3 3 3 2 3 2 2 3 2 4 1 
94.54 ; 2.209e-16 ; True ; 1 30 128 164 389 727 890 906  ; 4 1 7 2 6 1 4 3 2 4 2 3 2 3 2 2 3 2 4 1 
96.16 ; 2.346e-16 ; True ; 30 128 164 174 389 549 890 906  ; 4 1 6 1 6 1 5 5 2 3 3 3 2 4 2 2 3 2 4 1 
96.22 ; 2.377e-16 ; True ; 30 128 164 174 389 507 727 906  ; 4 1 6 1 6 2 5 3 2 3 4 4 1 4 3 2 2 2 4 1 
97.13 ; 2.694e-16 ; True ; 30 164 389 396 507 549 879 890  ; 4 1 5 1 6 2 6 4 1 3 3 3 1 6 3 4 4 1 6 1 
99.17 ; 2.733e-16 ; True ; 1 30 113 164 389 636 638 727  ; 3 1 6 2 7 1 4 2 2 4 2 4 2 4 2 2 3 3 4 1 
99.25 ; 2.769e-16 ; True ; 1 30 145 164 389 549 727 890  ; 4 1 6 1 6 1 5 3 2 3 2 3 2 5 2 2 4 3 5 1 
99.37 ; 3.666e-16 ; True ; 1 30 113 164 174 389 638 727  ; 4 1 7 2 7 1 4 3 2 4 3 3 2 5 2 2 2 2 5 1 
100.3 ; 3.748e-16 ; True ; 20 30 389 396 507 549 890 906  ; 3 1 5 1 6 2 6 3 2 3 2 3 2 4 2 4 4 2 4 1 
101.3 ; 3.778e-16 ; True ; 1 30 164 389 507 549 890 906  ; 3 1 5 2 6 2 5 3 1 4 2 3 2 5 2 3 3 2 5 1 
101.5 ; 3.848e-16 ; True ; 30 100 164 389 502 507 879 890  ; 3 1 5 1 6 2 6 4 2 3 3 3 2 4 4 4 2 1 5 1 
102.1 ; 4.42e-16 ; True ; 30 100 164 389 507 549 879 890  ; 3 1 4 1 6 2 6 4 2 3 3 3 1 5 4 3 3 2 5 1 
102.2 ; 4.478e-16 ; True ; 1 30 113 164 389 638 727 890  ; 4 1 7 2 7 1 4 3 2 4 2 3 2 4 2 3 3 2 5 1 
103.3 ; 5.2e-16 ; True ; 1 30 164 389 507 549 727 890  ; 4 1 6 1 7 1 6 3 2 3 2 4 2 5 3 3 4 2 5 1 
103.9 ; 5.389e-16 ; True ; 30 164 174 389 502 507 727 906  ; 4 1 6 1 6 2 6 3 2 3 3 4 2 4 3 3 2 2 4 1 
105.3 ; 5.766e-16 ; True ; 1 30 113 164 389 549 890 906  ; 3 1 6 2 6 2 4 4 2 5 2 2 2 4 2 2 3 3 4 1 
105.6 ; 6.218e-16 ; True ; 30 164 174 389 502 507 727 879  ; 4 1 6 1 6 2 6 3 2 3 4 4 2 5 4 3 2 1 5 1 
105.6 ; 8.276e-16 ; True ; 30 164 389 502 507 549 879 890  ; 3 1 5 1 6 2 6 4 2 3 3 4 2 5 4 4 3 1 5 1 
109.3 ; 9.372e-16 ; True ; 1 30 113 164 389 507 727 890  ; 4 1 7 1 7 2 5 3 2 4 3 3 2 4 3 3 3 2 5 1 
110.2 ; 1.045e-15 ; True ; 1 30 113 164 389 507 549 890  ; 3 1 6 1 7 2 5 4 2 4 3 3 2 5 3 3 3 2 5 1 
112.2 ; 1.083e-15 ; True ; 30 113 164 389 507 549 879 890  ; 3 1 5 1 6 3 5 4 2 4 4 3 1 5 4 3 3 2 5 1 
115.1 ; 1.12e-15 ; True ; 1 30 113 164 389 549 879 890  ; 3 1 6 2 6 2 4 4 2 5 3 2 2 5 3 2 3 2 5 1 
115.4 ; 1.157e-15 ; True ; 30 164 219 389 502 549 879 890  ; 4 1 5 2 5 2 5 4 2 3 3 3 2 5 4 3 3 1 5 1 
118.7 ; 1.205e-15 ; True ; 1 20 30 128 389 396 549 890 906  ; 3 1 7 2 7 1 5 4 3 4 2 3 3 4 2 3 4 2 4 1 
118.7 ; 1.647e-15 ; True ; 30 113 164 389 502 549 879 890  ; 3 1 6 1 6 2 5 5 3 4 3 3 2 4 4 3 3 2 4 1 
121.2 ; 1.688e-15 ; True ; 1 30 128 164 174 389 507 727 906  ; 4 1 7 2 7 2 5 3 2 4 4 4 2 5 3 2 2 2 5 1 
123.1 ; 1.791e-15 ; True ; 30 128 164 174 389 507 727 890 906  ; 5 1 7 1 7 2 6 4 2 3 4 4 2 4 3 3 3 2 5 1 
124 ; 1.908e-15 ; True ; 1 20 30 389 431 549 727 890 906  ; 4 1 6 2 7 1 5 3 3 4 2 3 3 4 2 3 5 3 4 1 
124.9 ; 2.045e-15 ; True ; 1 20 30 389 396 507 549 890 906  ; 3 1 6 2 7 2 6 3 2 4 2 3 3 5 2 4 4 2 5 1 
125 ; 2.145e-15 ; True ; 1 20 30 113 145 389 638 727 890  ; 3 1 7 2 7 2 4 2 3 4 3 3 3 4 2 3 3 3 5 1 
125.9 ; 2.193e-15 ; True ; 1 30 113 145 164 389 638 727 890  ; 4 1 7 2 7 2 4 3 2 4 3 3 2 5 2 3 3 3 6 1 
126.1 ; 2.318e-15 ; True ; 1 30 128 164 389 507 727 890 906  ; 4 1 7 2 7 2 5 3 2 4 3 4 2 4 3 3 3 2 5 1 
128.1 ; 2.338e-15 ; True ; 1 20 30 113 389 531 549 890 906  ; 3 1 6 2 7 2 4 4 3 5 3 2 3 4 2 2 4 3 4 1 
128.8 ; 2.585e-15 ; True ; 1 30 128 164 389 507 549 890 906  ; 3 1 6 2 7 2 5 4 2 4 3 4 2 5 3 3 3 2 5 1 
128.8 ; 2.617e-15 ; True ; 30 113 164 174 389 638 727 890 906  ; 5 1 7 2 7 2 5 4 2 4 3 3 2 4 2 3 3 3 5 1 
128.8 ; 2.651e-15 ; True ; 1 20 30 113 389 396 549 890 906  ; 3 1 7 2 7 2 5 4 3 5 2 2 3 4 2 3 4 3 4 1 
129.8 ; 2.762e-15 ; True ; 20 30 113 174 389 638 727 890 906  ; 4 1 7 2 7 2 5 3 3 4 3 3 3 3 2 3 3 3 4 1 
129.9 ; 3.003e-15 ; True ; 1 30 164 174 389 507 549 727 906  ; 4 1 6 2 7 2 6 3 2 4 3 4 2 6 3 2 3 3 5 1 
130 ; 3.39e-15 ; True ; 1 30 164 389 507 549 727 890 906  ; 4 1 6 2 7 2 6 3 2 4 2 4 2 5 3 3 4 3 5 1 
133.9 ; 3.909e-15 ; True ; 1 30 113 164 389 549 727 890 906  ; 4 1 7 2 7 2 5 4 3 5 2 3 2 4 3 2 4 4 4 1 
135.3 ; 4.062e-15 ; True ; 30 164 174 389 502 507 727 879 906  ; 4 1 6 2 6 3 6 3 2 4 4 4 2 5 4 3 2 2 5 1 
136 ; 4.311e-15 ; True ; 1 30 113 164 389 507 727 890 906  ; 4 1 7 2 7 3 5 3 2 5 3 3 2 4 3 3 3 3 5 1 
137.2 ; 5.406e-15 ; True ; 30 164 389 502 507 549 879 890 906  ; 3 1 5 2 6 3 6 4 2 4 3 4 2 5 4 4 3 2 5 1 
137.7 ; 5.426e-15 ; True ; 1 30 164 389 507 549 727 879 890  ; 4 1 6 2 7 2 6 3 2 4 3 4 2 6 4 3 4 2 6 1 
140.9 ; 6.108e-15 ; True ; 1 30 113 164 389 507 549 727 890  ; 4 1 7 1 8 2 6 4 3 4 3 4 2 5 4 3 4 3 5 1 
143.8 ; 6.377e-15 ; True ; 1 30 113 164 389 507 727 879 890  ; 4 1 7 2 7 3 5 3 2 5 4 3 2 5 4 3 3 2 6 1 
144.7 ; 6.843e-15 ; True ; 1 30 113 164 389 507 549 879 890  ; 3 1 6 2 7 3 5 4 2 5 4 3 2 6 4 3 3 2 6 1 
145.2 ; 7.477e-15 ; True ; 30 113 164 389 502 507 727 879 890  ; 4 1 7 1 7 3 6 4 3 4 4 4 2 4 5 4 3 2 5 1 
145.2 ; 7.833e-15 ; True ; 30 113 164 389 502 507 549 879 890  ; 3 1 6 1 7 3 6 5 3 4 4 4 2 5 5 4 3 2 5 1 
150.5 ; 7.902e-15 ; True ; 1 30 113 145 174 307 389 549 638 727  ; 3 1 6 2 7 2 5 3 3 4 4 4 2 6 3 3 3 4 5 1 
151 ; 9.022e-15 ; True ; 1 30 128 164 174 389 507 727 890 906  ; 5 1 8 2 8 2 6 4 2 4 4 4 3 5 3 3 3 2 6 1 
152.6 ; 9.135e-15 ; True ; 1 20 30 113 145 174 389 638 727 890  ; 4 1 8 2 8 2 5 3 3 4 4 3 4 5 2 3 3 3 6 1 
152.6 ; 9.358e-15 ; True ; 1 20 30 128 174 389 507 727 890 906  ; 4 1 8 2 8 2 6 3 3 4 4 4 4 4 3 3 3 2 5 1 
153.6 ; 9.621e-15 ; True ; 1 20 30 113 174 389 638 727 890 906  ; 4 1 8 3 8 2 5 3 3 5 3 3 4 4 2 3 3 3 5 1 
154.8 ; 9.846e-15 ; True ; 1 20 30 113 128 174 389 727 890 906  ; 4 1 9 2 8 2 5 4 4 5 4 3 4 3 3 2 3 3 4 1 
155 ; 9.864e-15 ; True ; 30 113 164 219 389 502 727 879 890  ; 5 1 7 2 6 3 5 4 3 4 4 3 2 4 5 3 3 2 5 1 
155 ; 1.098e-14 ; True ; 30 113 164 219 389 502 549 879 890  ; 4 1 6 2 6 3 5 5 3 4 4 3 2 5 5 3 3 2 5 1 
156.1 ; 1.109e-14 ; True ; 1 30 113 128 164 174 389 727 890 906  ; 5 1 9 2 8 2 5 5 3 5 4 3 3 4 3 2 3 3 5 1 
157.4 ; 1.134e-14 ; True ; 1 20 30 113 145 174 389 549 638 727  ; 3 1 7 2 8 2 5 3 4 4 4 4 3 6 3 2 3 4 5 1 
157.4 ; 1.195e-14 ; True ; 1 20 30 113 174 389 549 638 727 906  ; 3 1 7 3 8 2 5 3 4 5 3 4 3 5 3 2 3 4 4 1 
157.5 ; 1.235e-14 ; True ; 1 20 30 389 396 507 549 727 890 906  ; 4 1 7 2 8 2 7 3 3 4 2 4 3 5 3 4 5 3 5 1 
158.7 ; 1.258e-14 ; True ; 1 30 113 174 307 389 549 727 890 906  ; 4 1 7 2 7 2 6 4 3 5 3 3 3 4 3 3 4 4 4 1 
158.7 ; 1.288e-14 ; True ; 1 20 30 389 507 531 549 727 890 906  ; 4 1 6 2 8 2 6 3 3 4 3 4 3 5 3 3 5 3 5 1 
159.3 ; 1.424e-14 ; True ; 1 30 164 174 389 507 549 727 890 906  ; 5 1 7 2 8 2 7 4 2 4 3 4 3 6 3 3 4 3 6 1 
159.4 ; 1.44e-14 ; True ; 1 20 30 113 145 389 549 638 727 890  ; 3 1 7 2 8 2 5 3 4 4 3 4 3 5 3 3 4 4 5 1 
160.5 ; 1.535e-14 ; True ; 1 20 30 174 389 507 549 727 890 906  ; 4 1 7 2 8 2 7 3 3 4 3 4 4 5 3 3 4 3 5 1 
162.5 ; 1.622e-14 ; True ; 1 20 30 389 431 507 549 727 890 906  ; 4 1 6 2 8 2 6 3 3 4 3 4 3 5 3 4 5 3 5 1 
164.3 ; 1.67e-14 ; True ; 1 30 113 164 174 389 549 727 890 906  ; 5 1 8 2 8 2 6 5 3 5 3 3 3 5 3 2 4 4 5 1 
165 ; 1.714e-14 ; True ; 1 20 25 30 389 507 549 727 890 906  ; 3 1 7 3 8 2 7 3 3 5 3 4 3 5 3 3 4 3 5 1 
165.4 ; 1.869e-14 ; True ; 1 20 30 113 389 431 549 727 890 906  ; 4 1 7 2 8 2 5 4 4 5 3 3 3 4 3 3 5 4 4 1 
167.3 ; 1.905e-14 ; True ; 1 20 30 113 389 396 507 549 890 906  ; 3 1 7 2 8 3 6 4 3 5 3 3 3 5 3 4 4 3 5 1 
168.3 ; 1.918e-14 ; True ; 1 30 113 164 174 389 507 549 638 727  ; 4 1 7 2 9 2 6 4 3 4 4 5 2 7 4 3 3 3 6 1 
168.6 ; 1.929e-14 ; True ; 30 164 174 389 502 507 727 879 890 906  ; 5 1 7 2 7 3 7 4 2 4 4 4 3 5 4 4 3 2 6 1 
169.1 ; 2.017e-14 ; True ; 30 164 174 389 507 549 727 879 890 906  ; 5 1 6 2 7 3 7 4 2 4 4 4 2 6 4 3 4 3 6 1 
169.3 ; 2.224e-14 ; True ; 1 30 113 164 389 507 549 638 727 890  ; 4 1 7 2 9 2 6 4 3 4 3 5 2 6 4 4 4 3 6 1 
170.5 ; 2.5e-14 ; True ; 1 30 113 164 389 507 549 727 890 906  ; 4 1 7 2 8 3 6 4 3 5 3 4 2 5 4 3 4 4 5 1 
174.6 ; 2.8e-14 ; True ; 30 164 389 502 507 549 727 879 890 906  ; 4 1 6 2 7 3 7 4 3 4 3 5 2 5 5 4 4 3 5 1 
176 ; 2.961e-14 ; True ; 1 25 30 113 164 389 507 549 727 890  ; 4 1 8 2 9 2 7 5 3 5 4 4 2 6 4 3 4 3 6 1 
178 ; 3.2e-14 ; True ; 1 20 25 30 113 389 507 549 727 890  ; 3 1 8 2 9 2 7 4 4 5 4 4 3 5 4 3 4 3 5 1 
179.7 ; 3.213e-14 ; True ; 30 113 164 389 502 507 549 879 890 906  ; 3 1 6 2 7 4 6 5 3 5 4 4 2 5 5 4 3 3 5 1 
180.3 ; 3.754e-14 ; True ; 1 30 113 164 389 507 549 727 879 890  ; 4 1 7 2 8 3 6 4 3 5 4 4 2 6 5 3 4 3 6 1 
183.5 ; 3.887e-14 ; True ; 30 113 164 219 389 502 507 549 879 890  ; 4 1 6 2 7 4 6 5 3 4 5 4 2 6 6 4 3 2 6 1 
186 ; 3.953e-14 ; True ; 1 30 113 174 307 389 549 638 727 890 906  ; 4 1 7 3 8 2 6 4 3 5 3 4 3 5 3 4 4 4 5 1 
188.8 ; 4.149e-14 ; True ; 1 20 30 113 145 389 549 638 727 890 906  ; 3 1 7 3 8 3 5 3 4 5 3 4 3 5 3 3 4 5 5 1 
189.7 ; 4.257e-14 ; True ; 1 20 30 113 174 389 549 577 638 727 906  ; 4 1 8 3 9 2 6 4 4 5 3 4 3 5 3 3 4 4 5 1 
189.8 ; 4.478e-14 ; True ; 1 20 30 174 389 396 507 549 727 890 906  ; 5 1 8 2 9 2 8 4 3 4 3 4 4 6 3 4 5 3 6 1 
190.2 ; 4.891e-14 ; True ; 1 30 128 164 174 389 507 549 727 890 906  ; 5 1 8 2 9 2 7 5 3 4 4 5 3 6 4 3 4 3 6 1 
191.8 ; 4.991e-14 ; True ; 1 20 30 128 174 389 507 549 727 890 906  ; 4 1 8 2 9 2 7 4 4 4 4 5 4 5 4 3 4 3 5 1 
191.8 ; 5.09e-14 ; True ; 1 20 30 113 145 174 389 549 638 727 890  ; 4 1 8 2 9 2 6 4 4 4 4 4 4 6 3 3 4 4 6 1 
191.9 ; 5.572e-14 ; True ; 1 20 30 113 174 389 549 638 727 890 906  ; 4 1 8 3 9 2 6 4 4 5 3 4 4 5 3 3 4 4 5 1 
195.7 ; 5.873e-14 ; True ; 1 20 30 113 389 431 549 638 727 890 906  ; 4 1 7 3 9 2 5 4 4 5 3 4 3 5 3 4 5 4 5 1 
198.1 ; 5.981e-14 ; True ; 1 20 25 30 113 389 396 549 727 890 906  ; 4 1 9 3 9 2 7 5 4 6 3 3 3 5 3 3 5 4 5 1 
198.8 ; 6.308e-14 ; True ; 1 20 30 113 174 389 431 549 727 890 906  ; 5 1 8 2 9 2 6 5 4 5 4 3 4 5 3 3 5 4 5 1 
200.2 ; 6.385e-14 ; True ; 1 20 25 30 389 431 507 549 727 890 906  ; 4 1 7 3 9 2 7 4 3 5 4 4 3 6 3 4 5 3 6 1 
201.8 ; 6.828e-14 ; True ; 1 30 113 164 389 507 549 638 727 890 906  ; 4 1 7 3 9 3 6 4 3 5 3 5 2 6 4 4 4 4 6 1 
202.2 ; 7.187e-14 ; True ; 1 20 25 30 113 389 431 549 727 890 906  ; 4 1 8 3 9 2 6 5 4 6 4 3 3 5 3 3 5 4 5 1 
202.7 ; 7.283e-14 ; True ; 1 30 113 164 174 389 507 549 638 727 890  ; 5 1 8 2 10 2 7 5 3 4 4 5 3 7 4 4 4 3 7 1 
203.9 ; 7.964e-14 ; True ; 1 20 30 113 389 396 507 549 727 890 906  ; 4 1 8 2 9 3 7 4 4 5 3 4 3 5 4 4 5 4 5 1 
204.8 ; 8.623e-14 ; True ; 1 30 113 164 174 389 507 549 727 890 906  ; 5 1 8 2 9 3 7 5 3 5 4 4 3 6 4 3 4 4 6 1 
206 ; 8.799e-14 ; True ; 1 20 30 113 174 389 507 549 727 890 906  ; 4 1 8 2 9 3 7 4 4 5 4 4 4 5 4 3 4 4 5 1 
208.9 ; 9.455e-14 ; True ; 1 20 30 113 389 431 507 549 727 890 906  ; 4 1 7 2 9 3 6 4 4 5 4 4 3 5 4 4 5 4 5 1 
210.8 ; 9.701e-14 ; True ; 30 164 174 389 502 507 549 727 879 890 906  ; 5 1 7 2 8 3 8 5 3 4 4 5 3 6 5 4 4 3 6 1 
212.1 ; 9.708e-14 ; True ; 1 30 164 389 502 507 549 727 879 890 906  ; 4 1 7 3 8 3 7 4 3 5 3 5 3 6 5 4 4 3 6 1 
212.5 ; 9.894e-14 ; True ; 1 30 113 164 389 396 507 549 727 879 890  ; 5 1 8 2 9 3 7 5 3 5 4 4 2 7 5 4 5 3 7 1 
214.2 ; 1.05e-13 ; True ; 1 20 25 30 113 389 431 507 549 727 890  ; 4 1 8 2 10 2 7 5 4 5 5 4 3 6 4 4 5 3 6 1 
215.3 ; 1.065e-13 ; True ; 1 30 113 164 389 502 507 549 727 890 906  ; 4 1 8 2 9 3 7 5 4 5 3 5 3 5 5 4 4 4 5 1 
216.5 ; 1.153e-13 ; True ; 1 30 113 164 174 389 507 549 727 879 890  ; 5 1 8 2 9 3 7 5 3 5 5 4 3 7 5 3 4 3 7 1 
218.6 ; 1.196e-13 ; True ; 1 20 30 113 389 396 507 549 727 879 890  ; 4 1 8 2 9 3 7 4 4 5 4 4 3 6 5 4 5 3 6 1 
219.7 ; 1.208e-13 ; True ; 1 30 113 128 174 307 389 549 638 727 890 906  ; 4 1 8 3 9 2 6 5 4 5 4 5 3 5 4 4 4 4 5 1 
221.1 ; 1.234e-13 ; True ; 30 113 164 389 502 507 549 727 879 890 906  ; 4 1 7 2 8 4 7 5 4 5 4 5 2 5 6 4 4 4 5 1 
222.2 ; 1.267e-13 ; True ; 1 20 30 113 128 174 389 431 638 727 890 906  ; 5 1 9 3 10 2 5 5 4 5 5 4 4 5 3 4 4 3 6 1 
223.7 ; 1.331e-13 ; True ; 1 20 30 113 389 431 507 549 727 879 890  ; 4 1 7 2 9 3 6 4 4 5 5 4 3 6 5 4 5 3 6 1 
224 ; 1.537e-13 ; True ; 1 30 113 164 389 502 507 549 727 879 890  ; 4 1 8 2 9 3 7 5 4 5 4 5 3 6 6 4 4 3 6 1 
226.5 ; 1.577e-13 ; True ; 1 20 30 113 128 174 389 549 638 727 890 906  ; 4 1 9 3 10 2 6 5 5 5 4 5 4 5 4 3 4 4 5 1 
228 ; 1.585e-13 ; True ; 1 30 113 128 164 174 389 549 638 727 890 906  ; 5 1 9 3 10 2 6 6 4 5 4 5 3 6 4 3 4 4 6 1 
230.8 ; 1.586e-13 ; True ; 1 20 30 113 128 174 389 507 638 727 890 906  ; 4 1 9 3 10 3 6 4 4 5 5 5 4 5 4 4 3 3 6 1 
231.1 ; 1.836e-13 ; True ; 1 20 30 113 174 389 431 549 638 727 890 906  ; 5 1 8 3 10 2 6 5 4 5 4 4 4 6 3 4 5 4 6 1 
234.4 ; 1.859e-13 ; True ; 1 20 25 30 113 389 431 549 638 727 890 906  ; 4 1 8 4 10 2 6 5 4 6 4 4 3 6 3 4 5 4 6 1 
237.3 ; 2.001e-13 ; True ; 1 20 30 113 389 396 507 531 549 727 890 906  ; 5 1 8 2 10 3 7 5 4 5 4 4 3 6 4 4 6 4 6 1 
238 ; 2.041e-13 ; True ; 1 20 30 113 389 396 507 549 638 727 890 906  ; 4 1 8 3 10 3 7 4 4 5 3 5 3 6 4 5 5 4 6 1 
238.1 ; 2.236e-13 ; True ; 1 30 113 164 174 389 507 549 638 727 890 906  ; 5 1 8 3 10 3 7 5 3 5 4 5 3 7 4 4 4 4 7 1 
239.2 ; 2.403e-13 ; True ; 1 20 30 113 174 389 507 549 638 727 890 906  ; 4 1 8 3 10 3 7 4 4 5 4 5 4 6 4 4 4 4 6 1 
243.1 ; 2.424e-13 ; True ; 1 20 30 113 389 431 507 549 638 727 890 906  ; 4 1 7 3 10 3 6 4 4 5 4 5 3 6 4 5 5 4 6 1 
246.2 ; 2.718e-13 ; True ; 1 20 30 113 174 389 431 507 549 727 890 906  ; 5 1 8 2 10 3 7 5 4 5 5 4 4 6 4 4 5 4 6 1 
247.6 ; 2.813e-13 ; True ; 1 20 25 30 113 174 389 507 549 727 890 906  ; 4 1 9 3 10 3 8 5 4 6 5 4 4 6 4 3 4 4 6 1 
250.6 ; 3.097e-13 ; True ; 1 20 25 30 113 389 431 507 549 727 890 906  ; 4 1 8 3 10 3 7 5 4 6 5 4 3 6 4 4 5 4 6 1 
255.2 ; 3.145e-13 ; True ; 1 20 30 113 389 396 507 549 727 879 890 906  ; 4 1 8 3 9 4 7 4 4 6 4 4 3 6 5 4 5 4 6 1 
256.9 ; 3.408e-13 ; True ; 1 20 30 113 164 389 431 507 549 727 890 906  ; 5 1 8 2 10 3 7 5 4 5 4 4 3 6 4 4 5 4 6 2 
260.2 ; 3.49e-13 ; True ; 1 25 30 113 164 389 502 507 549 727 890 906  ; 4 1 9 3 10 3 8 6 4 6 4 5 3 6 5 4 4 4 6 1 
261 ; 3.568e-13 ; True ; 1 30 113 164 389 396 502 507 549 727 879 890  ; 5 1 9 2 10 3 8 6 4 5 4 5 3 7 6 5 5 3 7 1 
262.2 ; 3.793e-13 ; True ; 30 113 164 174 389 502 507 549 727 879 890 906  ; 5 1 8 2 9 4 8 6 4 5 5 5 3 6 6 4 4 4 6 1 
262.5 ; 4.041e-13 ; True ; 1 30 113 164 389 502 507 549 727 879 890 906  ; 4 1 8 3 9 4 7 5 4 6 4 5 3 6 6 4 4 4 6 1 
264.9 ; 4.122e-13 ; True ; 1 20 30 113 128 174 389 396 549 638 727 890 906  ; 5 1 10 3 11 2 7 6 5 5 4 5 4 6 4 4 5 4 6 1 
267.4 ; 4.303e-13 ; True ; 1 20 30 113 145 174 389 431 549 638 727 890 906  ; 5 1 8 3 10 3 6 5 4 5 5 4 4 7 3 4 5 5 7 1 
269.1 ; 4.686e-13 ; True ; 1 20 30 113 128 174 389 431 549 638 727 890 906  ; 5 1 9 3 11 2 6 6 5 5 5 5 4 6 4 4 5 4 6 1 
273.3 ; 4.783e-13 ; True ; 1 20 30 113 174 330 389 507 549 638 727 890 906  ; 5 1 9 3 10 3 8 4 5 5 4 6 4 6 4 4 4 5 6 1 
274.1 ; 4.978e-13 ; True ; 1 30 113 164 219 389 502 507 549 727 879 890  ; 5 1 8 3 9 4 7 5 4 5 5 5 3 7 7 4 4 3 7 1 
275.5 ; 5.022e-13 ; True ; 1 20 30 113 145 174 389 507 549 638 727 890 906  ; 4 1 8 3 10 4 7 4 4 5 5 5 4 7 4 4 4 5 7 1 
275.6 ; 5.174e-13 ; True ; 1 20 30 113 174 389 440 507 549 638 727 890 906  ; 5 1 9 3 11 3 7 5 4 6 4 6 4 7 4 4 4 4 7 1 
276.3 ; 5.492e-13 ; True ; 1 30 113 128 164 174 389 507 549 638 727 890 906  ; 5 1 9 3 11 3 7 6 4 5 5 6 3 7 5 4 4 4 7 1 
277.3 ; 5.8e-13 ; True ; 1 20 30 113 174 389 396 507 549 638 727 890 906  ; 5 1 9 3 11 3 8 5 4 5 4 5 4 7 4 5 5 4 7 1 
282.3 ; 5.84e-13 ; True ; 1 20 30 113 174 389 396 431 507 549 727 890 906  ; 6 1 9 2 11 3 8 6 4 5 5 4 4 7 4 5 6 4 7 1 
282.4 ; 6.617e-13 ; True ; 1 20 30 113 174 389 431 507 549 638 727 890 906  ; 5 1 8 3 11 3 7 5 4 5 5 5 4 7 4 5 5 4 7 1 
289.9 ; 6.819e-13 ; True ; 1 20 30 113 164 389 396 507 549 638 727 890 906  ; 5 1 9 3 11 3 8 5 4 5 3 5 3 7 4 5 5 4 7 2 
290.1 ; 7.019e-13 ; True ; 1 20 30 113 164 389 507 531 549 638 727 890 906  ; 5 1 8 3 11 3 7 5 4 5 4 5 3 7 4 4 5 4 7 2 
291.2 ; 8.026e-13 ; True ; 1 20 30 113 164 174 389 507 549 638 727 890 906  ; 5 1 9 3 11 3 8 5 4 5 4 5 4 7 4 4 4 4 7 2 
295.1 ; 8.296e-13 ; True ; 1 20 30 113 164 389 431 507 549 638 727 890 906  ; 5 1 8 3 11 3 7 5 4 5 4 5 3 7 4 5 5 4 7 2 
297.4 ; 8.379e-13 ; True ; 1 20 30 113 174 389 396 507 549 727 879 890 906  ; 5 1 9 3 10 4 8 5 4 6 5 4 4 7 5 4 5 4 7 1 
298.1 ; 8.417e-13 ; True ; 1 20 30 113 164 174 389 431 507 549 727 890 906  ; 6 1 9 2 11 3 8 6 4 5 5 4 4 7 4 4 5 4 7 2 
302.2 ; 8.566e-13 ; True ; 1 25 30 113 164 174 389 502 507 549 727 890 906  ; 5 1 10 3 11 3 9 7 4 6 5 5 4 7 5 4 4 4 7 1 
303.4 ; 9.18e-13 ; True ; 1 20 30 113 174 389 431 507 549 727 879 890 906  ; 5 1 8 3 10 4 7 5 4 6 6 4 4 7 5 4 5 4 7 1 
303.5 ; 9.383e-13 ; True ; 1 30 113 164 389 396 502 507 549 727 879 890 906  ; 5 1 9 3 10 4 8 6 4 6 4 5 3 7 6 5 5 4 7 1 
305.6 ; 1.036e-12 ; True ; 1 30 113 164 174 389 502 507 549 727 879 890 906  ; 5 1 9 3 10 4 8 6 4 6 5 5 4 7 6 4 4 4 7 1 
307.1 ; 1.05e-12 ; True ; 1 20 30 113 164 389 396 507 549 727 879 890 906  ; 5 1 9 3 10 4 8 5 4 6 4 4 3 7 5 4 5 4 7 2 
310.1 ; 1.088e-12 ; True ; 1 20 30 113 164 174 389 507 549 727 879 890 906  ; 5 1 9 3 10 4 8 5 4 6 5 4 4 7 5 3 4 4 7 2 
313.1 ; 1.199e-12 ; True ; 1 20 30 113 164 389 431 507 549 727 879 890 906  ; 5 1 8 3 10 4 7 5 4 6 5 4 3 7 5 4 5 4 7 2 
319.2 ; 1.324e-12 ; True ; 1 20 30 113 128 174 389 396 507 549 638 727 890 906  ; 5 1 10 3 12 3 8 6 5 5 5 6 4 7 5 5 5 4 7 1 
321.5 ; 1.361e-12 ; True ; 1 20 30 113 164 389 502 507 549 727 879 890 906  ; 4 1 9 3 10 4 8 5 5 6 4 5 4 6 6 4 4 4 6 2 
324.4 ; 1.464e-12 ; True ; 1 20 30 113 128 174 389 431 507 549 638 727 890 906  ; 5 1 9 3 12 3 7 6 5 5 6 6 4 7 5 5 5 4 7 1 
330.1 ; 1.514e-12 ; True ; 1 20 30 113 164 174 330 389 507 549 638 727 890 906  ; 6 1 10 3 11 3 9 5 5 5 4 6 4 7 4 4 4 5 7 2 
330.7 ; 1.539e-12 ; True ; 1 20 30 113 174 307 389 431 507 549 638 727 890 906  ; 5 1 8 3 11 3 8 5 4 5 5 5 4 7 4 6 5 4 7 2 
331.4 ; 1.617e-12 ; True ; 1 20 30 113 145 164 174 389 507 549 638 727 890 906  ; 5 1 9 3 11 4 8 5 4 5 5 5 4 8 4 4 4 5 8 2 
332.4 ; 1.658e-12 ; True ; 1 20 30 113 164 174 389 507 549 636 638 727 890 906  ; 5 1 9 3 12 3 9 5 4 5 4 6 5 7 4 4 5 5 7 2 
333.1 ; 1.702e-12 ; True ; 1 20 30 113 164 174 389 396 507 549 638 727 890 906  ; 6 1 10 3 12 3 9 6 4 5 4 5 4 8 4 5 5 4 8 2 
333.7 ; 1.832e-12 ; True ; 1 20 30 113 128 164 174 389 507 549 638 727 890 906  ; 5 1 10 3 12 3 8 6 5 5 5 6 4 7 5 4 4 4 7 2 
338.3 ; 1.975e-12 ; True ; 1 20 30 113 164 174 389 431 507 549 638 727 890 906  ; 6 1 9 3 12 3 8 6 4 5 5 5 4 8 4 5 5 4 8 2 
348 ; 2.058e-12 ; True ; 1 20 30 113 164 174 389 431 507 549 594 727 890 906  ; 6 1 9 3 11 4 8 6 4 6 5 4 4 7 5 4 5 4 7 2 
348.1 ; 2.072e-12 ; True ; 1 20 30 113 164 174 389 431 549 638 727 879 890 906  ; 6 1 9 4 11 3 7 6 4 6 5 4 4 8 4 4 5 4 8 2 
348.5 ; 2.106e-12 ; True ; 1 20 30 113 157 164 389 431 507 549 638 727 890 906  ; 5 1 8 3 12 4 8 6 5 5 4 6 4 7 4 5 5 4 7 2 
349.5 ; 2.14e-12 ; True ; 1 30 113 164 174 389 396 502 507 549 727 879 890 906  ; 6 1 10 3 11 4 9 7 4 6 5 5 4 8 6 5 5 4 8 1 
350.1 ; 2.192e-12 ; True ; 1 20 30 113 164 389 396 507 549 638 727 879 890 906  ; 5 1 9 4 11 4 8 5 4 6 4 5 3 8 5 5 5 4 8 2 
352.3 ; 2.419e-12 ; True ; 1 20 30 113 164 174 389 507 549 638 727 879 890 906  ; 5 1 9 4 11 4 8 5 4 6 5 5 4 8 5 4 4 4 8 2 
353.1 ; 2.459e-12 ; True ; 1 20 30 113 164 174 389 396 507 549 727 879 890 906  ; 6 1 10 3 11 4 9 6 4 6 5 4 4 8 5 4 5 4 8 2 
354.1 ; 2.482e-12 ; True ; 1 20 30 113 164 389 396 431 507 549 727 879 890 906  ; 6 1 9 3 11 4 8 6 4 6 5 4 3 8 5 5 6 4 8 2 
356.2 ; 2.5e-12 ; True ; 1 20 30 113 164 389 431 507 549 638 727 879 890 906  ; 5 1 8 4 11 4 7 5 4 6 5 5 3 8 5 5 5 4 8 2 
359.2 ; 2.74e-12 ; True ; 1 20 30 113 164 174 389 431 507 549 727 879 890 906  ; 6 1 9 3 11 4 8 6 4 6 6 4 4 8 5 4 5 4 8 2 
366 ; 2.849e-12 ; True ; 1 20 30 113 128 174 389 431 507 549 636 638 727 890 906  ; 5 1 9 3 13 3 8 6 5 5 6 7 5 7 5 5 6 5 7 1 
366.4 ; 3.105e-12 ; True ; 1 20 30 113 164 389 396 502 507 549 727 879 890 906  ; 5 1 10 3 11 4 9 6 5 6 4 5 4 7 6 5 5 4 7 2 
368.6 ; 3.214e-12 ; True ; 1 20 30 113 164 174 389 502 507 549 727 879 890 906  ; 5 1 10 3 11 4 9 6 5 6 5 5 5 7 6 4 4 4 7 2 
373.4 ; 3.604e-12 ; True ; 1 20 30 113 164 389 431 502 507 549 727 879 890 906  ; 5 1 9 3 11 4 8 6 5 6 5 5 4 7 6 5 5 4 7 2 
377.2 ; 3.685e-12 ; True ; 1 20 30 113 128 164 174 389 507 549 636 638 727 890 906  ; 5 1 10 3 13 3 9 6 5 5 5 7 5 7 5 4 5 5 7 2 
378.9 ; 3.76e-12 ; True ; 1 20 30 113 128 164 174 389 396 507 549 638 727 890 906  ; 6 1 11 3 13 3 9 7 5 5 5 6 4 8 5 5 5 4 8 2 
382.5 ; 3.919e-12 ; True ; 1 20 30 113 164 174 389 431 507 549 636 638 727 890 906  ; 6 1 9 3 13 3 9 6 4 5 5 6 5 8 4 5 6 5 8 2 
384.1 ; 4.218e-12 ; True ; 1 20 30 113 128 164 174 389 431 507 549 638 727 890 906  ; 6 1 10 3 13 3 8 7 5 5 6 6 4 8 5 5 5 4 8 2 
392.2 ; 4.294e-12 ; True ; 1 20 30 113 164 174 389 431 507 549 594 638 727 890 906  ; 6 1 9 4 12 4 8 6 4 6 5 5 4 8 5 5 5 4 8 2 
393.2 ; 4.313e-12 ; True ; 1 20 30 113 164 174 389 431 549 636 638 727 879 890 906  ; 6 1 9 4 12 3 8 6 4 6 5 5 5 8 4 4 6 5 8 2 
393.6 ; 4.424e-12 ; True ; 1 20 30 113 164 174 389 431 507 549 638 716 727 890 906  ; 6 1 9 4 13 4 9 6 4 5 5 5 4 8 5 5 6 4 8 2 
394.9 ; 4.604e-12 ; True ; 1 20 30 113 128 164 174 389 431 549 638 727 879 890 906  ; 6 1 10 4 12 3 7 7 5 6 6 5 4 8 5 4 5 4 8 2 
398.2 ; 4.637e-12 ; True ; 1 20 30 113 164 389 396 507 549 636 638 727 879 890 906  ; 5 1 9 4 12 4 9 5 4 6 4 6 4 8 5 5 6 5 8 2 
398.2 ; 4.993e-12 ; True ; 1 20 30 113 164 174 389 396 507 549 638 727 879 890 906  ; 6 1 10 4 12 4 9 6 4 6 5 5 4 9 5 5 5 4 9 2 
399.4 ; 4.998e-12 ; True ; 1 20 30 113 164 174 389 507 549 636 638 727 879 890 906  ; 5 1 9 4 12 4 9 5 4 6 5 6 5 8 5 4 5 5 8 2 
399.7 ; 5.098e-12 ; True ; 1 20 30 113 128 164 174 389 507 549 638 727 879 890 906  ; 5 1 10 4 12 4 8 6 5 6 6 6 4 8 6 4 4 4 8 2 
401.5 ; 5.218e-12 ; True ; 1 20 30 113 128 164 174 389 396 507 549 727 879 890 906  ; 6 1 11 3 12 4 9 7 5 6 6 5 4 8 6 4 5 4 8 2 
403.2 ; 5.315e-12 ; True ; 1 20 30 113 164 389 396 431 507 549 636 727 879 890 906  ; 6 1 9 3 12 4 9 6 4 6 5 5 4 8 5 5 7 5 8 2 
404.3 ; 5.334e-12 ; True ; 1 20 30 113 164 389 431 507 549 636 638 727 879 890 906  ; 5 1 8 4 12 4 8 5 4 6 5 6 4 8 5 5 6 5 8 2 
404.3 ; 5.564e-12 ; True ; 1 20 30 113 164 174 389 431 507 549 638 727 879 890 906  ; 6 1 9 4 12 4 8 6 4 6 6 5 4 9 5 5 5 4 9 2 
407.4 ; 5.657e-12 ; True ; 1 20 30 113 164 174 389 431 507 549 636 727 879 890 906  ; 6 1 9 3 12 4 9 6 4 6 6 5 5 8 5 4 6 5 8 2 
407.6 ; 5.693e-12 ; True ; 1 20 30 113 128 164 174 389 431 507 549 727 879 890 906  ; 6 1 10 3 12 4 8 7 5 6 7 5 4 8 6 4 5 4 8 2 
414.5 ; 5.958e-12 ; True ; 1 20 30 113 157 164 389 396 431 507 549 727 879 890 906  ; 6 1 9 3 12 5 9 7 5 6 5 5 4 8 5 5 6 4 8 2 
415.3 ; 5.984e-12 ; True ; 1 20 30 113 164 389 396 502 507 549 638 727 879 890 906  ; 5 1 10 4 12 4 9 6 5 6 4 6 4 8 6 6 5 4 8 2 
416.4 ; 6.559e-12 ; True ; 1 20 30 113 164 174 389 396 502 507 549 727 879 890 906  ; 6 1 11 3 12 4 10 7 5 6 5 5 5 8 6 5 5 4 8 2 
419.3 ; 6.871e-12 ; True ; 1 20 30 113 164 389 396 431 502 507 549 727 879 890 906  ; 6 1 10 3 12 4 9 7 5 6 5 5 4 8 6 6 6 4 8 2 
421.3 ; 6.93e-12 ; True ; 1 20 30 113 128 164 174 389 431 549 636 638 716 727 890 906  ; 6 1 10 4 14 3 9 7 5 5 5 6 5 7 5 4 7 5 7 2 
422.3 ; 6.945e-12 ; True ; 1 20 30 113 164 389 431 502 507 549 638 727 879 890 906  ; 5 1 9 4 12 4 8 6 5 6 5 6 4 8 6 6 5 4 8 2 
423.4 ; 7.399e-12 ; True ; 1 20 30 113 164 174 389 431 502 507 549 727 879 890 906  ; 6 1 10 3 12 4 9 7 5 6 6 5 5 8 6 5 5 4 8 2 
430.4 ; 7.449e-12 ; True ; 1 20 30 113 128 164 174 389 396 431 507 549 638 727 890 906  ; 7 1 11 3 14 3 9 8 5 5 6 6 4 9 5 6 6 4 9 2 
433.3 ; 7.732e-12 ; True ; 1 20 30 113 128 174 307 389 431 549 636 638 727 879 890 906  ; 5 1 9 4 12 3 8 6 5 6 6 6 5 7 5 5 6 5 7 2 
433.9 ; 7.89e-12 ; True ; 1 20 30 113 128 164 174 389 507 549 636 638 716 727 890 906  ; 5 1 10 4 14 4 10 6 5 5 5 7 5 7 6 4 6 5 7 2 
437.2 ; 8.21e-12 ; True ; 1 20 30 113 128 164 174 389 396 549 636 638 727 879 890 906  ; 6 1 11 4 13 3 9 7 5 6 5 6 5 8 5 4 6 5 8 2 
439.8 ; 8.488e-12 ; True ; 1 20 30 113 164 174 389 431 507 549 636 638 716 727 890 906  ; 6 1 9 4 14 4 10 6 4 5 5 6 5 8 5 5 7 5 8 2 
442.4 ; 9.21e-12 ; True ; 1 20 30 113 128 164 174 389 431 549 636 638 727 879 890 906  ; 6 1 10 4 13 3 8 7 5 6 6 6 5 8 5 4 6 5 8 2 
448.3 ; 9.852e-12 ; True ; 1 20 30 113 164 174 389 396 507 549 636 638 727 879 890 906  ; 6 1 10 4 13 4 10 6 4 6 5 6 5 9 5 5 6 5 9 2 
448.9 ; 1.018e-11 ; True ; 1 20 30 113 128 164 174 389 396 507 549 638 727 879 890 906  ; 6 1 11 4 13 4 9 7 5 6 6 6 4 9 6 5 5 4 9 2 
449.2 ; 1.025e-11 ; True ; 1 20 30 113 128 164 174 389 507 549 636 638 727 879 890 906  ; 5 1 10 4 13 4 9 6 5 6 6 7 5 8 6 4 5 5 8 2 
454.3 ; 1.031e-11 ; True ; 1 20 30 113 164 174 389 396 431 507 549 636 727 879 890 906  ; 7 1 10 3 13 4 10 7 4 6 6 5 5 9 5 5 7 5 9 2 
454.4 ; 1.104e-11 ; True ; 1 20 30 113 164 174 389 431 507 549 636 638 727 879 890 906  ; 6 1 9 4 13 4 9 6 4 6 6 6 5 9 5 5 6 5 9 2 
455.1 ; 1.111e-11 ; True ; 1 20 30 113 128 164 174 389 431 507 549 638 727 879 890 906  ; 6 1 10 4 13 4 8 7 5 6 7 6 4 9 6 5 5 4 9 2 
458.1 ; 1.129e-11 ; True ; 1 20 30 113 128 164 174 389 431 507 549 636 727 879 890 906  ; 6 1 10 3 13 4 9 7 5 6 7 6 5 8 6 4 6 5 8 2 
466.4 ; 1.143e-11 ; True ; 1 20 30 113 157 164 389 396 431 507 549 636 727 879 890 906  ; 6 1 9 3 13 5 10 7 5 6 5 6 5 8 5 5 7 5 8 2 
467.2 ; 1.23e-11 ; True ; 1 20 30 113 164 174 389 396 502 507 549 638 727 879 890 906  ; 6 1 11 4 13 4 10 7 5 6 5 6 5 9 6 6 5 4 9 2 
469.4 ; 1.237e-11 ; True ; 1 20 30 113 164 174 389 502 507 549 636 638 727 879 890 906  ; 5 1 10 4 13 4 10 6 5 6 5 7 6 8 6 5 5 5 8 2 
470.3 ; 1.238e-11 ; True ; 1 20 30 113 164 174 389 396 502 507 549 636 727 879 890 906  ; 6 1 11 3 13 4 11 7 5 6 5 6 6 8 6 5 6 5 8 2 
471.1 ; 1.255e-11 ; True ; 1 20 30 113 164 389 396 431 502 507 549 638 727 879 890 906  ; 6 1 10 4 13 4 9 7 5 6 5 6 4 9 6 7 6 4 9 2 
472.2 ; 1.299e-11 ; True ; 1 20 30 113 164 174 389 396 431 502 507 549 727 879 890 906  ; 7 1 11 3 13 4 10 8 5 6 6 5 5 9 6 6 6 4 9 2 
474.1 ; 1.318e-11 ; True ; 1 20 30 113 164 389 396 431 502 507 549 636 727 879 890 906  ; 6 1 10 3 13 4 10 7 5 6 5 6 5 8 6 6 7 5 8 2 
474.3 ; 1.388e-11 ; True ; 1 20 30 113 164 174 389 431 502 507 549 638 727 879 890 906  ; 6 1 10 4 13 4 9 7 5 6 6 6 5 9 6 6 5 4 9 2 
477.4 ; 1.402e-11 ; True ; 1 20 30 113 164 174 389 431 502 507 549 636 727 879 890 906  ; 6 1 10 3 13 4 10 7 5 6 6 6 6 8 6 5 6 5 8 2 
488.6 ; 1.45e-11 ; True ; 1 20 30 113 164 174 389 431 502 507 549 716 727 879 890 906  ; 6 1 10 4 13 5 10 7 5 6 6 5 5 8 7 5 6 4 8 2 
489.4 ; 1.464e-11 ; True ; 1 20 30 113 164 174 330 389 431 457 507 549 636 638 727 890 906  ; 7 1 10 4 13 4 10 6 6 5 5 7 5 8 5 5 6 6 8 2 
489.5 ; 1.5e-11 ; True ; 1 20 30 113 128 164 174 389 431 440 549 636 638 727 879 890 906  ; 7 1 11 4 14 3 8 8 5 7 6 7 5 9 5 4 6 5 9 2 
491.1 ; 1.505e-11 ; True ; 1 20 30 113 164 174 219 389 396 502 507 549 727 879 890 906  ; 7 1 11 4 12 5 10 7 5 6 6 5 5 9 7 5 5 4 9 2 
492.4 ; 1.559e-11 ; True ; 1 20 30 113 164 174 389 396 431 457 507 549 636 638 727 890 906  ; 7 1 10 4 14 4 10 7 5 5 5 6 5 9 5 6 7 5 9 2 
492.6 ; 1.645e-11 ; True ; 1 20 30 113 128 164 174 389 396 431 549 636 638 727 879 890 906  ; 7 1 11 4 14 3 9 8 5 6 6 6 5 9 5 5 7 5 9 2 
498 ; 1.682e-11 ; True ; 1 20 30 113 128 164 174 330 389 507 549 636 638 727 879 890 906  ; 6 1 11 4 13 4 10 6 6 6 6 8 5 8 6 4 5 6 8 2 
499.6 ; 1.722e-11 ; True ; 1 20 30 113 128 164 174 330 389 396 507 549 638 727 879 890 906  ; 7 1 12 4 13 4 10 7 6 6 6 7 4 9 6 5 5 5 9 2 
500.4 ; 1.778e-11 ; True ; 1 20 30 113 128 174 307 389 431 507 549 636 638 727 879 890 906  ; 5 1 9 4 13 4 9 6 5 6 7 7 5 8 6 6 6 5 8 2 
501.3 ; 1.956e-11 ; True ; 1 20 30 113 128 164 174 389 396 507 549 636 638 727 879 890 906  ; 6 1 11 4 14 4 10 7 5 6 6 7 5 9 6 5 6 5 9 2 
507.2 ; 1.992e-11 ; True ; 1 20 30 113 128 164 389 396 431 507 549 636 638 727 879 890 906  ; 6 1 10 4 14 4 9 7 5 6 6 7 4 9 6 6 7 5 9 2 
507.5 ; 2.145e-11 ; True ; 1 20 30 113 128 164 174 389 431 507 549 636 638 727 879 890 906  ; 6 1 10 4 14 4 9 7 5 6 7 7 5 9 6 5 6 5 9 2 
521.8 ; 2.23e-11 ; True ; 1 20 30 113 128 164 174 389 396 502 507 549 638 727 879 890 906  ; 6 1 12 4 14 4 10 8 6 6 6 7 5 9 7 6 5 4 9 2 
523.1 ; 2.26e-11 ; True ; 1 20 30 113 164 174 389 396 502 507 549 636 638 727 879 890 906  ; 6 1 11 4 14 4 11 7 5 6 5 7 6 9 6 6 6 5 9 2 
526.1 ; 2.324e-11 ; True ; 1 20 30 113 164 174 389 396 431 502 507 549 638 727 879 890 906  ; 7 1 11 4 14 4 10 8 5 6 6 6 5 10 6 7 6 4 10 2 
529.1 ; 2.385e-11 ; True ; 1 20 30 113 164 174 389 396 431 502 507 549 636 727 879 890 906  ; 7 1 11 3 14 4 11 8 5 6 6 6 6 9 6 6 7 5 9 2 
530.2 ; 2.559e-11 ; True ; 1 20 30 113 164 174 389 431 502 507 549 636 638 727 879 890 906  ; 6 1 10 4 14 4 10 7 5 6 6 7 6 9 6 6 6 5 9 2 
544.5 ; 2.662e-11 ; True ; 1 20 30 113 164 174 389 431 502 507 549 636 716 727 879 890 906  ; 6 1 10 4 14 5 11 7 5 6 6 6 6 8 7 5 7 5 8 2 
544.5 ; 2.692e-11 ; True ; 1 20 30 113 164 174 389 431 457 502 507 549 636 727 879 890 906  ; 6 1 10 4 13 5 10 7 6 6 6 6 6 8 7 5 6 5 8 2 
551.3 ; 2.938e-11 ; True ; 1 20 30 113 128 174 307 330 389 431 507 549 636 638 727 879 890 906  ; 6 1 10 4 13 4 10 6 6 6 7 8 5 8 6 6 6 6 8 2 
557.3 ; 2.963e-11 ; True ; 1 20 30 113 164 174 330 389 431 440 507 549 636 638 727 879 890 906  ; 8 1 11 4 14 4 10 7 5 7 6 8 5 10 5 5 6 6 10 2 
558.1 ; 3.147e-11 ; True ; 1 20 30 113 128 164 174 389 396 431 549 636 638 716 727 879 890 906  ; 7 1 11 5 15 4 10 8 5 6 6 6 5 9 6 5 8 5 9 2 
571.3 ; 3.278e-11 ; True ; 1 20 30 113 128 164 174 389 431 440 502 549 636 638 727 879 890 906  ; 7 1 12 4 15 3 9 9 6 7 6 8 6 9 6 5 6 5 9 2 
571.3 ; 3.495e-11 ; True ; 1 20 30 113 164 174 330 389 431 457 507 549 636 638 727 879 890 906  ; 7 1 10 5 13 5 10 6 6 6 6 7 5 9 6 5 6 6 9 2 
573.3 ; 3.648e-11 ; True ; 1 20 30 113 164 174 389 396 431 457 507 549 636 638 727 879 890 906  ; 7 1 10 5 14 5 10 7 5 6 6 6 5 10 6 6 7 5 10 2 
573.9 ; 3.691e-11 ; True ; 1 20 30 113 128 164 174 307 389 431 507 549 636 638 727 879 890 906  ; 6 1 10 4 14 4 10 7 5 6 7 7 5 9 6 6 6 5 9 3 
575.2 ; 3.723e-11 ; True ; 1 20 30 113 157 164 174 389 396 431 507 549 636 638 727 879 890 906  ; 7 1 10 4 15 5 11 8 5 6 6 7 6 10 5 6 7 5 10 2 
579.9 ; 3.769e-11 ; True ; 1 20 30 113 145 164 174 389 396 502 507 549 636 638 727 879 890 906  ; 6 1 11 4 14 5 11 7 5 6 6 7 6 10 6 6 6 6 10 2 
582.7 ; 3.85e-11 ; True ; 1 20 30 113 164 174 330 389 396 431 502 507 549 638 727 879 890 906  ; 8 1 12 4 14 4 11 8 6 6 6 7 5 10 6 7 6 5 10 2 
584.9 ; 4.152e-11 ; True ; 1 20 30 113 164 174 389 396 431 502 507 549 636 638 727 879 890 906  ; 7 1 11 4 15 4 11 8 5 6 6 7 6 10 6 7 7 5 10 2 
595.7 ; 4.178e-11 ; True ; 1 20 30 42 113 164 174 389 431 502 507 549 636 638 727 879 890 906  ; 6 1 10 4 15 5 10 7 5 6 6 8 7 9 6 6 7 5 9 2 
600 ; 4.27e-11 ; True ; 1 20 30 113 164 174 307 389 431 502 507 549 636 638 727 879 890 906  ; 6 1 10 4 14 4 11 7 5 6 6 7 6 9 6 7 6 5 9 3 
601.2 ; 4.607e-11 ; True ; 1 20 30 113 164 174 389 431 457 502 507 549 636 638 727 879 890 906  ; 6 1 10 5 14 5 10 7 6 6 6 7 6 9 7 6 6 5 9 2 
611.5 ; 4.736e-11 ; True ; 1 20 30 113 128 164 174 219 389 502 507 549 636 638 727 879 890 906  ; 6 1 11 5 14 5 10 7 6 6 7 8 6 9 8 5 5 5 9 2 
614.4 ; 4.796e-11 ; True ; 1 20 30 113 128 164 174 219 389 396 431 502 507 549 727 879 890 906  ; 8 1 12 4 14 5 10 9 6 6 8 6 5 10 8 6 6 4 10 2 
618.7 ; 5.246e-11 ; True ; 1 20 30 113 164 174 219 389 431 502 507 549 636 638 727 879 890 906  ; 7 1 10 5 14 5 10 7 5 6 7 7 6 10 7 6 6 5 10 2 
620.5 ; 5.326e-11 ; True ; 1 20 30 113 128 164 174 219 389 431 502 507 549 636 727 879 890 906  ; 7 1 11 4 14 5 10 8 6 6 8 7 6 9 8 5 6 5 9 2 
629 ; 5.642e-11 ; True ; 1 20 30 113 164 174 330 389 396 431 507 549 636 638 716 727 879 890 906  ; 8 1 11 5 15 5 12 7 5 6 6 7 5 10 6 6 8 6 10 2 
634.8 ; 5.931e-11 ; True ; 1 20 30 113 128 164 174 389 431 507 549 636 638 716 727 856 879 890 906  ; 7 1 11 5 15 5 10 8 5 6 8 7 5 9 7 6 7 5 10 2 
644.2 ; 5.968e-11 ; True ; 1 20 30 113 128 174 307 330 389 396 431 507 531 549 636 638 716 727 890 906  ; 8 1 11 4 16 4 12 8 6 5 7 8 5 9 6 7 9 6 9 2 
648.1 ; 6.189e-11 ; True ; 1 20 30 113 128 164 389 396 431 502 507 549 636 638 727 845 879 890 906  ; 7 1 12 4 16 4 10 9 6 6 7 8 5 9 7 8 7 5 10 2 
650.8 ; 6.346e-11 ; True ; 1 20 30 113 164 174 330 389 396 502 507 549 636 638 716 727 879 890 906  ; 7 1 12 5 15 5 13 7 6 6 5 8 6 9 7 6 7 6 9 2 
657 ; 6.572e-11 ; True ; 1 20 30 113 128 164 174 330 389 396 431 507 531 549 636 638 716 727 890 906  ; 9 1 12 4 17 4 12 9 6 5 7 8 5 10 6 6 9 6 10 2 
661.1 ; 6.863e-11 ; True ; 1 20 30 113 164 174 330 389 431 502 507 531 549 636 716 727 879 890 906  ; 8 1 11 4 15 5 12 8 6 6 7 7 6 9 7 5 8 6 9 2 
662.1 ; 6.901e-11 ; True ; 1 20 30 113 128 164 174 307 389 396 431 502 507 549 636 727 879 890 906  ; 7 1 12 3 15 4 12 9 6 6 7 7 6 9 7 7 7 5 9 3 
662.5 ; 7.048e-11 ; True ; 1 20 30 113 164 174 330 389 396 431 502 507 549 636 727 774 879 890 906  ; 8 1 12 4 14 5 12 8 6 7 6 7 6 9 7 6 7 6 9 2 
670.5 ; 7.182e-11 ; True ; 1 20 30 113 164 174 219 389 396 440 502 507 549 636 638 727 879 890 906  ; 8 1 12 5 15 5 11 8 5 7 6 8 6 11 7 6 6 5 11 2 
675.2 ; 7.225e-11 ; True ; 1 20 30 113 164 174 219 389 396 486 502 507 549 636 638 727 879 890 906  ; 8 1 12 6 15 5 11 7 5 7 6 7 6 11 7 6 6 5 11 2 
675.2 ; 7.548e-11 ; True ; 1 20 30 113 164 174 219 330 389 396 431 502 507 549 638 727 879 890 906  ; 9 1 12 5 14 5 11 8 6 6 7 7 5 11 7 7 6 5 11 2 
677.1 ; 7.749e-11 ; True ; 1 20 30 113 164 219 330 389 396 431 502 507 549 636 638 727 879 890 906  ; 8 1 11 5 14 5 11 7 6 6 6 8 5 10 7 7 7 6 10 2 
682 ; 7.982e-11 ; True ; 1 20 30 113 128 164 219 330 389 396 431 502 507 549 636 727 879 890 906  ; 8 1 12 4 14 5 11 8 7 6 7 8 5 9 8 6 7 6 9 2 
683.4 ; 7.995e-11 ; True ; 1 20 30 113 164 174 219 389 431 486 502 507 549 636 638 727 879 890 906  ; 8 1 11 6 15 5 10 7 5 7 7 7 6 11 7 6 6 5 11 2 
693.3 ; 8.817e-11 ; True ; 1 20 25 30 42 113 128 164 174 330 389 507 531 549 636 638 727 879 890 906  ; 7 1 12 5 16 5 11 8 6 7 8 9 6 10 6 4 7 6 10 2 
707.2 ; 8.891e-11 ; True ; 1 20 30 113 128 164 174 307 330 389 396 431 502 507 636 638 727 879 890 906  ; 8 1 13 4 15 4 12 8 6 6 7 8 6 9 6 8 6 5 10 3 
713.6 ; 1.009e-10 ; True ; 1 20 30 113 128 164 174 307 330 389 396 502 507 549 636 638 727 879 890 906  ; 7 1 13 4 15 4 13 8 7 6 6 9 6 9 7 7 6 6 9 3 
720.1 ; 1.054e-10 ; True ; 1 20 30 113 164 174 307 330 389 396 431 502 507 549 636 638 727 879 890 906  ; 8 1 12 4 15 4 13 8 6 6 6 8 6 10 6 8 7 6 10 3 
740.9 ; 1.166e-10 ; True ; 1 20 30 113 128 145 164 174 307 389 431 502 507 549 636 727 770 879 890 906  ; 6 1 11 4 15 5 11 9 6 7 8 7 6 10 7 6 6 6 10 3 
746.9 ; 1.219e-10 ; True ; 1 20 30 113 164 174 219 389 396 431 486 502 507 549 636 638 727 879 890 906  ; 9 1 12 6 16 5 11 8 5 7 7 7 6 12 7 7 7 5 12 2 
746.9 ; 1.235e-10 ; True ; 1 20 30 113 128 164 174 219 389 396 431 502 549 594 636 638 727 879 890 906  ; 8 1 12 6 15 5 10 9 6 7 7 7 6 10 8 6 7 5 10 2 
758.4 ; 1.33e-10 ; True ; 1 20 30 113 164 174 219 330 389 396 431 457 502 507 549 636 727 879 890 906  ; 9 1 12 5 14 6 12 8 7 6 7 7 6 10 8 6 7 6 10 2 
782.7 ; 1.366e-10 ; True ; 1 20 30 113 128 164 307 389 396 431 457 502 507 549 636 727 868 879 890 906  ; 7 1 12 5 14 6 11 8 7 6 7 7 5 9 8 7 7 5 9 3 
783.6 ; 1.367e-10 ; True ; 1 20 30 113 128 164 174 219 389 431 502 507 549 636 638 727 822 879 890 906  ; 7 1 11 6 16 6 10 8 6 7 8 8 6 10 9 6 6 5 10 2 
788.1 ; 1.383e-10 ; True ; 1 20 30 113 128 164 174 307 389 396 431 507 549 636 638 716 727 879 890 906 908  ; 7 1 11 5 17 5 12 8 6 6 7 7 5 10 7 7 8 6 10 3 
793.3 ; 1.388e-10 ; True ; 1 20 30 113 128 145 174 307 330 389 431 502 507 549 636 727 774 845 879 890 906  ; 7 1 12 4 14 6 11 8 7 7 9 8 6 8 8 7 6 7 9 2 
794.9 ; 1.484e-10 ; True ; 1 20 30 113 164 174 219 307 330 389 431 502 507 549 636 727 868 879 890 906  ; 9 1 12 5 13 6 12 7 6 6 8 7 6 10 7 6 6 6 10 3 
804.3 ; 1.524e-10 ; True ; 1 20 30 113 164 174 219 307 330 389 396 457 507 549 636 638 694 727 879 890 906  ; 9 1 12 6 14 6 12 7 6 6 6 7 5 10 7 7 7 6 11 3 
807.2 ; 1.708e-10 ; True ; 1 20 30 42 113 128 164 174 307 330 389 502 507 531 549 638 716 727 879 890 906  ; 7 1 12 5 16 6 12 8 7 6 7 9 6 9 8 6 7 5 9 3 
814.7 ; 1.792e-10 ; True ; 1 20 30 113 128 164 174 219 307 330 389 431 485 507 549 636 638 727 879 890 906  ; 8 1 11 5 15 5 11 8 6 6 8 8 6 11 7 6 7 6 11 3 
829.5 ; 1.899e-10 ; True ; 1 20 30 113 164 174 307 330 389 396 431 502 507 549 636 638 727 868 879 890 906  ; 9 1 13 5 15 5 13 8 6 6 7 8 6 11 6 8 7 6 11 3 
835.3 ; 2.098e-10 ; True ; 1 20 30 113 128 164 219 307 330 389 396 431 486 502 507 549 636 727 879 890 906  ; 9 1 13 5 15 5 12 8 7 7 7 8 5 10 8 7 7 6 10 3 
845.9 ; 2.289e-10 ; True ; 1 20 30 113 128 164 174 219 307 389 431 457 502 507 549 636 638 727 879 890 906  ; 7 1 11 6 15 6 11 8 7 6 8 8 6 10 9 7 6 5 10 3 
850.1 ; 2.452e-10 ; True ; 1 20 30 42 113 128 164 174 307 330 389 431 507 531 549 636 638 716 727 879 890 906  ; 8 1 11 5 17 6 12 8 6 6 8 9 6 10 7 6 9 6 10 3 
914.3 ; 3.06e-10 ; True ; 1 20 30 113 128 164 219 307 330 389 396 431 502 507 539 549 636 638 727 879 890 906  ; 8 1 12 5 16 5 12 9 7 6 7 9 6 11 8 8 8 6 11 3 
926.6 ; 3.24e-10 ; True ; 1 20 30 113 128 164 174 215 219 307 389 431 502 507 549 636 638 716 727 879 890 906  ; 8 1 12 6 17 6 12 9 6 6 9 8 6 11 9 8 7 5 10 3 
935.4 ; 3.325e-10 ; True ; 1 20 30 113 128 164 174 219 307 330 389 431 457 502 507 549 636 727 774 879 890 906  ; 8 1 12 6 14 7 12 8 8 7 8 8 6 9 10 6 6 6 9 3 
980.4 ; 3.478e-10 ; True ; 1 20 30 113 128 174 219 307 330 389 396 431 440 502 531 549 636 638 727 868 879 890 906  ; 11 1 14 6 16 5 11 10 7 7 9 9 6 12 7 7 8 6 12 2 
997.5 ; 3.587e-10 ; True ; 1 20 30 113 128 143 164 174 219 307 330 389 396 431 502 507 549 636 727 770 879 890 906  ; 9 1 14 5 17 5 13 10 7 7 8 8 6 11 8 8 7 6 11 3 
1002 ; 4.173e-10 ; True ; 1 20 30 113 128 164 174 261 307 330 389 431 502 507 549 636 638 727 770 868 879 890 906  ; 8 1 14 6 16 5 13 10 7 7 8 10 7 12 7 7 6 6 12 3 
1036 ; 4.252e-10 ; True ; 1 20 30 113 164 174 219 258 261 307 389 431 502 507 549 636 638 687 727 774 879 890 906  ; 7 1 12 6 14 6 13 8 6 7 7 10 7 11 9 7 7 7 11 3 
1044 ; 4.346e-10 ; True ; 1 20 30 113 128 164 219 232 261 307 330 389 396 431 502 507 549 636 727 770 879 890 906  ; 8 1 13 6 15 6 13 10 7 8 7 9 6 11 8 7 7 6 11 3 
1079 ; 4.62e-10 ; True ; 1 20 30 113 128 164 174 219 307 330 389 431 502 507 531 549 636 727 770 822 868 879 890  ; 10 1 13 6 17 6 12 10 7 7 10 8 6 12 9 6 7 5 12 3 
1089 ; 4.631e-10 ; True ; 1 20 30 113 157 164 219 261 307 389 396 431 502 507 549 636 687 727 745 868 879 890 906  ; 8 1 13 5 15 7 14 9 6 7 7 10 7 11 8 7 8 7 11 3 
1090 ; 4.766e-10 ; True ; 1 20 30 113 128 143 164 174 261 307 330 389 396 431 502 531 549 636 638 716 727 856 879 890 906  ; 10 1 16 5 18 4 14 12 7 6 8 9 7 11 7 9 9 6 12 3 
1094 ; 5.167e-10 ; True ; 1 20 30 113 128 164 219 261 307 330 389 417 431 502 507 549 636 638 694 716 727 879 890 906  ; 8 1 13 6 17 6 13 9 7 6 7 10 6 11 9 8 9 6 12 3 
1120 ; 5.276e-10 ; True ; 1 20 30 113 128 174 219 261 307 389 396 431 502 507 549 636 638 727 745 770 868 879 890 906  ; 8 1 14 7 17 6 13 10 6 8 9 10 7 13 8 8 7 6 13 2 
1133 ; 5.923e-10 ; True ; 1 20 30 113 128 164 219 261 307 389 396 431 502 507 549 636 638 727 745 861 868 879 890 906  ; 8 1 14 6 16 7 13 9 6 7 8 11 7 12 8 8 7 6 12 3 
1168 ; 6.031e-10 ; True ; 1 20 30 37 113 128 164 174 261 307 330 389 431 485 502 507 636 638 716 727 770 868 879 890 906  ; 8 1 14 7 18 6 13 10 7 7 8 10 8 12 7 7 7 5 13 3 
1173 ; 6.211e-10 ; True ; 1 20 30 113 128 164 174 261 307 330 389 431 485 502 507 636 638 694 716 727 856 868 879 890 906  ; 10 1 16 6 17 6 13 11 6 6 9 9 8 11 7 9 8 5 14 3 
1178 ; 6.567e-10 ; True ; 1 20 30 37 113 128 164 174 261 307 389 396 431 502 507 549 636 638 727 745 770 868 879 890 906  ; 8 1 15 6 19 5 14 11 7 8 8 11 7 13 7 8 7 6 13 3 
1180 ; 8.199e-10 ; True ; 1 20 30 113 128 164 174 219 307 330 389 431 457 502 507 549 636 679 716 727 856 861 879 890 906  ; 10 1 14 6 16 8 13 10 8 6 10 9 7 9 10 8 7 6 11 3 
1273 ; 8.531e-10 ; True ; 1 20 30 113 128 164 174 219 261 307 389 431 502 507 549 636 638 727 745 755 770 868 879 890 906  ; 8 1 15 7 17 6 14 10 7 8 9 11 7 13 8 7 6 7 13 3 
1300 ; 8.733e-10 ; True ; 1 20 30 113 128 164 219 261 307 330 389 431 502 506 507 549 636 638 694 716 727 861 868 879 890 906  ; 9 1 15 7 17 8 13 9 7 6 8 11 7 11 9 8 8 6 12 3 
1338 ; 1.044e-09 ; True ; 1 20 30 113 128 164 174 219 261 307 330 389 431 485 502 507 549 636 638 716 745 856 868 879 890 906  ; 9 1 15 7 17 7 14 11 6 7 10 10 8 13 8 8 7 6 14 3 
1339 ; 1.143e-09 ; True ; 1 20 30 113 128 164 179 219 261 307 330 389 431 502 507 531 549 636 638 716 727 745 868 879 890 906  ; 9 1 14 7 18 8 14 9 7 7 9 11 6 12 10 7 9 7 12 3 
1404 ; 1.211e-09 ; True ; 1 20 30 113 128 164 219 261 307 330 389 431 502 506 507 549 636 638 694 716 727 770 861 868 879 890 906  ; 9 1 15 8 18 8 13 10 7 7 8 11 7 12 9 8 8 6 13 3 
1436 ; 1.439e-09 ; True ; 1 20 30 113 164 174 219 261 307 330 389 416 431 502 507 531 549 636 638 687 727 822 856 868 879 890 906  ; 12 1 15 7 17 7 13 11 6 7 10 10 7 14 9 9 8 7 14 3 
1580 ; 1.475e-09 ; True ; 1 20 30 113 164 174 219 258 261 307 389 416 431 459 485 502 507 549 619 636 687 727 774 822 868 879 890 906  ; 9 1 16 7 18 8 15 11 6 8 8 9 8 13 10 8 9 7 13 3 
1646 ; 1.55e-09 ; True ; 1 20 30 113 128 164 174 261 307 330 389 396 431 490 502 531 549 638 687 727 745 774 822 856 868 879 890 903 906  ; 11 1 17 7 18 6 14 12 7 9 9 10 6 13 10 8 8 8 13 3 
1684 ; 1.937e-09 ; True ; 1 20 30 113 164 174 219 258 261 307 389 416 431 459 485 502 507 531 549 619 636 687 727 774 822 868 879 890 906  ; 10 1 16 7 19 8 15 12 6 8 9 9 8 14 10 8 10 7 14 3 
1698 ; 2.102e-09 ; True ; 1 20 30 37 113 157 164 219 261 307 330 367 389 396 416 431 485 502 507 549 636 716 727 745 822 868 879 890 906  ; 10 1 16 7 21 9 16 11 8 8 8 11 8 14 9 8 9 7 12 3 
1812 ; 2.345e-09 ; True ; 1 20 30 37 113 164 174 219 261 307 330 389 396 416 431 485 502 507 549 619 636 687 727 745 748 822 868 879 890 906  ; 11 1 17 6 20 8 16 12 8 8 8 11 8 14 10 9 9 8 13 3 
1915 ; 2.397e-09 ; True ; 1 20 30 37 113 164 174 219 261 281 307 330 389 396 416 431 485 502 507 549 619 636 687 727 745 748 822 868 879 890 906  ; 11 1 18 6 21 8 16 12 8 8 8 11 8 14 10 9 9 8 14 3 
1923 ; 2.634e-09 ; True ; 1 20 30 37 113 164 174 219 261 307 330 389 396 416 431 485 490 502 507 549 619 636 687 727 745 748 822 868 879 890 906  ; 11 1 17 6 20 8 16 12 8 8 8 11 8 14 11 9 9 9 13 3 
1952 ; 2.634e-09 ; True ; 1 20 28 30 37 113 164 174 219 261 307 330 389 396 416 431 485 502 507 549 619 636 687 727 745 748 822 868 879 890 906  ; 11 1 17 6 21 8 16 12 8 8 8 11 8 14 11 9 9 9 13 3 


RUN 6:
Optimum Distance: 33.53
Optimal Team: 174,307,389,727,906,
Required Skills: 0 1 2 4 5 7 9 10 11 12 13 14 15 16 18 20 22 23 24 26 
Distance; Skill Score; isValid; Team; Skill Counts
35.78 ; 1.085e-20 ; True ; 128 164 389 890 906  ; 2 1 4 1 3 1 2 3 1 2 1 1 1 1 1 1 1 1 2 1 
37.16 ; 1.304e-20 ; True ; 20 30 128 389 906  ; 1 1 4 1 3 1 2 1 2 3 2 2 1 1 1 1 1 1 1 1 
38.53 ; 7.001e-20 ; True ; 1 164 389 507 727  ; 2 1 4 1 4 1 3 1 1 2 1 2 1 3 2 1 1 1 3 1 
39.2 ; 9.517e-20 ; True ; 30 164 389 502 906  ; 2 1 4 1 3 1 3 2 1 3 1 2 1 2 1 2 1 1 2 1 
40.36 ; 1.165e-19 ; True ; 1 30 113 164 389  ; 2 1 5 1 4 1 2 2 1 4 2 1 1 3 1 1 1 1 3 1 
41.03 ; 1.789e-19 ; True ; 164 389 502 727 879  ; 2 1 4 1 3 1 3 2 2 2 1 2 1 2 3 1 1 1 2 1 
44.99 ; 5.716e-19 ; True ; 30 100 164 389 594 890  ; 3 1 4 1 4 1 4 3 1 3 1 1 1 2 2 2 2 1 3 1 
48.86 ; 6.08e-19 ; True ; 30 128 164 174 389 906  ; 3 1 5 1 4 1 3 3 1 3 3 2 1 3 1 1 1 1 3 1 
50.3 ; 6.365e-19 ; True ; 20 30 128 174 389 906  ; 2 1 5 1 4 1 3 2 2 3 3 2 2 2 1 1 1 1 2 1 
50.86 ; 2.198e-18 ; True ; 30 164 389 549 594 890  ; 3 1 4 1 4 1 4 3 1 3 1 2 1 3 2 2 3 1 3 1 
54.05 ; 2.221e-18 ; True ; 30 164 389 549 890 906  ; 3 1 4 1 4 1 4 3 1 3 1 2 1 3 1 2 3 2 3 1 
54.75 ; 4.858e-18 ; True ; 164 389 502 507 727 879  ; 2 1 4 1 4 2 4 2 2 2 2 3 1 3 4 2 1 1 3 1 
57.91 ; 6.507e-18 ; True ; 30 164 389 549 879 890  ; 3 1 4 1 4 1 4 3 1 3 2 2 1 4 2 2 3 1 4 1 
61.05 ; 6.629e-18 ; True ; 1 30 113 164 389 549  ; 2 1 5 1 5 1 3 3 2 4 2 2 1 4 2 1 2 2 3 1 
62.54 ; 1.032e-17 ; True ; 30 164 389 502 549 879  ; 2 1 4 1 4 1 4 3 2 3 2 3 1 4 3 2 2 1 3 1 
64.64 ; 1.034e-17 ; True ; 30 164 353 389 549 594 890  ; 4 1 5 1 5 1 4 3 1 3 2 2 1 3 2 3 3 1 4 1 
65.76 ; 1.067e-17 ; True ; 30 113 164 219 389 502  ; 3 1 5 1 4 2 3 3 2 3 3 2 1 3 3 2 1 1 3 1 
66.39 ; 1.285e-17 ; True ; 30 164 389 531 549 594 890  ; 4 1 4 1 5 1 4 4 1 3 2 2 1 4 2 2 4 1 4 1 
69.39 ; 1.818e-17 ; True ; 30 164 389 431 549 594 890  ; 4 1 4 1 5 1 4 4 1 3 2 2 1 4 2 3 4 1 4 1 
71.61 ; 1.956e-17 ; True ; 30 164 174 389 594 727 890  ; 5 1 6 1 5 1 5 3 1 3 2 2 2 3 2 2 3 1 4 1 
71.91 ; 2.154e-17 ; True ; 20 30 389 531 549 890 906  ; 3 1 4 1 5 1 4 3 2 3 2 2 2 3 1 2 4 2 3 1 
73.19 ; 2.408e-17 ; True ; 30 164 174 389 549 594 890  ; 4 1 5 1 5 1 5 4 1 3 2 2 2 4 2 2 3 1 4 1 
73.52 ; 3.712e-17 ; True ; 30 164 389 507 549 594 890  ; 3 1 4 1 5 2 5 3 1 3 2 3 1 4 3 3 3 1 4 1 
76.33 ; 4.621e-17 ; True ; 164 219 389 502 507 727 879  ; 3 1 4 2 4 3 4 2 2 2 3 3 1 4 5 2 1 1 4 1 
76.72 ; 4.994e-17 ; True ; 30 164 389 507 549 890 906  ; 3 1 4 1 5 2 5 3 1 3 2 3 1 4 2 3 3 2 4 1 
77.28 ; 5.022e-17 ; True ; 164 174 389 502 507 727 879  ; 3 1 5 1 5 2 5 3 2 2 3 3 2 4 4 2 1 1 4 1 
77.59 ; 7.28e-17 ; True ; 30 164 389 507 549 879 890  ; 3 1 4 1 5 2 5 3 1 3 3 3 1 5 3 3 3 1 5 1 
80.13 ; 9.252e-17 ; True ; 30 164 389 502 507 727 879  ; 3 1 5 1 5 2 5 2 2 3 3 4 1 4 4 3 2 1 4 1 
80.14 ; 9.728e-17 ; True ; 30 164 389 502 507 549 879  ; 2 1 4 1 5 2 5 3 2 3 3 4 1 5 4 3 2 1 4 1 
83.81 ; 1.01e-16 ; True ; 1 30 113 164 389 507 727  ; 3 1 6 1 6 2 4 2 2 4 3 3 1 4 3 2 2 2 4 1 
84.09 ; 1.09e-16 ; True ; 30 164 389 502 549 879 890  ; 3 1 5 1 5 1 5 4 2 3 2 3 2 4 3 3 3 1 4 1 
85.76 ; 1.102e-16 ; True ; 1 30 113 164 389 507 549  ; 2 1 5 1 6 2 4 3 2 4 3 3 1 5 3 2 2 2 4 1 
87.27 ; 1.45e-16 ; True ; 30 113 164 389 502 879 890  ; 3 1 6 1 5 2 4 4 2 4 3 2 2 3 3 3 2 1 4 1 
87.58 ; 1.637e-16 ; True ; 30 113 164 389 549 879 890  ; 3 1 5 1 5 2 4 4 2 4 3 2 1 4 3 2 3 2 4 1 
90.29 ; 1.676e-16 ; True ; 30 113 164 389 502 727 879  ; 3 1 6 1 5 2 4 3 3 4 3 3 1 3 4 2 2 2 3 1 
91.27 ; 1.733e-16 ; True ; 30 113 164 389 502 549 879  ; 2 1 5 1 5 2 4 4 3 4 3 3 1 4 4 2 2 2 3 1 
92.61 ; 1.98e-16 ; True ; 30 128 164 174 389 727 890 906  ; 5 1 7 1 6 1 5 4 2 3 3 3 2 3 2 2 3 2 4 1 
94.54 ; 2.209e-16 ; True ; 1 30 128 164 389 727 890 906  ; 4 1 7 2 6 1 4 3 2 4 2 3 2 3 2 2 3 2 4 1 
96.16 ; 2.346e-16 ; True ; 30 128 164 174 389 549 890 906  ; 4 1 6 1 6 1 5 5 2 3 3 3 2 4 2 2 3 2 4 1 
96.22 ; 2.377e-16 ; True ; 30 128 164 174 389 507 727 906  ; 4 1 6 1 6 2 5 3 2 3 4 4 1 4 3 2 2 2 4 1 
97.13 ; 2.694e-16 ; True ; 30 164 389 396 507 549 879 890  ; 4 1 5 1 6 2 6 4 1 3 3 3 1 6 3 4 4 1 6 1 
99.17 ; 2.733e-16 ; True ; 1 30 113 164 389 636 638 727  ; 3 1 6 2 7 1 4 2 2 4 2 4 2 4 2 2 3 3 4 1 
99.25 ; 2.769e-16 ; True ; 1 30 145 164 389 549 727 890  ; 4 1 6 1 6 1 5 3 2 3 2 3 2 5 2 2 4 3 5 1 
99.37 ; 3.666e-16 ; True ; 1 30 113 164 174 389 638 727  ; 4 1 7 2 7 1 4 3 2 4 3 3 2 5 2 2 2 2 5 1 
100.3 ; 3.748e-16 ; True ; 20 30 389 396 507 549 890 906  ; 3 1 5 1 6 2 6 3 2 3 2 3 2 4 2 4 4 2 4 1 
101.3 ; 3.778e-16 ; True ; 1 30 164 389 507 549 890 906  ; 3 1 5 2 6 2 5 3 1 4 2 3 2 5 2 3 3 2 5 1 
102.2 ; 4.106e-16 ; True ; 30 164 389 507 549 594 727 890  ; 4 1 5 1 6 2 6 3 2 3 2 4 1 4 4 3 4 2 4 1 
102.2 ; 4.478e-16 ; True ; 1 30 113 164 389 638 727 890  ; 4 1 7 2 7 1 4 3 2 4 2 3 2 4 2 3 3 2 5 1 
103.3 ; 5.2e-16 ; True ; 1 30 164 389 507 549 727 890  ; 4 1 6 1 7 1 6 3 2 3 2 4 2 5 3 3 4 2 5 1 
103.9 ; 5.389e-16 ; True ; 30 164 174 389 502 507 727 906  ; 4 1 6 1 6 2 6 3 2 3 3 4 2 4 3 3 2 2 4 1 
105.3 ; 5.766e-16 ; True ; 1 30 113 164 389 549 890 906  ; 3 1 6 2 6 2 4 4 2 5 2 2 2 4 2 2 3 3 4 1 
105.6 ; 6.218e-16 ; True ; 30 164 174 389 502 507 727 879  ; 4 1 6 1 6 2 6 3 2 3 4 4 2 5 4 3 2 1 5 1 
105.6 ; 8.276e-16 ; True ; 30 164 389 502 507 549 879 890  ; 3 1 5 1 6 2 6 4 2 3 3 4 2 5 4 4 3 1 5 1 
109.3 ; 9.372e-16 ; True ; 1 30 113 164 389 507 727 890  ; 4 1 7 1 7 2 5 3 2 4 3 3 2 4 3 3 3 2 5 1 
110.2 ; 1.045e-15 ; True ; 1 30 113 164 389 507 549 890  ; 3 1 6 1 7 2 5 4 2 4 3 3 2 5 3 3 3 2 5 1 
112.2 ; 1.083e-15 ; True ; 30 113 164 389 507 549 879 890  ; 3 1 5 1 6 3 5 4 2 4 4 3 1 5 4 3 3 2 5 1 
115.1 ; 1.12e-15 ; True ; 1 30 113 164 389 549 879 890  ; 3 1 6 2 6 2 4 4 2 5 3 2 2 5 3 2 3 2 5 1 
115.4 ; 1.157e-15 ; True ; 30 164 219 389 502 549 879 890  ; 4 1 5 2 5 2 5 4 2 3 3 3 2 5 4 3 3 1 5 1 
118.7 ; 1.205e-15 ; True ; 1 20 30 128 389 396 549 890 906  ; 3 1 7 2 7 1 5 4 3 4 2 3 3 4 2 3 4 2 4 1 
118.7 ; 1.647e-15 ; True ; 30 113 164 389 502 549 879 890  ; 3 1 6 1 6 2 5 5 3 4 3 3 2 4 4 3 3 2 4 1 
121.2 ; 1.688e-15 ; True ; 1 30 128 164 174 389 507 727 906  ; 4 1 7 2 7 2 5 3 2 4 4 4 2 5 3 2 2 2 5 1 
123.1 ; 1.791e-15 ; True ; 30 128 164 174 389 507 727 890 906  ; 5 1 7 1 7 2 6 4 2 3 4 4 2 4 3 3 3 2 5 1 
124 ; 1.908e-15 ; True ; 1 20 30 389 431 549 727 890 906  ; 4 1 6 2 7 1 5 3 3 4 2 3 3 4 2 3 5 3 4 1 
124.9 ; 2.045e-15 ; True ; 1 20 30 389 396 507 549 890 906  ; 3 1 6 2 7 2 6 3 2 4 2 3 3 5 2 4 4 2 5 1 
125 ; 2.145e-15 ; True ; 1 20 30 113 145 389 638 727 890  ; 3 1 7 2 7 2 4 2 3 4 3 3 3 4 2 3 3 3 5 1 
126.1 ; 2.318e-15 ; True ; 1 30 128 164 389 507 727 890 906  ; 4 1 7 2 7 2 5 3 2 4 3 4 2 4 3 3 3 2 5 1 
128.8 ; 2.585e-15 ; True ; 1 30 128 164 389 507 549 890 906  ; 3 1 6 2 7 2 5 4 2 4 3 4 2 5 3 3 3 2 5 1 
128.8 ; 2.617e-15 ; True ; 30 113 164 174 389 638 727 890 906  ; 5 1 7 2 7 2 5 4 2 4 3 3 2 4 2 3 3 3 5 1 
128.8 ; 2.651e-15 ; True ; 1 20 30 113 389 396 549 890 906  ; 3 1 7 2 7 2 5 4 3 5 2 2 3 4 2 3 4 3 4 1 
129.8 ; 2.762e-15 ; True ; 20 30 113 174 389 638 727 890 906  ; 4 1 7 2 7 2 5 3 3 4 3 3 3 3 2 3 3 3 4 1 
129.9 ; 3.003e-15 ; True ; 1 30 164 174 389 507 549 727 906  ; 4 1 6 2 7 2 6 3 2 4 3 4 2 6 3 2 3 3 5 1 
130 ; 3.39e-15 ; True ; 1 30 164 389 507 549 727 890 906  ; 4 1 6 2 7 2 6 3 2 4 2 4 2 5 3 3 4 3 5 1 
133.9 ; 3.909e-15 ; True ; 1 30 113 164 389 549 727 890 906  ; 4 1 7 2 7 2 5 4 3 5 2 3 2 4 3 2 4 4 4 1 
135.3 ; 4.062e-15 ; True ; 30 164 174 389 502 507 727 879 906  ; 4 1 6 2 6 3 6 3 2 4 4 4 2 5 4 3 2 2 5 1 
136 ; 4.311e-15 ; True ; 1 30 113 164 389 507 727 890 906  ; 4 1 7 2 7 3 5 3 2 5 3 3 2 4 3 3 3 3 5 1 
137.2 ; 5.406e-15 ; True ; 30 164 389 502 507 549 879 890 906  ; 3 1 5 2 6 3 6 4 2 4 3 4 2 5 4 4 3 2 5 1 
137.7 ; 5.426e-15 ; True ; 1 30 164 389 507 549 727 879 890  ; 4 1 6 2 7 2 6 3 2 4 3 4 2 6 4 3 4 2 6 1 
140.9 ; 6.108e-15 ; True ; 1 30 113 164 389 507 549 727 890  ; 4 1 7 1 8 2 6 4 3 4 3 4 2 5 4 3 4 3 5 1 
143.8 ; 6.377e-15 ; True ; 1 30 113 164 389 507 727 879 890  ; 4 1 7 2 7 3 5 3 2 5 4 3 2 5 4 3 3 2 6 1 
144.7 ; 6.843e-15 ; True ; 1 30 113 164 389 507 549 879 890  ; 3 1 6 2 7 3 5 4 2 5 4 3 2 6 4 3 3 2 6 1 
145.2 ; 7.477e-15 ; True ; 30 113 164 389 502 507 727 879 890  ; 4 1 7 1 7 3 6 4 3 4 4 4 2 4 5 4 3 2 5 1 
145.2 ; 7.833e-15 ; True ; 30 113 164 389 502 507 549 879 890  ; 3 1 6 1 7 3 6 5 3 4 4 4 2 5 5 4 3 2 5 1 
151 ; 9.022e-15 ; True ; 1 30 128 164 174 389 507 727 890 906  ; 5 1 8 2 8 2 6 4 2 4 4 4 3 5 3 3 3 2 6 1 
152.6 ; 9.135e-15 ; True ; 1 20 30 113 145 174 389 638 727 890  ; 4 1 8 2 8 2 5 3 3 4 4 3 4 5 2 3 3 3 6 1 
152.6 ; 9.358e-15 ; True ; 1 20 30 128 174 389 507 727 890 906  ; 4 1 8 2 8 2 6 3 3 4 4 4 4 4 3 3 3 2 5 1 
153.6 ; 9.621e-15 ; True ; 1 20 30 113 174 389 638 727 890 906  ; 4 1 8 3 8 2 5 3 3 5 3 3 4 4 2 3 3 3 5 1 
154.8 ; 9.846e-15 ; True ; 1 20 30 113 128 174 389 727 890 906  ; 4 1 9 2 8 2 5 4 4 5 4 3 4 3 3 2 3 3 4 1 
155 ; 9.864e-15 ; True ; 30 113 164 219 389 502 727 879 890  ; 5 1 7 2 6 3 5 4 3 4 4 3 2 4 5 3 3 2 5 1 
155 ; 1.098e-14 ; True ; 30 113 164 219 389 502 549 879 890  ; 4 1 6 2 6 3 5 5 3 4 4 3 2 5 5 3 3 2 5 1 
156.1 ; 1.109e-14 ; True ; 1 30 113 128 164 174 389 727 890 906  ; 5 1 9 2 8 2 5 5 3 5 4 3 3 4 3 2 3 3 5 1 
157.4 ; 1.134e-14 ; True ; 1 20 30 113 145 174 389 549 638 727  ; 3 1 7 2 8 2 5 3 4 4 4 4 3 6 3 2 3 4 5 1 
157.4 ; 1.195e-14 ; True ; 1 20 30 113 174 389 549 638 727 906  ; 3 1 7 3 8 2 5 3 4 5 3 4 3 5 3 2 3 4 4 1 
157.5 ; 1.235e-14 ; True ; 1 20 30 389 396 507 549 727 890 906  ; 4 1 7 2 8 2 7 3 3 4 2 4 3 5 3 4 5 3 5 1 
158.7 ; 1.258e-14 ; True ; 1 30 113 174 307 389 549 727 890 906  ; 4 1 7 2 7 2 6 4 3 5 3 3 3 4 3 3 4 4 4 1 
158.7 ; 1.288e-14 ; True ; 1 20 30 389 507 531 549 727 890 906  ; 4 1 6 2 8 2 6 3 3 4 3 4 3 5 3 3 5 3 5 1 
159.3 ; 1.424e-14 ; True ; 1 30 164 174 389 507 549 727 890 906  ; 5 1 7 2 8 2 7 4 2 4 3 4 3 6 3 3 4 3 6 1 
159.4 ; 1.44e-14 ; True ; 1 20 30 113 145 389 549 638 727 890  ; 3 1 7 2 8 2 5 3 4 4 3 4 3 5 3 3 4 4 5 1 
160.5 ; 1.535e-14 ; True ; 1 20 30 174 389 507 549 727 890 906  ; 4 1 7 2 8 2 7 3 3 4 3 4 4 5 3 3 4 3 5 1 
162.5 ; 1.622e-14 ; True ; 1 20 30 389 431 507 549 727 890 906  ; 4 1 6 2 8 2 6 3 3 4 3 4 3 5 3 4 5 3 5 1 
164.3 ; 1.67e-14 ; True ; 1 30 113 164 174 389 549 727 890 906  ; 5 1 8 2 8 2 6 5 3 5 3 3 3 5 3 2 4 4 5 1 
165 ; 1.714e-14 ; True ; 1 20 25 30 389 507 549 727 890 906  ; 3 1 7 3 8 2 7 3 3 5 3 4 3 5 3 3 4 3 5 1 
165.4 ; 1.869e-14 ; True ; 1 20 30 113 389 431 549 727 890 906  ; 4 1 7 2 8 2 5 4 4 5 3 3 3 4 3 3 5 4 4 1 
167.3 ; 1.905e-14 ; True ; 1 20 30 113 389 396 507 549 890 906  ; 3 1 7 2 8 3 6 4 3 5 3 3 3 5 3 4 4 3 5 1 
168.3 ; 1.918e-14 ; True ; 1 30 113 164 174 389 507 549 638 727  ; 4 1 7 2 9 2 6 4 3 4 4 5 2 7 4 3 3 3 6 1 
168.6 ; 1.929e-14 ; True ; 30 164 174 389 502 507 727 879 890 906  ; 5 1 7 2 7 3 7 4 2 4 4 4 3 5 4 4 3 2 6 1 
169.1 ; 2.017e-14 ; True ; 30 164 174 389 507 549 727 879 890 906  ; 5 1 6 2 7 3 7 4 2 4 4 4 2 6 4 3 4 3 6 1 
169.3 ; 2.224e-14 ; True ; 1 30 113 164 389 507 549 638 727 890  ; 4 1 7 2 9 2 6 4 3 4 3 5 2 6 4 4 4 3 6 1 
170.5 ; 2.5e-14 ; True ; 1 30 113 164 389 507 549 727 890 906  ; 4 1 7 2 8 3 6 4 3 5 3 4 2 5 4 3 4 4 5 1 
174.6 ; 2.8e-14 ; True ; 30 164 389 502 507 549 727 879 890 906  ; 4 1 6 2 7 3 7 4 3 4 3 5 2 5 5 4 4 3 5 1 
176 ; 2.961e-14 ; True ; 1 25 30 113 164 389 507 549 727 890  ; 4 1 8 2 9 2 7 5 3 5 4 4 2 6 4 3 4 3 6 1 
178 ; 3.2e-14 ; True ; 1 20 25 30 113 389 507 549 727 890  ; 3 1 8 2 9 2 7 4 4 5 4 4 3 5 4 3 4 3 5 1 
179.7 ; 3.213e-14 ; True ; 30 113 164 389 502 507 549 879 890 906  ; 3 1 6 2 7 4 6 5 3 5 4 4 2 5 5 4 3 3 5 1 
180.3 ; 3.754e-14 ; True ; 1 30 113 164 389 507 549 727 879 890  ; 4 1 7 2 8 3 6 4 3 5 4 4 2 6 5 3 4 3 6 1 
184.9 ; 3.769e-14 ; True ; 1 30 113 128 164 174 389 638 727 890 906  ; 5 1 9 3 9 2 5 5 3 5 4 4 3 5 3 3 3 3 6 1 
186 ; 3.953e-14 ; True ; 1 30 113 174 307 389 549 638 727 890 906  ; 4 1 7 3 8 2 6 4 3 5 3 4 3 5 3 4 4 4 5 1 
188.8 ; 4.149e-14 ; True ; 1 20 30 113 145 389 549 638 727 890 906  ; 3 1 7 3 8 3 5 3 4 5 3 4 3 5 3 3 4 5 5 1 
189.8 ; 4.391e-14 ; True ; 1 20 30 389 396 431 507 549 727 890 906  ; 5 1 7 2 9 2 7 4 3 4 3 4 3 6 3 5 6 3 6 1 
189.8 ; 4.478e-14 ; True ; 1 20 30 174 389 396 507 549 727 890 906  ; 5 1 8 2 9 2 8 4 3 4 3 4 4 6 3 4 5 3 6 1 
190.2 ; 4.891e-14 ; True ; 1 30 128 164 174 389 507 549 727 890 906  ; 5 1 8 2 9 2 7 5 3 4 4 5 3 6 4 3 4 3 6 1 
191.8 ; 4.991e-14 ; True ; 1 20 30 128 174 389 507 549 727 890 906  ; 4 1 8 2 9 2 7 4 4 4 4 5 4 5 4 3 4 3 5 1 
191.8 ; 5.09e-14 ; True ; 1 20 30 113 145 174 389 549 638 727 890  ; 4 1 8 2 9 2 6 4 4 4 4 4 4 6 3 3 4 4 6 1 
191.9 ; 5.572e-14 ; True ; 1 20 30 113 174 389 549 638 727 890 906  ; 4 1 8 3 9 2 6 4 4 5 3 4 4 5 3 3 4 4 5 1 
195.7 ; 5.873e-14 ; True ; 1 20 30 113 389 431 549 638 727 890 906  ; 4 1 7 3 9 2 5 4 4 5 3 4 3 5 3 4 5 4 5 1 
198.1 ; 5.981e-14 ; True ; 1 20 25 30 113 389 396 549 727 890 906  ; 4 1 9 3 9 2 7 5 4 6 3 3 3 5 3 3 5 4 5 1 
198.8 ; 6.308e-14 ; True ; 1 20 30 113 174 389 431 549 727 890 906  ; 5 1 8 2 9 2 6 5 4 5 4 3 4 5 3 3 5 4 5 1 
200.2 ; 6.385e-14 ; True ; 1 20 25 30 389 431 507 549 727 890 906  ; 4 1 7 3 9 2 7 4 3 5 4 4 3 6 3 4 5 3 6 1 
201 ; 6.687e-14 ; True ; 20 25 30 113 174 389 549 638 727 890 906  ; 4 1 8 3 9 2 7 5 4 5 4 4 3 5 3 3 4 4 5 1 
201.8 ; 6.828e-14 ; True ; 1 30 113 164 389 507 549 638 727 890 906  ; 4 1 7 3 9 3 6 4 3 5 3 5 2 6 4 4 4 4 6 1 
202.2 ; 7.187e-14 ; True ; 1 20 25 30 113 389 431 549 727 890 906  ; 4 1 8 3 9 2 6 5 4 6 4 3 3 5 3 3 5 4 5 1 
202.7 ; 7.283e-14 ; True ; 1 30 113 164 174 389 507 549 638 727 890  ; 5 1 8 2 10 2 7 5 3 4 4 5 3 7 4 4 4 3 7 1 
203.9 ; 7.964e-14 ; True ; 1 20 30 113 389 396 507 549 727 890 906  ; 4 1 8 2 9 3 7 4 4 5 3 4 3 5 4 4 5 4 5 1 
204.8 ; 8.623e-14 ; True ; 1 30 113 164 174 389 507 549 727 890 906  ; 5 1 8 2 9 3 7 5 3 5 4 4 3 6 4 3 4 4 6 1 
206 ; 8.799e-14 ; True ; 1 20 30 113 174 389 507 549 727 890 906  ; 4 1 8 2 9 3 7 4 4 5 4 4 4 5 4 3 4 4 5 1 
208.9 ; 9.455e-14 ; True ; 1 20 30 113 389 431 507 549 727 890 906  ; 4 1 7 2 9 3 6 4 4 5 4 4 3 5 4 4 5 4 5 1 
210.8 ; 9.701e-14 ; True ; 30 164 174 389 502 507 549 727 879 890 906  ; 5 1 7 2 8 3 8 5 3 4 4 5 3 6 5 4 4 3 6 1 
212.1 ; 9.708e-14 ; True ; 1 30 164 389 502 507 549 727 879 890 906  ; 4 1 7 3 8 3 7 4 3 5 3 5 3 6 5 4 4 3 6 1 
212.5 ; 9.894e-14 ; True ; 1 30 113 164 389 396 507 549 727 879 890  ; 5 1 8 2 9 3 7 5 3 5 4 4 2 7 5 4 5 3 7 1 
214.2 ; 1.05e-13 ; True ; 1 20 25 30 113 389 431 507 549 727 890  ; 4 1 8 2 10 2 7 5 4 5 5 4 3 6 4 4 5 3 6 1 
215.3 ; 1.065e-13 ; True ; 1 30 113 164 389 502 507 549 727 890 906  ; 4 1 8 2 9 3 7 5 4 5 3 5 3 5 5 4 4 4 5 1 
216.5 ; 1.153e-13 ; True ; 1 30 113 164 174 389 507 549 727 879 890  ; 5 1 8 2 9 3 7 5 3 5 5 4 3 7 5 3 4 3 7 1 
218.6 ; 1.196e-13 ; True ; 1 20 30 113 389 396 507 549 727 879 890  ; 4 1 8 2 9 3 7 4 4 5 4 4 3 6 5 4 5 3 6 1 
219.7 ; 1.208e-13 ; True ; 1 30 113 128 174 307 389 549 638 727 890 906  ; 4 1 8 3 9 2 6 5 4 5 4 5 3 5 4 4 4 4 5 1 
221.1 ; 1.234e-13 ; True ; 30 113 164 389 502 507 549 727 879 890 906  ; 4 1 7 2 8 4 7 5 4 5 4 5 2 5 6 4 4 4 5 1 
222.2 ; 1.267e-13 ; True ; 1 20 30 113 128 174 389 431 638 727 890 906  ; 5 1 9 3 10 2 5 5 4 5 5 4 4 5 3 4 4 3 6 1 
223.7 ; 1.331e-13 ; True ; 1 20 30 113 389 431 507 549 727 879 890  ; 4 1 7 2 9 3 6 4 4 5 5 4 3 6 5 4 5 3 6 1 
224 ; 1.537e-13 ; True ; 1 30 113 164 389 502 507 549 727 879 890  ; 4 1 8 2 9 3 7 5 4 5 4 5 3 6 6 4 4 3 6 1 
226.5 ; 1.577e-13 ; True ; 1 20 30 113 128 174 389 549 638 727 890 906  ; 4 1 9 3 10 2 6 5 5 5 4 5 4 5 4 3 4 4 5 1 
228 ; 1.585e-13 ; True ; 1 30 113 128 164 174 389 549 638 727 890 906  ; 5 1 9 3 10 2 6 6 4 5 4 5 3 6 4 3 4 4 6 1 
230.5 ; 1.71e-13 ; True ; 1 20 25 30 113 174 389 549 638 727 890 906  ; 4 1 9 4 10 2 7 5 4 6 4 4 4 6 3 3 4 4 6 1 
231.1 ; 1.836e-13 ; True ; 1 20 30 113 174 389 431 549 638 727 890 906  ; 5 1 8 3 10 2 6 5 4 5 4 4 4 6 3 4 5 4 6 1 
234.4 ; 1.859e-13 ; True ; 1 20 25 30 113 389 431 549 638 727 890 906  ; 4 1 8 4 10 2 6 5 4 6 4 4 3 6 3 4 5 4 6 1 
236.5 ; 1.867e-13 ; True ; 1 20 30 113 157 389 431 549 638 727 890 906  ; 4 1 7 3 10 3 6 5 5 5 3 5 4 5 3 4 5 4 5 1 
237.3 ; 2.001e-13 ; True ; 1 20 30 113 389 396 507 531 549 727 890 906  ; 5 1 8 2 10 3 7 5 4 5 4 4 3 6 4 4 6 4 6 1 
238 ; 2.041e-13 ; True ; 1 20 30 113 389 396 507 549 638 727 890 906  ; 4 1 8 3 10 3 7 4 4 5 3 5 3 6 4 5 5 4 6 1 
238.1 ; 2.236e-13 ; True ; 1 30 113 164 174 389 507 549 638 727 890 906  ; 5 1 8 3 10 3 7 5 3 5 4 5 3 7 4 4 4 4 7 1 
239.2 ; 2.403e-13 ; True ; 1 20 30 113 174 389 507 549 638 727 890 906  ; 4 1 8 3 10 3 7 4 4 5 4 5 4 6 4 4 4 4 6 1 
243.1 ; 2.424e-13 ; True ; 1 20 30 113 389 431 507 549 638 727 890 906  ; 4 1 7 3 10 3 6 4 4 5 4 5 3 6 4 5 5 4 6 1 
245.5 ; 2.473e-13 ; True ; 1 20 25 30 113 174 389 507 549 638 727 890  ; 4 1 9 3 11 2 8 5 4 5 5 5 4 7 4 4 4 3 7 1 
245.5 ; 2.714e-13 ; True ; 1 20 25 30 113 389 396 507 549 727 890 906  ; 4 1 9 3 10 3 8 5 4 6 4 4 3 6 4 4 5 4 6 1 
246.2 ; 2.718e-13 ; True ; 1 20 30 113 174 389 431 507 549 727 890 906  ; 5 1 8 2 10 3 7 5 4 5 5 4 4 6 4 4 5 4 6 1 
247.6 ; 2.813e-13 ; True ; 1 20 25 30 113 174 389 507 549 727 890 906  ; 4 1 9 3 10 3 8 5 4 6 5 4 4 6 4 3 4 4 6 1 
250.6 ; 3.097e-13 ; True ; 1 20 25 30 113 389 431 507 549 727 890 906  ; 4 1 8 3 10 3 7 5 4 6 5 4 3 6 4 4 5 4 6 1 
255.2 ; 3.145e-13 ; True ; 1 20 30 113 389 396 507 549 727 879 890 906  ; 4 1 8 3 9 4 7 4 4 6 4 4 3 6 5 4 5 4 6 1 
256.9 ; 3.408e-13 ; True ; 1 20 30 113 164 389 431 507 549 727 890 906  ; 5 1 8 2 10 3 7 5 4 5 4 4 3 6 4 4 5 4 6 2 
258.5 ; 3.526e-13 ; True ; 1 20 25 30 113 164 389 507 549 727 890 906  ; 4 1 9 3 10 3 8 5 4 6 4 4 3 6 4 3 4 4 6 2 
261 ; 3.568e-13 ; True ; 1 30 113 164 389 396 502 507 549 727 879 890  ; 5 1 9 2 10 3 8 6 4 5 4 5 3 7 6 5 5 3 7 1 
262.2 ; 3.793e-13 ; True ; 30 113 164 174 389 502 507 549 727 879 890 906  ; 5 1 8 2 9 4 8 6 4 5 5 5 3 6 6 4 4 4 6 1 
262.5 ; 4.041e-13 ; True ; 1 30 113 164 389 502 507 549 727 879 890 906  ; 4 1 8 3 9 4 7 5 4 6 4 5 3 6 6 4 4 4 6 1 
264.9 ; 4.122e-13 ; True ; 1 20 30 113 128 174 389 396 549 638 727 890 906  ; 5 1 10 3 11 2 7 6 5 5 4 5 4 6 4 4 5 4 6 1 
269.1 ; 4.686e-13 ; True ; 1 20 30 113 128 174 389 431 549 638 727 890 906  ; 5 1 9 3 11 2 6 6 5 5 5 5 4 6 4 4 5 4 6 1 
273.3 ; 4.783e-13 ; True ; 1 20 30 113 174 330 389 507 549 638 727 890 906  ; 5 1 9 3 10 3 8 4 5 5 4 6 4 6 4 4 4 5 6 1 
273.6 ; 4.824e-13 ; True ; 1 20 25 30 113 174 389 431 549 638 727 890 906  ; 5 1 9 4 11 2 7 6 4 6 5 4 4 7 3 4 5 4 7 1 
274.4 ; 4.87e-13 ; True ; 1 20 30 113 389 396 507 531 549 638 727 890 906  ; 5 1 8 3 11 3 7 5 4 5 4 5 3 7 4 5 6 4 7 1 
275.5 ; 5.022e-13 ; True ; 1 20 30 113 145 174 389 507 549 638 727 890 906  ; 4 1 8 3 10 4 7 4 4 5 5 5 4 7 4 4 4 5 7 1 
276.3 ; 5.492e-13 ; True ; 1 30 113 128 164 174 389 507 549 638 727 890 906  ; 5 1 9 3 11 3 7 6 4 5 5 6 3 7 5 4 4 4 7 1 
277.3 ; 5.8e-13 ; True ; 1 20 30 113 174 389 396 507 549 638 727 890 906  ; 5 1 9 3 11 3 8 5 4 5 4 5 4 7 4 5 5 4 7 1 
282.3 ; 5.84e-13 ; True ; 1 20 30 113 174 389 396 431 507 549 727 890 906  ; 6 1 9 2 11 3 8 6 4 5 5 4 4 7 4 5 6 4 7 1 
282.4 ; 6.617e-13 ; True ; 1 20 30 113 174 389 431 507 549 638 727 890 906  ; 5 1 8 3 11 3 7 5 4 5 5 5 4 7 4 5 5 4 7 1 
286.6 ; 6.839e-13 ; True ; 1 20 25 30 113 174 389 396 507 549 727 890 906  ; 5 1 10 3 11 3 9 6 4 6 5 4 4 7 4 4 5 4 7 1 
287.6 ; 6.904e-13 ; True ; 1 20 25 30 113 389 396 431 507 549 727 890 906  ; 5 1 9 3 11 3 8 6 4 6 5 4 3 7 4 5 6 4 7 1 
291.2 ; 8.026e-13 ; True ; 1 20 30 113 164 174 389 507 549 638 727 890 906  ; 5 1 9 3 11 3 8 5 4 5 4 5 4 7 4 4 4 4 7 2 
295.1 ; 8.296e-13 ; True ; 1 20 30 113 164 389 431 507 549 638 727 890 906  ; 5 1 8 3 11 3 7 5 4 5 4 5 3 7 4 5 5 4 7 2 
297.4 ; 8.379e-13 ; True ; 1 20 30 113 174 389 396 507 549 727 879 890 906  ; 5 1 9 3 10 4 8 5 4 6 5 4 4 7 5 4 5 4 7 1 
298.1 ; 8.417e-13 ; True ; 1 20 30 113 164 174 389 431 507 549 727 890 906  ; 6 1 9 2 11 3 8 6 4 5 5 4 4 7 4 4 5 4 7 2 
300.5 ; 8.884e-13 ; True ; 1 20 25 30 113 164 174 389 507 549 727 890 906  ; 5 1 10 3 11 3 9 6 4 6 5 4 4 7 4 3 4 4 7 2 
303.4 ; 9.18e-13 ; True ; 1 20 30 113 174 389 431 507 549 727 879 890 906  ; 5 1 8 3 10 4 7 5 4 6 6 4 4 7 5 4 5 4 7 1 
303.5 ; 9.95e-13 ; True ; 1 20 25 30 113 164 389 431 507 549 727 890 906  ; 5 1 9 3 11 3 8 6 4 6 5 4 3 7 4 4 5 4 7 2 
305.6 ; 1.036e-12 ; True ; 1 30 113 164 174 389 502 507 549 727 879 890 906  ; 5 1 9 3 10 4 8 6 4 6 5 5 4 7 6 4 4 4 7 1 
307.1 ; 1.05e-12 ; True ; 1 20 30 113 164 389 396 507 549 727 879 890 906  ; 5 1 9 3 10 4 8 5 4 6 4 4 3 7 5 4 5 4 7 2 
310.1 ; 1.088e-12 ; True ; 1 20 30 113 164 174 389 507 549 727 879 890 906  ; 5 1 9 3 10 4 8 5 4 6 5 4 4 7 5 3 4 4 7 2 
313.1 ; 1.199e-12 ; True ; 1 20 30 113 164 389 431 507 549 727 879 890 906  ; 5 1 8 3 10 4 7 5 4 6 5 4 3 7 5 4 5 4 7 2 
316.9 ; 1.201e-12 ; True ; 1 20 30 113 128 174 389 431 549 638 716 727 890 906  ; 5 1 9 4 12 3 7 6 5 5 5 5 4 6 5 4 6 4 6 1 
319.2 ; 1.324e-12 ; True ; 1 20 30 113 128 174 389 396 507 549 638 727 890 906  ; 5 1 10 3 12 3 8 6 5 5 5 6 4 7 5 5 5 4 7 1 
321.5 ; 1.361e-12 ; True ; 1 20 30 113 164 389 502 507 549 727 879 890 906  ; 4 1 9 3 10 4 8 5 5 6 4 5 4 6 6 4 4 4 6 2 
324.4 ; 1.464e-12 ; True ; 1 20 30 113 128 174 389 431 507 549 638 727 890 906  ; 5 1 9 3 12 3 7 6 5 5 6 6 4 7 5 5 5 4 7 1 
328.7 ; 1.478e-12 ; True ; 1 20 25 30 113 389 396 431 507 549 636 727 890 906  ; 5 1 9 3 12 3 9 6 4 6 5 5 4 7 4 5 7 5 7 1 
329.9 ; 1.59e-12 ; True ; 1 20 25 30 113 174 389 431 507 549 638 727 890 906  ; 5 1 9 4 12 3 8 6 4 6 6 5 4 8 4 5 5 4 8 1 
332.4 ; 1.658e-12 ; True ; 1 20 30 113 164 174 389 507 549 636 638 727 890 906  ; 5 1 9 3 12 3 9 5 4 5 4 6 5 7 4 4 5 5 7 2 
333.1 ; 1.702e-12 ; True ; 1 20 30 113 164 174 389 396 507 549 638 727 890 906  ; 6 1 10 3 12 3 9 6 4 5 4 5 4 8 4 5 5 4 8 2 
333.7 ; 1.832e-12 ; True ; 1 20 30 113 128 164 174 389 507 549 638 727 890 906  ; 5 1 10 3 12 3 8 6 5 5 5 6 4 7 5 4 4 4 7 2 
338.3 ; 1.975e-12 ; True ; 1 20 30 113 164 174 389 431 507 549 638 727 890 906  ; 6 1 9 3 12 3 8 6 4 5 5 5 4 8 4 5 5 4 8 2 
343.6 ; 2.076e-12 ; True ; 1 20 25 30 113 164 389 431 507 549 638 727 890 906  ; 5 1 9 4 12 3 8 6 4 6 5 5 3 8 4 5 5 4 8 2 
346.5 ; 2.191e-12 ; True ; 1 20 25 30 113 164 389 431 507 549 636 727 890 906  ; 5 1 9 3 12 3 9 6 4 6 5 5 4 7 4 4 6 5 7 2 
350.1 ; 2.192e-12 ; True ; 1 20 30 113 164 389 396 507 549 638 727 879 890 906  ; 5 1 9 4 11 4 8 5 4 6 4 5 3 8 5 5 5 4 8 2 
352.3 ; 2.419e-12 ; True ; 1 20 30 113 164 174 389 507 549 638 727 879 890 906  ; 5 1 9 4 11 4 8 5 4 6 5 5 4 8 5 4 4 4 8 2 
353.1 ; 2.459e-12 ; True ; 1 20 30 113 164 174 389 396 507 549 727 879 890 906  ; 6 1 10 3 11 4 9 6 4 6 5 4 4 8 5 4 5 4 8 2 
354.1 ; 2.482e-12 ; True ; 1 20 30 113 164 389 396 431 507 549 727 879 890 906  ; 6 1 9 3 11 4 8 6 4 6 5 4 3 8 5 5 6 4 8 2 
356.2 ; 2.5e-12 ; True ; 1 20 30 113 164 389 431 507 549 638 727 879 890 906  ; 5 1 8 4 11 4 7 5 4 6 5 5 3 8 5 5 5 4 8 2 
359.2 ; 2.74e-12 ; True ; 1 20 30 113 164 174 389 431 507 549 727 879 890 906  ; 6 1 9 3 11 4 8 6 4 6 6 4 4 8 5 4 5 4 8 2 
366 ; 2.849e-12 ; True ; 1 20 30 113 128 174 389 431 507 549 636 638 727 890 906  ; 5 1 9 3 13 3 8 6 5 5 6 7 5 7 5 5 6 5 7 1 
366.4 ; 3.105e-12 ; True ; 1 20 30 113 164 389 396 502 507 549 727 879 890 906  ; 5 1 10 3 11 4 9 6 5 6 4 5 4 7 6 5 5 4 7 2 
368.6 ; 3.214e-12 ; True ; 1 20 30 113 164 174 389 502 507 549 727 879 890 906  ; 5 1 10 3 11 4 9 6 5 6 5 5 5 7 6 4 4 4 7 2 
373.4 ; 3.604e-12 ; True ; 1 20 30 113 164 389 431 502 507 549 727 879 890 906  ; 5 1 9 3 11 4 8 6 5 6 5 5 4 7 6 5 5 4 7 2 
377.2 ; 3.685e-12 ; True ; 1 20 30 113 128 164 174 389 507 549 636 638 727 890 906  ; 5 1 10 3 13 3 9 6 5 5 5 7 5 7 5 4 5 5 7 2 
378.9 ; 3.76e-12 ; True ; 1 20 30 113 128 164 174 389 396 507 549 638 727 890 906  ; 6 1 11 3 13 3 9 7 5 5 5 6 4 8 5 5 5 4 8 2 
382.5 ; 3.919e-12 ; True ; 1 20 30 113 164 174 389 431 507 549 636 638 727 890 906  ; 6 1 9 3 13 3 9 6 4 5 5 6 5 8 4 5 6 5 8 2 
383.7 ; 4.057e-12 ; True ; 1 20 25 30 113 164 174 389 507 549 636 638 727 890 906  ; 5 1 10 4 13 3 10 6 4 6 5 6 5 8 4 4 5 5 8 2 
384.1 ; 4.218e-12 ; True ; 1 20 30 113 128 164 174 389 431 507 549 638 727 890 906  ; 6 1 10 3 13 3 8 7 5 5 6 6 4 8 5 5 5 4 8 2 
388.6 ; 4.392e-12 ; True ; 1 20 25 30 113 164 389 431 507 549 636 638 727 890 906  ; 5 1 9 4 13 3 9 6 4 6 5 6 4 8 4 5 6 5 8 2 
393.6 ; 4.424e-12 ; True ; 1 20 30 113 164 174 389 431 507 549 638 716 727 890 906  ; 6 1 9 4 13 4 9 6 4 5 5 5 4 8 5 5 6 4 8 2 
394.9 ; 4.604e-12 ; True ; 1 20 30 113 128 164 174 389 431 549 638 727 879 890 906  ; 6 1 10 4 12 3 7 7 5 6 6 5 4 8 5 4 5 4 8 2 
398.2 ; 4.637e-12 ; True ; 1 20 30 113 164 389 396 507 549 636 638 727 879 890 906  ; 5 1 9 4 12 4 9 5 4 6 4 6 4 8 5 5 6 5 8 2 
398.2 ; 4.993e-12 ; True ; 1 20 30 113 164 174 389 396 507 549 638 727 879 890 906  ; 6 1 10 4 12 4 9 6 4 6 5 5 4 9 5 5 5 4 9 2 
399.4 ; 4.998e-12 ; True ; 1 20 30 113 164 174 389 507 549 636 638 727 879 890 906  ; 5 1 9 4 12 4 9 5 4 6 5 6 5 8 5 4 5 5 8 2 
401.3 ; 5.049e-12 ; True ; 1 20 30 113 164 174 389 396 507 549 636 727 879 890 906  ; 6 1 10 3 12 4 10 6 4 6 5 5 5 8 5 4 6 5 8 2 
403.2 ; 5.163e-12 ; True ; 1 20 30 113 164 174 389 396 431 507 549 727 879 890 906  ; 7 1 10 3 12 4 9 7 4 6 6 4 4 9 5 5 6 4 9 2 
403.2 ; 5.315e-12 ; True ; 1 20 30 113 164 389 396 431 507 549 636 727 879 890 906  ; 6 1 9 3 12 4 9 6 4 6 5 5 4 8 5 5 7 5 8 2 
404.3 ; 5.334e-12 ; True ; 1 20 30 113 164 389 431 507 549 636 638 727 879 890 906  ; 5 1 8 4 12 4 8 5 4 6 5 6 4 8 5 5 6 5 8 2 
404.3 ; 5.564e-12 ; True ; 1 20 30 113 164 174 389 431 507 549 638 727 879 890 906  ; 6 1 9 4 12 4 8 6 4 6 6 5 4 9 5 5 5 4 9 2 
407.4 ; 5.657e-12 ; True ; 1 20 30 113 164 174 389 431 507 549 636 727 879 890 906  ; 6 1 9 3 12 4 9 6 4 6 6 5 5 8 5 4 6 5 8 2 
407.6 ; 5.693e-12 ; True ; 1 20 30 113 128 164 174 389 431 507 549 727 879 890 906  ; 6 1 10 3 12 4 8 7 5 6 7 5 4 8 6 4 5 4 8 2 
413.5 ; 6.048e-12 ; True ; 1 20 30 113 164 389 396 502 507 531 549 727 879 890 906  ; 6 1 10 3 12 4 9 7 5 6 5 5 4 8 6 5 6 4 8 2 
416.4 ; 6.559e-12 ; True ; 1 20 30 113 164 174 389 396 502 507 549 727 879 890 906  ; 6 1 11 3 12 4 10 7 5 6 5 5 5 8 6 5 5 4 8 2 
419.3 ; 6.871e-12 ; True ; 1 20 30 113 164 389 396 431 502 507 549 727 879 890 906  ; 6 1 10 3 12 4 9 7 5 6 5 5 4 8 6 6 6 4 8 2 
422.3 ; 6.945e-12 ; True ; 1 20 30 113 164 389 431 502 507 549 638 727 879 890 906  ; 5 1 9 4 12 4 8 6 5 6 5 6 4 8 6 6 5 4 8 2 
423.4 ; 7.399e-12 ; True ; 1 20 30 113 164 174 389 431 502 507 549 727 879 890 906  ; 6 1 10 3 12 4 9 7 5 6 6 5 5 8 6 5 5 4 8 2 
434.9 ; 7.43e-12 ; True ; 1 20 30 113 128 174 307 389 396 431 549 638 727 879 890 906  ; 6 1 10 4 12 3 8 7 5 6 6 5 4 8 5 6 6 4 8 2 
436.6 ; 7.485e-12 ; True ; 1 20 30 113 157 164 389 431 502 507 549 727 879 890 906  ; 5 1 9 3 12 5 9 7 6 6 5 6 5 7 6 5 5 4 7 2 
438.1 ; 7.777e-12 ; True ; 1 20 30 113 164 174 389 396 431 507 549 594 638 727 890 906  ; 7 1 10 4 13 4 9 7 4 6 5 5 4 9 5 6 6 4 9 2 
439.4 ; 7.787e-12 ; True ; 1 20 25 30 113 164 174 330 389 431 507 549 636 727 890 906  ; 7 1 11 3 13 3 11 7 5 6 6 6 5 8 4 4 6 6 8 2 
439.8 ; 8.488e-12 ; True ; 1 20 30 113 164 174 389 431 507 549 636 638 716 727 890 906  ; 6 1 9 4 14 4 10 6 4 5 5 6 5 8 5 5 7 5 8 2 
440.3 ; 8.519e-12 ; True ; 1 20 30 113 164 174 389 431 507 549 594 636 638 727 890 906  ; 6 1 9 4 13 4 9 6 4 6 5 6 5 8 5 5 6 5 8 2 
442.1 ; 8.528e-12 ; True ; 1 20 30 113 128 164 174 389 396 431 549 638 727 879 890 906  ; 7 1 11 4 13 3 8 8 5 6 6 5 4 9 5 5 6 4 9 2 
442.4 ; 9.21e-12 ; True ; 1 20 30 113 128 164 174 389 431 549 636 638 727 879 890 906  ; 6 1 10 4 13 3 8 7 5 6 6 6 5 8 5 4 6 5 8 2 
448.3 ; 9.852e-12 ; True ; 1 20 30 113 164 174 389 396 507 549 636 638 727 879 890 906  ; 6 1 10 4 13 4 10 6 4 6 5 6 5 9 5 5 6 5 9 2 
448.9 ; 1.018e-11 ; True ; 1 20 30 113 128 164 174 389 396 507 549 638 727 879 890 906  ; 6 1 11 4 13 4 9 7 5 6 6 6 4 9 6 5 5 4 9 2 
454.3 ; 1.031e-11 ; True ; 1 20 30 113 164 174 389 396 431 507 549 636 727 879 890 906  ; 7 1 10 3 13 4 10 7 4 6 6 5 5 9 5 5 7 5 9 2 
454.4 ; 1.104e-11 ; True ; 1 20 30 113 164 174 389 431 507 549 636 638 727 879 890 906  ; 6 1 9 4 13 4 9 6 4 6 6 6 5 9 5 5 6 5 9 2 
455.1 ; 1.111e-11 ; True ; 1 20 30 113 128 164 174 389 431 507 549 638 727 879 890 906  ; 6 1 10 4 13 4 8 7 5 6 7 6 4 9 6 5 5 4 9 2 
458.1 ; 1.129e-11 ; True ; 1 20 30 113 128 164 174 389 431 507 549 636 727 879 890 906  ; 6 1 10 3 13 4 9 7 5 6 7 6 5 8 6 4 6 5 8 2 
466.4 ; 1.143e-11 ; True ; 1 20 30 113 157 164 389 396 431 507 549 636 727 879 890 906  ; 6 1 9 3 13 5 10 7 5 6 5 6 5 8 5 5 7 5 8 2 
466.4 ; 1.144e-11 ; True ; 1 20 30 113 164 174 389 396 502 507 531 549 727 879 890 906  ; 7 1 11 3 13 4 10 8 5 6 6 5 5 9 6 5 6 4 9 2 
467.2 ; 1.23e-11 ; True ; 1 20 30 113 164 174 389 396 502 507 549 638 727 879 890 906  ; 6 1 11 4 13 4 10 7 5 6 5 6 5 9 6 6 5 4 9 2 
469.4 ; 1.237e-11 ; True ; 1 20 30 113 164 174 389 502 507 549 636 638 727 879 890 906  ; 5 1 10 4 13 4 10 6 5 6 5 7 6 8 6 5 5 5 8 2 
470.3 ; 1.238e-11 ; True ; 1 20 30 113 164 174 389 396 502 507 549 636 727 879 890 906  ; 6 1 11 3 13 4 11 7 5 6 5 6 6 8 6 5 6 5 8 2 
472.2 ; 1.299e-11 ; True ; 1 20 30 113 164 174 389 396 431 502 507 549 727 879 890 906  ; 7 1 11 3 13 4 10 8 5 6 6 5 5 9 6 6 6 4 9 2 
474.1 ; 1.318e-11 ; True ; 1 20 30 113 164 389 396 431 502 507 549 636 727 879 890 906  ; 6 1 10 3 13 4 10 7 5 6 5 6 5 8 6 6 7 5 8 2 
474.3 ; 1.388e-11 ; True ; 1 20 30 113 164 174 389 431 502 507 549 638 727 879 890 906  ; 6 1 10 4 13 4 9 7 5 6 6 6 5 9 6 6 5 4 9 2 
477.4 ; 1.402e-11 ; True ; 1 20 30 113 164 174 389 431 502 507 549 636 727 879 890 906  ; 6 1 10 3 13 4 10 7 5 6 6 6 6 8 6 5 6 5 8 2 
488.6 ; 1.45e-11 ; True ; 1 20 30 113 164 174 389 431 502 507 549 716 727 879 890 906  ; 6 1 10 4 13 5 10 7 5 6 6 5 5 8 7 5 6 4 8 2 
489.1 ; 1.492e-11 ; True ; 1 20 30 113 164 174 389 396 431 507 549 594 636 638 727 890 906  ; 7 1 10 4 14 4 10 7 4 6 5 6 5 9 5 6 7 5 9 2 
491.3 ; 1.696e-11 ; True ; 1 20 30 113 128 164 174 389 431 507 549 636 638 716 727 890 906  ; 6 1 10 4 15 4 10 7 5 5 6 7 5 8 6 5 7 5 8 2 
500.4 ; 1.778e-11 ; True ; 1 20 30 113 128 174 307 389 431 507 549 636 638 727 879 890 906  ; 5 1 9 4 13 4 9 6 5 6 7 7 5 8 6 6 6 5 8 2 
504 ; 1.808e-11 ; True ; 1 20 30 113 128 164 174 389 431 549 636 638 716 727 879 890 906  ; 6 1 10 5 14 4 9 7 5 6 6 6 5 8 6 4 7 5 8 2 
504.3 ; 1.895e-11 ; True ; 1 20 30 113 164 174 389 396 431 507 549 636 638 727 879 890 906  ; 7 1 10 4 14 4 10 7 4 6 6 6 5 10 5 6 7 5 10 2 
507.2 ; 1.992e-11 ; True ; 1 20 30 113 128 164 389 396 431 507 549 636 638 727 879 890 906  ; 6 1 10 4 14 4 9 7 5 6 6 7 4 9 6 6 7 5 9 2 
519.9 ; 2.073e-11 ; True ; 1 20 30 113 164 174 330 389 396 502 507 549 638 727 879 890 906  ; 7 1 12 4 13 4 11 7 6 6 5 7 5 9 6 6 5 5 9 2 
520.2 ; 2.102e-11 ; True ; 1 20 30 113 164 174 389 396 502 507 531 549 638 727 879 890 906  ; 7 1 11 4 14 4 10 8 5 6 6 6 5 10 6 6 6 4 10 2 
523.1 ; 2.26e-11 ; True ; 1 20 30 113 164 174 389 396 502 507 549 636 638 727 879 890 906  ; 6 1 11 4 14 4 11 7 5 6 5 7 6 9 6 6 6 5 9 2 
526.1 ; 2.324e-11 ; True ; 1 20 30 113 164 174 389 396 431 502 507 549 638 727 879 890 906  ; 7 1 11 4 14 4 10 8 5 6 6 6 5 10 6 7 6 4 10 2 
529.1 ; 2.385e-11 ; True ; 1 20 30 113 164 174 389 396 431 502 507 549 636 727 879 890 906  ; 7 1 11 3 14 4 11 8 5 6 6 6 6 9 6 6 7 5 9 2 
530.2 ; 2.559e-11 ; True ; 1 20 30 113 164 174 389 431 502 507 549 636 638 727 879 890 906  ; 6 1 10 4 14 4 10 7 5 6 6 7 6 9 6 6 6 5 9 2 
548.8 ; 2.61e-11 ; True ; 1 20 30 113 128 174 307 389 396 431 440 549 636 716 727 879 890 906  ; 7 1 11 4 14 4 10 8 5 7 6 6 5 8 6 5 8 5 8 2 
553.7 ; 2.627e-11 ; True ; 1 20 30 113 164 174 219 389 431 502 549 636 638 727 879 890 906  ; 7 1 10 5 13 4 9 7 5 6 6 6 6 9 6 5 6 5 9 2 
555.9 ; 2.635e-11 ; True ; 1 20 30 113 164 174 219 389 431 502 507 549 636 638 727 879 906  ; 6 1 9 5 13 5 9 6 5 6 7 7 5 10 7 5 5 5 9 2 
555.9 ; 2.846e-11 ; True ; 1 20 30 113 164 174 219 389 431 502 507 549 638 727 879 890 906  ; 7 1 10 5 13 5 9 7 5 6 7 6 5 10 7 6 5 4 10 2 
559.1 ; 2.874e-11 ; True ; 1 20 30 113 164 174 389 396 431 457 507 549 594 636 638 727 890 906  ; 7 1 10 5 14 5 10 7 5 6 5 6 5 9 6 6 7 5 9 2 
559.7 ; 3.008e-11 ; True ; 1 20 30 113 128 164 389 396 431 507 549 636 638 694 727 879 890 906  ; 7 1 11 4 15 4 9 8 5 6 6 7 4 9 6 7 8 5 10 2 
560 ; 3.128e-11 ; True ; 1 20 30 113 164 174 219 389 431 502 507 549 636 727 879 890 906  ; 7 1 10 4 13 5 10 7 5 6 7 6 6 9 7 5 6 5 9 2 
569 ; 3.396e-11 ; True ; 1 20 30 113 164 174 389 396 431 507 549 594 636 638 727 879 890 906  ; 7 1 10 5 14 5 10 7 4 7 6 6 5 10 6 6 7 5 10 2 
578.1 ; 3.477e-11 ; True ; 1 20 30 113 128 164 389 396 431 507 549 636 638 727 774 879 890 906  ; 6 1 10 5 14 5 9 7 5 7 6 7 4 9 7 6 7 5 9 2 
581.7 ; 3.618e-11 ; True ; 1 20 30 113 164 174 330 389 396 431 502 507 549 636 638 727 879 906  ; 7 1 11 4 14 4 11 7 6 6 6 8 5 10 6 6 6 6 9 2 
584 ; 4.041e-11 ; True ; 1 20 30 113 128 164 174 389 396 431 502 507 549 638 727 879 890 906  ; 7 1 12 4 15 4 10 9 6 6 7 7 5 10 7 7 6 4 10 2 
584.9 ; 4.152e-11 ; True ; 1 20 30 113 164 174 389 396 431 502 507 549 636 638 727 879 890 906  ; 7 1 11 4 15 4 11 8 5 6 6 7 6 10 6 7 7 5 10 2 
594.7 ; 4.439e-11 ; True ; 1 20 30 113 164 174 389 396 431 502 507 549 594 636 727 879 890 906  ; 7 1 11 4 14 5 11 8 5 7 6 6 6 9 7 6 7 5 9 2 
600.3 ; 4.557e-11 ; True ; 1 20 30 113 164 174 389 431 502 507 549 636 638 716 727 879 890 906  ; 6 1 10 5 15 5 11 7 5 6 6 7 6 9 7 6 7 5 9 2 
611.6 ; 4.666e-11 ; True ; 1 20 30 113 128 174 269 307 389 396 431 507 549 636 638 727 879 890 906  ; 6 1 10 4 15 5 11 7 6 6 7 7 5 9 6 7 8 5 9 2 
623.7 ; 5.044e-11 ; True ; 1 20 30 113 164 174 219 389 431 486 502 507 549 636 727 879 890 906  ; 8 1 11 5 14 5 10 7 5 7 7 6 6 10 7 5 6 5 10 2 
624.7 ; 5.301e-11 ; True ; 1 20 30 113 128 174 307 389 396 431 440 507 549 636 716 727 879 890 906  ; 7 1 11 4 15 5 11 8 5 7 7 7 5 9 7 6 8 5 9 2 
634.2 ; 5.645e-11 ; True ; 1 20 30 113 128 174 307 389 396 502 507 531 549 636 638 727 879 890 906  ; 6 1 11 4 15 4 11 8 6 6 7 8 6 9 7 7 7 5 9 2 
636.6 ; 5.999e-11 ; True ; 1 20 30 113 128 164 174 389 431 507 549 577 636 638 727 774 879 890 906  ; 7 1 11 5 15 5 10 8 5 7 7 7 5 9 7 6 7 5 10 2 
640.1 ; 6.123e-11 ; True ; 1 20 30 113 128 174 307 389 396 431 502 507 549 636 638 727 879 890 906  ; 6 1 11 4 15 4 11 8 6 6 7 8 6 9 7 8 7 5 9 2 
653.5 ; 6.949e-11 ; True ; 1 20 25 30 113 164 174 330 389 396 431 502 507 549 638 727 879 890 906  ; 8 1 13 5 15 4 12 9 6 7 7 7 5 11 6 7 6 5 11 2 
670.5 ; 7.1e-11 ; True ; 1 20 30 113 164 174 215 389 431 457 502 507 549 636 638 727 879 890 906  ; 7 1 11 5 15 5 10 8 6 6 7 7 6 10 7 7 6 5 9 2 
678.8 ; 7.436e-11 ; True ; 1 20 30 113 157 164 389 431 457 502 507 531 549 636 638 727 879 890 906  ; 6 1 9 5 15 6 10 8 7 6 6 8 6 9 7 6 7 5 9 2 
694.6 ; 8.304e-11 ; True ; 1 20 30 113 164 174 219 389 431 502 507 549 636 638 727 774 879 890 906  ; 7 1 10 6 14 6 10 7 5 7 7 7 6 10 8 6 6 5 10 2 
700.3 ; 8.518e-11 ; True ; 1 20 30 113 128 174 307 389 396 486 502 507 549 636 638 727 856 879 890 906  ; 7 1 13 5 15 4 11 8 6 7 7 8 6 9 7 8 6 5 10 2 
703.1 ; 8.922e-11 ; True ; 1 20 30 113 128 174 269 307 389 396 431 502 507 549 636 638 727 879 890 906  ; 6 1 11 4 16 5 12 8 7 6 7 8 6 9 7 8 8 5 9 2 
725.3 ; 1.046e-10 ; True ; 1 20 30 113 164 174 389 396 431 502 507 549 636 638 727 774 845 879 890 906  ; 8 1 12 5 16 5 11 9 5 7 7 7 6 10 7 8 7 5 11 2 
725.9 ; 1.155e-10 ; True ; 1 20 30 113 128 164 174 389 431 457 502 507 549 636 638 694 727 879 890 906  ; 7 1 12 5 16 5 10 9 7 6 7 8 6 9 8 7 7 5 10 2 
769.3 ; 1.165e-10 ; True ; 1 20 30 113 128 164 174 330 389 431 502 507 539 549 636 638 679 716 727 890 906  ; 8 1 13 4 18 4 12 10 7 5 7 9 7 9 7 7 8 6 10 2 
774 ; 1.19e-10 ; True ; 1 20 30 113 157 164 307 389 396 431 502 507 549 636 638 727 822 879 890 906  ; 6 1 10 5 16 6 12 8 6 7 5 8 6 9 7 8 7 5 9 3 
782.6 ; 1.323e-10 ; True ; 1 20 30 113 128 164 174 307 389 396 431 457 507 549 636 713 727 778 879 890 906  ; 9 1 11 4 16 5 12 10 6 6 8 6 6 10 7 8 7 5 9 3 
792.1 ; 1.546e-10 ; True ; 1 20 30 113 128 174 219 307 330 389 396 431 507 549 636 638 716 727 879 890 906  ; 8 1 11 6 15 6 12 7 6 6 8 8 5 10 8 7 8 6 10 2 
829.2 ; 1.642e-10 ; True ; 1 20 30 113 164 219 307 330 389 431 440 502 507 549 577 636 679 727 879 890 906  ; 10 1 13 4 15 5 12 9 6 7 7 8 5 9 7 8 7 6 11 3 
833.7 ; 1.713e-10 ; True ; 20 25 30 113 157 164 389 396 431 457 502 507 531 539 549 636 638 727 879 890 906  ; 7 1 10 5 17 6 12 11 7 6 7 8 6 11 7 7 9 5 11 2 
838.9 ; 1.787e-10 ; True ; 1 20 25 30 113 164 174 219 307 330 389 431 502 507 549 636 638 653 727 879 906  ; 7 1 11 6 15 5 12 7 6 8 9 8 5 12 7 7 5 6 10 3 
850.2 ; 1.899e-10 ; True ; 1 20 30 113 128 164 174 307 330 389 431 502 507 539 549 636 638 679 716 727 890 906  ; 8 1 13 4 18 4 13 10 7 5 7 9 7 9 7 8 8 6 10 3 
856.8 ; 2.292e-10 ; True ; 1 20 30 113 128 164 174 241 307 330 389 396 502 507 549 636 638 716 727 879 890 906  ; 7 1 13 5 17 5 15 8 8 6 6 10 6 9 8 7 7 7 9 3 
913.3 ; 2.315e-10 ; True ; 20 25 30 113 164 174 330 359 389 431 457 502 507 549 636 638 716 727 774 879 890 906  ; 8 1 12 7 16 7 14 9 7 7 7 8 5 9 9 7 7 6 10 2 
932.9 ; 2.394e-10 ; True ; 1 20 30 113 128 164 174 241 307 330 389 396 502 507 549 603 636 638 716 727 879 890 906  ; 7 1 13 5 17 5 15 8 8 6 6 10 6 10 8 7 7 7 9 3 
944.4 ; 2.646e-10 ; True ; 20 30 113 157 164 174 219 241 307 389 396 502 507 549 636 638 727 770 774 879 890 906  ; 7 1 10 6 16 7 14 9 7 7 6 9 6 10 8 7 6 6 10 3 
952.5 ; 2.763e-10 ; True ; 20 30 69 113 128 164 174 219 307 330 389 396 431 502 507 549 636 716 727 879 890 906  ; 9 1 12 4 15 6 14 9 7 5 8 9 6 9 10 7 8 7 9 3 
986.2 ; 2.838e-10 ; True ; 20 25 30 113 164 174 307 330 389 431 457 485 502 507 549 638 679 716 727 770 872 890 906  ; 9 1 13 6 18 5 14 11 7 6 7 8 5 10 8 8 7 6 11 3 
995.9 ; 2.89e-10 ; True ; 20 30 113 161 164 174 219 307 330 389 396 415 431 502 507 549 555 636 638 727 774 879 890  ; 10 1 12 5 16 6 15 9 7 6 8 8 5 11 8 8 7 6 11 3 
998 ; 3.023e-10 ; True ; 20 30 113 128 157 164 174 219 307 389 396 440 457 502 549 636 638 679 716 727 774 890 906  ; 9 1 13 6 17 7 13 11 8 6 6 9 6 8 9 7 7 5 9 3 
1001 ; 3.076e-10 ; True ; 20 30 113 128 164 174 219 307 389 396 440 485 502 549 577 636 638 727 774 879 890 892 906  ; 9 1 13 5 17 5 12 11 7 7 6 8 6 10 9 7 8 6 11 3 
1002 ; 3.164e-10 ; True ; 20 30 113 128 164 219 307 330 389 431 440 502 507 524 549 636 638 679 727 774 879 890 906  ; 9 1 13 5 16 6 12 10 7 7 8 10 5 9 9 8 6 6 10 3 
1012 ; 3.982e-10 ; True ; 20 30 113 128 157 164 174 219 307 389 396 415 440 502 507 549 636 638 727 774 879 890 906  ; 8 1 12 6 16 8 13 10 7 8 7 10 6 10 9 7 6 5 10 3 
1087 ; 4.34e-10 ; True ; 20 30 113 128 164 174 219 330 389 431 440 485 502 507 539 549 636 638 727 770 861 879 890 906  ; 9 1 12 5 18 6 11 12 7 7 8 11 8 13 8 6 8 6 13 2 
1093 ; 5.009e-10 ; True ; 1 20 30 113 157 164 174 219 330 359 389 431 502 507 549 636 638 653 713 716 727 879 890 906  ; 10 1 12 6 19 7 15 10 7 7 8 9 8 11 8 9 7 6 11 2 
1105 ; 5.126e-10 ; True ; 20 25 30 113 164 174 219 307 330 389 396 431 457 502 539 549 636 638 679 716 727 861 879 906  ; 9 1 12 7 16 7 13 10 7 6 8 8 6 11 8 7 8 6 11 3 
1167 ; 5.144e-10 ; True ; 20 30 113 128 164 174 301 307 330 389 407 440 485 502 507 539 549 636 638 697 716 727 879 890 906  ; 9 1 14 5 18 6 14 12 7 6 7 10 7 10 8 8 8 7 10 3 
1185 ; 6.484e-10 ; True ; 20 30 113 128 164 174 219 330 389 431 440 485 502 507 539 549 636 638 716 727 770 861 879 890 906  ; 9 1 12 6 19 7 12 12 7 7 8 11 8 13 9 6 9 6 13 2 
1204 ; 7.301e-10 ; True ; 20 30 113 128 164 174 219 307 330 389 407 440 485 502 507 539 549 636 638 697 716 727 879 890 906  ; 9 1 13 6 18 7 13 11 7 6 8 10 7 11 9 7 8 7 11 3 
1265 ; 7.693e-10 ; True ; 20 30 113 128 164 174 257 307 330 389 431 440 485 502 507 539 549 636 638 679 716 727 822 872 879 906  ; 9 1 13 5 20 6 13 11 7 7 9 11 6 11 10 7 8 8 12 3 
1282 ; 8.82e-10 ; True ; 20 30 113 128 164 174 219 307 330 389 407 440 485 502 507 539 549 636 638 679 716 727 879 890 892 906  ; 10 1 14 5 20 6 13 12 8 6 9 10 7 11 10 8 8 7 12 3 
1334 ; 8.972e-10 ; True ; 20 30 113 128 164 174 307 330 389 431 440 485 507 539 549 636 638 679 716 727 770 822 879 881 890 892 906  ; 9 1 12 6 21 7 12 12 7 8 8 9 6 12 9 7 9 7 13 3 
1406 ; 9.215e-10 ; True ; 20 25 113 128 164 174 219 307 330 348 389 440 470 485 502 507 539 549 636 638 679 716 727 822 879 890 906  ; 9 1 13 7 20 7 13 13 7 7 9 9 7 12 10 7 7 6 12 3 
1431 ; 1.048e-09 ; True ; 20 30 113 128 164 174 219 307 330 389 431 440 485 502 507 549 611 636 638 679 716 770 822 872 879 890 906  ; 10 1 13 7 21 7 13 12 7 8 9 10 6 12 10 8 7 6 13 3 
1438 ; 1.066e-09 ; True ; 20 30 113 128 164 174 307 330 389 414 431 440 485 507 539 549 636 638 679 716 727 770 822 879 881 890 892 906  ; 9 1 12 6 21 7 12 12 7 8 9 9 6 12 9 8 9 7 13 3 
1503 ; 1.122e-09 ; True ; 20 30 113 128 162 164 174 219 307 330 348 389 440 470 485 502 507 549 636 638 679 716 727 822 879 890 892 906  ; 10 1 13 6 21 7 13 12 8 8 9 10 6 11 11 8 7 7 12 3 
1544 ; 1.243e-09 ; True ; 20 30 113 128 164 174 219 307 330 389 407 431 440 502 507 539 549 577 638 679 697 716 727 822 872 879 890 892  ; 13 1 16 6 22 7 14 13 8 6 10 10 5 11 12 10 8 7 13 3 
1560 ; 1.316e-09 ; True ; 20 30 113 128 164 174 219 307 330 348 389 440 485 502 507 539 549 636 638 679 697 713 716 727 770 881 890 892 906  ; 10 1 13 6 22 7 14 14 8 6 8 10 8 11 9 9 8 8 12 3 
1644 ; 1.339e-09 ; True ; 2 20 30 113 128 164 174 219 307 330 348 389 407 431 485 502 507 539 549 577 638 679 716 727 822 879 890 892 906  ; 11 1 14 6 22 7 14 14 8 6 11 8 6 11 11 11 9 6 13 3 


RUN 7:
Optimum Distance: 33.53
Optimal Team: 174,307,389,727,906,
Required Skills: 0 1 2 4 5 7 9 10 11 12 13 14 15 16 18 20 22 23 24 26 
Distance; Skill Score; isValid; Team; Skill Counts
35.78 ; 1.085e-20 ; True ; 128 164 389 890 906  ; 2 1 4 1 3 1 2 3 1 2 1 1 1 1 1 1 1 1 2 1 
37.16 ; 1.304e-20 ; True ; 20 30 128 389 906  ; 1 1 4 1 3 1 2 1 2 3 2 2 1 1 1 1 1 1 1 1 
38.53 ; 7.001e-20 ; True ; 1 164 389 507 727  ; 2 1 4 1 4 1 3 1 1 2 1 2 1 3 2 1 1 1 3 1 
39.2 ; 9.517e-20 ; True ; 30 164 389 502 906  ; 2 1 4 1 3 1 3 2 1 3 1 2 1 2 1 2 1 1 2 1 
40.36 ; 1.165e-19 ; True ; 1 30 113 164 389  ; 2 1 5 1 4 1 2 2 1 4 2 1 1 3 1 1 1 1 3 1 
41.03 ; 1.789e-19 ; True ; 164 389 502 727 879  ; 2 1 4 1 3 1 3 2 2 2 1 2 1 2 3 1 1 1 2 1 
44.99 ; 5.716e-19 ; True ; 30 100 164 389 594 890  ; 3 1 4 1 4 1 4 3 1 3 1 1 1 2 2 2 2 1 3 1 
48.86 ; 6.08e-19 ; True ; 30 128 164 174 389 906  ; 3 1 5 1 4 1 3 3 1 3 3 2 1 3 1 1 1 1 3 1 
50.3 ; 6.365e-19 ; True ; 20 30 128 174 389 906  ; 2 1 5 1 4 1 3 2 2 3 3 2 2 2 1 1 1 1 2 1 
50.86 ; 2.198e-18 ; True ; 30 164 389 549 594 890  ; 3 1 4 1 4 1 4 3 1 3 1 2 1 3 2 2 3 1 3 1 
54.05 ; 2.221e-18 ; True ; 30 164 389 549 890 906  ; 3 1 4 1 4 1 4 3 1 3 1 2 1 3 1 2 3 2 3 1 
54.75 ; 4.858e-18 ; True ; 164 389 502 507 727 879  ; 2 1 4 1 4 2 4 2 2 2 2 3 1 3 4 2 1 1 3 1 
57.91 ; 6.507e-18 ; True ; 30 164 389 549 879 890  ; 3 1 4 1 4 1 4 3 1 3 2 2 1 4 2 2 3 1 4 1 
61.05 ; 6.629e-18 ; True ; 1 30 113 164 389 549  ; 2 1 5 1 5 1 3 3 2 4 2 2 1 4 2 1 2 2 3 1 
62.54 ; 1.032e-17 ; True ; 30 164 389 502 549 879  ; 2 1 4 1 4 1 4 3 2 3 2 3 1 4 3 2 2 1 3 1 
65.76 ; 1.067e-17 ; True ; 30 113 164 219 389 502  ; 3 1 5 1 4 2 3 3 2 3 3 2 1 3 3 2 1 1 3 1 
66.39 ; 1.285e-17 ; True ; 30 164 389 531 549 594 890  ; 4 1 4 1 5 1 4 4 1 3 2 2 1 4 2 2 4 1 4 1 
67.65 ; 1.443e-17 ; True ; 30 100 164 389 507 594 890  ; 3 1 4 1 5 2 5 3 1 3 2 2 1 3 3 3 2 1 4 1 
69.39 ; 1.818e-17 ; True ; 30 164 389 431 549 594 890  ; 4 1 4 1 5 1 4 4 1 3 2 2 1 4 2 3 4 1 4 1 
71.61 ; 1.956e-17 ; True ; 30 164 174 389 594 727 890  ; 5 1 6 1 5 1 5 3 1 3 2 2 2 3 2 2 3 1 4 1 
72.8 ; 1.977e-17 ; True ; 30 164 174 389 727 890 906  ; 5 1 6 1 5 1 5 3 1 3 2 2 2 3 1 2 3 2 4 1 
73.19 ; 2.408e-17 ; True ; 30 164 174 389 549 594 890  ; 4 1 5 1 5 1 5 4 1 3 2 2 2 4 2 2 3 1 4 1 
73.52 ; 3.012e-17 ; True ; 30 100 164 389 507 879 890  ; 3 1 4 1 5 2 5 3 1 3 3 2 1 4 3 3 2 1 5 1 
73.53 ; 3.712e-17 ; True ; 30 164 389 507 549 594 890  ; 3 1 4 1 5 2 5 3 1 3 2 3 1 4 3 3 3 1 4 1 
76.61 ; 4.351e-17 ; True ; 1 30 164 389 507 549 890  ; 3 1 5 1 6 1 5 3 1 3 2 3 2 5 2 3 3 1 5 1 
76.72 ; 4.994e-17 ; True ; 30 164 389 507 549 890 906  ; 3 1 4 1 5 2 5 3 1 3 2 3 1 4 2 3 3 2 4 1 
77.28 ; 5.022e-17 ; True ; 164 174 389 502 507 727 879  ; 3 1 5 1 5 2 5 3 2 2 3 3 2 4 4 2 1 1 4 1 
77.59 ; 7.28e-17 ; True ; 30 164 389 507 549 879 890  ; 3 1 4 1 5 2 5 3 1 3 3 3 1 5 3 3 3 1 5 1 
80.13 ; 9.252e-17 ; True ; 30 164 389 502 507 727 879  ; 3 1 5 1 5 2 5 2 2 3 3 4 1 4 4 3 2 1 4 1 
80.14 ; 9.728e-17 ; True ; 30 164 389 502 507 549 879  ; 2 1 4 1 5 2 5 3 2 3 3 4 1 5 4 3 2 1 4 1 
83.81 ; 1.01e-16 ; True ; 1 30 113 164 389 507 727  ; 3 1 6 1 6 2 4 2 2 4 3 3 1 4 3 2 2 2 4 1 
84.09 ; 1.09e-16 ; True ; 30 164 389 502 549 879 890  ; 3 1 5 1 5 1 5 4 2 3 2 3 2 4 3 3 3 1 4 1 
85.76 ; 1.102e-16 ; True ; 1 30 113 164 389 507 549  ; 2 1 5 1 6 2 4 3 2 4 3 3 1 5 3 2 2 2 4 1 
87.27 ; 1.45e-16 ; True ; 30 113 164 389 502 879 890  ; 3 1 6 1 5 2 4 4 2 4 3 2 2 3 3 3 2 1 4 1 
87.58 ; 1.637e-16 ; True ; 30 113 164 389 549 879 890  ; 3 1 5 1 5 2 4 4 2 4 3 2 1 4 3 2 3 2 4 1 
90.29 ; 1.676e-16 ; True ; 30 113 164 389 502 727 879  ; 3 1 6 1 5 2 4 3 3 4 3 3 1 3 4 2 2 2 3 1 
91.27 ; 1.733e-16 ; True ; 30 113 164 389 502 549 879  ; 2 1 5 1 5 2 4 4 3 4 3 3 1 4 4 2 2 2 3 1 
92.61 ; 1.98e-16 ; True ; 30 128 164 174 389 727 890 906  ; 5 1 7 1 6 1 5 4 2 3 3 3 2 3 2 2 3 2 4 1 
94.54 ; 2.209e-16 ; True ; 1 30 128 164 389 727 890 906  ; 4 1 7 2 6 1 4 3 2 4 2 3 2 3 2 2 3 2 4 1 
96.1 ; 2.253e-16 ; True ; 30 100 164 389 507 549 594 890  ; 3 1 4 1 6 2 6 4 2 3 2 3 1 4 4 3 3 2 4 1 
96.16 ; 2.346e-16 ; True ; 30 128 164 174 389 549 890 906  ; 4 1 6 1 6 1 5 5 2 3 3 3 2 4 2 2 3 2 4 1 
96.22 ; 2.377e-16 ; True ; 30 128 164 174 389 507 727 906  ; 4 1 6 1 6 2 5 3 2 3 4 4 1 4 3 2 2 2 4 1 
97.13 ; 2.694e-16 ; True ; 30 164 389 396 507 549 879 890  ; 4 1 5 1 6 2 6 4 1 3 3 3 1 6 3 4 4 1 6 1 
99.17 ; 2.733e-16 ; True ; 1 30 113 164 389 636 638 727  ; 3 1 6 2 7 1 4 2 2 4 2 4 2 4 2 2 3 3 4 1 
99.25 ; 2.769e-16 ; True ; 1 30 145 164 389 549 727 890  ; 4 1 6 1 6 1 5 3 2 3 2 3 2 5 2 2 4 3 5 1 
99.37 ; 3.666e-16 ; True ; 1 30 113 164 174 389 638 727  ; 4 1 7 2 7 1 4 3 2 4 3 3 2 5 2 2 2 2 5 1 
100.3 ; 3.748e-16 ; True ; 20 30 389 396 507 549 890 906  ; 3 1 5 1 6 2 6 3 2 3 2 3 2 4 2 4 4 2 4 1 
101.3 ; 3.778e-16 ; True ; 1 30 164 389 507 549 890 906  ; 3 1 5 2 6 2 5 3 1 4 2 3 2 5 2 3 3 2 5 1 
101.5 ; 3.848e-16 ; True ; 30 100 164 389 502 507 879 890  ; 3 1 5 1 6 2 6 4 2 3 3 3 2 4 4 4 2 1 5 1 
102.1 ; 4.42e-16 ; True ; 30 100 164 389 507 549 879 890  ; 3 1 4 1 6 2 6 4 2 3 3 3 1 5 4 3 3 2 5 1 
102.2 ; 4.478e-16 ; True ; 1 30 113 164 389 638 727 890  ; 4 1 7 2 7 1 4 3 2 4 2 3 2 4 2 3 3 2 5 1 
103.3 ; 5.2e-16 ; True ; 1 30 164 389 507 549 727 890  ; 4 1 6 1 7 1 6 3 2 3 2 4 2 5 3 3 4 2 5 1 
103.9 ; 5.389e-16 ; True ; 30 164 174 389 502 507 727 906  ; 4 1 6 1 6 2 6 3 2 3 3 4 2 4 3 3 2 2 4 1 
105.3 ; 5.766e-16 ; True ; 1 30 113 164 389 549 890 906  ; 3 1 6 2 6 2 4 4 2 5 2 2 2 4 2 2 3 3 4 1 
105.6 ; 6.218e-16 ; True ; 30 164 174 389 502 507 727 879  ; 4 1 6 1 6 2 6 3 2 3 4 4 2 5 4 3 2 1 5 1 
105.6 ; 8.276e-16 ; True ; 30 164 389 502 507 549 879 890  ; 3 1 5 1 6 2 6 4 2 3 3 4 2 5 4 4 3 1 5 1 
109.3 ; 9.372e-16 ; True ; 1 30 113 164 389 507 727 890  ; 4 1 7 1 7 2 5 3 2 4 3 3 2 4 3 3 3 2 5 1 
110.2 ; 1.045e-15 ; True ; 1 30 113 164 389 507 549 890  ; 3 1 6 1 7 2 5 4 2 4 3 3 2 5 3 3 3 2 5 1 
112.2 ; 1.083e-15 ; True ; 30 113 164 389 507 549 879 890  ; 3 1 5 1 6 3 5 4 2 4 4 3 1 5 4 3 3 2 5 1 
115.1 ; 1.12e-15 ; True ; 1 30 113 164 389 549 879 890  ; 3 1 6 2 6 2 4 4 2 5 3 2 2 5 3 2 3 2 5 1 
115.4 ; 1.157e-15 ; True ; 30 164 219 389 502 549 879 890  ; 4 1 5 2 5 2 5 4 2 3 3 3 2 5 4 3 3 1 5 1 
118.7 ; 1.205e-15 ; True ; 1 20 30 128 389 396 549 890 906  ; 3 1 7 2 7 1 5 4 3 4 2 3 3 4 2 3 4 2 4 1 
118.7 ; 1.647e-15 ; True ; 30 113 164 389 502 549 879 890  ; 3 1 6 1 6 2 5 5 3 4 3 3 2 4 4 3 3 2 4 1 
121.2 ; 1.688e-15 ; True ; 1 30 128 164 174 389 507 727 906  ; 4 1 7 2 7 2 5 3 2 4 4 4 2 5 3 2 2 2 5 1 
123.1 ; 1.791e-15 ; True ; 30 128 164 174 389 507 727 890 906  ; 5 1 7 1 7 2 6 4 2 3 4 4 2 4 3 3 3 2 5 1 
124 ; 1.908e-15 ; True ; 1 20 30 389 431 549 727 890 906  ; 4 1 6 2 7 1 5 3 3 4 2 3 3 4 2 3 5 3 4 1 
124.9 ; 2.045e-15 ; True ; 1 20 30 389 396 507 549 890 906  ; 3 1 6 2 7 2 6 3 2 4 2 3 3 5 2 4 4 2 5 1 
125 ; 2.145e-15 ; True ; 1 20 30 113 145 389 638 727 890  ; 3 1 7 2 7 2 4 2 3 4 3 3 3 4 2 3 3 3 5 1 
125.8 ; 2.193e-15 ; True ; 1 30 113 145 164 389 638 727 890  ; 4 1 7 2 7 2 4 3 2 4 3 3 2 5 2 3 3 3 6 1 
126.1 ; 2.318e-15 ; True ; 1 30 128 164 389 507 727 890 906  ; 4 1 7 2 7 2 5 3 2 4 3 4 2 4 3 3 3 2 5 1 
128.8 ; 2.585e-15 ; True ; 1 30 128 164 389 507 549 890 906  ; 3 1 6 2 7 2 5 4 2 4 3 4 2 5 3 3 3 2 5 1 
128.8 ; 2.617e-15 ; True ; 30 113 164 174 389 638 727 890 906  ; 5 1 7 2 7 2 5 4 2 4 3 3 2 4 2 3 3 3 5 1 
128.8 ; 2.651e-15 ; True ; 1 20 30 113 389 396 549 890 906  ; 3 1 7 2 7 2 5 4 3 5 2 2 3 4 2 3 4 3 4 1 
129.8 ; 2.762e-15 ; True ; 20 30 113 174 389 638 727 890 906  ; 4 1 7 2 7 2 5 3 3 4 3 3 3 3 2 3 3 3 4 1 
129.9 ; 3.003e-15 ; True ; 1 30 164 174 389 507 549 727 906  ; 4 1 6 2 7 2 6 3 2 4 3 4 2 6 3 2 3 3 5 1 
130 ; 3.39e-15 ; True ; 1 30 164 389 507 549 727 890 906  ; 4 1 6 2 7 2 6 3 2 4 2 4 2 5 3 3 4 3 5 1 
133.9 ; 3.909e-15 ; True ; 1 30 113 164 389 549 727 890 906  ; 4 1 7 2 7 2 5 4 3 5 2 3 2 4 3 2 4 4 4 1 
135.3 ; 4.062e-15 ; True ; 30 164 174 389 502 507 727 879 906  ; 4 1 6 2 6 3 6 3 2 4 4 4 2 5 4 3 2 2 5 1 
136 ; 4.311e-15 ; True ; 1 30 113 164 389 507 727 890 906  ; 4 1 7 2 7 3 5 3 2 5 3 3 2 4 3 3 3 3 5 1 
137.2 ; 5.406e-15 ; True ; 30 164 389 502 507 549 879 890 906  ; 3 1 5 2 6 3 6 4 2 4 3 4 2 5 4 4 3 2 5 1 
137.7 ; 5.426e-15 ; True ; 1 30 164 389 507 549 727 879 890  ; 4 1 6 2 7 2 6 3 2 4 3 4 2 6 4 3 4 2 6 1 
140.9 ; 6.108e-15 ; True ; 1 30 113 164 389 507 549 727 890  ; 4 1 7 1 8 2 6 4 3 4 3 4 2 5 4 3 4 3 5 1 
143.8 ; 6.377e-15 ; True ; 1 30 113 164 389 507 727 879 890  ; 4 1 7 2 7 3 5 3 2 5 4 3 2 5 4 3 3 2 6 1 
144.7 ; 6.843e-15 ; True ; 1 30 113 164 389 507 549 879 890  ; 3 1 6 2 7 3 5 4 2 5 4 3 2 6 4 3 3 2 6 1 
145.2 ; 7.477e-15 ; True ; 30 113 164 389 502 507 727 879 890  ; 4 1 7 1 7 3 6 4 3 4 4 4 2 4 5 4 3 2 5 1 
145.2 ; 7.833e-15 ; True ; 30 113 164 389 502 507 549 879 890  ; 3 1 6 1 7 3 6 5 3 4 4 4 2 5 5 4 3 2 5 1 
150.5 ; 7.902e-15 ; True ; 1 30 113 145 174 307 389 549 638 727  ; 3 1 6 2 7 2 5 3 3 4 4 4 2 6 3 3 3 4 5 1 
151 ; 9.022e-15 ; True ; 1 30 128 164 174 389 507 727 890 906  ; 5 1 8 2 8 2 6 4 2 4 4 4 3 5 3 3 3 2 6 1 
152.6 ; 9.135e-15 ; True ; 1 20 30 113 145 174 389 638 727 890  ; 4 1 8 2 8 2 5 3 3 4 4 3 4 5 2 3 3 3 6 1 
152.6 ; 9.358e-15 ; True ; 1 20 30 128 174 389 507 727 890 906  ; 4 1 8 2 8 2 6 3 3 4 4 4 4 4 3 3 3 2 5 1 
153.6 ; 9.621e-15 ; True ; 1 20 30 113 174 389 638 727 890 906  ; 4 1 8 3 8 2 5 3 3 5 3 3 4 4 2 3 3 3 5 1 
154.8 ; 9.846e-15 ; True ; 1 20 30 113 128 174 389 727 890 906  ; 4 1 9 2 8 2 5 4 4 5 4 3 4 3 3 2 3 3 4 1 
155 ; 9.864e-15 ; True ; 30 113 164 219 389 502 727 879 890  ; 5 1 7 2 6 3 5 4 3 4 4 3 2 4 5 3 3 2 5 1 
155 ; 1.098e-14 ; True ; 30 113 164 219 389 502 549 879 890  ; 4 1 6 2 6 3 5 5 3 4 4 3 2 5 5 3 3 2 5 1 
156.1 ; 1.109e-14 ; True ; 1 30 113 128 164 174 389 727 890 906  ; 5 1 9 2 8 2 5 5 3 5 4 3 3 4 3 2 3 3 5 1 
157.4 ; 1.134e-14 ; True ; 1 20 30 113 145 174 389 549 638 727  ; 3 1 7 2 8 2 5 3 4 4 4 4 3 6 3 2 3 4 5 1 
157.4 ; 1.195e-14 ; True ; 1 20 30 113 174 389 549 638 727 906  ; 3 1 7 3 8 2 5 3 4 5 3 4 3 5 3 2 3 4 4 1 
157.5 ; 1.235e-14 ; True ; 1 20 30 389 396 507 549 727 890 906  ; 4 1 7 2 8 2 7 3 3 4 2 4 3 5 3 4 5 3 5 1 
158.7 ; 1.258e-14 ; True ; 1 30 113 174 307 389 549 727 890 906  ; 4 1 7 2 7 2 6 4 3 5 3 3 3 4 3 3 4 4 4 1 
159.3 ; 1.424e-14 ; True ; 1 30 164 174 389 507 549 727 890 906  ; 5 1 7 2 8 2 7 4 2 4 3 4 3 6 3 3 4 3 6 1 
159.4 ; 1.44e-14 ; True ; 1 20 30 113 145 389 549 638 727 890  ; 3 1 7 2 8 2 5 3 4 4 3 4 3 5 3 3 4 4 5 1 
160.5 ; 1.535e-14 ; True ; 1 20 30 174 389 507 549 727 890 906  ; 4 1 7 2 8 2 7 3 3 4 3 4 4 5 3 3 4 3 5 1 
162.5 ; 1.622e-14 ; True ; 1 20 30 389 431 507 549 727 890 906  ; 4 1 6 2 8 2 6 3 3 4 3 4 3 5 3 4 5 3 5 1 
164.3 ; 1.67e-14 ; True ; 1 30 113 164 174 389 549 727 890 906  ; 5 1 8 2 8 2 6 5 3 5 3 3 3 5 3 2 4 4 5 1 
165 ; 1.714e-14 ; True ; 1 20 25 30 389 507 549 727 890 906  ; 3 1 7 3 8 2 7 3 3 5 3 4 3 5 3 3 4 3 5 1 
165.4 ; 1.869e-14 ; True ; 1 20 30 113 389 431 549 727 890 906  ; 4 1 7 2 8 2 5 4 4 5 3 3 3 4 3 3 5 4 4 1 
167.3 ; 1.905e-14 ; True ; 1 20 30 113 389 396 507 549 890 906  ; 3 1 7 2 8 3 6 4 3 5 3 3 3 5 3 4 4 3 5 1 
168.3 ; 1.918e-14 ; True ; 1 30 113 164 174 389 507 549 638 727  ; 4 1 7 2 9 2 6 4 3 4 4 5 2 7 4 3 3 3 6 1 
168.6 ; 1.929e-14 ; True ; 30 164 174 389 502 507 727 879 890 906  ; 5 1 7 2 7 3 7 4 2 4 4 4 3 5 4 4 3 2 6 1 
169.1 ; 2.017e-14 ; True ; 30 164 174 389 507 549 727 879 890 906  ; 5 1 6 2 7 3 7 4 2 4 4 4 2 6 4 3 4 3 6 1 
169.3 ; 2.224e-14 ; True ; 1 30 113 164 389 507 549 638 727 890  ; 4 1 7 2 9 2 6 4 3 4 3 5 2 6 4 4 4 3 6 1 
170.5 ; 2.5e-14 ; True ; 1 30 113 164 389 507 549 727 890 906  ; 4 1 7 2 8 3 6 4 3 5 3 4 2 5 4 3 4 4 5 1 
174.6 ; 2.8e-14 ; True ; 30 164 389 502 507 549 727 879 890 906  ; 4 1 6 2 7 3 7 4 3 4 3 5 2 5 5 4 4 3 5 1 
176 ; 2.961e-14 ; True ; 1 25 30 113 164 389 507 549 727 890  ; 4 1 8 2 9 2 7 5 3 5 4 4 2 6 4 3 4 3 6 1 
178 ; 3.2e-14 ; True ; 1 20 25 30 113 389 507 549 727 890  ; 3 1 8 2 9 2 7 4 4 5 4 4 3 5 4 3 4 3 5 1 
179.7 ; 3.213e-14 ; True ; 30 113 164 389 502 507 549 879 890 906  ; 3 1 6 2 7 4 6 5 3 5 4 4 2 5 5 4 3 3 5 1 
180.3 ; 3.754e-14 ; True ; 1 30 113 164 389 507 549 727 879 890  ; 4 1 7 2 8 3 6 4 3 5 4 4 2 6 5 3 4 3 6 1 
183.5 ; 3.887e-14 ; True ; 30 113 164 219 389 502 507 549 879 890  ; 4 1 6 2 7 4 6 5 3 4 5 4 2 6 6 4 3 2 6 1 
186 ; 3.953e-14 ; True ; 1 30 113 174 307 389 549 638 727 890 906  ; 4 1 7 3 8 2 6 4 3 5 3 4 3 5 3 4 4 4 5 1 
187.9 ; 4.033e-14 ; True ; 1 20 30 113 145 389 486 549 638 727 890  ; 4 1 8 3 9 2 5 3 4 5 3 4 3 6 3 3 4 4 6 1 
188.8 ; 4.149e-14 ; True ; 1 20 30 113 145 389 549 638 727 890 906  ; 3 1 7 3 8 3 5 3 4 5 3 4 3 5 3 3 4 5 5 1 
189.8 ; 4.478e-14 ; True ; 1 20 30 174 389 396 507 549 727 890 906  ; 5 1 8 2 9 2 8 4 3 4 3 4 4 6 3 4 5 3 6 1 
190.2 ; 4.891e-14 ; True ; 1 30 128 164 174 389 507 549 727 890 906  ; 5 1 8 2 9 2 7 5 3 4 4 5 3 6 4 3 4 3 6 1 
191.8 ; 4.991e-14 ; True ; 1 20 30 128 174 389 507 549 727 890 906  ; 4 1 8 2 9 2 7 4 4 4 4 5 4 5 4 3 4 3 5 1 
191.8 ; 5.09e-14 ; True ; 1 20 30 113 145 174 389 549 638 727 890  ; 4 1 8 2 9 2 6 4 4 4 4 4 4 6 3 3 4 4 6 1 
191.9 ; 5.572e-14 ; True ; 1 20 30 113 174 389 549 638 727 890 906  ; 4 1 8 3 9 2 6 4 4 5 3 4 4 5 3 3 4 4 5 1 
195.7 ; 5.873e-14 ; True ; 1 20 30 113 389 431 549 638 727 890 906  ; 4 1 7 3 9 2 5 4 4 5 3 4 3 5 3 4 5 4 5 1 
198.1 ; 5.981e-14 ; True ; 1 20 25 30 113 389 396 549 727 890 906  ; 4 1 9 3 9 2 7 5 4 6 3 3 3 5 3 3 5 4 5 1 
198.8 ; 6.308e-14 ; True ; 1 20 30 113 174 389 431 549 727 890 906  ; 5 1 8 2 9 2 6 5 4 5 4 3 4 5 3 3 5 4 5 1 
200.2 ; 6.385e-14 ; True ; 1 20 25 30 389 431 507 549 727 890 906  ; 4 1 7 3 9 2 7 4 3 5 4 4 3 6 3 4 5 3 6 1 
201.8 ; 6.828e-14 ; True ; 1 30 113 164 389 507 549 638 727 890 906  ; 4 1 7 3 9 3 6 4 3 5 3 5 2 6 4 4 4 4 6 1 
202.2 ; 7.187e-14 ; True ; 1 20 25 30 113 389 431 549 727 890 906  ; 4 1 8 3 9 2 6 5 4 6 4 3 3 5 3 3 5 4 5 1 
202.7 ; 7.283e-14 ; True ; 1 30 113 164 174 389 507 549 638 727 890  ; 5 1 8 2 10 2 7 5 3 4 4 5 3 7 4 4 4 3 7 1 
203.9 ; 7.964e-14 ; True ; 1 20 30 113 389 396 507 549 727 890 906  ; 4 1 8 2 9 3 7 4 4 5 3 4 3 5 4 4 5 4 5 1 
204.8 ; 8.623e-14 ; True ; 1 30 113 164 174 389 507 549 727 890 906  ; 5 1 8 2 9 3 7 5 3 5 4 4 3 6 4 3 4 4 6 1 
206 ; 8.799e-14 ; True ; 1 20 30 113 174 389 507 549 727 890 906  ; 4 1 8 2 9 3 7 4 4 5 4 4 4 5 4 3 4 4 5 1 
208.9 ; 9.455e-14 ; True ; 1 20 30 113 389 431 507 549 727 890 906  ; 4 1 7 2 9 3 6 4 4 5 4 4 3 5 4 4 5 4 5 1 
210.8 ; 9.701e-14 ; True ; 30 164 174 389 502 507 549 727 879 890 906  ; 5 1 7 2 8 3 8 5 3 4 4 5 3 6 5 4 4 3 6 1 
212.1 ; 9.708e-14 ; True ; 1 30 164 389 502 507 549 727 879 890 906  ; 4 1 7 3 8 3 7 4 3 5 3 5 3 6 5 4 4 3 6 1 
212.5 ; 9.894e-14 ; True ; 1 30 113 164 389 396 507 549 727 879 890  ; 5 1 8 2 9 3 7 5 3 5 4 4 2 7 5 4 5 3 7 1 
214.2 ; 1.05e-13 ; True ; 1 20 25 30 113 389 431 507 549 727 890  ; 4 1 8 2 10 2 7 5 4 5 5 4 3 6 4 4 5 3 6 1 
215.3 ; 1.065e-13 ; True ; 1 30 113 164 389 502 507 549 727 890 906  ; 4 1 8 2 9 3 7 5 4 5 3 5 3 5 5 4 4 4 5 1 
216.5 ; 1.153e-13 ; True ; 1 30 113 164 174 389 507 549 727 879 890  ; 5 1 8 2 9 3 7 5 3 5 5 4 3 7 5 3 4 3 7 1 
218.6 ; 1.196e-13 ; True ; 1 20 30 113 389 396 507 549 727 879 890  ; 4 1 8 2 9 3 7 4 4 5 4 4 3 6 5 4 5 3 6 1 
219.7 ; 1.208e-13 ; True ; 1 30 113 128 174 307 389 549 638 727 890 906  ; 4 1 8 3 9 2 6 5 4 5 4 5 3 5 4 4 4 4 5 1 
221.1 ; 1.234e-13 ; True ; 30 113 164 389 502 507 549 727 879 890 906  ; 4 1 7 2 8 4 7 5 4 5 4 5 2 5 6 4 4 4 5 1 
222.2 ; 1.267e-13 ; True ; 1 20 30 113 128 174 389 431 638 727 890 906  ; 5 1 9 3 10 2 5 5 4 5 5 4 4 5 3 4 4 3 6 1 
223.7 ; 1.331e-13 ; True ; 1 20 30 113 389 431 507 549 727 879 890  ; 4 1 7 2 9 3 6 4 4 5 5 4 3 6 5 4 5 3 6 1 
224 ; 1.537e-13 ; True ; 1 30 113 164 389 502 507 549 727 879 890  ; 4 1 8 2 9 3 7 5 4 5 4 5 3 6 6 4 4 3 6 1 
226.5 ; 1.577e-13 ; True ; 1 20 30 113 128 174 389 549 638 727 890 906  ; 4 1 9 3 10 2 6 5 5 5 4 5 4 5 4 3 4 4 5 1 
228 ; 1.585e-13 ; True ; 1 30 113 128 164 174 389 549 638 727 890 906  ; 5 1 9 3 10 2 6 6 4 5 4 5 3 6 4 3 4 4 6 1 
230.8 ; 1.586e-13 ; True ; 1 20 30 113 128 174 389 507 638 727 890 906  ; 4 1 9 3 10 3 6 4 4 5 5 5 4 5 4 4 3 3 6 1 
231.1 ; 1.836e-13 ; True ; 1 20 30 113 174 389 431 549 638 727 890 906  ; 5 1 8 3 10 2 6 5 4 5 4 4 4 6 3 4 5 4 6 1 
236.5 ; 1.867e-13 ; True ; 1 20 30 113 157 389 431 549 638 727 890 906  ; 4 1 7 3 10 3 6 5 5 5 3 5 4 5 3 4 5 4 5 1 
237.3 ; 2.001e-13 ; True ; 1 20 30 113 389 396 507 531 549 727 890 906  ; 5 1 8 2 10 3 7 5 4 5 4 4 3 6 4 4 6 4 6 1 
238 ; 2.041e-13 ; True ; 1 20 30 113 389 396 507 549 638 727 890 906  ; 4 1 8 3 10 3 7 4 4 5 3 5 3 6 4 5 5 4 6 1 
238.1 ; 2.236e-13 ; True ; 1 30 113 164 174 389 507 549 638 727 890 906  ; 5 1 8 3 10 3 7 5 3 5 4 5 3 7 4 4 4 4 7 1 
239.2 ; 2.403e-13 ; True ; 1 20 30 113 174 389 507 549 638 727 890 906  ; 4 1 8 3 10 3 7 4 4 5 4 5 4 6 4 4 4 4 6 1 
243.1 ; 2.424e-13 ; True ; 1 20 30 113 389 431 507 549 638 727 890 906  ; 4 1 7 3 10 3 6 4 4 5 4 5 3 6 4 5 5 4 6 1 
246.2 ; 2.718e-13 ; True ; 1 20 30 113 174 389 431 507 549 727 890 906  ; 5 1 8 2 10 3 7 5 4 5 5 4 4 6 4 4 5 4 6 1 
247.6 ; 2.813e-13 ; True ; 1 20 25 30 113 174 389 507 549 727 890 906  ; 4 1 9 3 10 3 8 5 4 6 5 4 4 6 4 3 4 4 6 1 
250.6 ; 3.097e-13 ; True ; 1 20 25 30 113 389 431 507 549 727 890 906  ; 4 1 8 3 10 3 7 5 4 6 5 4 3 6 4 4 5 4 6 1 
255.2 ; 3.145e-13 ; True ; 1 20 30 113 389 396 507 549 727 879 890 906  ; 4 1 8 3 9 4 7 4 4 6 4 4 3 6 5 4 5 4 6 1 
256.9 ; 3.408e-13 ; True ; 1 20 30 113 164 389 431 507 549 727 890 906  ; 5 1 8 2 10 3 7 5 4 5 4 4 3 6 4 4 5 4 6 2 
260.2 ; 3.49e-13 ; True ; 1 25 30 113 164 389 502 507 549 727 890 906  ; 4 1 9 3 10 3 8 6 4 6 4 5 3 6 5 4 4 4 6 1 
261 ; 3.568e-13 ; True ; 1 30 113 164 389 396 502 507 549 727 879 890  ; 5 1 9 2 10 3 8 6 4 5 4 5 3 7 6 5 5 3 7 1 
262.2 ; 3.793e-13 ; True ; 30 113 164 174 389 502 507 549 727 879 890 906  ; 5 1 8 2 9 4 8 6 4 5 5 5 3 6 6 4 4 4 6 1 
262.5 ; 4.041e-13 ; True ; 1 30 113 164 389 502 507 549 727 879 890 906  ; 4 1 8 3 9 4 7 5 4 6 4 5 3 6 6 4 4 4 6 1 
264.9 ; 4.122e-13 ; True ; 1 20 30 113 128 174 389 396 549 638 727 890 906  ; 5 1 10 3 11 2 7 6 5 5 4 5 4 6 4 4 5 4 6 1 
267.4 ; 4.303e-13 ; True ; 1 20 30 113 145 174 389 431 549 638 727 890 906  ; 5 1 8 3 10 3 6 5 4 5 5 4 4 7 3 4 5 5 7 1 
269.1 ; 4.686e-13 ; True ; 1 20 30 113 128 174 389 431 549 638 727 890 906  ; 5 1 9 3 11 2 6 6 5 5 5 5 4 6 4 4 5 4 6 1 
273.3 ; 4.783e-13 ; True ; 1 20 30 113 174 330 389 507 549 638 727 890 906  ; 5 1 9 3 10 3 8 4 5 5 4 6 4 6 4 4 4 5 6 1 
274.1 ; 4.978e-13 ; True ; 1 30 113 164 219 389 502 507 549 727 879 890  ; 5 1 8 3 9 4 7 5 4 5 5 5 3 7 7 4 4 3 7 1 
275.5 ; 5.022e-13 ; True ; 1 20 30 113 145 174 389 507 549 638 727 890 906  ; 4 1 8 3 10 4 7 4 4 5 5 5 4 7 4 4 4 5 7 1 
276.3 ; 5.492e-13 ; True ; 1 30 113 128 164 174 389 507 549 638 727 890 906  ; 5 1 9 3 11 3 7 6 4 5 5 6 3 7 5 4 4 4 7 1 
277.3 ; 5.8e-13 ; True ; 1 20 30 113 174 389 396 507 549 638 727 890 906  ; 5 1 9 3 11 3 8 5 4 5 4 5 4 7 4 5 5 4 7 1 
282.3 ; 5.84e-13 ; True ; 1 20 30 113 174 389 396 431 507 549 727 890 906  ; 6 1 9 2 11 3 8 6 4 5 5 4 4 7 4 5 6 4 7 1 
282.4 ; 6.617e-13 ; True ; 1 20 30 113 174 389 431 507 549 638 727 890 906  ; 5 1 8 3 11 3 7 5 4 5 5 5 4 7 4 5 5 4 7 1 
286.6 ; 6.839e-13 ; True ; 1 20 25 30 113 174 389 396 507 549 727 890 906  ; 5 1 10 3 11 3 9 6 4 6 5 4 4 7 4 4 5 4 7 1 
288.8 ; 6.875e-13 ; True ; 1 20 25 30 113 389 431 507 549 636 727 890 906  ; 4 1 8 3 11 3 8 5 4 6 5 5 4 6 4 4 6 5 6 1 
290.1 ; 7.019e-13 ; True ; 1 20 30 113 164 389 507 531 549 638 727 890 906  ; 5 1 8 3 11 3 7 5 4 5 4 5 3 7 4 4 5 4 7 2 
291.2 ; 8.026e-13 ; True ; 1 20 30 113 164 174 389 507 549 638 727 890 906  ; 5 1 9 3 11 3 8 5 4 5 4 5 4 7 4 4 4 4 7 2 
295.1 ; 8.296e-13 ; True ; 1 20 30 113 164 389 431 507 549 638 727 890 906  ; 5 1 8 3 11 3 7 5 4 5 4 5 3 7 4 5 5 4 7 2 
297.4 ; 8.379e-13 ; True ; 1 20 30 113 174 389 396 507 549 727 879 890 906  ; 5 1 9 3 10 4 8 5 4 6 5 4 4 7 5 4 5 4 7 1 
298.1 ; 8.417e-13 ; True ; 1 20 30 113 164 174 389 431 507 549 727 890 906  ; 6 1 9 2 11 3 8 6 4 5 5 4 4 7 4 4 5 4 7 2 
302.2 ; 8.566e-13 ; True ; 1 25 30 113 164 174 389 502 507 549 727 890 906  ; 5 1 10 3 11 3 9 7 4 6 5 5 4 7 5 4 4 4 7 1 
303.4 ; 9.18e-13 ; True ; 1 20 30 113 174 389 431 507 549 727 879 890 906  ; 5 1 8 3 10 4 7 5 4 6 6 4 4 7 5 4 5 4 7 1 
303.5 ; 9.95e-13 ; True ; 1 20 25 30 113 164 389 431 507 549 727 890 906  ; 5 1 9 3 11 3 8 6 4 6 5 4 3 7 4 4 5 4 7 2 
305.6 ; 1.036e-12 ; True ; 1 30 113 164 174 389 502 507 549 727 879 890 906  ; 5 1 9 3 10 4 8 6 4 6 5 5 4 7 6 4 4 4 7 1 
307.1 ; 1.05e-12 ; True ; 1 20 30 113 164 389 396 507 549 727 879 890 906  ; 5 1 9 3 10 4 8 5 4 6 4 4 3 7 5 4 5 4 7 2 
310.1 ; 1.088e-12 ; True ; 1 20 30 113 164 174 389 507 549 727 879 890 906  ; 5 1 9 3 10 4 8 5 4 6 5 4 4 7 5 3 4 4 7 2 
313.1 ; 1.199e-12 ; True ; 1 20 30 113 164 389 431 507 549 727 879 890 906  ; 5 1 8 3 10 4 7 5 4 6 5 4 3 7 5 4 5 4 7 2 
319.2 ; 1.324e-12 ; True ; 1 20 30 113 128 174 389 396 507 549 638 727 890 906  ; 5 1 10 3 12 3 8 6 5 5 5 6 4 7 5 5 5 4 7 1 
321.5 ; 1.361e-12 ; True ; 1 20 30 113 164 389 502 507 549 727 879 890 906  ; 4 1 9 3 10 4 8 5 5 6 4 5 4 6 6 4 4 4 6 2 
324.4 ; 1.464e-12 ; True ; 1 20 30 113 128 174 389 431 507 549 638 727 890 906  ; 5 1 9 3 12 3 7 6 5 5 6 6 4 7 5 5 5 4 7 1 
330.1 ; 1.514e-12 ; True ; 1 20 30 113 164 174 330 389 507 549 638 727 890 906  ; 6 1 10 3 11 3 9 5 5 5 4 6 4 7 4 4 4 5 7 2 
331.4 ; 1.617e-12 ; True ; 1 20 30 113 145 164 174 389 507 549 638 727 890 906  ; 5 1 9 3 11 4 8 5 4 5 5 5 4 8 4 4 4 5 8 2 
332.4 ; 1.658e-12 ; True ; 1 20 30 113 164 174 389 507 549 636 638 727 890 906  ; 5 1 9 3 12 3 9 5 4 5 4 6 5 7 4 4 5 5 7 2 
333.1 ; 1.702e-12 ; True ; 1 20 30 113 164 174 389 396 507 549 638 727 890 906  ; 6 1 10 3 12 3 9 6 4 5 4 5 4 8 4 5 5 4 8 2 
333.7 ; 1.832e-12 ; True ; 1 20 30 113 128 164 174 389 507 549 638 727 890 906  ; 5 1 10 3 12 3 8 6 5 5 5 6 4 7 5 4 4 4 7 2 
338.3 ; 1.975e-12 ; True ; 1 20 30 113 164 174 389 431 507 549 638 727 890 906  ; 6 1 9 3 12 3 8 6 4 5 5 5 4 8 4 5 5 4 8 2 
343.6 ; 2.076e-12 ; True ; 1 20 25 30 113 164 389 431 507 549 638 727 890 906  ; 5 1 9 4 12 3 8 6 4 6 5 5 3 8 4 5 5 4 8 2 
348.5 ; 2.106e-12 ; True ; 1 20 30 113 157 164 389 431 507 549 638 727 890 906  ; 5 1 8 3 12 4 8 6 5 5 4 6 4 7 4 5 5 4 7 2 
349.5 ; 2.14e-12 ; True ; 1 30 113 164 174 389 396 502 507 549 727 879 890 906  ; 6 1 10 3 11 4 9 7 4 6 5 5 4 8 6 5 5 4 8 1 
350.1 ; 2.192e-12 ; True ; 1 20 30 113 164 389 396 507 549 638 727 879 890 906  ; 5 1 9 4 11 4 8 5 4 6 4 5 3 8 5 5 5 4 8 2 
352.3 ; 2.419e-12 ; True ; 1 20 30 113 164 174 389 507 549 638 727 879 890 906  ; 5 1 9 4 11 4 8 5 4 6 5 5 4 8 5 4 4 4 8 2 
353.1 ; 2.459e-12 ; True ; 1 20 30 113 164 174 389 396 507 549 727 879 890 906  ; 6 1 10 3 11 4 9 6 4 6 5 4 4 8 5 4 5 4 8 2 
354.1 ; 2.482e-12 ; True ; 1 20 30 113 164 389 396 431 507 549 727 879 890 906  ; 6 1 9 3 11 4 8 6 4 6 5 4 3 8 5 5 6 4 8 2 
356.2 ; 2.5e-12 ; True ; 1 20 30 113 164 389 431 507 549 638 727 879 890 906  ; 5 1 8 4 11 4 7 5 4 6 5 5 3 8 5 5 5 4 8 2 
359.2 ; 2.74e-12 ; True ; 1 20 30 113 164 174 389 431 507 549 727 879 890 906  ; 6 1 9 3 11 4 8 6 4 6 6 4 4 8 5 4 5 4 8 2 
366.4 ; 2.801e-12 ; True ; 1 20 30 113 164 174 389 396 502 507 549 727 879 906  ; 5 1 10 3 11 4 9 6 5 6 5 5 4 8 6 4 4 4 7 2 
366.4 ; 3.105e-12 ; True ; 1 20 30 113 164 389 396 502 507 549 727 879 890 906  ; 5 1 10 3 11 4 9 6 5 6 4 5 4 7 6 5 5 4 7 2 
368.6 ; 3.214e-12 ; True ; 1 20 30 113 164 174 389 502 507 549 727 879 890 906  ; 5 1 10 3 11 4 9 6 5 6 5 5 5 7 6 4 4 4 7 2 
373.4 ; 3.604e-12 ; True ; 1 20 30 113 164 389 431 502 507 549 727 879 890 906  ; 5 1 9 3 11 4 8 6 5 6 5 5 4 7 6 5 5 4 7 2 
381.1 ; 3.635e-12 ; True ; 1 20 30 113 164 174 330 389 431 507 549 638 727 890 906  ; 7 1 10 3 12 3 9 6 5 5 5 6 4 8 4 5 5 5 8 2 
382.5 ; 3.72e-12 ; True ; 1 20 30 113 145 164 174 389 431 507 549 638 727 890 906  ; 6 1 9 3 12 4 8 6 4 5 6 5 4 9 4 5 5 5 9 2 
382.5 ; 3.919e-12 ; True ; 1 20 30 113 164 174 389 431 507 549 636 638 727 890 906  ; 6 1 9 3 13 3 9 6 4 5 5 6 5 8 4 5 6 5 8 2 
384.1 ; 4.218e-12 ; True ; 1 20 30 113 128 164 174 389 431 507 549 638 727 890 906  ; 6 1 10 3 13 3 8 7 5 5 6 6 4 8 5 5 5 4 8 2 
390.7 ; 4.424e-12 ; True ; 1 20 25 30 113 164 174 389 431 507 549 638 727 890 906  ; 6 1 10 4 13 3 9 7 4 6 6 5 4 9 4 5 5 4 9 2 
394.9 ; 4.604e-12 ; True ; 1 20 30 113 128 164 174 389 431 549 638 727 879 890 906  ; 6 1 10 4 12 3 7 7 5 6 6 5 4 8 5 4 5 4 8 2 
398.2 ; 4.637e-12 ; True ; 1 20 30 113 164 389 396 507 549 636 638 727 879 890 906  ; 5 1 9 4 12 4 9 5 4 6 4 6 4 8 5 5 6 5 8 2 
398.2 ; 4.993e-12 ; True ; 1 20 30 113 164 174 389 396 507 549 638 727 879 890 906  ; 6 1 10 4 12 4 9 6 4 6 5 5 4 9 5 5 5 4 9 2 
399.4 ; 4.998e-12 ; True ; 1 20 30 113 164 174 389 507 549 636 638 727 879 890 906  ; 5 1 9 4 12 4 9 5 4 6 5 6 5 8 5 4 5 5 8 2 
399.7 ; 5.098e-12 ; True ; 1 20 30 113 128 164 174 389 507 549 638 727 879 890 906  ; 5 1 10 4 12 4 8 6 5 6 6 6 4 8 6 4 4 4 8 2 
403.2 ; 5.163e-12 ; True ; 1 20 30 113 164 174 389 396 431 507 549 727 879 890 906  ; 7 1 10 3 12 4 9 7 4 6 6 4 4 9 5 5 6 4 9 2 
403.2 ; 5.315e-12 ; True ; 1 20 30 113 164 389 396 431 507 549 636 727 879 890 906  ; 6 1 9 3 12 4 9 6 4 6 5 5 4 8 5 5 7 5 8 2 
404.3 ; 5.334e-12 ; True ; 1 20 30 113 164 389 431 507 549 636 638 727 879 890 906  ; 5 1 8 4 12 4 8 5 4 6 5 6 4 8 5 5 6 5 8 2 
404.3 ; 5.564e-12 ; True ; 1 20 30 113 164 174 389 431 507 549 638 727 879 890 906  ; 6 1 9 4 12 4 8 6 4 6 6 5 4 9 5 5 5 4 9 2 
407.4 ; 5.657e-12 ; True ; 1 20 30 113 164 174 389 431 507 549 636 727 879 890 906  ; 6 1 9 3 12 4 9 6 4 6 6 5 5 8 5 4 6 5 8 2 
407.6 ; 5.693e-12 ; True ; 1 20 30 113 128 164 174 389 431 507 549 727 879 890 906  ; 6 1 10 3 12 4 8 7 5 6 7 5 4 8 6 4 5 4 8 2 
414.5 ; 5.958e-12 ; True ; 1 20 30 113 157 164 389 396 431 507 549 727 879 890 906  ; 6 1 9 3 12 5 9 7 5 6 5 5 4 8 5 5 6 4 8 2 
415.3 ; 5.984e-12 ; True ; 1 20 30 113 164 389 396 502 507 549 638 727 879 890 906  ; 5 1 10 4 12 4 9 6 5 6 4 6 4 8 6 6 5 4 8 2 
416.4 ; 6.559e-12 ; True ; 1 20 30 113 164 174 389 396 502 507 549 727 879 890 906  ; 6 1 11 3 12 4 10 7 5 6 5 5 5 8 6 5 5 4 8 2 
419.3 ; 6.871e-12 ; True ; 1 20 30 113 164 389 396 431 502 507 549 727 879 890 906  ; 6 1 10 3 12 4 9 7 5 6 5 5 4 8 6 6 6 4 8 2 
422.3 ; 6.945e-12 ; True ; 1 20 30 113 164 389 431 502 507 549 638 727 879 890 906  ; 5 1 9 4 12 4 8 6 5 6 5 6 4 8 6 6 5 4 8 2 
423.4 ; 7.399e-12 ; True ; 1 20 30 113 164 174 389 431 502 507 549 727 879 890 906  ; 6 1 10 3 12 4 9 7 5 6 6 5 5 8 6 5 5 4 8 2 
430.4 ; 7.449e-12 ; True ; 1 20 30 113 128 164 174 389 396 431 507 549 638 727 890 906  ; 7 1 11 3 14 3 9 8 5 5 6 6 4 9 5 6 6 4 9 2 
430.7 ; 8.145e-12 ; True ; 1 20 30 113 128 164 174 389 431 507 549 636 638 727 890 906  ; 6 1 10 3 14 3 9 7 5 5 6 7 5 8 5 5 6 5 8 2 
437.2 ; 8.21e-12 ; True ; 1 20 30 113 128 164 174 389 396 549 636 638 727 879 890 906  ; 6 1 11 4 13 3 9 7 5 6 5 6 5 8 5 4 6 5 8 2 
439.8 ; 8.488e-12 ; True ; 1 20 30 113 164 174 389 431 507 549 636 638 716 727 890 906  ; 6 1 9 4 14 4 10 6 4 5 5 6 5 8 5 5 7 5 8 2 
442.4 ; 9.21e-12 ; True ; 1 20 30 113 128 164 174 389 431 549 636 638 727 879 890 906  ; 6 1 10 4 13 3 8 7 5 6 6 6 5 8 5 4 6 5 8 2 
448.3 ; 9.852e-12 ; True ; 1 20 30 113 164 174 389 396 507 549 636 638 727 879 890 906  ; 6 1 10 4 13 4 10 6 4 6 5 6 5 9 5 5 6 5 9 2 
448.9 ; 1.018e-11 ; True ; 1 20 30 113 128 164 174 389 396 507 549 638 727 879 890 906  ; 6 1 11 4 13 4 9 7 5 6 6 6 4 9 6 5 5 4 9 2 
449.2 ; 1.025e-11 ; True ; 1 20 30 113 128 164 174 389 507 549 636 638 727 879 890 906  ; 5 1 10 4 13 4 9 6 5 6 6 7 5 8 6 4 5 5 8 2 
452 ; 1.03e-11 ; True ; 1 20 30 113 128 164 174 389 396 507 549 636 727 879 890 906  ; 6 1 11 3 13 4 10 7 5 6 6 6 5 8 6 4 6 5 8 2 
454.3 ; 1.031e-11 ; True ; 1 20 30 113 164 174 389 396 431 507 549 636 727 879 890 906  ; 7 1 10 3 13 4 10 7 4 6 6 5 5 9 5 5 7 5 9 2 
454.4 ; 1.104e-11 ; True ; 1 20 30 113 164 174 389 431 507 549 636 638 727 879 890 906  ; 6 1 9 4 13 4 9 6 4 6 6 6 5 9 5 5 6 5 9 2 
455.1 ; 1.111e-11 ; True ; 1 20 30 113 128 164 174 389 431 507 549 638 727 879 890 906  ; 6 1 10 4 13 4 8 7 5 6 7 6 4 9 6 5 5 4 9 2 
466.4 ; 1.144e-11 ; True ; 1 20 30 113 164 174 389 396 502 507 531 549 727 879 890 906  ; 7 1 11 3 13 4 10 8 5 6 6 5 5 9 6 5 6 4 9 2 
467.2 ; 1.23e-11 ; True ; 1 20 30 113 164 174 389 396 502 507 549 638 727 879 890 906  ; 6 1 11 4 13 4 10 7 5 6 5 6 5 9 6 6 5 4 9 2 
469.4 ; 1.237e-11 ; True ; 1 20 30 113 164 174 389 502 507 549 636 638 727 879 890 906  ; 5 1 10 4 13 4 10 6 5 6 5 7 6 8 6 5 5 5 8 2 
470.3 ; 1.238e-11 ; True ; 1 20 30 113 164 174 389 396 502 507 549 636 727 879 890 906  ; 6 1 11 3 13 4 11 7 5 6 5 6 6 8 6 5 6 5 8 2 
471.1 ; 1.255e-11 ; True ; 1 20 30 113 164 389 396 431 502 507 549 638 727 879 890 906  ; 6 1 10 4 13 4 9 7 5 6 5 6 4 9 6 7 6 4 9 2 
472.2 ; 1.299e-11 ; True ; 1 20 30 113 164 174 389 396 431 502 507 549 727 879 890 906  ; 7 1 11 3 13 4 10 8 5 6 6 5 5 9 6 6 6 4 9 2 
474.1 ; 1.318e-11 ; True ; 1 20 30 113 164 389 396 431 502 507 549 636 727 879 890 906  ; 6 1 10 3 13 4 10 7 5 6 5 6 5 8 6 6 7 5 8 2 
474.3 ; 1.388e-11 ; True ; 1 20 30 113 164 174 389 431 502 507 549 638 727 879 890 906  ; 6 1 10 4 13 4 9 7 5 6 6 6 5 9 6 6 5 4 9 2 
477.4 ; 1.402e-11 ; True ; 1 20 30 113 164 174 389 431 502 507 549 636 727 879 890 906  ; 6 1 10 3 13 4 10 7 5 6 6 6 6 8 6 5 6 5 8 2 
481.7 ; 1.495e-11 ; True ; 1 20 30 113 128 164 174 389 431 486 507 549 636 638 727 890 906  ; 7 1 11 4 15 3 9 7 5 6 6 7 5 9 5 5 6 5 9 2 
491.1 ; 1.505e-11 ; True ; 1 20 30 113 164 174 219 389 396 502 507 549 727 879 890 906  ; 7 1 11 4 12 5 10 7 5 6 6 5 5 9 7 5 5 4 9 2 
492.6 ; 1.645e-11 ; True ; 1 20 30 113 128 164 174 389 396 431 549 636 638 727 879 890 906  ; 7 1 11 4 14 3 9 8 5 6 6 6 5 9 5 5 7 5 9 2 
499.2 ; 1.651e-11 ; True ; 1 20 30 113 164 174 219 389 431 502 507 549 727 879 890 906  ; 7 1 10 4 12 5 9 7 5 6 7 5 5 9 7 5 5 4 9 2 
500.1 ; 1.664e-11 ; True ; 1 20 30 113 128 174 307 389 396 431 507 549 638 727 879 890 906  ; 6 1 10 4 13 4 9 7 5 6 7 6 4 9 6 7 6 4 9 2 
501.3 ; 1.956e-11 ; True ; 1 20 30 113 128 164 174 389 396 507 549 636 638 727 879 890 906  ; 6 1 11 4 14 4 10 7 5 6 6 7 5 9 6 5 6 5 9 2 
507.2 ; 1.992e-11 ; True ; 1 20 30 113 128 164 389 396 431 507 549 636 638 727 879 890 906  ; 6 1 10 4 14 4 9 7 5 6 6 7 4 9 6 6 7 5 9 2 
507.5 ; 2.145e-11 ; True ; 1 20 30 113 128 164 174 389 431 507 549 636 638 727 879 890 906  ; 6 1 10 4 14 4 9 7 5 6 7 7 5 9 6 5 6 5 9 2 
523.1 ; 2.252e-11 ; True ; 1 20 30 113 128 164 174 389 502 507 549 636 638 727 879 890 906  ; 5 1 11 4 14 4 10 7 6 6 6 8 6 8 7 5 5 5 8 2 
523.1 ; 2.26e-11 ; True ; 1 20 30 113 164 174 389 396 502 507 549 636 638 727 879 890 906  ; 6 1 11 4 14 4 11 7 5 6 5 7 6 9 6 6 6 5 9 2 
526.1 ; 2.324e-11 ; True ; 1 20 30 113 164 174 389 396 431 502 507 549 638 727 879 890 906  ; 7 1 11 4 14 4 10 8 5 6 6 6 5 10 6 7 6 4 10 2 
527.1 ; 2.359e-11 ; True ; 1 20 30 113 164 174 330 389 431 502 507 549 638 727 879 890 906  ; 7 1 11 4 13 4 10 7 6 6 6 7 5 9 6 6 5 5 9 2 
529 ; 2.458e-11 ; True ; 1 20 30 113 128 164 174 389 431 502 507 549 638 727 879 890 906  ; 6 1 11 4 14 4 9 8 6 6 7 7 5 9 7 6 5 4 9 2 
530.2 ; 2.559e-11 ; True ; 1 20 30 113 164 174 389 431 502 507 549 636 638 727 879 890 906  ; 6 1 10 4 14 4 10 7 5 6 6 7 6 9 6 6 6 5 9 2 
538.5 ; 2.619e-11 ; True ; 1 20 25 30 113 164 174 389 431 502 507 549 638 727 879 890 906  ; 6 1 11 5 14 4 10 8 5 7 7 6 5 10 6 6 5 4 10 2 
544.5 ; 2.692e-11 ; True ; 1 20 30 113 164 174 389 431 457 502 507 549 636 727 879 890 906  ; 6 1 10 4 13 5 10 7 6 6 6 6 6 8 7 5 6 5 8 2 
552 ; 2.728e-11 ; True ; 1 20 30 113 164 174 219 389 502 507 549 636 638 727 879 890 906  ; 6 1 10 5 13 5 10 6 5 6 6 7 6 9 7 5 5 5 9 2 
554.2 ; 2.807e-11 ; True ; 1 20 30 113 128 164 219 389 396 502 507 549 636 727 879 890 906  ; 6 1 11 4 13 5 10 7 6 6 6 7 5 8 8 5 6 5 8 2 
555.8 ; 3.026e-11 ; True ; 1 20 30 113 164 219 389 396 431 502 507 549 636 727 879 890 906  ; 7 1 10 4 13 5 10 7 5 6 6 6 5 9 7 6 7 5 9 2 
568.9 ; 3.079e-11 ; True ; 1 20 30 113 157 164 219 389 396 431 502 507 549 727 879 890 906  ; 7 1 10 4 13 6 10 8 6 6 6 6 5 9 7 6 6 4 9 2 
571 ; 3.135e-11 ; True ; 1 30 113 128 164 174 307 389 486 502 507 549 636 638 727 879 890 906  ; 6 1 11 5 14 4 10 7 5 7 6 8 5 9 7 6 5 5 9 2 
571.7 ; 3.366e-11 ; True ; 1 20 30 113 128 164 174 389 396 431 502 507 636 638 727 879 890 906  ; 7 1 12 4 15 4 10 8 5 6 7 7 6 9 6 7 6 4 10 2 
579 ; 3.531e-11 ; True ; 1 20 30 113 128 164 174 389 431 440 502 507 549 636 638 727 879 906  ; 6 1 11 4 15 4 9 8 6 7 7 9 5 10 7 5 5 5 9 2 
582.1 ; 3.679e-11 ; True ; 1 20 30 113 128 174 307 389 431 502 507 549 636 638 727 879 890 906  ; 5 1 10 4 14 4 10 7 6 6 7 8 6 8 7 7 6 5 8 2 
583 ; 3.726e-11 ; True ; 1 20 30 113 164 174 241 389 431 502 507 549 636 638 727 879 890 906  ; 6 1 10 4 15 4 11 7 6 6 6 8 6 9 6 6 6 6 9 2 
584.9 ; 4.152e-11 ; True ; 1 20 30 113 164 174 389 396 431 502 507 549 636 638 727 879 890 906  ; 7 1 11 4 15 4 11 8 5 6 6 7 6 10 6 7 7 5 10 2 
587.8 ; 4.185e-11 ; True ; 1 20 30 113 128 164 389 396 431 502 507 549 636 638 727 879 890 906  ; 6 1 11 4 15 4 10 8 6 6 6 8 5 9 7 7 7 5 9 2 
590.1 ; 4.337e-11 ; True ; 1 20 25 30 113 164 174 389 396 502 507 549 636 638 727 879 890 906  ; 6 1 12 5 15 4 12 8 5 7 6 7 6 10 6 6 6 5 10 2 
592.8 ; 4.41e-11 ; True ; 1 20 30 113 128 164 174 389 431 486 502 507 549 636 727 879 890 906  ; 7 1 12 4 15 4 10 8 6 7 7 7 6 9 7 5 6 5 9 2 
610.6 ; 4.765e-11 ; True ; 1 20 30 113 164 174 219 389 396 502 507 549 636 638 727 879 890 906  ; 7 1 11 5 14 5 11 7 5 6 6 7 6 10 7 6 6 5 10 2 
615.6 ; 4.84e-11 ; True ; 1 20 30 113 164 219 330 389 396 431 502 507 549 636 727 879 890 906  ; 8 1 11 4 13 5 11 7 6 6 6 7 5 9 7 6 7 6 9 2 
616.5 ; 4.845e-11 ; True ; 1 20 30 113 128 164 174 219 389 431 502 507 549 638 727 879 890 906  ; 7 1 11 5 14 5 9 8 6 6 8 7 5 10 8 6 5 4 10 2 
616.6 ; 5.127e-11 ; True ; 1 20 30 113 164 174 219 389 396 431 502 507 549 636 727 879 890 906  ; 8 1 11 4 14 5 11 8 5 6 7 6 6 10 7 6 7 5 10 2 
618.7 ; 5.246e-11 ; True ; 1 20 30 113 164 174 219 389 431 502 507 549 636 638 727 879 890 906  ; 7 1 10 5 14 5 10 7 5 6 7 7 6 10 7 6 6 5 10 2 
619.3 ; 5.258e-11 ; True ; 1 20 30 113 128 164 219 389 396 431 502 507 549 636 727 879 890 906  ; 7 1 11 4 14 5 10 8 6 6 7 7 5 9 8 6 7 5 9 2 
627.8 ; 5.69e-11 ; True ; 1 20 25 30 113 164 219 389 396 431 502 507 549 636 727 879 890 906  ; 7 1 11 5 14 5 11 8 5 7 7 6 5 10 7 6 7 5 10 2 
632.1 ; 6.263e-11 ; True ; 1 20 30 113 128 164 174 389 396 431 507 549 636 638 716 727 879 890 906  ; 7 1 11 5 16 5 11 8 5 6 7 7 5 10 7 6 8 5 10 2 
643.5 ; 6.464e-11 ; True ; 1 20 30 113 164 174 330 389 396 431 502 507 549 636 638 727 879 890 906  ; 8 1 12 4 15 4 12 8 6 6 6 8 6 10 6 7 7 6 10 2 
652.9 ; 6.588e-11 ; True ; 1 20 30 113 128 164 174 307 389 486 502 507 549 636 638 727 879 890 906  ; 6 1 12 5 15 4 11 7 6 7 6 8 6 9 7 6 5 5 9 3 
655.7 ; 7.523e-11 ; True ; 1 20 25 30 113 164 174 389 396 431 502 507 549 636 638 727 879 890 906  ; 7 1 12 5 16 4 12 9 5 7 7 7 6 11 6 7 7 5 11 2 
678.3 ; 8.239e-11 ; True ; 1 20 30 113 164 174 219 389 396 431 502 507 549 636 638 727 879 890 906  ; 8 1 11 5 15 5 11 8 5 6 7 7 6 11 7 7 7 5 11 2 
689.4 ; 8.779e-11 ; True ; 1 20 25 30 113 164 219 389 396 431 502 507 549 636 638 727 879 890 906  ; 7 1 11 6 15 5 11 8 5 7 7 7 5 11 7 7 7 5 11 2 
711.1 ; 1.001e-10 ; True ; 1 20 30 113 128 164 174 307 389 431 457 507 549 636 638 679 727 879 890 906  ; 7 1 11 5 15 5 10 8 6 6 8 7 5 9 7 7 6 5 10 3 
722 ; 1.033e-10 ; True ; 1 20 30 113 128 164 174 219 389 396 431 486 507 549 636 638 727 879 890 906  ; 9 1 12 6 16 5 10 8 5 7 8 7 5 12 7 6 7 5 12 2 
727.6 ; 1.045e-10 ; True ; 1 20 30 113 164 174 389 396 431 457 486 502 507 549 636 694 727 879 890 906  ; 9 1 13 5 16 5 11 9 6 7 6 6 6 10 7 7 8 5 11 2 
742.4 ; 1.108e-10 ; True ; 1 20 30 113 164 174 389 431 502 507 549 636 638 716 727 774 856 879 890 906  ; 7 1 11 6 15 6 11 8 5 7 7 7 6 9 8 7 7 5 10 2 
758.6 ; 1.149e-10 ; True ; 1 20 30 113 164 219 389 396 431 502 507 549 636 638 716 727 856 879 890 906  ; 8 1 11 6 15 6 11 8 5 6 7 7 5 10 8 8 8 5 11 2 
763.8 ; 1.171e-10 ; True ; 20 30 113 164 174 219 307 389 431 440 486 502 507 549 636 638 727 879 890 906  ; 9 1 11 5 15 5 11 8 5 7 7 8 5 11 7 7 6 5 11 3 
767.6 ; 1.278e-10 ; True ; 1 20 30 113 128 164 174 307 389 431 502 507 549 636 638 727 855 879 890 906  ; 7 1 11 4 15 5 12 8 7 6 7 8 6 9 8 7 7 5 9 3 
781.4 ; 1.478e-10 ; True ; 1 20 25 30 113 164 174 219 307 389 396 457 502 507 549 636 727 879 890 906  ; 7 1 12 6 14 6 13 8 6 7 7 6 6 10 8 6 6 5 10 3 
807.2 ; 1.519e-10 ; True ; 1 20 30 113 157 164 174 389 431 440 502 507 549 636 638 727 770 856 879 890 906  ; 8 1 12 5 17 5 11 11 6 8 7 9 7 11 6 7 6 5 12 2 
811.6 ; 1.544e-10 ; True ; 1 20 30 113 128 164 174 307 389 431 502 507 539 549 636 638 727 791 879 890 906  ; 6 1 11 4 17 4 12 9 6 7 7 9 7 10 7 7 7 6 10 3 
813.6 ; 1.714e-10 ; True ; 1 20 25 30 113 164 174 307 389 396 431 502 507 549 554 636 638 727 879 890 906  ; 7 1 12 5 17 4 14 9 6 7 7 8 6 11 7 8 7 5 11 3 
844.6 ; 1.74e-10 ; True ; 20 30 113 164 174 219 261 307 389 396 431 486 502 507 549 636 638 727 879 890 906  ; 9 1 12 5 15 5 13 9 5 6 7 8 6 12 7 8 7 5 12 3 
848.2 ; 1.921e-10 ; True ; 20 30 113 164 174 219 307 330 389 431 457 486 502 507 549 636 638 727 879 890 906  ; 9 1 11 6 14 6 12 7 7 6 7 8 5 10 8 7 6 6 10 3 
854.2 ; 2.123e-10 ; True ; 1 20 25 30 113 164 174 219 307 389 396 457 502 507 549 636 727 856 879 890 906  ; 8 1 13 6 14 6 13 9 6 7 8 6 6 10 8 7 6 5 11 3 
866.3 ; 2.127e-10 ; True ; 1 20 30 113 157 164 219 307 389 396 431 502 507 549 636 638 727 785 879 890 906  ; 7 1 10 5 16 6 12 8 6 6 6 9 6 10 8 8 8 6 10 3 
892.2 ; 2.188e-10 ; True ; 1 20 30 113 157 164 174 307 330 389 431 457 507 539 549 638 727 770 872 879 890 906  ; 8 1 11 6 16 6 12 9 7 7 6 8 6 11 7 6 6 6 11 3 
899.7 ; 2.2e-10 ; True ; 1 30 42 113 128 145 164 219 307 389 396 431 502 507 549 636 638 716 727 879 890 906  ; 7 1 10 6 16 8 11 8 5 6 8 9 5 11 9 8 9 6 11 2 
903.6 ; 2.248e-10 ; True ; 1 20 30 113 157 174 188 219 307 389 396 431 502 507 549 636 638 727 791 879 890 906  ; 7 1 10 5 17 6 14 8 7 7 7 10 7 10 8 8 7 6 10 2 
904 ; 2.478e-10 ; True ; 20 30 113 128 164 174 307 333 389 431 440 457 502 507 549 636 638 716 727 879 890 906  ; 7 1 12 5 17 6 13 10 8 6 7 9 6 9 9 7 7 5 9 3 
910 ; 2.599e-10 ; True ; 1 20 30 113 157 164 174 219 307 389 396 431 507 549 636 638 727 785 856 879 890 906  ; 9 1 11 5 16 6 12 9 5 6 8 8 6 11 7 8 8 6 12 3 
939.1 ; 2.687e-10 ; True ; 1 20 30 113 157 164 219 307 331 389 396 431 502 507 549 636 638 727 785 879 890 906  ; 8 1 11 5 17 6 13 9 6 6 6 9 6 10 8 9 8 6 11 3 
949.6 ; 2.936e-10 ; True ; 1 20 30 113 157 164 219 307 389 396 431 502 507 539 549 636 727 770 856 879 890 906  ; 8 1 11 5 16 6 12 11 6 7 7 7 7 11 7 8 8 5 12 3 
968 ; 3.177e-10 ; True ; 1 20 30 113 164 174 300 307 330 389 396 431 502 507 549 636 638 716 727 856 879 890 906  ; 9 1 13 5 16 5 15 9 6 6 7 8 7 10 8 9 8 6 11 3 
999.7 ; 3.535e-10 ; True ; 20 30 113 128 164 174 307 333 389 431 440 457 502 507 549 636 638 716 727 785 879 890 906  ; 7 1 12 5 18 6 13 10 8 6 7 10 6 9 10 7 8 6 9 3 
1016 ; 3.63e-10 ; True ; 20 30 113 164 174 219 307 330 389 431 457 502 507 549 614 636 638 727 770 810 879 890 906  ; 10 1 11 6 16 6 12 8 7 7 7 8 6 12 8 7 7 6 12 3 
1020 ; 4.226e-10 ; True ; 1 20 30 113 157 164 174 219 307 389 431 440 486 502 507 549 636 727 770 856 879 890 906  ; 10 1 13 6 17 6 12 11 6 9 8 8 7 12 7 7 6 5 13 3 
1079 ; 4.259e-10 ; True ; 1 20 30 113 157 164 174 219 307 389 396 431 502 507 549 636 638 727 848 855 879 890 906  ; 9 1 11 5 16 8 14 9 7 6 7 8 7 11 8 8 8 6 11 3 
1086 ; 4.757e-10 ; True ; 20 30 67 113 164 174 219 307 330 389 396 502 507 549 614 636 638 727 774 845 856 879 890 906  ; 11 1 13 5 15 7 13 9 6 7 8 8 6 10 9 9 7 7 12 3 
1096 ; 5.09e-10 ; True ; 20 30 113 164 174 219 307 330 389 396 431 457 502 507 549 614 636 638 727 770 810 879 890 906  ; 11 1 12 6 17 6 13 9 7 7 7 8 6 13 8 8 8 6 13 3 
1115 ; 5.12e-10 ; True ; 1 20 30 113 157 164 174 219 307 389 431 440 486 502 507 549 636 657 727 770 856 879 890 906  ; 10 1 13 6 18 7 12 11 6 9 8 8 8 12 7 7 6 5 13 3 
1159 ; 5.777e-10 ; True ; 1 20 30 113 157 164 219 307 389 431 457 502 507 539 549 636 716 727 770 856 866 879 890 906  ; 8 1 11 7 17 8 13 10 7 7 7 7 7 10 9 7 8 6 12 3 
1200 ; 6.346e-10 ; True ; 20 30 113 164 174 219 307 320 330 389 396 431 457 502 507 549 614 636 638 727 770 810 879 890 906  ; 11 1 12 6 17 7 13 9 7 7 8 8 6 14 8 8 8 6 14 3 
1220 ; 7.222e-10 ; True ; 20 25 30 113 164 174 307 389 396 431 486 502 507 549 614 636 716 727 770 785 837 868 879 890 906  ; 10 1 13 7 20 6 14 10 6 8 8 8 6 13 8 7 10 6 13 3 
1246 ; 8.417e-10 ; True ; 1 20 30 42 113 164 174 219 307 389 396 431 457 486 502 549 636 638 683 727 785 868 879 890 906  ; 10 1 13 8 17 8 11 8 6 7 7 9 7 12 9 7 10 6 12 3 
1357 ; 9.173e-10 ; True ; 1 20 30 113 157 164 219 307 389 396 431 502 507 539 549 636 662 716 727 770 791 856 868 879 890 906  ; 9 1 12 7 19 8 14 11 6 8 8 8 7 12 8 8 9 6 13 3 
1376 ; 9.292e-10 ; True ; 1 20 30 42 113 164 174 219 254 307 389 396 431 457 486 502 549 636 638 683 727 785 868 879 890 906  ; 10 1 13 8 17 9 11 8 6 7 7 9 7 12 10 7 10 6 12 3 
1397 ; 1.002e-09 ; True ; 1 20 30 113 157 164 219 307 321 389 396 431 502 507 539 549 716 727 770 785 791 856 868 879 890 906  ; 10 1 13 7 19 8 14 12 6 8 8 8 6 12 9 9 9 6 14 3 
1499 ; 1.132e-09 ; True ; 20 25 30 113 164 252 307 389 396 431 486 502 507 539 549 636 638 727 779 785 822 855 866 868 879 890 906  ; 11 1 14 7 19 7 14 10 7 8 8 8 5 12 9 9 10 8 13 3 
1601 ; 1.319e-09 ; True ; 20 25 27 30 113 164 252 307 389 396 431 486 502 507 539 549 636 638 727 779 785 822 855 866 868 879 890 906  ; 11 1 15 7 20 7 14 10 7 8 8 8 5 12 9 9 11 9 13 3 
1722 ; 1.335e-09 ; True ; 20 25 30 113 164 252 307 389 396 431 486 494 502 507 539 549 636 638 676 727 779 785 822 855 866 868 879 890 906  ; 12 1 16 7 20 7 15 11 7 8 9 8 5 12 9 9 10 8 13 3 


RUN 8:
Optimum Distance: 33.53
Optimal Team: 174,307,389,727,906,
Required Skills: 0 1 2 4 5 7 9 10 11 12 13 14 15 16 18 20 22 23 24 26 
Distance; Skill Score; isValid; Team; Skill Counts
33.53 ; 4.218e-21 ; True ; 174 307 389 727 906  ; 2 1 3 1 2 1 3 1 1 2 1 1 1 1 1 1 1 2 1 1 
34.28 ; 3.317e-20 ; True ; 164 389 502 785 879  ; 1 1 3 1 3 1 2 2 1 2 1 2 1 2 3 1 1 1 2 1 
38.53 ; 7.001e-20 ; True ; 1 164 389 507 727  ; 2 1 4 1 4 1 3 1 1 2 1 2 1 3 2 1 1 1 3 1 
39.2 ; 9.517e-20 ; True ; 30 164 389 502 906  ; 2 1 4 1 3 1 3 2 1 3 1 2 1 2 1 2 1 1 2 1 
40.36 ; 1.165e-19 ; True ; 1 30 113 164 389  ; 2 1 5 1 4 1 2 2 1 4 2 1 1 3 1 1 1 1 3 1 
41.03 ; 1.789e-19 ; True ; 164 389 502 727 879  ; 2 1 4 1 3 1 3 2 2 2 1 2 1 2 3 1 1 1 2 1 
44.99 ; 5.716e-19 ; True ; 30 100 164 389 594 890  ; 3 1 4 1 4 1 4 3 1 3 1 1 1 2 2 2 2 1 3 1 
48.02 ; 1.003e-18 ; True ; 164 389 502 507 785 879  ; 1 1 3 1 4 2 3 2 1 2 2 3 1 3 4 2 1 1 3 1 
50.86 ; 2.198e-18 ; True ; 30 164 389 549 594 890  ; 3 1 4 1 4 1 4 3 1 3 1 2 1 3 2 2 3 1 3 1 
54.05 ; 2.221e-18 ; True ; 30 164 389 549 890 906  ; 3 1 4 1 4 1 4 3 1 3 1 2 1 3 1 2 3 2 3 1 
54.75 ; 4.858e-18 ; True ; 164 389 502 507 727 879  ; 2 1 4 1 4 2 4 2 2 2 2 3 1 3 4 2 1 1 3 1 
57.91 ; 6.507e-18 ; True ; 30 164 389 549 879 890  ; 3 1 4 1 4 1 4 3 1 3 2 2 1 4 2 2 3 1 4 1 
61.05 ; 6.629e-18 ; True ; 1 30 113 164 389 549  ; 2 1 5 1 5 1 3 3 2 4 2 2 1 4 2 1 2 2 3 1 
62.54 ; 1.032e-17 ; True ; 30 164 389 502 549 879  ; 2 1 4 1 4 1 4 3 2 3 2 3 1 4 3 2 2 1 3 1 
64.64 ; 1.034e-17 ; True ; 30 164 353 389 549 594 890  ; 4 1 5 1 5 1 4 3 1 3 2 2 1 3 2 3 3 1 4 1 
65.76 ; 1.067e-17 ; True ; 30 113 164 219 389 502  ; 3 1 5 1 4 2 3 3 2 3 3 2 1 3 3 2 1 1 3 1 
67.65 ; 1.443e-17 ; True ; 30 100 164 389 507 594 890  ; 3 1 4 1 5 2 5 3 1 3 2 2 1 3 3 3 2 1 4 1 
69.39 ; 1.818e-17 ; True ; 30 164 389 431 549 594 890  ; 4 1 4 1 5 1 4 4 1 3 2 2 1 4 2 3 4 1 4 1 
71.61 ; 1.956e-17 ; True ; 30 164 174 389 594 727 890  ; 5 1 6 1 5 1 5 3 1 3 2 2 2 3 2 2 3 1 4 1 
71.91 ; 2.154e-17 ; True ; 20 30 389 531 549 890 906  ; 3 1 4 1 5 1 4 3 2 3 2 2 2 3 1 2 4 2 3 1 
73.19 ; 2.408e-17 ; True ; 30 164 174 389 549 594 890  ; 4 1 5 1 5 1 5 4 1 3 2 2 2 4 2 2 3 1 4 1 
73.52 ; 3.012e-17 ; True ; 30 100 164 389 507 879 890  ; 3 1 4 1 5 2 5 3 1 3 3 2 1 4 3 3 2 1 5 1 
73.52 ; 3.712e-17 ; True ; 30 164 389 507 549 594 890  ; 3 1 4 1 5 2 5 3 1 3 2 3 1 4 3 3 3 1 4 1 
76.61 ; 4.351e-17 ; True ; 1 30 164 389 507 549 890  ; 3 1 5 1 6 1 5 3 1 3 2 3 2 5 2 3 3 1 5 1 
76.72 ; 4.994e-17 ; True ; 30 164 389 507 549 890 906  ; 3 1 4 1 5 2 5 3 1 3 2 3 1 4 2 3 3 2 4 1 
77.28 ; 5.022e-17 ; True ; 164 174 389 502 507 727 879  ; 3 1 5 1 5 2 5 3 2 2 3 3 2 4 4 2 1 1 4 1 
77.59 ; 7.28e-17 ; True ; 30 164 389 507 549 879 890  ; 3 1 4 1 5 2 5 3 1 3 3 3 1 5 3 3 3 1 5 1 
80.13 ; 9.252e-17 ; True ; 30 164 389 502 507 727 879  ; 3 1 5 1 5 2 5 2 2 3 3 4 1 4 4 3 2 1 4 1 
80.14 ; 9.728e-17 ; True ; 30 164 389 502 507 549 879  ; 2 1 4 1 5 2 5 3 2 3 3 4 1 5 4 3 2 1 4 1 
83.81 ; 1.01e-16 ; True ; 1 30 113 164 389 507 727  ; 3 1 6 1 6 2 4 2 2 4 3 3 1 4 3 2 2 2 4 1 
84.09 ; 1.09e-16 ; True ; 30 164 389 502 549 879 890  ; 3 1 5 1 5 1 5 4 2 3 2 3 2 4 3 3 3 1 4 1 
85.76 ; 1.102e-16 ; True ; 1 30 113 164 389 507 549  ; 2 1 5 1 6 2 4 3 2 4 3 3 1 5 3 2 2 2 4 1 
87.27 ; 1.45e-16 ; True ; 30 113 164 389 502 879 890  ; 3 1 6 1 5 2 4 4 2 4 3 2 2 3 3 3 2 1 4 1 
87.58 ; 1.637e-16 ; True ; 30 113 164 389 549 879 890  ; 3 1 5 1 5 2 4 4 2 4 3 2 1 4 3 2 3 2 4 1 
90.29 ; 1.676e-16 ; True ; 30 113 164 389 502 727 879  ; 3 1 6 1 5 2 4 3 3 4 3 3 1 3 4 2 2 2 3 1 
91.28 ; 1.733e-16 ; True ; 30 113 164 389 502 549 879  ; 2 1 5 1 5 2 4 4 3 4 3 3 1 4 4 2 2 2 3 1 
92.61 ; 1.98e-16 ; True ; 30 128 164 174 389 727 890 906  ; 5 1 7 1 6 1 5 4 2 3 3 3 2 3 2 2 3 2 4 1 
94.54 ; 2.209e-16 ; True ; 1 30 128 164 389 727 890 906  ; 4 1 7 2 6 1 4 3 2 4 2 3 2 3 2 2 3 2 4 1 
96.1 ; 2.253e-16 ; True ; 30 100 164 389 507 549 594 890  ; 3 1 4 1 6 2 6 4 2 3 2 3 1 4 4 3 3 2 4 1 
96.16 ; 2.346e-16 ; True ; 30 128 164 174 389 549 890 906  ; 4 1 6 1 6 1 5 5 2 3 3 3 2 4 2 2 3 2 4 1 
96.22 ; 2.377e-16 ; True ; 30 128 164 174 389 507 727 906  ; 4 1 6 1 6 2 5 3 2 3 4 4 1 4 3 2 2 2 4 1 
97.13 ; 2.694e-16 ; True ; 30 164 389 396 507 549 879 890  ; 4 1 5 1 6 2 6 4 1 3 3 3 1 6 3 4 4 1 6 1 
99.17 ; 2.733e-16 ; True ; 1 30 113 164 389 636 638 727  ; 3 1 6 2 7 1 4 2 2 4 2 4 2 4 2 2 3 3 4 1 
99.25 ; 2.769e-16 ; True ; 1 30 145 164 389 549 727 890  ; 4 1 6 1 6 1 5 3 2 3 2 3 2 5 2 2 4 3 5 1 
99.37 ; 3.666e-16 ; True ; 1 30 113 164 174 389 638 727  ; 4 1 7 2 7 1 4 3 2 4 3 3 2 5 2 2 2 2 5 1 
100.3 ; 3.748e-16 ; True ; 20 30 389 396 507 549 890 906  ; 3 1 5 1 6 2 6 3 2 3 2 3 2 4 2 4 4 2 4 1 
101.3 ; 3.778e-16 ; True ; 1 30 164 389 507 549 890 906  ; 3 1 5 2 6 2 5 3 1 4 2 3 2 5 2 3 3 2 5 1 
101.5 ; 3.848e-16 ; True ; 30 100 164 389 502 507 879 890  ; 3 1 5 1 6 2 6 4 2 3 3 3 2 4 4 4 2 1 5 1 
102.1 ; 4.42e-16 ; True ; 30 100 164 389 507 549 879 890  ; 3 1 4 1 6 2 6 4 2 3 3 3 1 5 4 3 3 2 5 1 
102.2 ; 4.478e-16 ; True ; 1 30 113 164 389 638 727 890  ; 4 1 7 2 7 1 4 3 2 4 2 3 2 4 2 3 3 2 5 1 
103.3 ; 5.2e-16 ; True ; 1 30 164 389 507 549 727 890  ; 4 1 6 1 7 1 6 3 2 3 2 4 2 5 3 3 4 2 5 1 
103.9 ; 5.389e-16 ; True ; 30 164 174 389 502 507 727 906  ; 4 1 6 1 6 2 6 3 2 3 3 4 2 4 3 3 2 2 4 1 
105.3 ; 5.766e-16 ; True ; 1 30 113 164 389 549 890 906  ; 3 1 6 2 6 2 4 4 2 5 2 2 2 4 2 2 3 3 4 1 
105.6 ; 6.218e-16 ; True ; 30 164 174 389 502 507 727 879  ; 4 1 6 1 6 2 6 3 2 3 4 4 2 5 4 3 2 1 5 1 
105.6 ; 8.276e-16 ; True ; 30 164 389 502 507 549 879 890  ; 3 1 5 1 6 2 6 4 2 3 3 4 2 5 4 4 3 1 5 1 
109.3 ; 9.372e-16 ; True ; 1 30 113 164 389 507 727 890  ; 4 1 7 1 7 2 5 3 2 4 3 3 2 4 3 3 3 2 5 1 
110.2 ; 1.045e-15 ; True ; 1 30 113 164 389 507 549 890  ; 3 1 6 1 7 2 5 4 2 4 3 3 2 5 3 3 3 2 5 1 
112.2 ; 1.083e-15 ; True ; 30 113 164 389 507 549 879 890  ; 3 1 5 1 6 3 5 4 2 4 4 3 1 5 4 3 3 2 5 1 
115.1 ; 1.12e-15 ; True ; 1 30 113 164 389 549 879 890  ; 3 1 6 2 6 2 4 4 2 5 3 2 2 5 3 2 3 2 5 1 
115.4 ; 1.157e-15 ; True ; 30 164 219 389 502 549 879 890  ; 4 1 5 2 5 2 5 4 2 3 3 3 2 5 4 3 3 1 5 1 
118.7 ; 1.205e-15 ; True ; 1 20 30 128 389 396 549 890 906  ; 3 1 7 2 7 1 5 4 3 4 2 3 3 4 2 3 4 2 4 1 
118.7 ; 1.647e-15 ; True ; 30 113 164 389 502 549 879 890  ; 3 1 6 1 6 2 5 5 3 4 3 3 2 4 4 3 3 2 4 1 
121.2 ; 1.688e-15 ; True ; 1 30 128 164 174 389 507 727 906  ; 4 1 7 2 7 2 5 3 2 4 4 4 2 5 3 2 2 2 5 1 
123.1 ; 1.791e-15 ; True ; 30 128 164 174 389 507 727 890 906  ; 5 1 7 1 7 2 6 4 2 3 4 4 2 4 3 3 3 2 5 1 
124 ; 1.908e-15 ; True ; 1 20 30 389 431 549 727 890 906  ; 4 1 6 2 7 1 5 3 3 4 2 3 3 4 2 3 5 3 4 1 
124.9 ; 2.045e-15 ; True ; 1 20 30 389 396 507 549 890 906  ; 3 1 6 2 7 2 6 3 2 4 2 3 3 5 2 4 4 2 5 1 
125 ; 2.145e-15 ; True ; 1 20 30 113 145 389 638 727 890  ; 3 1 7 2 7 2 4 2 3 4 3 3 3 4 2 3 3 3 5 1 
125.9 ; 2.193e-15 ; True ; 1 30 113 145 164 389 638 727 890  ; 4 1 7 2 7 2 4 3 2 4 3 3 2 5 2 3 3 3 6 1 
126.1 ; 2.318e-15 ; True ; 1 30 128 164 389 507 727 890 906  ; 4 1 7 2 7 2 5 3 2 4 3 4 2 4 3 3 3 2 5 1 
128.1 ; 2.338e-15 ; True ; 1 20 30 113 389 531 549 890 906  ; 3 1 6 2 7 2 4 4 3 5 3 2 3 4 2 2 4 3 4 1 
128.8 ; 2.585e-15 ; True ; 1 30 128 164 389 507 549 890 906  ; 3 1 6 2 7 2 5 4 2 4 3 4 2 5 3 3 3 2 5 1 
128.8 ; 2.617e-15 ; True ; 30 113 164 174 389 638 727 890 906  ; 5 1 7 2 7 2 5 4 2 4 3 3 2 4 2 3 3 3 5 1 
128.8 ; 2.651e-15 ; True ; 1 20 30 113 389 396 549 890 906  ; 3 1 7 2 7 2 5 4 3 5 2 2 3 4 2 3 4 3 4 1 
129.8 ; 2.762e-15 ; True ; 20 30 113 174 389 638 727 890 906  ; 4 1 7 2 7 2 5 3 3 4 3 3 3 3 2 3 3 3 4 1 
129.9 ; 3.003e-15 ; True ; 1 30 164 174 389 507 549 727 906  ; 4 1 6 2 7 2 6 3 2 4 3 4 2 6 3 2 3 3 5 1 
130 ; 3.39e-15 ; True ; 1 30 164 389 507 549 727 890 906  ; 4 1 6 2 7 2 6 3 2 4 2 4 2 5 3 3 4 3 5 1 
133.9 ; 3.909e-15 ; True ; 1 30 113 164 389 549 727 890 906  ; 4 1 7 2 7 2 5 4 3 5 2 3 2 4 3 2 4 4 4 1 
135.3 ; 4.062e-15 ; True ; 30 164 174 389 502 507 727 879 906  ; 4 1 6 2 6 3 6 3 2 4 4 4 2 5 4 3 2 2 5 1 
136 ; 4.311e-15 ; True ; 1 30 113 164 389 507 727 890 906  ; 4 1 7 2 7 3 5 3 2 5 3 3 2 4 3 3 3 3 5 1 
137.2 ; 5.406e-15 ; True ; 30 164 389 502 507 549 879 890 906  ; 3 1 5 2 6 3 6 4 2 4 3 4 2 5 4 4 3 2 5 1 
137.7 ; 5.426e-15 ; True ; 1 30 164 389 507 549 727 879 890  ; 4 1 6 2 7 2 6 3 2 4 3 4 2 6 4 3 4 2 6 1 
140.9 ; 6.108e-15 ; True ; 1 30 113 164 389 507 549 727 890  ; 4 1 7 1 8 2 6 4 3 4 3 4 2 5 4 3 4 3 5 1 
143.8 ; 6.377e-15 ; True ; 1 30 113 164 389 507 727 879 890  ; 4 1 7 2 7 3 5 3 2 5 4 3 2 5 4 3 3 2 6 1 
144.7 ; 6.843e-15 ; True ; 1 30 113 164 389 507 549 879 890  ; 3 1 6 2 7 3 5 4 2 5 4 3 2 6 4 3 3 2 6 1 
145.2 ; 7.477e-15 ; True ; 30 113 164 389 502 507 727 879 890  ; 4 1 7 1 7 3 6 4 3 4 4 4 2 4 5 4 3 2 5 1 
145.2 ; 7.833e-15 ; True ; 30 113 164 389 502 507 549 879 890  ; 3 1 6 1 7 3 6 5 3 4 4 4 2 5 5 4 3 2 5 1 
151 ; 9.022e-15 ; True ; 1 30 128 164 174 389 507 727 890 906  ; 5 1 8 2 8 2 6 4 2 4 4 4 3 5 3 3 3 2 6 1 
152.6 ; 9.135e-15 ; True ; 1 20 30 113 145 174 389 638 727 890  ; 4 1 8 2 8 2 5 3 3 4 4 3 4 5 2 3 3 3 6 1 
152.6 ; 9.358e-15 ; True ; 1 20 30 128 174 389 507 727 890 906  ; 4 1 8 2 8 2 6 3 3 4 4 4 4 4 3 3 3 2 5 1 
153.6 ; 9.621e-15 ; True ; 1 20 30 113 174 389 638 727 890 906  ; 4 1 8 3 8 2 5 3 3 5 3 3 4 4 2 3 3 3 5 1 
154.8 ; 9.846e-15 ; True ; 1 20 30 113 128 174 389 727 890 906  ; 4 1 9 2 8 2 5 4 4 5 4 3 4 3 3 2 3 3 4 1 
155 ; 9.864e-15 ; True ; 30 113 164 219 389 502 727 879 890  ; 5 1 7 2 6 3 5 4 3 4 4 3 2 4 5 3 3 2 5 1 
155 ; 1.098e-14 ; True ; 30 113 164 219 389 502 549 879 890  ; 4 1 6 2 6 3 5 5 3 4 4 3 2 5 5 3 3 2 5 1 
156.1 ; 1.109e-14 ; True ; 1 30 113 128 164 174 389 727 890 906  ; 5 1 9 2 8 2 5 5 3 5 4 3 3 4 3 2 3 3 5 1 
157.4 ; 1.195e-14 ; True ; 1 20 30 113 174 389 549 638 727 906  ; 3 1 7 3 8 2 5 3 4 5 3 4 3 5 3 2 3 4 4 1 
157.5 ; 1.235e-14 ; True ; 1 20 30 389 396 507 549 727 890 906  ; 4 1 7 2 8 2 7 3 3 4 2 4 3 5 3 4 5 3 5 1 
158.7 ; 1.258e-14 ; True ; 1 30 113 174 307 389 549 727 890 906  ; 4 1 7 2 7 2 6 4 3 5 3 3 3 4 3 3 4 4 4 1 
158.7 ; 1.288e-14 ; True ; 1 20 30 389 507 531 549 727 890 906  ; 4 1 6 2 8 2 6 3 3 4 3 4 3 5 3 3 5 3 5 1 
159.3 ; 1.424e-14 ; True ; 1 30 164 174 389 507 549 727 890 906  ; 5 1 7 2 8 2 7 4 2 4 3 4 3 6 3 3 4 3 6 1 
159.4 ; 1.44e-14 ; True ; 1 20 30 113 145 389 549 638 727 890  ; 3 1 7 2 8 2 5 3 4 4 3 4 3 5 3 3 4 4 5 1 
160.5 ; 1.535e-14 ; True ; 1 20 30 174 389 507 549 727 890 906  ; 4 1 7 2 8 2 7 3 3 4 3 4 4 5 3 3 4 3 5 1 
162.5 ; 1.622e-14 ; True ; 1 20 30 389 431 507 549 727 890 906  ; 4 1 6 2 8 2 6 3 3 4 3 4 3 5 3 4 5 3 5 1 
164.3 ; 1.67e-14 ; True ; 1 30 113 164 174 389 549 727 890 906  ; 5 1 8 2 8 2 6 5 3 5 3 3 3 5 3 2 4 4 5 1 
165 ; 1.714e-14 ; True ; 1 20 25 30 389 507 549 727 890 906  ; 3 1 7 3 8 2 7 3 3 5 3 4 3 5 3 3 4 3 5 1 
165.4 ; 1.869e-14 ; True ; 1 20 30 113 389 431 549 727 890 906  ; 4 1 7 2 8 2 5 4 4 5 3 3 3 4 3 3 5 4 4 1 
167.3 ; 1.905e-14 ; True ; 1 20 30 113 389 396 507 549 890 906  ; 3 1 7 2 8 3 6 4 3 5 3 3 3 5 3 4 4 3 5 1 
168.3 ; 1.918e-14 ; True ; 1 30 113 164 174 389 507 549 638 727  ; 4 1 7 2 9 2 6 4 3 4 4 5 2 7 4 3 3 3 6 1 
168.6 ; 1.929e-14 ; True ; 30 164 174 389 502 507 727 879 890 906  ; 5 1 7 2 7 3 7 4 2 4 4 4 3 5 4 4 3 2 6 1 
169.1 ; 2.017e-14 ; True ; 30 164 174 389 507 549 727 879 890 906  ; 5 1 6 2 7 3 7 4 2 4 4 4 2 6 4 3 4 3 6 1 
169.3 ; 2.224e-14 ; True ; 1 30 113 164 389 507 549 638 727 890  ; 4 1 7 2 9 2 6 4 3 4 3 5 2 6 4 4 4 3 6 1 
170.5 ; 2.5e-14 ; True ; 1 30 113 164 389 507 549 727 890 906  ; 4 1 7 2 8 3 6 4 3 5 3 4 2 5 4 3 4 4 5 1 
174.6 ; 2.8e-14 ; True ; 30 164 389 502 507 549 727 879 890 906  ; 4 1 6 2 7 3 7 4 3 4 3 5 2 5 5 4 4 3 5 1 
176 ; 2.961e-14 ; True ; 1 25 30 113 164 389 507 549 727 890  ; 4 1 8 2 9 2 7 5 3 5 4 4 2 6 4 3 4 3 6 1 
178 ; 3.2e-14 ; True ; 1 20 25 30 113 389 507 549 727 890  ; 3 1 8 2 9 2 7 4 4 5 4 4 3 5 4 3 4 3 5 1 
179.7 ; 3.213e-14 ; True ; 30 113 164 389 502 507 549 879 890 906  ; 3 1 6 2 7 4 6 5 3 5 4 4 2 5 5 4 3 3 5 1 
180.3 ; 3.754e-14 ; True ; 1 30 113 164 389 507 549 727 879 890  ; 4 1 7 2 8 3 6 4 3 5 4 4 2 6 5 3 4 3 6 1 
183.5 ; 3.887e-14 ; True ; 30 113 164 219 389 502 507 549 879 890  ; 4 1 6 2 7 4 6 5 3 4 5 4 2 6 6 4 3 2 6 1 
186 ; 3.953e-14 ; True ; 1 30 113 174 307 389 549 638 727 890 906  ; 4 1 7 3 8 2 6 4 3 5 3 4 3 5 3 4 4 4 5 1 
188.8 ; 4.149e-14 ; True ; 1 20 30 113 145 389 549 638 727 890 906  ; 3 1 7 3 8 3 5 3 4 5 3 4 3 5 3 3 4 5 5 1 
189.7 ; 4.257e-14 ; True ; 1 20 30 113 174 389 549 577 638 727 906  ; 4 1 8 3 9 2 6 4 4 5 3 4 3 5 3 3 4 4 5 1 
189.8 ; 4.391e-14 ; True ; 1 20 30 389 396 431 507 549 727 890 906  ; 5 1 7 2 9 2 7 4 3 4 3 4 3 6 3 5 6 3 6 1 
189.8 ; 4.478e-14 ; True ; 1 20 30 174 389 396 507 549 727 890 906  ; 5 1 8 2 9 2 8 4 3 4 3 4 4 6 3 4 5 3 6 1 
190.2 ; 4.891e-14 ; True ; 1 30 128 164 174 389 507 549 727 890 906  ; 5 1 8 2 9 2 7 5 3 4 4 5 3 6 4 3 4 3 6 1 
191.8 ; 4.991e-14 ; True ; 1 20 30 128 174 389 507 549 727 890 906  ; 4 1 8 2 9 2 7 4 4 4 4 5 4 5 4 3 4 3 5 1 
191.8 ; 5.09e-14 ; True ; 1 20 30 113 145 174 389 549 638 727 890  ; 4 1 8 2 9 2 6 4 4 4 4 4 4 6 3 3 4 4 6 1 
191.9 ; 5.572e-14 ; True ; 1 20 30 113 174 389 549 638 727 890 906  ; 4 1 8 3 9 2 6 4 4 5 3 4 4 5 3 3 4 4 5 1 
195.7 ; 5.873e-14 ; True ; 1 20 30 113 389 431 549 638 727 890 906  ; 4 1 7 3 9 2 5 4 4 5 3 4 3 5 3 4 5 4 5 1 
198.1 ; 5.981e-14 ; True ; 1 20 25 30 113 389 396 549 727 890 906  ; 4 1 9 3 9 2 7 5 4 6 3 3 3 5 3 3 5 4 5 1 
198.8 ; 6.308e-14 ; True ; 1 20 30 113 174 389 431 549 727 890 906  ; 5 1 8 2 9 2 6 5 4 5 4 3 4 5 3 3 5 4 5 1 
200.2 ; 6.385e-14 ; True ; 1 20 25 30 389 431 507 549 727 890 906  ; 4 1 7 3 9 2 7 4 3 5 4 4 3 6 3 4 5 3 6 1 
201 ; 6.687e-14 ; True ; 20 25 30 113 174 389 549 638 727 890 906  ; 4 1 8 3 9 2 7 5 4 5 4 4 3 5 3 3 4 4 5 1 
201.8 ; 6.828e-14 ; True ; 1 30 113 164 389 507 549 638 727 890 906  ; 4 1 7 3 9 3 6 4 3 5 3 5 2 6 4 4 4 4 6 1 
202.2 ; 7.187e-14 ; True ; 1 20 25 30 113 389 431 549 727 890 906  ; 4 1 8 3 9 2 6 5 4 6 4 3 3 5 3 3 5 4 5 1 
202.7 ; 7.283e-14 ; True ; 1 30 113 164 174 389 507 549 638 727 890  ; 5 1 8 2 10 2 7 5 3 4 4 5 3 7 4 4 4 3 7 1 
203.9 ; 7.964e-14 ; True ; 1 20 30 113 389 396 507 549 727 890 906  ; 4 1 8 2 9 3 7 4 4 5 3 4 3 5 4 4 5 4 5 1 
204.8 ; 8.623e-14 ; True ; 1 30 113 164 174 389 507 549 727 890 906  ; 5 1 8 2 9 3 7 5 3 5 4 4 3 6 4 3 4 4 6 1 
206 ; 8.799e-14 ; True ; 1 20 30 113 174 389 507 549 727 890 906  ; 4 1 8 2 9 3 7 4 4 5 4 4 4 5 4 3 4 4 5 1 
208.9 ; 9.455e-14 ; True ; 1 20 30 113 389 431 507 549 727 890 906  ; 4 1 7 2 9 3 6 4 4 5 4 4 3 5 4 4 5 4 5 1 
210.8 ; 9.701e-14 ; True ; 30 164 174 389 502 507 549 727 879 890 906  ; 5 1 7 2 8 3 8 5 3 4 4 5 3 6 5 4 4 3 6 1 
212.1 ; 9.708e-14 ; True ; 1 30 164 389 502 507 549 727 879 890 906  ; 4 1 7 3 8 3 7 4 3 5 3 5 3 6 5 4 4 3 6 1 
212.5 ; 9.894e-14 ; True ; 1 30 113 164 389 396 507 549 727 879 890  ; 5 1 8 2 9 3 7 5 3 5 4 4 2 7 5 4 5 3 7 1 
214.2 ; 1.05e-13 ; True ; 1 20 25 30 113 389 431 507 549 727 890  ; 4 1 8 2 10 2 7 5 4 5 5 4 3 6 4 4 5 3 6 1 
215.3 ; 1.065e-13 ; True ; 1 30 113 164 389 502 507 549 727 890 906  ; 4 1 8 2 9 3 7 5 4 5 3 5 3 5 5 4 4 4 5 1 
216.5 ; 1.153e-13 ; True ; 1 30 113 164 174 389 507 549 727 879 890  ; 5 1 8 2 9 3 7 5 3 5 5 4 3 7 5 3 4 3 7 1 
218.6 ; 1.196e-13 ; True ; 1 20 30 113 389 396 507 549 727 879 890  ; 4 1 8 2 9 3 7 4 4 5 4 4 3 6 5 4 5 3 6 1 
219.7 ; 1.208e-13 ; True ; 1 30 113 128 174 307 389 549 638 727 890 906  ; 4 1 8 3 9 2 6 5 4 5 4 5 3 5 4 4 4 4 5 1 
221.1 ; 1.234e-13 ; True ; 30 113 164 389 502 507 549 727 879 890 906  ; 4 1 7 2 8 4 7 5 4 5 4 5 2 5 6 4 4 4 5 1 
222.2 ; 1.267e-13 ; True ; 1 20 30 113 128 174 389 431 638 727 890 906  ; 5 1 9 3 10 2 5 5 4 5 5 4 4 5 3 4 4 3 6 1 
223.7 ; 1.331e-13 ; True ; 1 20 30 113 389 431 507 549 727 879 890  ; 4 1 7 2 9 3 6 4 4 5 5 4 3 6 5 4 5 3 6 1 
224 ; 1.537e-13 ; True ; 1 30 113 164 389 502 507 549 727 879 890  ; 4 1 8 2 9 3 7 5 4 5 4 5 3 6 6 4 4 3 6 1 
226.5 ; 1.577e-13 ; True ; 1 20 30 113 128 174 389 549 638 727 890 906  ; 4 1 9 3 10 2 6 5 5 5 4 5 4 5 4 3 4 4 5 1 
228 ; 1.585e-13 ; True ; 1 30 113 128 164 174 389 549 638 727 890 906  ; 5 1 9 3 10 2 6 6 4 5 4 5 3 6 4 3 4 4 6 1 
230.5 ; 1.71e-13 ; True ; 1 20 25 30 113 174 389 549 638 727 890 906  ; 4 1 9 4 10 2 7 5 4 6 4 4 4 6 3 3 4 4 6 1 
231.1 ; 1.836e-13 ; True ; 1 20 30 113 174 389 431 549 638 727 890 906  ; 5 1 8 3 10 2 6 5 4 5 4 4 4 6 3 4 5 4 6 1 
234.4 ; 1.859e-13 ; True ; 1 20 25 30 113 389 431 549 638 727 890 906  ; 4 1 8 4 10 2 6 5 4 6 4 4 3 6 3 4 5 4 6 1 
236.5 ; 1.867e-13 ; True ; 1 20 30 113 157 389 431 549 638 727 890 906  ; 4 1 7 3 10 3 6 5 5 5 3 5 4 5 3 4 5 4 5 1 
238 ; 2e-13 ; True ; 1 20 30 113 174 389 396 507 549 638 727 906  ; 4 1 8 3 10 3 7 4 4 5 4 5 3 7 4 4 4 4 6 1 
238 ; 2.041e-13 ; True ; 1 20 30 113 389 396 507 549 638 727 890 906  ; 4 1 8 3 10 3 7 4 4 5 3 5 3 6 4 5 5 4 6 1 
238.1 ; 2.236e-13 ; True ; 1 30 113 164 174 389 507 549 638 727 890 906  ; 5 1 8 3 10 3 7 5 3 5 4 5 3 7 4 4 4 4 7 1 
239.2 ; 2.403e-13 ; True ; 1 20 30 113 174 389 507 549 638 727 890 906  ; 4 1 8 3 10 3 7 4 4 5 4 5 4 6 4 4 4 4 6 1 
243.1 ; 2.424e-13 ; True ; 1 20 30 113 389 431 507 549 638 727 890 906  ; 4 1 7 3 10 3 6 4 4 5 4 5 3 6 4 5 5 4 6 1 
245.5 ; 2.473e-13 ; True ; 1 20 25 30 113 174 389 507 549 638 727 890  ; 4 1 9 3 11 2 8 5 4 5 5 5 4 7 4 4 4 3 7 1 
245.5 ; 2.714e-13 ; True ; 1 20 25 30 113 389 396 507 549 727 890 906  ; 4 1 9 3 10 3 8 5 4 6 4 4 3 6 4 4 5 4 6 1 
246.2 ; 2.718e-13 ; True ; 1 20 30 113 174 389 431 507 549 727 890 906  ; 5 1 8 2 10 3 7 5 4 5 5 4 4 6 4 4 5 4 6 1 
247.6 ; 2.813e-13 ; True ; 1 20 25 30 113 174 389 507 549 727 890 906  ; 4 1 9 3 10 3 8 5 4 6 5 4 4 6 4 3 4 4 6 1 
250.6 ; 3.097e-13 ; True ; 1 20 25 30 113 389 431 507 549 727 890 906  ; 4 1 8 3 10 3 7 5 4 6 5 4 3 6 4 4 5 4 6 1 
255.2 ; 3.145e-13 ; True ; 1 20 30 113 389 396 507 549 727 879 890 906  ; 4 1 8 3 9 4 7 4 4 6 4 4 3 6 5 4 5 4 6 1 
256.9 ; 3.408e-13 ; True ; 1 20 30 113 164 389 431 507 549 727 890 906  ; 5 1 8 2 10 3 7 5 4 5 4 4 3 6 4 4 5 4 6 2 
258.5 ; 3.526e-13 ; True ; 1 20 25 30 113 164 389 507 549 727 890 906  ; 4 1 9 3 10 3 8 5 4 6 4 4 3 6 4 3 4 4 6 2 
261 ; 3.568e-13 ; True ; 1 30 113 164 389 396 502 507 549 727 879 890  ; 5 1 9 2 10 3 8 6 4 5 4 5 3 7 6 5 5 3 7 1 
262.2 ; 3.793e-13 ; True ; 30 113 164 174 389 502 507 549 727 879 890 906  ; 5 1 8 2 9 4 8 6 4 5 5 5 3 6 6 4 4 4 6 1 
262.5 ; 4.041e-13 ; True ; 1 30 113 164 389 502 507 549 727 879 890 906  ; 4 1 8 3 9 4 7 5 4 6 4 5 3 6 6 4 4 4 6 1 
264.9 ; 4.122e-13 ; True ; 1 20 30 113 128 174 389 396 549 638 727 890 906  ; 5 1 10 3 11 2 7 6 5 5 4 5 4 6 4 4 5 4 6 1 
267.4 ; 4.303e-13 ; True ; 1 20 30 113 145 174 389 431 549 638 727 890 906  ; 5 1 8 3 10 3 6 5 4 5 5 4 4 7 3 4 5 5 7 1 
269.1 ; 4.686e-13 ; True ; 1 20 30 113 128 174 389 431 549 638 727 890 906  ; 5 1 9 3 11 2 6 6 5 5 5 5 4 6 4 4 5 4 6 1 
273.3 ; 4.783e-13 ; True ; 1 20 30 113 174 330 389 507 549 638 727 890 906  ; 5 1 9 3 10 3 8 4 5 5 4 6 4 6 4 4 4 5 6 1 
273.6 ; 4.824e-13 ; True ; 1 20 25 30 113 174 389 431 549 638 727 890 906  ; 5 1 9 4 11 2 7 6 4 6 5 4 4 7 3 4 5 4 7 1 
274.1 ; 4.978e-13 ; True ; 1 30 113 164 219 389 502 507 549 727 879 890  ; 5 1 8 3 9 4 7 5 4 5 5 5 3 7 7 4 4 3 7 1 
275.5 ; 5.022e-13 ; True ; 1 20 30 113 145 174 389 507 549 638 727 890 906  ; 4 1 8 3 10 4 7 4 4 5 5 5 4 7 4 4 4 5 7 1 
275.8 ; 5.162e-13 ; True ; 1 20 30 113 157 174 389 431 549 638 727 890 906  ; 5 1 8 3 11 3 7 6 5 5 4 5 5 6 3 4 5 4 6 1 
276.3 ; 5.492e-13 ; True ; 1 30 113 128 164 174 389 507 549 638 727 890 906  ; 5 1 9 3 11 3 7 6 4 5 5 6 3 7 5 4 4 4 7 1 
277.3 ; 5.8e-13 ; True ; 1 20 30 113 174 389 396 507 549 638 727 890 906  ; 5 1 9 3 11 3 8 5 4 5 4 5 4 7 4 5 5 4 7 1 
281.7 ; 5.874e-13 ; True ; 1 20 25 30 113 389 396 507 549 638 727 890 906  ; 4 1 9 4 11 3 8 5 4 6 4 5 3 7 4 5 5 4 7 1 
282.4 ; 6.617e-13 ; True ; 1 20 30 113 174 389 431 507 549 638 727 890 906  ; 5 1 8 3 11 3 7 5 4 5 5 5 4 7 4 5 5 4 7 1 
286.8 ; 6.702e-13 ; True ; 1 20 25 30 113 389 431 507 549 638 727 890 906  ; 4 1 8 4 11 3 7 5 4 6 5 5 3 7 4 5 5 4 7 1 
289.9 ; 6.819e-13 ; True ; 1 20 30 113 164 389 396 507 549 638 727 890 906  ; 5 1 9 3 11 3 8 5 4 5 3 5 3 7 4 5 5 4 7 2 
290.1 ; 7.019e-13 ; True ; 1 20 30 113 164 389 507 531 549 638 727 890 906  ; 5 1 8 3 11 3 7 5 4 5 4 5 3 7 4 4 5 4 7 2 
291.2 ; 8.026e-13 ; True ; 1 20 30 113 164 174 389 507 549 638 727 890 906  ; 5 1 9 3 11 3 8 5 4 5 4 5 4 7 4 4 4 4 7 2 
295.1 ; 8.296e-13 ; True ; 1 20 30 113 164 389 431 507 549 638 727 890 906  ; 5 1 8 3 11 3 7 5 4 5 4 5 3 7 4 5 5 4 7 2 
297.4 ; 8.379e-13 ; True ; 1 20 30 113 174 389 396 507 549 727 879 890 906  ; 5 1 9 3 10 4 8 5 4 6 5 4 4 7 5 4 5 4 7 1 
298.1 ; 8.417e-13 ; True ; 1 20 30 113 164 174 389 431 507 549 727 890 906  ; 6 1 9 2 11 3 8 6 4 5 5 4 4 7 4 4 5 4 7 2 
298.4 ; 8.574e-13 ; True ; 1 20 25 30 113 164 389 396 507 549 727 890 906  ; 5 1 10 3 11 3 9 6 4 6 4 4 3 7 4 4 5 4 7 2 
300.5 ; 8.884e-13 ; True ; 1 20 25 30 113 164 174 389 507 549 727 890 906  ; 5 1 10 3 11 3 9 6 4 6 5 4 4 7 4 3 4 4 7 2 
303.4 ; 9.18e-13 ; True ; 1 20 30 113 174 389 431 507 549 727 879 890 906  ; 5 1 8 3 10 4 7 5 4 6 6 4 4 7 5 4 5 4 7 1 
303.5 ; 9.95e-13 ; True ; 1 20 25 30 113 164 389 431 507 549 727 890 906  ; 5 1 9 3 11 3 8 6 4 6 5 4 3 7 4 4 5 4 7 2 
305.6 ; 1.036e-12 ; True ; 1 30 113 164 174 389 502 507 549 727 879 890 906  ; 5 1 9 3 10 4 8 6 4 6 5 5 4 7 6 4 4 4 7 1 
307.1 ; 1.05e-12 ; True ; 1 20 30 113 164 389 396 507 549 727 879 890 906  ; 5 1 9 3 10 4 8 5 4 6 4 4 3 7 5 4 5 4 7 2 
310.1 ; 1.088e-12 ; True ; 1 20 30 113 164 174 389 507 549 727 879 890 906  ; 5 1 9 3 10 4 8 5 4 6 5 4 4 7 5 3 4 4 7 2 
313.1 ; 1.199e-12 ; True ; 1 20 30 113 164 389 431 507 549 727 879 890 906  ; 5 1 8 3 10 4 7 5 4 6 5 4 3 7 5 4 5 4 7 2 
318.1 ; 1.204e-12 ; True ; 1 20 30 113 128 174 389 486 507 549 638 727 890 906  ; 5 1 10 4 12 3 7 5 5 6 5 6 4 7 5 4 4 4 7 1 
319.2 ; 1.324e-12 ; True ; 1 20 30 113 128 174 389 396 507 549 638 727 890 906  ; 5 1 10 3 12 3 8 6 5 5 5 6 4 7 5 5 5 4 7 1 
321.5 ; 1.361e-12 ; True ; 1 20 30 113 164 389 502 507 549 727 879 890 906  ; 4 1 9 3 10 4 8 5 5 6 4 5 4 6 6 4 4 4 6 2 
324.4 ; 1.464e-12 ; True ; 1 20 30 113 128 174 389 431 507 549 638 727 890 906  ; 5 1 9 3 12 3 7 6 5 5 6 6 4 7 5 5 5 4 7 1 
329.9 ; 1.59e-12 ; True ; 1 20 25 30 113 174 389 431 507 549 638 727 890 906  ; 5 1 9 4 12 3 8 6 4 6 6 5 4 8 4 5 5 4 8 1 
331.4 ; 1.617e-12 ; True ; 1 20 30 113 145 164 174 389 507 549 638 727 890 906  ; 5 1 9 3 11 4 8 5 4 5 5 5 4 8 4 4 4 5 8 2 
332.4 ; 1.658e-12 ; True ; 1 20 30 113 164 174 389 507 549 636 638 727 890 906  ; 5 1 9 3 12 3 9 5 4 5 4 6 5 7 4 4 5 5 7 2 
333.1 ; 1.702e-12 ; True ; 1 20 30 113 164 174 389 396 507 549 638 727 890 906  ; 6 1 10 3 12 3 9 6 4 5 4 5 4 8 4 5 5 4 8 2 
333.7 ; 1.832e-12 ; True ; 1 20 30 113 128 164 174 389 507 549 638 727 890 906  ; 5 1 10 3 12 3 8 6 5 5 5 6 4 7 5 4 4 4 7 2 
338.3 ; 1.975e-12 ; True ; 1 20 30 113 164 174 389 431 507 549 638 727 890 906  ; 6 1 9 3 12 3 8 6 4 5 5 5 4 8 4 5 5 4 8 2 
343.6 ; 2.076e-12 ; True ; 1 20 25 30 113 164 389 431 507 549 638 727 890 906  ; 5 1 9 4 12 3 8 6 4 6 5 5 3 8 4 5 5 4 8 2 
346.5 ; 2.191e-12 ; True ; 1 20 25 30 113 164 389 431 507 549 636 727 890 906  ; 5 1 9 3 12 3 9 6 4 6 5 5 4 7 4 4 6 5 7 2 
350.1 ; 2.192e-12 ; True ; 1 20 30 113 164 389 396 507 549 638 727 879 890 906  ; 5 1 9 4 11 4 8 5 4 6 4 5 3 8 5 5 5 4 8 2 
352.3 ; 2.419e-12 ; True ; 1 20 30 113 164 174 389 507 549 638 727 879 890 906  ; 5 1 9 4 11 4 8 5 4 6 5 5 4 8 5 4 4 4 8 2 
353.1 ; 2.459e-12 ; True ; 1 20 30 113 164 174 389 396 507 549 727 879 890 906  ; 6 1 10 3 11 4 9 6 4 6 5 4 4 8 5 4 5 4 8 2 
354.1 ; 2.482e-12 ; True ; 1 20 30 113 164 389 396 431 507 549 727 879 890 906  ; 6 1 9 3 11 4 8 6 4 6 5 4 3 8 5 5 6 4 8 2 
356.2 ; 2.5e-12 ; True ; 1 20 30 113 164 389 431 507 549 638 727 879 890 906  ; 5 1 8 4 11 4 7 5 4 6 5 5 3 8 5 5 5 4 8 2 
359.2 ; 2.74e-12 ; True ; 1 20 30 113 164 174 389 431 507 549 727 879 890 906  ; 6 1 9 3 11 4 8 6 4 6 6 4 4 8 5 4 5 4 8 2 
365.4 ; 2.89e-12 ; True ; 1 20 25 30 113 164 389 431 507 549 636 727 879 890  ; 5 1 9 3 12 3 9 6 4 6 6 5 4 8 5 4 6 4 8 2 
366.4 ; 3.105e-12 ; True ; 1 20 30 113 164 389 396 502 507 549 727 879 890 906  ; 5 1 10 3 11 4 9 6 5 6 4 5 4 7 6 5 5 4 7 2 
368.6 ; 3.214e-12 ; True ; 1 20 30 113 164 174 389 502 507 549 727 879 890 906  ; 5 1 10 3 11 4 9 6 5 6 5 5 5 7 6 4 4 4 7 2 
373.4 ; 3.604e-12 ; True ; 1 20 30 113 164 389 431 502 507 549 727 879 890 906  ; 5 1 9 3 11 4 8 6 5 6 5 5 4 7 6 5 5 4 7 2 
377.2 ; 3.685e-12 ; True ; 1 20 30 113 128 164 174 389 507 549 636 638 727 890 906  ; 5 1 10 3 13 3 9 6 5 5 5 7 5 7 5 4 5 5 7 2 
378.9 ; 3.76e-12 ; True ; 1 20 30 113 128 164 174 389 396 507 549 638 727 890 906  ; 6 1 11 3 13 3 9 7 5 5 5 6 4 8 5 5 5 4 8 2 
382.5 ; 3.919e-12 ; True ; 1 20 30 113 164 174 389 431 507 549 636 638 727 890 906  ; 6 1 9 3 13 3 9 6 4 5 5 6 5 8 4 5 6 5 8 2 
383.7 ; 4.057e-12 ; True ; 1 20 25 30 113 164 174 389 507 549 636 638 727 890 906  ; 5 1 10 4 13 3 10 6 4 6 5 6 5 8 4 4 5 5 8 2 
384.1 ; 4.218e-12 ; True ; 1 20 30 113 128 164 174 389 431 507 549 638 727 890 906  ; 6 1 10 3 13 3 8 7 5 5 6 6 4 8 5 5 5 4 8 2 
390.7 ; 4.424e-12 ; True ; 1 20 25 30 113 164 174 389 431 507 549 638 727 890 906  ; 6 1 10 4 13 3 9 7 4 6 6 5 4 9 4 5 5 4 9 2 
394.9 ; 4.604e-12 ; True ; 1 20 30 113 128 164 174 389 431 549 638 727 879 890 906  ; 6 1 10 4 12 3 7 7 5 6 6 5 4 8 5 4 5 4 8 2 
398.2 ; 4.637e-12 ; True ; 1 20 30 113 164 389 396 507 549 636 638 727 879 890 906  ; 5 1 9 4 12 4 9 5 4 6 4 6 4 8 5 5 6 5 8 2 
398.2 ; 4.993e-12 ; True ; 1 20 30 113 164 174 389 396 507 549 638 727 879 890 906  ; 6 1 10 4 12 4 9 6 4 6 5 5 4 9 5 5 5 4 9 2 
399.4 ; 4.998e-12 ; True ; 1 20 30 113 164 174 389 507 549 636 638 727 879 890 906  ; 5 1 9 4 12 4 9 5 4 6 5 6 5 8 5 4 5 5 8 2 
399.7 ; 5.098e-12 ; True ; 1 20 30 113 128 164 174 389 507 549 638 727 879 890 906  ; 5 1 10 4 12 4 8 6 5 6 6 6 4 8 6 4 4 4 8 2 
401.5 ; 5.218e-12 ; True ; 1 20 30 113 128 164 174 389 396 507 549 727 879 890 906  ; 6 1 11 3 12 4 9 7 5 6 6 5 4 8 6 4 5 4 8 2 
403.2 ; 5.315e-12 ; True ; 1 20 30 113 164 389 396 431 507 549 636 727 879 890 906  ; 6 1 9 3 12 4 9 6 4 6 5 5 4 8 5 5 7 5 8 2 
404.3 ; 5.334e-12 ; True ; 1 20 30 113 164 389 431 507 549 636 638 727 879 890 906  ; 5 1 8 4 12 4 8 5 4 6 5 6 4 8 5 5 6 5 8 2 
404.3 ; 5.564e-12 ; True ; 1 20 30 113 164 174 389 431 507 549 638 727 879 890 906  ; 6 1 9 4 12 4 8 6 4 6 6 5 4 9 5 5 5 4 9 2 
407.4 ; 5.657e-12 ; True ; 1 20 30 113 164 174 389 431 507 549 636 727 879 890 906  ; 6 1 9 3 12 4 9 6 4 6 6 5 5 8 5 4 6 5 8 2 
407.6 ; 5.693e-12 ; True ; 1 20 30 113 128 164 174 389 431 507 549 727 879 890 906  ; 6 1 10 3 12 4 8 7 5 6 7 5 4 8 6 4 5 4 8 2 
413.5 ; 6.048e-12 ; True ; 1 20 30 113 164 389 396 502 507 531 549 727 879 890 906  ; 6 1 10 3 12 4 9 7 5 6 5 5 4 8 6 5 6 4 8 2 
414.6 ; 6.168e-12 ; True ; 1 20 25 30 113 164 389 431 507 549 636 727 879 890 906  ; 5 1 9 4 12 4 9 6 4 7 6 5 4 8 5 4 6 5 8 2 
416.4 ; 6.559e-12 ; True ; 1 20 30 113 164 174 389 396 502 507 549 727 879 890 906  ; 6 1 11 3 12 4 10 7 5 6 5 5 5 8 6 5 5 4 8 2 
419.3 ; 6.871e-12 ; True ; 1 20 30 113 164 389 396 431 502 507 549 727 879 890 906  ; 6 1 10 3 12 4 9 7 5 6 5 5 4 8 6 6 6 4 8 2 
421.3 ; 6.93e-12 ; True ; 1 20 30 113 128 164 174 389 431 549 636 638 716 727 890 906  ; 6 1 10 4 14 3 9 7 5 5 5 6 5 7 5 4 7 5 7 2 
422.3 ; 6.945e-12 ; True ; 1 20 30 113 164 389 431 502 507 549 638 727 879 890 906  ; 5 1 9 4 12 4 8 6 5 6 5 6 4 8 6 6 5 4 8 2 
423.4 ; 7.399e-12 ; True ; 1 20 30 113 164 174 389 431 502 507 549 727 879 890 906  ; 6 1 10 3 12 4 9 7 5 6 6 5 5 8 6 5 5 4 8 2 
430.7 ; 8.145e-12 ; True ; 1 20 30 113 128 164 174 389 431 507 549 636 638 727 890 906  ; 6 1 10 3 14 3 9 7 5 5 6 7 5 8 5 5 6 5 8 2 
437.7 ; 8.73e-12 ; True ; 1 20 25 30 113 164 174 389 431 507 549 636 638 727 890 906  ; 6 1 10 4 14 3 10 7 4 6 6 6 5 9 4 5 6 5 9 2 
442.4 ; 9.21e-12 ; True ; 1 20 30 113 128 164 174 389 431 549 636 638 727 879 890 906  ; 6 1 10 4 13 3 8 7 5 6 6 6 5 8 5 4 6 5 8 2 
448.3 ; 9.852e-12 ; True ; 1 20 30 113 164 174 389 396 507 549 636 638 727 879 890 906  ; 6 1 10 4 13 4 10 6 4 6 5 6 5 9 5 5 6 5 9 2 
448.9 ; 1.018e-11 ; True ; 1 20 30 113 128 164 174 389 396 507 549 638 727 879 890 906  ; 6 1 11 4 13 4 9 7 5 6 6 6 4 9 6 5 5 4 9 2 
449.2 ; 1.025e-11 ; True ; 1 20 30 113 128 164 174 389 507 549 636 638 727 879 890 906  ; 5 1 10 4 13 4 9 6 5 6 6 7 5 8 6 4 5 5 8 2 
452 ; 1.03e-11 ; True ; 1 20 30 113 128 164 174 389 396 507 549 636 727 879 890 906  ; 6 1 11 3 13 4 10 7 5 6 6 6 5 8 6 4 6 5 8 2 
454.3 ; 1.031e-11 ; True ; 1 20 30 113 164 174 389 396 431 507 549 636 727 879 890 906  ; 7 1 10 3 13 4 10 7 4 6 6 5 5 9 5 5 7 5 9 2 
454.4 ; 1.104e-11 ; True ; 1 20 30 113 164 174 389 431 507 549 636 638 727 879 890 906  ; 6 1 9 4 13 4 9 6 4 6 6 6 5 9 5 5 6 5 9 2 
455.1 ; 1.111e-11 ; True ; 1 20 30 113 128 164 174 389 431 507 549 638 727 879 890 906  ; 6 1 10 4 13 4 8 7 5 6 7 6 4 9 6 5 5 4 9 2 
458.1 ; 1.129e-11 ; True ; 1 20 30 113 128 164 174 389 431 507 549 636 727 879 890 906  ; 6 1 10 3 13 4 9 7 5 6 7 6 5 8 6 4 6 5 8 2 
462.4 ; 1.152e-11 ; True ; 1 20 25 30 113 164 389 396 431 507 549 636 727 879 890 906  ; 6 1 10 4 13 4 10 7 4 7 6 5 4 9 5 5 7 5 9 2 
466.5 ; 1.192e-11 ; True ; 1 20 25 30 113 164 174 389 431 507 549 636 727 879 890 906  ; 6 1 10 4 13 4 10 7 4 7 7 5 5 9 5 4 6 5 9 2 
467.2 ; 1.23e-11 ; True ; 1 20 30 113 164 174 389 396 502 507 549 638 727 879 890 906  ; 6 1 11 4 13 4 10 7 5 6 5 6 5 9 6 6 5 4 9 2 
469.4 ; 1.237e-11 ; True ; 1 20 30 113 164 174 389 502 507 549 636 638 727 879 890 906  ; 5 1 10 4 13 4 10 6 5 6 5 7 6 8 6 5 5 5 8 2 
470.3 ; 1.238e-11 ; True ; 1 20 30 113 164 174 389 396 502 507 549 636 727 879 890 906  ; 6 1 11 3 13 4 11 7 5 6 5 6 6 8 6 5 6 5 8 2 
471.1 ; 1.255e-11 ; True ; 1 20 30 113 164 389 396 431 502 507 549 638 727 879 890 906  ; 6 1 10 4 13 4 9 7 5 6 5 6 4 9 6 7 6 4 9 2 
472.2 ; 1.299e-11 ; True ; 1 20 30 113 164 174 389 396 431 502 507 549 727 879 890 906  ; 7 1 11 3 13 4 10 8 5 6 6 5 5 9 6 6 6 4 9 2 
474.1 ; 1.318e-11 ; True ; 1 20 30 113 164 389 396 431 502 507 549 636 727 879 890 906  ; 6 1 10 3 13 4 10 7 5 6 5 6 5 8 6 6 7 5 8 2 
474.3 ; 1.388e-11 ; True ; 1 20 30 113 164 174 389 431 502 507 549 638 727 879 890 906  ; 6 1 10 4 13 4 9 7 5 6 6 6 5 9 6 6 5 4 9 2 
477.4 ; 1.402e-11 ; True ; 1 20 30 113 164 174 389 431 502 507 549 636 727 879 890 906  ; 6 1 10 3 13 4 10 7 5 6 6 6 6 8 6 5 6 5 8 2 
487.6 ; 1.448e-11 ; True ; 1 20 30 113 164 174 330 389 431 507 549 636 638 716 727 890 906  ; 7 1 10 4 14 4 11 6 5 5 5 7 5 8 5 5 7 6 8 2 
488.6 ; 1.45e-11 ; True ; 1 20 30 113 164 174 389 431 502 507 549 716 727 879 890 906  ; 6 1 10 4 13 5 10 7 5 6 6 5 5 8 7 5 6 4 8 2 
490.3 ; 1.512e-11 ; True ; 1 20 30 113 128 164 174 330 389 431 549 636 638 727 879 890 906  ; 7 1 11 4 13 3 9 7 6 6 6 7 5 8 5 4 6 6 8 2 
492.6 ; 1.645e-11 ; True ; 1 20 30 113 128 164 174 389 396 431 549 636 638 727 879 890 906  ; 7 1 11 4 14 3 9 8 5 6 6 6 5 9 5 5 7 5 9 2 
498 ; 1.682e-11 ; True ; 1 20 30 113 128 164 174 330 389 507 549 636 638 727 879 890 906  ; 6 1 11 4 13 4 10 6 6 6 6 8 5 8 6 4 5 6 8 2 
499.6 ; 1.722e-11 ; True ; 1 20 30 113 128 164 174 330 389 396 507 549 638 727 879 890 906  ; 7 1 12 4 13 4 10 7 6 6 6 7 4 9 6 5 5 5 9 2 
501.2 ; 1.758e-11 ; True ; 1 20 30 113 128 164 174 389 486 507 549 636 638 727 879 890 906  ; 6 1 11 5 14 4 9 6 5 7 6 7 5 9 6 4 5 5 9 2 
501.3 ; 1.956e-11 ; True ; 1 20 30 113 128 164 174 389 396 507 549 636 638 727 879 890 906  ; 6 1 11 4 14 4 10 7 5 6 6 7 5 9 6 5 6 5 9 2 
507.2 ; 1.992e-11 ; True ; 1 20 30 113 128 164 389 396 431 507 549 636 638 727 879 890 906  ; 6 1 10 4 14 4 9 7 5 6 6 7 4 9 6 6 7 5 9 2 
507.5 ; 2.145e-11 ; True ; 1 20 30 113 128 164 174 389 431 507 549 636 638 727 879 890 906  ; 6 1 10 4 14 4 9 7 5 6 7 7 5 9 6 5 6 5 9 2 
521.5 ; 2.219e-11 ; True ; 1 20 30 113 157 164 174 389 431 507 549 636 638 727 879 890 906  ; 6 1 9 4 14 5 10 7 5 6 6 7 6 9 5 5 6 5 9 2 
521.8 ; 2.23e-11 ; True ; 1 20 30 113 128 164 174 389 396 502 507 549 638 727 879 890 906  ; 6 1 12 4 14 4 10 8 6 6 6 7 5 9 7 6 5 4 9 2 
523.1 ; 2.26e-11 ; True ; 1 20 30 113 164 174 389 396 502 507 549 636 638 727 879 890 906  ; 6 1 11 4 14 4 11 7 5 6 5 7 6 9 6 6 6 5 9 2 
526.1 ; 2.324e-11 ; True ; 1 20 30 113 164 174 389 396 431 502 507 549 638 727 879 890 906  ; 7 1 11 4 14 4 10 8 5 6 6 6 5 10 6 7 6 4 10 2 
527.1 ; 2.359e-11 ; True ; 1 20 30 113 164 174 330 389 431 502 507 549 638 727 879 890 906  ; 7 1 11 4 13 4 10 7 6 6 6 7 5 9 6 6 5 5 9 2 
529 ; 2.458e-11 ; True ; 1 20 30 113 128 164 174 389 431 502 507 549 638 727 879 890 906  ; 6 1 11 4 14 4 9 8 6 6 7 7 5 9 7 6 5 4 9 2 
530.2 ; 2.559e-11 ; True ; 1 20 30 113 164 174 389 431 502 507 549 636 638 727 879 890 906  ; 6 1 10 4 14 4 10 7 5 6 6 7 6 9 6 6 6 5 9 2 
542.4 ; 2.869e-11 ; True ; 1 20 25 30 113 164 174 389 431 502 507 549 636 727 879 890 906  ; 6 1 11 4 14 4 11 8 5 7 7 6 6 9 6 5 6 5 9 2 
550 ; 2.94e-11 ; True ; 1 20 30 113 128 164 174 389 431 457 486 507 549 636 638 727 890 906  ; 7 1 11 5 15 4 9 7 6 6 6 7 5 9 6 5 6 5 9 2 
553.6 ; 3.107e-11 ; True ; 1 20 30 113 128 174 307 389 396 431 507 549 636 638 727 879 890 906  ; 6 1 10 4 14 4 10 7 5 6 7 7 5 9 6 7 7 5 9 2 
560 ; 3.128e-11 ; True ; 1 20 30 113 164 174 219 389 431 502 507 549 636 727 879 890 906  ; 7 1 10 4 13 5 10 7 5 6 7 6 6 9 7 5 6 5 9 2 
560.3 ; 3.435e-11 ; True ; 1 20 30 113 128 164 174 330 389 431 507 549 636 638 727 879 890 906  ; 7 1 11 4 14 4 10 7 6 6 7 8 5 9 6 5 6 6 9 2 
560.7 ; 3.589e-11 ; True ; 1 20 30 113 128 164 174 389 396 431 507 549 636 638 727 879 890 906  ; 7 1 11 4 15 4 10 8 5 6 7 7 5 10 6 6 7 5 10 2 
573.9 ; 3.691e-11 ; True ; 1 20 30 113 128 164 174 307 389 431 507 549 636 638 727 879 890 906  ; 6 1 10 4 14 4 10 7 5 6 7 7 5 9 6 6 6 5 9 3 
580 ; 4.017e-11 ; True ; 1 20 30 113 128 164 174 389 396 502 507 549 636 638 727 879 890 906  ; 6 1 12 4 15 4 11 8 6 6 6 8 6 9 7 6 6 5 9 2 
584.9 ; 4.152e-11 ; True ; 1 20 30 113 164 174 389 396 431 502 507 549 636 638 727 879 890 906  ; 7 1 11 4 15 4 11 8 5 6 6 7 6 10 6 7 7 5 10 2 
587.2 ; 4.445e-11 ; True ; 1 20 30 113 128 164 174 389 431 502 507 549 636 638 727 879 890 906  ; 6 1 11 4 15 4 10 8 6 6 7 8 6 9 7 6 6 5 9 2 
600.3 ; 4.557e-11 ; True ; 1 20 30 113 164 174 389 431 502 507 549 636 638 716 727 879 890 906  ; 6 1 10 5 15 5 11 7 5 6 6 7 6 9 7 6 7 5 9 2 
604.1 ; 4.605e-11 ; True ; 1 20 30 113 157 164 174 389 431 502 507 549 636 638 727 879 890 906  ; 6 1 10 4 15 5 11 8 6 6 6 8 7 9 6 6 6 5 9 2 
608.3 ; 4.957e-11 ; True ; 1 20 30 113 128 174 307 330 389 396 431 507 549 636 638 727 879 890 906  ; 7 1 11 4 14 4 11 7 6 6 7 8 5 9 6 7 7 6 9 2 
618.7 ; 5.246e-11 ; True ; 1 20 30 113 164 174 219 389 431 502 507 549 636 638 727 879 890 906  ; 7 1 10 5 14 5 10 7 5 6 7 7 6 10 7 6 6 5 10 2 
619.3 ; 5.258e-11 ; True ; 1 20 30 113 128 164 219 389 396 431 502 507 549 636 727 879 890 906  ; 7 1 11 4 14 5 10 8 6 6 7 7 5 9 8 6 7 5 9 2 
620.5 ; 5.326e-11 ; True ; 1 20 30 113 128 164 174 219 389 431 502 507 549 636 727 879 890 906  ; 7 1 11 4 14 5 10 8 6 6 8 7 6 9 8 5 6 5 9 2 
629.1 ; 5.352e-11 ; True ; 1 20 30 113 164 174 330 389 431 486 507 549 636 638 716 727 879 890 906  ; 8 1 11 6 15 5 11 6 5 7 6 7 5 10 6 5 7 6 10 2 
630.2 ; 5.515e-11 ; True ; 1 20 30 113 128 164 174 330 389 431 507 549 636 638 727 770 879 890 906  ; 7 1 11 5 15 4 10 8 6 7 7 8 5 10 6 5 6 6 10 2 
630.9 ; 5.99e-11 ; True ; 1 20 30 113 128 164 174 307 389 396 431 507 549 636 638 727 879 890 906  ; 7 1 11 4 15 4 11 8 5 6 7 7 5 10 6 7 7 5 10 3 
632.8 ; 6.054e-11 ; True ; 1 20 30 113 128 164 174 307 389 431 486 507 549 636 638 727 879 890 906  ; 7 1 11 5 15 4 10 7 5 7 7 7 5 10 6 6 6 5 10 3 
634.5 ; 6.094e-11 ; True ; 1 20 30 113 128 157 164 174 330 389 431 507 549 636 638 727 879 890 906  ; 7 1 11 4 15 5 11 8 7 6 7 9 6 9 6 5 6 6 9 2 
644 ; 6.094e-11 ; True ; 1 20 30 113 157 164 174 307 330 389 431 507 549 636 638 727 879 890 906  ; 7 1 10 4 14 5 12 7 6 6 6 8 6 9 5 6 6 6 9 3 
644.9 ; 6.763e-11 ; True ; 1 20 30 113 128 164 174 330 389 431 502 507 549 636 638 727 879 890 906  ; 7 1 12 4 15 4 11 8 7 6 7 9 6 9 7 6 6 6 9 2 
656.8 ; 6.786e-11 ; True ; 1 20 30 113 128 164 174 219 330 389 431 507 549 636 638 727 879 890 906  ; 8 1 11 5 14 5 10 7 6 6 8 8 5 10 7 5 6 6 10 2 
660.3 ; 7.417e-11 ; True ; 1 20 30 113 128 164 174 307 389 431 502 507 549 636 638 727 879 890 906  ; 6 1 11 4 15 4 11 8 6 6 7 8 6 9 7 7 6 5 9 3 
670 ; 7.418e-11 ; True ; 1 20 25 30 113 128 164 174 219 389 431 507 549 636 638 727 879 890 906  ; 7 1 11 6 15 5 10 8 5 7 9 7 5 11 7 5 6 5 11 2 
672.6 ; 7.512e-11 ; True ; 1 20 30 113 128 164 174 219 389 396 431 502 549 636 638 727 879 890 906  ; 8 1 12 5 15 4 10 9 6 6 7 7 6 10 7 6 7 5 10 2 
674 ; 7.585e-11 ; True ; 1 20 30 113 164 174 307 389 431 502 507 549 636 638 716 727 879 890 906  ; 6 1 10 5 15 5 12 7 5 6 6 7 6 9 7 7 7 5 9 3 
678.2 ; 7.683e-11 ; True ; 1 20 30 113 128 164 174 219 330 389 431 502 507 549 638 727 879 890 906  ; 8 1 12 5 14 5 10 8 7 6 8 8 5 10 8 6 5 5 10 2 
682 ; 7.931e-11 ; True ; 1 20 30 113 128 164 219 330 389 431 502 507 549 636 638 727 879 890 906  ; 7 1 11 5 14 5 10 7 7 6 7 9 5 9 8 6 6 6 9 2 
682.6 ; 8.051e-11 ; True ; 1 20 30 113 128 164 174 219 389 431 502 507 531 549 636 727 879 890 906  ; 8 1 11 4 15 5 10 9 6 6 9 7 6 10 8 5 7 5 10 2 
686.5 ; 8.886e-11 ; True ; 1 20 30 113 128 164 174 307 330 389 431 440 507 549 636 638 727 879 890 906  ; 8 1 12 4 15 4 11 8 6 7 7 9 5 10 6 6 6 6 10 3 
692.6 ; 9.137e-11 ; True ; 1 20 25 30 113 164 174 219 389 431 502 507 549 636 638 727 879 890 906  ; 7 1 11 6 15 5 11 8 5 7 8 7 6 11 7 6 6 5 11 2 
699.7 ; 9.293e-11 ; True ; 1 20 30 113 128 174 307 330 389 396 431 502 507 549 636 638 727 879 890 906  ; 7 1 12 4 15 4 12 8 7 6 7 9 6 9 7 8 7 6 9 2 
705.6 ; 9.827e-11 ; True ; 1 20 30 113 157 164 174 307 330 389 431 486 507 549 636 638 727 879 890 906  ; 8 1 11 5 15 5 12 7 6 7 6 8 6 10 5 6 6 6 10 3 
708.5 ; 1.081e-10 ; True ; 1 20 30 113 128 164 174 330 389 431 486 502 507 549 636 638 727 879 890 906  ; 8 1 13 5 16 4 11 8 7 7 7 9 6 10 7 6 6 6 10 2 
720.9 ; 1.126e-10 ; True ; 1 20 30 113 128 164 174 307 330 389 431 502 507 549 636 638 727 879 890 906  ; 7 1 12 4 15 4 12 8 7 6 7 9 6 9 7 7 6 6 9 3 
732 ; 1.163e-10 ; True ; 1 20 30 113 128 164 174 219 307 330 389 431 507 549 636 638 727 879 890 906  ; 8 1 11 5 14 5 11 7 6 6 8 8 5 10 7 6 6 6 10 3 
741.4 ; 1.221e-10 ; True ; 1 20 30 113 157 164 174 307 389 431 502 507 531 549 636 638 727 879 890 906  ; 7 1 10 4 16 5 12 9 6 6 7 8 7 10 6 7 7 5 10 3 
744.1 ; 1.238e-10 ; True ; 1 20 30 113 128 164 174 307 389 431 502 507 531 549 636 727 774 879 890 906  ; 7 1 11 4 15 5 11 9 6 7 8 7 6 9 8 6 7 5 9 3 
757.1 ; 1.282e-10 ; True ; 1 20 30 113 128 164 174 219 307 330 389 431 502 507 549 638 727 879 890 906  ; 8 1 12 5 14 5 11 8 7 6 8 8 5 10 8 7 5 5 10 3 
758 ; 1.37e-10 ; True ; 1 20 30 113 164 174 219 307 330 389 431 502 507 549 636 638 727 879 890 906  ; 8 1 11 5 14 5 12 7 6 6 7 8 6 10 7 7 6 6 10 3 
760.6 ; 1.462e-10 ; True ; 1 20 30 113 128 164 174 219 307 389 431 502 507 549 636 638 727 879 890 906  ; 7 1 11 5 15 5 11 8 6 6 8 8 6 10 8 7 6 5 10 3 
767.2 ; 1.465e-10 ; True ; 1 20 30 113 128 164 174 219 307 389 431 486 502 507 549 636 727 879 890 906  ; 8 1 12 5 15 5 11 8 6 7 8 7 6 10 8 6 6 5 10 3 
784.3 ; 1.63e-10 ; True ; 1 20 30 113 128 164 174 307 330 389 396 431 502 549 636 638 716 727 879 890 906  ; 8 1 13 5 16 4 13 9 7 6 6 8 6 9 7 7 8 6 9 3 
794.9 ; 1.686e-10 ; True ; 1 20 30 113 164 174 307 330 389 396 502 507 531 549 636 638 716 727 879 890 906  ; 8 1 12 5 16 5 14 8 6 6 6 8 6 10 7 7 8 6 10 3 
799.1 ; 1.709e-10 ; True ; 1 20 30 113 128 164 174 307 330 389 431 502 507 531 549 636 638 716 727 879 906  ; 7 1 11 5 16 5 12 8 7 6 8 9 5 10 8 6 7 6 9 3 
800.4 ; 1.771e-10 ; True ; 1 20 30 113 128 164 174 307 330 389 396 486 502 507 549 636 716 727 879 890 906  ; 8 1 14 5 16 5 14 8 7 7 6 8 6 9 8 6 7 6 9 3 
805.7 ; 1.873e-10 ; True ; 1 20 30 113 157 164 174 307 330 389 431 486 502 507 549 636 638 727 879 890 906  ; 8 1 12 5 16 5 13 8 7 7 6 9 7 10 6 7 6 6 10 3 
817.7 ; 1.891e-10 ; True ; 1 20 30 113 128 164 174 219 307 330 389 486 502 507 549 636 638 727 879 890 906  ; 8 1 13 6 15 5 12 7 7 7 7 9 6 10 8 6 5 6 10 3 
822.2 ; 1.892e-10 ; True ; 1 20 30 67 113 128 164 174 219 307 330 389 431 502 549 636 638 727 879 890 906  ; 8 1 12 5 14 5 11 8 7 7 7 8 6 9 8 6 6 7 9 3 
825.1 ; 2.053e-10 ; True ; 1 20 30 113 157 164 174 307 389 431 502 507 531 549 636 638 727 774 879 890 906  ; 7 1 10 5 16 6 12 9 6 7 7 8 7 10 7 7 7 5 10 3 
845.3 ; 2.075e-10 ; True ; 1 20 30 113 128 157 164 174 307 389 431 502 507 549 636 638 727 822 879 890 906  ; 6 1 11 5 17 6 12 9 7 7 7 9 7 9 8 7 6 5 9 3 
850.8 ; 2.115e-10 ; True ; 1 20 30 113 157 164 174 219 389 431 502 507 531 549 636 638 716 727 879 890 906  ; 8 1 10 6 17 7 12 9 6 6 8 8 7 11 8 6 8 5 11 2 
858.6 ; 2.146e-10 ; True ; 1 20 30 113 157 164 174 219 307 389 502 507 531 549 636 638 716 727 879 890 906  ; 7 1 10 6 16 7 13 8 6 6 7 8 7 10 8 6 7 5 10 3 
861.9 ; 2.223e-10 ; True ; 1 20 30 113 128 164 174 307 330 389 396 431 502 507 549 636 638 727 737 879 890 906  ; 8 1 14 4 17 5 14 9 7 6 8 9 6 10 7 8 7 6 10 3 
873.1 ; 2.557e-10 ; True ; 1 20 30 113 157 164 174 307 330 389 396 431 502 531 549 636 638 727 774 879 890 906  ; 9 1 12 5 16 5 13 10 7 7 6 8 7 10 6 7 8 6 10 3 
895.1 ; 2.569e-10 ; True ; 1 20 30 113 128 164 174 219 307 330 389 431 486 507 531 549 636 727 774 879 890 906  ; 10 1 12 6 15 6 11 8 6 8 9 7 5 11 8 5 7 6 11 3 
897 ; 2.618e-10 ; True ; 1 20 30 113 128 164 174 219 307 330 389 396 502 549 636 638 694 727 774 879 890 906  ; 9 1 14 6 15 5 12 9 7 7 6 8 6 9 8 7 7 6 10 3 
907.1 ; 2.8e-10 ; True ; 1 20 30 113 128 164 174 219 307 330 389 415 431 502 531 549 636 716 727 879 890 906  ; 9 1 12 6 15 6 12 9 7 7 8 7 6 9 8 5 8 6 9 3 
908.4 ; 2.918e-10 ; True ; 1 20 30 113 157 164 174 258 307 389 431 502 507 531 549 636 638 727 774 879 890 906  ; 7 1 11 5 16 6 13 9 7 7 7 9 7 10 7 7 7 6 10 3 
912.2 ; 2.947e-10 ; True ; 1 20 30 113 128 164 174 219 307 330 389 431 502 507 531 549 636 638 716 727 879 906  ; 8 1 11 6 16 6 12 8 7 6 9 9 5 11 9 6 7 6 10 3 
913.8 ; 3.034e-10 ; True ; 1 20 30 113 128 164 174 307 330 389 431 486 502 507 549 636 716 727 822 879 890 906  ; 8 1 13 6 17 6 13 8 7 8 7 8 6 9 9 6 7 6 9 3 
916.9 ; 3.063e-10 ; True ; 1 20 30 113 128 157 164 174 307 389 431 486 502 507 549 638 716 727 785 879 890 906  ; 7 1 12 6 18 6 12 9 7 7 7 9 6 10 9 7 7 5 10 3 
921.4 ; 3.141e-10 ; True ; 1 20 30 113 128 164 174 219 307 389 396 431 502 507 549 636 727 774 856 879 890 906  ; 9 1 13 5 15 6 12 10 6 7 9 7 6 10 9 8 7 5 11 3 
937.1 ; 3.403e-10 ; True ; 1 20 30 113 128 164 174 219 307 330 389 431 502 507 549 636 638 727 822 879 890 906  ; 8 1 12 6 16 6 12 8 7 7 8 9 6 10 9 7 6 6 10 3 
962.7 ; 3.528e-10 ; True ; 1 20 30 113 128 164 174 219 307 330 389 396 431 502 507 549 636 638 716 727 861 890 906  ; 9 1 13 5 17 6 14 9 7 5 7 10 7 10 8 8 8 6 10 3 
970.4 ; 3.647e-10 ; True ; 1 20 30 113 128 164 174 219 307 330 389 396 423 431 507 549 636 638 716 727 879 890 906  ; 9 1 12 6 17 6 13 8 7 6 8 9 5 11 9 7 8 6 11 3 
977.7 ; 4.049e-10 ; True ; 1 20 30 113 128 164 174 219 307 330 389 431 507 531 549 636 638 716 727 774 879 890 906  ; 9 1 11 7 16 7 12 8 6 7 9 8 5 11 9 6 8 6 11 3 
995.5 ; 4.5e-10 ; True ; 1 20 30 113 128 164 174 219 307 330 389 431 502 507 531 549 636 638 727 785 879 890 906  ; 9 1 12 5 17 5 12 9 7 6 9 10 6 11 9 7 8 7 11 3 
1024 ; 4.85e-10 ; True ; 1 20 30 113 157 164 174 219 307 330 389 431 486 502 507 531 549 636 727 785 879 890 906  ; 10 1 12 5 17 6 13 9 7 7 8 9 7 11 8 6 8 7 11 3 
1029 ; 4.897e-10 ; True ; 1 20 30 113 128 164 174 219 307 330 389 431 457 502 507 549 636 638 727 822 879 890 906  ; 8 1 12 7 16 7 12 8 8 7 8 9 6 10 10 7 6 6 10 3 
1040 ; 4.948e-10 ; True ; 1 20 30 113 128 164 174 219 307 330 389 431 502 507 531 549 636 727 774 822 879 890 906  ; 9 1 12 6 16 7 12 9 7 8 9 8 6 10 10 6 7 6 10 3 
1072 ; 5.272e-10 ; True ; 1 20 30 113 128 164 174 219 307 330 389 431 502 507 531 549 599 636 638 716 727 879 890 906  ; 10 1 12 6 18 6 13 9 7 6 9 9 6 11 9 7 8 6 12 3 
1074 ; 5.335e-10 ; True ; 1 20 30 113 128 164 174 219 307 330 389 431 486 502 507 531 636 638 716 727 872 879 890 906  ; 11 1 14 7 18 6 13 8 6 7 9 9 6 11 9 7 7 6 12 3 
1081 ; 5.369e-10 ; True ; 1 20 30 113 128 157 164 174 307 330 389 396 431 486 502 549 636 697 727 774 785 879 890 906  ; 9 1 14 6 17 6 13 10 8 8 6 9 7 9 8 6 8 8 9 3 
1098 ; 5.966e-10 ; True ; 1 20 30 113 128 164 174 219 307 330 359 389 431 486 502 507 549 636 638 727 822 879 890 906  ; 10 1 14 7 18 6 13 9 7 8 8 9 6 11 9 8 6 6 12 3 
1099 ; 6.101e-10 ; True ; 1 20 30 113 128 164 174 219 252 307 389 396 431 486 502 507 531 549 636 716 727 879 890 906  ; 10 1 13 6 18 6 13 10 7 7 9 7 6 12 9 7 9 6 12 3 
1114 ; 6.818e-10 ; True ; 1 20 30 113 157 164 219 307 330 389 431 486 502 507 531 549 636 638 727 774 785 879 890 906  ; 9 1 11 7 17 7 12 8 7 8 7 10 6 11 9 7 8 7 11 3 
1163 ; 7.805e-10 ; True ; 1 20 30 69 113 128 164 174 219 307 330 389 396 431 502 507 531 636 638 694 727 774 879 890 906  ; 11 1 14 6 17 6 12 10 6 7 9 9 7 11 9 9 8 6 13 3 
1205 ; 7.822e-10 ; True ; 1 20 30 72 113 157 164 174 219 307 330 389 431 486 502 507 531 549 636 694 727 856 879 890 906  ; 12 1 14 5 17 7 13 11 7 7 9 8 7 11 8 8 8 7 13 3 
1214 ; 8.098e-10 ; True ; 1 20 30 113 157 164 174 219 307 330 389 431 502 507 531 549 614 636 638 716 727 785 822 890 906  ; 10 1 11 6 20 7 14 9 7 6 7 10 8 11 9 7 10 7 11 3 
1280 ; 1.017e-09 ; True ; 1 20 30 113 157 164 174 219 257 307 330 389 423 431 502 507 531 549 636 638 716 727 861 879 890 906  ; 9 1 11 6 18 8 14 9 8 6 9 11 8 11 9 7 8 7 12 3 
1337 ; 1.022e-09 ; True ; 1 20 30 113 157 164 172 174 219 307 330 389 431 486 502 507 531 549 594 636 694 697 727 774 879 906  ; 10 1 12 9 16 10 12 9 7 10 8 8 6 12 9 6 7 7 11 3 
1345 ; 1.059e-09 ; True ; 1 20 30 113 157 164 174 219 307 330 389 423 431 502 549 636 638 694 716 727 774 785 822 879 890 906  ; 9 1 12 8 19 8 13 9 8 8 6 10 7 9 11 7 9 7 10 3 
1434 ; 1.061e-09 ; True ; 1 20 30 113 157 164 174 237 307 330 389 431 486 502 507 531 549 638 640 716 727 793 868 872 879 890 906  ; 11 1 15 7 21 8 15 9 8 7 8 10 7 12 9 7 7 7 13 3 
1443 ; 1.279e-09 ; True ; 1 20 30 113 157 164 174 219 307 330 389 423 431 443 502 507 531 549 636 638 716 727 785 822 879 890 906  ; 9 1 12 7 21 8 15 9 8 7 8 11 7 11 11 7 9 7 11 3 
1518 ; 2.046e-09 ; True ; 1 20 30 113 157 164 174 219 307 330 389 396 415 423 431 502 507 531 549 636 638 716 727 785 793 879 890 906  ; 10 1 12 7 21 9 16 10 9 7 8 12 7 12 11 8 10 7 12 3 


RUN 9:
Optimum Distance: 33.53
Optimal Team: 174,307,389,727,906,
Required Skills: 0 1 2 4 5 7 9 10 11 12 13 14 15 16 18 20 22 23 24 26 
Distance; Skill Score; isValid; Team; Skill Counts
35.78 ; 1.085e-20 ; True ; 128 164 389 890 906  ; 2 1 4 1 3 1 2 3 1 2 1 1 1 1 1 1 1 1 2 1 
37.16 ; 1.304e-20 ; True ; 20 30 128 389 906  ; 1 1 4 1 3 1 2 1 2 3 2 2 1 1 1 1 1 1 1 1 
38.53 ; 7.001e-20 ; True ; 1 164 389 507 727  ; 2 1 4 1 4 1 3 1 1 2 1 2 1 3 2 1 1 1 3 1 
39.2 ; 9.517e-20 ; True ; 30 164 389 502 906  ; 2 1 4 1 3 1 3 2 1 3 1 2 1 2 1 2 1 1 2 1 
40.36 ; 1.165e-19 ; True ; 1 30 113 164 389  ; 2 1 5 1 4 1 2 2 1 4 2 1 1 3 1 1 1 1 3 1 
41.03 ; 1.789e-19 ; True ; 164 389 502 727 879  ; 2 1 4 1 3 1 3 2 2 2 1 2 1 2 3 1 1 1 2 1 
44.99 ; 5.716e-19 ; True ; 30 100 164 389 594 890  ; 3 1 4 1 4 1 4 3 1 3 1 1 1 2 2 2 2 1 3 1 
48.86 ; 6.08e-19 ; True ; 30 128 164 174 389 906  ; 3 1 5 1 4 1 3 3 1 3 3 2 1 3 1 1 1 1 3 1 
50.3 ; 6.365e-19 ; True ; 20 30 128 174 389 906  ; 2 1 5 1 4 1 3 2 2 3 3 2 2 2 1 1 1 1 2 1 
50.86 ; 2.198e-18 ; True ; 30 164 389 549 594 890  ; 3 1 4 1 4 1 4 3 1 3 1 2 1 3 2 2 3 1 3 1 
54.05 ; 2.221e-18 ; True ; 30 164 389 549 890 906  ; 3 1 4 1 4 1 4 3 1 3 1 2 1 3 1 2 3 2 3 1 
54.75 ; 4.858e-18 ; True ; 164 389 502 507 727 879  ; 2 1 4 1 4 2 4 2 2 2 2 3 1 3 4 2 1 1 3 1 
57.91 ; 6.507e-18 ; True ; 30 164 389 549 879 890  ; 3 1 4 1 4 1 4 3 1 3 2 2 1 4 2 2 3 1 4 1 
61.05 ; 6.629e-18 ; True ; 1 30 113 164 389 549  ; 2 1 5 1 5 1 3 3 2 4 2 2 1 4 2 1 2 2 3 1 
62.54 ; 1.032e-17 ; True ; 30 164 389 502 549 879  ; 2 1 4 1 4 1 4 3 2 3 2 3 1 4 3 2 2 1 3 1 
65.76 ; 1.067e-17 ; True ; 30 113 164 219 389 502  ; 3 1 5 1 4 2 3 3 2 3 3 2 1 3 3 2 1 1 3 1 
66.4 ; 1.161e-17 ; True ; 30 164 389 396 549 594 890  ; 4 1 5 1 5 1 5 4 1 3 1 2 1 4 2 3 4 1 4 1 
67.65 ; 1.443e-17 ; True ; 30 100 164 389 507 594 890  ; 3 1 4 1 5 2 5 3 1 3 2 2 1 3 3 3 2 1 4 1 
69.39 ; 1.818e-17 ; True ; 30 164 389 431 549 594 890  ; 4 1 4 1 5 1 4 4 1 3 2 2 1 4 2 3 4 1 4 1 
71.61 ; 1.956e-17 ; True ; 30 164 174 389 594 727 890  ; 5 1 6 1 5 1 5 3 1 3 2 2 2 3 2 2 3 1 4 1 
72.8 ; 1.977e-17 ; True ; 30 164 174 389 727 890 906  ; 5 1 6 1 5 1 5 3 1 3 2 2 2 3 1 2 3 2 4 1 
73.19 ; 2.408e-17 ; True ; 30 164 174 389 549 594 890  ; 4 1 5 1 5 1 5 4 1 3 2 2 2 4 2 2 3 1 4 1 
73.52 ; 3.012e-17 ; True ; 30 100 164 389 507 879 890  ; 3 1 4 1 5 2 5 3 1 3 3 2 1 4 3 3 2 1 5 1 
73.53 ; 3.712e-17 ; True ; 30 164 389 507 549 594 890  ; 3 1 4 1 5 2 5 3 1 3 2 3 1 4 3 3 3 1 4 1 
76.61 ; 4.351e-17 ; True ; 1 30 164 389 507 549 890  ; 3 1 5 1 6 1 5 3 1 3 2 3 2 5 2 3 3 1 5 1 
76.72 ; 4.994e-17 ; True ; 30 164 389 507 549 890 906  ; 3 1 4 1 5 2 5 3 1 3 2 3 1 4 2 3 3 2 4 1 
77.28 ; 5.022e-17 ; True ; 164 174 389 502 507 727 879  ; 3 1 5 1 5 2 5 3 2 2 3 3 2 4 4 2 1 1 4 1 
77.59 ; 7.28e-17 ; True ; 30 164 389 507 549 879 890  ; 3 1 4 1 5 2 5 3 1 3 3 3 1 5 3 3 3 1 5 1 
80.13 ; 9.252e-17 ; True ; 30 164 389 502 507 727 879  ; 3 1 5 1 5 2 5 2 2 3 3 4 1 4 4 3 2 1 4 1 
80.14 ; 9.728e-17 ; True ; 30 164 389 502 507 549 879  ; 2 1 4 1 5 2 5 3 2 3 3 4 1 5 4 3 2 1 4 1 
83.81 ; 1.01e-16 ; True ; 1 30 113 164 389 507 727  ; 3 1 6 1 6 2 4 2 2 4 3 3 1 4 3 2 2 2 4 1 
84.09 ; 1.09e-16 ; True ; 30 164 389 502 549 879 890  ; 3 1 5 1 5 1 5 4 2 3 2 3 2 4 3 3 3 1 4 1 
85.76 ; 1.102e-16 ; True ; 1 30 113 164 389 507 549  ; 2 1 5 1 6 2 4 3 2 4 3 3 1 5 3 2 2 2 4 1 
87.27 ; 1.45e-16 ; True ; 30 113 164 389 502 879 890  ; 3 1 6 1 5 2 4 4 2 4 3 2 2 3 3 3 2 1 4 1 
87.58 ; 1.637e-16 ; True ; 30 113 164 389 549 879 890  ; 3 1 5 1 5 2 4 4 2 4 3 2 1 4 3 2 3 2 4 1 
90.29 ; 1.676e-16 ; True ; 30 113 164 389 502 727 879  ; 3 1 6 1 5 2 4 3 3 4 3 3 1 3 4 2 2 2 3 1 
91.28 ; 1.733e-16 ; True ; 30 113 164 389 502 549 879  ; 2 1 5 1 5 2 4 4 3 4 3 3 1 4 4 2 2 2 3 1 
92.61 ; 1.98e-16 ; True ; 30 128 164 174 389 727 890 906  ; 5 1 7 1 6 1 5 4 2 3 3 3 2 3 2 2 3 2 4 1 
94.54 ; 2.209e-16 ; True ; 1 30 128 164 389 727 890 906  ; 4 1 7 2 6 1 4 3 2 4 2 3 2 3 2 2 3 2 4 1 
96.16 ; 2.346e-16 ; True ; 30 128 164 174 389 549 890 906  ; 4 1 6 1 6 1 5 5 2 3 3 3 2 4 2 2 3 2 4 1 
96.22 ; 2.377e-16 ; True ; 30 128 164 174 389 507 727 906  ; 4 1 6 1 6 2 5 3 2 3 4 4 1 4 3 2 2 2 4 1 
97.13 ; 2.694e-16 ; True ; 30 164 389 396 507 549 879 890  ; 4 1 5 1 6 2 6 4 1 3 3 3 1 6 3 4 4 1 6 1 
98.91 ; 2.878e-16 ; True ; 30 98 164 389 502 507 727 879  ; 3 1 6 1 6 3 6 3 2 3 3 5 1 4 5 3 2 1 4 1 
99.37 ; 3.666e-16 ; True ; 1 30 113 164 174 389 638 727  ; 4 1 7 2 7 1 4 3 2 4 3 3 2 5 2 2 2 2 5 1 
100.3 ; 3.748e-16 ; True ; 20 30 389 396 507 549 890 906  ; 3 1 5 1 6 2 6 3 2 3 2 3 2 4 2 4 4 2 4 1 
101.3 ; 3.778e-16 ; True ; 1 30 164 389 507 549 890 906  ; 3 1 5 2 6 2 5 3 1 4 2 3 2 5 2 3 3 2 5 1 
101.5 ; 3.848e-16 ; True ; 30 100 164 389 502 507 879 890  ; 3 1 5 1 6 2 6 4 2 3 3 3 2 4 4 4 2 1 5 1 
102.1 ; 4.42e-16 ; True ; 30 100 164 389 507 549 879 890  ; 3 1 4 1 6 2 6 4 2 3 3 3 1 5 4 3 3 2 5 1 
102.2 ; 4.478e-16 ; True ; 1 30 113 164 389 638 727 890  ; 4 1 7 2 7 1 4 3 2 4 2 3 2 4 2 3 3 2 5 1 
103.3 ; 5.2e-16 ; True ; 1 30 164 389 507 549 727 890  ; 4 1 6 1 7 1 6 3 2 3 2 4 2 5 3 3 4 2 5 1 
103.9 ; 5.389e-16 ; True ; 30 164 174 389 502 507 727 906  ; 4 1 6 1 6 2 6 3 2 3 3 4 2 4 3 3 2 2 4 1 
105.3 ; 5.766e-16 ; True ; 1 30 113 164 389 549 890 906  ; 3 1 6 2 6 2 4 4 2 5 2 2 2 4 2 2 3 3 4 1 
105.6 ; 6.218e-16 ; True ; 30 164 174 389 502 507 727 879  ; 4 1 6 1 6 2 6 3 2 3 4 4 2 5 4 3 2 1 5 1 
105.6 ; 8.276e-16 ; True ; 30 164 389 502 507 549 879 890  ; 3 1 5 1 6 2 6 4 2 3 3 4 2 5 4 4 3 1 5 1 
109.3 ; 9.372e-16 ; True ; 1 30 113 164 389 507 727 890  ; 4 1 7 1 7 2 5 3 2 4 3 3 2 4 3 3 3 2 5 1 
110.2 ; 1.045e-15 ; True ; 1 30 113 164 389 507 549 890  ; 3 1 6 1 7 2 5 4 2 4 3 3 2 5 3 3 3 2 5 1 
112.2 ; 1.083e-15 ; True ; 30 113 164 389 507 549 879 890  ; 3 1 5 1 6 3 5 4 2 4 4 3 1 5 4 3 3 2 5 1 
115.1 ; 1.12e-15 ; True ; 1 30 113 164 389 549 879 890  ; 3 1 6 2 6 2 4 4 2 5 3 2 2 5 3 2 3 2 5 1 
115.4 ; 1.157e-15 ; True ; 30 164 219 389 502 549 879 890  ; 4 1 5 2 5 2 5 4 2 3 3 3 2 5 4 3 3 1 5 1 
118.7 ; 1.205e-15 ; True ; 1 20 30 128 389 396 549 890 906  ; 3 1 7 2 7 1 5 4 3 4 2 3 3 4 2 3 4 2 4 1 
118.7 ; 1.647e-15 ; True ; 30 113 164 389 502 549 879 890  ; 3 1 6 1 6 2 5 5 3 4 3 3 2 4 4 3 3 2 4 1 
121.2 ; 1.688e-15 ; True ; 1 30 128 164 174 389 507 727 906  ; 4 1 7 2 7 2 5 3 2 4 4 4 2 5 3 2 2 2 5 1 
123.1 ; 1.791e-15 ; True ; 30 128 164 174 389 507 727 890 906  ; 5 1 7 1 7 2 6 4 2 3 4 4 2 4 3 3 3 2 5 1 
124 ; 1.908e-15 ; True ; 1 20 30 389 431 549 727 890 906  ; 4 1 6 2 7 1 5 3 3 4 2 3 3 4 2 3 5 3 4 1 
124.9 ; 2.045e-15 ; True ; 1 20 30 389 396 507 549 890 906  ; 3 1 6 2 7 2 6 3 2 4 2 3 3 5 2 4 4 2 5 1 
125 ; 2.145e-15 ; True ; 1 20 30 113 145 389 638 727 890  ; 3 1 7 2 7 2 4 2 3 4 3 3 3 4 2 3 3 3 5 1 
125.8 ; 2.193e-15 ; True ; 1 30 113 145 164 389 638 727 890  ; 4 1 7 2 7 2 4 3 2 4 3 3 2 5 2 3 3 3 6 1 
126.1 ; 2.318e-15 ; True ; 1 30 128 164 389 507 727 890 906  ; 4 1 7 2 7 2 5 3 2 4 3 4 2 4 3 3 3 2 5 1 
128.1 ; 2.338e-15 ; True ; 1 20 30 113 389 531 549 890 906  ; 3 1 6 2 7 2 4 4 3 5 3 2 3 4 2 2 4 3 4 1 
128.8 ; 2.585e-15 ; True ; 1 30 128 164 389 507 549 890 906  ; 3 1 6 2 7 2 5 4 2 4 3 4 2 5 3 3 3 2 5 1 
128.8 ; 2.617e-15 ; True ; 30 113 164 174 389 638 727 890 906  ; 5 1 7 2 7 2 5 4 2 4 3 3 2 4 2 3 3 3 5 1 
128.8 ; 2.651e-15 ; True ; 1 20 30 113 389 396 549 890 906  ; 3 1 7 2 7 2 5 4 3 5 2 2 3 4 2 3 4 3 4 1 
129.8 ; 2.762e-15 ; True ; 20 30 113 174 389 638 727 890 906  ; 4 1 7 2 7 2 5 3 3 4 3 3 3 3 2 3 3 3 4 1 
129.9 ; 3.003e-15 ; True ; 1 30 164 174 389 507 549 727 906  ; 4 1 6 2 7 2 6 3 2 4 3 4 2 6 3 2 3 3 5 1 
130 ; 3.39e-15 ; True ; 1 30 164 389 507 549 727 890 906  ; 4 1 6 2 7 2 6 3 2 4 2 4 2 5 3 3 4 3 5 1 
133.9 ; 3.909e-15 ; True ; 1 30 113 164 389 549 727 890 906  ; 4 1 7 2 7 2 5 4 3 5 2 3 2 4 3 2 4 4 4 1 
135.3 ; 4.062e-15 ; True ; 30 164 174 389 502 507 727 879 906  ; 4 1 6 2 6 3 6 3 2 4 4 4 2 5 4 3 2 2 5 1 
136 ; 4.311e-15 ; True ; 1 30 113 164 389 507 727 890 906  ; 4 1 7 2 7 3 5 3 2 5 3 3 2 4 3 3 3 3 5 1 
137.2 ; 5.406e-15 ; True ; 30 164 389 502 507 549 879 890 906  ; 3 1 5 2 6 3 6 4 2 4 3 4 2 5 4 4 3 2 5 1 
137.7 ; 5.426e-15 ; True ; 1 30 164 389 507 549 727 879 890  ; 4 1 6 2 7 2 6 3 2 4 3 4 2 6 4 3 4 2 6 1 
140.9 ; 6.108e-15 ; True ; 1 30 113 164 389 507 549 727 890  ; 4 1 7 1 8 2 6 4 3 4 3 4 2 5 4 3 4 3 5 1 
143.8 ; 6.377e-15 ; True ; 1 30 113 164 389 507 727 879 890  ; 4 1 7 2 7 3 5 3 2 5 4 3 2 5 4 3 3 2 6 1 
144.7 ; 6.843e-15 ; True ; 1 30 113 164 389 507 549 879 890  ; 3 1 6 2 7 3 5 4 2 5 4 3 2 6 4 3 3 2 6 1 
145.2 ; 7.477e-15 ; True ; 30 113 164 389 502 507 727 879 890  ; 4 1 7 1 7 3 6 4 3 4 4 4 2 4 5 4 3 2 5 1 
145.2 ; 7.833e-15 ; True ; 30 113 164 389 502 507 549 879 890  ; 3 1 6 1 7 3 6 5 3 4 4 4 2 5 5 4 3 2 5 1 
151 ; 9.022e-15 ; True ; 1 30 128 164 174 389 507 727 890 906  ; 5 1 8 2 8 2 6 4 2 4 4 4 3 5 3 3 3 2 6 1 
152.6 ; 9.135e-15 ; True ; 1 20 30 113 145 174 389 638 727 890  ; 4 1 8 2 8 2 5 3 3 4 4 3 4 5 2 3 3 3 6 1 
152.6 ; 9.358e-15 ; True ; 1 20 30 128 174 389 507 727 890 906  ; 4 1 8 2 8 2 6 3 3 4 4 4 4 4 3 3 3 2 5 1 
153.6 ; 9.621e-15 ; True ; 1 20 30 113 174 389 638 727 890 906  ; 4 1 8 3 8 2 5 3 3 5 3 3 4 4 2 3 3 3 5 1 
154.8 ; 9.846e-15 ; True ; 1 20 30 113 128 174 389 727 890 906  ; 4 1 9 2 8 2 5 4 4 5 4 3 4 3 3 2 3 3 4 1 
155 ; 9.864e-15 ; True ; 30 113 164 219 389 502 727 879 890  ; 5 1 7 2 6 3 5 4 3 4 4 3 2 4 5 3 3 2 5 1 
155 ; 1.098e-14 ; True ; 30 113 164 219 389 502 549 879 890  ; 4 1 6 2 6 3 5 5 3 4 4 3 2 5 5 3 3 2 5 1 
156.1 ; 1.109e-14 ; True ; 1 30 113 128 164 174 389 727 890 906  ; 5 1 9 2 8 2 5 5 3 5 4 3 3 4 3 2 3 3 5 1 
157.4 ; 1.134e-14 ; True ; 1 20 30 113 145 174 389 549 638 727  ; 3 1 7 2 8 2 5 3 4 4 4 4 3 6 3 2 3 4 5 1 
157.4 ; 1.195e-14 ; True ; 1 20 30 113 174 389 549 638 727 906  ; 3 1 7 3 8 2 5 3 4 5 3 4 3 5 3 2 3 4 4 1 
157.5 ; 1.235e-14 ; True ; 1 20 30 389 396 507 549 727 890 906  ; 4 1 7 2 8 2 7 3 3 4 2 4 3 5 3 4 5 3 5 1 
158.7 ; 1.258e-14 ; True ; 1 30 113 174 307 389 549 727 890 906  ; 4 1 7 2 7 2 6 4 3 5 3 3 3 4 3 3 4 4 4 1 
158.7 ; 1.288e-14 ; True ; 1 20 30 389 507 531 549 727 890 906  ; 4 1 6 2 8 2 6 3 3 4 3 4 3 5 3 3 5 3 5 1 
159.3 ; 1.424e-14 ; True ; 1 30 164 174 389 507 549 727 890 906  ; 5 1 7 2 8 2 7 4 2 4 3 4 3 6 3 3 4 3 6 1 
159.4 ; 1.44e-14 ; True ; 1 20 30 113 145 389 549 638 727 890  ; 3 1 7 2 8 2 5 3 4 4 3 4 3 5 3 3 4 4 5 1 
160.5 ; 1.535e-14 ; True ; 1 20 30 174 389 507 549 727 890 906  ; 4 1 7 2 8 2 7 3 3 4 3 4 4 5 3 3 4 3 5 1 
162.5 ; 1.622e-14 ; True ; 1 20 30 389 431 507 549 727 890 906  ; 4 1 6 2 8 2 6 3 3 4 3 4 3 5 3 4 5 3 5 1 
164.3 ; 1.67e-14 ; True ; 1 30 113 164 174 389 549 727 890 906  ; 5 1 8 2 8 2 6 5 3 5 3 3 3 5 3 2 4 4 5 1 
165 ; 1.714e-14 ; True ; 1 20 25 30 389 507 549 727 890 906  ; 3 1 7 3 8 2 7 3 3 5 3 4 3 5 3 3 4 3 5 1 
165.4 ; 1.869e-14 ; True ; 1 20 30 113 389 431 549 727 890 906  ; 4 1 7 2 8 2 5 4 4 5 3 3 3 4 3 3 5 4 4 1 
167.3 ; 1.905e-14 ; True ; 1 20 30 113 389 396 507 549 890 906  ; 3 1 7 2 8 3 6 4 3 5 3 3 3 5 3 4 4 3 5 1 
168.3 ; 1.918e-14 ; True ; 1 30 113 164 174 389 507 549 638 727  ; 4 1 7 2 9 2 6 4 3 4 4 5 2 7 4 3 3 3 6 1 
168.6 ; 1.929e-14 ; True ; 30 164 174 389 502 507 727 879 890 906  ; 5 1 7 2 7 3 7 4 2 4 4 4 3 5 4 4 3 2 6 1 
169.1 ; 2.017e-14 ; True ; 30 164 174 389 507 549 727 879 890 906  ; 5 1 6 2 7 3 7 4 2 4 4 4 2 6 4 3 4 3 6 1 
169.3 ; 2.224e-14 ; True ; 1 30 113 164 389 507 549 638 727 890  ; 4 1 7 2 9 2 6 4 3 4 3 5 2 6 4 4 4 3 6 1 
170.5 ; 2.5e-14 ; True ; 1 30 113 164 389 507 549 727 890 906  ; 4 1 7 2 8 3 6 4 3 5 3 4 2 5 4 3 4 4 5 1 
174.6 ; 2.8e-14 ; True ; 30 164 389 502 507 549 727 879 890 906  ; 4 1 6 2 7 3 7 4 3 4 3 5 2 5 5 4 4 3 5 1 
176 ; 2.961e-14 ; True ; 1 25 30 113 164 389 507 549 727 890  ; 4 1 8 2 9 2 7 5 3 5 4 4 2 6 4 3 4 3 6 1 
178 ; 3.2e-14 ; True ; 1 20 25 30 113 389 507 549 727 890  ; 3 1 8 2 9 2 7 4 4 5 4 4 3 5 4 3 4 3 5 1 
179.7 ; 3.213e-14 ; True ; 30 113 164 389 502 507 549 879 890 906  ; 3 1 6 2 7 4 6 5 3 5 4 4 2 5 5 4 3 3 5 1 
180.3 ; 3.754e-14 ; True ; 1 30 113 164 389 507 549 727 879 890  ; 4 1 7 2 8 3 6 4 3 5 4 4 2 6 5 3 4 3 6 1 
183.5 ; 3.887e-14 ; True ; 30 113 164 219 389 502 507 549 879 890  ; 4 1 6 2 7 4 6 5 3 4 5 4 2 6 6 4 3 2 6 1 
186 ; 3.953e-14 ; True ; 1 30 113 174 307 389 549 638 727 890 906  ; 4 1 7 3 8 2 6 4 3 5 3 4 3 5 3 4 4 4 5 1 
188.8 ; 4.149e-14 ; True ; 1 20 30 113 145 389 549 638 727 890 906  ; 3 1 7 3 8 3 5 3 4 5 3 4 3 5 3 3 4 5 5 1 
189.8 ; 4.478e-14 ; True ; 1 20 30 174 389 396 507 549 727 890 906  ; 5 1 8 2 9 2 8 4 3 4 3 4 4 6 3 4 5 3 6 1 
190.2 ; 4.891e-14 ; True ; 1 30 128 164 174 389 507 549 727 890 906  ; 5 1 8 2 9 2 7 5 3 4 4 5 3 6 4 3 4 3 6 1 
191.8 ; 4.991e-14 ; True ; 1 20 30 128 174 389 507 549 727 890 906  ; 4 1 8 2 9 2 7 4 4 4 4 5 4 5 4 3 4 3 5 1 
191.8 ; 5.09e-14 ; True ; 1 20 30 113 145 174 389 549 638 727 890  ; 4 1 8 2 9 2 6 4 4 4 4 4 4 6 3 3 4 4 6 1 
191.9 ; 5.572e-14 ; True ; 1 20 30 113 174 389 549 638 727 890 906  ; 4 1 8 3 9 2 6 4 4 5 3 4 4 5 3 3 4 4 5 1 
195.7 ; 5.873e-14 ; True ; 1 20 30 113 389 431 549 638 727 890 906  ; 4 1 7 3 9 2 5 4 4 5 3 4 3 5 3 4 5 4 5 1 
198.1 ; 5.981e-14 ; True ; 1 20 25 30 113 389 396 549 727 890 906  ; 4 1 9 3 9 2 7 5 4 6 3 3 3 5 3 3 5 4 5 1 
198.8 ; 6.308e-14 ; True ; 1 20 30 113 174 389 431 549 727 890 906  ; 5 1 8 2 9 2 6 5 4 5 4 3 4 5 3 3 5 4 5 1 
200.2 ; 6.385e-14 ; True ; 1 20 25 30 389 431 507 549 727 890 906  ; 4 1 7 3 9 2 7 4 3 5 4 4 3 6 3 4 5 3 6 1 
201 ; 6.687e-14 ; True ; 20 25 30 113 174 389 549 638 727 890 906  ; 4 1 8 3 9 2 7 5 4 5 4 4 3 5 3 3 4 4 5 1 
201.8 ; 6.828e-14 ; True ; 1 30 113 164 389 507 549 638 727 890 906  ; 4 1 7 3 9 3 6 4 3 5 3 5 2 6 4 4 4 4 6 1 
202.2 ; 7.187e-14 ; True ; 1 20 25 30 113 389 431 549 727 890 906  ; 4 1 8 3 9 2 6 5 4 6 4 3 3 5 3 3 5 4 5 1 
202.7 ; 7.283e-14 ; True ; 1 30 113 164 174 389 507 549 638 727 890  ; 5 1 8 2 10 2 7 5 3 4 4 5 3 7 4 4 4 3 7 1 
203.9 ; 7.964e-14 ; True ; 1 20 30 113 389 396 507 549 727 890 906  ; 4 1 8 2 9 3 7 4 4 5 3 4 3 5 4 4 5 4 5 1 
204.8 ; 8.623e-14 ; True ; 1 30 113 164 174 389 507 549 727 890 906  ; 5 1 8 2 9 3 7 5 3 5 4 4 3 6 4 3 4 4 6 1 
206 ; 8.799e-14 ; True ; 1 20 30 113 174 389 507 549 727 890 906  ; 4 1 8 2 9 3 7 4 4 5 4 4 4 5 4 3 4 4 5 1 
208.9 ; 9.455e-14 ; True ; 1 20 30 113 389 431 507 549 727 890 906  ; 4 1 7 2 9 3 6 4 4 5 4 4 3 5 4 4 5 4 5 1 
210.8 ; 9.701e-14 ; True ; 30 164 174 389 502 507 549 727 879 890 906  ; 5 1 7 2 8 3 8 5 3 4 4 5 3 6 5 4 4 3 6 1 
212.1 ; 9.708e-14 ; True ; 1 30 164 389 502 507 549 727 879 890 906  ; 4 1 7 3 8 3 7 4 3 5 3 5 3 6 5 4 4 3 6 1 
212.5 ; 9.894e-14 ; True ; 1 30 113 164 389 396 507 549 727 879 890  ; 5 1 8 2 9 3 7 5 3 5 4 4 2 7 5 4 5 3 7 1 
214.2 ; 1.05e-13 ; True ; 1 20 25 30 113 389 431 507 549 727 890  ; 4 1 8 2 10 2 7 5 4 5 5 4 3 6 4 4 5 3 6 1 
215.3 ; 1.065e-13 ; True ; 1 30 113 164 389 502 507 549 727 890 906  ; 4 1 8 2 9 3 7 5 4 5 3 5 3 5 5 4 4 4 5 1 
216.5 ; 1.153e-13 ; True ; 1 30 113 164 174 389 507 549 727 879 890  ; 5 1 8 2 9 3 7 5 3 5 5 4 3 7 5 3 4 3 7 1 
218.6 ; 1.196e-13 ; True ; 1 20 30 113 389 396 507 549 727 879 890  ; 4 1 8 2 9 3 7 4 4 5 4 4 3 6 5 4 5 3 6 1 
219.7 ; 1.208e-13 ; True ; 1 30 113 128 174 307 389 549 638 727 890 906  ; 4 1 8 3 9 2 6 5 4 5 4 5 3 5 4 4 4 4 5 1 
221.1 ; 1.234e-13 ; True ; 30 113 164 389 502 507 549 727 879 890 906  ; 4 1 7 2 8 4 7 5 4 5 4 5 2 5 6 4 4 4 5 1 
222.2 ; 1.267e-13 ; True ; 1 20 30 113 128 174 389 431 638 727 890 906  ; 5 1 9 3 10 2 5 5 4 5 5 4 4 5 3 4 4 3 6 1 
223.7 ; 1.331e-13 ; True ; 1 20 30 113 389 431 507 549 727 879 890  ; 4 1 7 2 9 3 6 4 4 5 5 4 3 6 5 4 5 3 6 1 
224 ; 1.537e-13 ; True ; 1 30 113 164 389 502 507 549 727 879 890  ; 4 1 8 2 9 3 7 5 4 5 4 5 3 6 6 4 4 3 6 1 
226.5 ; 1.577e-13 ; True ; 1 20 30 113 128 174 389 549 638 727 890 906  ; 4 1 9 3 10 2 6 5 5 5 4 5 4 5 4 3 4 4 5 1 
228 ; 1.585e-13 ; True ; 1 30 113 128 164 174 389 549 638 727 890 906  ; 5 1 9 3 10 2 6 6 4 5 4 5 3 6 4 3 4 4 6 1 
230.8 ; 1.586e-13 ; True ; 1 20 30 113 128 174 389 507 638 727 890 906  ; 4 1 9 3 10 3 6 4 4 5 5 5 4 5 4 4 3 3 6 1 
231.1 ; 1.836e-13 ; True ; 1 20 30 113 174 389 431 549 638 727 890 906  ; 5 1 8 3 10 2 6 5 4 5 4 4 4 6 3 4 5 4 6 1 
234.4 ; 1.859e-13 ; True ; 1 20 25 30 113 389 431 549 638 727 890 906  ; 4 1 8 4 10 2 6 5 4 6 4 4 3 6 3 4 5 4 6 1 
236.5 ; 1.867e-13 ; True ; 1 20 30 113 157 389 431 549 638 727 890 906  ; 4 1 7 3 10 3 6 5 5 5 3 5 4 5 3 4 5 4 5 1 
237.3 ; 2.001e-13 ; True ; 1 20 30 113 389 396 507 531 549 727 890 906  ; 5 1 8 2 10 3 7 5 4 5 4 4 3 6 4 4 6 4 6 1 
238 ; 2.041e-13 ; True ; 1 20 30 113 389 396 507 549 638 727 890 906  ; 4 1 8 3 10 3 7 4 4 5 3 5 3 6 4 5 5 4 6 1 
238.1 ; 2.236e-13 ; True ; 1 30 113 164 174 389 507 549 638 727 890 906  ; 5 1 8 3 10 3 7 5 3 5 4 5 3 7 4 4 4 4 7 1 
239.2 ; 2.403e-13 ; True ; 1 20 30 113 174 389 507 549 638 727 890 906  ; 4 1 8 3 10 3 7 4 4 5 4 5 4 6 4 4 4 4 6 1 
243.1 ; 2.424e-13 ; True ; 1 20 30 113 389 431 507 549 638 727 890 906  ; 4 1 7 3 10 3 6 4 4 5 4 5 3 6 4 5 5 4 6 1 
245.5 ; 2.473e-13 ; True ; 1 20 25 30 113 174 389 507 549 638 727 890  ; 4 1 9 3 11 2 8 5 4 5 5 5 4 7 4 4 4 3 7 1 
245.5 ; 2.714e-13 ; True ; 1 20 25 30 113 389 396 507 549 727 890 906  ; 4 1 9 3 10 3 8 5 4 6 4 4 3 6 4 4 5 4 6 1 
246.2 ; 2.718e-13 ; True ; 1 20 30 113 174 389 431 507 549 727 890 906  ; 5 1 8 2 10 3 7 5 4 5 5 4 4 6 4 4 5 4 6 1 
247.6 ; 2.813e-13 ; True ; 1 20 25 30 113 174 389 507 549 727 890 906  ; 4 1 9 3 10 3 8 5 4 6 5 4 4 6 4 3 4 4 6 1 
250.6 ; 3.097e-13 ; True ; 1 20 25 30 113 389 431 507 549 727 890 906  ; 4 1 8 3 10 3 7 5 4 6 5 4 3 6 4 4 5 4 6 1 
255.2 ; 3.145e-13 ; True ; 1 20 30 113 389 396 507 549 727 879 890 906  ; 4 1 8 3 9 4 7 4 4 6 4 4 3 6 5 4 5 4 6 1 
256.9 ; 3.408e-13 ; True ; 1 20 30 113 164 389 431 507 549 727 890 906  ; 5 1 8 2 10 3 7 5 4 5 4 4 3 6 4 4 5 4 6 2 
259.8 ; 3.409e-13 ; True ; 1 20 30 113 128 174 389 440 549 638 727 890 906  ; 5 1 10 3 11 2 6 6 5 6 4 6 4 6 4 3 4 4 6 1 
260.2 ; 3.49e-13 ; True ; 1 25 30 113 164 389 502 507 549 727 890 906  ; 4 1 9 3 10 3 8 6 4 6 4 5 3 6 5 4 4 4 6 1 
261 ; 3.568e-13 ; True ; 1 30 113 164 389 396 502 507 549 727 879 890  ; 5 1 9 2 10 3 8 6 4 5 4 5 3 7 6 5 5 3 7 1 
262.2 ; 3.793e-13 ; True ; 30 113 164 174 389 502 507 549 727 879 890 906  ; 5 1 8 2 9 4 8 6 4 5 5 5 3 6 6 4 4 4 6 1 
262.5 ; 4.041e-13 ; True ; 1 30 113 164 389 502 507 549 727 879 890 906  ; 4 1 8 3 9 4 7 5 4 6 4 5 3 6 6 4 4 4 6 1 
264.9 ; 4.122e-13 ; True ; 1 20 30 113 128 174 389 396 549 638 727 890 906  ; 5 1 10 3 11 2 7 6 5 5 4 5 4 6 4 4 5 4 6 1 
267.4 ; 4.303e-13 ; True ; 1 20 30 113 145 174 389 431 549 638 727 890 906  ; 5 1 8 3 10 3 6 5 4 5 5 4 4 7 3 4 5 5 7 1 
269.1 ; 4.686e-13 ; True ; 1 20 30 113 128 174 389 431 549 638 727 890 906  ; 5 1 9 3 11 2 6 6 5 5 5 5 4 6 4 4 5 4 6 1 
273.3 ; 4.783e-13 ; True ; 1 20 30 113 174 330 389 507 549 638 727 890 906  ; 5 1 9 3 10 3 8 4 5 5 4 6 4 6 4 4 4 5 6 1 
274.1 ; 4.978e-13 ; True ; 1 30 113 164 219 389 502 507 549 727 879 890  ; 5 1 8 3 9 4 7 5 4 5 5 5 3 7 7 4 4 3 7 1 
275.5 ; 5.022e-13 ; True ; 1 20 30 113 145 174 389 507 549 638 727 890 906  ; 4 1 8 3 10 4 7 4 4 5 5 5 4 7 4 4 4 5 7 1 
275.6 ; 5.174e-13 ; True ; 1 20 30 113 174 389 440 507 549 638 727 890 906  ; 5 1 9 3 11 3 7 5 4 6 4 6 4 7 4 4 4 4 7 1 
276.3 ; 5.492e-13 ; True ; 1 30 113 128 164 174 389 507 549 638 727 890 906  ; 5 1 9 3 11 3 7 6 4 5 5 6 3 7 5 4 4 4 7 1 
277.3 ; 5.8e-13 ; True ; 1 20 30 113 174 389 396 507 549 638 727 890 906  ; 5 1 9 3 11 3 8 5 4 5 4 5 4 7 4 5 5 4 7 1 
282.3 ; 5.84e-13 ; True ; 1 20 30 113 174 389 396 431 507 549 727 890 906  ; 6 1 9 2 11 3 8 6 4 5 5 4 4 7 4 5 6 4 7 1 
282.4 ; 6.617e-13 ; True ; 1 20 30 113 174 389 431 507 549 638 727 890 906  ; 5 1 8 3 11 3 7 5 4 5 5 5 4 7 4 5 5 4 7 1 
286.6 ; 6.839e-13 ; True ; 1 20 25 30 113 174 389 396 507 549 727 890 906  ; 5 1 10 3 11 3 9 6 4 6 5 4 4 7 4 4 5 4 7 1 
290.1 ; 7.019e-13 ; True ; 1 20 30 113 164 389 507 531 549 638 727 890 906  ; 5 1 8 3 11 3 7 5 4 5 4 5 3 7 4 4 5 4 7 2 
291.2 ; 8.026e-13 ; True ; 1 20 30 113 164 174 389 507 549 638 727 890 906  ; 5 1 9 3 11 3 8 5 4 5 4 5 4 7 4 4 4 4 7 2 
295.1 ; 8.296e-13 ; True ; 1 20 30 113 164 389 431 507 549 638 727 890 906  ; 5 1 8 3 11 3 7 5 4 5 4 5 3 7 4 5 5 4 7 2 
297.4 ; 8.379e-13 ; True ; 1 20 30 113 174 389 396 507 549 727 879 890 906  ; 5 1 9 3 10 4 8 5 4 6 5 4 4 7 5 4 5 4 7 1 
298.1 ; 8.417e-13 ; True ; 1 20 30 113 164 174 389 431 507 549 727 890 906  ; 6 1 9 2 11 3 8 6 4 5 5 4 4 7 4 4 5 4 7 2 
300.5 ; 8.884e-13 ; True ; 1 20 25 30 113 164 174 389 507 549 727 890 906  ; 5 1 10 3 11 3 9 6 4 6 5 4 4 7 4 3 4 4 7 2 
303.4 ; 9.18e-13 ; True ; 1 20 30 113 174 389 431 507 549 727 879 890 906  ; 5 1 8 3 10 4 7 5 4 6 6 4 4 7 5 4 5 4 7 1 
303.5 ; 9.383e-13 ; True ; 1 30 113 164 389 396 502 507 549 727 879 890 906  ; 5 1 9 3 10 4 8 6 4 6 4 5 3 7 6 5 5 4 7 1 
305.6 ; 1.036e-12 ; True ; 1 30 113 164 174 389 502 507 549 727 879 890 906  ; 5 1 9 3 10 4 8 6 4 6 5 5 4 7 6 4 4 4 7 1 
307.1 ; 1.05e-12 ; True ; 1 20 30 113 164 389 396 507 549 727 879 890 906  ; 5 1 9 3 10 4 8 5 4 6 4 4 3 7 5 4 5 4 7 2 
310.1 ; 1.088e-12 ; True ; 1 20 30 113 164 174 389 507 549 727 879 890 906  ; 5 1 9 3 10 4 8 5 4 6 5 4 4 7 5 3 4 4 7 2 
313.1 ; 1.199e-12 ; True ; 1 20 30 113 164 389 431 507 549 727 879 890 906  ; 5 1 8 3 10 4 7 5 4 6 5 4 3 7 5 4 5 4 7 2 
316.9 ; 1.201e-12 ; True ; 1 20 30 113 128 174 389 431 549 638 716 727 890 906  ; 5 1 9 4 12 3 7 6 5 5 5 5 4 6 5 4 6 4 6 1 
319.2 ; 1.324e-12 ; True ; 1 20 30 113 128 174 389 396 507 549 638 727 890 906  ; 5 1 10 3 12 3 8 6 5 5 5 6 4 7 5 5 5 4 7 1 
321.5 ; 1.361e-12 ; True ; 1 20 30 113 164 389 502 507 549 727 879 890 906  ; 4 1 9 3 10 4 8 5 5 6 4 5 4 6 6 4 4 4 6 2 
324.4 ; 1.464e-12 ; True ; 1 20 30 113 128 174 389 431 507 549 638 727 890 906  ; 5 1 9 3 12 3 7 6 5 5 6 6 4 7 5 5 5 4 7 1 
329.9 ; 1.59e-12 ; True ; 1 20 25 30 113 174 389 431 507 549 638 727 890 906  ; 5 1 9 4 12 3 8 6 4 6 6 5 4 8 4 5 5 4 8 1 
332.4 ; 1.658e-12 ; True ; 1 20 30 113 164 174 389 507 549 636 638 727 890 906  ; 5 1 9 3 12 3 9 5 4 5 4 6 5 7 4 4 5 5 7 2 
333.1 ; 1.702e-12 ; True ; 1 20 30 113 164 174 389 396 507 549 638 727 890 906  ; 6 1 10 3 12 3 9 6 4 5 4 5 4 8 4 5 5 4 8 2 
333.7 ; 1.832e-12 ; True ; 1 20 30 113 128 164 174 389 507 549 638 727 890 906  ; 5 1 10 3 12 3 8 6 5 5 5 6 4 7 5 4 4 4 7 2 
338.3 ; 1.975e-12 ; True ; 1 20 30 113 164 174 389 431 507 549 638 727 890 906  ; 6 1 9 3 12 3 8 6 4 5 5 5 4 8 4 5 5 4 8 2 
348.1 ; 2.072e-12 ; True ; 1 20 30 113 164 174 389 431 549 638 727 879 890 906  ; 6 1 9 4 11 3 7 6 4 6 5 4 4 8 4 4 5 4 8 2 
349.5 ; 2.14e-12 ; True ; 1 30 113 164 174 389 396 502 507 549 727 879 890 906  ; 6 1 10 3 11 4 9 7 4 6 5 5 4 8 6 5 5 4 8 1 
350.1 ; 2.192e-12 ; True ; 1 20 30 113 164 389 396 507 549 638 727 879 890 906  ; 5 1 9 4 11 4 8 5 4 6 4 5 3 8 5 5 5 4 8 2 
352.3 ; 2.419e-12 ; True ; 1 20 30 113 164 174 389 507 549 638 727 879 890 906  ; 5 1 9 4 11 4 8 5 4 6 5 5 4 8 5 4 4 4 8 2 
353.1 ; 2.459e-12 ; True ; 1 20 30 113 164 174 389 396 507 549 727 879 890 906  ; 6 1 10 3 11 4 9 6 4 6 5 4 4 8 5 4 5 4 8 2 
354.1 ; 2.482e-12 ; True ; 1 20 30 113 164 389 396 431 507 549 727 879 890 906  ; 6 1 9 3 11 4 8 6 4 6 5 4 3 8 5 5 6 4 8 2 
356.2 ; 2.5e-12 ; True ; 1 20 30 113 164 389 431 507 549 638 727 879 890 906  ; 5 1 8 4 11 4 7 5 4 6 5 5 3 8 5 5 5 4 8 2 
359.2 ; 2.74e-12 ; True ; 1 20 30 113 164 174 389 431 507 549 727 879 890 906  ; 6 1 9 3 11 4 8 6 4 6 6 4 4 8 5 4 5 4 8 2 
366 ; 2.849e-12 ; True ; 1 20 30 113 128 174 389 431 507 549 636 638 727 890 906  ; 5 1 9 3 13 3 8 6 5 5 6 7 5 7 5 5 6 5 7 1 
366.4 ; 3.105e-12 ; True ; 1 20 30 113 164 389 396 502 507 549 727 879 890 906  ; 5 1 10 3 11 4 9 6 5 6 4 5 4 7 6 5 5 4 7 2 
368.6 ; 3.214e-12 ; True ; 1 20 30 113 164 174 389 502 507 549 727 879 890 906  ; 5 1 10 3 11 4 9 6 5 6 5 5 5 7 6 4 4 4 7 2 
373.4 ; 3.604e-12 ; True ; 1 20 30 113 164 389 431 502 507 549 727 879 890 906  ; 5 1 9 3 11 4 8 6 5 6 5 5 4 7 6 5 5 4 7 2 
377.2 ; 3.685e-12 ; True ; 1 20 30 113 128 164 174 389 507 549 636 638 727 890 906  ; 5 1 10 3 13 3 9 6 5 5 5 7 5 7 5 4 5 5 7 2 
378.9 ; 3.76e-12 ; True ; 1 20 30 113 128 164 174 389 396 507 549 638 727 890 906  ; 6 1 11 3 13 3 9 7 5 5 5 6 4 8 5 5 5 4 8 2 
382.5 ; 3.919e-12 ; True ; 1 20 30 113 164 174 389 431 507 549 636 638 727 890 906  ; 6 1 9 3 13 3 9 6 4 5 5 6 5 8 4 5 6 5 8 2 
384.1 ; 4.218e-12 ; True ; 1 20 30 113 128 164 174 389 431 507 549 638 727 890 906  ; 6 1 10 3 13 3 8 7 5 5 6 6 4 8 5 5 5 4 8 2 
390.7 ; 4.424e-12 ; True ; 1 20 25 30 113 164 174 389 431 507 549 638 727 890 906  ; 6 1 10 4 13 3 9 7 4 6 6 5 4 9 4 5 5 4 9 2 
393.6 ; 4.473e-12 ; True ; 1 20 25 30 113 164 174 389 431 507 549 636 727 890 906  ; 6 1 10 3 13 3 10 7 4 6 6 5 5 8 4 4 6 5 8 2 
394.9 ; 4.604e-12 ; True ; 1 20 30 113 128 164 174 389 431 549 638 727 879 890 906  ; 6 1 10 4 12 3 7 7 5 6 6 5 4 8 5 4 5 4 8 2 
398.2 ; 4.637e-12 ; True ; 1 20 30 113 164 389 396 507 549 636 638 727 879 890 906  ; 5 1 9 4 12 4 9 5 4 6 4 6 4 8 5 5 6 5 8 2 
398.2 ; 4.993e-12 ; True ; 1 20 30 113 164 174 389 396 507 549 638 727 879 890 906  ; 6 1 10 4 12 4 9 6 4 6 5 5 4 9 5 5 5 4 9 2 
399.4 ; 4.998e-12 ; True ; 1 20 30 113 164 174 389 507 549 636 638 727 879 890 906  ; 5 1 9 4 12 4 9 5 4 6 5 6 5 8 5 4 5 5 8 2 
399.7 ; 5.098e-12 ; True ; 1 20 30 113 128 164 174 389 507 549 638 727 879 890 906  ; 5 1 10 4 12 4 8 6 5 6 6 6 4 8 6 4 4 4 8 2 
401.5 ; 5.218e-12 ; True ; 1 20 30 113 128 164 174 389 396 507 549 727 879 890 906  ; 6 1 11 3 12 4 9 7 5 6 6 5 4 8 6 4 5 4 8 2 
403.2 ; 5.315e-12 ; True ; 1 20 30 113 164 389 396 431 507 549 636 727 879 890 906  ; 6 1 9 3 12 4 9 6 4 6 5 5 4 8 5 5 7 5 8 2 
404.3 ; 5.334e-12 ; True ; 1 20 30 113 164 389 431 507 549 636 638 727 879 890 906  ; 5 1 8 4 12 4 8 5 4 6 5 6 4 8 5 5 6 5 8 2 
404.3 ; 5.564e-12 ; True ; 1 20 30 113 164 174 389 431 507 549 638 727 879 890 906  ; 6 1 9 4 12 4 8 6 4 6 6 5 4 9 5 5 5 4 9 2 
407.4 ; 5.657e-12 ; True ; 1 20 30 113 164 174 389 431 507 549 636 727 879 890 906  ; 6 1 9 3 12 4 9 6 4 6 6 5 5 8 5 4 6 5 8 2 
407.6 ; 5.693e-12 ; True ; 1 20 30 113 128 164 174 389 431 507 549 727 879 890 906  ; 6 1 10 3 12 4 8 7 5 6 7 5 4 8 6 4 5 4 8 2 
415.3 ; 5.984e-12 ; True ; 1 20 30 113 164 389 396 502 507 549 638 727 879 890 906  ; 5 1 10 4 12 4 9 6 5 6 4 6 4 8 6 6 5 4 8 2 
416.4 ; 6.559e-12 ; True ; 1 20 30 113 164 174 389 396 502 507 549 727 879 890 906  ; 6 1 11 3 12 4 10 7 5 6 5 5 5 8 6 5 5 4 8 2 
419.3 ; 6.871e-12 ; True ; 1 20 30 113 164 389 396 431 502 507 549 727 879 890 906  ; 6 1 10 3 12 4 9 7 5 6 5 5 4 8 6 6 6 4 8 2 
422.3 ; 6.945e-12 ; True ; 1 20 30 113 164 389 431 502 507 549 638 727 879 890 906  ; 5 1 9 4 12 4 8 6 5 6 5 6 4 8 6 6 5 4 8 2 
423.4 ; 7.399e-12 ; True ; 1 20 30 113 164 174 389 431 502 507 549 727 879 890 906  ; 6 1 10 3 12 4 9 7 5 6 6 5 5 8 6 5 5 4 8 2 
430.7 ; 8.145e-12 ; True ; 1 20 30 113 128 164 174 389 431 507 549 636 638 727 890 906  ; 6 1 10 3 14 3 9 7 5 5 6 7 5 8 5 5 6 5 8 2 
437.2 ; 8.21e-12 ; True ; 1 20 30 113 128 164 174 389 396 549 636 638 727 879 890 906  ; 6 1 11 4 13 3 9 7 5 6 5 6 5 8 5 4 6 5 8 2 
439.8 ; 8.488e-12 ; True ; 1 20 30 113 164 174 389 431 507 549 636 638 716 727 890 906  ; 6 1 9 4 14 4 10 6 4 5 5 6 5 8 5 5 7 5 8 2 
442.4 ; 9.21e-12 ; True ; 1 20 30 113 128 164 174 389 431 549 636 638 727 879 890 906  ; 6 1 10 4 13 3 8 7 5 6 6 6 5 8 5 4 6 5 8 2 
448.3 ; 9.852e-12 ; True ; 1 20 30 113 164 174 389 396 507 549 636 638 727 879 890 906  ; 6 1 10 4 13 4 10 6 4 6 5 6 5 9 5 5 6 5 9 2 
448.9 ; 1.018e-11 ; True ; 1 20 30 113 128 164 174 389 396 507 549 638 727 879 890 906  ; 6 1 11 4 13 4 9 7 5 6 6 6 4 9 6 5 5 4 9 2 
449.2 ; 1.025e-11 ; True ; 1 20 30 113 128 164 174 389 507 549 636 638 727 879 890 906  ; 5 1 10 4 13 4 9 6 5 6 6 7 5 8 6 4 5 5 8 2 
452 ; 1.03e-11 ; True ; 1 20 30 113 128 164 174 389 396 507 549 636 727 879 890 906  ; 6 1 11 3 13 4 10 7 5 6 6 6 5 8 6 4 6 5 8 2 
454.3 ; 1.031e-11 ; True ; 1 20 30 113 164 174 389 396 431 507 549 636 727 879 890 906  ; 7 1 10 3 13 4 10 7 4 6 6 5 5 9 5 5 7 5 9 2 
454.4 ; 1.104e-11 ; True ; 1 20 30 113 164 174 389 431 507 549 636 638 727 879 890 906  ; 6 1 9 4 13 4 9 6 4 6 6 6 5 9 5 5 6 5 9 2 
455.1 ; 1.111e-11 ; True ; 1 20 30 113 128 164 174 389 431 507 549 638 727 879 890 906  ; 6 1 10 4 13 4 8 7 5 6 7 6 4 9 6 5 5 4 9 2 
458.1 ; 1.129e-11 ; True ; 1 20 30 113 128 164 174 389 431 507 549 636 727 879 890 906  ; 6 1 10 3 13 4 9 7 5 6 7 6 5 8 6 4 6 5 8 2 
467.2 ; 1.23e-11 ; True ; 1 20 30 113 164 174 389 396 502 507 549 638 727 879 890 906  ; 6 1 11 4 13 4 10 7 5 6 5 6 5 9 6 6 5 4 9 2 
469.4 ; 1.237e-11 ; True ; 1 20 30 113 164 174 389 502 507 549 636 638 727 879 890 906  ; 5 1 10 4 13 4 10 6 5 6 5 7 6 8 6 5 5 5 8 2 
470.3 ; 1.238e-11 ; True ; 1 20 30 113 164 174 389 396 502 507 549 636 727 879 890 906  ; 6 1 11 3 13 4 11 7 5 6 5 6 6 8 6 5 6 5 8 2 
471.1 ; 1.255e-11 ; True ; 1 20 30 113 164 389 396 431 502 507 549 638 727 879 890 906  ; 6 1 10 4 13 4 9 7 5 6 5 6 4 9 6 7 6 4 9 2 
472.2 ; 1.299e-11 ; True ; 1 20 30 113 164 174 389 396 431 502 507 549 727 879 890 906  ; 7 1 11 3 13 4 10 8 5 6 6 5 5 9 6 6 6 4 9 2 
474.3 ; 1.388e-11 ; True ; 1 20 30 113 164 174 389 431 502 507 549 638 727 879 890 906  ; 6 1 10 4 13 4 9 7 5 6 6 6 5 9 6 6 5 4 9 2 
477.4 ; 1.402e-11 ; True ; 1 20 30 113 164 174 389 431 502 507 549 636 727 879 890 906  ; 6 1 10 3 13 4 10 7 5 6 6 6 6 8 6 5 6 5 8 2 
487.2 ; 1.411e-11 ; True ; 20 25 30 113 164 389 431 502 507 549 636 638 727 879 890 906  ; 5 1 9 4 13 4 10 7 5 6 6 7 4 8 6 6 6 5 8 2 
488.6 ; 1.45e-11 ; True ; 1 20 30 113 164 174 389 431 502 507 549 716 727 879 890 906  ; 6 1 10 4 13 5 10 7 5 6 6 5 5 8 7 5 6 4 8 2 
489.1 ; 1.458e-11 ; True ; 1 20 30 113 128 164 174 389 396 431 507 549 636 638 716 727 906  ; 6 1 10 4 15 4 10 7 5 5 6 7 4 9 6 5 7 5 8 2 
490.3 ; 1.512e-11 ; True ; 1 20 30 113 128 164 174 330 389 431 549 636 638 727 879 890 906  ; 7 1 11 4 13 3 9 7 6 6 6 7 5 8 5 4 6 6 8 2 
491.3 ; 1.696e-11 ; True ; 1 20 30 113 128 164 174 389 431 507 549 636 638 716 727 890 906  ; 6 1 10 4 15 4 10 7 5 5 6 7 5 8 6 5 7 5 8 2 
500.4 ; 1.778e-11 ; True ; 1 20 30 113 128 174 307 389 431 507 549 636 638 727 879 890 906  ; 5 1 9 4 13 4 9 6 5 6 7 7 5 8 6 6 6 5 8 2 
501.3 ; 1.956e-11 ; True ; 1 20 30 113 128 164 174 389 396 507 549 636 638 727 879 890 906  ; 6 1 11 4 14 4 10 7 5 6 6 7 5 9 6 5 6 5 9 2 
507.2 ; 1.992e-11 ; True ; 1 20 30 113 128 164 389 396 431 507 549 636 638 727 879 890 906  ; 6 1 10 4 14 4 9 7 5 6 6 7 4 9 6 6 7 5 9 2 
507.5 ; 2.145e-11 ; True ; 1 20 30 113 128 164 174 389 431 507 549 636 638 727 879 890 906  ; 6 1 10 4 14 4 9 7 5 6 7 7 5 9 6 5 6 5 9 2 
522.7 ; 2.153e-11 ; True ; 1 20 30 113 128 164 174 389 431 507 549 636 716 727 879 890 906  ; 6 1 10 4 14 5 10 7 5 6 7 6 5 8 7 4 7 5 8 2 
523.1 ; 2.252e-11 ; True ; 1 20 30 113 128 164 174 389 502 507 549 636 638 727 879 890 906  ; 5 1 11 4 14 4 10 7 6 6 6 8 6 8 7 5 5 5 8 2 
523.1 ; 2.26e-11 ; True ; 1 20 30 113 164 174 389 396 502 507 549 636 638 727 879 890 906  ; 6 1 11 4 14 4 11 7 5 6 5 7 6 9 6 6 6 5 9 2 
527.9 ; 2.343e-11 ; True ; 1 20 30 113 164 389 396 431 502 507 549 636 638 727 879 890 906  ; 6 1 10 4 14 4 10 7 5 6 5 7 5 9 6 7 7 5 9 2 
529 ; 2.458e-11 ; True ; 1 20 30 113 128 164 174 389 431 502 507 549 638 727 879 890 906  ; 6 1 11 4 14 4 9 8 6 6 7 7 5 9 7 6 5 4 9 2 
530.2 ; 2.559e-11 ; True ; 1 20 30 113 164 174 389 431 502 507 549 636 638 727 879 890 906  ; 6 1 10 4 14 4 10 7 5 6 6 7 6 9 6 6 6 5 9 2 
542 ; 2.706e-11 ; True ; 1 20 30 113 128 164 174 330 389 431 507 549 636 638 716 727 890 906  ; 7 1 11 4 15 4 11 7 6 5 6 8 5 8 6 5 7 6 8 2 
553.7 ; 2.707e-11 ; True ; 1 20 30 113 128 164 174 307 330 389 431 549 636 638 727 879 890 906  ; 7 1 11 4 13 3 10 7 6 6 6 7 5 8 5 5 6 6 8 3 
554 ; 3.105e-11 ; True ; 1 20 30 113 128 164 174 330 389 396 507 549 636 638 727 879 890 906  ; 7 1 12 4 14 4 11 7 6 6 6 8 5 9 6 5 6 6 9 2 
559.9 ; 3.196e-11 ; True ; 1 20 30 113 128 164 174 330 389 396 431 507 549 638 727 879 890 906  ; 8 1 12 4 14 4 10 8 6 6 7 7 4 10 6 6 6 5 10 2 
562 ; 3.397e-11 ; True ; 1 20 30 113 128 164 174 389 431 507 549 636 638 694 727 879 890 906  ; 7 1 11 4 15 4 9 8 5 6 7 7 5 9 6 6 7 5 10 2 
573.9 ; 3.691e-11 ; True ; 1 20 30 113 128 164 174 307 389 431 507 549 636 638 727 879 890 906  ; 6 1 10 4 14 4 10 7 5 6 7 7 5 9 6 6 6 5 9 3 
577 ; 3.863e-11 ; True ; 1 20 30 113 128 164 174 389 431 457 507 549 636 638 727 879 890 906  ; 6 1 10 5 14 5 9 7 6 6 7 7 5 9 7 5 6 5 9 2 
580 ; 4.017e-11 ; True ; 1 20 30 113 128 164 174 389 396 502 507 549 636 638 727 879 890 906  ; 6 1 12 4 15 4 11 8 6 6 6 8 6 9 7 6 6 5 9 2 
584 ; 4.041e-11 ; True ; 1 20 30 113 128 164 174 389 396 431 502 507 549 638 727 879 890 906  ; 7 1 12 4 15 4 10 9 6 6 7 7 5 10 7 7 6 4 10 2 
586.8 ; 4.065e-11 ; True ; 1 20 30 113 128 145 164 174 389 431 502 507 549 638 727 879 890 906  ; 6 1 11 4 14 5 9 8 6 6 8 7 5 10 7 6 5 5 10 2 
587.2 ; 4.445e-11 ; True ; 1 20 30 113 128 164 174 389 431 502 507 549 636 638 727 879 890 906  ; 6 1 11 4 15 4 10 8 6 6 7 8 6 9 7 6 6 5 9 2 
602.5 ; 4.626e-11 ; True ; 1 20 30 113 128 164 174 389 431 502 507 549 636 716 727 879 890 906  ; 6 1 11 4 15 5 11 8 6 6 7 7 6 8 8 5 7 5 8 2 
612.4 ; 4.912e-11 ; True ; 1 20 30 113 128 164 174 219 389 396 502 507 549 636 727 879 890 906  ; 7 1 12 4 14 5 11 8 6 6 7 7 6 9 8 5 6 5 9 2 
617.6 ; 4.937e-11 ; True ; 1 20 30 113 128 157 164 174 389 431 507 549 636 638 679 716 727 890 906  ; 7 1 11 4 17 5 11 9 6 5 7 8 6 8 6 6 7 5 9 2 
619.7 ; 5.118e-11 ; True ; 1 20 30 113 128 164 330 389 396 431 486 507 549 636 638 727 879 890 906  ; 8 1 12 5 15 4 10 7 6 7 6 8 4 10 6 6 7 6 10 2 
622.2 ; 5.266e-11 ; True ; 1 20 30 113 128 164 174 307 330 389 431 549 636 638 716 727 879 890 906  ; 7 1 11 5 14 4 11 7 6 6 6 7 5 8 6 5 7 6 8 3 
630.9 ; 5.281e-11 ; True ; 1 20 30 113 128 164 307 330 389 431 486 507 549 636 638 727 879 890 906  ; 7 1 11 5 14 4 10 6 6 7 6 8 4 9 6 6 6 6 9 3 
631.7 ; 6.016e-11 ; True ; 1 20 30 113 128 164 174 330 389 431 457 507 549 636 638 727 879 890 906  ; 7 1 11 5 14 5 10 7 7 6 7 8 5 9 7 5 6 6 9 2 
642.3 ; 6.033e-11 ; True ; 1 20 30 113 128 164 174 389 396 502 507 549 636 638 727 845 879 890 906  ; 7 1 13 4 16 4 11 9 6 6 7 8 6 9 7 7 6 5 10 2 
645.2 ; 7.078e-11 ; True ; 1 20 30 113 128 164 174 389 396 431 502 507 549 636 638 727 879 890 906  ; 7 1 12 4 16 4 11 9 6 6 7 8 6 10 7 7 7 5 10 2 
660.3 ; 7.417e-11 ; True ; 1 20 30 113 128 164 174 307 389 431 502 507 549 636 638 727 879 890 906  ; 6 1 11 4 15 4 11 8 6 6 7 8 6 9 7 7 6 5 9 3 
670.3 ; 7.555e-11 ; True ; 1 20 30 113 128 174 307 330 389 431 486 507 549 636 638 694 727 879 890 906  ; 8 1 12 5 15 4 10 7 6 7 7 8 5 9 6 7 7 6 10 2 
687.5 ; 7.679e-11 ; True ; 1 20 30 113 128 164 174 219 307 389 396 431 502 549 636 727 879 890 906  ; 8 1 12 4 14 4 11 9 6 6 7 6 6 9 7 6 7 5 9 3 
692.2 ; 8.802e-11 ; True ; 1 20 30 113 128 164 174 330 389 415 431 457 507 549 636 638 727 879 890 906  ; 7 1 11 6 14 6 10 7 7 7 7 8 5 9 7 5 6 6 9 2 
697.9 ; 8.832e-11 ; True ; 1 20 30 113 128 164 174 219 389 431 502 507 549 636 716 727 879 890 906  ; 7 1 11 5 15 6 11 8 6 6 8 7 6 9 9 5 7 5 9 2 
702.4 ; 8.986e-11 ; True ; 1 20 30 113 128 164 174 389 396 431 507 549 636 638 653 716 727 879 890 906  ; 7 1 11 5 17 5 11 8 5 7 8 7 5 11 7 7 8 5 10 2 
704 ; 1.046e-10 ; True ; 1 20 30 113 128 164 174 307 330 389 431 507 549 636 638 716 727 879 890 906  ; 7 1 11 5 15 5 12 7 6 6 7 8 5 9 7 6 7 6 9 3 
717.7 ; 1.049e-10 ; True ; 1 20 30 113 128 164 174 307 330 389 431 502 549 636 638 716 727 879 890 906  ; 7 1 12 5 15 4 12 8 7 6 6 8 6 8 7 6 7 6 8 3 
719.2 ; 1.071e-10 ; True ; 1 20 30 113 128 164 174 389 486 502 507 531 549 636 638 716 727 879 890 906  ; 7 1 12 6 17 5 11 8 6 7 7 8 6 10 8 5 7 5 10 2 
737.1 ; 1.075e-10 ; True ; 1 20 30 113 128 164 174 219 330 389 431 486 502 549 636 638 727 879 890 906  ; 9 1 13 6 15 4 10 8 7 7 7 8 6 10 7 5 6 6 10 2 
741.6 ; 1.133e-10 ; True ; 1 20 30 113 128 164 174 389 431 502 507 549 636 638 716 727 785 879 890 906  ; 6 1 11 5 17 5 11 8 6 6 7 9 6 9 9 6 8 6 9 2 
743 ; 1.158e-10 ; True ; 1 20 30 113 128 164 174 330 389 431 502 507 549 636 716 727 774 879 890 906  ; 7 1 12 5 15 6 12 8 7 7 7 8 6 8 9 5 7 6 8 2 
745 ; 1.167e-10 ; True ; 1 20 30 113 128 157 164 174 389 431 502 507 549 636 694 716 727 879 890 906  ; 7 1 12 4 17 6 12 10 7 6 7 8 7 8 8 6 8 5 9 2 
753.3 ; 1.199e-10 ; True ; 1 4 20 30 113 157 164 174 389 431 502 507 531 549 636 638 727 879 890 906  ; 7 1 10 5 17 6 11 9 6 7 7 9 7 10 6 6 7 5 10 2 
754.6 ; 1.461e-10 ; True ; 1 20 30 113 128 145 164 174 307 389 396 431 486 507 549 636 638 727 879 890 906  ; 8 1 12 5 16 5 11 8 5 7 8 7 5 12 6 7 7 6 12 3 
778.8 ; 1.51e-10 ; True ; 1 20 30 113 128 164 174 219 307 389 431 502 507 549 636 716 727 879 890 906  ; 7 1 11 5 15 6 12 8 6 6 8 7 6 9 9 6 7 5 9 3 
784.6 ; 1.644e-10 ; True ; 1 20 30 113 128 164 174 307 330 389 431 502 531 549 636 638 716 727 879 890 906  ; 8 1 12 5 16 4 12 9 7 6 7 8 6 9 7 6 8 6 9 3 
813 ; 1.658e-10 ; True ; 1 20 30 113 128 157 164 174 389 431 502 507 549 636 694 716 727 845 879 890 906  ; 8 1 13 4 18 6 12 11 7 6 8 8 7 8 8 7 8 5 10 2 
813.6 ; 1.732e-10 ; True ; 1 20 30 113 128 145 164 174 219 307 389 431 507 549 636 638 716 727 879 890 906  ; 7 1 10 6 15 7 11 7 5 6 9 7 5 11 8 6 7 6 11 3 
817.4 ; 1.753e-10 ; True ; 1 20 30 113 128 164 174 219 330 389 431 486 502 549 636 638 716 727 879 890 906  ; 9 1 13 7 16 5 11 8 7 7 7 8 6 10 8 5 7 6 10 2 
818.4 ; 1.764e-10 ; True ; 1 20 30 113 128 164 174 307 330 389 431 507 549 636 638 716 727 868 879 890 906  ; 8 1 12 6 15 6 12 7 6 6 8 8 5 10 7 6 7 6 10 3 
819.2 ; 1.991e-10 ; True ; 1 20 30 113 157 164 174 307 330 389 431 502 507 549 636 638 716 727 879 890 906  ; 7 1 11 5 16 6 14 8 7 6 6 9 7 9 7 7 7 6 9 3 
827.2 ; 2.181e-10 ; True ; 1 20 30 113 128 164 174 219 307 330 389 431 502 507 549 636 638 727 879 890 906  ; 8 1 12 5 15 5 12 8 7 6 8 9 6 10 8 7 6 6 10 3 
877.2 ; 2.603e-10 ; True ; 1 20 30 113 128 164 174 389 431 502 507 531 549 636 638 679 716 727 774 879 890 906  ; 8 1 12 6 18 6 11 10 6 7 9 8 6 10 9 7 8 5 11 2 
879 ; 2.664e-10 ; True ; 1 20 25 30 113 128 164 174 330 389 431 502 507 549 636 638 716 727 879 890 892 906  ; 7 1 13 6 18 5 13 9 8 7 8 9 6 10 9 6 7 7 10 2 
883.7 ; 2.707e-10 ; True ; 1 20 30 113 128 164 174 284 307 389 396 431 486 502 507 549 636 638 727 879 890 906  ; 8 1 13 6 17 5 12 9 6 8 7 8 6 11 7 8 7 5 11 3 
896.8 ; 3.034e-10 ; True ; 1 20 30 113 128 164 174 307 330 389 431 502 507 531 549 636 716 727 774 879 890 906  ; 8 1 12 5 16 6 13 9 7 7 8 8 6 9 9 6 8 6 9 3 
930.8 ; 3.038e-10 ; True ; 20 25 30 113 157 164 219 307 330 389 396 486 502 507 531 549 636 638 727 879 890 906  ; 9 1 12 6 16 6 14 9 7 7 7 9 5 11 7 7 7 6 11 3 
940.6 ; 3.118e-10 ; True ; 20 25 30 113 157 164 174 219 307 330 389 431 502 549 636 638 694 727 774 879 890 906  ; 9 1 12 6 15 6 13 10 7 7 7 8 6 9 7 7 7 6 10 3 
946.1 ; 3.281e-10 ; True ; 1 20 30 113 128 164 174 219 307 330 389 431 502 549 636 638 716 727 868 879 890 906  ; 9 1 13 7 15 6 12 8 7 6 8 8 6 10 8 6 7 6 10 3 
953.7 ; 3.497e-10 ; True ; 1 20 30 113 128 164 174 267 307 389 431 502 531 549 636 638 679 716 727 774 879 890 906  ; 8 1 12 6 18 5 11 10 6 8 8 7 7 10 8 7 8 5 11 3 
984.8 ; 3.844e-10 ; True ; 1 20 30 113 128 164 174 261 307 389 431 502 507 549 636 638 694 727 774 785 879 890 906  ; 7 1 13 5 17 5 12 10 6 7 7 10 7 10 9 8 8 6 11 3 
990.9 ; 3.946e-10 ; True ; 20 25 30 113 128 174 219 307 330 389 396 431 486 502 507 549 636 638 727 774 879 890 906  ; 9 1 13 7 16 6 13 9 7 8 9 9 5 11 9 8 7 6 11 2 
1001 ; 4.003e-10 ; True ; 1 20 30 113 128 164 174 261 307 330 389 431 457 486 502 507 549 716 727 785 879 890 906  ; 8 1 14 6 16 6 13 9 8 7 7 9 6 10 10 6 7 6 10 3 
1010 ; 4.096e-10 ; True ; 20 25 30 113 157 164 219 307 330 389 396 486 502 507 531 549 636 638 727 861 879 890 906  ; 9 1 12 6 16 7 14 9 7 7 7 10 6 11 7 7 7 6 11 3 
1022 ; 4.148e-10 ; True ; 1 20 30 113 128 164 174 267 307 330 389 502 531 549 555 636 638 679 716 727 774 879 890 906  ; 9 1 14 6 18 5 13 10 7 8 8 8 7 10 8 6 7 6 10 3 
1030 ; 4.236e-10 ; True ; 1 20 30 113 128 164 174 261 307 330 389 431 457 486 502 507 549 636 716 727 868 879 890  ; 9 1 15 6 16 6 14 9 8 6 8 9 7 11 9 6 7 5 11 3 
1033 ; 4.448e-10 ; True ; 1 20 30 33 113 128 164 174 175 307 330 389 396 431 502 507 549 636 638 716 727 879 890 906  ; 9 1 14 5 19 5 15 10 7 6 8 9 6 10 8 10 9 6 10 3 
1033 ; 4.653e-10 ; True ; 20 25 30 113 157 164 174 219 307 330 389 431 502 549 636 638 694 716 727 774 879 890 906  ; 9 1 12 7 16 7 14 10 7 7 7 8 6 9 8 7 8 6 10 3 
1064 ; 4.868e-10 ; True ; 1 20 30 113 128 164 174 307 389 431 440 457 486 502 549 636 679 687 727 774 845 879 890 906  ; 10 1 15 6 17 5 10 11 7 9 8 8 6 9 9 7 7 6 11 3 
1090 ; 5.539e-10 ; True ; 1 20 30 113 128 164 174 219 307 330 389 431 496 502 549 636 638 694 716 727 774 879 890 906  ; 9 1 13 7 17 6 12 9 8 7 7 9 6 9 10 7 8 6 10 3 
1123 ; 6.828e-10 ; True ; 1 20 30 113 128 164 174 267 307 330 389 502 507 531 549 555 636 638 679 716 727 774 879 890 906  ; 9 1 14 6 19 6 14 10 7 8 9 9 7 11 9 7 7 6 11 3 
1201 ; 8.014e-10 ; True ; 1 20 30 37 113 128 164 174 267 307 330 389 502 507 531 549 555 636 638 679 716 727 774 879 890 906  ; 9 1 14 6 20 6 14 10 8 8 9 10 7 11 9 7 7 6 11 3 
1229 ; 8.191e-10 ; True ; 1 20 30 113 128 164 174 219 267 307 330 389 396 431 502 507 549 551 636 687 716 727 868 890 906  ; 10 1 14 6 17 7 14 9 7 7 8 9 7 11 9 7 9 7 11 3 
1325 ; 8.985e-10 ; True ; 1 20 30 113 128 164 174 219 307 330 359 386 389 440 502 507 531 549 555 636 679 716 727 774 890 892 906  ; 12 1 16 6 21 6 15 12 8 8 9 9 6 10 10 7 7 7 12 3 
1351 ; 8.998e-10 ; True ; 1 20 30 113 157 164 174 219 284 307 389 431 466 486 502 507 549 636 638 653 727 868 879 890 906 912  ; 10 1 13 8 19 9 12 9 6 10 9 8 7 13 8 9 6 5 13 3 
1397 ; 1.074e-09 ; True ; 1 20 30 113 128 157 164 219 261 284 307 389 502 507 549 636 638 653 694 727 764 785 868 879 890 906  ; 7 1 13 8 17 9 12 9 7 9 8 11 7 11 9 8 7 6 11 3 
1554 ; 1.199e-09 ; True ; 1 20 30 113 128 164 174 219 284 307 386 389 396 431 457 486 502 507 534 549 636 687 727 845 868 879 906 912  ; 11 1 15 9 19 8 11 10 7 9 10 8 5 12 10 8 7 6 15 3 


RUN 10:
Optimum Distance: 33.53
Optimal Team: 174,307,389,727,906,
Required Skills: 0 1 2 4 5 7 9 10 11 12 13 14 15 16 18 20 22 23 24 26 
Distance; Skill Score; isValid; Team; Skill Counts
35.78 ; 1.085e-20 ; True ; 128 164 389 890 906  ; 2 1 4 1 3 1 2 3 1 2 1 1 1 1 1 1 1 1 2 1 
37.16 ; 1.304e-20 ; True ; 20 30 128 389 906  ; 1 1 4 1 3 1 2 1 2 3 2 2 1 1 1 1 1 1 1 1 
38.53 ; 7.001e-20 ; True ; 1 164 389 507 727  ; 2 1 4 1 4 1 3 1 1 2 1 2 1 3 2 1 1 1 3 1 
39.2 ; 9.517e-20 ; True ; 30 164 389 502 906  ; 2 1 4 1 3 1 3 2 1 3 1 2 1 2 1 2 1 1 2 1 
40.36 ; 1.165e-19 ; True ; 1 30 113 164 389  ; 2 1 5 1 4 1 2 2 1 4 2 1 1 3 1 1 1 1 3 1 
41.03 ; 1.789e-19 ; True ; 164 389 502 727 879  ; 2 1 4 1 3 1 3 2 2 2 1 2 1 2 3 1 1 1 2 1 
44.99 ; 5.716e-19 ; True ; 30 100 164 389 594 890  ; 3 1 4 1 4 1 4 3 1 3 1 1 1 2 2 2 2 1 3 1 
48.86 ; 6.08e-19 ; True ; 30 128 164 174 389 906  ; 3 1 5 1 4 1 3 3 1 3 3 2 1 3 1 1 1 1 3 1 
50.3 ; 6.365e-19 ; True ; 20 30 128 174 389 906  ; 2 1 5 1 4 1 3 2 2 3 3 2 2 2 1 1 1 1 2 1 
50.86 ; 2.198e-18 ; True ; 30 164 389 549 594 890  ; 3 1 4 1 4 1 4 3 1 3 1 2 1 3 2 2 3 1 3 1 
54.05 ; 2.221e-18 ; True ; 30 164 389 549 890 906  ; 3 1 4 1 4 1 4 3 1 3 1 2 1 3 1 2 3 2 3 1 
54.75 ; 4.858e-18 ; True ; 164 389 502 507 727 879  ; 2 1 4 1 4 2 4 2 2 2 2 3 1 3 4 2 1 1 3 1 
57.91 ; 6.507e-18 ; True ; 30 164 389 549 879 890  ; 3 1 4 1 4 1 4 3 1 3 2 2 1 4 2 2 3 1 4 1 
61.05 ; 6.629e-18 ; True ; 1 30 113 164 389 549  ; 2 1 5 1 5 1 3 3 2 4 2 2 1 4 2 1 2 2 3 1 
62.54 ; 1.032e-17 ; True ; 30 164 389 502 549 879  ; 2 1 4 1 4 1 4 3 2 3 2 3 1 4 3 2 2 1 3 1 
65.76 ; 1.067e-17 ; True ; 30 113 164 219 389 502  ; 3 1 5 1 4 2 3 3 2 3 3 2 1 3 3 2 1 1 3 1 
66.39 ; 1.285e-17 ; True ; 30 164 389 531 549 594 890  ; 4 1 4 1 5 1 4 4 1 3 2 2 1 4 2 2 4 1 4 1 
69.39 ; 1.818e-17 ; True ; 30 164 389 431 549 594 890  ; 4 1 4 1 5 1 4 4 1 3 2 2 1 4 2 3 4 1 4 1 
71.61 ; 1.956e-17 ; True ; 30 164 174 389 594 727 890  ; 5 1 6 1 5 1 5 3 1 3 2 2 2 3 2 2 3 1 4 1 
71.91 ; 2.154e-17 ; True ; 20 30 389 531 549 890 906  ; 3 1 4 1 5 1 4 3 2 3 2 2 2 3 1 2 4 2 3 1 
73.19 ; 2.408e-17 ; True ; 30 164 174 389 549 594 890  ; 4 1 5 1 5 1 5 4 1 3 2 2 2 4 2 2 3 1 4 1 
73.52 ; 3.712e-17 ; True ; 30 164 389 507 549 594 890  ; 3 1 4 1 5 2 5 3 1 3 2 3 1 4 3 3 3 1 4 1 
76.61 ; 4.351e-17 ; True ; 1 30 164 389 507 549 890  ; 3 1 5 1 6 1 5 3 1 3 2 3 2 5 2 3 3 1 5 1 
76.72 ; 4.994e-17 ; True ; 30 164 389 507 549 890 906  ; 3 1 4 1 5 2 5 3 1 3 2 3 1 4 2 3 3 2 4 1 
77.28 ; 5.022e-17 ; True ; 164 174 389 502 507 727 879  ; 3 1 5 1 5 2 5 3 2 2 3 3 2 4 4 2 1 1 4 1 
77.59 ; 7.28e-17 ; True ; 30 164 389 507 549 879 890  ; 3 1 4 1 5 2 5 3 1 3 3 3 1 5 3 3 3 1 5 1 
80.13 ; 9.252e-17 ; True ; 30 164 389 502 507 727 879  ; 3 1 5 1 5 2 5 2 2 3 3 4 1 4 4 3 2 1 4 1 
80.14 ; 9.728e-17 ; True ; 30 164 389 502 507 549 879  ; 2 1 4 1 5 2 5 3 2 3 3 4 1 5 4 3 2 1 4 1 
83.81 ; 1.01e-16 ; True ; 1 30 113 164 389 507 727  ; 3 1 6 1 6 2 4 2 2 4 3 3 1 4 3 2 2 2 4 1 
84.09 ; 1.09e-16 ; True ; 30 164 389 502 549 879 890  ; 3 1 5 1 5 1 5 4 2 3 2 3 2 4 3 3 3 1 4 1 
85.76 ; 1.102e-16 ; True ; 1 30 113 164 389 507 549  ; 2 1 5 1 6 2 4 3 2 4 3 3 1 5 3 2 2 2 4 1 
87.27 ; 1.45e-16 ; True ; 30 113 164 389 502 879 890  ; 3 1 6 1 5 2 4 4 2 4 3 2 2 3 3 3 2 1 4 1 
87.58 ; 1.637e-16 ; True ; 30 113 164 389 549 879 890  ; 3 1 5 1 5 2 4 4 2 4 3 2 1 4 3 2 3 2 4 1 
90.29 ; 1.676e-16 ; True ; 30 113 164 389 502 727 879  ; 3 1 6 1 5 2 4 3 3 4 3 3 1 3 4 2 2 2 3 1 
91.27 ; 1.733e-16 ; True ; 30 113 164 389 502 549 879  ; 2 1 5 1 5 2 4 4 3 4 3 3 1 4 4 2 2 2 3 1 
92.61 ; 1.98e-16 ; True ; 30 128 164 174 389 727 890 906  ; 5 1 7 1 6 1 5 4 2 3 3 3 2 3 2 2 3 2 4 1 
94.54 ; 2.209e-16 ; True ; 1 30 128 164 389 727 890 906  ; 4 1 7 2 6 1 4 3 2 4 2 3 2 3 2 2 3 2 4 1 
96.16 ; 2.346e-16 ; True ; 30 128 164 174 389 549 890 906  ; 4 1 6 1 6 1 5 5 2 3 3 3 2 4 2 2 3 2 4 1 
96.22 ; 2.377e-16 ; True ; 30 128 164 174 389 507 727 906  ; 4 1 6 1 6 2 5 3 2 3 4 4 1 4 3 2 2 2 4 1 
97.13 ; 2.694e-16 ; True ; 30 164 389 396 507 549 879 890  ; 4 1 5 1 6 2 6 4 1 3 3 3 1 6 3 4 4 1 6 1 
99.17 ; 2.733e-16 ; True ; 1 30 113 164 389 636 638 727  ; 3 1 6 2 7 1 4 2 2 4 2 4 2 4 2 2 3 3 4 1 
99.25 ; 2.769e-16 ; True ; 1 30 145 164 389 549 727 890  ; 4 1 6 1 6 1 5 3 2 3 2 3 2 5 2 2 4 3 5 1 
99.37 ; 3.666e-16 ; True ; 1 30 113 164 174 389 638 727  ; 4 1 7 2 7 1 4 3 2 4 3 3 2 5 2 2 2 2 5 1 
100.3 ; 3.748e-16 ; True ; 20 30 389 396 507 549 890 906  ; 3 1 5 1 6 2 6 3 2 3 2 3 2 4 2 4 4 2 4 1 
101.3 ; 3.778e-16 ; True ; 1 30 164 389 507 549 890 906  ; 3 1 5 2 6 2 5 3 1 4 2 3 2 5 2 3 3 2 5 1 
101.5 ; 3.848e-16 ; True ; 30 100 164 389 502 507 879 890  ; 3 1 5 1 6 2 6 4 2 3 3 3 2 4 4 4 2 1 5 1 
102.2 ; 4.106e-16 ; True ; 30 164 389 507 549 594 727 890  ; 4 1 5 1 6 2 6 3 2 3 2 4 1 4 4 3 4 2 4 1 
102.2 ; 4.478e-16 ; True ; 1 30 113 164 389 638 727 890  ; 4 1 7 2 7 1 4 3 2 4 2 3 2 4 2 3 3 2 5 1 
103.3 ; 5.2e-16 ; True ; 1 30 164 389 507 549 727 890  ; 4 1 6 1 7 1 6 3 2 3 2 4 2 5 3 3 4 2 5 1 
103.9 ; 5.389e-16 ; True ; 30 164 174 389 502 507 727 906  ; 4 1 6 1 6 2 6 3 2 3 3 4 2 4 3 3 2 2 4 1 
105.3 ; 5.766e-16 ; True ; 1 30 113 164 389 549 890 906  ; 3 1 6 2 6 2 4 4 2 5 2 2 2 4 2 2 3 3 4 1 
105.6 ; 6.218e-16 ; True ; 30 164 174 389 502 507 727 879  ; 4 1 6 1 6 2 6 3 2 3 4 4 2 5 4 3 2 1 5 1 
105.6 ; 8.276e-16 ; True ; 30 164 389 502 507 549 879 890  ; 3 1 5 1 6 2 6 4 2 3 3 4 2 5 4 4 3 1 5 1 
109.3 ; 9.372e-16 ; True ; 1 30 113 164 389 507 727 890  ; 4 1 7 1 7 2 5 3 2 4 3 3 2 4 3 3 3 2 5 1 
110.2 ; 1.045e-15 ; True ; 1 30 113 164 389 507 549 890  ; 3 1 6 1 7 2 5 4 2 4 3 3 2 5 3 3 3 2 5 1 
112.2 ; 1.083e-15 ; True ; 30 113 164 389 507 549 879 890  ; 3 1 5 1 6 3 5 4 2 4 4 3 1 5 4 3 3 2 5 1 
115.1 ; 1.12e-15 ; True ; 1 30 113 164 389 549 879 890  ; 3 1 6 2 6 2 4 4 2 5 3 2 2 5 3 2 3 2 5 1 
115.4 ; 1.157e-15 ; True ; 30 164 219 389 502 549 879 890  ; 4 1 5 2 5 2 5 4 2 3 3 3 2 5 4 3 3 1 5 1 
118.7 ; 1.205e-15 ; True ; 1 20 30 128 389 396 549 890 906  ; 3 1 7 2 7 1 5 4 3 4 2 3 3 4 2 3 4 2 4 1 
118.7 ; 1.647e-15 ; True ; 30 113 164 389 502 549 879 890  ; 3 1 6 1 6 2 5 5 3 4 3 3 2 4 4 3 3 2 4 1 
121.2 ; 1.688e-15 ; True ; 1 30 128 164 174 389 507 727 906  ; 4 1 7 2 7 2 5 3 2 4 4 4 2 5 3 2 2 2 5 1 
123.1 ; 1.791e-15 ; True ; 30 128 164 174 389 507 727 890 906  ; 5 1 7 1 7 2 6 4 2 3 4 4 2 4 3 3 3 2 5 1 
124 ; 1.908e-15 ; True ; 1 20 30 389 431 549 727 890 906  ; 4 1 6 2 7 1 5 3 3 4 2 3 3 4 2 3 5 3 4 1 
124.9 ; 2.045e-15 ; True ; 1 20 30 389 396 507 549 890 906  ; 3 1 6 2 7 2 6 3 2 4 2 3 3 5 2 4 4 2 5 1 
125 ; 2.145e-15 ; True ; 1 20 30 113 145 389 638 727 890  ; 3 1 7 2 7 2 4 2 3 4 3 3 3 4 2 3 3 3 5 1 
125.8 ; 2.193e-15 ; True ; 1 30 113 145 164 389 638 727 890  ; 4 1 7 2 7 2 4 3 2 4 3 3 2 5 2 3 3 3 6 1 
126.1 ; 2.318e-15 ; True ; 1 30 128 164 389 507 727 890 906  ; 4 1 7 2 7 2 5 3 2 4 3 4 2 4 3 3 3 2 5 1 
128.1 ; 2.338e-15 ; True ; 1 20 30 113 389 531 549 890 906  ; 3 1 6 2 7 2 4 4 3 5 3 2 3 4 2 2 4 3 4 1 
128.8 ; 2.585e-15 ; True ; 1 30 128 164 389 507 549 890 906  ; 3 1 6 2 7 2 5 4 2 4 3 4 2 5 3 3 3 2 5 1 
128.8 ; 2.617e-15 ; True ; 30 113 164 174 389 638 727 890 906  ; 5 1 7 2 7 2 5 4 2 4 3 3 2 4 2 3 3 3 5 1 
128.8 ; 2.651e-15 ; True ; 1 20 30 113 389 396 549 890 906  ; 3 1 7 2 7 2 5 4 3 5 2 2 3 4 2 3 4 3 4 1 
129.8 ; 2.762e-15 ; True ; 20 30 113 174 389 638 727 890 906  ; 4 1 7 2 7 2 5 3 3 4 3 3 3 3 2 3 3 3 4 1 
129.9 ; 3.003e-15 ; True ; 1 30 164 174 389 507 549 727 906  ; 4 1 6 2 7 2 6 3 2 4 3 4 2 6 3 2 3 3 5 1 
130 ; 3.39e-15 ; True ; 1 30 164 389 507 549 727 890 906  ; 4 1 6 2 7 2 6 3 2 4 2 4 2 5 3 3 4 3 5 1 
133.9 ; 3.909e-15 ; True ; 1 30 113 164 389 549 727 890 906  ; 4 1 7 2 7 2 5 4 3 5 2 3 2 4 3 2 4 4 4 1 
135.3 ; 4.062e-15 ; True ; 30 164 174 389 502 507 727 879 906  ; 4 1 6 2 6 3 6 3 2 4 4 4 2 5 4 3 2 2 5 1 
136 ; 4.311e-15 ; True ; 1 30 113 164 389 507 727 890 906  ; 4 1 7 2 7 3 5 3 2 5 3 3 2 4 3 3 3 3 5 1 
137.2 ; 5.406e-15 ; True ; 30 164 389 502 507 549 879 890 906  ; 3 1 5 2 6 3 6 4 2 4 3 4 2 5 4 4 3 2 5 1 
137.7 ; 5.426e-15 ; True ; 1 30 164 389 507 549 727 879 890  ; 4 1 6 2 7 2 6 3 2 4 3 4 2 6 4 3 4 2 6 1 
140.9 ; 6.108e-15 ; True ; 1 30 113 164 389 507 549 727 890  ; 4 1 7 1 8 2 6 4 3 4 3 4 2 5 4 3 4 3 5 1 
143.8 ; 6.377e-15 ; True ; 1 30 113 164 389 507 727 879 890  ; 4 1 7 2 7 3 5 3 2 5 4 3 2 5 4 3 3 2 6 1 
144.7 ; 6.843e-15 ; True ; 1 30 113 164 389 507 549 879 890  ; 3 1 6 2 7 3 5 4 2 5 4 3 2 6 4 3 3 2 6 1 
145.2 ; 7.477e-15 ; True ; 30 113 164 389 502 507 727 879 890  ; 4 1 7 1 7 3 6 4 3 4 4 4 2 4 5 4 3 2 5 1 
145.2 ; 7.833e-15 ; True ; 30 113 164 389 502 507 549 879 890  ; 3 1 6 1 7 3 6 5 3 4 4 4 2 5 5 4 3 2 5 1 
150.5 ; 7.902e-15 ; True ; 1 30 113 145 174 307 389 549 638 727  ; 3 1 6 2 7 2 5 3 3 4 4 4 2 6 3 3 3 4 5 1 
151 ; 9.022e-15 ; True ; 1 30 128 164 174 389 507 727 890 906  ; 5 1 8 2 8 2 6 4 2 4 4 4 3 5 3 3 3 2 6 1 
152.6 ; 9.135e-15 ; True ; 1 20 30 113 145 174 389 638 727 890  ; 4 1 8 2 8 2 5 3 3 4 4 3 4 5 2 3 3 3 6 1 
152.6 ; 9.358e-15 ; True ; 1 20 30 128 174 389 507 727 890 906  ; 4 1 8 2 8 2 6 3 3 4 4 4 4 4 3 3 3 2 5 1 
153.6 ; 9.621e-15 ; True ; 1 20 30 113 174 389 638 727 890 906  ; 4 1 8 3 8 2 5 3 3 5 3 3 4 4 2 3 3 3 5 1 
154.8 ; 9.846e-15 ; True ; 1 20 30 113 128 174 389 727 890 906  ; 4 1 9 2 8 2 5 4 4 5 4 3 4 3 3 2 3 3 4 1 
155 ; 1.098e-14 ; True ; 30 113 164 219 389 502 549 879 890  ; 4 1 6 2 6 3 5 5 3 4 4 3 2 5 5 3 3 2 5 1 
156.1 ; 1.109e-14 ; True ; 1 30 113 128 164 174 389 727 890 906  ; 5 1 9 2 8 2 5 5 3 5 4 3 3 4 3 2 3 3 5 1 
157.4 ; 1.134e-14 ; True ; 1 20 30 113 145 174 389 549 638 727  ; 3 1 7 2 8 2 5 3 4 4 4 4 3 6 3 2 3 4 5 1 
157.4 ; 1.195e-14 ; True ; 1 20 30 113 174 389 549 638 727 906  ; 3 1 7 3 8 2 5 3 4 5 3 4 3 5 3 2 3 4 4 1 
157.5 ; 1.235e-14 ; True ; 1 20 30 389 396 507 549 727 890 906  ; 4 1 7 2 8 2 7 3 3 4 2 4 3 5 3 4 5 3 5 1 
158.7 ; 1.258e-14 ; True ; 1 30 113 174 307 389 549 727 890 906  ; 4 1 7 2 7 2 6 4 3 5 3 3 3 4 3 3 4 4 4 1 
158.7 ; 1.288e-14 ; True ; 1 20 30 389 507 531 549 727 890 906  ; 4 1 6 2 8 2 6 3 3 4 3 4 3 5 3 3 5 3 5 1 
159.3 ; 1.424e-14 ; True ; 1 30 164 174 389 507 549 727 890 906  ; 5 1 7 2 8 2 7 4 2 4 3 4 3 6 3 3 4 3 6 1 
159.4 ; 1.44e-14 ; True ; 1 20 30 113 145 389 549 638 727 890  ; 3 1 7 2 8 2 5 3 4 4 3 4 3 5 3 3 4 4 5 1 
160.5 ; 1.535e-14 ; True ; 1 20 30 174 389 507 549 727 890 906  ; 4 1 7 2 8 2 7 3 3 4 3 4 4 5 3 3 4 3 5 1 
162.5 ; 1.622e-14 ; True ; 1 20 30 389 431 507 549 727 890 906  ; 4 1 6 2 8 2 6 3 3 4 3 4 3 5 3 4 5 3 5 1 
164.3 ; 1.67e-14 ; True ; 1 30 113 164 174 389 549 727 890 906  ; 5 1 8 2 8 2 6 5 3 5 3 3 3 5 3 2 4 4 5 1 
165 ; 1.714e-14 ; True ; 1 20 25 30 389 507 549 727 890 906  ; 3 1 7 3 8 2 7 3 3 5 3 4 3 5 3 3 4 3 5 1 
165.4 ; 1.869e-14 ; True ; 1 20 30 113 389 431 549 727 890 906  ; 4 1 7 2 8 2 5 4 4 5 3 3 3 4 3 3 5 4 4 1 
167.3 ; 1.905e-14 ; True ; 1 20 30 113 389 396 507 549 890 906  ; 3 1 7 2 8 3 6 4 3 5 3 3 3 5 3 4 4 3 5 1 
168.3 ; 1.918e-14 ; True ; 1 30 113 164 174 389 507 549 638 727  ; 4 1 7 2 9 2 6 4 3 4 4 5 2 7 4 3 3 3 6 1 
168.6 ; 1.929e-14 ; True ; 30 164 174 389 502 507 727 879 890 906  ; 5 1 7 2 7 3 7 4 2 4 4 4 3 5 4 4 3 2 6 1 
169.1 ; 2.017e-14 ; True ; 30 164 174 389 507 549 727 879 890 906  ; 5 1 6 2 7 3 7 4 2 4 4 4 2 6 4 3 4 3 6 1 
169.3 ; 2.224e-14 ; True ; 1 30 113 164 389 507 549 638 727 890  ; 4 1 7 2 9 2 6 4 3 4 3 5 2 6 4 4 4 3 6 1 
170.5 ; 2.5e-14 ; True ; 1 30 113 164 389 507 549 727 890 906  ; 4 1 7 2 8 3 6 4 3 5 3 4 2 5 4 3 4 4 5 1 
174.6 ; 2.8e-14 ; True ; 30 164 389 502 507 549 727 879 890 906  ; 4 1 6 2 7 3 7 4 3 4 3 5 2 5 5 4 4 3 5 1 
176 ; 2.961e-14 ; True ; 1 25 30 113 164 389 507 549 727 890  ; 4 1 8 2 9 2 7 5 3 5 4 4 2 6 4 3 4 3 6 1 
178 ; 3.2e-14 ; True ; 1 20 25 30 113 389 507 549 727 890  ; 3 1 8 2 9 2 7 4 4 5 4 4 3 5 4 3 4 3 5 1 
179.7 ; 3.213e-14 ; True ; 30 113 164 389 502 507 549 879 890 906  ; 3 1 6 2 7 4 6 5 3 5 4 4 2 5 5 4 3 3 5 1 
180.3 ; 3.754e-14 ; True ; 1 30 113 164 389 507 549 727 879 890  ; 4 1 7 2 8 3 6 4 3 5 4 4 2 6 5 3 4 3 6 1 
183.5 ; 3.887e-14 ; True ; 30 113 164 219 389 502 507 549 879 890  ; 4 1 6 2 7 4 6 5 3 4 5 4 2 6 6 4 3 2 6 1 
186 ; 3.953e-14 ; True ; 1 30 113 174 307 389 549 638 727 890 906  ; 4 1 7 3 8 2 6 4 3 5 3 4 3 5 3 4 4 4 5 1 
188.8 ; 4.149e-14 ; True ; 1 20 30 113 145 389 549 638 727 890 906  ; 3 1 7 3 8 3 5 3 4 5 3 4 3 5 3 3 4 5 5 1 
189.8 ; 4.478e-14 ; True ; 1 20 30 174 389 396 507 549 727 890 906  ; 5 1 8 2 9 2 8 4 3 4 3 4 4 6 3 4 5 3 6 1 
190.2 ; 4.891e-14 ; True ; 1 30 128 164 174 389 507 549 727 890 906  ; 5 1 8 2 9 2 7 5 3 4 4 5 3 6 4 3 4 3 6 1 
191.8 ; 4.991e-14 ; True ; 1 20 30 128 174 389 507 549 727 890 906  ; 4 1 8 2 9 2 7 4 4 4 4 5 4 5 4 3 4 3 5 1 
191.8 ; 5.09e-14 ; True ; 1 20 30 113 145 174 389 549 638 727 890  ; 4 1 8 2 9 2 6 4 4 4 4 4 4 6 3 3 4 4 6 1 
191.9 ; 5.572e-14 ; True ; 1 20 30 113 174 389 549 638 727 890 906  ; 4 1 8 3 9 2 6 4 4 5 3 4 4 5 3 3 4 4 5 1 
195.7 ; 5.873e-14 ; True ; 1 20 30 113 389 431 549 638 727 890 906  ; 4 1 7 3 9 2 5 4 4 5 3 4 3 5 3 4 5 4 5 1 
198.1 ; 5.981e-14 ; True ; 1 20 25 30 113 389 396 549 727 890 906  ; 4 1 9 3 9 2 7 5 4 6 3 3 3 5 3 3 5 4 5 1 
198.8 ; 6.308e-14 ; True ; 1 20 30 113 174 389 431 549 727 890 906  ; 5 1 8 2 9 2 6 5 4 5 4 3 4 5 3 3 5 4 5 1 
200.2 ; 6.385e-14 ; True ; 1 20 25 30 389 431 507 549 727 890 906  ; 4 1 7 3 9 2 7 4 3 5 4 4 3 6 3 4 5 3 6 1 
201 ; 6.687e-14 ; True ; 20 25 30 113 174 389 549 638 727 890 906  ; 4 1 8 3 9 2 7 5 4 5 4 4 3 5 3 3 4 4 5 1 
201.8 ; 6.828e-14 ; True ; 1 30 113 164 389 507 549 638 727 890 906  ; 4 1 7 3 9 3 6 4 3 5 3 5 2 6 4 4 4 4 6 1 
202.2 ; 7.187e-14 ; True ; 1 20 25 30 113 389 431 549 727 890 906  ; 4 1 8 3 9 2 6 5 4 6 4 3 3 5 3 3 5 4 5 1 
202.7 ; 7.283e-14 ; True ; 1 30 113 164 174 389 507 549 638 727 890  ; 5 1 8 2 10 2 7 5 3 4 4 5 3 7 4 4 4 3 7 1 
203.9 ; 7.964e-14 ; True ; 1 20 30 113 389 396 507 549 727 890 906  ; 4 1 8 2 9 3 7 4 4 5 3 4 3 5 4 4 5 4 5 1 
204.8 ; 8.623e-14 ; True ; 1 30 113 164 174 389 507 549 727 890 906  ; 5 1 8 2 9 3 7 5 3 5 4 4 3 6 4 3 4 4 6 1 
206 ; 8.799e-14 ; True ; 1 20 30 113 174 389 507 549 727 890 906  ; 4 1 8 2 9 3 7 4 4 5 4 4 4 5 4 3 4 4 5 1 
208.9 ; 9.455e-14 ; True ; 1 20 30 113 389 431 507 549 727 890 906  ; 4 1 7 2 9 3 6 4 4 5 4 4 3 5 4 4 5 4 5 1 
210.8 ; 9.701e-14 ; True ; 30 164 174 389 502 507 549 727 879 890 906  ; 5 1 7 2 8 3 8 5 3 4 4 5 3 6 5 4 4 3 6 1 
212.1 ; 9.708e-14 ; True ; 1 30 164 389 502 507 549 727 879 890 906  ; 4 1 7 3 8 3 7 4 3 5 3 5 3 6 5 4 4 3 6 1 
212.5 ; 9.894e-14 ; True ; 1 30 113 164 389 396 507 549 727 879 890  ; 5 1 8 2 9 3 7 5 3 5 4 4 2 7 5 4 5 3 7 1 
214.2 ; 1.05e-13 ; True ; 1 20 25 30 113 389 431 507 549 727 890  ; 4 1 8 2 10 2 7 5 4 5 5 4 3 6 4 4 5 3 6 1 
215.3 ; 1.065e-13 ; True ; 1 30 113 164 389 502 507 549 727 890 906  ; 4 1 8 2 9 3 7 5 4 5 3 5 3 5 5 4 4 4 5 1 
216.5 ; 1.153e-13 ; True ; 1 30 113 164 174 389 507 549 727 879 890  ; 5 1 8 2 9 3 7 5 3 5 5 4 3 7 5 3 4 3 7 1 
218.6 ; 1.196e-13 ; True ; 1 20 30 113 389 396 507 549 727 879 890  ; 4 1 8 2 9 3 7 4 4 5 4 4 3 6 5 4 5 3 6 1 
219.7 ; 1.208e-13 ; True ; 1 30 113 128 174 307 389 549 638 727 890 906  ; 4 1 8 3 9 2 6 5 4 5 4 5 3 5 4 4 4 4 5 1 
221.1 ; 1.234e-13 ; True ; 30 113 164 389 502 507 549 727 879 890 906  ; 4 1 7 2 8 4 7 5 4 5 4 5 2 5 6 4 4 4 5 1 
222.2 ; 1.267e-13 ; True ; 1 20 30 113 128 174 389 431 638 727 890 906  ; 5 1 9 3 10 2 5 5 4 5 5 4 4 5 3 4 4 3 6 1 
223.7 ; 1.331e-13 ; True ; 1 20 30 113 389 431 507 549 727 879 890  ; 4 1 7 2 9 3 6 4 4 5 5 4 3 6 5 4 5 3 6 1 
224 ; 1.537e-13 ; True ; 1 30 113 164 389 502 507 549 727 879 890  ; 4 1 8 2 9 3 7 5 4 5 4 5 3 6 6 4 4 3 6 1 
226.5 ; 1.577e-13 ; True ; 1 20 30 113 128 174 389 549 638 727 890 906  ; 4 1 9 3 10 2 6 5 5 5 4 5 4 5 4 3 4 4 5 1 
228 ; 1.585e-13 ; True ; 1 30 113 128 164 174 389 549 638 727 890 906  ; 5 1 9 3 10 2 6 6 4 5 4 5 3 6 4 3 4 4 6 1 
230.5 ; 1.71e-13 ; True ; 1 20 25 30 113 174 389 549 638 727 890 906  ; 4 1 9 4 10 2 7 5 4 6 4 4 4 6 3 3 4 4 6 1 
231.1 ; 1.836e-13 ; True ; 1 20 30 113 174 389 431 549 638 727 890 906  ; 5 1 8 3 10 2 6 5 4 5 4 4 4 6 3 4 5 4 6 1 
234.4 ; 1.859e-13 ; True ; 1 20 25 30 113 389 431 549 638 727 890 906  ; 4 1 8 4 10 2 6 5 4 6 4 4 3 6 3 4 5 4 6 1 
236.5 ; 1.867e-13 ; True ; 1 20 30 113 157 389 431 549 638 727 890 906  ; 4 1 7 3 10 3 6 5 5 5 3 5 4 5 3 4 5 4 5 1 
237.3 ; 2.001e-13 ; True ; 1 20 30 113 389 396 507 531 549 727 890 906  ; 5 1 8 2 10 3 7 5 4 5 4 4 3 6 4 4 6 4 6 1 
238 ; 2.041e-13 ; True ; 1 20 30 113 389 396 507 549 638 727 890 906  ; 4 1 8 3 10 3 7 4 4 5 3 5 3 6 4 5 5 4 6 1 
238.1 ; 2.236e-13 ; True ; 1 30 113 164 174 389 507 549 638 727 890 906  ; 5 1 8 3 10 3 7 5 3 5 4 5 3 7 4 4 4 4 7 1 
239.2 ; 2.403e-13 ; True ; 1 20 30 113 174 389 507 549 638 727 890 906  ; 4 1 8 3 10 3 7 4 4 5 4 5 4 6 4 4 4 4 6 1 
243.1 ; 2.424e-13 ; True ; 1 20 30 113 389 431 507 549 638 727 890 906  ; 4 1 7 3 10 3 6 4 4 5 4 5 3 6 4 5 5 4 6 1 
245.5 ; 2.473e-13 ; True ; 1 20 25 30 113 174 389 507 549 638 727 890  ; 4 1 9 3 11 2 8 5 4 5 5 5 4 7 4 4 4 3 7 1 
245.5 ; 2.714e-13 ; True ; 1 20 25 30 113 389 396 507 549 727 890 906  ; 4 1 9 3 10 3 8 5 4 6 4 4 3 6 4 4 5 4 6 1 
246.2 ; 2.718e-13 ; True ; 1 20 30 113 174 389 431 507 549 727 890 906  ; 5 1 8 2 10 3 7 5 4 5 5 4 4 6 4 4 5 4 6 1 
247.6 ; 2.813e-13 ; True ; 1 20 25 30 113 174 389 507 549 727 890 906  ; 4 1 9 3 10 3 8 5 4 6 5 4 4 6 4 3 4 4 6 1 
250.6 ; 3.097e-13 ; True ; 1 20 25 30 113 389 431 507 549 727 890 906  ; 4 1 8 3 10 3 7 5 4 6 5 4 3 6 4 4 5 4 6 1 
255.2 ; 3.145e-13 ; True ; 1 20 30 113 389 396 507 549 727 879 890 906  ; 4 1 8 3 9 4 7 4 4 6 4 4 3 6 5 4 5 4 6 1 
256.9 ; 3.408e-13 ; True ; 1 20 30 113 164 389 431 507 549 727 890 906  ; 5 1 8 2 10 3 7 5 4 5 4 4 3 6 4 4 5 4 6 2 
258.5 ; 3.526e-13 ; True ; 1 20 25 30 113 164 389 507 549 727 890 906  ; 4 1 9 3 10 3 8 5 4 6 4 4 3 6 4 3 4 4 6 2 
261 ; 3.568e-13 ; True ; 1 30 113 164 389 396 502 507 549 727 879 890  ; 5 1 9 2 10 3 8 6 4 5 4 5 3 7 6 5 5 3 7 1 
261.8 ; 3.893e-13 ; True ; 1 20 30 113 128 145 174 389 549 638 727 890 906  ; 4 1 9 3 10 3 6 5 5 5 5 5 4 6 4 3 4 5 6 1 
262.5 ; 4.041e-13 ; True ; 1 30 113 164 389 502 507 549 727 879 890 906  ; 4 1 8 3 9 4 7 5 4 6 4 5 3 6 6 4 4 4 6 1 
264.9 ; 4.122e-13 ; True ; 1 20 30 113 128 174 389 396 549 638 727 890 906  ; 5 1 10 3 11 2 7 6 5 5 4 5 4 6 4 4 5 4 6 1 
267.4 ; 4.303e-13 ; True ; 1 20 30 113 145 174 389 431 549 638 727 890 906  ; 5 1 8 3 10 3 6 5 4 5 5 4 4 7 3 4 5 5 7 1 
269.1 ; 4.686e-13 ; True ; 1 20 30 113 128 174 389 431 549 638 727 890 906  ; 5 1 9 3 11 2 6 6 5 5 5 5 4 6 4 4 5 4 6 1 
273.3 ; 4.783e-13 ; True ; 1 20 30 113 174 330 389 507 549 638 727 890 906  ; 5 1 9 3 10 3 8 4 5 5 4 6 4 6 4 4 4 5 6 1 
273.6 ; 4.824e-13 ; True ; 1 20 25 30 113 174 389 431 549 638 727 890 906  ; 5 1 9 4 11 2 7 6 4 6 5 4 4 7 3 4 5 4 7 1 
274.1 ; 4.978e-13 ; True ; 1 30 113 164 219 389 502 507 549 727 879 890  ; 5 1 8 3 9 4 7 5 4 5 5 5 3 7 7 4 4 3 7 1 
275.6 ; 5.006e-13 ; True ; 1 20 30 113 174 389 507 549 636 638 727 890 906  ; 4 1 8 3 11 3 8 4 4 5 4 6 5 6 4 4 5 5 6 1 
275.6 ; 5.174e-13 ; True ; 1 20 30 113 174 389 440 507 549 638 727 890 906  ; 5 1 9 3 11 3 7 5 4 6 4 6 4 7 4 4 4 4 7 1 
276.3 ; 5.492e-13 ; True ; 1 30 113 128 164 174 389 507 549 638 727 890 906  ; 5 1 9 3 11 3 7 6 4 5 5 6 3 7 5 4 4 4 7 1 
277.3 ; 5.8e-13 ; True ; 1 20 30 113 174 389 396 507 549 638 727 890 906  ; 5 1 9 3 11 3 8 5 4 5 4 5 4 7 4 5 5 4 7 1 
282.3 ; 5.84e-13 ; True ; 1 20 30 113 174 389 396 431 507 549 727 890 906  ; 6 1 9 2 11 3 8 6 4 5 5 4 4 7 4 5 6 4 7 1 
282.4 ; 6.617e-13 ; True ; 1 20 30 113 174 389 431 507 549 638 727 890 906  ; 5 1 8 3 11 3 7 5 4 5 5 5 4 7 4 5 5 4 7 1 
287.6 ; 6.904e-13 ; True ; 1 20 25 30 113 389 396 431 507 549 727 890 906  ; 5 1 9 3 11 3 8 6 4 6 5 4 3 7 4 5 6 4 7 1 
290.1 ; 7.019e-13 ; True ; 1 20 30 113 164 389 507 531 549 638 727 890 906  ; 5 1 8 3 11 3 7 5 4 5 4 5 3 7 4 4 5 4 7 2 
291.2 ; 8.026e-13 ; True ; 1 20 30 113 164 174 389 507 549 638 727 890 906  ; 5 1 9 3 11 3 8 5 4 5 4 5 4 7 4 4 4 4 7 2 
295.1 ; 8.296e-13 ; True ; 1 20 30 113 164 389 431 507 549 638 727 890 906  ; 5 1 8 3 11 3 7 5 4 5 4 5 3 7 4 5 5 4 7 2 
297.4 ; 8.379e-13 ; True ; 1 20 30 113 174 389 396 507 549 727 879 890 906  ; 5 1 9 3 10 4 8 5 4 6 5 4 4 7 5 4 5 4 7 1 
298.1 ; 8.417e-13 ; True ; 1 20 30 113 164 174 389 431 507 549 727 890 906  ; 6 1 9 2 11 3 8 6 4 5 5 4 4 7 4 4 5 4 7 2 
298.4 ; 8.574e-13 ; True ; 1 20 25 30 113 164 389 396 507 549 727 890 906  ; 5 1 10 3 11 3 9 6 4 6 4 4 3 7 4 4 5 4 7 2 
300.5 ; 8.884e-13 ; True ; 1 20 25 30 113 164 174 389 507 549 727 890 906  ; 5 1 10 3 11 3 9 6 4 6 5 4 4 7 4 3 4 4 7 2 
303.4 ; 9.18e-13 ; True ; 1 20 30 113 174 389 431 507 549 727 879 890 906  ; 5 1 8 3 10 4 7 5 4 6 6 4 4 7 5 4 5 4 7 1 
303.5 ; 9.95e-13 ; True ; 1 20 25 30 113 164 389 431 507 549 727 890 906  ; 5 1 9 3 11 3 8 6 4 6 5 4 3 7 4 4 5 4 7 2 
305.6 ; 1.036e-12 ; True ; 1 30 113 164 174 389 502 507 549 727 879 890 906  ; 5 1 9 3 10 4 8 6 4 6 5 5 4 7 6 4 4 4 7 1 
307.1 ; 1.05e-12 ; True ; 1 20 30 113 164 389 396 507 549 727 879 890 906  ; 5 1 9 3 10 4 8 5 4 6 4 4 3 7 5 4 5 4 7 2 
310.1 ; 1.088e-12 ; True ; 1 20 30 113 164 174 389 507 549 727 879 890 906  ; 5 1 9 3 10 4 8 5 4 6 5 4 4 7 5 3 4 4 7 2 
313.1 ; 1.199e-12 ; True ; 1 20 30 113 164 389 431 507 549 727 879 890 906  ; 5 1 8 3 10 4 7 5 4 6 5 4 3 7 5 4 5 4 7 2 
318.1 ; 1.204e-12 ; True ; 1 20 30 113 128 174 389 486 507 549 638 727 890 906  ; 5 1 10 4 12 3 7 5 5 6 5 6 4 7 5 4 4 4 7 1 
318.4 ; 1.215e-12 ; True ; 1 20 30 113 128 174 389 507 549 577 638 727 890 906  ; 5 1 10 3 12 3 8 6 5 5 5 6 4 6 5 5 5 4 7 1 
319.2 ; 1.324e-12 ; True ; 1 20 30 113 128 174 389 396 507 549 638 727 890 906  ; 5 1 10 3 12 3 8 6 5 5 5 6 4 7 5 5 5 4 7 1 
321.5 ; 1.361e-12 ; True ; 1 20 30 113 164 389 502 507 549 727 879 890 906  ; 4 1 9 3 10 4 8 5 5 6 4 5 4 6 6 4 4 4 6 2 
324.4 ; 1.464e-12 ; True ; 1 20 30 113 128 174 389 431 507 549 638 727 890 906  ; 5 1 9 3 12 3 7 6 5 5 6 6 4 7 5 5 5 4 7 1 
329.9 ; 1.59e-12 ; True ; 1 20 25 30 113 174 389 431 507 549 638 727 890 906  ; 5 1 9 4 12 3 8 6 4 6 6 5 4 8 4 5 5 4 8 1 
332.2 ; 1.591e-12 ; True ; 1 20 30 113 164 174 389 507 549 577 638 727 890 906  ; 6 1 10 3 12 3 9 6 4 5 4 5 4 7 4 5 5 4 8 2 
332.4 ; 1.658e-12 ; True ; 1 20 30 113 164 174 389 507 549 636 638 727 890 906  ; 5 1 9 3 12 3 9 5 4 5 4 6 5 7 4 4 5 5 7 2 
333.1 ; 1.702e-12 ; True ; 1 20 30 113 164 174 389 396 507 549 638 727 890 906  ; 6 1 10 3 12 3 9 6 4 5 4 5 4 8 4 5 5 4 8 2 
333.7 ; 1.832e-12 ; True ; 1 20 30 113 128 164 174 389 507 549 638 727 890 906  ; 5 1 10 3 12 3 8 6 5 5 5 6 4 7 5 4 4 4 7 2 
338.3 ; 1.975e-12 ; True ; 1 20 30 113 164 174 389 431 507 549 638 727 890 906  ; 6 1 9 3 12 3 8 6 4 5 5 5 4 8 4 5 5 4 8 2 
348 ; 2.058e-12 ; True ; 1 20 30 113 164 174 389 431 507 549 594 727 890 906  ; 6 1 9 3 11 4 8 6 4 6 5 4 4 7 5 4 5 4 7 2 
348.1 ; 2.072e-12 ; True ; 1 20 30 113 164 174 389 431 549 638 727 879 890 906  ; 6 1 9 4 11 3 7 6 4 6 5 4 4 8 4 4 5 4 8 2 
348.5 ; 2.106e-12 ; True ; 1 20 30 113 157 164 389 431 507 549 638 727 890 906  ; 5 1 8 3 12 4 8 6 5 5 4 6 4 7 4 5 5 4 7 2 
348.5 ; 2.179e-12 ; True ; 1 20 25 30 113 164 174 389 431 507 549 727 890 906  ; 6 1 10 3 12 3 9 7 4 6 6 4 4 8 4 4 5 4 8 2 
350.1 ; 2.192e-12 ; True ; 1 20 30 113 164 389 396 507 549 638 727 879 890 906  ; 5 1 9 4 11 4 8 5 4 6 4 5 3 8 5 5 5 4 8 2 
352.3 ; 2.419e-12 ; True ; 1 20 30 113 164 174 389 507 549 638 727 879 890 906  ; 5 1 9 4 11 4 8 5 4 6 5 5 4 8 5 4 4 4 8 2 
353.1 ; 2.459e-12 ; True ; 1 20 30 113 164 174 389 396 507 549 727 879 890 906  ; 6 1 10 3 11 4 9 6 4 6 5 4 4 8 5 4 5 4 8 2 
354.1 ; 2.482e-12 ; True ; 1 20 30 113 164 389 396 431 507 549 727 879 890 906  ; 6 1 9 3 11 4 8 6 4 6 5 4 3 8 5 5 6 4 8 2 
356.2 ; 2.5e-12 ; True ; 1 20 30 113 164 389 431 507 549 638 727 879 890 906  ; 5 1 8 4 11 4 7 5 4 6 5 5 3 8 5 5 5 4 8 2 
359.2 ; 2.74e-12 ; True ; 1 20 30 113 164 174 389 431 507 549 727 879 890 906  ; 6 1 9 3 11 4 8 6 4 6 6 4 4 8 5 4 5 4 8 2 
365.6 ; 2.801e-12 ; True ; 1 20 25 30 113 164 389 431 507 549 727 879 890 906  ; 5 1 9 4 11 4 8 6 4 7 6 4 3 8 5 4 5 4 8 2 
366 ; 2.849e-12 ; True ; 1 20 30 113 128 174 389 431 507 549 636 638 727 890 906  ; 5 1 9 3 13 3 8 6 5 5 6 7 5 7 5 5 6 5 7 1 
366.3 ; 2.85e-12 ; True ; 1 20 30 113 164 389 502 507 549 577 727 879 890 906  ; 5 1 10 3 11 4 9 6 5 6 4 5 4 6 6 5 5 4 7 2 
366.4 ; 3.105e-12 ; True ; 1 20 30 113 164 389 396 502 507 549 727 879 890 906  ; 5 1 10 3 11 4 9 6 5 6 4 5 4 7 6 5 5 4 7 2 
368.6 ; 3.214e-12 ; True ; 1 20 30 113 164 174 389 502 507 549 727 879 890 906  ; 5 1 10 3 11 4 9 6 5 6 5 5 5 7 6 4 4 4 7 2 
373.4 ; 3.604e-12 ; True ; 1 20 30 113 164 389 431 502 507 549 727 879 890 906  ; 5 1 9 3 11 4 8 6 5 6 5 5 4 7 6 5 5 4 7 2 
377.2 ; 3.685e-12 ; True ; 1 20 30 113 128 164 174 389 507 549 636 638 727 890 906  ; 5 1 10 3 13 3 9 6 5 5 5 7 5 7 5 4 5 5 7 2 
378.9 ; 3.76e-12 ; True ; 1 20 30 113 128 164 174 389 396 507 549 638 727 890 906  ; 6 1 11 3 13 3 9 7 5 5 5 6 4 8 5 5 5 4 8 2 
382.5 ; 3.919e-12 ; True ; 1 20 30 113 164 174 389 431 507 549 636 638 727 890 906  ; 6 1 9 3 13 3 9 6 4 5 5 6 5 8 4 5 6 5 8 2 
384.1 ; 4.218e-12 ; True ; 1 20 30 113 128 164 174 389 431 507 549 638 727 890 906  ; 6 1 10 3 13 3 8 7 5 5 6 6 4 8 5 5 5 4 8 2 
388.6 ; 4.392e-12 ; True ; 1 20 25 30 113 164 389 431 507 549 636 638 727 890 906  ; 5 1 9 4 13 3 9 6 4 6 5 6 4 8 4 5 6 5 8 2 
394.9 ; 4.604e-12 ; True ; 1 20 30 113 128 164 174 389 431 549 638 727 879 890 906  ; 6 1 10 4 12 3 7 7 5 6 6 5 4 8 5 4 5 4 8 2 
398.2 ; 4.637e-12 ; True ; 1 20 30 113 164 389 396 507 549 636 638 727 879 890 906  ; 5 1 9 4 12 4 9 5 4 6 4 6 4 8 5 5 6 5 8 2 
398.2 ; 4.993e-12 ; True ; 1 20 30 113 164 174 389 396 507 549 638 727 879 890 906  ; 6 1 10 4 12 4 9 6 4 6 5 5 4 9 5 5 5 4 9 2 
399.4 ; 4.998e-12 ; True ; 1 20 30 113 164 174 389 507 549 636 638 727 879 890 906  ; 5 1 9 4 12 4 9 5 4 6 5 6 5 8 5 4 5 5 8 2 
399.7 ; 5.098e-12 ; True ; 1 20 30 113 128 164 174 389 507 549 638 727 879 890 906  ; 5 1 10 4 12 4 8 6 5 6 6 6 4 8 6 4 4 4 8 2 
401.5 ; 5.218e-12 ; True ; 1 20 30 113 128 164 174 389 396 507 549 727 879 890 906  ; 6 1 11 3 12 4 9 7 5 6 6 5 4 8 6 4 5 4 8 2 
403.2 ; 5.315e-12 ; True ; 1 20 30 113 164 389 396 431 507 549 636 727 879 890 906  ; 6 1 9 3 12 4 9 6 4 6 5 5 4 8 5 5 7 5 8 2 
404.3 ; 5.334e-12 ; True ; 1 20 30 113 164 389 431 507 549 636 638 727 879 890 906  ; 5 1 8 4 12 4 8 5 4 6 5 6 4 8 5 5 6 5 8 2 
404.3 ; 5.564e-12 ; True ; 1 20 30 113 164 174 389 431 507 549 638 727 879 890 906  ; 6 1 9 4 12 4 8 6 4 6 6 5 4 9 5 5 5 4 9 2 
407.4 ; 5.657e-12 ; True ; 1 20 30 113 164 174 389 431 507 549 636 727 879 890 906  ; 6 1 9 3 12 4 9 6 4 6 6 5 5 8 5 4 6 5 8 2 
407.6 ; 5.693e-12 ; True ; 1 20 30 113 128 164 174 389 431 507 549 727 879 890 906  ; 6 1 10 3 12 4 8 7 5 6 7 5 4 8 6 4 5 4 8 2 
413.5 ; 6.048e-12 ; True ; 1 20 30 113 164 389 396 502 507 531 549 727 879 890 906  ; 6 1 10 3 12 4 9 7 5 6 5 5 4 8 6 5 6 4 8 2 
416.4 ; 6.133e-12 ; True ; 1 20 30 113 164 174 389 502 507 549 577 727 879 890 906  ; 6 1 11 3 12 4 10 7 5 6 5 5 5 7 6 5 5 4 8 2 
416.4 ; 6.559e-12 ; True ; 1 20 30 113 164 174 389 396 502 507 549 727 879 890 906  ; 6 1 11 3 12 4 10 7 5 6 5 5 5 8 6 5 5 4 8 2 
419.3 ; 6.871e-12 ; True ; 1 20 30 113 164 389 396 431 502 507 549 727 879 890 906  ; 6 1 10 3 12 4 9 7 5 6 5 5 4 8 6 6 6 4 8 2 
422.3 ; 6.945e-12 ; True ; 1 20 30 113 164 389 431 502 507 549 638 727 879 890 906  ; 5 1 9 4 12 4 8 6 5 6 5 6 4 8 6 6 5 4 8 2 
423.4 ; 7.399e-12 ; True ; 1 20 30 113 164 174 389 431 502 507 549 727 879 890 906  ; 6 1 10 3 12 4 9 7 5 6 6 5 5 8 6 5 5 4 8 2 
430.4 ; 7.449e-12 ; True ; 1 20 30 113 128 164 174 389 396 431 507 549 638 727 890 906  ; 7 1 11 3 14 3 9 8 5 5 6 6 4 9 5 6 6 4 9 2 
430.7 ; 8.145e-12 ; True ; 1 20 30 113 128 164 174 389 431 507 549 636 638 727 890 906  ; 6 1 10 3 14 3 9 7 5 5 6 7 5 8 5 5 6 5 8 2 
437.2 ; 8.21e-12 ; True ; 1 20 30 113 128 164 174 389 396 549 636 638 727 879 890 906  ; 6 1 11 4 13 3 9 7 5 6 5 6 5 8 5 4 6 5 8 2 
439.8 ; 8.488e-12 ; True ; 1 20 30 113 164 174 389 431 507 549 636 638 716 727 890 906  ; 6 1 9 4 14 4 10 6 4 5 5 6 5 8 5 5 7 5 8 2 
442.1 ; 8.528e-12 ; True ; 1 20 30 113 128 164 174 389 396 431 549 638 727 879 890 906  ; 7 1 11 4 13 3 8 8 5 6 6 5 4 9 5 5 6 4 9 2 
442.4 ; 9.21e-12 ; True ; 1 20 30 113 128 164 174 389 431 549 636 638 727 879 890 906  ; 6 1 10 4 13 3 8 7 5 6 6 6 5 8 5 4 6 5 8 2 
448.3 ; 9.852e-12 ; True ; 1 20 30 113 164 174 389 396 507 549 636 638 727 879 890 906  ; 6 1 10 4 13 4 10 6 4 6 5 6 5 9 5 5 6 5 9 2 
448.9 ; 1.018e-11 ; True ; 1 20 30 113 128 164 174 389 396 507 549 638 727 879 890 906  ; 6 1 11 4 13 4 9 7 5 6 6 6 4 9 6 5 5 4 9 2 
449.2 ; 1.025e-11 ; True ; 1 20 30 113 128 164 174 389 507 549 636 638 727 879 890 906  ; 5 1 10 4 13 4 9 6 5 6 6 7 5 8 6 4 5 5 8 2 
452 ; 1.03e-11 ; True ; 1 20 30 113 128 164 174 389 396 507 549 636 727 879 890 906  ; 6 1 11 3 13 4 10 7 5 6 6 6 5 8 6 4 6 5 8 2 
454.3 ; 1.031e-11 ; True ; 1 20 30 113 164 174 389 396 431 507 549 636 727 879 890 906  ; 7 1 10 3 13 4 10 7 4 6 6 5 5 9 5 5 7 5 9 2 
454.4 ; 1.104e-11 ; True ; 1 20 30 113 164 174 389 431 507 549 636 638 727 879 890 906  ; 6 1 9 4 13 4 9 6 4 6 6 6 5 9 5 5 6 5 9 2 
455.1 ; 1.111e-11 ; True ; 1 20 30 113 128 164 174 389 431 507 549 638 727 879 890 906  ; 6 1 10 4 13 4 8 7 5 6 7 6 4 9 6 5 5 4 9 2 
458.1 ; 1.129e-11 ; True ; 1 20 30 113 128 164 174 389 431 507 549 636 727 879 890 906  ; 6 1 10 3 13 4 9 7 5 6 7 6 5 8 6 4 6 5 8 2 
467.2 ; 1.23e-11 ; True ; 1 20 30 113 164 174 389 396 502 507 549 638 727 879 890 906  ; 6 1 11 4 13 4 10 7 5 6 5 6 5 9 6 6 5 4 9 2 
469.4 ; 1.237e-11 ; True ; 1 20 30 113 164 174 389 502 507 549 636 638 727 879 890 906  ; 5 1 10 4 13 4 10 6 5 6 5 7 6 8 6 5 5 5 8 2 
470.3 ; 1.238e-11 ; True ; 1 20 30 113 164 174 389 396 502 507 549 636 727 879 890 906  ; 6 1 11 3 13 4 11 7 5 6 5 6 6 8 6 5 6 5 8 2 
471.1 ; 1.255e-11 ; True ; 1 20 30 113 164 389 396 431 502 507 549 638 727 879 890 906  ; 6 1 10 4 13 4 9 7 5 6 5 6 4 9 6 7 6 4 9 2 
472.2 ; 1.299e-11 ; True ; 1 20 30 113 164 174 389 396 431 502 507 549 727 879 890 906  ; 7 1 11 3 13 4 10 8 5 6 6 5 5 9 6 6 6 4 9 2 
474.1 ; 1.318e-11 ; True ; 1 20 30 113 164 389 396 431 502 507 549 636 727 879 890 906  ; 6 1 10 3 13 4 10 7 5 6 5 6 5 8 6 6 7 5 8 2 
474.3 ; 1.388e-11 ; True ; 1 20 30 113 164 174 389 431 502 507 549 638 727 879 890 906  ; 6 1 10 4 13 4 9 7 5 6 6 6 5 9 6 6 5 4 9 2 
477.4 ; 1.402e-11 ; True ; 1 20 30 113 164 174 389 431 502 507 549 636 727 879 890 906  ; 6 1 10 3 13 4 10 7 5 6 6 6 6 8 6 5 6 5 8 2 
487.6 ; 1.421e-11 ; True ; 1 20 30 113 164 174 389 431 457 502 507 549 727 879 890 906  ; 6 1 10 4 12 5 9 7 6 6 6 5 5 8 7 5 5 4 8 2 
491.1 ; 1.505e-11 ; True ; 1 20 30 113 164 174 219 389 396 502 507 549 727 879 890 906  ; 7 1 11 4 12 5 10 7 5 6 6 5 5 9 7 5 5 4 9 2 
492.6 ; 1.645e-11 ; True ; 1 20 30 113 128 164 174 389 396 431 549 636 638 727 879 890 906  ; 7 1 11 4 14 3 9 8 5 6 6 6 5 9 5 5 7 5 9 2 
495.1 ; 1.708e-11 ; True ; 1 20 30 113 128 164 174 389 431 457 507 549 636 638 727 890 906  ; 6 1 10 4 14 4 9 7 6 5 6 7 5 8 6 5 6 5 8 2 
501.3 ; 1.956e-11 ; True ; 1 20 30 113 128 164 174 389 396 507 549 636 638 727 879 890 906  ; 6 1 11 4 14 4 10 7 5 6 6 7 5 9 6 5 6 5 9 2 
507.2 ; 1.992e-11 ; True ; 1 20 30 113 128 164 389 396 431 507 549 636 638 727 879 890 906  ; 6 1 10 4 14 4 9 7 5 6 6 7 4 9 6 6 7 5 9 2 
507.5 ; 2.145e-11 ; True ; 1 20 30 113 128 164 174 389 431 507 549 636 638 727 879 890 906  ; 6 1 10 4 14 4 9 7 5 6 7 7 5 9 6 5 6 5 9 2 
518.3 ; 2.193e-11 ; True ; 1 20 25 30 113 128 164 389 431 507 549 636 638 727 879 890 906  ; 5 1 10 5 14 4 9 7 5 7 7 7 4 9 6 5 6 5 9 2 
521.8 ; 2.23e-11 ; True ; 1 20 30 113 128 164 174 389 396 502 507 549 638 727 879 890 906  ; 6 1 12 4 14 4 10 8 6 6 6 7 5 9 7 6 5 4 9 2 
523.1 ; 2.252e-11 ; True ; 1 20 30 113 128 164 174 389 502 507 549 636 638 727 879 890 906  ; 5 1 11 4 14 4 10 7 6 6 6 8 6 8 7 5 5 5 8 2 
523.1 ; 2.26e-11 ; True ; 1 20 30 113 164 174 389 396 502 507 549 636 638 727 879 890 906  ; 6 1 11 4 14 4 11 7 5 6 5 7 6 9 6 6 6 5 9 2 
527.8 ; 2.321e-11 ; True ; 1 20 30 113 128 164 174 389 396 431 502 507 549 727 879 890 906  ; 7 1 12 3 14 4 10 9 6 6 7 6 5 9 7 6 6 4 9 2 
527.9 ; 2.343e-11 ; True ; 1 20 30 113 164 389 396 431 502 507 549 636 638 727 879 890 906  ; 6 1 10 4 14 4 10 7 5 6 5 7 5 9 6 7 7 5 9 2 
529 ; 2.458e-11 ; True ; 1 20 30 113 128 164 174 389 431 502 507 549 638 727 879 890 906  ; 6 1 11 4 14 4 9 8 6 6 7 7 5 9 7 6 5 4 9 2 
530.2 ; 2.559e-11 ; True ; 1 20 30 113 164 174 389 431 502 507 549 636 638 727 879 890 906  ; 6 1 10 4 14 4 10 7 5 6 6 7 6 9 6 6 6 5 9 2 
544.2 ; 2.59e-11 ; True ; 1 20 30 113 128 164 174 389 431 502 507 549 716 727 879 890 906  ; 6 1 11 4 14 5 10 8 6 6 7 6 5 8 8 5 6 4 8 2 
544.3 ; 2.629e-11 ; True ; 1 20 30 113 128 164 174 330 389 396 431 549 636 638 727 879 890 906  ; 8 1 12 4 14 3 10 8 6 6 6 7 5 9 5 5 7 6 9 2 
548.3 ; 2.849e-11 ; True ; 1 20 30 113 128 164 174 389 431 486 507 549 594 636 638 727 890 906  ; 7 1 11 5 15 4 9 7 5 7 6 7 5 9 6 5 6 5 9 2 
553.6 ; 3.107e-11 ; True ; 1 20 30 113 128 174 307 389 396 431 507 549 636 638 727 879 890 906  ; 6 1 10 4 14 4 10 7 5 6 7 7 5 9 6 7 7 5 9 2 
557.2 ; 3.191e-11 ; True ; 1 20 30 113 128 164 174 389 396 486 507 549 636 638 727 879 890 906  ; 7 1 12 5 15 4 10 7 5 7 6 7 5 10 6 5 6 5 10 2 
559.9 ; 3.196e-11 ; True ; 1 20 30 113 128 164 174 330 389 396 431 507 549 638 727 879 890 906  ; 8 1 12 4 14 4 10 8 6 6 7 7 4 10 6 6 6 5 10 2 
560.3 ; 3.435e-11 ; True ; 1 20 30 113 128 164 174 330 389 431 507 549 636 638 727 879 890 906  ; 7 1 11 4 14 4 10 7 6 6 7 8 5 9 6 5 6 6 9 2 
560.7 ; 3.589e-11 ; True ; 1 20 30 113 128 164 174 389 396 431 507 549 636 638 727 879 890 906  ; 7 1 11 4 15 4 10 8 5 6 7 7 5 10 6 6 7 5 10 2 
573.3 ; 3.648e-11 ; True ; 1 20 30 113 164 174 389 396 431 457 507 549 636 638 727 879 890 906  ; 7 1 10 5 14 5 10 7 5 6 6 6 5 10 6 6 7 5 10 2 
580 ; 4.017e-11 ; True ; 1 20 30 113 128 164 174 389 396 502 507 549 636 638 727 879 890 906  ; 6 1 12 4 15 4 11 8 6 6 6 8 6 9 7 6 6 5 9 2 
584.9 ; 4.152e-11 ; True ; 1 20 30 113 164 174 389 396 431 502 507 549 636 638 727 879 890 906  ; 7 1 11 4 15 4 11 8 5 6 6 7 6 10 6 7 7 5 10 2 
587.8 ; 4.185e-11 ; True ; 1 20 30 113 128 164 389 396 431 502 507 549 636 638 727 879 890 906  ; 6 1 11 4 15 4 10 8 6 6 6 8 5 9 7 7 7 5 9 2 
592.8 ; 4.41e-11 ; True ; 1 20 30 113 128 164 174 389 431 486 502 507 549 636 727 879 890 906  ; 7 1 12 4 15 4 10 8 6 7 7 7 6 9 7 5 6 5 9 2 
600.1 ; 4.427e-11 ; True ; 1 20 30 113 164 174 389 396 431 502 507 549 636 716 727 879 890 906  ; 7 1 11 4 15 5 12 8 5 6 6 6 6 9 7 6 8 5 9 2 
601.1 ; 4.466e-11 ; True ; 1 20 30 113 164 174 389 431 502 507 549 636 638 727 774 879 890 906  ; 6 1 10 5 14 5 10 7 5 7 6 7 6 9 7 6 6 5 9 2 
610.6 ; 4.765e-11 ; True ; 1 20 30 113 164 174 219 389 396 502 507 549 636 638 727 879 890 906  ; 7 1 11 5 14 5 11 7 5 6 6 7 6 10 7 6 6 5 10 2 
614.4 ; 4.796e-11 ; True ; 1 20 30 113 128 164 174 219 389 396 431 502 507 549 727 879 890 906  ; 8 1 12 4 14 5 10 9 6 6 8 6 5 10 8 6 6 4 10 2 
616.1 ; 5.19e-11 ; True ; 1 20 30 113 128 164 174 389 396 431 507 549 636 638 694 727 879 890 906  ; 8 1 12 4 16 4 10 9 5 6 7 7 5 10 6 7 8 5 11 2 
620.3 ; 5.252e-11 ; True ; 1 20 30 113 128 164 174 389 396 431 507 549 636 638 713 727 879 890 906  ; 8 1 11 4 16 4 11 9 5 6 7 7 6 10 6 7 7 5 10 2 
620.5 ; 5.668e-11 ; True ; 1 20 30 113 128 164 174 389 396 431 486 507 549 636 638 727 879 890 906  ; 8 1 12 5 16 4 10 8 5 7 7 7 5 11 6 6 7 5 11 2 
634.1 ; 5.778e-11 ; True ; 1 20 30 113 128 164 174 389 431 486 507 549 594 636 638 727 879 890 906  ; 7 1 11 6 15 5 9 7 5 8 7 7 5 10 7 5 6 5 10 2 
637.6 ; 5.975e-11 ; True ; 1 20 30 113 128 164 174 389 431 457 507 549 636 638 727 856 879 890 906  ; 7 1 11 5 14 5 9 8 6 6 8 7 5 9 7 6 6 5 10 2 
637.6 ; 6.072e-11 ; True ; 1 20 30 113 128 164 174 330 389 396 502 507 549 636 638 727 879 890 906  ; 7 1 13 4 15 4 12 8 7 6 6 9 6 9 7 6 6 6 9 2 
640.1 ; 6.123e-11 ; True ; 1 20 30 113 128 174 307 389 396 431 502 507 549 636 638 727 879 890 906  ; 6 1 11 4 15 4 11 8 6 6 7 8 6 9 7 8 7 5 9 2 
645.2 ; 7.078e-11 ; True ; 1 20 30 113 128 164 174 389 396 431 502 507 549 636 638 727 879 890 906  ; 7 1 12 4 16 4 11 9 6 6 7 8 6 10 7 7 7 5 10 2 
673.4 ; 8.079e-11 ; True ; 1 20 30 113 128 164 174 219 389 396 502 507 549 636 638 727 879 890 906  ; 7 1 12 5 15 5 11 8 6 6 7 8 6 10 8 6 6 5 10 2 
691.1 ; 8.731e-11 ; True ; 1 20 30 113 128 164 174 330 389 396 431 507 549 636 638 727 770 879 890 906  ; 8 1 12 5 16 4 11 9 6 7 7 8 5 11 6 6 7 6 11 2 
705.2 ; 9.188e-11 ; True ; 1 4 20 30 113 128 164 174 389 396 431 486 507 549 636 638 727 879 890 906  ; 8 1 12 6 17 5 10 8 5 8 7 8 5 11 6 6 7 5 11 2 
711.4 ; 1.108e-10 ; True ; 1 20 25 30 113 128 164 174 330 389 396 502 507 549 636 638 727 879 890 906  ; 7 1 14 5 16 4 13 9 7 7 7 9 6 10 7 6 6 6 10 2 
723.1 ; 1.128e-10 ; True ; 1 20 30 113 164 174 330 389 396 431 502 507 549 636 638 727 774 879 890 906  ; 8 1 12 5 15 5 12 8 6 7 6 8 6 10 7 7 7 6 10 2 
728.3 ; 1.142e-10 ; True ; 1 20 30 113 128 164 174 330 389 396 431 502 507 549 636 727 774 879 890 906  ; 8 1 13 4 15 5 12 9 7 7 7 8 6 9 8 6 7 6 9 2 
740.2 ; 1.27e-10 ; True ; 1 20 30 113 128 164 174 307 389 431 502 507 549 636 638 727 774 879 890 906  ; 6 1 11 5 15 5 11 8 6 7 7 8 6 9 8 7 6 5 9 3 
743.3 ; 1.297e-10 ; True ; 1 20 30 113 128 164 174 330 389 396 415 431 486 507 549 636 638 727 879 890 906  ; 9 1 13 6 16 5 11 8 6 8 7 8 5 11 6 6 7 6 11 2 
763.2 ; 1.392e-10 ; True ; 1 20 30 113 128 164 174 219 389 396 431 502 507 549 636 727 774 879 890 906  ; 8 1 12 5 15 6 11 9 6 7 8 7 6 10 9 6 7 5 10 2 
776.4 ; 1.554e-10 ; True ; 1 20 30 113 128 164 174 307 389 396 431 486 507 549 636 638 727 774 879 890 906  ; 8 1 12 6 16 5 11 8 5 8 7 7 5 11 7 7 7 5 11 3 
786.5 ; 1.622e-10 ; True ; 1 20 30 113 128 164 174 330 389 396 431 502 507 549 636 638 727 770 879 890 906  ; 8 1 13 5 17 4 12 10 7 7 7 9 6 11 7 7 7 6 11 2 
791.3 ; 1.801e-10 ; True ; 1 20 30 113 128 164 174 330 389 396 431 502 507 549 636 638 727 774 879 890 906  ; 8 1 13 5 16 5 12 9 7 7 7 9 6 10 8 7 7 6 10 2 
807 ; 1.894e-10 ; True ; 1 20 30 113 128 164 174 307 389 431 502 507 549 577 636 638 727 774 879 890 906  ; 7 1 12 5 16 5 12 9 6 7 7 8 6 9 8 8 7 5 10 3 
824.4 ; 1.896e-10 ; True ; 1 20 30 113 128 164 174 307 330 389 431 502 507 549 636 727 770 774 879 890 906  ; 7 1 12 5 15 5 12 9 7 8 7 8 6 9 8 6 6 6 9 3 
857.7 ; 1.96e-10 ; True ; 1 20 30 113 128 164 219 330 389 431 502 507 549 636 638 713 727 868 879 890 906  ; 9 1 12 6 15 6 11 8 7 6 8 9 6 10 8 7 6 6 10 2 
863.9 ; 2.139e-10 ; True ; 1 20 30 113 128 164 174 307 389 396 431 486 507 549 636 638 696 727 774 879 890 906  ; 8 1 12 6 16 6 11 8 5 8 7 8 5 11 7 7 7 6 11 3 
869.3 ; 2.228e-10 ; True ; 1 20 30 113 128 145 164 219 307 389 396 431 502 507 549 636 727 868 879 890 906  ; 8 1 12 5 14 7 11 8 6 6 9 7 5 11 8 7 7 6 11 3 
874.6 ; 2.268e-10 ; True ; 1 20 30 113 128 164 174 307 389 396 431 486 502 549 636 638 727 770 774 879 890 906  ; 8 1 13 7 17 4 11 10 6 9 6 7 6 11 7 7 7 5 11 3 
900.8 ; 2.422e-10 ; True ; 1 20 30 113 128 164 307 330 389 396 431 502 507 549 636 638 683 727 770 879 890 906  ; 7 1 12 5 16 5 12 9 7 7 6 10 5 10 8 8 8 6 10 3 
914.8 ; 2.643e-10 ; True ; 1 20 30 113 128 164 174 307 389 396 431 486 507 549 636 638 727 774 788 856 879 890 906  ; 10 1 14 6 17 5 11 10 5 8 9 7 5 12 7 8 7 5 12 3 
918.6 ; 2.849e-10 ; True ; 1 20 30 113 164 174 219 307 330 389 431 485 502 507 549 636 638 727 856 879 890 906  ; 9 1 12 5 15 5 12 9 6 6 8 8 7 11 7 8 7 6 12 3 
953.5 ; 3.246e-10 ; True ; 1 20 25 30 113 128 164 174 307 389 396 431 485 486 507 549 636 727 774 856 879 890 906  ; 9 1 14 6 17 5 12 11 5 9 9 6 6 12 7 7 8 5 13 3 
966.4 ; 3.285e-10 ; True ; 1 20 30 113 128 164 174 219 307 389 431 502 507 549 594 636 653 727 868 879 890 906  ; 8 1 12 6 15 7 11 8 6 8 10 7 6 11 9 7 6 5 10 3 
982.1 ; 3.588e-10 ; True ; 1 20 30 113 128 164 174 307 389 396 415 457 502 507 549 636 638 727 774 785 879 890 906  ; 6 1 12 7 16 7 12 8 7 8 6 9 6 9 10 7 7 6 9 3 
1011 ; 4.509e-10 ; True ; 1 20 30 113 164 174 219 307 330 389 431 485 502 507 549 636 638 727 774 856 879 890 906  ; 9 1 12 6 15 6 12 9 6 7 8 8 7 11 8 8 7 6 12 3 
1057 ; 4.802e-10 ; True ; 1 20 30 113 128 164 174 307 330 389 431 457 486 502 507 549 622 638 713 727 774 879 890 906  ; 9 1 13 7 16 6 12 9 9 8 7 9 6 10 9 8 5 6 10 3 
1080 ; 5.039e-10 ; True ; 1 20 30 113 164 174 219 307 328 330 389 431 485 502 507 549 636 638 716 727 856 879 890 906  ; 9 1 12 6 17 6 13 9 6 6 8 8 8 11 8 8 8 6 12 3 
1080 ; 5.12e-10 ; True ; 1 20 30 113 164 174 219 307 330 389 431 485 502 507 549 622 636 638 694 727 856 879 890 906  ; 10 1 13 5 16 5 12 10 7 6 8 9 7 11 7 9 8 7 13 3 
1125 ; 6.01e-10 ; True ; 1 20 30 113 164 174 219 307 330 389 431 485 502 507 549 622 636 638 727 856 868 879 890 906  ; 10 1 13 6 15 6 12 9 7 6 9 9 7 12 7 8 7 7 13 3 
1215 ; 6.554e-10 ; True ; 1 20 30 113 164 174 219 307 330 389 431 485 502 507 549 622 636 638 727 839 856 868 879 890 906  ; 10 1 13 6 16 6 12 9 7 6 9 9 7 12 7 8 7 8 13 3 
1223 ; 7.115e-10 ; True ; 1 20 25 30 69 113 164 174 219 307 389 396 431 485 486 507 549 636 638 727 868 872 879 890 906  ; 11 1 14 8 18 6 13 9 4 8 9 8 7 15 8 7 8 7 15 3 
1297 ; 7.153e-10 ; True ; 1 20 30 113 128 164 174 219 307 330 389 396 431 438 502 549 622 636 727 770 774 785 872 879 890 906  ; 10 1 14 6 18 5 13 10 8 8 7 10 6 11 10 6 8 9 10 3 
1319 ; 7.193e-10 ; True ; 1 20 30 44 113 128 164 174 219 307 389 396 431 485 502 549 594 636 638 653 727 748 856 868 890 906  ; 10 1 14 6 18 6 11 12 7 7 10 7 7 13 8 9 8 5 12 3 
1325 ; 7.928e-10 ; True ; 1 20 30 106 113 157 174 219 307 389 396 431 485 486 502 507 531 549 638 713 727 791 868 879 890 906  ; 11 1 12 7 20 7 14 11 6 8 9 8 9 14 7 9 8 6 14 2 
1343 ; 8.469e-10 ; True ; 1 20 30 113 160 164 174 219 307 330 389 431 485 502 507 549 622 636 638 727 748 856 868 879 890 906  ; 10 1 13 6 16 7 12 9 8 6 9 9 7 12 8 8 7 8 13 3 
1380 ; 8.862e-10 ; True ; 1 20 30 69 113 164 174 219 307 330 389 431 485 502 549 622 636 638 727 748 856 868 872 879 890 906  ; 11 1 14 6 15 6 12 9 8 6 8 10 8 11 9 7 7 9 12 3 
1481 ; 9.17e-10 ; True ; 1 20 30 113 128 164 174 219 307 320 389 396 431 502 507 531 538 549 636 638 713 765 770 785 791 879 890 906  ; 10 1 12 6 22 6 14 13 5 8 10 9 7 14 8 10 8 6 14 3 
1481 ; 1.069e-09 ; True ; 20 25 30 67 113 164 219 307 330 389 431 485 502 507 531 549 636 638 653 727 785 805 833 868 879 890 906  ; 10 1 12 6 19 7 12 9 7 8 10 9 5 13 9 8 10 8 12 3 
1530 ; 1.761e-09 ; True ; 1 20 30 113 128 164 174 219 307 330 389 431 486 502 531 539 549 636 713 727 770 785 856 868 872 879 890 906  ; 14 1 16 7 20 5 13 13 7 8 10 9 8 13 9 7 9 8 14 3 
1848 ; 2.058e-09 ; True ; 1 20 30 113 128 164 174 219 293 307 320 330 386 389 396 431 485 502 507 531 549 622 713 727 770 785 868 872 879 890  ; 13 1 15 6 22 7 14 13 8 7 11 10 7 15 10 8 9 7 16 3 

