Iteration: 1000
 Population Size: 1000
RUN 1:
Optimum Distance: 11.84
Optimal Team: 19,276,499,
Required Skills: 0 1 4 9 10 18 23 24 
Distance; Skill Score; isValid; Team; Skill Counts
11.84 ; 2.368e-08 ; True ; 19 276 499  ; 1 1 1 2 1 1 1 1 
14.81 ; 2.763e-08 ; True ; 71 157 276  ; 1 1 1 1 1 2 1 1 
18.71 ; 9.024e-08 ; True ; 19 276 409 499  ; 1 1 1 3 2 1 1 2 
19.62 ; 9.05e-08 ; True ; 19 233 276 499  ; 2 1 1 3 1 1 2 1 
19.78 ; 1.453e-07 ; True ; 19 276 499 530  ; 1 1 2 2 2 1 1 2 
20.64 ; 1.547e-07 ; True ; 19 276 499 546  ; 2 1 1 3 2 1 1 2 
20.73 ; 1.599e-07 ; True ; 19 276 499 604  ; 2 1 1 3 1 1 2 2 
23.43 ; 1.652e-07 ; True ; 19 276 499 610  ; 2 1 1 3 1 2 2 1 
23.55 ; 1.727e-07 ; True ; 19 276 385 610  ; 1 1 1 3 2 2 2 1 
24.69 ; 2.346e-07 ; True ; 71 157 276 280  ; 2 1 1 2 2 2 1 2 
27.61 ; 2.425e-07 ; True ; 276 340 409 469 499  ; 2 1 1 2 1 2 2 2 
27.62 ; 3.147e-07 ; True ; 19 276 409 499 530  ; 1 1 2 3 3 1 1 3 
28.52 ; 3.995e-07 ; True ; 19 276 340 409 499  ; 2 1 2 3 2 1 1 3 
29.51 ; 4.699e-07 ; True ; 19 276 340 469 499  ; 2 1 2 2 1 2 2 2 
30.39 ; 5.554e-07 ; True ; 19 233 276 499 530  ; 2 1 2 3 2 1 2 2 
31.61 ; 7.403e-07 ; True ; 19 276 499 530 604  ; 2 1 2 3 2 1 2 3 
34.28 ; 1.014e-06 ; True ; 19 276 499 530 610  ; 2 1 2 3 2 2 2 2 
39.31 ; 1.351e-06 ; True ; 19 276 340 409 469 499  ; 2 1 2 3 2 2 2 3 
41.47 ; 1.48e-06 ; True ; 19 133 276 499 530 604  ; 2 1 2 4 2 2 2 3 
42.25 ; 1.753e-06 ; True ; 19 276 340 469 499 546  ; 3 1 2 3 2 2 2 3 
43.31 ; 1.824e-06 ; True ; 19 276 469 499 530 546  ; 2 1 2 3 3 2 2 3 
44.31 ; 1.882e-06 ; True ; 19 276 469 499 530 604  ; 2 1 2 3 2 2 3 3 
44.99 ; 1.998e-06 ; True ; 19 276 409 499 530 610  ; 2 1 2 4 3 2 2 3 
47.2 ; 2.288e-06 ; True ; 19 102 276 499 530 604  ; 3 1 2 4 2 2 2 4 
47.94 ; 2.548e-06 ; True ; 19 276 340 499 530 610  ; 3 1 3 3 2 2 2 3 
48.69 ; 2.593e-06 ; True ; 19 276 499 530 546 610  ; 3 1 2 4 3 2 2 3 
49.05 ; 2.674e-06 ; True ; 19 276 499 530 604 610  ; 3 1 2 4 2 2 3 3 
52.37 ; 2.783e-06 ; True ; 19 276 385 499 530 604  ; 2 1 2 4 3 2 3 3 
53.06 ; 3.16e-06 ; True ; 19 276 340 409 469 499 530  ; 2 1 3 3 3 2 2 4 
54.11 ; 3.187e-06 ; True ; 19 276 340 409 469 499 604  ; 3 1 2 4 2 2 3 4 
55.01 ; 3.26e-06 ; True ; 19 110 276 340 469 499 530  ; 2 1 3 3 2 2 3 4 
55.2 ; 3.326e-06 ; True ; 19 133 276 340 499 530 604  ; 3 1 3 4 2 2 2 4 
56.58 ; 3.549e-06 ; True ; 19 233 276 340 469 499 530  ; 3 1 3 3 2 2 3 3 
57.03 ; 4.1e-06 ; True ; 19 276 340 469 499 530 546  ; 3 1 3 3 3 2 2 4 
58.04 ; 4.229e-06 ; True ; 19 276 340 469 499 530 604  ; 3 1 3 3 2 2 3 4 
59.65 ; 4.491e-06 ; True ; 19 276 340 409 499 530 610  ; 3 1 3 4 3 2 2 4 
61.76 ; 4.514e-06 ; True ; 19 276 409 499 530 604 610  ; 3 1 2 5 3 2 3 4 
62.6 ; 4.873e-06 ; True ; 19 276 340 469 499 530 610  ; 3 1 3 3 2 3 3 3 
64.32 ; 5.226e-06 ; True ; 19 276 340 499 530 546 610  ; 4 1 3 4 3 2 2 4 
64.69 ; 5.391e-06 ; True ; 19 276 340 499 530 604 610  ; 4 1 3 4 2 2 3 4 
66.79 ; 5.416e-06 ; True ; 19 110 276 340 409 469 499 530  ; 2 1 3 4 3 2 3 5 
67.08 ; 5.71e-06 ; True ; 19 81 276 340 499 530 604  ; 3 1 3 3 3 2 3 4 
68.09 ; 6.255e-06 ; True ; 19 276 340 385 499 530 604  ; 3 1 3 4 3 2 3 4 
69.71 ; 7.206e-06 ; True ; 19 276 340 385 499 530 610  ; 3 1 3 4 3 3 3 3 
73.32 ; 7.279e-06 ; True ; 19 233 276 340 469 499 530 546  ; 4 1 3 4 3 2 3 4 
75.32 ; 7.372e-06 ; True ; 19 110 276 340 409 499 530 610  ; 3 1 3 5 3 2 3 5 
75.76 ; 8.177e-06 ; True ; 19 276 340 469 499 530 546 604  ; 4 1 3 4 3 2 3 5 
76.25 ; 8.587e-06 ; True ; 19 276 340 409 469 499 530 610  ; 3 1 3 4 3 3 3 4 
80.96 ; 9.993e-06 ; True ; 19 276 340 469 499 530 546 610  ; 4 1 3 4 3 3 3 4 
83.6 ; 1.012e-05 ; True ; 19 133 276 340 409 469 499 530 604  ; 3 1 3 5 3 3 3 5 
84.45 ; 1.035e-05 ; True ; 19 276 340 385 469 499 530 546  ; 3 1 3 4 4 3 3 4 
85.35 ; 1.086e-05 ; True ; 19 276 340 385 409 499 530 610  ; 3 1 3 5 4 3 3 4 
86.3 ; 1.11e-05 ; True ; 19 276 340 385 438 499 530 610  ; 3 1 4 4 3 3 3 4 
87.36 ; 1.118e-05 ; True ; 19 110 276 340 385 499 530 610  ; 3 1 3 5 3 3 4 4 
89.82 ; 1.264e-05 ; True ; 19 276 340 385 499 530 546 610  ; 4 1 3 5 4 3 3 4 
90.42 ; 1.301e-05 ; True ; 19 276 340 385 499 530 604 610  ; 4 1 3 5 3 3 4 4 
96.56 ; 1.42e-05 ; True ; 19 276 340 409 469 499 530 546 610  ; 4 1 3 5 4 3 3 5 
96.94 ; 1.461e-05 ; True ; 19 276 340 409 469 499 530 604 610  ; 4 1 3 5 3 3 4 5 
102 ; 1.503e-05 ; True ; 19 276 340 385 438 469 499 530 546  ; 3 1 4 4 4 3 3 5 
102.1 ; 1.514e-05 ; True ; 19 110 276 340 385 469 499 530 546  ; 3 1 3 5 4 3 4 5 
102.6 ; 1.608e-05 ; True ; 19 276 340 469 499 530 546 604 610  ; 5 1 3 5 3 3 4 5 
104.9 ; 1.623e-05 ; True ; 19 110 276 340 385 438 499 530 610  ; 3 1 4 5 3 3 4 5 
105.4 ; 1.679e-05 ; True ; 19 81 276 340 469 499 530 546 604  ; 4 1 3 4 4 3 4 5 
105.9 ; 1.686e-05 ; True ; 19 276 340 385 438 469 499 530 610  ; 3 1 4 4 3 4 4 4 
107.1 ; 1.761e-05 ; True ; 19 276 340 385 469 499 530 546 604  ; 4 1 3 5 4 3 4 5 
108 ; 1.808e-05 ; True ; 19 276 340 385 409 499 530 604 610  ; 4 1 3 6 4 3 4 5 
108.4 ; 1.835e-05 ; True ; 19 276 340 385 438 499 530 546 610  ; 4 1 4 5 4 3 3 5 
109 ; 1.889e-05 ; True ; 19 276 340 385 438 499 530 604 610  ; 4 1 4 5 3 3 4 5 
110.4 ; 1.919e-05 ; True ; 19 276 340 385 469 499 530 546 610  ; 4 1 3 5 4 4 4 4 
113.5 ; 1.989e-05 ; True ; 19 276 340 385 499 530 546 604 610  ; 5 1 3 6 4 3 4 5 
114.9 ; 2.027e-05 ; True ; 19 276 340 385 499 530 546 610 633  ; 4 1 4 5 4 3 4 4 
115.5 ; 2.048e-05 ; True ; 19 276 340 409 438 469 499 530 604 610  ; 4 1 4 5 3 3 4 6 
118.4 ; 2.058e-05 ; True ; 19 102 276 340 385 499 530 610 633  ; 4 1 4 5 3 4 4 4 
120.2 ; 2.157e-05 ; True ; 19 276 340 409 469 499 530 546 604 610  ; 5 1 3 6 4 3 4 6 
121.2 ; 2.253e-05 ; True ; 19 276 340 438 469 499 530 546 604 610  ; 5 1 4 5 3 3 4 6 
124.5 ; 2.277e-05 ; True ; 19 276 340 409 469 499 530 546 610 633  ; 4 1 4 5 4 3 4 5 
125 ; 2.353e-05 ; True ; 19 81 276 340 438 469 499 530 546 604  ; 4 1 4 4 4 3 4 6 
125.4 ; 2.395e-05 ; True ; 19 276 340 385 409 438 469 499 530 610  ; 3 1 4 5 4 4 4 5 
126.7 ; 2.468e-05 ; True ; 19 276 340 385 438 469 499 530 546 604  ; 4 1 4 5 4 3 4 6 
128.6 ; 2.534e-05 ; True ; 19 276 340 385 409 438 499 530 604 610  ; 4 1 4 6 4 3 4 6 
129.9 ; 2.787e-05 ; True ; 19 276 340 385 438 469 499 530 546 610  ; 4 1 4 5 4 4 4 5 
134.1 ; 2.788e-05 ; True ; 19 276 340 385 438 499 530 546 604 610  ; 5 1 4 6 4 3 4 6 
136 ; 2.838e-05 ; True ; 19 276 340 385 469 499 530 546 604 610  ; 5 1 3 6 4 4 5 5 
138.3 ; 2.891e-05 ; True ; 19 276 340 385 469 499 530 546 610 633  ; 4 1 4 5 4 4 5 4 
140.6 ; 2.997e-05 ; True ; 19 276 340 385 499 530 546 604 610 633  ; 5 1 4 6 4 3 5 5 
142.1 ; 3.043e-05 ; True ; 19 102 276 340 385 499 530 604 610 633  ; 5 1 4 6 3 4 5 5 
143.9 ; 3.163e-05 ; True ; 19 81 276 340 385 438 499 530 546 610  ; 4 1 4 5 5 4 4 5 
144.5 ; 3.248e-05 ; True ; 19 81 276 340 385 438 499 530 604 610  ; 4 1 4 5 4 4 5 5 
149.3 ; 3.334e-05 ; True ; 19 71 276 340 385 438 499 530 604 610  ; 4 1 4 6 4 4 5 5 
151.4 ; 3.52e-05 ; True ; 19 276 340 385 409 438 469 499 530 546 610  ; 4 1 4 6 5 4 4 6 
151.5 ; 3.522e-05 ; True ; 19 181 276 340 385 438 469 499 530 546 610  ; 4 1 4 5 4 4 5 6 
151.5 ; 3.663e-05 ; True ; 19 276 340 385 438 456 469 499 530 546 610  ; 4 1 5 5 4 4 4 6 
157.5 ; 3.978e-05 ; True ; 19 276 340 385 438 469 499 530 546 604 610  ; 5 1 4 6 4 4 5 6 
164.2 ; 3.997e-05 ; True ; 19 81 276 340 385 438 469 499 530 546 604  ; 4 1 4 5 5 4 5 6 
165.6 ; 4.035e-05 ; True ; 19 102 276 340 385 409 499 530 604 610 633  ; 5 1 4 7 4 4 5 6 
165.9 ; 4.113e-05 ; True ; 19 276 340 385 469 499 530 546 604 610 633  ; 5 1 4 6 4 4 6 5 
167.5 ; 4.157e-05 ; True ; 19 81 276 340 385 438 456 499 530 546 610  ; 4 1 5 5 5 4 4 6 
168.1 ; 4.269e-05 ; True ; 19 81 276 340 385 438 456 499 530 604 610  ; 4 1 5 5 4 4 5 6 
171.8 ; 4.298e-05 ; True ; 19 102 276 340 385 499 530 546 604 610 633  ; 6 1 4 7 4 4 5 6 
173.5 ; 4.515e-05 ; True ; 19 81 276 340 385 438 499 530 546 604 610  ; 5 1 4 6 5 4 5 6 
177.7 ; 4.578e-05 ; True ; 19 81 102 276 340 385 438 499 530 604 610  ; 5 1 4 6 4 5 5 6 
179.3 ; 4.58e-05 ; True ; 19 71 276 340 385 438 499 530 546 604 610  ; 5 1 4 7 5 4 5 6 
180.1 ; 4.668e-05 ; True ; 19 81 276 340 385 499 530 546 604 610 633  ; 5 1 4 6 5 4 6 5 
181 ; 4.725e-05 ; True ; 19 181 276 340 385 438 469 499 530 546 604 610  ; 5 1 4 6 4 4 6 7 
181.1 ; 4.809e-05 ; True ; 19 276 340 346 385 438 469 499 530 546 604 610  ; 6 1 4 6 5 4 5 6 
183.6 ; 4.853e-05 ; True ; 19 184 276 340 385 438 469 499 530 546 604 610  ; 5 1 4 7 5 4 5 7 
185 ; 4.912e-05 ; True ; 19 276 340 385 409 438 469 499 530 604 610 633  ; 4 1 5 6 4 4 6 6 
185.2 ; 4.973e-05 ; True ; 19 276 340 385 409 438 469 499 530 546 610 633  ; 4 1 5 6 5 4 5 6 
186.1 ; 5.109e-05 ; True ; 19 274 276 340 385 438 469 499 530 546 604 610  ; 5 1 5 6 4 4 5 7 
190.3 ; 5.406e-05 ; True ; 19 276 340 385 438 469 499 530 546 604 610 633  ; 5 1 5 6 4 4 6 6 
193 ; 5.577e-05 ; True ; 19 81 276 340 385 438 456 469 499 530 546 610  ; 4 1 5 5 5 5 5 6 
199.1 ; 5.799e-05 ; True ; 19 81 276 340 385 438 456 499 530 546 604 610  ; 5 1 5 6 5 4 5 7 
200 ; 5.826e-05 ; True ; 19 81 276 340 385 438 469 499 530 546 604 610  ; 5 1 4 6 5 5 6 6 
204.2 ; 5.881e-05 ; True ; 19 81 102 276 340 385 438 456 499 530 604 610  ; 5 1 5 6 4 5 5 7 
205.9 ; 5.883e-05 ; True ; 19 71 276 340 385 438 456 499 530 546 604 610  ; 5 1 5 7 5 4 5 7 
206 ; 5.978e-05 ; True ; 19 64 81 276 340 385 438 499 530 604 610 633  ; 5 1 5 5 5 4 6 6 
206.4 ; 6.135e-05 ; True ; 19 81 276 340 385 438 499 530 546 604 610 633  ; 5 1 5 6 5 4 6 6 
209.8 ; 6.222e-05 ; True ; 19 81 102 276 340 385 438 499 530 604 610 633  ; 5 1 5 6 4 5 6 6 
212.9 ; 6.299e-05 ; True ; 19 81 102 276 340 385 438 499 530 546 610 633  ; 5 1 5 6 5 5 5 6 
215.8 ; 6.391e-05 ; True ; 19 81 276 340 385 438 491 499 530 546 604 610  ; 5 1 5 7 5 5 5 6 
217.4 ; 6.417e-05 ; True ; 19 71 81 276 340 385 438 456 499 530 604 610  ; 4 1 5 6 5 5 6 6 
220.8 ; 6.668e-05 ; True ; 19 274 276 340 385 438 469 499 530 546 604 610 633  ; 5 1 6 6 4 4 6 7 
226.4 ; 6.742e-05 ; True ; 19 81 181 276 340 385 438 469 499 530 546 604 610  ; 5 1 4 6 5 5 7 7 
226.5 ; 6.79e-05 ; True ; 19 81 276 340 346 385 438 469 499 530 546 604 610  ; 6 1 4 6 6 5 6 6 
227.5 ; 6.925e-05 ; True ; 19 276 311 340 385 438 469 499 530 546 604 610 633  ; 6 1 5 6 5 4 6 7 
228.3 ; 7.125e-05 ; True ; 19 102 276 340 385 456 469 499 530 546 604 610 633  ; 6 1 5 7 4 5 6 7 
234.8 ; 7.568e-05 ; True ; 19 81 276 340 385 438 456 499 530 546 604 610 633  ; 5 1 6 6 5 4 6 7 
235.7 ; 7.713e-05 ; True ; 19 81 276 340 385 438 469 499 530 546 604 610 633  ; 5 1 5 6 5 5 7 6 
242.3 ; 7.77e-05 ; True ; 19 81 102 276 340 385 438 456 499 530 546 610 633  ; 5 1 6 6 5 5 5 7 
244.4 ; 7.825e-05 ; True ; 19 71 276 340 385 438 469 499 530 546 604 610 633  ; 5 1 5 7 5 5 7 6 
247.1 ; 7.971e-05 ; True ; 19 81 102 276 311 340 385 438 499 530 604 610 633  ; 6 1 5 6 5 5 6 7 
251.2 ; 8.024e-05 ; True ; 19 64 81 276 340 385 438 491 499 530 546 610 633  ; 5 1 6 6 6 5 5 6 
251.2 ; 8.221e-05 ; True ; 19 64 81 276 340 385 438 491 499 530 604 610 633  ; 5 1 6 6 5 5 6 6 
252.6 ; 8.34e-05 ; True ; 19 81 276 340 385 438 491 499 530 546 604 610 633  ; 5 1 6 7 5 5 6 6 
261.1 ; 8.44e-05 ; True ; 19 64 71 81 276 340 385 438 499 530 604 610 633  ; 5 1 5 6 6 5 7 6 
261.6 ; 8.562e-05 ; True ; 19 71 81 276 340 385 438 499 530 546 604 610 633  ; 5 1 5 7 6 5 7 6 
266.1 ; 8.672e-05 ; True ; 19 71 81 102 276 340 385 456 499 530 604 610 633  ; 5 1 5 7 5 6 7 6 
268.1 ; 8.688e-05 ; True ; 19 71 81 102 276 340 385 438 499 530 546 610 633  ; 5 1 5 7 6 6 6 6 
268.7 ; 8.711e-05 ; True ; 19 81 276 340 385 438 499 530 546 604 610 614 633  ; 5 1 6 6 5 5 6 7 
269.8 ; 8.943e-05 ; True ; 19 81 276 340 379 385 438 469 499 530 546 604 610 633  ; 5 1 5 6 6 5 7 7 
270.2 ; 9.514e-05 ; True ; 19 81 274 276 340 385 438 469 499 530 546 604 610 633  ; 5 1 6 6 5 5 7 7 
284.6 ; 0.0001005 ; True ; 19 71 81 276 340 385 438 456 469 499 530 546 604 610  ; 5 1 5 7 6 6 7 7 
294.8 ; 0.0001017 ; True ; 19 71 81 276 340 385 438 469 499 530 546 604 610 633  ; 5 1 5 7 6 6 8 6 
295.7 ; 0.0001052 ; True ; 19 81 102 276 340 385 438 491 499 530 546 604 610 633  ; 6 1 6 8 5 6 6 7 
298.3 ; 0.000107 ; True ; 19 71 81 102 276 340 385 438 456 499 530 604 610 633  ; 5 1 6 7 5 6 7 7 
301.4 ; 0.0001072 ; True ; 19 71 81 102 276 340 385 438 456 499 530 546 610 633  ; 5 1 6 7 6 6 6 7 
309 ; 0.0001083 ; True ; 19 81 102 104 276 340 385 438 456 499 530 546 604 610 633  ; 6 1 6 8 6 5 6 8 
311.1 ; 0.0001112 ; True ; 19 81 121 276 340 438 456 469 491 499 530 546 604 610 633  ; 6 1 7 7 5 5 6 8 
315.7 ; 0.0001123 ; True ; 19 81 157 276 340 385 456 469 499 530 546 604 610 633  ; 6 1 6 6 5 6 7 7 
322.8 ; 0.0001166 ; True ; 19 81 102 121 276 340 385 438 456 499 530 546 604 610 633  ; 7 1 6 8 6 5 6 9 
328.8 ; 0.000117 ; True ; 19 71 81 276 340 385 438 499 530 546 604 610 614 633  ; 5 1 6 7 6 6 7 7 
331.3 ; 0.0001191 ; True ; 19 71 81 157 276 340 385 438 456 499 530 546 604 610  ; 6 1 6 7 6 6 6 8 
332.4 ; 0.0001194 ; True ; 19 71 81 157 276 340 385 438 456 499 530 604 610 633  ; 5 1 7 6 5 6 7 7 
337.8 ; 0.0001196 ; True ; 19 71 81 121 157 276 340 385 438 456 499 530 610 633  ; 5 1 7 6 6 6 6 7 
338.1 ; 0.0001229 ; True ; 19 71 81 157 276 340 378 385 438 499 530 604 610 633  ; 6 1 6 6 6 6 7 7 
339.6 ; 0.0001247 ; True ; 19 71 81 157 276 340 385 438 499 530 546 604 610 633  ; 6 1 6 7 6 6 7 7 
350.6 ; 0.0001325 ; True ; 19 71 81 276 311 340 385 438 456 491 499 530 604 610 633  ; 5 1 7 7 6 6 7 7 
362.7 ; 0.0001338 ; True ; 19 81 157 276 311 340 385 438 469 499 530 546 604 610 633  ; 7 1 6 6 6 6 7 8 
366.1 ; 0.0001382 ; True ; 19 71 81 276 340 385 438 456 499 530 546 604 610 614 633  ; 5 1 7 7 6 6 7 8 
376.4 ; 0.0001383 ; True ; 19 71 81 157 274 276 340 385 438 469 499 530 604 610 633  ; 5 1 7 6 5 7 8 7 
378.6 ; 0.0001444 ; True ; 19 71 81 157 276 340 385 438 469 499 530 546 604 610 633  ; 6 1 6 7 6 7 8 7 
382.3 ; 0.0001473 ; True ; 19 71 81 121 157 276 340 385 438 456 499 530 604 610 633  ; 6 1 7 7 6 6 7 8 
390.5 ; 0.0001479 ; True ; 19 71 81 102 157 276 340 385 438 499 530 546 604 610 633  ; 7 1 6 8 6 7 7 8 
399.6 ; 0.0001493 ; True ; 19 71 81 157 276 340 385 438 456 499 530 604 610 614 633  ; 5 1 8 6 5 7 7 8 
399.7 ; 0.0001496 ; True ; 19 71 81 157 276 340 385 438 456 499 530 546 610 614 633  ; 5 1 8 6 6 7 6 8 
402.1 ; 0.0001538 ; True ; 19 71 81 121 157 276 340 385 456 491 499 530 604 610 633  ; 6 1 7 8 6 7 7 7 
406.2 ; 0.0001568 ; True ; 19 71 81 157 276 340 378 385 438 499 530 604 610 614 633  ; 6 1 7 6 6 7 7 8 
417.9 ; 0.0001706 ; True ; 19 71 81 157 276 340 385 438 456 469 499 530 546 604 610 633  ; 6 1 7 7 6 7 8 8 
450.1 ; 0.0001713 ; True ; 6 19 71 81 157 276 340 385 438 499 530 546 604 610 614 633  ; 6 1 7 8 7 7 7 8 
451.9 ; 0.0001743 ; True ; 19 71 81 157 276 340 385 432 438 456 469 499 530 604 610 614  ; 6 1 7 7 6 8 7 9 
452.3 ; 0.0001754 ; True ; 19 71 81 121 157 276 340 385 456 469 499 530 546 604 614 633  ; 6 1 7 7 7 7 7 9 
453.2 ; 0.0001785 ; True ; 19 71 81 157 276 311 340 385 438 469 499 530 604 610 614 633  ; 6 1 7 6 6 8 8 8 
463.1 ; 0.0001788 ; True ; 19 71 81 157 234 276 340 385 410 438 499 530 604 610 623 633  ; 7 1 7 8 7 7 7 8 
464.7 ; 0.0001845 ; True ; 19 71 81 157 276 340 385 399 438 499 530 546 604 610 614 633  ; 7 1 7 8 7 7 7 9 
478.3 ; 0.0001874 ; True ; 19 71 81 157 234 276 340 385 410 438 499 530 604 610 614 633  ; 6 1 8 7 6 8 7 8 
482.5 ; 0.0001902 ; True ; 19 71 81 157 276 340 385 438 456 469 499 530 546 548 604 610 633  ; 7 1 7 7 7 7 8 8 
494.2 ; 0.0001978 ; True ; 19 50 71 81 121 157 276 340 385 399 438 456 499 530 604 610 633  ; 7 1 7 8 7 7 8 9 
533.7 ; 0.0002053 ; True ; 19 71 81 121 157 257 276 280 340 385 456 499 530 604 610 614 633  ; 8 1 7 9 8 7 7 10 
534.1 ; 0.0002082 ; True ; 19 71 81 157 276 340 343 385 399 438 491 499 530 546 604 614 633  ; 6 1 8 8 7 8 7 9 
539.2 ; 0.0002097 ; True ; 19 71 81 89 157 234 276 340 385 410 438 499 530 604 610 614 633  ; 6 1 8 7 7 9 7 8 


RUN 2:
Optimum Distance: 11.84
Optimal Team: 19,276,499,
Required Skills: 0 1 4 9 10 18 23 24 
Distance; Skill Score; isValid; Team; Skill Counts
11.84 ; 2.368e-08 ; True ; 19 276 499  ; 1 1 1 2 1 1 1 1 
14.81 ; 2.763e-08 ; True ; 71 157 276  ; 1 1 1 1 1 2 1 1 
18.71 ; 9.024e-08 ; True ; 19 276 409 499  ; 1 1 1 3 2 1 1 2 
19.62 ; 9.05e-08 ; True ; 19 233 276 499  ; 2 1 1 3 1 1 2 1 
19.78 ; 1.453e-07 ; True ; 19 276 499 530  ; 1 1 2 2 2 1 1 2 
20.64 ; 1.547e-07 ; True ; 19 276 499 546  ; 2 1 1 3 2 1 1 2 
20.73 ; 1.599e-07 ; True ; 19 276 499 604  ; 2 1 1 3 1 1 2 2 
23.43 ; 1.652e-07 ; True ; 19 276 499 610  ; 2 1 1 3 1 2 2 1 
23.55 ; 1.727e-07 ; True ; 19 276 385 610  ; 1 1 1 3 2 2 2 1 
24.69 ; 2.346e-07 ; True ; 71 157 276 280  ; 2 1 1 2 2 2 1 2 
27.61 ; 2.425e-07 ; True ; 276 340 409 469 499  ; 2 1 1 2 1 2 2 2 
27.62 ; 3.147e-07 ; True ; 19 276 409 499 530  ; 1 1 2 3 3 1 1 3 
28.52 ; 3.995e-07 ; True ; 19 276 340 409 499  ; 2 1 2 3 2 1 1 3 
29.51 ; 4.699e-07 ; True ; 19 276 340 469 499  ; 2 1 2 2 1 2 2 2 
30.39 ; 5.554e-07 ; True ; 19 233 276 499 530  ; 2 1 2 3 2 1 2 2 
31.61 ; 7.403e-07 ; True ; 19 276 499 530 604  ; 2 1 2 3 2 1 2 3 
34.28 ; 1.014e-06 ; True ; 19 276 499 530 610  ; 2 1 2 3 2 2 2 2 
39.31 ; 1.351e-06 ; True ; 19 276 340 409 469 499  ; 2 1 2 3 2 2 2 3 
41.47 ; 1.48e-06 ; True ; 19 133 276 499 530 604  ; 2 1 2 4 2 2 2 3 
42.25 ; 1.753e-06 ; True ; 19 276 340 469 499 546  ; 3 1 2 3 2 2 2 3 
43.31 ; 1.824e-06 ; True ; 19 276 469 499 530 546  ; 2 1 2 3 3 2 2 3 
44.31 ; 1.882e-06 ; True ; 19 276 469 499 530 604  ; 2 1 2 3 2 2 3 3 
44.99 ; 1.998e-06 ; True ; 19 276 409 499 530 610  ; 2 1 2 4 3 2 2 3 
47.2 ; 2.288e-06 ; True ; 19 102 276 499 530 604  ; 3 1 2 4 2 2 2 4 
47.94 ; 2.548e-06 ; True ; 19 276 340 499 530 610  ; 3 1 3 3 2 2 2 3 
48.69 ; 2.593e-06 ; True ; 19 276 499 530 546 610  ; 3 1 2 4 3 2 2 3 
49.05 ; 2.674e-06 ; True ; 19 276 499 530 604 610  ; 3 1 2 4 2 2 3 3 
52.37 ; 2.783e-06 ; True ; 19 276 385 499 530 604  ; 2 1 2 4 3 2 3 3 
53.06 ; 3.16e-06 ; True ; 19 276 340 409 469 499 530  ; 2 1 3 3 3 2 2 4 
54.11 ; 3.187e-06 ; True ; 19 276 340 409 469 499 604  ; 3 1 2 4 2 2 3 4 
55.01 ; 3.26e-06 ; True ; 19 110 276 340 469 499 530  ; 2 1 3 3 2 2 3 4 
55.2 ; 3.326e-06 ; True ; 19 133 276 340 499 530 604  ; 3 1 3 4 2 2 2 4 
56.58 ; 3.549e-06 ; True ; 19 233 276 340 469 499 530  ; 3 1 3 3 2 2 3 3 
57.03 ; 4.1e-06 ; True ; 19 276 340 469 499 530 546  ; 3 1 3 3 3 2 2 4 
58.04 ; 4.229e-06 ; True ; 19 276 340 469 499 530 604  ; 3 1 3 3 2 2 3 4 
59.65 ; 4.491e-06 ; True ; 19 276 340 409 499 530 610  ; 3 1 3 4 3 2 2 4 
61.76 ; 4.514e-06 ; True ; 19 276 409 499 530 604 610  ; 3 1 2 5 3 2 3 4 
62.6 ; 4.873e-06 ; True ; 19 276 340 469 499 530 610  ; 3 1 3 3 2 3 3 3 
64.32 ; 5.226e-06 ; True ; 19 276 340 499 530 546 610  ; 4 1 3 4 3 2 2 4 
64.69 ; 5.391e-06 ; True ; 19 276 340 499 530 604 610  ; 4 1 3 4 2 2 3 4 
66.79 ; 5.416e-06 ; True ; 19 110 276 340 409 469 499 530  ; 2 1 3 4 3 2 3 5 
67.08 ; 5.71e-06 ; True ; 19 81 276 340 499 530 604  ; 3 1 3 3 3 2 3 4 
68.09 ; 6.255e-06 ; True ; 19 276 340 385 499 530 604  ; 3 1 3 4 3 2 3 4 
69.71 ; 7.206e-06 ; True ; 19 276 340 385 499 530 610  ; 3 1 3 4 3 3 3 3 
73.32 ; 7.279e-06 ; True ; 19 233 276 340 469 499 530 546  ; 4 1 3 4 3 2 3 4 
75.32 ; 7.372e-06 ; True ; 19 110 276 340 409 499 530 610  ; 3 1 3 5 3 2 3 5 
75.76 ; 8.177e-06 ; True ; 19 276 340 469 499 530 546 604  ; 4 1 3 4 3 2 3 5 
76.25 ; 8.587e-06 ; True ; 19 276 340 409 469 499 530 610  ; 3 1 3 4 3 3 3 4 
80.96 ; 9.993e-06 ; True ; 19 276 340 469 499 530 546 610  ; 4 1 3 4 3 3 3 4 
84.45 ; 1.035e-05 ; True ; 19 276 340 385 469 499 530 546  ; 3 1 3 4 4 3 3 4 
85.35 ; 1.086e-05 ; True ; 19 276 340 385 409 499 530 610  ; 3 1 3 5 4 3 3 4 
86.3 ; 1.11e-05 ; True ; 19 276 340 385 438 499 530 610  ; 3 1 4 4 3 3 3 4 
87.36 ; 1.118e-05 ; True ; 19 110 276 340 385 499 530 610  ; 3 1 3 5 3 3 4 4 
89.82 ; 1.264e-05 ; True ; 19 276 340 385 499 530 546 610  ; 4 1 3 5 4 3 3 4 
90.42 ; 1.301e-05 ; True ; 19 276 340 385 499 530 604 610  ; 4 1 3 5 3 3 4 4 
96.57 ; 1.42e-05 ; True ; 19 276 340 409 469 499 530 546 610  ; 4 1 3 5 4 3 3 5 
96.94 ; 1.461e-05 ; True ; 19 276 340 409 469 499 530 604 610  ; 4 1 3 5 3 3 4 5 
102 ; 1.503e-05 ; True ; 19 276 340 385 438 469 499 530 546  ; 3 1 4 4 4 3 3 5 
102.1 ; 1.514e-05 ; True ; 19 110 276 340 385 469 499 530 546  ; 3 1 3 5 4 3 4 5 
102.6 ; 1.608e-05 ; True ; 19 276 340 469 499 530 546 604 610  ; 5 1 3 5 3 3 4 5 
104.9 ; 1.623e-05 ; True ; 19 110 276 340 385 438 499 530 610  ; 3 1 4 5 3 3 4 5 
105.4 ; 1.679e-05 ; True ; 19 81 276 340 469 499 530 546 604  ; 4 1 3 4 4 3 4 5 
105.9 ; 1.686e-05 ; True ; 19 276 340 385 438 469 499 530 610  ; 3 1 4 4 3 4 4 4 
107.1 ; 1.761e-05 ; True ; 19 276 340 385 469 499 530 546 604  ; 4 1 3 5 4 3 4 5 
108 ; 1.808e-05 ; True ; 19 276 340 385 409 499 530 604 610  ; 4 1 3 6 4 3 4 5 
108.4 ; 1.835e-05 ; True ; 19 276 340 385 438 499 530 546 610  ; 4 1 4 5 4 3 3 5 
109 ; 1.889e-05 ; True ; 19 276 340 385 438 499 530 604 610  ; 4 1 4 5 3 3 4 5 
110.4 ; 1.919e-05 ; True ; 19 276 340 385 469 499 530 546 610  ; 4 1 3 5 4 4 4 4 
113.5 ; 1.989e-05 ; True ; 19 276 340 385 499 530 546 604 610  ; 5 1 3 6 4 3 4 5 
114.9 ; 2.027e-05 ; True ; 19 276 340 385 499 530 546 610 633  ; 4 1 4 5 4 3 4 4 
115.5 ; 2.048e-05 ; True ; 19 276 340 409 438 469 499 530 604 610  ; 4 1 4 5 3 3 4 6 
118.4 ; 2.058e-05 ; True ; 19 102 276 340 385 499 530 610 633  ; 4 1 4 5 3 4 4 4 
119.5 ; 2.078e-05 ; True ; 19 233 276 340 438 469 499 530 546 610  ; 5 1 4 5 3 3 4 5 
120.2 ; 2.157e-05 ; True ; 19 276 340 409 469 499 530 546 604 610  ; 5 1 3 6 4 3 4 6 
121.2 ; 2.253e-05 ; True ; 19 276 340 438 469 499 530 546 604 610  ; 5 1 4 5 3 3 4 6 
123.1 ; 2.277e-05 ; True ; 19 233 276 340 385 438 469 499 530 546  ; 4 1 4 5 4 3 4 5 
125 ; 2.353e-05 ; True ; 19 81 276 340 438 469 499 530 546 604  ; 4 1 4 4 4 3 4 6 
125.4 ; 2.395e-05 ; True ; 19 276 340 385 409 438 469 499 530 610  ; 3 1 4 5 4 4 4 5 
126.7 ; 2.468e-05 ; True ; 19 276 340 385 438 469 499 530 546 604  ; 4 1 4 5 4 3 4 6 
128.6 ; 2.534e-05 ; True ; 19 276 340 385 409 438 499 530 604 610  ; 4 1 4 6 4 3 4 6 
129.9 ; 2.787e-05 ; True ; 19 276 340 385 438 469 499 530 546 610  ; 4 1 4 5 4 4 4 5 
134.1 ; 2.788e-05 ; True ; 19 276 340 385 438 499 530 546 604 610  ; 5 1 4 6 4 3 4 6 
136 ; 2.838e-05 ; True ; 19 276 340 385 469 499 530 546 604 610  ; 5 1 3 6 4 4 5 5 
136.4 ; 2.86e-05 ; True ; 19 88 276 340 385 469 499 530 546 610  ; 4 1 4 6 4 4 4 5 
138.3 ; 2.891e-05 ; True ; 19 276 340 385 469 499 530 546 610 633  ; 4 1 4 5 4 4 5 4 
140.6 ; 2.997e-05 ; True ; 19 276 340 385 499 530 546 604 610 633  ; 5 1 4 6 4 3 5 5 
142.1 ; 3.043e-05 ; True ; 19 102 276 340 385 499 530 604 610 633  ; 5 1 4 6 3 4 5 5 
143.9 ; 3.163e-05 ; True ; 19 81 276 340 385 438 499 530 546 610  ; 4 1 4 5 5 4 4 5 
144.5 ; 3.248e-05 ; True ; 19 81 276 340 385 438 499 530 604 610  ; 4 1 4 5 4 4 5 5 
149.3 ; 3.334e-05 ; True ; 19 71 276 340 385 438 499 530 604 610  ; 4 1 4 6 4 4 5 5 
151.5 ; 3.522e-05 ; True ; 19 99 276 340 385 438 469 499 530 546 610  ; 4 1 4 5 4 4 5 6 
151.5 ; 3.663e-05 ; True ; 19 276 340 385 438 456 469 499 530 546 610  ; 4 1 5 5 4 4 4 6 
155.9 ; 3.668e-05 ; True ; 19 233 276 340 385 456 469 499 530 546 610  ; 5 1 4 6 4 4 5 5 
157.5 ; 3.978e-05 ; True ; 19 276 340 385 438 469 499 530 546 604 610  ; 5 1 4 6 4 4 5 6 
164.2 ; 3.997e-05 ; True ; 19 81 276 340 385 438 469 499 530 546 604  ; 4 1 4 5 5 4 5 6 
165.6 ; 4.035e-05 ; True ; 19 102 276 340 385 409 499 530 604 610 633  ; 5 1 4 7 4 4 5 6 
165.9 ; 4.113e-05 ; True ; 19 276 340 385 469 499 530 546 604 610 633  ; 5 1 4 6 4 4 6 5 
167.5 ; 4.157e-05 ; True ; 19 81 276 340 385 438 456 499 530 546 610  ; 4 1 5 5 5 4 4 6 
168.1 ; 4.269e-05 ; True ; 19 81 276 340 385 438 456 499 530 604 610  ; 4 1 5 5 4 4 5 6 
171.8 ; 4.298e-05 ; True ; 19 102 276 340 385 499 530 546 604 610 633  ; 6 1 4 7 4 4 5 6 
173.5 ; 4.515e-05 ; True ; 19 81 276 340 385 438 499 530 546 604 610  ; 5 1 4 6 5 4 5 6 
177.7 ; 4.578e-05 ; True ; 19 81 102 276 340 385 438 499 530 604 610  ; 5 1 4 6 4 5 5 6 
179.3 ; 4.58e-05 ; True ; 19 71 276 340 385 438 499 530 546 604 610  ; 5 1 4 7 5 4 5 6 
180.1 ; 4.668e-05 ; True ; 19 81 276 340 385 499 530 546 604 610 633  ; 5 1 4 6 5 4 6 5 
180.3 ; 4.698e-05 ; True ; 19 81 233 276 340 438 456 469 499 530 546 610  ; 5 1 5 5 4 4 5 6 
181.1 ; 4.725e-05 ; True ; 19 99 276 340 385 438 469 499 530 546 604 610  ; 5 1 4 6 4 4 6 7 
182.3 ; 4.978e-05 ; True ; 19 81 276 340 438 456 469 499 530 546 604 610  ; 5 1 5 5 4 4 5 7 
186.1 ; 5.109e-05 ; True ; 19 274 276 340 385 438 469 499 530 546 604 610  ; 5 1 5 6 4 4 5 7 
187.8 ; 5.134e-05 ; True ; 19 81 276 340 385 438 456 469 499 530 546 604  ; 4 1 5 5 5 4 5 7 
190.3 ; 5.406e-05 ; True ; 19 276 340 385 438 469 499 530 546 604 610 633  ; 5 1 5 6 4 4 6 6 
193 ; 5.577e-05 ; True ; 19 81 276 340 385 438 456 469 499 530 546 610  ; 4 1 5 5 5 5 5 6 
199.1 ; 5.799e-05 ; True ; 19 81 276 340 385 438 456 499 530 546 604 610  ; 5 1 5 6 5 4 5 7 
200 ; 5.826e-05 ; True ; 19 81 276 340 385 438 469 499 530 546 604 610  ; 5 1 4 6 5 5 6 6 
204.2 ; 5.881e-05 ; True ; 19 81 102 276 340 385 438 456 499 530 604 610  ; 5 1 5 6 4 5 5 7 
205.9 ; 5.883e-05 ; True ; 19 71 276 340 385 438 456 499 530 546 604 610  ; 5 1 5 7 5 4 5 7 
206 ; 5.978e-05 ; True ; 19 64 81 276 340 385 438 499 530 604 610 633  ; 5 1 5 5 5 4 6 6 
206.4 ; 6.135e-05 ; True ; 19 81 276 340 385 438 499 530 546 604 610 633  ; 5 1 5 6 5 4 6 6 
209.8 ; 6.222e-05 ; True ; 19 81 102 276 340 385 438 499 530 604 610 633  ; 5 1 5 6 4 5 6 6 
212.9 ; 6.299e-05 ; True ; 19 81 102 276 340 385 438 499 530 546 610 633  ; 5 1 5 6 5 5 5 6 
215.8 ; 6.391e-05 ; True ; 19 81 276 340 385 438 491 499 530 546 604 610  ; 5 1 5 7 5 5 5 6 
217.4 ; 6.417e-05 ; True ; 19 71 81 276 340 385 438 456 499 530 604 610  ; 4 1 5 6 5 5 6 6 
220.8 ; 6.668e-05 ; True ; 19 274 276 340 385 438 469 499 530 546 604 610 633  ; 5 1 6 6 4 4 6 7 
222.5 ; 6.7e-05 ; True ; 19 81 276 340 385 438 456 469 499 530 546 604 633  ; 4 1 6 5 5 4 6 7 
223.9 ; 6.701e-05 ; True ; 19 81 233 276 340 385 438 469 499 530 546 604 633  ; 5 1 5 6 5 4 7 6 
225.4 ; 6.925e-05 ; True ; 19 64 276 340 385 456 469 499 530 546 604 610 633  ; 6 1 5 6 5 4 6 7 
227.8 ; 6.963e-05 ; True ; 19 81 102 276 340 385 438 456 469 499 530 546 604  ; 5 1 5 6 5 5 5 8 
228.3 ; 7.125e-05 ; True ; 19 102 276 340 385 456 469 499 530 546 604 610 633  ; 6 1 5 7 4 5 6 7 
229.5 ; 7.278e-05 ; True ; 19 81 276 340 385 438 456 469 499 530 546 610 633  ; 4 1 6 5 5 5 6 6 
233.5 ; 7.483e-05 ; True ; 19 81 274 276 340 385 456 469 499 530 546 604 610  ; 5 1 5 6 5 5 6 7 
234.8 ; 7.568e-05 ; True ; 19 81 276 340 385 438 456 499 530 546 604 610 633  ; 5 1 6 6 5 4 6 7 
235.7 ; 7.713e-05 ; True ; 19 81 276 340 385 438 469 499 530 546 604 610 633  ; 5 1 5 6 5 5 7 6 
242.3 ; 7.77e-05 ; True ; 19 81 102 276 340 385 438 456 499 530 546 610 633  ; 5 1 6 6 5 5 5 7 
244.1 ; 7.971e-05 ; True ; 19 64 81 102 276 340 385 438 499 530 604 610 633  ; 6 1 5 6 5 5 6 7 
245.5 ; 8.087e-05 ; True ; 19 81 102 276 340 385 438 499 530 546 604 610 633  ; 6 1 5 7 5 5 6 7 
250.8 ; 8.221e-05 ; True ; 19 81 276 340 385 438 499 530 534 546 604 610 633  ; 5 1 6 6 5 5 6 6 
252.6 ; 8.34e-05 ; True ; 19 81 276 340 385 438 491 499 530 546 604 610 633  ; 5 1 6 7 5 5 6 6 
260.4 ; 8.408e-05 ; True ; 19 71 276 340 385 438 491 499 530 546 604 610 633  ; 5 1 6 8 5 5 6 6 
261.6 ; 8.562e-05 ; True ; 19 71 81 276 340 385 438 499 530 546 604 610 633  ; 5 1 5 7 6 5 7 6 
264.9 ; 8.672e-05 ; True ; 19 71 81 102 276 340 385 438 499 530 604 610 633  ; 5 1 5 7 5 6 7 6 
265 ; 8.732e-05 ; True ; 19 81 274 276 340 385 438 456 469 499 530 546 610 633  ; 4 1 7 5 5 5 6 7 
265.1 ; 9.514e-05 ; True ; 19 81 276 340 385 438 456 469 499 530 546 604 610 633  ; 5 1 6 6 5 5 7 7 
274.8 ; 9.652e-05 ; True ; 19 71 276 340 385 438 456 469 499 530 546 604 610 633  ; 5 1 6 7 5 5 7 7 
276.8 ; 9.82e-05 ; True ; 19 81 102 276 340 385 438 456 499 530 546 604 610 633  ; 6 1 6 7 5 5 6 8 
285.6 ; 9.899e-05 ; True ; 19 71 102 276 340 385 438 456 499 530 546 604 610 633  ; 6 1 6 8 5 5 6 8 
289.9 ; 9.963e-05 ; True ; 19 64 81 276 340 385 469 499 530 534 546 604 610 633  ; 6 1 5 6 6 6 7 6 
292.4 ; 0.0001028 ; True ; 19 64 81 102 276 340 385 438 499 530 534 604 610 633  ; 6 1 6 6 5 6 6 7 
294 ; 0.0001056 ; True ; 19 71 81 276 340 385 438 456 499 530 546 604 610 633  ; 5 1 6 7 6 5 7 7 
306.7 ; 0.000108 ; True ; 19 71 81 102 276 340 385 456 499 530 546 604 610 633  ; 6 1 5 8 6 6 7 7 
312.4 ; 0.0001147 ; True ; 19 81 102 274 276 340 385 438 456 499 530 546 604 610 633  ; 6 1 7 7 5 5 6 9 
319.6 ; 0.0001164 ; True ; 19 81 233 276 323 340 385 438 456 499 530 546 604 610 633  ; 6 1 7 7 5 5 7 7 
328.3 ; 0.0001214 ; True ; 19 81 102 276 340 378 385 438 469 499 530 534 604 610 633  ; 6 1 6 6 5 7 7 7 
334.2 ; 0.0001255 ; True ; 19 71 81 274 276 340 385 438 469 499 530 546 604 610 633  ; 5 1 6 7 6 6 8 7 
344.1 ; 0.0001311 ; True ; 19 71 81 102 274 276 340 385 438 499 530 546 604 610 633  ; 6 1 6 8 6 6 7 8 
360.7 ; 0.0001358 ; True ; 19 71 81 102 276 340 385 438 499 530 534 546 604 610 633  ; 6 1 6 8 6 7 7 7 
372 ; 0.0001369 ; True ; 19 64 71 81 157 276 340 385 438 469 499 530 546 604 633  ; 6 1 6 6 7 6 7 8 
376.3 ; 0.0001371 ; True ; 0 19 71 81 274 276 340 385 438 499 530 546 562 604 610 633  ; 6 1 7 7 6 5 7 9 
378.7 ; 0.0001417 ; True ; 19 71 81 102 276 340 385 438 499 530 546 604 610 614 633  ; 6 1 6 8 6 7 7 8 
382.3 ; 0.0001451 ; True ; 19 71 81 157 274 276 340 378 385 438 499 530 604 610 633  ; 6 1 7 6 6 6 7 8 
389.4 ; 0.0001452 ; True ; 19 71 81 157 276 340 385 438 456 491 499 530 604 610 633  ; 5 1 8 7 5 7 7 7 
395.9 ; 0.0001525 ; True ; 19 71 81 157 276 340 385 456 499 530 534 546 604 610 633  ; 6 1 7 7 6 7 7 7 
397.6 ; 0.0001538 ; True ; 19 71 81 157 276 340 385 438 491 499 530 546 604 610 633  ; 6 1 7 8 6 7 7 7 
411.3 ; 0.0001591 ; True ; 19 71 81 157 276 280 340 385 438 499 530 604 610 614 633  ; 6 1 7 7 6 7 7 8 
418 ; 0.0001591 ; True ; 19 71 81 158 233 276 340 385 438 456 499 530 604 610 614 633  ; 6 1 7 8 6 6 8 8 
424.2 ; 0.0001642 ; True ; 19 71 81 110 157 274 276 340 385 438 499 530 546 604 610 633  ; 6 1 7 8 6 6 8 9 
425.5 ; 0.000168 ; True ; 19 64 71 81 157 276 340 385 438 469 499 530 546 604 610 633  ; 7 1 6 7 7 7 8 8 
435.5 ; 0.0001693 ; True ; 19 71 81 157 276 280 340 385 438 469 499 530 546 604 610 633  ; 7 1 6 8 7 7 8 8 
446.4 ; 0.0001713 ; True ; 19 71 81 257 276 340 385 438 499 530 534 546 604 610 614 633  ; 6 1 7 8 7 7 7 8 
449.4 ; 0.0001727 ; True ; 19 71 81 157 274 276 311 340 385 438 491 499 530 546 610 633  ; 6 1 8 7 7 7 6 8 
450.2 ; 0.0001765 ; True ; 0 19 71 81 157 233 276 340 385 438 499 530 546 610 614 633  ; 6 1 8 7 6 7 7 8 
451.1 ; 0.0001821 ; True ; 19 71 81 157 276 340 385 438 456 499 530 546 604 610 614 633  ; 6 1 8 7 6 7 7 9 
464.5 ; 0.0001842 ; True ; 19 81 102 121 276 340 385 438 469 491 499 530 546 604 610 614 633  ; 7 1 7 9 6 8 7 9 
474.3 ; 0.0001847 ; True ; 19 71 81 157 276 340 373 385 438 499 530 534 604 610 614 633  ; 6 1 8 6 6 8 7 8 
489.4 ; 0.0001898 ; True ; 19 71 81 157 158 276 340 385 410 499 530 546 604 610 614 633  ; 7 1 7 8 7 8 7 8 
491.5 ; 0.0001901 ; True ; 19 71 81 157 276 280 340 385 438 499 530 604 606 610 614 633  ; 7 1 8 7 6 7 7 9 
493 ; 0.0001907 ; True ; 19 71 81 157 158 164 276 340 385 491 499 530 604 610 614 633  ; 7 1 7 9 7 8 7 8 
510.7 ; 0.0001946 ; True ; 19 29 71 81 157 274 276 280 340 385 438 499 530 604 610 614 633  ; 6 1 8 7 7 7 7 9 
515.3 ; 0.0001972 ; True ; 19 71 81 157 158 276 340 385 491 499 530 604 606 610 614 633  ; 7 1 8 8 6 8 7 8 
538.9 ; 0.0001986 ; True ; 19 71 81 157 158 276 311 323 340 385 438 499 530 546 604 610 614  ; 8 1 7 8 8 8 6 10 
540.8 ; 0.00021 ; True ; 13 19 71 81 157 257 276 280 340 385 438 499 530 604 610 614 633  ; 7 1 7 8 7 8 8 9 
569.5 ; 0.0002226 ; True ; 19 71 81 157 274 276 280 340 385 475 499 530 552 604 610 614 633  ; 7 1 9 7 6 7 8 9 
579.7 ; 0.0002291 ; True ; 19 71 81 157 158 276 323 340 385 475 499 530 552 604 610 614 633  ; 7 1 9 7 6 8 8 8 


RUN 3:
Optimum Distance: 11.84
Optimal Team: 19,276,499,
Required Skills: 0 1 4 9 10 18 23 24 
Distance; Skill Score; isValid; Team; Skill Counts
11.84 ; 2.368e-08 ; True ; 19 276 499  ; 1 1 1 2 1 1 1 1 
14.81 ; 2.763e-08 ; True ; 71 157 276  ; 1 1 1 1 1 2 1 1 
18.71 ; 9.024e-08 ; True ; 19 276 409 499  ; 1 1 1 3 2 1 1 2 
19.62 ; 9.05e-08 ; True ; 19 233 276 499  ; 2 1 1 3 1 1 2 1 
19.78 ; 1.453e-07 ; True ; 19 276 499 530  ; 1 1 2 2 2 1 1 2 
20.64 ; 1.547e-07 ; True ; 19 276 499 546  ; 2 1 1 3 2 1 1 2 
20.73 ; 1.599e-07 ; True ; 19 276 499 604  ; 2 1 1 3 1 1 2 2 
23.43 ; 1.652e-07 ; True ; 19 276 499 610  ; 2 1 1 3 1 2 2 1 
23.55 ; 1.727e-07 ; True ; 19 276 385 610  ; 1 1 1 3 2 2 2 1 
24.69 ; 2.346e-07 ; True ; 71 157 276 280  ; 2 1 1 2 2 2 1 2 
27.61 ; 2.425e-07 ; True ; 276 340 409 469 499  ; 2 1 1 2 1 2 2 2 
27.62 ; 3.147e-07 ; True ; 19 276 409 499 530  ; 1 1 2 3 3 1 1 3 
28.52 ; 3.995e-07 ; True ; 19 276 340 409 499  ; 2 1 2 3 2 1 1 3 
29.51 ; 4.699e-07 ; True ; 19 276 340 469 499  ; 2 1 2 2 1 2 2 2 
30.39 ; 5.554e-07 ; True ; 19 233 276 499 530  ; 2 1 2 3 2 1 2 2 
31.61 ; 7.403e-07 ; True ; 19 276 499 530 604  ; 2 1 2 3 2 1 2 3 
34.28 ; 1.014e-06 ; True ; 19 276 499 530 610  ; 2 1 2 3 2 2 2 2 
39.31 ; 1.351e-06 ; True ; 19 276 340 409 469 499  ; 2 1 2 3 2 2 2 3 
41.47 ; 1.48e-06 ; True ; 19 133 276 499 530 604  ; 2 1 2 4 2 2 2 3 
42.25 ; 1.753e-06 ; True ; 19 276 340 469 499 546  ; 3 1 2 3 2 2 2 3 
43.31 ; 1.824e-06 ; True ; 19 276 469 499 530 546  ; 2 1 2 3 3 2 2 3 
44.31 ; 1.882e-06 ; True ; 19 276 469 499 530 604  ; 2 1 2 3 2 2 3 3 
44.99 ; 1.998e-06 ; True ; 19 276 409 499 530 610  ; 2 1 2 4 3 2 2 3 
47.2 ; 2.288e-06 ; True ; 19 102 276 499 530 604  ; 3 1 2 4 2 2 2 4 
47.94 ; 2.548e-06 ; True ; 19 276 340 499 530 610  ; 3 1 3 3 2 2 2 3 
48.69 ; 2.593e-06 ; True ; 19 276 499 530 546 610  ; 3 1 2 4 3 2 2 3 
49.05 ; 2.674e-06 ; True ; 19 276 499 530 604 610  ; 3 1 2 4 2 2 3 3 
52.37 ; 2.783e-06 ; True ; 19 276 385 499 530 604  ; 2 1 2 4 3 2 3 3 
53.06 ; 3.16e-06 ; True ; 19 276 340 409 469 499 530  ; 2 1 3 3 3 2 2 4 
54.11 ; 3.187e-06 ; True ; 19 276 340 409 469 499 604  ; 3 1 2 4 2 2 3 4 
55.01 ; 3.26e-06 ; True ; 19 110 276 340 469 499 530  ; 2 1 3 3 2 2 3 4 
55.2 ; 3.326e-06 ; True ; 19 133 276 340 499 530 604  ; 3 1 3 4 2 2 2 4 
56.58 ; 3.549e-06 ; True ; 19 233 276 340 469 499 530  ; 3 1 3 3 2 2 3 3 
57.03 ; 4.1e-06 ; True ; 19 276 340 469 499 530 546  ; 3 1 3 3 3 2 2 4 
58.04 ; 4.229e-06 ; True ; 19 276 340 469 499 530 604  ; 3 1 3 3 2 2 3 4 
59.65 ; 4.491e-06 ; True ; 19 276 340 409 499 530 610  ; 3 1 3 4 3 2 2 4 
61.76 ; 4.514e-06 ; True ; 19 276 409 499 530 604 610  ; 3 1 2 5 3 2 3 4 
62.6 ; 4.873e-06 ; True ; 19 276 340 469 499 530 610  ; 3 1 3 3 2 3 3 3 
64.32 ; 5.226e-06 ; True ; 19 276 340 499 530 546 610  ; 4 1 3 4 3 2 2 4 
64.69 ; 5.391e-06 ; True ; 19 276 340 499 530 604 610  ; 4 1 3 4 2 2 3 4 
66.79 ; 5.416e-06 ; True ; 19 110 276 340 409 469 499 530  ; 2 1 3 4 3 2 3 5 
67.08 ; 5.71e-06 ; True ; 19 81 276 340 499 530 604  ; 3 1 3 3 3 2 3 4 
68.09 ; 6.255e-06 ; True ; 19 276 340 385 499 530 604  ; 3 1 3 4 3 2 3 4 
69.71 ; 7.206e-06 ; True ; 19 276 340 385 499 530 610  ; 3 1 3 4 3 3 3 3 
75.32 ; 7.372e-06 ; True ; 19 110 276 340 409 499 530 610  ; 3 1 3 5 3 2 3 5 
75.76 ; 8.177e-06 ; True ; 19 276 340 469 499 530 546 604  ; 4 1 3 4 3 2 3 5 
76.25 ; 8.587e-06 ; True ; 19 276 340 409 469 499 530 610  ; 3 1 3 4 3 3 3 4 
80.96 ; 9.993e-06 ; True ; 19 276 340 469 499 530 546 610  ; 4 1 3 4 3 3 3 4 
83.6 ; 1.012e-05 ; True ; 19 133 276 340 409 469 499 530 604  ; 3 1 3 5 3 3 3 5 
84.45 ; 1.035e-05 ; True ; 19 276 340 385 469 499 530 546  ; 3 1 3 4 4 3 3 4 
85.35 ; 1.086e-05 ; True ; 19 276 340 385 409 499 530 610  ; 3 1 3 5 4 3 3 4 
86.3 ; 1.11e-05 ; True ; 19 276 340 385 438 499 530 610  ; 3 1 4 4 3 3 3 4 
87.36 ; 1.118e-05 ; True ; 19 110 276 340 385 499 530 610  ; 3 1 3 5 3 3 4 4 
89.53 ; 1.178e-05 ; True ; 19 133 276 340 469 499 530 546 604  ; 4 1 3 5 3 3 3 5 
89.82 ; 1.264e-05 ; True ; 19 276 340 385 499 530 546 610  ; 4 1 3 5 4 3 3 4 
90.42 ; 1.301e-05 ; True ; 19 276 340 385 499 530 604 610  ; 4 1 3 5 3 3 4 4 
96.56 ; 1.42e-05 ; True ; 19 276 340 409 469 499 530 546 610  ; 4 1 3 5 4 3 3 5 
96.94 ; 1.461e-05 ; True ; 19 276 340 409 469 499 530 604 610  ; 4 1 3 5 3 3 4 5 
102 ; 1.503e-05 ; True ; 19 276 340 385 438 469 499 530 546  ; 3 1 4 4 4 3 3 5 
102.1 ; 1.514e-05 ; True ; 19 110 276 340 385 469 499 530 546  ; 3 1 3 5 4 3 4 5 
102.6 ; 1.608e-05 ; True ; 19 276 340 469 499 530 546 604 610  ; 5 1 3 5 3 3 4 5 
104.9 ; 1.623e-05 ; True ; 19 110 276 340 385 438 499 530 610  ; 3 1 4 5 3 3 4 5 
105.4 ; 1.679e-05 ; True ; 19 81 276 340 469 499 530 546 604  ; 4 1 3 4 4 3 4 5 
105.9 ; 1.686e-05 ; True ; 19 276 340 385 438 469 499 530 610  ; 3 1 4 4 3 4 4 4 
107.1 ; 1.761e-05 ; True ; 19 276 340 385 469 499 530 546 604  ; 4 1 3 5 4 3 4 5 
108 ; 1.808e-05 ; True ; 19 276 340 385 409 499 530 604 610  ; 4 1 3 6 4 3 4 5 
108.4 ; 1.835e-05 ; True ; 19 276 340 385 438 499 530 546 610  ; 4 1 4 5 4 3 3 5 
109 ; 1.889e-05 ; True ; 19 276 340 385 438 499 530 604 610  ; 4 1 4 5 3 3 4 5 
110.4 ; 1.919e-05 ; True ; 19 276 340 385 469 499 530 546 610  ; 4 1 3 5 4 4 4 4 
113.5 ; 1.989e-05 ; True ; 19 276 340 385 499 530 546 604 610  ; 5 1 3 6 4 3 4 5 
114.9 ; 2.027e-05 ; True ; 19 276 340 385 499 530 546 610 633  ; 4 1 4 5 4 3 4 4 
115.5 ; 2.048e-05 ; True ; 19 276 340 409 438 469 499 530 604 610  ; 4 1 4 5 3 3 4 6 
118.4 ; 2.058e-05 ; True ; 19 102 276 340 385 499 530 610 633  ; 4 1 4 5 3 4 4 4 
120.2 ; 2.157e-05 ; True ; 19 276 340 409 469 499 530 546 604 610  ; 5 1 3 6 4 3 4 6 
121.2 ; 2.253e-05 ; True ; 19 276 340 438 469 499 530 546 604 610  ; 5 1 4 5 3 3 4 6 
123.1 ; 2.277e-05 ; True ; 19 233 276 340 385 438 469 499 530 546  ; 4 1 4 5 4 3 4 5 
125 ; 2.353e-05 ; True ; 19 81 276 340 438 469 499 530 546 604  ; 4 1 4 4 4 3 4 6 
126.4 ; 2.365e-05 ; True ; 19 276 340 346 385 456 469 499 530 610  ; 4 1 4 4 4 4 4 4 
126.7 ; 2.468e-05 ; True ; 19 276 340 385 438 469 499 530 546 604  ; 4 1 4 5 4 3 4 6 
128.6 ; 2.534e-05 ; True ; 19 276 340 385 409 438 499 530 604 610  ; 4 1 4 6 4 3 4 6 
129.9 ; 2.787e-05 ; True ; 19 276 340 385 438 469 499 530 546 610  ; 4 1 4 5 4 4 4 5 
134.1 ; 2.788e-05 ; True ; 19 276 340 385 438 499 530 546 604 610  ; 5 1 4 6 4 3 4 6 
136 ; 2.838e-05 ; True ; 19 276 340 385 469 499 530 546 604 610  ; 5 1 3 6 4 4 5 5 
138.3 ; 2.891e-05 ; True ; 19 276 340 385 469 499 530 546 610 633  ; 4 1 4 5 4 4 5 4 
140.6 ; 2.997e-05 ; True ; 19 276 340 385 499 530 546 604 610 633  ; 5 1 4 6 4 3 5 5 
142.1 ; 3.043e-05 ; True ; 19 102 276 340 385 499 530 604 610 633  ; 5 1 4 6 3 4 5 5 
143.9 ; 3.163e-05 ; True ; 19 81 276 340 385 438 499 530 546 610  ; 4 1 4 5 5 4 4 5 
144.5 ; 3.248e-05 ; True ; 19 81 276 340 385 438 499 530 604 610  ; 4 1 4 5 4 4 5 5 
149.3 ; 3.334e-05 ; True ; 19 71 276 340 385 438 499 530 604 610  ; 4 1 4 6 4 4 5 5 
151.7 ; 3.357e-05 ; True ; 19 81 181 276 340 438 469 499 530 546 610  ; 4 1 4 4 4 4 5 6 
152 ; 3.614e-05 ; True ; 19 276 340 385 409 438 469 499 530 604 610  ; 4 1 4 6 4 4 5 6 
157.5 ; 3.978e-05 ; True ; 19 276 340 385 438 469 499 530 546 604 610  ; 5 1 4 6 4 4 5 6 
164.2 ; 3.997e-05 ; True ; 19 81 276 340 385 438 469 499 530 546 604  ; 4 1 4 5 5 4 5 6 
165.6 ; 4.035e-05 ; True ; 19 102 276 340 385 409 499 530 604 610 633  ; 5 1 4 7 4 4 5 6 
165.9 ; 4.113e-05 ; True ; 19 276 340 385 469 499 530 546 604 610 633  ; 5 1 4 6 4 4 6 5 
167.5 ; 4.157e-05 ; True ; 19 81 276 340 385 438 456 499 530 546 610  ; 4 1 5 5 5 4 4 6 
168.1 ; 4.269e-05 ; True ; 19 81 276 340 385 438 456 499 530 604 610  ; 4 1 5 5 4 4 5 6 
171.8 ; 4.298e-05 ; True ; 19 102 276 340 385 499 530 546 604 610 633  ; 6 1 4 7 4 4 5 6 
173.5 ; 4.515e-05 ; True ; 19 81 276 340 385 438 499 530 546 604 610  ; 5 1 4 6 5 4 5 6 
177.7 ; 4.578e-05 ; True ; 19 81 102 276 340 385 438 499 530 604 610  ; 5 1 4 6 4 5 5 6 
179.3 ; 4.58e-05 ; True ; 19 71 276 340 385 438 499 530 546 604 610  ; 5 1 4 7 5 4 5 6 
180.1 ; 4.668e-05 ; True ; 19 81 276 340 385 499 530 546 604 610 633  ; 5 1 4 6 5 4 6 5 
182.5 ; 4.734e-05 ; True ; 19 81 102 276 340 385 499 530 604 610 633  ; 5 1 4 6 4 5 6 5 
184.8 ; 4.857e-05 ; True ; 19 276 340 346 385 438 469 499 530 604 610 633  ; 5 1 5 5 4 4 6 5 
186.1 ; 4.877e-05 ; True ; 19 102 276 340 346 385 438 469 499 530 604 610  ; 6 1 4 6 4 5 5 6 
186.2 ; 4.922e-05 ; True ; 19 102 276 340 385 409 438 469 499 530 604 610  ; 5 1 4 7 4 5 5 7 
188.9 ; 4.978e-05 ; True ; 19 81 102 276 340 438 469 499 530 546 604 633  ; 5 1 5 5 4 4 5 7 
190.1 ; 5.109e-05 ; True ; 19 121 274 276 340 385 438 469 499 530 604 610  ; 5 1 5 6 4 4 5 7 
190.3 ; 5.406e-05 ; True ; 19 276 340 385 438 469 499 530 546 604 610 633  ; 5 1 5 6 4 4 6 6 
196 ; 5.432e-05 ; True ; 19 81 276 340 385 438 469 499 530 546 604 633  ; 4 1 5 5 5 4 6 6 
196.8 ; 5.55e-05 ; True ; 19 102 276 340 385 438 469 499 530 546 610 633  ; 5 1 5 6 4 5 5 6 
200 ; 5.826e-05 ; True ; 19 81 276 340 385 438 469 499 530 546 604 610  ; 5 1 4 6 5 5 6 6 
206 ; 5.978e-05 ; True ; 19 64 81 276 340 385 438 499 530 604 610 633  ; 5 1 5 5 5 4 6 6 
206.4 ; 6.135e-05 ; True ; 19 81 276 340 385 438 499 530 546 604 610 633  ; 5 1 5 6 5 4 6 6 
209.8 ; 6.222e-05 ; True ; 19 81 102 276 340 385 438 499 530 604 610 633  ; 5 1 5 6 4 5 6 6 
212.9 ; 6.299e-05 ; True ; 19 81 102 276 340 385 438 499 530 546 610 633  ; 5 1 5 6 5 5 5 6 
216.6 ; 6.312e-05 ; True ; 19 71 102 276 340 385 438 499 530 604 610 633  ; 5 1 5 7 4 5 6 6 
217.4 ; 6.417e-05 ; True ; 19 71 81 276 340 385 438 456 499 530 604 610  ; 4 1 5 6 5 5 6 6 
222.9 ; 6.457e-05 ; True ; 19 81 102 276 340 346 438 469 499 530 604 610 633  ; 6 1 5 5 4 5 6 6 
223.8 ; 6.467e-05 ; True ; 19 71 81 276 340 385 438 499 530 546 604 610  ; 5 1 4 7 6 5 6 6 
224.1 ; 6.689e-05 ; True ; 19 102 110 276 340 385 438 469 499 530 546 610 633  ; 5 1 5 7 4 5 6 7 
226.7 ; 7.062e-05 ; True ; 19 71 276 340 346 385 438 456 469 499 530 604 610  ; 5 1 5 6 5 5 6 6 
229.9 ; 7.11e-05 ; True ; 19 64 102 276 340 385 438 469 499 530 546 610 633  ; 6 1 5 6 5 5 5 7 
234.8 ; 7.151e-05 ; True ; 19 81 276 340 346 385 438 499 530 546 604 610 633  ; 6 1 5 6 6 4 6 6 
234.8 ; 7.568e-05 ; True ; 19 81 276 340 385 438 456 499 530 546 604 610 633  ; 5 1 6 6 5 4 6 7 
239.2 ; 7.675e-05 ; True ; 19 81 102 276 340 385 438 456 499 530 604 610 633  ; 5 1 6 6 4 5 6 7 
241.9 ; 7.713e-05 ; True ; 19 81 121 276 340 385 438 469 499 530 604 610 633  ; 5 1 5 6 5 5 7 6 
244.1 ; 7.971e-05 ; True ; 19 64 81 102 276 340 385 438 499 530 604 610 633  ; 6 1 5 6 5 5 6 7 
245.5 ; 8.087e-05 ; True ; 19 81 102 276 340 385 438 499 530 546 604 610 633  ; 6 1 5 7 5 5 6 7 
252.6 ; 8.34e-05 ; True ; 19 81 276 340 385 438 491 499 530 546 604 610 633  ; 5 1 6 7 5 5 6 6 
261.1 ; 8.44e-05 ; True ; 19 64 71 81 276 340 385 438 499 530 604 610 633  ; 5 1 5 6 6 5 7 6 
261.6 ; 8.562e-05 ; True ; 19 71 81 276 340 385 438 499 530 546 604 610 633  ; 5 1 5 7 6 5 7 6 
264.9 ; 8.672e-05 ; True ; 19 71 81 102 276 340 385 438 499 530 604 610 633  ; 5 1 5 7 5 6 7 6 
266.9 ; 8.722e-05 ; True ; 19 81 121 274 276 340 346 385 438 469 499 530 604 610  ; 6 1 5 6 6 5 6 7 
270.2 ; 9.105e-05 ; True ; 19 81 102 276 340 346 385 438 469 499 530 604 610 633  ; 6 1 5 6 5 6 7 6 
276.7 ; 9.213e-05 ; True ; 19 81 102 181 276 340 385 438 499 530 546 604 610 633  ; 6 1 5 7 5 5 7 8 
279.2 ; 9.666e-05 ; True ; 19 64 81 102 276 340 385 438 469 499 530 546 610 633  ; 6 1 5 6 6 6 6 7 
282 ; 9.788e-05 ; True ; 19 81 102 121 276 340 385 438 469 499 530 604 610 633  ; 6 1 5 7 5 6 7 7 
293 ; 9.82e-05 ; True ; 19 71 81 102 274 276 340 456 499 530 546 604 610 633  ; 6 1 6 7 5 5 6 8 
294 ; 0.0001056 ; True ; 19 71 81 276 340 385 438 456 499 530 546 604 610 633  ; 5 1 6 7 6 5 7 7 
304.1 ; 0.0001071 ; True ; 19 64 71 81 102 276 340 385 438 499 530 604 610 633  ; 6 1 5 7 6 6 7 7 
304.9 ; 0.0001157 ; True ; 19 81 276 340 378 385 438 456 469 499 530 546 604 610 633  ; 6 1 6 6 6 5 7 8 
328.8 ; 0.000117 ; True ; 19 71 81 276 340 385 438 499 530 546 604 610 614 633  ; 5 1 6 7 6 6 7 7 
337.4 ; 0.0001194 ; True ; 19 71 81 157 274 276 340 385 438 499 530 604 610 633  ; 5 1 7 6 5 6 7 7 
338.9 ; 0.0001196 ; True ; 19 71 81 157 276 280 340 385 438 456 499 530 610 633  ; 5 1 7 6 6 6 6 7 
339.1 ; 0.0001257 ; True ; 19 71 81 88 276 340 385 438 456 499 530 546 604 610 633  ; 5 1 7 8 6 5 7 8 
351.1 ; 0.0001264 ; True ; 19 71 81 274 276 280 340 385 438 499 530 546 604 610 633  ; 6 1 6 8 7 5 7 8 
356 ; 0.0001271 ; True ; 19 71 81 157 276 340 378 385 491 499 530 604 610 633  ; 6 1 6 7 6 7 7 6 
358.3 ; 0.000129 ; True ; 19 71 81 157 276 340 385 438 499 530 604 610 614 633  ; 5 1 7 6 5 7 7 7 
358.5 ; 0.0001292 ; True ; 19 71 81 157 276 340 385 438 499 530 546 610 614 633  ; 5 1 7 6 6 7 6 7 
366.7 ; 0.0001347 ; True ; 19 71 81 157 276 340 385 499 530 546 604 610 614 633  ; 6 1 6 7 6 7 7 7 
377.2 ; 0.0001382 ; True ; 19 71 81 88 157 276 340 385 438 469 499 530 546 604 633  ; 5 1 7 7 6 6 7 8 
377.9 ; 0.0001473 ; True ; 19 71 81 157 276 340 385 438 456 499 530 546 604 610 633  ; 6 1 7 7 6 6 7 8 
395.8 ; 0.0001483 ; True ; 19 71 81 88 276 280 340 385 438 456 499 530 546 604 610 633  ; 6 1 7 9 7 5 7 9 
398.2 ; 0.0001525 ; True ; 19 71 81 157 276 311 340 385 438 491 499 530 604 610 633  ; 6 1 7 7 6 7 7 7 
407.8 ; 0.0001591 ; True ; 19 71 81 157 276 340 385 438 499 530 546 604 610 614 633  ; 6 1 7 7 6 7 7 8 
432.4 ; 0.0001593 ; True ; 19 71 81 110 157 276 340 343 378 385 438 499 530 604 610 633  ; 6 1 6 7 6 7 9 8 
438.3 ; 0.000167 ; True ; 19 71 81 157 276 311 340 373 385 438 456 499 530 604 610 633  ; 7 1 7 6 7 6 7 9 
452 ; 0.0001686 ; True ; 19 71 81 102 157 234 276 280 340 385 438 499 530 604 610 633  ; 8 1 6 9 7 7 7 9 
457.1 ; 0.0001811 ; True ; 19 71 81 157 276 280 340 385 438 469 499 530 604 610 614 633  ; 6 1 7 7 6 8 8 8 
464.3 ; 0.000183 ; True ; 19 71 81 157 276 280 311 340 385 438 499 530 604 610 614 633  ; 7 1 7 7 7 7 7 9 
472.9 ; 0.0001845 ; True ; 19 71 81 157 274 276 280 340 385 499 530 546 604 610 614 633  ; 7 1 7 8 7 7 7 9 
486.5 ; 0.0001901 ; True ; 19 71 81 121 157 276 340 385 438 499 530 552 604 610 614 633  ; 7 1 8 7 6 7 7 9 
503.8 ; 0.0001917 ; True ; 19 71 81 157 206 276 280 340 378 385 499 530 604 610 614 633  ; 7 1 7 8 7 7 8 8 
522.9 ; 0.0001978 ; True ; 19 71 81 157 234 276 340 385 438 499 530 546 604 610 614 626 633  ; 7 1 7 8 7 7 8 9 
540 ; 0.00021 ; True ; 19 71 81 157 234 276 340 385 438 499 530 546 586 604 610 614 633  ; 7 1 7 8 7 8 8 9 
550.4 ; 0.0002144 ; True ; 19 71 81 102 157 276 280 340 385 438 499 530 552 604 610 614 633  ; 8 1 8 8 6 8 7 10 
591.2 ; 0.0002173 ; True ; 19 30 71 81 157 206 276 280 340 385 491 499 530 604 610 614 633  ; 6 1 8 9 7 8 8 8 


RUN 4:
Optimum Distance: 11.84
Optimal Team: 19,276,499,
Required Skills: 0 1 4 9 10 18 23 24 
Distance; Skill Score; isValid; Team; Skill Counts
11.84 ; 2.368e-08 ; True ; 19 276 499  ; 1 1 1 2 1 1 1 1 
14.81 ; 2.763e-08 ; True ; 71 157 276  ; 1 1 1 1 1 2 1 1 
18.65 ; 2.849e-08 ; True ; 19 133 233 276  ; 1 1 1 3 1 1 1 1 
18.71 ; 9.024e-08 ; True ; 19 276 409 499  ; 1 1 1 3 2 1 1 2 
19.62 ; 9.05e-08 ; True ; 19 233 276 499  ; 2 1 1 3 1 1 2 1 
19.78 ; 1.453e-07 ; True ; 19 276 499 530  ; 1 1 2 2 2 1 1 2 
20.64 ; 1.547e-07 ; True ; 19 276 499 546  ; 2 1 1 3 2 1 1 2 
20.73 ; 1.599e-07 ; True ; 19 276 499 604  ; 2 1 1 3 1 1 2 2 
23.43 ; 1.652e-07 ; True ; 19 276 499 610  ; 2 1 1 3 1 2 2 1 
23.55 ; 1.727e-07 ; True ; 19 276 385 610  ; 1 1 1 3 2 2 2 1 
23.71 ; 2.346e-07 ; True ; 71 157 276 432  ; 2 1 1 2 2 2 1 2 
27.61 ; 2.425e-07 ; True ; 276 340 409 469 499  ; 2 1 1 2 1 2 2 2 
27.62 ; 3.147e-07 ; True ; 19 276 409 499 530  ; 1 1 2 3 3 1 1 3 
28.52 ; 3.995e-07 ; True ; 19 276 340 409 499  ; 2 1 2 3 2 1 1 3 
29.51 ; 4.699e-07 ; True ; 19 276 340 469 499  ; 2 1 2 2 1 2 2 2 
30.39 ; 5.554e-07 ; True ; 19 233 276 499 530  ; 2 1 2 3 2 1 2 2 
31.61 ; 7.403e-07 ; True ; 19 276 499 530 604  ; 2 1 2 3 2 1 2 3 
34.28 ; 1.014e-06 ; True ; 19 276 499 530 610  ; 2 1 2 3 2 2 2 2 
39.31 ; 1.351e-06 ; True ; 19 276 340 409 469 499  ; 2 1 2 3 2 2 2 3 
41.47 ; 1.48e-06 ; True ; 19 133 276 499 530 604  ; 2 1 2 4 2 2 2 3 
42.25 ; 1.753e-06 ; True ; 19 276 340 469 499 546  ; 3 1 2 3 2 2 2 3 
43.31 ; 1.824e-06 ; True ; 19 276 469 499 530 546  ; 2 1 2 3 3 2 2 3 
44.31 ; 1.882e-06 ; True ; 19 276 469 499 530 604  ; 2 1 2 3 2 2 3 3 
44.99 ; 1.998e-06 ; True ; 19 276 409 499 530 610  ; 2 1 2 4 3 2 2 3 
47.2 ; 2.288e-06 ; True ; 19 102 276 499 530 604  ; 3 1 2 4 2 2 2 4 
47.94 ; 2.548e-06 ; True ; 19 276 340 499 530 610  ; 3 1 3 3 2 2 2 3 
48.69 ; 2.593e-06 ; True ; 19 276 499 530 546 610  ; 3 1 2 4 3 2 2 3 
49.05 ; 2.674e-06 ; True ; 19 276 499 530 604 610  ; 3 1 2 4 2 2 3 3 
52.37 ; 2.783e-06 ; True ; 19 276 385 499 530 604  ; 2 1 2 4 3 2 3 3 
53.06 ; 3.16e-06 ; True ; 19 276 340 409 469 499 530  ; 2 1 3 3 3 2 2 4 
54.11 ; 3.187e-06 ; True ; 19 276 340 409 469 499 604  ; 3 1 2 4 2 2 3 4 
55.01 ; 3.26e-06 ; True ; 19 110 276 340 469 499 530  ; 2 1 3 3 2 2 3 4 
55.2 ; 3.326e-06 ; True ; 19 133 276 340 499 530 604  ; 3 1 3 4 2 2 2 4 
56.58 ; 3.549e-06 ; True ; 19 233 276 340 469 499 530  ; 3 1 3 3 2 2 3 3 
57.03 ; 4.1e-06 ; True ; 19 276 340 469 499 530 546  ; 3 1 3 3 3 2 2 4 
58.04 ; 4.229e-06 ; True ; 19 276 340 469 499 530 604  ; 3 1 3 3 2 2 3 4 
59.65 ; 4.491e-06 ; True ; 19 276 340 409 499 530 610  ; 3 1 3 4 3 2 2 4 
61.76 ; 4.514e-06 ; True ; 19 276 409 499 530 604 610  ; 3 1 2 5 3 2 3 4 
62.6 ; 4.873e-06 ; True ; 19 276 340 469 499 530 610  ; 3 1 3 3 2 3 3 3 
64.32 ; 5.226e-06 ; True ; 19 276 340 499 530 546 610  ; 4 1 3 4 3 2 2 4 
64.69 ; 5.391e-06 ; True ; 19 276 340 499 530 604 610  ; 4 1 3 4 2 2 3 4 
66.81 ; 5.414e-06 ; True ; 19 276 340 385 499 530 546  ; 3 1 3 4 4 2 2 4 
67.08 ; 5.71e-06 ; True ; 19 81 276 340 499 530 604  ; 3 1 3 3 3 2 3 4 
68.09 ; 6.255e-06 ; True ; 19 276 340 385 499 530 604  ; 3 1 3 4 3 2 3 4 
69.71 ; 7.206e-06 ; True ; 19 276 340 385 499 530 610  ; 3 1 3 4 3 3 3 3 
73.32 ; 7.279e-06 ; True ; 19 233 276 340 469 499 530 546  ; 4 1 3 4 3 2 3 4 
75.32 ; 7.372e-06 ; True ; 19 110 276 340 409 499 530 610  ; 3 1 3 5 3 2 3 5 
75.76 ; 8.177e-06 ; True ; 19 276 340 469 499 530 546 604  ; 4 1 3 4 3 2 3 5 
76.25 ; 8.587e-06 ; True ; 19 276 340 409 469 499 530 610  ; 3 1 3 4 3 3 3 4 
80.96 ; 9.993e-06 ; True ; 19 276 340 469 499 530 546 610  ; 4 1 3 4 3 3 3 4 
84.45 ; 1.035e-05 ; True ; 19 276 340 385 469 499 530 546  ; 3 1 3 4 4 3 3 4 
85.35 ; 1.086e-05 ; True ; 19 276 340 385 409 499 530 610  ; 3 1 3 5 4 3 3 4 
86.3 ; 1.11e-05 ; True ; 19 276 340 385 438 499 530 610  ; 3 1 4 4 3 3 3 4 
87.36 ; 1.118e-05 ; True ; 19 110 276 340 385 499 530 610  ; 3 1 3 5 3 3 4 4 
89.53 ; 1.178e-05 ; True ; 19 133 276 340 469 499 530 546 604  ; 4 1 3 5 3 3 3 5 
89.82 ; 1.264e-05 ; True ; 19 276 340 385 499 530 546 610  ; 4 1 3 5 4 3 3 4 
90.42 ; 1.301e-05 ; True ; 19 276 340 385 499 530 604 610  ; 4 1 3 5 3 3 4 4 
96.56 ; 1.42e-05 ; True ; 19 276 340 409 469 499 530 546 610  ; 4 1 3 5 4 3 3 5 
96.94 ; 1.461e-05 ; True ; 19 276 340 409 469 499 530 604 610  ; 4 1 3 5 3 3 4 5 
102 ; 1.503e-05 ; True ; 19 276 340 385 438 469 499 530 546  ; 3 1 4 4 4 3 3 5 
102.1 ; 1.514e-05 ; True ; 19 110 276 340 385 469 499 530 546  ; 3 1 3 5 4 3 4 5 
102.6 ; 1.608e-05 ; True ; 19 276 340 469 499 530 546 604 610  ; 5 1 3 5 3 3 4 5 
104.9 ; 1.623e-05 ; True ; 19 110 276 340 385 438 499 530 610  ; 3 1 4 5 3 3 4 5 
105.4 ; 1.679e-05 ; True ; 19 81 276 340 469 499 530 546 604  ; 4 1 3 4 4 3 4 5 
105.9 ; 1.686e-05 ; True ; 19 276 340 385 438 469 499 530 610  ; 3 1 4 4 3 4 4 4 
107.1 ; 1.761e-05 ; True ; 19 276 340 385 469 499 530 546 604  ; 4 1 3 5 4 3 4 5 
108 ; 1.808e-05 ; True ; 19 276 340 385 409 499 530 604 610  ; 4 1 3 6 4 3 4 5 
108.4 ; 1.835e-05 ; True ; 19 276 340 385 438 499 530 546 610  ; 4 1 4 5 4 3 3 5 
109 ; 1.889e-05 ; True ; 19 276 340 385 438 499 530 604 610  ; 4 1 4 5 3 3 4 5 
110.4 ; 1.919e-05 ; True ; 19 276 340 385 469 499 530 546 610  ; 4 1 3 5 4 4 4 4 
113.5 ; 1.989e-05 ; True ; 19 276 340 385 499 530 546 604 610  ; 5 1 3 6 4 3 4 5 
114.9 ; 2.027e-05 ; True ; 19 276 340 385 499 530 546 610 633  ; 4 1 4 5 4 3 4 4 
115.5 ; 2.048e-05 ; True ; 19 276 340 409 438 469 499 530 604 610  ; 4 1 4 5 3 3 4 6 
118.4 ; 2.058e-05 ; True ; 19 102 276 340 385 499 530 610 633  ; 4 1 4 5 3 4 4 4 
119.5 ; 2.078e-05 ; True ; 19 233 276 340 438 469 499 530 546 610  ; 5 1 4 5 3 3 4 5 
120.2 ; 2.157e-05 ; True ; 19 276 340 409 469 499 530 546 604 610  ; 5 1 3 6 4 3 4 6 
121.2 ; 2.253e-05 ; True ; 19 276 340 438 469 499 530 546 604 610  ; 5 1 4 5 3 3 4 6 
123.1 ; 2.277e-05 ; True ; 19 233 276 340 385 438 469 499 530 546  ; 4 1 4 5 4 3 4 5 
125 ; 2.353e-05 ; True ; 19 81 276 340 438 469 499 530 546 604  ; 4 1 4 4 4 3 4 6 
125.4 ; 2.395e-05 ; True ; 19 276 340 385 409 438 469 499 530 610  ; 3 1 4 5 4 4 4 5 
126.7 ; 2.468e-05 ; True ; 19 276 340 385 438 469 499 530 546 604  ; 4 1 4 5 4 3 4 6 
128.6 ; 2.534e-05 ; True ; 19 276 340 385 409 438 499 530 604 610  ; 4 1 4 6 4 3 4 6 
129.9 ; 2.787e-05 ; True ; 19 276 340 385 438 469 499 530 546 610  ; 4 1 4 5 4 4 4 5 
134.1 ; 2.788e-05 ; True ; 19 276 340 385 438 499 530 546 604 610  ; 5 1 4 6 4 3 4 6 
136 ; 2.838e-05 ; True ; 19 276 340 385 469 499 530 546 604 610  ; 5 1 3 6 4 4 5 5 
136.4 ; 2.86e-05 ; True ; 19 88 276 340 385 469 499 530 546 610  ; 4 1 4 6 4 4 4 5 
138.3 ; 2.891e-05 ; True ; 19 276 340 385 469 499 530 546 610 633  ; 4 1 4 5 4 4 5 4 
140.6 ; 2.997e-05 ; True ; 19 276 340 385 499 530 546 604 610 633  ; 5 1 4 6 4 3 5 5 
142.1 ; 3.043e-05 ; True ; 19 102 276 340 385 499 530 604 610 633  ; 5 1 4 6 3 4 5 5 
143.9 ; 3.163e-05 ; True ; 19 81 276 340 385 438 499 530 546 610  ; 4 1 4 5 5 4 4 5 
144.5 ; 3.248e-05 ; True ; 19 81 276 340 385 438 499 530 604 610  ; 4 1 4 5 4 4 5 5 
149.3 ; 3.334e-05 ; True ; 19 71 276 340 385 438 499 530 604 610  ; 4 1 4 6 4 4 5 5 
151.4 ; 3.52e-05 ; True ; 19 276 340 385 409 438 469 499 530 546 610  ; 4 1 4 6 5 4 4 6 
151.5 ; 3.663e-05 ; True ; 19 276 340 385 438 456 469 499 530 546 610  ; 4 1 5 5 4 4 4 6 
154.8 ; 3.668e-05 ; True ; 19 233 276 340 385 438 469 499 530 546 610  ; 5 1 4 6 4 4 5 5 
157.5 ; 3.978e-05 ; True ; 19 276 340 385 438 469 499 530 546 604 610  ; 5 1 4 6 4 4 5 6 
164.2 ; 3.997e-05 ; True ; 19 81 276 340 385 438 469 499 530 546 604  ; 4 1 4 5 5 4 5 6 
165.8 ; 4.035e-05 ; True ; 19 88 276 340 385 469 499 530 546 604 610  ; 5 1 4 7 4 4 5 6 
165.9 ; 4.113e-05 ; True ; 19 276 340 385 469 499 530 546 604 610 633  ; 5 1 4 6 4 4 6 5 
167.5 ; 4.157e-05 ; True ; 19 81 276 340 385 438 456 499 530 546 610  ; 4 1 5 5 5 4 4 6 
168.1 ; 4.269e-05 ; True ; 19 81 276 340 385 438 456 499 530 604 610  ; 4 1 5 5 4 4 5 6 
171.8 ; 4.298e-05 ; True ; 19 102 276 340 385 499 530 546 604 610 633  ; 6 1 4 7 4 4 5 6 
173.5 ; 4.515e-05 ; True ; 19 81 276 340 385 438 499 530 546 604 610  ; 5 1 4 6 5 4 5 6 
175.5 ; 4.643e-05 ; True ; 19 276 340 385 409 438 456 469 499 530 604 610  ; 4 1 5 6 4 4 5 7 
180.1 ; 4.668e-05 ; True ; 19 81 276 340 385 499 530 546 604 610 633  ; 5 1 4 6 5 4 6 5 
181 ; 4.853e-05 ; True ; 19 276 340 385 409 438 469 499 530 546 604 610  ; 5 1 4 7 5 4 5 7 
181.1 ; 5.109e-05 ; True ; 19 276 340 385 438 456 469 499 530 546 604 610  ; 5 1 5 6 4 4 5 7 
190.3 ; 5.406e-05 ; True ; 19 276 340 385 438 469 499 530 546 604 610 633  ; 5 1 5 6 4 4 6 6 
193 ; 5.577e-05 ; True ; 19 81 276 340 385 438 456 469 499 530 546 610  ; 4 1 5 5 5 5 5 6 
199.1 ; 5.799e-05 ; True ; 19 81 276 340 385 438 456 499 530 546 604 610  ; 5 1 5 6 5 4 5 7 
200 ; 5.826e-05 ; True ; 19 81 276 340 385 438 469 499 530 546 604 610  ; 5 1 4 6 5 5 6 6 
205.9 ; 5.883e-05 ; True ; 19 71 276 340 385 438 456 499 530 546 604 610  ; 5 1 5 7 5 4 5 7 
206.4 ; 6.135e-05 ; True ; 19 81 276 340 385 438 499 530 546 604 610 633  ; 5 1 5 6 5 4 6 6 
209.8 ; 6.222e-05 ; True ; 19 81 102 276 340 385 438 499 530 604 610 633  ; 5 1 5 6 4 5 6 6 
212.9 ; 6.299e-05 ; True ; 19 81 102 276 340 385 438 499 530 546 610 633  ; 5 1 5 6 5 5 5 6 
215.8 ; 6.391e-05 ; True ; 19 81 276 340 385 438 491 499 530 546 604 610  ; 5 1 5 7 5 5 5 6 
216.7 ; 6.668e-05 ; True ; 19 276 340 385 438 456 469 499 530 546 604 610 633  ; 5 1 6 6 4 4 6 7 
222.5 ; 6.7e-05 ; True ; 19 81 276 340 385 438 456 469 499 530 546 604 633  ; 4 1 6 5 5 4 6 7 
223.9 ; 6.701e-05 ; True ; 19 81 233 276 340 385 438 469 499 530 546 604 633  ; 5 1 5 6 5 4 7 6 
224.2 ; 6.945e-05 ; True ; 19 276 340 385 438 456 469 491 499 530 546 604 610  ; 5 1 6 7 4 5 5 7 
226.5 ; 7.483e-05 ; True ; 19 81 276 340 385 438 456 469 499 530 546 604 610  ; 5 1 5 6 5 5 6 7 
234.2 ; 7.592e-05 ; True ; 19 71 276 340 385 438 456 469 499 530 546 604 610  ; 5 1 5 7 5 5 6 7 
235.7 ; 7.713e-05 ; True ; 19 81 276 340 385 438 469 499 530 546 604 610 633  ; 5 1 5 6 5 5 7 6 
242.3 ; 7.77e-05 ; True ; 19 81 102 276 340 385 438 456 499 530 546 610 633  ; 5 1 6 6 5 5 5 7 
243.1 ; 7.827e-05 ; True ; 19 81 102 276 340 385 438 469 499 530 546 610 633  ; 5 1 5 6 5 6 6 6 
244.3 ; 7.883e-05 ; True ; 19 81 276 340 385 438 456 491 499 530 546 604 610  ; 5 1 6 7 5 5 5 7 
245.5 ; 8.087e-05 ; True ; 19 81 102 276 340 385 438 499 530 546 604 610 633  ; 6 1 5 7 5 5 6 7 
250.8 ; 8.221e-05 ; True ; 19 81 276 340 385 438 499 530 534 546 604 610 633  ; 5 1 6 6 5 5 6 6 
252.6 ; 8.34e-05 ; True ; 19 81 276 340 385 438 491 499 530 546 604 610 633  ; 5 1 6 7 5 5 6 6 
256.9 ; 8.487e-05 ; True ; 19 81 156 276 340 385 438 456 469 499 530 546 610 633  ; 5 1 6 5 5 5 6 7 
261.6 ; 8.562e-05 ; True ; 19 71 81 276 340 385 438 499 530 546 604 610 633  ; 5 1 5 7 6 5 7 6 
264 ; 8.706e-05 ; True ; 19 81 156 276 340 385 438 469 499 530 546 604 610 633  ; 6 1 5 6 5 5 7 7 
266.9 ; 8.849e-05 ; True ; 19 81 274 276 340 385 438 469 499 525 530 546 604 610  ; 6 1 5 7 6 5 6 7 
267 ; 9.073e-05 ; True ; 19 81 276 340 385 409 456 469 499 530 546 604 610 633  ; 5 1 5 7 6 5 7 7 
269.4 ; 9.349e-05 ; True ; 19 81 102 276 340 385 438 456 469 499 530 546 604 610  ; 6 1 5 7 5 6 6 8 
273.4 ; 9.654e-05 ; True ; 19 81 102 276 340 385 438 456 469 499 530 546 610 633  ; 5 1 6 6 5 6 6 7 
277.6 ; 9.788e-05 ; True ; 19 81 102 276 340 385 438 469 499 530 546 604 610 633  ; 6 1 5 7 5 6 7 7 
279.1 ; 9.82e-05 ; True ; 19 81 102 274 276 340 385 438 499 530 546 604 610 633  ; 6 1 6 7 5 5 6 8 
282.2 ; 9.863e-05 ; True ; 19 81 276 340 385 438 456 499 530 534 546 604 610 633  ; 5 1 7 6 5 5 6 7 
284.8 ; 0.0001009 ; True ; 19 81 276 340 385 438 469 491 499 530 546 604 610 633  ; 5 1 6 7 5 6 7 6 
294.8 ; 0.0001017 ; True ; 19 71 81 276 340 385 438 469 499 530 546 604 610 633  ; 5 1 5 7 6 6 8 6 
295.2 ; 0.0001043 ; True ; 19 64 81 102 276 340 385 456 491 499 530 604 610 633  ; 6 1 6 7 5 6 6 7 
296.6 ; 0.0001052 ; True ; 19 81 102 276 340 385 456 491 499 530 546 604 610 633  ; 6 1 6 8 5 6 6 7 
297.7 ; 0.000107 ; True ; 19 81 133 274 276 340 385 438 469 499 530 546 604 610 633  ; 5 1 6 7 5 6 7 7 
303.4 ; 0.000108 ; True ; 19 71 81 276 340 385 438 456 491 499 530 546 604 610  ; 5 1 6 8 6 6 6 7 
306.7 ; 0.0001123 ; True ; 19 81 102 276 306 340 385 438 456 469 499 530 604 610 633  ; 6 1 6 6 5 6 7 7 
323.1 ; 0.0001125 ; True ; 19 59 81 274 276 340 385 438 469 499 530 546 604 610 633  ; 6 1 6 7 6 5 7 7 
323.1 ; 0.0001211 ; True ; 19 81 274 276 340 385 438 469 491 499 530 546 604 610 633  ; 5 1 7 7 5 6 7 7 
332.4 ; 0.0001243 ; True ; 19 64 81 102 276 340 378 385 438 491 499 530 604 610 633  ; 7 1 6 7 6 6 6 8 
334.2 ; 0.0001255 ; True ; 19 71 81 274 276 340 385 438 469 499 530 546 604 610 633  ; 5 1 6 7 6 6 8 7 
345.2 ; 0.0001311 ; True ; 19 71 81 102 274 276 340 385 456 499 530 546 604 610 633  ; 6 1 6 8 6 6 7 8 
356 ; 0.0001326 ; True ; 19 81 157 274 276 340 385 438 469 499 530 546 604 610 633  ; 6 1 7 6 5 6 7 8 
360.2 ; 0.0001337 ; True ; 19 71 81 276 340 385 438 469 499 530 546 552 604 610 633  ; 6 1 6 7 6 6 8 7 
363.6 ; 0.0001338 ; True ; 19 64 81 157 274 276 340 385 469 499 530 546 604 610 633  ; 7 1 6 6 6 6 7 8 
365.6 ; 0.0001346 ; True ; 19 71 157 274 276 340 385 438 469 499 530 546 604 610 633  ; 6 1 7 7 5 6 7 8 
366.7 ; 0.0001347 ; True ; 19 71 81 157 276 340 385 499 530 546 604 610 614 633  ; 6 1 6 7 6 7 7 7 
367.1 ; 0.0001357 ; True ; 19 71 157 276 340 378 385 438 469 499 530 546 604 610 633  ; 7 1 6 7 6 6 7 8 
370.5 ; 0.0001394 ; True ; 19 71 81 274 276 340 385 433 438 469 499 530 546 604 610 633  ; 6 1 6 7 6 6 8 8 
373.1 ; 0.0001412 ; True ; 19 71 81 157 233 276 340 385 438 456 499 530 546 610 633  ; 6 1 7 7 6 6 7 7 
378.7 ; 0.0001417 ; True ; 19 71 81 102 276 340 385 438 499 530 546 604 610 614 633  ; 6 1 6 8 6 7 7 8 
379.2 ; 0.0001423 ; True ; 19 71 81 276 340 385 438 491 499 530 546 552 604 610 633  ; 6 1 7 8 6 6 7 7 
379.8 ; 0.0001444 ; True ; 19 71 81 157 276 340 385 456 469 499 530 546 604 610 633  ; 6 1 6 7 6 7 8 7 
383.5 ; 0.0001445 ; True ; 19 71 81 102 276 339 340 385 438 456 499 530 546 604 610 633  ; 6 1 6 8 7 6 7 9 
384 ; 0.0001473 ; True ; 19 71 81 157 274 276 340 385 438 499 530 546 604 610 633  ; 6 1 7 7 6 6 7 8 
397.2 ; 0.0001525 ; True ; 19 64 71 81 157 276 340 385 456 491 499 530 604 610 633  ; 6 1 7 7 6 7 7 7 
397.6 ; 0.0001538 ; True ; 19 71 81 157 276 340 385 438 491 499 530 546 604 610 633  ; 6 1 7 8 6 7 7 7 
400.8 ; 0.0001545 ; True ; 19 71 81 102 276 340 385 456 469 499 530 534 546 604 610 633  ; 6 1 6 8 6 8 8 7 
402.8 ; 0.0001563 ; True ; 19 64 81 157 274 276 340 385 456 469 499 530 546 604 610 633  ; 7 1 7 6 6 6 7 9 
407.8 ; 0.0001591 ; True ; 19 71 81 157 276 340 385 438 499 530 546 604 610 614 633  ; 6 1 7 7 6 7 7 8 
413.9 ; 0.0001637 ; True ; 19 64 81 157 276 340 385 456 469 499 530 534 546 604 610 633  ; 7 1 7 6 6 7 7 8 
424.2 ; 0.0001686 ; True ; 19 71 81 157 274 276 340 385 438 456 499 530 546 604 610 633  ; 6 1 8 7 6 6 7 9 
442.8 ; 0.0001721 ; True ; 19 71 81 276 280 340 385 438 491 499 530 546 604 610 614 633  ; 6 1 7 9 7 7 7 8 
456.5 ; 0.0001722 ; True ; 19 59 71 81 157 276 340 385 438 491 499 530 546 604 610 633  ; 7 1 7 9 7 7 7 7 
462.5 ; 0.0001743 ; True ; 19 71 81 157 206 276 340 385 438 469 499 530 546 604 610 633  ; 6 1 7 8 6 7 9 7 
464.6 ; 0.0001834 ; True ; 19 71 81 102 157 276 340 385 438 499 530 546 604 610 614 633  ; 7 1 7 8 6 8 7 9 
485.5 ; 0.0001947 ; True ; 19 64 81 157 274 276 340 385 469 475 499 530 534 546 604 610 633  ; 7 1 8 6 6 7 8 8 
522.9 ; 0.0001978 ; True ; 19 71 81 153 157 276 280 340 385 438 499 530 546 604 610 614 633  ; 7 1 7 8 7 7 8 9 
526.4 ; 0.0002008 ; True ; 19 71 81 157 184 257 274 276 340 385 456 499 530 604 610 614 633  ; 6 1 8 8 7 7 7 10 
531.8 ; 0.0002131 ; True ; 19 71 81 102 157 276 323 340 385 456 499 530 546 604 610 614 633  ; 7 1 8 8 6 9 7 9 


RUN 5:
Optimum Distance: 11.84
Optimal Team: 19,276,499,
Required Skills: 0 1 4 9 10 18 23 24 
Distance; Skill Score; isValid; Team; Skill Counts
11.84 ; 2.368e-08 ; True ; 19 276 499  ; 1 1 1 2 1 1 1 1 
14.72 ; 2.763e-08 ; True ; 52 276 410 432  ; 1 1 1 1 1 2 1 1 
18.65 ; 2.849e-08 ; True ; 19 133 233 276  ; 1 1 1 3 1 1 1 1 
18.67 ; 7.744e-08 ; True ; 71 276 410 432  ; 1 1 1 2 2 2 1 1 
18.71 ; 9.024e-08 ; True ; 19 276 409 499  ; 1 1 1 3 2 1 1 2 
19.62 ; 9.05e-08 ; True ; 19 233 276 499  ; 2 1 1 3 1 1 2 1 
19.78 ; 1.453e-07 ; True ; 19 276 499 530  ; 1 1 2 2 2 1 1 2 
20.64 ; 1.547e-07 ; True ; 19 276 499 546  ; 2 1 1 3 2 1 1 2 
20.73 ; 1.599e-07 ; True ; 19 276 499 604  ; 2 1 1 3 1 1 2 2 
23.43 ; 1.652e-07 ; True ; 19 276 499 610  ; 2 1 1 3 1 2 2 1 
23.55 ; 1.727e-07 ; True ; 19 276 385 610  ; 1 1 1 3 2 2 2 1 
24.7 ; 2.346e-07 ; True ; 71 157 158 276  ; 2 1 1 2 2 2 1 2 
27.61 ; 2.425e-07 ; True ; 276 340 409 469 499  ; 2 1 1 2 1 2 2 2 
27.62 ; 3.147e-07 ; True ; 19 276 409 499 530  ; 1 1 2 3 3 1 1 3 
28.52 ; 3.995e-07 ; True ; 19 276 340 409 499  ; 2 1 2 3 2 1 1 3 
29.51 ; 4.699e-07 ; True ; 19 276 340 469 499  ; 2 1 2 2 1 2 2 2 
30.39 ; 5.554e-07 ; True ; 19 233 276 499 530  ; 2 1 2 3 2 1 2 2 
31.61 ; 7.403e-07 ; True ; 19 276 499 530 604  ; 2 1 2 3 2 1 2 3 
34.28 ; 1.014e-06 ; True ; 19 276 499 530 610  ; 2 1 2 3 2 2 2 2 
39.31 ; 1.351e-06 ; True ; 19 276 340 409 469 499  ; 2 1 2 3 2 2 2 3 
41.47 ; 1.48e-06 ; True ; 19 133 276 499 530 604  ; 2 1 2 4 2 2 2 3 
42.25 ; 1.753e-06 ; True ; 19 276 340 469 499 546  ; 3 1 2 3 2 2 2 3 
43.31 ; 1.824e-06 ; True ; 19 276 469 499 530 546  ; 2 1 2 3 3 2 2 3 
44.31 ; 1.882e-06 ; True ; 19 276 469 499 530 604  ; 2 1 2 3 2 2 3 3 
44.99 ; 1.998e-06 ; True ; 19 276 409 499 530 610  ; 2 1 2 4 3 2 2 3 
47.2 ; 2.288e-06 ; True ; 19 102 276 499 530 604  ; 3 1 2 4 2 2 2 4 
47.94 ; 2.548e-06 ; True ; 19 276 340 499 530 610  ; 3 1 3 3 2 2 2 3 
48.69 ; 2.593e-06 ; True ; 19 276 499 530 546 610  ; 3 1 2 4 3 2 2 3 
49.05 ; 2.674e-06 ; True ; 19 276 499 530 604 610  ; 3 1 2 4 2 2 3 3 
52.37 ; 2.783e-06 ; True ; 19 276 385 499 530 604  ; 2 1 2 4 3 2 3 3 
53.06 ; 3.16e-06 ; True ; 19 276 340 409 469 499 530  ; 2 1 3 3 3 2 2 4 
54.11 ; 3.187e-06 ; True ; 19 276 340 409 469 499 604  ; 3 1 2 4 2 2 3 4 
55.01 ; 3.26e-06 ; True ; 19 110 276 340 469 499 530  ; 2 1 3 3 2 2 3 4 
55.2 ; 3.326e-06 ; True ; 19 133 276 340 499 530 604  ; 3 1 3 4 2 2 2 4 
56.58 ; 3.549e-06 ; True ; 19 233 276 340 469 499 530  ; 3 1 3 3 2 2 3 3 
57.03 ; 4.1e-06 ; True ; 19 276 340 469 499 530 546  ; 3 1 3 3 3 2 2 4 
58.04 ; 4.229e-06 ; True ; 19 276 340 469 499 530 604  ; 3 1 3 3 2 2 3 4 
59.65 ; 4.491e-06 ; True ; 19 276 340 409 499 530 610  ; 3 1 3 4 3 2 2 4 
61.76 ; 4.514e-06 ; True ; 19 276 409 499 530 604 610  ; 3 1 2 5 3 2 3 4 
62.6 ; 4.873e-06 ; True ; 19 276 340 469 499 530 610  ; 3 1 3 3 2 3 3 3 
64.32 ; 5.226e-06 ; True ; 19 276 340 499 530 546 610  ; 4 1 3 4 3 2 2 4 
64.69 ; 5.391e-06 ; True ; 19 276 340 499 530 604 610  ; 4 1 3 4 2 2 3 4 
66.81 ; 5.414e-06 ; True ; 19 276 340 385 499 530 546  ; 3 1 3 4 4 2 2 4 
67.08 ; 5.71e-06 ; True ; 19 81 276 340 499 530 604  ; 3 1 3 3 3 2 3 4 
68.09 ; 6.255e-06 ; True ; 19 276 340 385 499 530 604  ; 3 1 3 4 3 2 3 4 
69.71 ; 7.206e-06 ; True ; 19 276 340 385 499 530 610  ; 3 1 3 4 3 3 3 3 
73.32 ; 7.279e-06 ; True ; 19 233 276 340 469 499 530 546  ; 4 1 3 4 3 2 3 4 
75.32 ; 7.372e-06 ; True ; 19 110 276 340 409 499 530 610  ; 3 1 3 5 3 2 3 5 
75.76 ; 8.177e-06 ; True ; 19 276 340 469 499 530 546 604  ; 4 1 3 4 3 2 3 5 
76.25 ; 8.587e-06 ; True ; 19 276 340 409 469 499 530 610  ; 3 1 3 4 3 3 3 4 
80.96 ; 9.993e-06 ; True ; 19 276 340 469 499 530 546 610  ; 4 1 3 4 3 3 3 4 
84.45 ; 1.035e-05 ; True ; 19 276 340 385 469 499 530 546  ; 3 1 3 4 4 3 3 4 
85.35 ; 1.086e-05 ; True ; 19 276 340 385 409 499 530 610  ; 3 1 3 5 4 3 3 4 
86.3 ; 1.11e-05 ; True ; 19 276 340 385 438 499 530 610  ; 3 1 4 4 3 3 3 4 
87.36 ; 1.118e-05 ; True ; 19 110 276 340 385 499 530 610  ; 3 1 3 5 3 3 4 4 
89.53 ; 1.178e-05 ; True ; 19 133 276 340 469 499 530 546 604  ; 4 1 3 5 3 3 3 5 
89.82 ; 1.264e-05 ; True ; 19 276 340 385 499 530 546 610  ; 4 1 3 5 4 3 3 4 
90.42 ; 1.301e-05 ; True ; 19 276 340 385 499 530 604 610  ; 4 1 3 5 3 3 4 4 
96.56 ; 1.42e-05 ; True ; 19 276 340 409 469 499 530 546 610  ; 4 1 3 5 4 3 3 5 
96.94 ; 1.461e-05 ; True ; 19 276 340 409 469 499 530 604 610  ; 4 1 3 5 3 3 4 5 
102 ; 1.503e-05 ; True ; 19 276 340 385 438 469 499 530 546  ; 3 1 4 4 4 3 3 5 
102.1 ; 1.514e-05 ; True ; 19 110 276 340 385 469 499 530 546  ; 3 1 3 5 4 3 4 5 
102.6 ; 1.608e-05 ; True ; 19 276 340 469 499 530 546 604 610  ; 5 1 3 5 3 3 4 5 
104.9 ; 1.623e-05 ; True ; 19 110 276 340 385 438 499 530 610  ; 3 1 4 5 3 3 4 5 
105.4 ; 1.679e-05 ; True ; 19 81 276 340 469 499 530 546 604  ; 4 1 3 4 4 3 4 5 
105.9 ; 1.686e-05 ; True ; 19 276 340 385 438 469 499 530 610  ; 3 1 4 4 3 4 4 4 
107.1 ; 1.761e-05 ; True ; 19 276 340 385 469 499 530 546 604  ; 4 1 3 5 4 3 4 5 
108 ; 1.808e-05 ; True ; 19 276 340 385 409 499 530 604 610  ; 4 1 3 6 4 3 4 5 
108.4 ; 1.835e-05 ; True ; 19 276 340 385 438 499 530 546 610  ; 4 1 4 5 4 3 3 5 
109 ; 1.889e-05 ; True ; 19 276 340 385 438 499 530 604 610  ; 4 1 4 5 3 3 4 5 
110.4 ; 1.919e-05 ; True ; 19 276 340 385 469 499 530 546 610  ; 4 1 3 5 4 4 4 4 
113.5 ; 1.989e-05 ; True ; 19 276 340 385 499 530 546 604 610  ; 5 1 3 6 4 3 4 5 
114.9 ; 2.027e-05 ; True ; 19 276 340 385 499 530 546 610 633  ; 4 1 4 5 4 3 4 4 
115.5 ; 2.048e-05 ; True ; 19 276 340 409 438 469 499 530 604 610  ; 4 1 4 5 3 3 4 6 
118.4 ; 2.058e-05 ; True ; 19 102 276 340 385 499 530 610 633  ; 4 1 4 5 3 4 4 4 
119.5 ; 2.078e-05 ; True ; 19 233 276 340 438 469 499 530 546 610  ; 5 1 4 5 3 3 4 5 
120.2 ; 2.157e-05 ; True ; 19 276 340 409 469 499 530 546 604 610  ; 5 1 3 6 4 3 4 6 
121.2 ; 2.253e-05 ; True ; 19 276 340 438 469 499 530 546 604 610  ; 5 1 4 5 3 3 4 6 
123.1 ; 2.277e-05 ; True ; 19 233 276 340 385 438 469 499 530 546  ; 4 1 4 5 4 3 4 5 
125 ; 2.353e-05 ; True ; 19 81 276 340 438 469 499 530 546 604  ; 4 1 4 4 4 3 4 6 
125.4 ; 2.395e-05 ; True ; 19 276 340 385 409 438 469 499 530 610  ; 3 1 4 5 4 4 4 5 
126.7 ; 2.468e-05 ; True ; 19 276 340 385 438 469 499 530 546 604  ; 4 1 4 5 4 3 4 6 
128.6 ; 2.534e-05 ; True ; 19 276 340 385 409 438 499 530 604 610  ; 4 1 4 6 4 3 4 6 
129.9 ; 2.787e-05 ; True ; 19 276 340 385 438 469 499 530 546 610  ; 4 1 4 5 4 4 4 5 
134.1 ; 2.788e-05 ; True ; 19 276 340 385 438 499 530 546 604 610  ; 5 1 4 6 4 3 4 6 
136 ; 2.838e-05 ; True ; 19 276 340 385 469 499 530 546 604 610  ; 5 1 3 6 4 4 5 5 
136.4 ; 2.86e-05 ; True ; 19 88 276 340 385 469 499 530 546 610  ; 4 1 4 6 4 4 4 5 
138.3 ; 2.891e-05 ; True ; 19 276 340 385 469 499 530 546 610 633  ; 4 1 4 5 4 4 5 4 
140.6 ; 2.997e-05 ; True ; 19 276 340 385 499 530 546 604 610 633  ; 5 1 4 6 4 3 5 5 
142.1 ; 3.043e-05 ; True ; 19 102 276 340 385 499 530 604 610 633  ; 5 1 4 6 3 4 5 5 
143.9 ; 3.163e-05 ; True ; 19 81 276 340 385 438 499 530 546 610  ; 4 1 4 5 5 4 4 5 
144.5 ; 3.248e-05 ; True ; 19 81 276 340 385 438 499 530 604 610  ; 4 1 4 5 4 4 5 5 
149.3 ; 3.334e-05 ; True ; 19 71 276 340 385 438 499 530 604 610  ; 4 1 4 6 4 4 5 5 
151.5 ; 3.663e-05 ; True ; 19 276 340 385 438 456 469 499 530 546 610  ; 4 1 5 5 4 4 4 6 
154.8 ; 3.668e-05 ; True ; 19 233 276 340 385 438 469 499 530 546 610  ; 5 1 4 6 4 4 5 5 
157.5 ; 3.978e-05 ; True ; 19 276 340 385 438 469 499 530 546 604 610  ; 5 1 4 6 4 4 5 6 
164.2 ; 3.997e-05 ; True ; 19 81 276 340 385 438 469 499 530 546 604  ; 4 1 4 5 5 4 5 6 
165.6 ; 4.035e-05 ; True ; 19 102 276 340 385 409 499 530 604 610 633  ; 5 1 4 7 4 4 5 6 
165.9 ; 4.113e-05 ; True ; 19 276 340 385 469 499 530 546 604 610 633  ; 5 1 4 6 4 4 6 5 
167.5 ; 4.157e-05 ; True ; 19 81 276 340 385 438 456 499 530 546 610  ; 4 1 5 5 5 4 4 6 
168.1 ; 4.269e-05 ; True ; 19 81 276 340 385 438 456 499 530 604 610  ; 4 1 5 5 4 4 5 6 
171.8 ; 4.298e-05 ; True ; 19 102 276 340 385 499 530 546 604 610 633  ; 6 1 4 7 4 4 5 6 
173.5 ; 4.515e-05 ; True ; 19 81 276 340 385 438 499 530 546 604 610  ; 5 1 4 6 5 4 5 6 
177.7 ; 4.578e-05 ; True ; 19 81 102 276 340 385 438 499 530 604 610  ; 5 1 4 6 4 5 5 6 
179.3 ; 4.58e-05 ; True ; 19 71 276 340 385 438 499 530 546 604 610  ; 5 1 4 7 5 4 5 6 
180.1 ; 4.668e-05 ; True ; 19 81 276 340 385 499 530 546 604 610 633  ; 5 1 4 6 5 4 6 5 
182.3 ; 4.725e-05 ; True ; 19 81 110 276 340 438 469 499 530 546 604 610  ; 5 1 4 6 4 4 6 7 
182.5 ; 4.734e-05 ; True ; 19 81 102 276 340 385 499 530 604 610 633  ; 5 1 4 6 4 5 6 5 
184.4 ; 4.819e-05 ; True ; 19 233 276 340 385 438 469 499 530 546 604 610  ; 6 1 4 7 4 4 6 6 
184.7 ; 4.914e-05 ; True ; 19 276 340 385 438 456 469 499 528 530 546 610  ; 4 1 5 5 4 5 5 6 
185.1 ; 4.969e-05 ; True ; 19 276 340 385 438 456 469 499 530 546 610 633  ; 4 1 6 5 4 4 5 6 
186.1 ; 5.109e-05 ; True ; 19 274 276 340 385 438 469 499 530 546 604 610  ; 5 1 5 6 4 4 5 7 
190.3 ; 5.406e-05 ; True ; 19 276 340 385 438 469 499 530 546 604 610 633  ; 5 1 5 6 4 4 6 6 
193 ; 5.577e-05 ; True ; 19 81 276 340 385 438 456 469 499 530 546 610  ; 4 1 5 5 5 5 5 6 
199.1 ; 5.799e-05 ; True ; 19 81 276 340 385 438 456 499 530 546 604 610  ; 5 1 5 6 5 4 5 7 
200 ; 5.826e-05 ; True ; 19 81 276 340 385 438 469 499 530 546 604 610  ; 5 1 4 6 5 5 6 6 
205.9 ; 5.883e-05 ; True ; 19 71 276 340 385 438 456 499 530 546 604 610  ; 5 1 5 7 5 4 5 7 
206.4 ; 6.135e-05 ; True ; 19 81 276 340 385 438 499 530 546 604 610 633  ; 5 1 5 6 5 4 6 6 
209.8 ; 6.222e-05 ; True ; 19 81 102 276 340 385 438 499 530 604 610 633  ; 5 1 5 6 4 5 6 6 
212.9 ; 6.299e-05 ; True ; 19 81 102 276 340 385 438 499 530 546 610 633  ; 5 1 5 6 5 5 5 6 
216.6 ; 6.312e-05 ; True ; 19 71 102 276 340 385 438 499 530 604 610 633  ; 5 1 5 7 4 5 6 6 
216.8 ; 6.391e-05 ; True ; 19 81 276 340 385 456 491 499 530 546 604 610  ; 5 1 5 7 5 5 5 6 
217.4 ; 6.417e-05 ; True ; 19 71 81 276 340 385 438 456 499 530 604 610  ; 4 1 5 6 5 5 6 6 
217.6 ; 6.535e-05 ; True ; 19 276 340 346 385 456 469 499 530 546 604 610 633  ; 6 1 5 6 5 4 6 6 
220.8 ; 6.668e-05 ; True ; 19 274 276 340 385 438 469 499 530 546 604 610 633  ; 5 1 6 6 4 4 6 7 
222.5 ; 6.7e-05 ; True ; 19 81 276 340 385 438 456 469 499 530 546 604 633  ; 4 1 6 5 5 4 6 7 
225.5 ; 6.782e-05 ; True ; 19 81 181 276 340 385 438 456 499 530 546 604 610  ; 5 1 5 6 5 4 6 8 
227.3 ; 7.125e-05 ; True ; 19 102 276 340 385 438 469 499 530 546 604 610 633  ; 6 1 5 7 4 5 6 7 
234.8 ; 7.568e-05 ; True ; 19 81 276 340 385 438 456 499 530 546 604 610 633  ; 5 1 6 6 5 4 6 7 
235.7 ; 7.713e-05 ; True ; 19 81 276 340 385 438 469 499 530 546 604 610 633  ; 5 1 5 6 5 5 7 6 
243.1 ; 7.827e-05 ; True ; 19 81 102 276 340 385 438 469 499 530 546 610 633  ; 5 1 5 6 5 6 6 6 
246.6 ; 8.087e-05 ; True ; 19 81 102 276 340 385 456 499 530 546 604 610 633  ; 6 1 5 7 5 5 6 7 
253.6 ; 8.34e-05 ; True ; 19 81 276 340 385 456 491 499 530 546 604 610 633  ; 5 1 6 7 5 5 6 6 
261.3 ; 8.408e-05 ; True ; 19 71 276 340 385 456 491 499 530 546 604 610 633  ; 5 1 6 8 5 5 6 6 
261.6 ; 8.562e-05 ; True ; 19 71 81 276 340 385 438 499 530 546 604 610 633  ; 5 1 5 7 6 5 7 6 
264.9 ; 8.672e-05 ; True ; 19 71 81 102 276 340 385 438 499 530 604 610 633  ; 5 1 5 7 5 6 7 6 
265 ; 8.761e-05 ; True ; 19 81 181 276 340 385 438 469 499 530 546 604 610 633  ; 5 1 5 6 5 5 8 7 
266 ; 8.99e-05 ; True ; 19 81 276 340 346 385 456 469 499 530 546 604 610 633  ; 6 1 5 6 6 5 7 6 
276.8 ; 9.82e-05 ; True ; 19 81 102 276 340 385 438 456 499 530 546 604 610 633  ; 6 1 6 7 5 5 6 8 
289.2 ; 9.951e-05 ; True ; 19 81 274 276 340 385 469 499 530 534 546 604 610 633  ; 5 1 6 6 5 6 7 6 
295.3 ; 0.0001018 ; True ; 19 71 81 276 340 378 385 438 456 499 530 546 610 633  ; 5 1 6 6 7 5 6 7 
295.7 ; 0.0001052 ; True ; 19 81 102 276 340 385 438 491 499 530 546 604 610 633  ; 6 1 6 8 5 6 6 7 
299.1 ; 0.0001056 ; True ; 19 71 81 274 276 340 385 438 499 530 546 604 610 633  ; 5 1 6 7 6 5 7 7 
303.4 ; 0.000108 ; True ; 19 71 81 276 340 385 438 456 491 499 530 546 604 610  ; 5 1 6 8 6 6 6 7 
312.2 ; 0.0001085 ; True ; 19 81 233 276 340 385 409 438 469 491 499 530 546 604 610  ; 6 1 5 9 6 6 7 7 
314.4 ; 0.0001118 ; True ; 19 81 102 184 276 340 385 438 456 499 530 546 604 610 633  ; 6 1 6 8 6 5 6 9 
314.6 ; 0.0001123 ; True ; 19 81 157 276 340 385 438 469 499 530 546 604 610 633  ; 6 1 6 6 5 6 7 7 
323.3 ; 0.0001139 ; True ; 19 71 157 276 340 385 438 469 499 530 546 604 610 633  ; 6 1 6 7 5 6 7 7 
328 ; 0.0001148 ; True ; 19 71 81 276 340 385 438 469 499 530 546 562 604 610 633  ; 6 1 5 7 6 6 8 7 
329.9 ; 0.000117 ; True ; 19 71 81 276 340 385 456 499 530 546 604 610 614 633  ; 5 1 6 7 6 6 7 7 
333.3 ; 0.0001177 ; True ; 19 71 81 157 276 340 385 438 469 499 530 546 610 633  ; 5 1 6 6 6 7 7 6 
333.6 ; 0.0001181 ; True ; 19 81 157 276 340 385 456 491 499 530 546 604 610 633  ; 6 1 7 7 5 6 6 7 
334.2 ; 0.0001255 ; True ; 19 71 81 274 276 340 385 438 469 499 530 546 604 610 633  ; 5 1 6 7 6 6 8 7 
348 ; 0.0001259 ; True ; 19 71 102 276 340 378 385 456 491 499 530 546 604 610 633  ; 7 1 6 9 6 6 6 8 
349.9 ; 0.0001326 ; True ; 19 81 157 276 340 385 438 456 469 499 530 546 604 610 633  ; 6 1 7 6 5 6 7 8 
365.1 ; 0.0001328 ; True ; 19 71 81 157 276 340 378 385 499 530 604 610 614 633  ; 6 1 6 6 6 7 7 7 
366.7 ; 0.0001347 ; True ; 19 71 81 157 276 340 385 499 530 546 604 610 614 633  ; 6 1 6 7 6 7 7 7 
369.5 ; 0.0001482 ; True ; 19 71 81 274 276 340 385 438 456 469 499 530 546 604 610 633  ; 5 1 7 7 6 6 8 8 
382.2 ; 0.0001489 ; True ; 19 71 81 274 276 311 340 385 438 469 499 530 546 604 610 633  ; 6 1 6 7 7 6 8 8 
397.6 ; 0.0001538 ; True ; 19 71 81 157 276 340 385 438 491 499 530 546 604 610 633  ; 6 1 7 8 6 7 7 7 
413.7 ; 0.0001556 ; True ; 19 71 81 157 234 276 340 385 438 499 530 546 610 614 633  ; 6 1 7 7 7 7 6 8 
414.3 ; 0.0001568 ; True ; 19 71 81 157 276 340 385 438 499 530 604 610 614 633 638  ; 6 1 7 6 6 7 7 8 
416.7 ; 0.0001591 ; True ; 19 71 81 157 164 276 340 385 438 499 530 604 610 614 633  ; 6 1 7 7 6 7 7 8 
429.4 ; 0.0001604 ; True ; 19 71 81 88 157 234 276 340 385 499 530 604 610 614 633  ; 6 1 7 8 6 7 7 8 
434.2 ; 0.0001619 ; True ; 19 71 81 157 276 340 385 491 499 530 604 610 614 633 638  ; 6 1 7 7 6 8 7 7 
434.3 ; 0.0001643 ; True ; 19 71 81 164 234 276 323 340 385 438 499 530 534 604 610 633  ; 6 1 7 8 7 7 7 7 
438.8 ; 0.0001725 ; True ; 19 81 157 184 274 276 340 385 438 456 469 499 530 546 604 610 633  ; 6 1 8 7 6 6 7 10 
450.2 ; 0.0001779 ; True ; 19 71 81 157 276 340 378 385 438 469 499 530 546 610 614 633  ; 6 1 7 6 7 8 7 8 
464.5 ; 0.0001821 ; True ; 0 19 71 81 157 158 276 340 385 438 499 530 604 610 614 633  ; 6 1 8 7 6 7 7 9 
470 ; 0.0001845 ; True ; 19 71 81 157 234 276 340 385 456 499 530 546 604 610 614 633  ; 7 1 7 8 7 7 7 9 
479.2 ; 0.0001874 ; True ; 19 71 81 157 276 340 385 438 491 499 530 604 610 614 633 638  ; 6 1 8 7 6 8 7 8 
481.4 ; 0.0001889 ; True ; 19 71 81 157 234 276 340 385 456 491 499 530 604 610 614 633  ; 6 1 8 8 6 8 7 8 
496.1 ; 0.0001952 ; True ; 19 71 81 157 276 340 382 385 438 456 499 530 546 604 610 614 633  ; 6 1 8 7 6 7 8 9 
519.1 ; 0.0002002 ; True ; 19 71 81 157 164 258 276 340 385 438 469 499 530 546 610 614 633  ; 6 1 8 7 7 8 7 8 
567.6 ; 0.0002023 ; True ; 19 71 81 157 206 234 276 340 385 399 489 499 530 546 610 614 633  ; 8 1 7 10 9 7 7 8 


RUN 6:
Optimum Distance: 11.84
Optimal Team: 19,276,499,
Required Skills: 0 1 4 9 10 18 23 24 
Distance; Skill Score; isValid; Team; Skill Counts
11.84 ; 2.368e-08 ; True ; 19 276 499  ; 1 1 1 2 1 1 1 1 
14.81 ; 2.763e-08 ; True ; 71 157 276  ; 1 1 1 1 1 2 1 1 
18.71 ; 9.024e-08 ; True ; 19 276 409 499  ; 1 1 1 3 2 1 1 2 
19.62 ; 9.05e-08 ; True ; 19 233 276 499  ; 2 1 1 3 1 1 2 1 
19.78 ; 1.453e-07 ; True ; 19 276 499 530  ; 1 1 2 2 2 1 1 2 
20.64 ; 1.547e-07 ; True ; 19 276 499 546  ; 2 1 1 3 2 1 1 2 
20.73 ; 1.599e-07 ; True ; 19 276 499 604  ; 2 1 1 3 1 1 2 2 
23.43 ; 1.652e-07 ; True ; 19 276 499 610  ; 2 1 1 3 1 2 2 1 
23.55 ; 1.727e-07 ; True ; 19 276 385 610  ; 1 1 1 3 2 2 2 1 
24.7 ; 2.346e-07 ; True ; 71 157 158 276  ; 2 1 1 2 2 2 1 2 
27.61 ; 2.425e-07 ; True ; 276 340 409 469 499  ; 2 1 1 2 1 2 2 2 
27.62 ; 3.147e-07 ; True ; 19 276 409 499 530  ; 1 1 2 3 3 1 1 3 
28.52 ; 3.995e-07 ; True ; 19 276 340 409 499  ; 2 1 2 3 2 1 1 3 
29.51 ; 4.699e-07 ; True ; 19 276 340 469 499  ; 2 1 2 2 1 2 2 2 
30.39 ; 5.554e-07 ; True ; 19 233 276 499 530  ; 2 1 2 3 2 1 2 2 
31.61 ; 7.403e-07 ; True ; 19 276 499 530 604  ; 2 1 2 3 2 1 2 3 
34.28 ; 1.014e-06 ; True ; 19 276 499 530 610  ; 2 1 2 3 2 2 2 2 
39.31 ; 1.351e-06 ; True ; 19 276 340 409 469 499  ; 2 1 2 3 2 2 2 3 
41.47 ; 1.48e-06 ; True ; 19 133 276 499 530 604  ; 2 1 2 4 2 2 2 3 
42.25 ; 1.753e-06 ; True ; 19 276 340 469 499 546  ; 3 1 2 3 2 2 2 3 
43.31 ; 1.824e-06 ; True ; 19 276 469 499 530 546  ; 2 1 2 3 3 2 2 3 
44.31 ; 1.882e-06 ; True ; 19 276 469 499 530 604  ; 2 1 2 3 2 2 3 3 
44.99 ; 1.998e-06 ; True ; 19 276 409 499 530 610  ; 2 1 2 4 3 2 2 3 
47.2 ; 2.288e-06 ; True ; 19 102 276 499 530 604  ; 3 1 2 4 2 2 2 4 
47.94 ; 2.548e-06 ; True ; 19 276 340 499 530 610  ; 3 1 3 3 2 2 2 3 
48.69 ; 2.593e-06 ; True ; 19 276 499 530 546 610  ; 3 1 2 4 3 2 2 3 
49.05 ; 2.674e-06 ; True ; 19 276 499 530 604 610  ; 3 1 2 4 2 2 3 3 
52.37 ; 2.783e-06 ; True ; 19 276 385 499 530 604  ; 2 1 2 4 3 2 3 3 
53.06 ; 3.16e-06 ; True ; 19 276 340 409 469 499 530  ; 2 1 3 3 3 2 2 4 
54.11 ; 3.187e-06 ; True ; 19 276 340 409 469 499 604  ; 3 1 2 4 2 2 3 4 
55.01 ; 3.26e-06 ; True ; 19 110 276 340 469 499 530  ; 2 1 3 3 2 2 3 4 
55.2 ; 3.326e-06 ; True ; 19 133 276 340 499 530 604  ; 3 1 3 4 2 2 2 4 
56.58 ; 3.549e-06 ; True ; 19 233 276 340 469 499 530  ; 3 1 3 3 2 2 3 3 
57.03 ; 4.1e-06 ; True ; 19 276 340 469 499 530 546  ; 3 1 3 3 3 2 2 4 
58.04 ; 4.229e-06 ; True ; 19 276 340 469 499 530 604  ; 3 1 3 3 2 2 3 4 
59.65 ; 4.491e-06 ; True ; 19 276 340 409 499 530 610  ; 3 1 3 4 3 2 2 4 
61.76 ; 4.514e-06 ; True ; 19 276 409 499 530 604 610  ; 3 1 2 5 3 2 3 4 
62.6 ; 4.873e-06 ; True ; 19 276 340 469 499 530 610  ; 3 1 3 3 2 3 3 3 
64.32 ; 5.226e-06 ; True ; 19 276 340 499 530 546 610  ; 4 1 3 4 3 2 2 4 
64.69 ; 5.391e-06 ; True ; 19 276 340 499 530 604 610  ; 4 1 3 4 2 2 3 4 
66.79 ; 5.416e-06 ; True ; 19 110 276 340 409 469 499 530  ; 2 1 3 4 3 2 3 5 
67.08 ; 5.71e-06 ; True ; 19 81 276 340 499 530 604  ; 3 1 3 3 3 2 3 4 
68.09 ; 6.255e-06 ; True ; 19 276 340 385 499 530 604  ; 3 1 3 4 3 2 3 4 
69.71 ; 7.206e-06 ; True ; 19 276 340 385 499 530 610  ; 3 1 3 4 3 3 3 3 
73.32 ; 7.279e-06 ; True ; 19 233 276 340 469 499 530 546  ; 4 1 3 4 3 2 3 4 
75.76 ; 8.177e-06 ; True ; 19 276 340 469 499 530 546 604  ; 4 1 3 4 3 2 3 5 
76.25 ; 8.587e-06 ; True ; 19 276 340 409 469 499 530 610  ; 3 1 3 4 3 3 3 4 
80.96 ; 9.993e-06 ; True ; 19 276 340 469 499 530 546 610  ; 4 1 3 4 3 3 3 4 
84.45 ; 1.035e-05 ; True ; 19 276 340 385 469 499 530 546  ; 3 1 3 4 4 3 3 4 
85.35 ; 1.086e-05 ; True ; 19 276 340 385 409 499 530 610  ; 3 1 3 5 4 3 3 4 
86.3 ; 1.11e-05 ; True ; 19 276 340 385 438 499 530 610  ; 3 1 4 4 3 3 3 4 
87.36 ; 1.118e-05 ; True ; 19 110 276 340 385 499 530 610  ; 3 1 3 5 3 3 4 4 
89.82 ; 1.264e-05 ; True ; 19 276 340 385 499 530 546 610  ; 4 1 3 5 4 3 3 4 
90.42 ; 1.301e-05 ; True ; 19 276 340 385 499 530 604 610  ; 4 1 3 5 3 3 4 4 
96.56 ; 1.42e-05 ; True ; 19 276 340 409 469 499 530 546 610  ; 4 1 3 5 4 3 3 5 
96.94 ; 1.461e-05 ; True ; 19 276 340 409 469 499 530 604 610  ; 4 1 3 5 3 3 4 5 
102 ; 1.503e-05 ; True ; 19 276 340 385 438 469 499 530 546  ; 3 1 4 4 4 3 3 5 
102.1 ; 1.514e-05 ; True ; 19 110 276 340 385 469 499 530 546  ; 3 1 3 5 4 3 4 5 
102.6 ; 1.608e-05 ; True ; 19 276 340 469 499 530 546 604 610  ; 5 1 3 5 3 3 4 5 
104.9 ; 1.623e-05 ; True ; 19 110 276 340 385 438 499 530 610  ; 3 1 4 5 3 3 4 5 
105.4 ; 1.679e-05 ; True ; 19 81 276 340 469 499 530 546 604  ; 4 1 3 4 4 3 4 5 
105.9 ; 1.686e-05 ; True ; 19 276 340 385 438 469 499 530 610  ; 3 1 4 4 3 4 4 4 
107.1 ; 1.761e-05 ; True ; 19 276 340 385 469 499 530 546 604  ; 4 1 3 5 4 3 4 5 
108 ; 1.808e-05 ; True ; 19 276 340 385 409 499 530 604 610  ; 4 1 3 6 4 3 4 5 
108.4 ; 1.835e-05 ; True ; 19 276 340 385 438 499 530 546 610  ; 4 1 4 5 4 3 3 5 
109 ; 1.889e-05 ; True ; 19 276 340 385 438 499 530 604 610  ; 4 1 4 5 3 3 4 5 
110.4 ; 1.919e-05 ; True ; 19 276 340 385 469 499 530 546 610  ; 4 1 3 5 4 4 4 4 
113.5 ; 1.989e-05 ; True ; 19 276 340 385 499 530 546 604 610  ; 5 1 3 6 4 3 4 5 
114.9 ; 2.027e-05 ; True ; 19 276 340 385 499 530 546 610 633  ; 4 1 4 5 4 3 4 4 
115.5 ; 2.048e-05 ; True ; 19 276 340 409 438 469 499 530 604 610  ; 4 1 4 5 3 3 4 6 
118.4 ; 2.058e-05 ; True ; 19 102 276 340 385 499 530 610 633  ; 4 1 4 5 3 4 4 4 
119.5 ; 2.078e-05 ; True ; 19 233 276 340 438 469 499 530 546 610  ; 5 1 4 5 3 3 4 5 
120.2 ; 2.157e-05 ; True ; 19 276 340 409 469 499 530 546 604 610  ; 5 1 3 6 4 3 4 6 
121.2 ; 2.253e-05 ; True ; 19 276 340 438 469 499 530 546 604 610  ; 5 1 4 5 3 3 4 6 
123.1 ; 2.277e-05 ; True ; 19 233 276 340 385 438 469 499 530 546  ; 4 1 4 5 4 3 4 5 
125 ; 2.353e-05 ; True ; 19 81 276 340 438 469 499 530 546 604  ; 4 1 4 4 4 3 4 6 
125.4 ; 2.395e-05 ; True ; 19 276 340 385 409 438 469 499 530 610  ; 3 1 4 5 4 4 4 5 
126.7 ; 2.468e-05 ; True ; 19 276 340 385 438 469 499 530 546 604  ; 4 1 4 5 4 3 4 6 
128.6 ; 2.534e-05 ; True ; 19 276 340 385 409 438 499 530 604 610  ; 4 1 4 6 4 3 4 6 
129.9 ; 2.787e-05 ; True ; 19 276 340 385 438 469 499 530 546 610  ; 4 1 4 5 4 4 4 5 
134.1 ; 2.788e-05 ; True ; 19 276 340 385 438 499 530 546 604 610  ; 5 1 4 6 4 3 4 6 
136 ; 2.838e-05 ; True ; 19 276 340 385 469 499 530 546 604 610  ; 5 1 3 6 4 4 5 5 
138.3 ; 2.891e-05 ; True ; 19 276 340 385 469 499 530 546 610 633  ; 4 1 4 5 4 4 5 4 
140.6 ; 2.997e-05 ; True ; 19 276 340 385 499 530 546 604 610 633  ; 5 1 4 6 4 3 5 5 
142.1 ; 3.043e-05 ; True ; 19 102 276 340 385 499 530 604 610 633  ; 5 1 4 6 3 4 5 5 
143.9 ; 3.163e-05 ; True ; 19 81 276 340 385 438 499 530 546 610  ; 4 1 4 5 5 4 4 5 
144.5 ; 3.248e-05 ; True ; 19 81 276 340 385 438 499 530 604 610  ; 4 1 4 5 4 4 5 5 
149.3 ; 3.334e-05 ; True ; 19 71 276 340 385 438 499 530 604 610  ; 4 1 4 6 4 4 5 5 
151.4 ; 3.52e-05 ; True ; 19 276 340 385 409 438 469 499 530 546 610  ; 4 1 4 6 5 4 4 6 
151.5 ; 3.614e-05 ; True ; 19 110 276 340 385 438 469 499 530 546 610  ; 4 1 4 6 4 4 5 6 
157.5 ; 3.978e-05 ; True ; 19 276 340 385 438 469 499 530 546 604 610  ; 5 1 4 6 4 4 5 6 
164.2 ; 3.997e-05 ; True ; 19 81 276 340 385 438 469 499 530 546 604  ; 4 1 4 5 5 4 5 6 
165.6 ; 4.035e-05 ; True ; 19 102 276 340 385 409 499 530 604 610 633  ; 5 1 4 7 4 4 5 6 
165.9 ; 4.113e-05 ; True ; 19 276 340 385 469 499 530 546 604 610 633  ; 5 1 4 6 4 4 6 5 
167.5 ; 4.157e-05 ; True ; 19 81 276 340 385 438 456 499 530 546 610  ; 4 1 5 5 5 4 4 6 
168.1 ; 4.269e-05 ; True ; 19 81 276 340 385 438 456 499 530 604 610  ; 4 1 5 5 4 4 5 6 
171.8 ; 4.298e-05 ; True ; 19 102 276 340 385 499 530 546 604 610 633  ; 6 1 4 7 4 4 5 6 
173.5 ; 4.515e-05 ; True ; 19 81 276 340 385 438 499 530 546 604 610  ; 5 1 4 6 5 4 5 6 
177.7 ; 4.578e-05 ; True ; 19 81 102 276 340 385 438 499 530 604 610  ; 5 1 4 6 4 5 5 6 
179.3 ; 4.58e-05 ; True ; 19 71 276 340 385 438 499 530 546 604 610  ; 5 1 4 7 5 4 5 6 
180.1 ; 4.668e-05 ; True ; 19 81 276 340 385 499 530 546 604 610 633  ; 5 1 4 6 5 4 6 5 
181.1 ; 5.109e-05 ; True ; 19 276 340 385 438 456 469 499 530 546 604 610  ; 5 1 5 6 4 4 5 7 
190.3 ; 5.406e-05 ; True ; 19 276 340 385 438 469 499 530 546 604 610 633  ; 5 1 5 6 4 4 6 6 
196.1 ; 5.432e-05 ; True ; 19 81 276 340 385 456 469 499 530 546 604 633  ; 4 1 5 5 5 4 6 6 
196.8 ; 5.55e-05 ; True ; 19 102 276 340 385 438 469 499 530 546 610 633  ; 5 1 5 6 4 5 5 6 
199.1 ; 5.799e-05 ; True ; 19 81 276 340 385 438 456 499 530 546 604 610  ; 5 1 5 6 5 4 5 7 
200 ; 5.826e-05 ; True ; 19 81 276 340 385 438 469 499 530 546 604 610  ; 5 1 4 6 5 5 6 6 
204.2 ; 5.881e-05 ; True ; 19 81 102 276 340 385 438 456 499 530 604 610  ; 5 1 5 6 4 5 5 7 
205.9 ; 5.883e-05 ; True ; 19 71 276 340 385 438 456 499 530 546 604 610  ; 5 1 5 7 5 4 5 7 
206 ; 5.978e-05 ; True ; 19 64 81 276 340 385 438 499 530 604 610 633  ; 5 1 5 5 5 4 6 6 
206.4 ; 6.135e-05 ; True ; 19 81 276 340 385 438 499 530 546 604 610 633  ; 5 1 5 6 5 4 6 6 
209.8 ; 6.222e-05 ; True ; 19 81 102 276 340 385 438 499 530 604 610 633  ; 5 1 5 6 4 5 6 6 
212.9 ; 6.299e-05 ; True ; 19 81 102 276 340 385 438 499 530 546 610 633  ; 5 1 5 6 5 5 5 6 
216.6 ; 6.312e-05 ; True ; 19 71 102 276 340 385 438 499 530 604 610 633  ; 5 1 5 7 4 5 6 6 
217.4 ; 6.417e-05 ; True ; 19 71 81 276 340 385 438 456 499 530 604 610  ; 4 1 5 6 5 5 6 6 
219.2 ; 6.501e-05 ; True ; 19 276 340 378 385 409 438 469 499 530 604 610 633  ; 5 1 5 6 5 4 6 7 
221.9 ; 6.513e-05 ; True ; 19 64 81 276 340 385 491 499 530 604 610 633  ; 5 1 5 6 5 5 6 5 
223.9 ; 6.701e-05 ; True ; 19 81 233 276 340 385 438 469 499 530 546 604 633  ; 5 1 5 6 5 4 7 6 
227.3 ; 7.125e-05 ; True ; 19 102 276 340 385 438 469 499 530 546 604 610 633  ; 6 1 5 7 4 5 6 7 
232.6 ; 7.307e-05 ; True ; 19 81 102 276 340 385 438 456 469 499 530 604 610  ; 5 1 5 6 4 6 6 7 
234.8 ; 7.568e-05 ; True ; 19 81 276 340 385 438 456 499 530 546 604 610 633  ; 5 1 6 6 5 4 6 7 
235.7 ; 7.713e-05 ; True ; 19 81 276 340 385 438 469 499 530 546 604 610 633  ; 5 1 5 6 5 5 7 6 
243.1 ; 7.827e-05 ; True ; 19 81 102 276 340 385 438 469 499 530 546 610 633  ; 5 1 5 6 5 6 6 6 
245 ; 7.971e-05 ; True ; 19 81 102 276 340 378 385 438 499 530 604 610 633  ; 6 1 5 6 5 5 6 7 
245.5 ; 8.087e-05 ; True ; 19 81 102 276 340 385 438 499 530 546 604 610 633  ; 6 1 5 7 5 5 6 7 
253.2 ; 8.221e-05 ; True ; 19 64 81 276 340 385 456 491 499 530 604 610 633  ; 5 1 6 6 5 5 6 6 
253.3 ; 8.307e-05 ; True ; 19 71 81 276 340 385 438 456 499 530 546 604 610  ; 5 1 5 7 6 5 6 7 
258.4 ; 8.414e-05 ; True ; 19 71 81 102 276 340 385 438 456 499 530 604 610  ; 5 1 5 7 5 6 6 7 
261.1 ; 8.44e-05 ; True ; 19 64 71 81 276 340 385 438 499 530 604 610 633  ; 5 1 5 6 6 5 7 6 
261.6 ; 8.562e-05 ; True ; 19 71 81 276 340 385 438 499 530 546 604 610 633  ; 5 1 5 7 6 5 7 6 
264.9 ; 8.672e-05 ; True ; 19 71 81 102 276 340 385 438 499 530 604 610 633  ; 5 1 5 7 5 6 7 6 
265 ; 8.888e-05 ; True ; 19 81 110 276 340 385 438 469 499 530 546 604 610 633  ; 5 1 5 7 5 5 8 7 
265.1 ; 9.514e-05 ; True ; 19 81 276 340 385 438 456 469 499 530 546 604 610 633  ; 5 1 6 6 5 5 7 7 
276.8 ; 9.82e-05 ; True ; 19 81 102 276 340 385 438 456 499 530 546 604 610 633  ; 6 1 6 7 5 5 6 8 
286.6 ; 9.825e-05 ; True ; 19 71 81 276 340 346 385 438 456 499 530 604 610 633  ; 5 1 6 6 6 5 7 6 
290.1 ; 9.863e-05 ; True ; 19 81 276 340 385 438 456 499 530 546 573 604 610 633  ; 5 1 7 6 5 5 6 7 
290.6 ; 9.929e-05 ; True ; 19 71 81 102 276 340 385 438 456 469 499 530 604 610  ; 5 1 5 7 5 7 7 7 
293.4 ; 0.0001009 ; True ; 19 71 81 102 276 340 385 438 456 499 530 546 604 633  ; 5 1 6 7 6 5 6 8 
294 ; 0.0001056 ; True ; 19 71 81 276 340 385 438 456 499 530 546 604 610 633  ; 5 1 6 7 6 5 7 7 
298.3 ; 0.000107 ; True ; 19 71 81 102 276 340 385 438 456 499 530 604 610 633  ; 5 1 6 7 5 6 7 7 
305 ; 0.0001071 ; True ; 19 71 81 102 276 340 378 385 438 499 530 604 610 633  ; 6 1 5 7 6 6 7 7 
305.3 ; 0.0001073 ; True ; 19 81 102 233 274 276 340 346 385 438 499 530 604 610 633  ; 7 1 6 7 5 5 7 7 
305.6 ; 0.000108 ; True ; 19 71 81 102 276 340 385 438 499 530 546 604 610 633  ; 6 1 5 8 6 6 7 7 
312.2 ; 0.000108 ; True ; 19 71 81 102 276 340 385 456 491 499 530 546 604 633  ; 5 1 6 8 6 6 6 7 
312.9 ; 0.0001105 ; True ; 19 71 81 276 340 385 456 499 530 534 546 604 610 633  ; 5 1 6 7 6 6 7 6 
315.6 ; 0.0001131 ; True ; 0 19 81 102 276 340 378 385 438 456 499 530 604 610 633  ; 6 1 7 6 5 5 6 9 
324 ; 0.0001144 ; True ; 19 71 81 274 276 340 346 385 438 469 499 530 546 604 610  ; 6 1 5 7 7 6 7 7 
328.1 ; 0.0001154 ; True ; 19 71 81 157 276 340 385 438 469 499 530 546 604 633  ; 5 1 6 6 6 6 7 7 
328.2 ; 0.0001174 ; True ; 19 81 121 158 276 340 385 438 456 469 499 530 604 610 633  ; 6 1 6 7 6 5 7 8 
331.5 ; 0.0001174 ; True ; 19 71 81 157 276 340 378 385 438 456 499 530 604 610  ; 6 1 6 6 6 6 6 8 
331.6 ; 0.0001232 ; True ; 19 81 102 276 311 340 385 438 456 491 499 530 604 610 633  ; 6 1 7 7 5 6 6 8 
333.3 ; 0.0001239 ; True ; 19 71 81 102 276 340 385 438 456 469 499 530 604 610 633  ; 5 1 6 7 5 7 8 7 
334.1 ; 0.0001247 ; True ; 0 19 71 81 276 340 385 438 456 499 530 546 604 610 633  ; 5 1 7 7 6 5 7 8 
340.9 ; 0.0001311 ; True ; 19 71 81 102 276 340 385 438 456 499 530 546 604 610 633  ; 6 1 6 8 6 6 7 8 
369.4 ; 0.0001334 ; True ; 19 71 81 102 276 340 385 399 456 491 499 530 546 610 633  ; 6 1 6 9 7 7 6 7 
369.7 ; 0.0001354 ; True ; 19 71 81 110 157 276 340 385 438 456 499 530 604 610 633  ; 5 1 7 7 5 6 8 8 
369.8 ; 0.0001382 ; True ; 19 71 81 110 157 276 340 385 438 456 499 530 546 610 633  ; 5 1 7 7 6 6 7 8 
374.6 ; 0.0001428 ; True ; 19 71 81 121 274 276 340 346 385 438 469 499 530 604 610 633  ; 6 1 6 7 7 6 8 7 
377.3 ; 0.0001451 ; True ; 19 71 81 157 276 340 378 385 438 456 499 530 604 610 633  ; 6 1 7 6 6 6 7 8 
382.3 ; 0.0001454 ; True ; 19 71 81 102 157 276 340 385 438 456 499 530 604 610 633  ; 6 1 7 7 5 7 7 8 
385.3 ; 0.0001457 ; True ; 19 71 81 102 157 276 340 385 438 456 499 530 546 610 633  ; 6 1 7 7 6 7 6 8 
387.3 ; 0.0001473 ; True ; 19 71 81 157 158 276 340 385 438 456 499 530 604 610 633  ; 6 1 7 7 6 6 7 8 
390.5 ; 0.0001479 ; True ; 19 71 81 102 157 276 340 385 438 499 530 546 604 610 633  ; 7 1 6 8 6 7 7 8 
399.2 ; 0.0001484 ; True ; 19 71 81 102 200 276 340 385 438 456 499 530 546 604 610 633  ; 6 1 7 8 6 6 7 8 
405.8 ; 0.0001503 ; True ; 19 71 81 157 158 276 340 385 438 456 499 530 604 610 614  ; 6 1 7 7 6 7 6 9 
406.7 ; 0.0001504 ; True ; 19 71 81 157 274 276 340 346 385 499 530 604 610 614 633  ; 6 1 7 6 6 7 7 7 
407.5 ; 0.0001508 ; True ; 19 71 81 102 112 276 311 340 385 438 456 499 530 604 610 633  ; 7 1 6 8 7 6 7 9 
408.9 ; 0.0001513 ; True ; 19 71 81 157 276 340 385 438 475 499 530 604 610 623 633  ; 6 1 7 7 6 6 8 7 
409.6 ; 0.0001573 ; True ; 19 71 81 121 276 340 346 385 438 456 499 530 604 610 614 633  ; 6 1 7 7 7 6 7 8 
410.1 ; 0.0001591 ; True ; 19 71 81 121 157 276 340 385 438 499 530 604 610 614 633  ; 6 1 7 7 6 7 7 8 
419 ; 0.0001606 ; True ; 19 71 81 110 157 276 340 385 456 469 499 530 546 604 610 633  ; 6 1 6 8 6 7 9 8 
436.8 ; 0.0001619 ; True ; 19 71 81 102 157 276 280 340 385 475 499 530 610 614 633  ; 6 1 7 7 6 8 7 7 
437.1 ; 0.0001694 ; True ; 19 71 81 157 276 340 378 385 438 456 499 530 604 610 623 633  ; 7 1 7 7 7 6 7 9 
445.3 ; 0.0001713 ; True ; 19 71 81 157 276 340 385 399 409 438 499 530 534 604 610 633  ; 6 1 7 8 7 7 7 8 
452.2 ; 0.0001719 ; True ; 19 71 81 110 157 276 340 385 410 438 499 530 604 610 623 633  ; 6 1 7 8 6 7 8 8 
469.4 ; 0.0001777 ; True ; 19 71 72 81 102 157 276 340 385 410 456 499 530 604 610 633  ; 7 1 7 8 6 8 7 8 
469.7 ; 0.0001788 ; True ; 19 71 81 121 157 276 340 385 398 438 499 530 604 610 614 633  ; 7 1 7 8 7 7 7 8 
489.7 ; 0.0001829 ; True ; 19 71 81 157 206 276 340 385 456 499 525 530 604 610 614 633  ; 6 1 8 8 6 7 8 7 
490.7 ; 0.0001898 ; True ; 19 71 81 121 157 276 340 385 410 499 530 604 610 614 623 633  ; 7 1 7 8 7 8 7 8 
502.8 ; 0.0001908 ; True ; 19 71 81 110 157 276 385 438 456 491 499 530 546 604 610 623 633  ; 6 1 7 10 7 7 8 9 
522.8 ; 0.0002014 ; True ; 19 71 81 90 102 157 276 280 340 385 438 499 530 604 610 614 633  ; 7 1 7 9 7 8 7 10 
545.7 ; 0.0002039 ; True ; 19 71 81 157 206 233 257 276 340 385 456 472 499 530 534 610 633  ; 7 1 8 8 7 7 8 7 
562.1 ; 0.0002205 ; True ; 19 71 81 157 158 206 276 340 385 399 456 499 530 534 610 614 633  ; 6 1 9 8 7 8 7 8 


RUN 7:
Optimum Distance: 11.84
Optimal Team: 19,276,499,
Required Skills: 0 1 4 9 10 18 23 24 
Distance; Skill Score; isValid; Team; Skill Counts
11.84 ; 2.368e-08 ; True ; 19 276 499  ; 1 1 1 2 1 1 1 1 
14.82 ; 2.763e-08 ; True ; 71 157 276  ; 1 1 1 1 1 2 1 1 
16.78 ; 7.172e-08 ; True ; 102 121 276 633  ; 2 1 1 2 1 1 1 2 
18.71 ; 9.024e-08 ; True ; 19 276 409 499  ; 1 1 1 3 2 1 1 2 
19.62 ; 9.05e-08 ; True ; 19 233 276 499  ; 2 1 1 3 1 1 2 1 
19.78 ; 1.453e-07 ; True ; 19 276 499 530  ; 1 1 2 2 2 1 1 2 
20.64 ; 1.547e-07 ; True ; 19 276 499 546  ; 2 1 1 3 2 1 1 2 
20.73 ; 1.599e-07 ; True ; 19 276 499 604  ; 2 1 1 3 1 1 2 2 
23.43 ; 1.652e-07 ; True ; 19 276 499 610  ; 2 1 1 3 1 2 2 1 
23.55 ; 1.727e-07 ; True ; 19 276 385 610  ; 1 1 1 3 2 2 2 1 
25.68 ; 2.766e-07 ; True ; 102 121 276 604 633  ; 3 1 1 3 1 1 2 3 
27.62 ; 3.147e-07 ; True ; 19 276 409 499 530  ; 1 1 2 3 3 1 1 3 
28.52 ; 3.995e-07 ; True ; 19 276 340 409 499  ; 2 1 2 3 2 1 1 3 
29.51 ; 4.699e-07 ; True ; 19 276 340 469 499  ; 2 1 2 2 1 2 2 2 
30.39 ; 5.554e-07 ; True ; 19 233 276 499 530  ; 2 1 2 3 2 1 2 2 
31.61 ; 7.403e-07 ; True ; 19 276 499 530 604  ; 2 1 2 3 2 1 2 3 
34.28 ; 1.014e-06 ; True ; 19 276 499 530 610  ; 2 1 2 3 2 2 2 2 
39.31 ; 1.351e-06 ; True ; 19 276 340 409 469 499  ; 2 1 2 3 2 2 2 3 
41.47 ; 1.48e-06 ; True ; 19 133 276 499 530 604  ; 2 1 2 4 2 2 2 3 
42.25 ; 1.753e-06 ; True ; 19 276 340 469 499 546  ; 3 1 2 3 2 2 2 3 
43.31 ; 1.824e-06 ; True ; 19 276 469 499 530 546  ; 2 1 2 3 3 2 2 3 
44.31 ; 1.882e-06 ; True ; 19 276 469 499 530 604  ; 2 1 2 3 2 2 3 3 
44.99 ; 1.998e-06 ; True ; 19 276 409 499 530 610  ; 2 1 2 4 3 2 2 3 
47.2 ; 2.288e-06 ; True ; 19 102 276 499 530 604  ; 3 1 2 4 2 2 2 4 
47.94 ; 2.548e-06 ; True ; 19 276 340 499 530 610  ; 3 1 3 3 2 2 2 3 
48.69 ; 2.593e-06 ; True ; 19 276 499 530 546 610  ; 3 1 2 4 3 2 2 3 
49.05 ; 2.674e-06 ; True ; 19 276 499 530 604 610  ; 3 1 2 4 2 2 3 3 
52.37 ; 2.783e-06 ; True ; 19 276 385 499 530 604  ; 2 1 2 4 3 2 3 3 
53.06 ; 3.16e-06 ; True ; 19 276 340 409 469 499 530  ; 2 1 3 3 3 2 2 4 
54.11 ; 3.187e-06 ; True ; 19 276 340 409 469 499 604  ; 3 1 2 4 2 2 3 4 
55.01 ; 3.26e-06 ; True ; 19 110 276 340 469 499 530  ; 2 1 3 3 2 2 3 4 
55.2 ; 3.326e-06 ; True ; 19 133 276 340 499 530 604  ; 3 1 3 4 2 2 2 4 
56.58 ; 3.549e-06 ; True ; 19 233 276 340 469 499 530  ; 3 1 3 3 2 2 3 3 
57.03 ; 4.1e-06 ; True ; 19 276 340 469 499 530 546  ; 3 1 3 3 3 2 2 4 
58.04 ; 4.229e-06 ; True ; 19 276 340 469 499 530 604  ; 3 1 3 3 2 2 3 4 
59.65 ; 4.491e-06 ; True ; 19 276 340 409 499 530 610  ; 3 1 3 4 3 2 2 4 
61.76 ; 4.514e-06 ; True ; 19 276 409 499 530 604 610  ; 3 1 2 5 3 2 3 4 
62.6 ; 4.873e-06 ; True ; 19 276 340 469 499 530 610  ; 3 1 3 3 2 3 3 3 
64.32 ; 5.226e-06 ; True ; 19 276 340 499 530 546 610  ; 4 1 3 4 3 2 2 4 
64.69 ; 5.391e-06 ; True ; 19 276 340 499 530 604 610  ; 4 1 3 4 2 2 3 4 
66.81 ; 5.414e-06 ; True ; 19 276 340 385 499 530 546  ; 3 1 3 4 4 2 2 4 
67.08 ; 5.71e-06 ; True ; 19 81 276 340 499 530 604  ; 3 1 3 3 3 2 3 4 
68.09 ; 6.255e-06 ; True ; 19 276 340 385 499 530 604  ; 3 1 3 4 3 2 3 4 
69.71 ; 7.206e-06 ; True ; 19 276 340 385 499 530 610  ; 3 1 3 4 3 3 3 3 
73.32 ; 7.279e-06 ; True ; 19 233 276 340 469 499 530 546  ; 4 1 3 4 3 2 3 4 
75.76 ; 8.177e-06 ; True ; 19 276 340 469 499 530 546 604  ; 4 1 3 4 3 2 3 5 
76.25 ; 8.587e-06 ; True ; 19 276 340 409 469 499 530 610  ; 3 1 3 4 3 3 3 4 
80.96 ; 9.993e-06 ; True ; 19 276 340 469 499 530 546 610  ; 4 1 3 4 3 3 3 4 
84.45 ; 1.035e-05 ; True ; 19 276 340 385 469 499 530 546  ; 3 1 3 4 4 3 3 4 
85.35 ; 1.086e-05 ; True ; 19 276 340 385 409 499 530 610  ; 3 1 3 5 4 3 3 4 
86.3 ; 1.11e-05 ; True ; 19 276 340 385 438 499 530 610  ; 3 1 4 4 3 3 3 4 
87.36 ; 1.118e-05 ; True ; 19 110 276 340 385 499 530 610  ; 3 1 3 5 3 3 4 4 
89.82 ; 1.264e-05 ; True ; 19 276 340 385 499 530 546 610  ; 4 1 3 5 4 3 3 4 
90.42 ; 1.301e-05 ; True ; 19 276 340 385 499 530 604 610  ; 4 1 3 5 3 3 4 4 
96.57 ; 1.42e-05 ; True ; 19 276 340 409 469 499 530 546 610  ; 4 1 3 5 4 3 3 5 
96.94 ; 1.461e-05 ; True ; 19 276 340 409 469 499 530 604 610  ; 4 1 3 5 3 3 4 5 
102 ; 1.503e-05 ; True ; 19 276 340 385 438 469 499 530 546  ; 3 1 4 4 4 3 3 5 
102.1 ; 1.514e-05 ; True ; 19 110 276 340 385 469 499 530 546  ; 3 1 3 5 4 3 4 5 
102.6 ; 1.608e-05 ; True ; 19 276 340 469 499 530 546 604 610  ; 5 1 3 5 3 3 4 5 
104.9 ; 1.623e-05 ; True ; 19 110 276 340 385 438 499 530 610  ; 3 1 4 5 3 3 4 5 
105.4 ; 1.679e-05 ; True ; 19 81 276 340 469 499 530 546 604  ; 4 1 3 4 4 3 4 5 
105.9 ; 1.686e-05 ; True ; 19 276 340 385 438 469 499 530 610  ; 3 1 4 4 3 4 4 4 
107.1 ; 1.761e-05 ; True ; 19 276 340 385 469 499 530 546 604  ; 4 1 3 5 4 3 4 5 
108 ; 1.808e-05 ; True ; 19 276 340 385 409 499 530 604 610  ; 4 1 3 6 4 3 4 5 
108.4 ; 1.835e-05 ; True ; 19 276 340 385 438 499 530 546 610  ; 4 1 4 5 4 3 3 5 
109 ; 1.889e-05 ; True ; 19 276 340 385 438 499 530 604 610  ; 4 1 4 5 3 3 4 5 
110.4 ; 1.919e-05 ; True ; 19 276 340 385 469 499 530 546 610  ; 4 1 3 5 4 4 4 4 
113.5 ; 1.989e-05 ; True ; 19 276 340 385 499 530 546 604 610  ; 5 1 3 6 4 3 4 5 
114.9 ; 2.027e-05 ; True ; 19 276 340 385 499 530 546 610 633  ; 4 1 4 5 4 3 4 4 
115.5 ; 2.048e-05 ; True ; 19 276 340 409 438 469 499 530 604 610  ; 4 1 4 5 3 3 4 6 
118.4 ; 2.058e-05 ; True ; 19 102 276 340 385 499 530 610 633  ; 4 1 4 5 3 4 4 4 
119.5 ; 2.078e-05 ; True ; 19 233 276 340 438 469 499 530 546 610  ; 5 1 4 5 3 3 4 5 
120.2 ; 2.157e-05 ; True ; 19 276 340 409 469 499 530 546 604 610  ; 5 1 3 6 4 3 4 6 
121.2 ; 2.253e-05 ; True ; 19 276 340 438 469 499 530 546 604 610  ; 5 1 4 5 3 3 4 6 
124.5 ; 2.277e-05 ; True ; 19 276 340 409 469 499 530 546 610 633  ; 4 1 4 5 4 3 4 5 
125 ; 2.353e-05 ; True ; 19 81 276 340 438 469 499 530 546 604  ; 4 1 4 4 4 3 4 6 
125.4 ; 2.365e-05 ; True ; 19 276 340 346 385 438 469 499 530 610  ; 4 1 4 4 4 4 4 4 
125.4 ; 2.395e-05 ; True ; 19 276 340 385 409 438 469 499 530 610  ; 3 1 4 5 4 4 4 5 
126.7 ; 2.468e-05 ; True ; 19 276 340 385 438 469 499 530 546 604  ; 4 1 4 5 4 3 4 6 
128.6 ; 2.534e-05 ; True ; 19 276 340 385 409 438 499 530 604 610  ; 4 1 4 6 4 3 4 6 
129.9 ; 2.787e-05 ; True ; 19 276 340 385 438 469 499 530 546 610  ; 4 1 4 5 4 4 4 5 
134.1 ; 2.788e-05 ; True ; 19 276 340 385 438 499 530 546 604 610  ; 5 1 4 6 4 3 4 6 
136 ; 2.838e-05 ; True ; 19 276 340 385 469 499 530 546 604 610  ; 5 1 3 6 4 4 5 5 
138.3 ; 2.891e-05 ; True ; 19 276 340 385 469 499 530 546 610 633  ; 4 1 4 5 4 4 5 4 
140.6 ; 2.997e-05 ; True ; 19 276 340 385 499 530 546 604 610 633  ; 5 1 4 6 4 3 5 5 
142.1 ; 3.043e-05 ; True ; 19 102 276 340 385 499 530 604 610 633  ; 5 1 4 6 3 4 5 5 
143.9 ; 3.163e-05 ; True ; 19 81 276 340 385 438 499 530 546 610  ; 4 1 4 5 5 4 4 5 
144.5 ; 3.248e-05 ; True ; 19 81 276 340 385 438 499 530 604 610  ; 4 1 4 5 4 4 5 5 
149.3 ; 3.334e-05 ; True ; 19 71 276 340 385 438 499 530 604 610  ; 4 1 4 6 4 4 5 5 
151.4 ; 3.52e-05 ; True ; 19 276 340 385 409 438 469 499 530 546 610  ; 4 1 4 6 5 4 4 6 
151.5 ; 3.663e-05 ; True ; 19 276 340 385 438 456 469 499 530 546 610  ; 4 1 5 5 4 4 4 6 
157.5 ; 3.978e-05 ; True ; 19 276 340 385 438 469 499 530 546 604 610  ; 5 1 4 6 4 4 5 6 
164.2 ; 3.997e-05 ; True ; 19 81 276 340 385 438 469 499 530 546 604  ; 4 1 4 5 5 4 5 6 
165.9 ; 4.113e-05 ; True ; 19 276 340 385 469 499 530 546 604 610 633  ; 5 1 4 6 4 4 6 5 
167.5 ; 4.157e-05 ; True ; 19 81 276 340 385 438 456 499 530 546 610  ; 4 1 5 5 5 4 4 6 
168.1 ; 4.269e-05 ; True ; 19 81 276 340 385 438 456 499 530 604 610  ; 4 1 5 5 4 4 5 6 
171.8 ; 4.298e-05 ; True ; 19 102 276 340 385 499 530 546 604 610 633  ; 6 1 4 7 4 4 5 6 
173.5 ; 4.515e-05 ; True ; 19 81 276 340 385 438 499 530 546 604 610  ; 5 1 4 6 5 4 5 6 
177.7 ; 4.578e-05 ; True ; 19 81 102 276 340 385 438 499 530 604 610  ; 5 1 4 6 4 5 5 6 
179.3 ; 4.58e-05 ; True ; 19 71 276 340 385 438 499 530 546 604 610  ; 5 1 4 7 5 4 5 6 
180.1 ; 4.668e-05 ; True ; 19 81 276 340 385 499 530 546 604 610 633  ; 5 1 4 6 5 4 6 5 
182.5 ; 4.734e-05 ; True ; 19 81 102 276 340 385 499 530 604 610 633  ; 5 1 4 6 4 5 6 5 
184.7 ; 4.853e-05 ; True ; 19 276 340 385 438 461 469 499 530 546 604 610  ; 5 1 4 7 5 4 5 7 
185 ; 4.912e-05 ; True ; 19 276 340 385 409 438 469 499 530 604 610 633  ; 4 1 5 6 4 4 6 6 
186.2 ; 4.922e-05 ; True ; 19 102 276 340 385 409 438 469 499 530 604 610  ; 5 1 4 7 4 5 5 7 
188.9 ; 4.978e-05 ; True ; 19 81 102 276 340 438 469 499 530 546 604 633  ; 5 1 5 5 4 4 5 7 
189.6 ; 5.109e-05 ; True ; 19 102 276 340 385 438 469 499 530 546 604 633  ; 5 1 5 6 4 4 5 7 
190.3 ; 5.406e-05 ; True ; 19 276 340 385 438 469 499 530 546 604 610 633  ; 5 1 5 6 4 4 6 6 
193.5 ; 5.509e-05 ; True ; 19 81 276 340 385 438 456 469 499 530 604 610  ; 4 1 5 5 4 5 6 6 
196.8 ; 5.55e-05 ; True ; 19 102 276 340 385 438 469 499 530 546 610 633  ; 5 1 5 6 4 5 5 6 
199.1 ; 5.799e-05 ; True ; 19 81 276 340 385 438 456 499 530 546 604 610  ; 5 1 5 6 5 4 5 7 
200 ; 5.826e-05 ; True ; 19 81 276 340 385 438 469 499 530 546 604 610  ; 5 1 4 6 5 5 6 6 
204.2 ; 5.881e-05 ; True ; 19 81 102 276 340 385 438 456 499 530 604 610  ; 5 1 5 6 4 5 5 7 
205.9 ; 5.883e-05 ; True ; 19 71 276 340 385 438 456 499 530 546 604 610  ; 5 1 5 7 5 4 5 7 
206 ; 5.978e-05 ; True ; 19 64 81 276 340 385 438 499 530 604 610 633  ; 5 1 5 5 5 4 6 6 
206.4 ; 6.135e-05 ; True ; 19 81 276 340 385 438 499 530 546 604 610 633  ; 5 1 5 6 5 4 6 6 
209.8 ; 6.222e-05 ; True ; 19 81 102 276 340 385 438 499 530 604 610 633  ; 5 1 5 6 4 5 6 6 
212.9 ; 6.299e-05 ; True ; 19 81 102 276 340 385 438 499 530 546 610 633  ; 5 1 5 6 5 5 5 6 
215.2 ; 6.444e-05 ; True ; 19 64 276 340 385 438 456 469 499 530 546 604 610  ; 6 1 5 6 5 4 5 8 
221.9 ; 6.513e-05 ; True ; 19 64 81 276 340 385 491 499 530 604 610 633  ; 5 1 5 6 5 5 6 5 
222.5 ; 6.7e-05 ; True ; 19 81 276 340 385 438 456 469 499 530 546 604 633  ; 4 1 6 5 5 4 6 7 
225 ; 6.88e-05 ; True ; 19 81 274 276 340 346 385 438 469 499 530 604 610  ; 5 1 5 5 5 5 6 6 
226.5 ; 7.483e-05 ; True ; 19 81 276 340 385 438 456 469 499 530 546 604 610  ; 5 1 5 6 5 5 6 7 
234.8 ; 7.568e-05 ; True ; 19 81 276 340 385 438 456 499 530 546 604 610 633  ; 5 1 6 6 5 4 6 7 
235.7 ; 7.713e-05 ; True ; 19 81 276 340 385 438 469 499 530 546 604 610 633  ; 5 1 5 6 5 5 7 6 
242.3 ; 7.77e-05 ; True ; 19 81 102 276 340 385 438 456 499 530 546 610 633  ; 5 1 6 6 5 5 5 7 
243.1 ; 7.827e-05 ; True ; 19 81 102 276 340 385 438 469 499 530 546 610 633  ; 5 1 5 6 5 6 6 6 
244.1 ; 7.971e-05 ; True ; 19 64 81 102 276 340 385 438 499 530 604 610 633  ; 6 1 5 6 5 5 6 7 
245.5 ; 8.087e-05 ; True ; 19 81 102 276 340 385 438 499 530 546 604 610 633  ; 6 1 5 7 5 5 6 7 
251.2 ; 8.221e-05 ; True ; 19 64 81 276 340 385 438 491 499 530 604 610 633  ; 5 1 6 6 5 5 6 6 
252.6 ; 8.34e-05 ; True ; 19 81 276 340 385 438 491 499 530 546 604 610 633  ; 5 1 6 7 5 5 6 6 
258.4 ; 8.414e-05 ; True ; 19 71 81 102 276 340 385 438 456 499 530 604 610  ; 5 1 5 7 5 6 6 7 
261.1 ; 8.44e-05 ; True ; 19 64 71 81 276 340 385 438 499 530 604 610 633  ; 5 1 5 6 6 5 7 6 
261.6 ; 8.562e-05 ; True ; 19 71 81 276 340 385 438 499 530 546 604 610 633  ; 5 1 5 7 6 5 7 6 
264.9 ; 8.672e-05 ; True ; 19 71 81 102 276 340 385 438 499 530 604 610 633  ; 5 1 5 7 5 6 7 6 
268.1 ; 8.688e-05 ; True ; 19 71 81 102 276 340 385 438 499 530 546 610 633  ; 5 1 5 7 6 6 6 6 
268.7 ; 8.711e-05 ; True ; 19 81 276 340 385 438 499 530 546 604 610 614 633  ; 5 1 6 6 5 5 6 7 
270.7 ; 8.838e-05 ; True ; 6 19 81 102 274 276 340 385 438 499 530 604 610 633  ; 5 1 6 7 5 5 6 7 
272.6 ; 9.219e-05 ; True ; 19 81 102 110 276 340 385 438 456 499 530 546 610 633  ; 5 1 6 7 5 5 6 8 
276.8 ; 9.82e-05 ; True ; 19 81 102 276 340 385 438 456 499 530 546 604 610 633  ; 6 1 6 7 5 5 6 8 
283.9 ; 0.0001001 ; True ; 19 81 276 340 385 438 456 491 499 530 546 604 610 633  ; 5 1 7 7 5 5 6 7 
293.4 ; 0.0001009 ; True ; 19 71 81 102 276 340 385 438 456 499 530 546 604 633  ; 5 1 6 7 6 5 6 8 
294.4 ; 0.0001028 ; True ; 19 64 81 102 276 340 385 456 499 530 534 604 610 633  ; 6 1 6 6 5 6 6 7 
295.7 ; 0.0001052 ; True ; 19 81 102 276 340 385 438 491 499 530 546 604 610 633  ; 6 1 6 8 5 6 6 7 
298.3 ; 0.000107 ; True ; 19 71 81 102 276 340 385 438 456 499 530 604 610 633  ; 5 1 6 7 5 6 7 7 
304.1 ; 0.0001071 ; True ; 19 64 71 81 102 276 340 385 438 499 530 604 610 633  ; 6 1 5 7 6 6 7 7 
305.6 ; 0.0001072 ; True ; 19 71 81 102 274 276 340 385 438 499 530 546 610 633  ; 5 1 6 7 6 6 6 7 
305.6 ; 0.000108 ; True ; 19 71 81 102 276 340 385 438 499 530 546 604 610 633  ; 6 1 5 8 6 6 7 7 
312.7 ; 0.0001114 ; True ; 19 71 81 276 340 385 438 491 499 530 546 604 610 633  ; 5 1 6 8 6 6 7 6 
314.5 ; 0.0001131 ; True ; 19 81 102 274 276 340 385 438 499 525 530 546 604 610 633  ; 7 1 6 8 6 5 6 8 
325.1 ; 0.0001189 ; True ; 19 81 102 276 280 340 385 438 456 469 499 530 604 610 633  ; 6 1 6 7 5 6 7 8 
327.6 ; 0.0001215 ; True ; 19 64 81 102 276 340 385 438 456 499 530 534 604 610 633  ; 6 1 7 6 5 6 6 8 
338.1 ; 0.0001229 ; True ; 19 64 71 81 157 276 340 385 438 499 530 604 610 633  ; 6 1 6 6 6 6 7 7 
339.6 ; 0.0001247 ; True ; 19 71 81 157 276 340 385 438 499 530 546 604 610 633  ; 6 1 6 7 6 6 7 7 
340.4 ; 0.0001301 ; True ; 19 64 71 81 102 276 340 385 438 456 499 530 604 610 633  ; 6 1 6 7 6 6 7 8 
356.6 ; 0.0001311 ; True ; 19 71 81 102 234 274 276 340 385 456 499 530 604 610 633  ; 6 1 6 8 6 6 7 8 
358.6 ; 0.0001322 ; True ; 19 71 81 276 340 385 438 456 491 499 530 534 546 604 610  ; 5 1 7 8 6 7 6 7 
360.6 ; 0.0001332 ; True ; 19 71 81 172 276 340 385 399 438 456 499 530 604 610 633  ; 6 1 6 7 7 6 7 7 
366.9 ; 0.0001356 ; True ; 19 71 81 276 340 385 438 469 499 530 546 604 610 614 633  ; 5 1 6 7 6 7 8 7 
372.6 ; 0.0001363 ; True ; 19 71 81 274 276 311 340 385 438 499 530 604 610 614 633  ; 5 1 7 6 6 6 7 8 
373.5 ; 0.0001382 ; True ; 19 71 81 276 280 340 385 438 456 499 530 604 610 614 633  ; 5 1 7 7 6 6 7 8 
376.5 ; 0.0001389 ; True ; 18 19 71 81 276 280 340 385 438 456 469 499 530 546 610 633  ; 6 1 6 7 7 6 7 8 
377.9 ; 0.0001473 ; True ; 19 71 81 157 276 340 385 438 456 499 530 546 604 610 633  ; 6 1 7 7 6 6 7 8 
389 ; 0.0001508 ; True ; 19 71 81 102 276 311 340 385 438 456 499 530 546 604 610 633  ; 7 1 6 8 7 6 7 9 
407.8 ; 0.0001591 ; True ; 19 71 81 157 276 340 385 438 499 530 546 604 610 614 633  ; 6 1 7 7 6 7 7 8 
421.6 ; 0.0001642 ; True ; 19 71 81 102 274 276 311 340 385 438 499 530 604 610 614 633  ; 6 1 7 7 6 7 7 9 
434.6 ; 0.0001655 ; True ; 19 71 81 102 234 274 276 340 385 456 499 530 604 610 614 633  ; 6 1 7 8 6 7 7 9 
441.6 ; 0.0001678 ; True ; 19 71 81 102 157 276 311 340 385 438 499 530 546 604 610 633  ; 8 1 6 8 7 7 7 9 
442.2 ; 0.0001693 ; True ; 19 71 81 157 164 276 340 385 456 469 499 530 546 604 610 633  ; 7 1 6 8 7 7 8 8 
447.1 ; 0.0001763 ; True ; 19 64 71 81 102 157 276 340 385 438 499 530 534 604 610 633  ; 7 1 7 7 6 8 7 8 
461.5 ; 0.0001777 ; True ; 19 71 81 102 157 276 340 385 438 499 530 546 573 604 610 633  ; 7 1 7 8 6 8 7 8 
464.6 ; 0.0001834 ; True ; 19 71 81 102 157 276 340 385 438 499 530 546 604 610 614 633  ; 7 1 7 8 6 8 7 9 
467.9 ; 0.0001845 ; True ; 19 71 81 157 234 276 340 385 438 499 530 546 604 610 614 633  ; 7 1 7 8 7 7 7 9 
477.7 ; 0.0001883 ; True ; 19 71 81 157 172 276 340 385 438 499 530 546 604 610 614 633  ; 7 1 7 7 7 8 7 8 
499.4 ; 0.000195 ; True ; 19 22 71 81 102 157 276 311 340 385 438 456 499 530 604 610 633  ; 7 1 7 7 6 8 8 9 
527 ; 0.0001971 ; True ; 19 71 81 102 110 157 206 276 340 385 399 456 499 530 604 610 633  ; 7 1 7 10 6 7 9 9 
538.7 ; 0.0001995 ; True ; 19 71 157 172 276 280 340 385 397 456 491 499 530 604 610 614 633  ; 8 1 8 9 7 8 6 8 
561.1 ; 0.0002018 ; True ; 19 66 71 81 157 276 278 280 385 456 499 530 534 604 610 614 633  ; 6 1 8 8 7 8 7 8 
565.3 ; 0.0002073 ; True ; 19 71 81 102 157 172 274 276 280 385 491 499 530 604 610 614 633  ; 7 1 7 9 7 10 7 8 
575.6 ; 0.000213 ; True ; 19 71 81 102 157 172 274 276 280 340 385 499 530 552 610 614 633  ; 8 1 8 7 7 9 6 9 


RUN 8:
Optimum Distance: 11.84
Optimal Team: 19,276,499,
Required Skills: 0 1 4 9 10 18 23 24 
Distance; Skill Score; isValid; Team; Skill Counts
11.84 ; 2.368e-08 ; True ; 19 276 499  ; 1 1 1 2 1 1 1 1 
15.65 ; 2.675e-08 ; True ; 89 274 276 604  ; 1 1 1 1 1 1 1 2 
15.84 ; 2.763e-08 ; True ; 157 276 385  ; 1 1 1 1 1 2 1 1 
16.82 ; 2.805e-08 ; True ; 89 276 604 633  ; 1 1 1 1 1 1 2 1 
17.83 ; 4.321e-08 ; True ; 70 102 276 633  ; 1 1 1 2 1 2 1 1 
18.63 ; 7.172e-08 ; True ; 121 274 276 499  ; 2 1 1 2 1 1 1 2 
18.71 ; 9.024e-08 ; True ; 19 276 409 499  ; 1 1 1 3 2 1 1 2 
19.62 ; 9.05e-08 ; True ; 19 233 276 499  ; 2 1 1 3 1 1 2 1 
19.78 ; 1.453e-07 ; True ; 19 276 499 530  ; 1 1 2 2 2 1 1 2 
20.64 ; 1.547e-07 ; True ; 19 276 499 546  ; 2 1 1 3 2 1 1 2 
20.73 ; 1.599e-07 ; True ; 19 276 499 604  ; 2 1 1 3 1 1 2 2 
23.43 ; 1.652e-07 ; True ; 19 276 499 610  ; 2 1 1 3 1 2 2 1 
23.55 ; 1.727e-07 ; True ; 19 276 385 610  ; 1 1 1 3 2 2 2 1 
27.39 ; 1.772e-07 ; True ; 121 274 276 469 604  ; 2 1 1 2 1 1 2 3 
27.53 ; 1.809e-07 ; True ; 19 133 233 276 499  ; 2 1 1 4 1 2 2 1 
27.56 ; 2.766e-07 ; True ; 121 274 276 499 604  ; 3 1 1 3 1 1 2 3 
27.62 ; 3.147e-07 ; True ; 19 276 409 499 530  ; 1 1 2 3 3 1 1 3 
28.52 ; 3.995e-07 ; True ; 19 276 340 409 499  ; 2 1 2 3 2 1 1 3 
29.51 ; 4.699e-07 ; True ; 19 276 340 469 499  ; 2 1 2 2 1 2 2 2 
30.39 ; 5.554e-07 ; True ; 19 233 276 499 530  ; 2 1 2 3 2 1 2 2 
31.61 ; 7.403e-07 ; True ; 19 276 499 530 604  ; 2 1 2 3 2 1 2 3 
34.28 ; 1.014e-06 ; True ; 19 276 499 530 610  ; 2 1 2 3 2 2 2 2 
39.31 ; 1.351e-06 ; True ; 19 276 340 409 469 499  ; 2 1 2 3 2 2 2 3 
41.47 ; 1.48e-06 ; True ; 19 133 276 499 530 604  ; 2 1 2 4 2 2 2 3 
42.25 ; 1.753e-06 ; True ; 19 276 340 469 499 546  ; 3 1 2 3 2 2 2 3 
43.31 ; 1.824e-06 ; True ; 19 276 469 499 530 546  ; 2 1 2 3 3 2 2 3 
44.31 ; 1.882e-06 ; True ; 19 276 469 499 530 604  ; 2 1 2 3 2 2 3 3 
44.99 ; 1.998e-06 ; True ; 19 276 409 499 530 610  ; 2 1 2 4 3 2 2 3 
47.2 ; 2.288e-06 ; True ; 19 102 276 499 530 604  ; 3 1 2 4 2 2 2 4 
47.94 ; 2.548e-06 ; True ; 19 276 340 499 530 610  ; 3 1 3 3 2 2 2 3 
48.69 ; 2.593e-06 ; True ; 19 276 499 530 546 610  ; 3 1 2 4 3 2 2 3 
49.05 ; 2.674e-06 ; True ; 19 276 499 530 604 610  ; 3 1 2 4 2 2 3 3 
52.37 ; 2.783e-06 ; True ; 19 276 385 499 530 604  ; 2 1 2 4 3 2 3 3 
53.06 ; 3.16e-06 ; True ; 19 276 340 409 469 499 530  ; 2 1 3 3 3 2 2 4 
54.11 ; 3.187e-06 ; True ; 19 276 340 409 469 499 604  ; 3 1 2 4 2 2 3 4 
55.01 ; 3.26e-06 ; True ; 19 110 276 340 469 499 530  ; 2 1 3 3 2 2 3 4 
55.2 ; 3.326e-06 ; True ; 19 133 276 340 499 530 604  ; 3 1 3 4 2 2 2 4 
56.58 ; 3.549e-06 ; True ; 19 233 276 340 469 499 530  ; 3 1 3 3 2 2 3 3 
57.03 ; 4.1e-06 ; True ; 19 276 340 469 499 530 546  ; 3 1 3 3 3 2 2 4 
58.04 ; 4.229e-06 ; True ; 19 276 340 469 499 530 604  ; 3 1 3 3 2 2 3 4 
59.65 ; 4.491e-06 ; True ; 19 276 340 409 499 530 610  ; 3 1 3 4 3 2 2 4 
61.76 ; 4.514e-06 ; True ; 19 276 409 499 530 604 610  ; 3 1 2 5 3 2 3 4 
62.6 ; 4.873e-06 ; True ; 19 276 340 469 499 530 610  ; 3 1 3 3 2 3 3 3 
64.32 ; 5.226e-06 ; True ; 19 276 340 499 530 546 610  ; 4 1 3 4 3 2 2 4 
64.69 ; 5.391e-06 ; True ; 19 276 340 499 530 604 610  ; 4 1 3 4 2 2 3 4 
66.79 ; 5.416e-06 ; True ; 19 110 276 340 409 469 499 530  ; 2 1 3 4 3 2 3 5 
67.08 ; 5.71e-06 ; True ; 19 81 276 340 499 530 604  ; 3 1 3 3 3 2 3 4 
68.09 ; 6.255e-06 ; True ; 19 276 340 385 499 530 604  ; 3 1 3 4 3 2 3 4 
69.71 ; 7.206e-06 ; True ; 19 276 340 385 499 530 610  ; 3 1 3 4 3 3 3 3 
73.32 ; 7.279e-06 ; True ; 19 233 276 340 469 499 530 546  ; 4 1 3 4 3 2 3 4 
75.32 ; 7.372e-06 ; True ; 19 110 276 340 409 499 530 610  ; 3 1 3 5 3 2 3 5 
75.76 ; 8.177e-06 ; True ; 19 276 340 469 499 530 546 604  ; 4 1 3 4 3 2 3 5 
76.25 ; 8.587e-06 ; True ; 19 276 340 409 469 499 530 610  ; 3 1 3 4 3 3 3 4 
80.96 ; 9.993e-06 ; True ; 19 276 340 469 499 530 546 610  ; 4 1 3 4 3 3 3 4 
84.45 ; 1.035e-05 ; True ; 19 276 340 385 469 499 530 546  ; 3 1 3 4 4 3 3 4 
85.35 ; 1.086e-05 ; True ; 19 276 340 385 409 499 530 610  ; 3 1 3 5 4 3 3 4 
86.3 ; 1.11e-05 ; True ; 19 276 340 385 438 499 530 610  ; 3 1 4 4 3 3 3 4 
87.36 ; 1.118e-05 ; True ; 19 110 276 340 385 499 530 610  ; 3 1 3 5 3 3 4 4 
89.53 ; 1.178e-05 ; True ; 19 133 276 340 469 499 530 546 604  ; 4 1 3 5 3 3 3 5 
89.82 ; 1.264e-05 ; True ; 19 276 340 385 499 530 546 610  ; 4 1 3 5 4 3 3 4 
90.42 ; 1.301e-05 ; True ; 19 276 340 385 499 530 604 610  ; 4 1 3 5 3 3 4 4 
96.56 ; 1.42e-05 ; True ; 19 276 340 409 469 499 530 546 610  ; 4 1 3 5 4 3 3 5 
96.94 ; 1.461e-05 ; True ; 19 276 340 409 469 499 530 604 610  ; 4 1 3 5 3 3 4 5 
102 ; 1.503e-05 ; True ; 19 276 340 385 438 469 499 530 546  ; 3 1 4 4 4 3 3 5 
102.1 ; 1.514e-05 ; True ; 19 110 276 340 385 469 499 530 546  ; 3 1 3 5 4 3 4 5 
102.6 ; 1.608e-05 ; True ; 19 276 340 469 499 530 546 604 610  ; 5 1 3 5 3 3 4 5 
104.9 ; 1.623e-05 ; True ; 19 110 276 340 385 438 499 530 610  ; 3 1 4 5 3 3 4 5 
105.4 ; 1.679e-05 ; True ; 19 81 276 340 469 499 530 546 604  ; 4 1 3 4 4 3 4 5 
105.9 ; 1.686e-05 ; True ; 19 276 340 385 438 469 499 530 610  ; 3 1 4 4 3 4 4 4 
107.1 ; 1.761e-05 ; True ; 19 276 340 385 469 499 530 546 604  ; 4 1 3 5 4 3 4 5 
108 ; 1.808e-05 ; True ; 19 276 340 385 409 499 530 604 610  ; 4 1 3 6 4 3 4 5 
108.4 ; 1.835e-05 ; True ; 19 276 340 385 438 499 530 546 610  ; 4 1 4 5 4 3 3 5 
109 ; 1.889e-05 ; True ; 19 276 340 385 438 499 530 604 610  ; 4 1 4 5 3 3 4 5 
110.4 ; 1.919e-05 ; True ; 19 276 340 385 469 499 530 546 610  ; 4 1 3 5 4 4 4 4 
113.5 ; 1.989e-05 ; True ; 19 276 340 385 499 530 546 604 610  ; 5 1 3 6 4 3 4 5 
114.9 ; 2.027e-05 ; True ; 19 276 340 385 499 530 546 610 633  ; 4 1 4 5 4 3 4 4 
115.5 ; 2.048e-05 ; True ; 19 276 340 409 438 469 499 530 604 610  ; 4 1 4 5 3 3 4 6 
118.4 ; 2.058e-05 ; True ; 19 102 276 340 385 499 530 610 633  ; 4 1 4 5 3 4 4 4 
119.5 ; 2.078e-05 ; True ; 19 233 276 340 438 469 499 530 546 610  ; 5 1 4 5 3 3 4 5 
120.2 ; 2.157e-05 ; True ; 19 276 340 409 469 499 530 546 604 610  ; 5 1 3 6 4 3 4 6 
121.2 ; 2.253e-05 ; True ; 19 276 340 438 469 499 530 546 604 610  ; 5 1 4 5 3 3 4 6 
123.1 ; 2.277e-05 ; True ; 19 233 276 340 385 438 469 499 530 546  ; 4 1 4 5 4 3 4 5 
125 ; 2.353e-05 ; True ; 19 81 276 340 438 469 499 530 546 604  ; 4 1 4 4 4 3 4 6 
125.4 ; 2.395e-05 ; True ; 19 276 340 385 409 438 469 499 530 610  ; 3 1 4 5 4 4 4 5 
126.7 ; 2.468e-05 ; True ; 19 276 340 385 438 469 499 530 546 604  ; 4 1 4 5 4 3 4 6 
128.6 ; 2.534e-05 ; True ; 19 276 340 385 409 438 499 530 604 610  ; 4 1 4 6 4 3 4 6 
129.9 ; 2.787e-05 ; True ; 19 276 340 385 438 469 499 530 546 610  ; 4 1 4 5 4 4 4 5 
134.1 ; 2.788e-05 ; True ; 19 276 340 385 438 499 530 546 604 610  ; 5 1 4 6 4 3 4 6 
136 ; 2.838e-05 ; True ; 19 276 340 385 469 499 530 546 604 610  ; 5 1 3 6 4 4 5 5 
136.4 ; 2.86e-05 ; True ; 19 88 276 340 385 469 499 530 546 610  ; 4 1 4 6 4 4 4 5 
138.3 ; 2.891e-05 ; True ; 19 276 340 385 469 499 530 546 610 633  ; 4 1 4 5 4 4 5 4 
140.6 ; 2.997e-05 ; True ; 19 276 340 385 499 530 546 604 610 633  ; 5 1 4 6 4 3 5 5 
142.1 ; 3.043e-05 ; True ; 19 102 276 340 385 499 530 604 610 633  ; 5 1 4 6 3 4 5 5 
143.9 ; 3.163e-05 ; True ; 19 81 276 340 385 438 499 530 546 610  ; 4 1 4 5 5 4 4 5 
144.5 ; 3.248e-05 ; True ; 19 81 276 340 385 438 499 530 604 610  ; 4 1 4 5 4 4 5 5 
149.3 ; 3.334e-05 ; True ; 19 71 276 340 385 438 499 530 604 610  ; 4 1 4 6 4 4 5 5 
151.4 ; 3.52e-05 ; True ; 19 276 340 385 409 438 469 499 530 546 610  ; 4 1 4 6 5 4 4 6 
151.5 ; 3.522e-05 ; True ; 19 181 276 340 385 438 469 499 530 546 610  ; 4 1 4 5 4 4 5 6 
151.5 ; 3.614e-05 ; True ; 19 110 276 340 385 438 469 499 530 546 610  ; 4 1 4 6 4 4 5 6 
157.5 ; 3.663e-05 ; True ; 19 274 276 340 385 438 469 499 530 546 610  ; 4 1 5 5 4 4 4 6 
157.5 ; 3.978e-05 ; True ; 19 276 340 385 438 469 499 530 546 604 610  ; 5 1 4 6 4 4 5 6 
164.2 ; 3.997e-05 ; True ; 19 81 276 340 385 438 469 499 530 546 604  ; 4 1 4 5 5 4 5 6 
165.6 ; 4.035e-05 ; True ; 19 102 276 340 385 409 499 530 604 610 633  ; 5 1 4 7 4 4 5 6 
165.9 ; 4.113e-05 ; True ; 19 276 340 385 469 499 530 546 604 610 633  ; 5 1 4 6 4 4 6 5 
167.5 ; 4.157e-05 ; True ; 19 81 276 340 385 438 456 499 530 546 610  ; 4 1 5 5 5 4 4 6 
168.1 ; 4.269e-05 ; True ; 19 81 276 340 385 438 456 499 530 604 610  ; 4 1 5 5 4 4 5 6 
171.8 ; 4.298e-05 ; True ; 19 102 276 340 385 499 530 546 604 610 633  ; 6 1 4 7 4 4 5 6 
173.5 ; 4.515e-05 ; True ; 19 81 276 340 385 438 499 530 546 604 610  ; 5 1 4 6 5 4 5 6 
175.5 ; 4.643e-05 ; True ; 19 276 340 385 409 438 456 469 499 530 604 610  ; 4 1 5 6 4 4 5 7 
180.1 ; 4.668e-05 ; True ; 19 81 276 340 385 499 530 546 604 610 633  ; 5 1 4 6 5 4 6 5 
181 ; 4.725e-05 ; True ; 19 181 276 340 385 438 469 499 530 546 604 610  ; 5 1 4 6 4 4 6 7 
181 ; 4.853e-05 ; True ; 19 276 340 385 409 438 469 499 530 546 604 610  ; 5 1 4 7 5 4 5 7 
182.3 ; 4.978e-05 ; True ; 19 81 276 340 438 456 469 499 530 546 604 610  ; 5 1 5 5 4 4 5 7 
186.1 ; 5.109e-05 ; True ; 19 274 276 340 385 438 469 499 530 546 604 610  ; 5 1 5 6 4 4 5 7 
187.8 ; 5.134e-05 ; True ; 19 81 276 340 385 438 456 469 499 530 546 604  ; 4 1 5 5 5 4 5 7 
190.3 ; 5.406e-05 ; True ; 19 276 340 385 438 469 499 530 546 604 610 633  ; 5 1 5 6 4 4 6 6 
193.5 ; 5.509e-05 ; True ; 19 81 276 340 385 438 456 469 499 530 604 610  ; 4 1 5 5 4 5 6 6 
196.8 ; 5.55e-05 ; True ; 19 102 276 340 385 438 469 499 530 546 610 633  ; 5 1 5 6 4 5 5 6 
199.1 ; 5.799e-05 ; True ; 19 81 276 340 385 438 456 499 530 546 604 610  ; 5 1 5 6 5 4 5 7 
200 ; 5.826e-05 ; True ; 19 81 276 340 385 438 469 499 530 546 604 610  ; 5 1 4 6 5 5 6 6 
205.9 ; 5.883e-05 ; True ; 19 71 276 340 385 438 456 499 530 546 604 610  ; 5 1 5 7 5 4 5 7 
206.4 ; 6.135e-05 ; True ; 19 81 276 340 385 438 499 530 546 604 610 633  ; 5 1 5 6 5 4 6 6 
209.8 ; 6.222e-05 ; True ; 19 81 102 276 340 385 438 499 530 604 610 633  ; 5 1 5 6 4 5 6 6 
212.9 ; 6.299e-05 ; True ; 19 81 102 276 340 385 438 499 530 546 610 633  ; 5 1 5 6 5 5 5 6 
215.8 ; 6.391e-05 ; True ; 19 81 276 340 385 438 491 499 530 546 604 610  ; 5 1 5 7 5 5 5 6 
216.7 ; 6.668e-05 ; True ; 19 276 340 385 438 456 469 499 530 546 604 610 633  ; 5 1 6 6 4 4 6 7 
224.1 ; 6.701e-05 ; True ; 19 81 233 276 340 385 456 469 499 530 546 604 633  ; 5 1 5 6 5 4 7 6 
225.1 ; 6.795e-05 ; True ; 19 81 274 276 340 385 438 456 469 499 530 604 610  ; 4 1 6 5 4 5 6 7 
226 ; 7.062e-05 ; True ; 19 81 276 340 385 438 456 469 499 525 530 604 610  ; 5 1 5 6 5 5 6 6 
227.3 ; 7.125e-05 ; True ; 19 102 276 340 385 438 469 499 530 546 604 610 633  ; 6 1 5 7 4 5 6 7 
229.5 ; 7.278e-05 ; True ; 19 81 276 340 385 438 456 469 499 530 546 610 633  ; 4 1 6 5 5 5 6 6 
232.5 ; 7.483e-05 ; True ; 19 81 274 276 340 385 438 469 499 530 546 604 610  ; 5 1 5 6 5 5 6 7 
234.8 ; 7.568e-05 ; True ; 19 81 276 340 385 438 456 499 530 546 604 610 633  ; 5 1 6 6 5 4 6 7 
235.7 ; 7.713e-05 ; True ; 19 81 276 340 385 438 469 499 530 546 604 610 633  ; 5 1 5 6 5 5 7 6 
242.3 ; 7.77e-05 ; True ; 19 81 102 276 340 385 438 456 499 530 546 610 633  ; 5 1 6 6 5 5 5 7 
243.1 ; 7.827e-05 ; True ; 19 81 102 276 340 385 438 469 499 530 546 610 633  ; 5 1 5 6 5 6 6 6 
245.5 ; 8.087e-05 ; True ; 19 81 102 276 340 385 438 499 530 546 604 610 633  ; 6 1 5 7 5 5 6 7 
250.8 ; 8.221e-05 ; True ; 19 81 276 340 385 438 499 530 534 546 604 610 633  ; 5 1 6 6 5 5 6 6 
252.6 ; 8.34e-05 ; True ; 19 81 276 340 385 438 491 499 530 546 604 610 633  ; 5 1 6 7 5 5 6 6 
256.6 ; 8.44e-05 ; True ; 19 102 276 340 346 385 438 469 499 530 546 604 610 633  ; 7 1 5 7 5 5 6 7 
256.9 ; 8.487e-05 ; True ; 19 81 156 276 340 385 438 456 469 499 530 546 610 633  ; 5 1 6 5 5 5 6 7 
259.8 ; 8.508e-05 ; True ; 19 102 276 340 385 438 469 499 525 530 546 604 610 633  ; 7 1 5 8 5 5 6 7 
261.6 ; 8.562e-05 ; True ; 19 71 81 276 340 385 438 499 530 546 604 610 633  ; 5 1 5 7 6 5 7 6 
262.3 ; 8.711e-05 ; True ; 0 19 81 276 340 385 438 456 469 499 525 530 604 610  ; 5 1 6 6 5 5 6 7 
265 ; 8.732e-05 ; True ; 19 81 274 276 340 385 438 456 469 499 530 546 610 633  ; 4 1 7 5 5 5 6 7 
266 ; 8.764e-05 ; True ; 19 81 274 276 340 346 385 456 469 499 530 546 610 633  ; 5 1 6 5 6 5 6 6 
266.1 ; 8.888e-05 ; True ; 19 81 110 276 340 385 456 469 499 530 546 604 610 633  ; 5 1 5 7 5 5 8 7 
266.5 ; 9.269e-05 ; True ; 19 81 276 340 378 385 438 456 469 499 530 604 610 633  ; 5 1 6 5 5 5 7 7 
270.2 ; 9.514e-05 ; True ; 19 81 274 276 340 385 438 469 499 530 546 604 610 633  ; 5 1 6 6 5 5 7 7 
273.4 ; 9.654e-05 ; True ; 19 81 102 276 340 385 438 456 469 499 530 546 610 633  ; 5 1 6 6 5 6 6 7 
276.8 ; 9.82e-05 ; True ; 19 81 102 276 340 385 438 456 499 530 546 604 610 633  ; 6 1 6 7 5 5 6 8 
285.8 ; 0.0001009 ; True ; 19 81 276 340 385 456 469 491 499 530 546 604 610 633  ; 5 1 6 7 5 6 7 6 
289.7 ; 0.000103 ; True ; 19 64 81 276 340 385 438 491 499 530 546 604 610 633  ; 6 1 6 7 6 5 6 7 
295.4 ; 0.0001079 ; True ; 19 81 110 276 340 385 438 456 469 499 530 546 604 610 633  ; 5 1 6 7 5 5 8 8 
304.8 ; 0.0001123 ; True ; 19 81 102 274 276 340 346 385 438 469 499 530 604 610 633  ; 6 1 6 6 5 6 7 7 
305.8 ; 0.0001139 ; True ; 19 81 102 276 340 385 438 456 469 499 525 530 604 610 633  ; 6 1 6 7 5 6 7 7 
309.9 ; 0.0001189 ; True ; 19 81 102 276 340 385 438 456 469 499 530 546 604 610 633  ; 6 1 6 7 5 6 7 8 
321.7 ; 0.0001198 ; True ; 19 81 88 102 276 340 385 438 469 499 530 546 604 610 633  ; 6 1 6 8 5 6 7 8 
329.5 ; 0.0001232 ; True ; 19 71 81 276 340 378 385 438 456 469 499 530 546 610 633  ; 5 1 6 6 7 6 7 7 
339.6 ; 0.0001247 ; True ; 19 71 81 157 276 340 385 438 499 530 546 604 610 633  ; 6 1 6 7 6 6 7 7 
350.3 ; 0.0001298 ; True ; 19 81 121 181 274 276 340 385 438 469 499 530 546 604 610 633  ; 6 1 6 7 6 5 8 9 
355.4 ; 0.0001322 ; True ; 19 71 81 102 276 340 385 438 456 491 499 530 546 610 633  ; 5 1 7 8 6 7 6 7 
361.7 ; 0.0001342 ; True ; 19 81 102 274 276 340 385 387 456 469 499 530 546 604 610 633  ; 6 1 6 7 6 6 7 9 
362.3 ; 0.0001371 ; True ; 19 81 158 274 276 340 385 438 456 469 499 530 546 604 610 633  ; 6 1 7 7 6 5 7 9 
365.1 ; 0.0001377 ; True ; 19 81 102 274 276 340 346 385 438 469 499 530 534 546 610 633  ; 6 1 7 6 6 7 6 7 
370.6 ; 0.0001394 ; True ; 19 81 157 276 340 385 438 469 491 499 530 546 604 610 633  ; 6 1 7 7 5 7 7 7 
378.9 ; 0.0001405 ; True ; 19 71 81 102 157 276 340 385 438 469 499 530 546 604 633  ; 6 1 6 7 6 7 7 8 
379 ; 0.0001416 ; True ; 19 71 81 274 276 293 340 385 438 456 469 499 530 546 610 633  ; 5 1 7 7 7 6 7 7 
389.7 ; 0.0001429 ; True ; 19 81 102 121 276 311 340 385 456 491 499 530 546 604 610 633  ; 8 1 6 9 7 6 6 9 
391.3 ; 0.0001454 ; True ; 19 81 102 234 276 340 385 410 438 456 469 499 530 604 610 633  ; 6 1 7 7 5 7 7 8 
400.1 ; 0.0001543 ; True ; 19 81 102 157 276 340 378 385 438 456 469 499 530 604 610 633  ; 7 1 7 6 5 7 7 9 
412.4 ; 0.0001544 ; True ; 19 71 81 102 157 276 340 385 456 499 530 604 610 614 633  ; 6 1 7 7 5 8 7 8 
418.4 ; 0.0001556 ; True ; 19 71 81 157 158 164 276 340 385 438 499 530 610 614 633  ; 6 1 7 7 7 7 6 8 
426.4 ; 0.0001621 ; True ; 19 81 102 233 274 276 340 385 438 456 460 491 499 530 604 610 633  ; 7 1 8 8 5 6 7 9 
432.5 ; 0.0001694 ; True ; 0 19 71 81 157 276 340 378 385 456 499 530 546 604 610 633  ; 7 1 7 7 7 6 7 9 
463.8 ; 0.0001706 ; True ; 19 81 105 157 158 276 340 385 438 469 499 530 604 610 614 633  ; 6 1 7 7 6 7 8 8 
465.8 ; 0.0001715 ; True ; 19 81 102 157 276 311 340 385 499 530 534 546 604 610 614 633  ; 8 1 7 7 6 8 6 9 
476.8 ; 0.0001735 ; True ; 19 71 81 157 158 276 304 311 340 385 438 499 530 610 614 633  ; 7 1 7 6 8 7 6 9 
477.1 ; 0.0001768 ; True ; 19 81 102 157 234 274 276 340 385 438 469 473 499 530 604 610 633  ; 7 1 7 8 6 7 7 10 
479.5 ; 0.0001811 ; True ; 19 71 81 157 158 276 340 385 438 499 530 586 604 610 614 633  ; 6 1 7 7 6 8 8 8 
479.7 ; 0.0001894 ; True ; 19 71 81 234 276 340 385 438 456 469 491 499 530 546 610 614 633  ; 5 1 8 8 7 8 7 8 
513.7 ; 0.0001973 ; True ; 19 71 81 157 215 234 276 340 385 438 456 469 499 530 610 614 633  ; 6 1 8 6 7 8 7 8 


RUN 9:
Optimum Distance: 11.84
Optimal Team: 19,276,499,
Required Skills: 0 1 4 9 10 18 23 24 
Distance; Skill Score; isValid; Team; Skill Counts
11.84 ; 2.368e-08 ; True ; 19 276 499  ; 1 1 1 2 1 1 1 1 
14.8 ; 2.675e-08 ; True ; 0 121 276 343  ; 1 1 1 1 1 1 1 2 
14.82 ; 2.763e-08 ; True ; 71 157 276  ; 1 1 1 1 1 2 1 1 
16.75 ; 2.805e-08 ; True ; 121 276 343 633  ; 1 1 1 1 1 1 2 1 
16.78 ; 7.172e-08 ; True ; 102 121 276 633  ; 2 1 1 2 1 1 1 2 
18.71 ; 9.024e-08 ; True ; 19 276 409 499  ; 1 1 1 3 2 1 1 2 
19.62 ; 9.05e-08 ; True ; 19 233 276 499  ; 2 1 1 3 1 1 2 1 
19.78 ; 1.453e-07 ; True ; 19 276 499 530  ; 1 1 2 2 2 1 1 2 
20.64 ; 1.547e-07 ; True ; 19 276 499 546  ; 2 1 1 3 2 1 1 2 
20.73 ; 1.599e-07 ; True ; 19 276 499 604  ; 2 1 1 3 1 1 2 2 
23.43 ; 1.652e-07 ; True ; 19 276 499 610  ; 2 1 1 3 1 2 2 1 
23.55 ; 1.727e-07 ; True ; 19 276 385 610  ; 1 1 1 3 2 2 2 1 
25.68 ; 2.766e-07 ; True ; 102 121 276 604 633  ; 3 1 1 3 1 1 2 3 
27.62 ; 3.147e-07 ; True ; 19 276 409 499 530  ; 1 1 2 3 3 1 1 3 
28.52 ; 3.995e-07 ; True ; 19 276 340 409 499  ; 2 1 2 3 2 1 1 3 
29.51 ; 4.699e-07 ; True ; 19 276 340 469 499  ; 2 1 2 2 1 2 2 2 
30.39 ; 5.554e-07 ; True ; 19 233 276 499 530  ; 2 1 2 3 2 1 2 2 
31.61 ; 7.403e-07 ; True ; 19 276 499 530 604  ; 2 1 2 3 2 1 2 3 
34.28 ; 1.014e-06 ; True ; 19 276 499 530 610  ; 2 1 2 3 2 2 2 2 
39.31 ; 1.351e-06 ; True ; 19 276 340 409 469 499  ; 2 1 2 3 2 2 2 3 
41.47 ; 1.48e-06 ; True ; 19 133 276 499 530 604  ; 2 1 2 4 2 2 2 3 
42.25 ; 1.753e-06 ; True ; 19 276 340 469 499 546  ; 3 1 2 3 2 2 2 3 
43.31 ; 1.824e-06 ; True ; 19 276 469 499 530 546  ; 2 1 2 3 3 2 2 3 
44.31 ; 1.882e-06 ; True ; 19 276 469 499 530 604  ; 2 1 2 3 2 2 3 3 
44.99 ; 1.998e-06 ; True ; 19 276 409 499 530 610  ; 2 1 2 4 3 2 2 3 
47.2 ; 2.288e-06 ; True ; 19 102 276 499 530 604  ; 3 1 2 4 2 2 2 4 
47.94 ; 2.548e-06 ; True ; 19 276 340 499 530 610  ; 3 1 3 3 2 2 2 3 
48.69 ; 2.593e-06 ; True ; 19 276 499 530 546 610  ; 3 1 2 4 3 2 2 3 
49.05 ; 2.674e-06 ; True ; 19 276 499 530 604 610  ; 3 1 2 4 2 2 3 3 
52.37 ; 2.783e-06 ; True ; 19 276 385 499 530 604  ; 2 1 2 4 3 2 3 3 
53.06 ; 3.16e-06 ; True ; 19 276 340 409 469 499 530  ; 2 1 3 3 3 2 2 4 
54.11 ; 3.187e-06 ; True ; 19 276 340 409 469 499 604  ; 3 1 2 4 2 2 3 4 
55.01 ; 3.26e-06 ; True ; 19 110 276 340 469 499 530  ; 2 1 3 3 2 2 3 4 
55.2 ; 3.326e-06 ; True ; 19 133 276 340 499 530 604  ; 3 1 3 4 2 2 2 4 
56.58 ; 3.549e-06 ; True ; 19 233 276 340 469 499 530  ; 3 1 3 3 2 2 3 3 
57.03 ; 4.1e-06 ; True ; 19 276 340 469 499 530 546  ; 3 1 3 3 3 2 2 4 
58.04 ; 4.229e-06 ; True ; 19 276 340 469 499 530 604  ; 3 1 3 3 2 2 3 4 
59.65 ; 4.491e-06 ; True ; 19 276 340 409 499 530 610  ; 3 1 3 4 3 2 2 4 
61.76 ; 4.514e-06 ; True ; 19 276 409 499 530 604 610  ; 3 1 2 5 3 2 3 4 
62.6 ; 4.873e-06 ; True ; 19 276 340 469 499 530 610  ; 3 1 3 3 2 3 3 3 
64.32 ; 5.226e-06 ; True ; 19 276 340 499 530 546 610  ; 4 1 3 4 3 2 2 4 
64.69 ; 5.391e-06 ; True ; 19 276 340 499 530 604 610  ; 4 1 3 4 2 2 3 4 
66.79 ; 5.416e-06 ; True ; 19 110 276 340 409 469 499 530  ; 2 1 3 4 3 2 3 5 
67.08 ; 5.71e-06 ; True ; 19 81 276 340 499 530 604  ; 3 1 3 3 3 2 3 4 
68.09 ; 6.255e-06 ; True ; 19 276 340 385 499 530 604  ; 3 1 3 4 3 2 3 4 
69.71 ; 7.206e-06 ; True ; 19 276 340 385 499 530 610  ; 3 1 3 4 3 3 3 3 
73.32 ; 7.279e-06 ; True ; 19 233 276 340 469 499 530 546  ; 4 1 3 4 3 2 3 4 
75.32 ; 7.372e-06 ; True ; 19 110 276 340 409 499 530 610  ; 3 1 3 5 3 2 3 5 
75.76 ; 8.177e-06 ; True ; 19 276 340 469 499 530 546 604  ; 4 1 3 4 3 2 3 5 
76.25 ; 8.587e-06 ; True ; 19 276 340 409 469 499 530 610  ; 3 1 3 4 3 3 3 4 
80.96 ; 9.993e-06 ; True ; 19 276 340 469 499 530 546 610  ; 4 1 3 4 3 3 3 4 
83.6 ; 1.012e-05 ; True ; 19 133 276 340 409 469 499 530 604  ; 3 1 3 5 3 3 3 5 
84.45 ; 1.035e-05 ; True ; 19 276 340 385 469 499 530 546  ; 3 1 3 4 4 3 3 4 
85.35 ; 1.086e-05 ; True ; 19 276 340 385 409 499 530 610  ; 3 1 3 5 4 3 3 4 
86.3 ; 1.11e-05 ; True ; 19 276 340 385 438 499 530 610  ; 3 1 4 4 3 3 3 4 
87.36 ; 1.118e-05 ; True ; 19 110 276 340 385 499 530 610  ; 3 1 3 5 3 3 4 4 
89.53 ; 1.178e-05 ; True ; 19 133 276 340 469 499 530 546 604  ; 4 1 3 5 3 3 3 5 
89.82 ; 1.264e-05 ; True ; 19 276 340 385 499 530 546 610  ; 4 1 3 5 4 3 3 4 
90.42 ; 1.301e-05 ; True ; 19 276 340 385 499 530 604 610  ; 4 1 3 5 3 3 4 4 
96.56 ; 1.42e-05 ; True ; 19 276 340 409 469 499 530 546 610  ; 4 1 3 5 4 3 3 5 
96.94 ; 1.461e-05 ; True ; 19 276 340 409 469 499 530 604 610  ; 4 1 3 5 3 3 4 5 
102 ; 1.503e-05 ; True ; 19 276 340 385 438 469 499 530 546  ; 3 1 4 4 4 3 3 5 
102.1 ; 1.514e-05 ; True ; 19 110 276 340 385 469 499 530 546  ; 3 1 3 5 4 3 4 5 
102.6 ; 1.608e-05 ; True ; 19 276 340 469 499 530 546 604 610  ; 5 1 3 5 3 3 4 5 
104.9 ; 1.623e-05 ; True ; 19 110 276 340 385 438 499 530 610  ; 3 1 4 5 3 3 4 5 
105.4 ; 1.679e-05 ; True ; 19 81 276 340 469 499 530 546 604  ; 4 1 3 4 4 3 4 5 
105.9 ; 1.686e-05 ; True ; 19 276 340 385 438 469 499 530 610  ; 3 1 4 4 3 4 4 4 
107.1 ; 1.761e-05 ; True ; 19 276 340 385 469 499 530 546 604  ; 4 1 3 5 4 3 4 5 
108 ; 1.808e-05 ; True ; 19 276 340 385 409 499 530 604 610  ; 4 1 3 6 4 3 4 5 
108.4 ; 1.835e-05 ; True ; 19 276 340 385 438 499 530 546 610  ; 4 1 4 5 4 3 3 5 
109 ; 1.889e-05 ; True ; 19 276 340 385 438 499 530 604 610  ; 4 1 4 5 3 3 4 5 
110.4 ; 1.919e-05 ; True ; 19 276 340 385 469 499 530 546 610  ; 4 1 3 5 4 4 4 4 
113.5 ; 1.989e-05 ; True ; 19 276 340 385 499 530 546 604 610  ; 5 1 3 6 4 3 4 5 
114.9 ; 2.027e-05 ; True ; 19 276 340 385 499 530 546 610 633  ; 4 1 4 5 4 3 4 4 
115.5 ; 2.048e-05 ; True ; 19 276 340 409 438 469 499 530 604 610  ; 4 1 4 5 3 3 4 6 
118.4 ; 2.058e-05 ; True ; 19 102 276 340 385 499 530 610 633  ; 4 1 4 5 3 4 4 4 
119.5 ; 2.078e-05 ; True ; 19 233 276 340 438 469 499 530 546 610  ; 5 1 4 5 3 3 4 5 
120.2 ; 2.157e-05 ; True ; 19 276 340 409 469 499 530 546 604 610  ; 5 1 3 6 4 3 4 6 
121.2 ; 2.253e-05 ; True ; 19 276 340 438 469 499 530 546 604 610  ; 5 1 4 5 3 3 4 6 
123.1 ; 2.277e-05 ; True ; 19 233 276 340 385 438 469 499 530 546  ; 4 1 4 5 4 3 4 5 
125 ; 2.353e-05 ; True ; 19 81 276 340 438 469 499 530 546 604  ; 4 1 4 4 4 3 4 6 
125.4 ; 2.365e-05 ; True ; 19 276 340 346 385 438 469 499 530 610  ; 4 1 4 4 4 4 4 4 
125.4 ; 2.395e-05 ; True ; 19 276 340 385 409 438 469 499 530 610  ; 3 1 4 5 4 4 4 5 
126.7 ; 2.468e-05 ; True ; 19 276 340 385 438 469 499 530 546 604  ; 4 1 4 5 4 3 4 6 
128.6 ; 2.534e-05 ; True ; 19 276 340 385 409 438 499 530 604 610  ; 4 1 4 6 4 3 4 6 
129.9 ; 2.787e-05 ; True ; 19 276 340 385 438 469 499 530 546 610  ; 4 1 4 5 4 4 4 5 
134.1 ; 2.788e-05 ; True ; 19 276 340 385 438 499 530 546 604 610  ; 5 1 4 6 4 3 4 6 
136 ; 2.838e-05 ; True ; 19 276 340 385 469 499 530 546 604 610  ; 5 1 3 6 4 4 5 5 
136.4 ; 2.86e-05 ; True ; 19 88 276 340 385 469 499 530 546 610  ; 4 1 4 6 4 4 4 5 
138.3 ; 2.891e-05 ; True ; 19 276 340 385 469 499 530 546 610 633  ; 4 1 4 5 4 4 5 4 
140.6 ; 2.997e-05 ; True ; 19 276 340 385 499 530 546 604 610 633  ; 5 1 4 6 4 3 5 5 
142.1 ; 3.043e-05 ; True ; 19 102 276 340 385 499 530 604 610 633  ; 5 1 4 6 3 4 5 5 
143.9 ; 3.163e-05 ; True ; 19 81 276 340 385 438 499 530 546 610  ; 4 1 4 5 5 4 4 5 
144.5 ; 3.248e-05 ; True ; 19 81 276 340 385 438 499 530 604 610  ; 4 1 4 5 4 4 5 5 
149.3 ; 3.334e-05 ; True ; 19 71 276 340 385 438 499 530 604 610  ; 4 1 4 6 4 4 5 5 
151.4 ; 3.52e-05 ; True ; 19 276 340 385 409 438 469 499 530 546 610  ; 4 1 4 6 5 4 4 6 
151.5 ; 3.663e-05 ; True ; 19 276 340 385 438 456 469 499 530 546 610  ; 4 1 5 5 4 4 4 6 
154.8 ; 3.668e-05 ; True ; 19 233 276 340 385 438 469 499 530 546 610  ; 5 1 4 6 4 4 5 5 
157.5 ; 3.978e-05 ; True ; 19 276 340 385 438 469 499 530 546 604 610  ; 5 1 4 6 4 4 5 6 
164.2 ; 3.997e-05 ; True ; 19 81 276 340 385 438 469 499 530 546 604  ; 4 1 4 5 5 4 5 6 
165.6 ; 4.035e-05 ; True ; 19 102 276 340 385 409 499 530 604 610 633  ; 5 1 4 7 4 4 5 6 
165.9 ; 4.113e-05 ; True ; 19 276 340 385 469 499 530 546 604 610 633  ; 5 1 4 6 4 4 6 5 
167.5 ; 4.157e-05 ; True ; 19 81 276 340 385 438 456 499 530 546 610  ; 4 1 5 5 5 4 4 6 
168.1 ; 4.269e-05 ; True ; 19 81 276 340 385 438 456 499 530 604 610  ; 4 1 5 5 4 4 5 6 
171.8 ; 4.298e-05 ; True ; 19 102 276 340 385 499 530 546 604 610 633  ; 6 1 4 7 4 4 5 6 
173.5 ; 4.515e-05 ; True ; 19 81 276 340 385 438 499 530 546 604 610  ; 5 1 4 6 5 4 5 6 
174 ; 4.575e-05 ; True ; 19 276 340 346 385 438 456 469 499 530 546 610  ; 5 1 5 5 5 4 4 6 
177.7 ; 4.578e-05 ; True ; 19 81 102 276 340 385 438 499 530 604 610  ; 5 1 4 6 4 5 5 6 
179.3 ; 4.58e-05 ; True ; 19 71 276 340 385 438 499 530 546 604 610  ; 5 1 4 7 5 4 5 6 
180.1 ; 4.668e-05 ; True ; 19 81 276 340 385 499 530 546 604 610 633  ; 5 1 4 6 5 4 6 5 
181 ; 4.853e-05 ; True ; 19 276 340 385 409 438 469 499 530 546 604 610  ; 5 1 4 7 5 4 5 7 
181.1 ; 5.109e-05 ; True ; 19 276 340 385 438 456 469 499 530 546 604 610  ; 5 1 5 6 4 4 5 7 
187.8 ; 5.134e-05 ; True ; 19 81 276 340 385 438 456 469 499 530 546 604  ; 4 1 5 5 5 4 5 7 
190.3 ; 5.406e-05 ; True ; 19 276 340 385 438 469 499 530 546 604 610 633  ; 5 1 5 6 4 4 6 6 
193 ; 5.577e-05 ; True ; 19 81 276 340 385 438 456 469 499 530 546 610  ; 4 1 5 5 5 5 5 6 
199.1 ; 5.799e-05 ; True ; 19 81 276 340 385 438 456 499 530 546 604 610  ; 5 1 5 6 5 4 5 7 
200 ; 5.826e-05 ; True ; 19 81 276 340 385 438 469 499 530 546 604 610  ; 5 1 4 6 5 5 6 6 
204.2 ; 5.881e-05 ; True ; 19 81 102 276 340 385 438 456 499 530 604 610  ; 5 1 5 6 4 5 5 7 
205.9 ; 5.883e-05 ; True ; 19 71 276 340 385 438 456 499 530 546 604 610  ; 5 1 5 7 5 4 5 7 
206 ; 5.978e-05 ; True ; 19 64 81 276 340 385 438 499 530 604 610 633  ; 5 1 5 5 5 4 6 6 
206.4 ; 6.135e-05 ; True ; 19 81 276 340 385 438 499 530 546 604 610 633  ; 5 1 5 6 5 4 6 6 
209.8 ; 6.222e-05 ; True ; 19 81 102 276 340 385 438 499 530 604 610 633  ; 5 1 5 6 4 5 6 6 
212.9 ; 6.299e-05 ; True ; 19 81 102 276 340 385 438 499 530 546 610 633  ; 5 1 5 6 5 5 5 6 
215.8 ; 6.391e-05 ; True ; 19 81 276 340 385 438 491 499 530 546 604 610  ; 5 1 5 7 5 5 5 6 
216.7 ; 6.668e-05 ; True ; 19 276 340 385 438 456 469 499 530 546 604 610 633  ; 5 1 6 6 4 4 6 7 
224.1 ; 6.701e-05 ; True ; 19 81 233 276 340 385 456 469 499 530 546 604 633  ; 5 1 5 6 5 4 7 6 
224.1 ; 6.846e-05 ; True ; 19 102 276 340 385 438 456 469 499 530 546 610 633  ; 5 1 6 6 4 5 5 7 
224.3 ; 6.925e-05 ; True ; 19 276 340 378 385 438 469 499 530 546 604 610 633  ; 6 1 5 6 5 4 6 7 
226.9 ; 7.023e-05 ; True ; 19 64 102 276 340 385 438 469 499 530 604 610 633  ; 6 1 5 6 4 5 6 7 
227.3 ; 7.125e-05 ; True ; 19 102 276 340 385 438 469 499 530 546 604 610 633  ; 6 1 5 7 4 5 6 7 
229.5 ; 7.278e-05 ; True ; 19 81 276 340 385 438 456 469 499 530 546 610 633  ; 4 1 6 5 5 5 6 6 
234.3 ; 7.291e-05 ; True ; 19 64 81 102 276 340 385 438 469 499 530 604 633  ; 5 1 5 5 5 5 6 7 
234.8 ; 7.568e-05 ; True ; 19 81 276 340 385 438 456 499 530 546 604 610 633  ; 5 1 6 6 5 4 6 7 
235.7 ; 7.713e-05 ; True ; 19 81 276 340 385 438 469 499 530 546 604 610 633  ; 5 1 5 6 5 5 7 6 
243.5 ; 7.77e-05 ; True ; 19 81 276 340 385 438 456 499 530 534 546 604 610  ; 5 1 6 6 5 5 5 7 
244.2 ; 7.827e-05 ; True ; 19 81 102 276 340 385 456 469 499 530 546 610 633  ; 5 1 5 6 5 6 6 6 
245.5 ; 8.087e-05 ; True ; 19 81 102 276 340 385 438 499 530 546 604 610 633  ; 6 1 5 7 5 5 6 7 
251.2 ; 8.221e-05 ; True ; 19 64 81 276 340 385 438 491 499 530 604 610 633  ; 5 1 6 6 5 5 6 6 
252.6 ; 8.34e-05 ; True ; 19 81 276 340 385 438 491 499 530 546 604 610 633  ; 5 1 6 7 5 5 6 6 
256.7 ; 8.397e-05 ; True ; 19 102 276 340 385 438 456 469 499 525 530 546 610 633  ; 6 1 6 7 5 5 5 7 
256.8 ; 8.409e-05 ; True ; 19 64 274 276 340 385 438 469 499 530 546 604 610 633  ; 6 1 6 6 5 4 6 8 
261.6 ; 8.562e-05 ; True ; 19 71 81 276 340 385 438 499 530 546 604 610 633  ; 5 1 5 7 6 5 7 6 
262.1 ; 8.678e-05 ; True ; 19 64 102 276 340 378 385 438 469 499 530 604 610 633  ; 7 1 5 6 5 5 6 8 
262.8 ; 8.748e-05 ; True ; 19 81 274 276 340 346 385 438 469 499 530 604 610 633  ; 5 1 6 5 5 5 7 6 
264.6 ; 8.854e-05 ; True ; 19 64 81 102 276 340 385 438 456 469 499 530 604 633  ; 5 1 6 5 5 5 6 8 
265.1 ; 9.514e-05 ; True ; 19 81 276 340 385 438 456 469 499 530 546 604 610 633  ; 5 1 6 6 5 5 7 7 
271.8 ; 9.526e-05 ; True ; 19 64 81 276 340 385 438 469 499 530 546 604 610 633  ; 6 1 5 6 6 5 7 7 
276.3 ; 9.648e-05 ; True ; 19 64 81 102 276 340 385 438 469 499 530 604 610 633  ; 6 1 5 6 5 6 7 7 
276.8 ; 9.82e-05 ; True ; 19 81 102 276 340 385 438 456 499 530 546 604 610 633  ; 6 1 6 7 5 5 6 8 
287.6 ; 9.894e-05 ; True ; 19 71 81 276 340 385 438 456 469 499 530 546 610 633  ; 4 1 6 6 6 6 7 6 
294 ; 0.0001056 ; True ; 19 71 81 276 340 385 438 456 499 530 546 604 610 633  ; 5 1 6 7 6 5 7 7 
305 ; 0.0001071 ; True ; 19 71 81 102 276 340 378 385 438 499 530 604 610 633  ; 6 1 5 7 6 6 7 7 
307.9 ; 0.000108 ; True ; 19 71 81 102 121 276 340 385 438 499 530 604 610 633  ; 6 1 5 8 6 6 7 7 
309.2 ; 0.0001157 ; True ; 19 64 81 274 276 340 385 438 469 499 530 546 604 610 633  ; 6 1 6 6 6 5 7 8 
309.9 ; 0.0001189 ; True ; 19 81 102 276 340 385 438 456 469 499 530 546 604 610 633  ; 6 1 6 7 5 6 7 8 
332.4 ; 0.0001194 ; True ; 19 71 81 157 276 340 385 438 456 499 530 604 610 633  ; 5 1 7 6 5 6 7 7 
332.5 ; 0.0001196 ; True ; 19 71 81 157 276 340 385 438 456 499 530 546 610 633  ; 5 1 7 6 6 6 6 7 
336.4 ; 0.0001239 ; True ; 19 71 81 102 274 276 340 385 438 469 499 530 604 610 633  ; 5 1 6 7 5 7 8 7 
341.2 ; 0.0001257 ; True ; 19 81 121 276 340 385 399 438 469 491 499 530 604 610 633  ; 6 1 6 8 6 6 7 7 
348.9 ; 0.000133 ; True ; 19 81 102 233 274 276 340 378 385 438 469 499 530 604 610 633  ; 7 1 6 7 5 6 8 8 
364 ; 0.0001358 ; True ; 19 71 81 102 121 276 340 385 438 499 530 534 604 610 633  ; 6 1 6 8 6 7 7 7 
365.8 ; 0.0001387 ; True ; 19 64 81 276 340 378 385 438 469 499 528 530 534 604 610 633  ; 6 1 6 5 6 7 8 7 
366.6 ; 0.0001412 ; True ; 19 64 71 102 274 276 340 385 438 469 499 530 546 604 610 633  ; 7 1 6 8 6 6 7 9 
379.8 ; 0.0001444 ; True ; 19 71 81 157 276 340 385 456 469 499 530 546 604 610 633  ; 6 1 6 7 6 7 8 7 
383.3 ; 0.0001473 ; True ; 19 71 81 157 276 340 385 399 438 456 499 530 604 610 633  ; 6 1 7 7 6 6 7 8 
398.7 ; 0.0001538 ; True ; 19 71 81 157 276 340 385 456 491 499 530 546 604 610 633  ; 6 1 7 8 6 7 7 7 
411.3 ; 0.0001591 ; True ; 19 71 81 157 276 280 340 385 438 499 530 604 610 614 633  ; 6 1 7 7 6 7 7 8 
424.5 ; 0.0001612 ; True ; 19 71 81 84 157 276 340 385 438 456 469 499 530 604 610 633  ; 6 1 7 6 6 7 8 7 
428.2 ; 0.0001619 ; True ; 19 71 81 121 157 276 323 340 385 499 530 604 610 614 633  ; 6 1 7 7 6 8 7 7 
429.9 ; 0.0001629 ; True ; 19 71 81 157 276 280 340 385 399 475 499 530 610 614 633  ; 6 1 7 7 7 7 7 7 
434.3 ; 0.0001632 ; True ; 19 71 81 157 234 276 340 385 491 499 530 604 610 614 633  ; 6 1 7 8 6 8 7 7 
434.5 ; 0.0001706 ; True ; 19 71 81 157 276 340 385 438 456 467 499 530 546 604 610 633  ; 6 1 7 7 6 7 8 8 
450.8 ; 0.0001728 ; True ; 19 71 81 157 233 234 276 340 385 438 491 499 530 604 610 633  ; 7 1 7 9 6 7 8 7 
464 ; 0.0001748 ; True ; 19 71 121 157 274 276 340 385 438 469 485 499 530 546 604 610 633  ; 7 1 7 8 7 6 7 10 
465.2 ; 0.0001765 ; True ; 19 71 81 157 237 274 276 340 385 438 499 530 604 610 614 633  ; 6 1 8 7 6 7 7 8 
474.1 ; 0.0001768 ; True ; 19 71 72 81 157 276 385 438 456 499 530 546 604 610 614 633  ; 6 1 7 8 7 7 7 9 
476.1 ; 0.0001825 ; True ; 19 71 81 99 121 157 276 340 385 491 499 530 604 610 614 633  ; 6 1 7 8 6 8 8 8 
485.2 ; 0.0001863 ; True ; 19 64 81 157 234 276 340 385 456 466 469 499 530 534 604 610 633  ; 7 1 7 6 6 8 8 8 
486.8 ; 0.0001864 ; True ; 19 71 81 157 234 276 340 378 385 399 475 499 530 610 614 633  ; 7 1 7 7 8 7 7 8 
489.7 ; 0.0001907 ; True ; 19 71 81 157 234 276 340 385 491 499 530 546 604 610 614 633  ; 7 1 7 9 7 8 7 8 
517 ; 0.0002082 ; True ; 19 71 81 102 157 274 276 340 385 456 499 530 546 604 610 614 633  ; 7 1 8 8 6 8 7 10 
580.7 ; 0.0002249 ; True ; 19 71 81 157 206 276 280 340 373 385 475 499 530 604 610 614 633  ; 7 1 8 8 7 7 9 8 


RUN 10:
Optimum Distance: 11.84
Optimal Team: 19,276,499,
Required Skills: 0 1 4 9 10 18 23 24 
Distance; Skill Score; isValid; Team; Skill Counts
11.84 ; 2.368e-08 ; True ; 19 276 499  ; 1 1 1 2 1 1 1 1 
14.81 ; 2.763e-08 ; True ; 71 157 276  ; 1 1 1 1 1 2 1 1 
18.63 ; 7.172e-08 ; True ; 121 274 276 499  ; 2 1 1 2 1 1 1 2 
18.71 ; 9.024e-08 ; True ; 19 276 409 499  ; 1 1 1 3 2 1 1 2 
19.62 ; 9.05e-08 ; True ; 19 233 276 499  ; 2 1 1 3 1 1 2 1 
19.78 ; 1.453e-07 ; True ; 19 276 499 530  ; 1 1 2 2 2 1 1 2 
20.64 ; 1.547e-07 ; True ; 19 276 499 546  ; 2 1 1 3 2 1 1 2 
20.73 ; 1.599e-07 ; True ; 19 276 499 604  ; 2 1 1 3 1 1 2 2 
23.43 ; 1.652e-07 ; True ; 19 276 499 610  ; 2 1 1 3 1 2 2 1 
23.55 ; 1.727e-07 ; True ; 19 276 385 610  ; 1 1 1 3 2 2 2 1 
25.68 ; 2.346e-07 ; True ; 71 72 157 276  ; 2 1 1 2 2 2 1 2 
27.56 ; 2.766e-07 ; True ; 121 274 276 499 604  ; 3 1 1 3 1 1 2 3 
27.62 ; 3.147e-07 ; True ; 19 276 409 499 530  ; 1 1 2 3 3 1 1 3 
28.52 ; 3.995e-07 ; True ; 19 276 340 409 499  ; 2 1 2 3 2 1 1 3 
29.51 ; 4.699e-07 ; True ; 19 276 340 469 499  ; 2 1 2 2 1 2 2 2 
30.39 ; 5.554e-07 ; True ; 19 233 276 499 530  ; 2 1 2 3 2 1 2 2 
31.61 ; 7.403e-07 ; True ; 19 276 499 530 604  ; 2 1 2 3 2 1 2 3 
34.28 ; 1.014e-06 ; True ; 19 276 499 530 610  ; 2 1 2 3 2 2 2 2 
39.31 ; 1.351e-06 ; True ; 19 276 340 409 469 499  ; 2 1 2 3 2 2 2 3 
41.47 ; 1.48e-06 ; True ; 19 133 276 499 530 604  ; 2 1 2 4 2 2 2 3 
42.25 ; 1.753e-06 ; True ; 19 276 340 469 499 546  ; 3 1 2 3 2 2 2 3 
43.31 ; 1.824e-06 ; True ; 19 276 469 499 530 546  ; 2 1 2 3 3 2 2 3 
44.31 ; 1.882e-06 ; True ; 19 276 469 499 530 604  ; 2 1 2 3 2 2 3 3 
44.99 ; 1.998e-06 ; True ; 19 276 409 499 530 610  ; 2 1 2 4 3 2 2 3 
47.2 ; 2.288e-06 ; True ; 19 102 276 499 530 604  ; 3 1 2 4 2 2 2 4 
47.94 ; 2.548e-06 ; True ; 19 276 340 499 530 610  ; 3 1 3 3 2 2 2 3 
48.69 ; 2.593e-06 ; True ; 19 276 499 530 546 610  ; 3 1 2 4 3 2 2 3 
49.05 ; 2.674e-06 ; True ; 19 276 499 530 604 610  ; 3 1 2 4 2 2 3 3 
52.37 ; 2.783e-06 ; True ; 19 276 385 499 530 604  ; 2 1 2 4 3 2 3 3 
53.06 ; 3.16e-06 ; True ; 19 276 340 409 469 499 530  ; 2 1 3 3 3 2 2 4 
54.11 ; 3.187e-06 ; True ; 19 276 340 409 469 499 604  ; 3 1 2 4 2 2 3 4 
55.01 ; 3.26e-06 ; True ; 19 110 276 340 469 499 530  ; 2 1 3 3 2 2 3 4 
55.2 ; 3.326e-06 ; True ; 19 133 276 340 499 530 604  ; 3 1 3 4 2 2 2 4 
56.58 ; 3.549e-06 ; True ; 19 233 276 340 469 499 530  ; 3 1 3 3 2 2 3 3 
57.03 ; 4.1e-06 ; True ; 19 276 340 469 499 530 546  ; 3 1 3 3 3 2 2 4 
58.04 ; 4.229e-06 ; True ; 19 276 340 469 499 530 604  ; 3 1 3 3 2 2 3 4 
59.65 ; 4.491e-06 ; True ; 19 276 340 409 499 530 610  ; 3 1 3 4 3 2 2 4 
61.76 ; 4.514e-06 ; True ; 19 276 409 499 530 604 610  ; 3 1 2 5 3 2 3 4 
62.6 ; 4.873e-06 ; True ; 19 276 340 469 499 530 610  ; 3 1 3 3 2 3 3 3 
64.32 ; 5.226e-06 ; True ; 19 276 340 499 530 546 610  ; 4 1 3 4 3 2 2 4 
64.69 ; 5.391e-06 ; True ; 19 276 340 499 530 604 610  ; 4 1 3 4 2 2 3 4 
66.79 ; 5.416e-06 ; True ; 19 110 276 340 409 469 499 530  ; 2 1 3 4 3 2 3 5 
67.08 ; 5.71e-06 ; True ; 19 81 276 340 499 530 604  ; 3 1 3 3 3 2 3 4 
68.09 ; 6.255e-06 ; True ; 19 276 340 385 499 530 604  ; 3 1 3 4 3 2 3 4 
69.71 ; 7.206e-06 ; True ; 19 276 340 385 499 530 610  ; 3 1 3 4 3 3 3 3 
73.32 ; 7.279e-06 ; True ; 19 233 276 340 469 499 530 546  ; 4 1 3 4 3 2 3 4 
75.32 ; 7.372e-06 ; True ; 19 110 276 340 409 499 530 610  ; 3 1 3 5 3 2 3 5 
75.76 ; 8.177e-06 ; True ; 19 276 340 469 499 530 546 604  ; 4 1 3 4 3 2 3 5 
76.25 ; 8.587e-06 ; True ; 19 276 340 409 469 499 530 610  ; 3 1 3 4 3 3 3 4 
80.96 ; 9.993e-06 ; True ; 19 276 340 469 499 530 546 610  ; 4 1 3 4 3 3 3 4 
84.45 ; 1.035e-05 ; True ; 19 276 340 385 469 499 530 546  ; 3 1 3 4 4 3 3 4 
85.35 ; 1.086e-05 ; True ; 19 276 340 385 409 499 530 610  ; 3 1 3 5 4 3 3 4 
86.3 ; 1.11e-05 ; True ; 19 276 340 385 438 499 530 610  ; 3 1 4 4 3 3 3 4 
87.36 ; 1.118e-05 ; True ; 19 110 276 340 385 499 530 610  ; 3 1 3 5 3 3 4 4 
89.53 ; 1.178e-05 ; True ; 19 133 276 340 469 499 530 546 604  ; 4 1 3 5 3 3 3 5 
89.82 ; 1.264e-05 ; True ; 19 276 340 385 499 530 546 610  ; 4 1 3 5 4 3 3 4 
90.42 ; 1.301e-05 ; True ; 19 276 340 385 499 530 604 610  ; 4 1 3 5 3 3 4 4 
96.57 ; 1.42e-05 ; True ; 19 276 340 409 469 499 530 546 610  ; 4 1 3 5 4 3 3 5 
96.94 ; 1.461e-05 ; True ; 19 276 340 409 469 499 530 604 610  ; 4 1 3 5 3 3 4 5 
102 ; 1.503e-05 ; True ; 19 276 340 385 438 469 499 530 546  ; 3 1 4 4 4 3 3 5 
102.1 ; 1.514e-05 ; True ; 19 110 276 340 385 469 499 530 546  ; 3 1 3 5 4 3 4 5 
102.6 ; 1.608e-05 ; True ; 19 276 340 469 499 530 546 604 610  ; 5 1 3 5 3 3 4 5 
104.9 ; 1.623e-05 ; True ; 19 110 276 340 385 438 499 530 610  ; 3 1 4 5 3 3 4 5 
105.4 ; 1.679e-05 ; True ; 19 81 276 340 469 499 530 546 604  ; 4 1 3 4 4 3 4 5 
105.9 ; 1.686e-05 ; True ; 19 276 340 385 438 469 499 530 610  ; 3 1 4 4 3 4 4 4 
107.1 ; 1.761e-05 ; True ; 19 276 340 385 469 499 530 546 604  ; 4 1 3 5 4 3 4 5 
108 ; 1.808e-05 ; True ; 19 276 340 385 409 499 530 604 610  ; 4 1 3 6 4 3 4 5 
108.4 ; 1.835e-05 ; True ; 19 276 340 385 438 499 530 546 610  ; 4 1 4 5 4 3 3 5 
109 ; 1.889e-05 ; True ; 19 276 340 385 438 499 530 604 610  ; 4 1 4 5 3 3 4 5 
110.4 ; 1.919e-05 ; True ; 19 276 340 385 469 499 530 546 610  ; 4 1 3 5 4 4 4 4 
113.5 ; 1.989e-05 ; True ; 19 276 340 385 499 530 546 604 610  ; 5 1 3 6 4 3 4 5 
114.9 ; 2.027e-05 ; True ; 19 276 340 385 499 530 546 610 633  ; 4 1 4 5 4 3 4 4 
115.5 ; 2.048e-05 ; True ; 19 276 340 409 438 469 499 530 604 610  ; 4 1 4 5 3 3 4 6 
118.4 ; 2.058e-05 ; True ; 19 102 276 340 385 499 530 610 633  ; 4 1 4 5 3 4 4 4 
119.5 ; 2.078e-05 ; True ; 19 233 276 340 438 469 499 530 546 610  ; 5 1 4 5 3 3 4 5 
120.2 ; 2.157e-05 ; True ; 19 276 340 409 469 499 530 546 604 610  ; 5 1 3 6 4 3 4 6 
121.2 ; 2.253e-05 ; True ; 19 276 340 438 469 499 530 546 604 610  ; 5 1 4 5 3 3 4 6 
123.1 ; 2.277e-05 ; True ; 19 233 276 340 385 438 469 499 530 546  ; 4 1 4 5 4 3 4 5 
125 ; 2.353e-05 ; True ; 19 81 276 340 438 469 499 530 546 604  ; 4 1 4 4 4 3 4 6 
125.4 ; 2.395e-05 ; True ; 19 276 340 385 409 438 469 499 530 610  ; 3 1 4 5 4 4 4 5 
126.7 ; 2.468e-05 ; True ; 19 276 340 385 438 469 499 530 546 604  ; 4 1 4 5 4 3 4 6 
128.6 ; 2.534e-05 ; True ; 19 276 340 385 409 438 499 530 604 610  ; 4 1 4 6 4 3 4 6 
129.9 ; 2.787e-05 ; True ; 19 276 340 385 438 469 499 530 546 610  ; 4 1 4 5 4 4 4 5 
134.1 ; 2.788e-05 ; True ; 19 276 340 385 438 499 530 546 604 610  ; 5 1 4 6 4 3 4 6 
136 ; 2.838e-05 ; True ; 19 276 340 385 469 499 530 546 604 610  ; 5 1 3 6 4 4 5 5 
136.4 ; 2.86e-05 ; True ; 19 88 276 340 385 469 499 530 546 610  ; 4 1 4 6 4 4 4 5 
138.3 ; 2.891e-05 ; True ; 19 276 340 385 469 499 530 546 610 633  ; 4 1 4 5 4 4 5 4 
140.6 ; 2.997e-05 ; True ; 19 276 340 385 499 530 546 604 610 633  ; 5 1 4 6 4 3 5 5 
142.1 ; 3.043e-05 ; True ; 19 102 276 340 385 499 530 604 610 633  ; 5 1 4 6 3 4 5 5 
143.9 ; 3.163e-05 ; True ; 19 81 276 340 385 438 499 530 546 610  ; 4 1 4 5 5 4 4 5 
144.5 ; 3.248e-05 ; True ; 19 81 276 340 385 438 499 530 604 610  ; 4 1 4 5 4 4 5 5 
149.3 ; 3.334e-05 ; True ; 19 71 276 340 385 438 499 530 604 610  ; 4 1 4 6 4 4 5 5 
151.5 ; 3.663e-05 ; True ; 19 276 340 385 438 456 469 499 530 546 610  ; 4 1 5 5 4 4 4 6 
155.9 ; 3.668e-05 ; True ; 19 233 276 340 385 456 469 499 530 546 610  ; 5 1 4 6 4 4 5 5 
157.5 ; 3.978e-05 ; True ; 19 276 340 385 438 469 499 530 546 604 610  ; 5 1 4 6 4 4 5 6 
164.2 ; 3.997e-05 ; True ; 19 81 276 340 385 438 469 499 530 546 604  ; 4 1 4 5 5 4 5 6 
165.9 ; 4.113e-05 ; True ; 19 276 340 385 469 499 530 546 604 610 633  ; 5 1 4 6 4 4 6 5 
167.5 ; 4.157e-05 ; True ; 19 81 276 340 385 438 456 499 530 546 610  ; 4 1 5 5 5 4 4 6 
168.1 ; 4.269e-05 ; True ; 19 81 276 340 385 438 456 499 530 604 610  ; 4 1 5 5 4 4 5 6 
171.8 ; 4.298e-05 ; True ; 19 102 276 340 385 499 530 546 604 610 633  ; 6 1 4 7 4 4 5 6 
173.5 ; 4.515e-05 ; True ; 19 81 276 340 385 438 499 530 546 604 610  ; 5 1 4 6 5 4 5 6 
177.7 ; 4.578e-05 ; True ; 19 81 102 276 340 385 438 499 530 604 610  ; 5 1 4 6 4 5 5 6 
178.3 ; 4.822e-05 ; True ; 19 233 276 340 385 438 456 469 499 530 546 610  ; 5 1 5 6 4 4 5 6 
181.1 ; 5.109e-05 ; True ; 19 276 340 385 438 456 469 499 530 546 604 610  ; 5 1 5 6 4 4 5 7 
187.8 ; 5.134e-05 ; True ; 19 81 276 340 385 438 456 469 499 530 546 604  ; 4 1 5 5 5 4 5 7 
190.3 ; 5.406e-05 ; True ; 19 276 340 385 438 469 499 530 546 604 610 633  ; 5 1 5 6 4 4 6 6 
196 ; 5.432e-05 ; True ; 19 81 276 340 385 438 469 499 530 546 604 633  ; 4 1 5 5 5 4 6 6 
196.8 ; 5.55e-05 ; True ; 19 102 276 340 385 438 469 499 530 546 610 633  ; 5 1 5 6 4 5 5 6 
199.1 ; 5.799e-05 ; True ; 19 81 276 340 385 438 456 499 530 546 604 610  ; 5 1 5 6 5 4 5 7 
200 ; 5.826e-05 ; True ; 19 81 276 340 385 438 469 499 530 546 604 610  ; 5 1 4 6 5 5 6 6 
205.9 ; 5.883e-05 ; True ; 19 71 276 340 385 438 456 499 530 546 604 610  ; 5 1 5 7 5 4 5 7 
206 ; 5.978e-05 ; True ; 19 64 81 276 340 385 438 499 530 604 610 633  ; 5 1 5 5 5 4 6 6 
206.4 ; 6.135e-05 ; True ; 19 81 276 340 385 438 499 530 546 604 610 633  ; 5 1 5 6 5 4 6 6 
209.8 ; 6.222e-05 ; True ; 19 81 102 276 340 385 438 499 530 604 610 633  ; 5 1 5 6 4 5 6 6 
212.9 ; 6.299e-05 ; True ; 19 81 102 276 340 385 438 499 530 546 610 633  ; 5 1 5 6 5 5 5 6 
215.8 ; 6.391e-05 ; True ; 19 81 276 340 385 438 491 499 530 546 604 610  ; 5 1 5 7 5 5 5 6 
217.4 ; 6.417e-05 ; True ; 19 71 81 276 340 385 438 456 499 530 604 610  ; 4 1 5 6 5 5 6 6 
220.8 ; 6.668e-05 ; True ; 19 274 276 340 385 438 469 499 530 546 604 610 633  ; 5 1 6 6 4 4 6 7 
225.8 ; 6.689e-05 ; True ; 19 102 276 340 385 456 461 469 499 530 604 610 633  ; 5 1 5 7 4 5 6 7 
226.5 ; 6.742e-05 ; True ; 19 81 99 276 340 385 438 469 499 530 546 604 610  ; 5 1 4 6 5 5 7 7 
226.5 ; 7.483e-05 ; True ; 19 81 276 340 385 438 456 469 499 530 546 604 610  ; 5 1 5 6 5 5 6 7 
234.2 ; 7.592e-05 ; True ; 19 71 276 340 385 438 456 469 499 530 546 604 610  ; 5 1 5 7 5 5 6 7 
235.7 ; 7.713e-05 ; True ; 19 81 276 340 385 438 469 499 530 546 604 610 633  ; 5 1 5 6 5 5 7 6 
242.3 ; 7.77e-05 ; True ; 19 81 102 276 340 385 438 456 499 530 546 610 633  ; 5 1 6 6 5 5 5 7 
243.1 ; 7.827e-05 ; True ; 19 81 102 276 340 385 438 469 499 530 546 610 633  ; 5 1 5 6 5 6 6 6 
245.5 ; 8.087e-05 ; True ; 19 81 102 276 340 385 438 499 530 546 604 610 633  ; 6 1 5 7 5 5 6 7 
250.8 ; 8.221e-05 ; True ; 19 81 276 340 385 438 499 530 534 546 604 610 633  ; 5 1 6 6 5 5 6 6 
252.3 ; 8.266e-05 ; True ; 19 81 233 276 340 385 438 456 469 499 530 546 604 633  ; 5 1 6 6 5 4 7 7 
252.6 ; 8.34e-05 ; True ; 19 81 276 340 385 438 491 499 530 546 604 610 633  ; 5 1 6 7 5 5 6 6 
258.9 ; 8.652e-05 ; True ; 19 102 274 276 340 385 438 469 499 530 546 604 610 633  ; 6 1 6 7 4 5 6 8 
259.6 ; 8.666e-05 ; True ; 19 81 90 276 340 385 438 456 469 499 530 546 604 610  ; 5 1 5 7 6 5 6 8 
265 ; 8.761e-05 ; True ; 19 81 99 276 340 385 438 469 499 530 546 604 610 633  ; 5 1 5 6 5 5 8 7 
265 ; 8.99e-05 ; True ; 19 81 276 340 346 385 438 469 499 530 546 604 610 633  ; 6 1 5 6 6 5 7 6 
270.8 ; 9.109e-05 ; True ; 19 71 233 276 340 385 438 456 469 499 530 546 610 633  ; 5 1 6 7 5 5 7 6 
272.7 ; 9.202e-05 ; True ; 19 81 276 340 378 385 438 456 499 530 546 604 610 633  ; 6 1 6 6 6 4 6 8 
273.5 ; 9.349e-05 ; True ; 19 81 102 274 276 340 385 438 469 499 530 546 604 610  ; 6 1 5 7 5 6 6 8 
276.8 ; 9.82e-05 ; True ; 19 81 102 276 340 385 438 456 499 530 546 604 610 633  ; 6 1 6 7 5 5 6 8 
283.9 ; 0.0001001 ; True ; 19 81 276 340 385 438 456 491 499 530 546 604 610 633  ; 5 1 7 7 5 5 6 7 
284.8 ; 0.0001009 ; True ; 19 81 276 340 385 438 469 491 499 530 546 604 610 633  ; 5 1 6 7 5 6 7 6 
294 ; 0.0001056 ; True ; 19 71 81 276 340 385 438 456 499 530 546 604 610 633  ; 5 1 6 7 6 5 7 7 
298.3 ; 0.000107 ; True ; 19 71 81 102 276 340 385 438 456 499 530 604 610 633  ; 5 1 6 7 5 6 7 7 
306.1 ; 0.0001079 ; True ; 19 71 99 276 340 385 438 456 469 499 530 546 604 610 633  ; 5 1 6 7 5 5 8 8 
312.7 ; 0.0001114 ; True ; 19 71 81 276 340 385 438 491 499 530 546 604 610 633  ; 5 1 6 8 6 6 7 6 
314.6 ; 0.0001123 ; True ; 19 81 157 276 340 385 438 469 499 530 546 604 610 633  ; 6 1 6 6 5 6 7 7 
316.2 ; 0.000114 ; True ; 19 81 99 276 340 385 438 456 491 499 530 546 604 610 633  ; 5 1 7 7 5 5 7 8 
325.3 ; 0.0001142 ; True ; 19 81 102 276 340 385 438 456 469 499 525 530 610 623 633  ; 6 1 6 7 6 6 6 7 
327.1 ; 0.0001174 ; True ; 19 71 81 276 340 385 438 456 499 530 546 562 604 610 633  ; 6 1 6 7 6 5 7 8 
329.9 ; 0.0001211 ; True ; 19 71 81 276 340 438 456 469 491 499 530 546 604 610 633  ; 5 1 7 7 5 6 7 7 
330.7 ; 0.0001241 ; True ; 19 81 102 276 340 385 438 469 491 499 530 546 604 610 633  ; 6 1 6 8 5 7 7 7 
339.6 ; 0.0001247 ; True ; 19 71 81 157 276 340 385 438 499 530 546 604 610 633  ; 6 1 6 7 6 6 7 7 
350.1 ; 0.0001255 ; True ; 19 38 71 81 276 340 385 438 456 499 530 546 604 610 633  ; 5 1 6 7 6 6 8 7 
356.3 ; 0.0001275 ; True ; 19 71 81 102 181 276 340 385 438 491 499 530 546 610 633  ; 5 1 6 8 6 7 7 7 
356.6 ; 0.0001357 ; True ; 19 81 102 276 340 346 385 438 456 466 499 530 546 604 610 633  ; 7 1 6 7 6 6 7 8 
375.1 ; 0.0001414 ; True ; 19 81 110 276 323 340 385 438 469 491 499 530 546 604 610 633  ; 5 1 7 8 5 7 8 7 
376 ; 0.0001423 ; True ; 19 71 84 276 340 385 438 456 469 491 499 530 546 604 610 633  ; 6 1 7 8 6 6 7 7 
377.9 ; 0.000145 ; True ; 19 71 81 102 181 276 340 385 438 456 499 530 546 604 610 633  ; 6 1 6 8 6 6 8 9 
385 ; 0.0001547 ; True ; 19 71 81 276 340 385 438 456 469 491 499 530 546 604 610 633  ; 5 1 7 8 6 7 8 7 
407.8 ; 0.0001591 ; True ; 19 71 81 157 276 340 385 438 499 530 546 604 610 614 633  ; 6 1 7 7 6 7 7 8 
423.5 ; 0.0001598 ; True ; 19 71 112 157 276 340 385 438 456 469 499 530 546 604 610 633  ; 7 1 7 8 6 6 7 9 
427 ; 0.0001671 ; True ; 19 71 81 276 340 385 438 456 491 499 530 546 604 610 614 633  ; 5 1 8 8 6 7 7 8 
449.5 ; 0.0001756 ; True ; 19 64 71 81 157 276 340 385 438 456 499 530 546 610 614 633  ; 6 1 8 6 7 7 6 9 
449.6 ; 0.0001795 ; True ; 19 64 71 81 157 276 340 385 438 456 499 530 604 610 614 633  ; 6 1 8 6 6 7 7 9 
451.1 ; 0.0001821 ; True ; 19 71 81 157 276 340 385 438 456 499 530 546 604 610 614 633  ; 6 1 8 7 6 7 7 9 
462.3 ; 0.000183 ; True ; 19 64 71 81 157 276 280 340 385 438 499 530 604 610 614 633  ; 7 1 7 7 7 7 7 9 
478.4 ; 0.0001853 ; True ; 19 71 81 88 157 276 340 385 399 499 530 546 604 610 614 633  ; 7 1 7 9 7 7 7 9 
481 ; 0.0001874 ; True ; 19 71 81 157 276 340 385 456 499 530 546 573 604 610 614 633  ; 6 1 8 7 6 8 7 8 
487.4 ; 0.0001892 ; True ; 19 71 72 81 157 276 340 385 438 475 499 530 604 610 614 633  ; 6 1 8 7 6 7 8 8 
492 ; 0.0001898 ; True ; 19 71 81 88 157 276 340 385 399 491 499 530 604 610 614 633  ; 6 1 8 9 6 8 7 8 
492.2 ; 0.0001907 ; True ; 19 71 81 157 164 276 340 385 399 491 499 530 604 610 614 633  ; 7 1 7 9 7 8 7 8 
499.5 ; 0.0001907 ; True ; 19 71 157 164 233 276 340 378 385 438 469 499 530 604 610 614 633  ; 8 1 7 8 6 7 8 9 
517.2 ; 0.000191 ; True ; 19 71 81 157 158 206 234 276 340 385 491 499 530 604 614 633  ; 6 1 8 9 7 7 7 8 
519 ; 0.0001947 ; True ; 19 71 81 157 234 276 385 438 456 491 499 530 546 597 604 610 633  ; 7 1 7 9 8 7 7 9 
520.3 ; 0.0002019 ; True ; 19 71 81 157 215 276 340 385 456 469 499 530 546 604 610 614 633  ; 7 1 7 7 7 8 8 8 
522.8 ; 0.0002065 ; True ; 19 71 81 102 157 276 280 340 378 385 438 499 530 604 610 614 633  ; 8 1 7 8 7 8 7 10 
529.1 ; 0.0002116 ; True ; 19 71 81 157 233 234 276 340 385 438 491 499 530 546 610 614 633  ; 7 1 8 9 7 8 7 8 


