m: 14
Instance: 1
Algorithm: NSGA-II
Iteration: 700
Population Size: 100
RUN 1:
Optimum Distance: 0

Optimal Team: 
Required Skills: 5 9 12 13 14 20 26 30 36 37 39 46 50 51 
Distance; Skill Score; isValid; Team; Skill Counts
9001 ; 4.27e-16 ; True ; 42 201 235 368 390  ; 1 1 1 1 1 1 1 1 2 1 2 1 1 1 
1e+04 ; 1.568e-15 ; True ; 5 43 235 352 368  ; 1 2 1 1 1 1 1 1 2 2 1 2 1 1 
1.3e+04 ; 2.175e-15 ; True ; 4 69 197 235 297 390  ; 1 1 1 1 2 1 1 1 3 2 1 2 1 1 
1.5e+04 ; 5.021e-14 ; True ; 4 43 184 235 368 390  ; 1 2 2 1 2 2 2 1 3 2 1 2 2 1 
1.8e+04 ; 5.276e-14 ; True ; 4 43 221 235 297 368 390  ; 1 2 3 1 1 2 2 1 3 3 1 2 2 1 
1.9e+04 ; 5.975e-14 ; True ; 42 43 105 235 297 368 390  ; 1 2 3 1 2 2 1 1 3 1 2 2 3 1 
2e+04 ; 1.976e-13 ; True ; 4 43 105 235 297 368 390  ; 1 2 3 1 2 2 2 1 3 2 2 2 3 1 
2.1e+04 ; 2.908e-13 ; True ; 4 43 105 235 352 368 390  ; 1 2 2 1 2 2 2 1 3 3 3 2 3 1 
2.5e+04 ; 3.533e-13 ; True ; 4 43 105 221 235 297 368 390  ; 1 2 4 1 2 2 2 1 3 3 2 2 3 1 
2.6e+04 ; 3.916e-13 ; True ; 43 72 105 235 297 352 368 390  ; 1 2 4 1 2 2 1 2 3 2 3 2 3 1 
2.7e+04 ; 8.068e-13 ; True ; 4 5 43 105 235 297 368 390  ; 2 2 3 1 3 2 2 1 3 2 2 3 3 1 
2.8e+04 ; 1.187e-12 ; True ; 4 5 43 105 235 352 368 390  ; 2 2 2 1 3 2 2 1 3 3 3 3 3 1 
3.3e+04 ; 1.32e-12 ; True ; 4 43 69 105 197 201 235 297 390  ; 1 2 2 1 3 2 3 2 4 2 3 3 3 1 
3.4e+04 ; 1.963e-12 ; True ; 4 43 69 105 197 201 235 368 390  ; 1 3 2 2 3 2 3 1 4 2 3 3 3 1 
3.5e+04 ; 3.169e-12 ; True ; 4 5 43 105 235 297 352 368 390  ; 2 2 3 1 3 2 2 2 3 3 3 3 3 1 
3.6e+04 ; 4.446e-12 ; True ; 4 5 43 105 235 352 368 379 390  ; 2 2 2 2 3 2 2 2 3 3 3 3 3 1 
4.2e+04 ; 5.237e-12 ; True ; 4 43 69 105 197 201 235 297 368 390  ; 1 3 3 2 3 2 3 2 4 2 3 3 3 1 
4.3e+04 ; 6.854e-12 ; True ; 4 43 69 105 197 201 235 352 368 390  ; 1 3 2 2 3 2 3 2 4 3 4 3 3 1 
4.4e+04 ; 9.486e-12 ; True ; 4 5 43 105 180 184 235 352 368 390  ; 2 2 3 1 4 3 3 2 4 3 3 3 3 1 
4.5e+04 ; 1.305e-11 ; True ; 4 5 43 69 105 235 352 368 379 390  ; 2 3 2 2 4 2 2 2 4 3 3 4 3 1 
5.2e+04 ; 1.691e-11 ; True ; 4 5 43 69 105 197 201 235 297 368 390  ; 2 3 3 2 4 2 3 2 4 2 3 4 3 1 
5.3e+04 ; 2.213e-11 ; True ; 4 5 43 69 105 197 201 235 352 368 390  ; 2 3 2 2 4 2 3 2 4 3 4 4 3 1 
5.4e+04 ; 2.667e-11 ; True ; 4 5 43 105 180 184 235 352 368 379 390  ; 2 2 3 2 4 3 3 3 4 3 3 3 3 1 
5.5e+04 ; 3.498e-11 ; True ; 4 5 20 43 69 105 235 352 368 379 390  ; 3 3 3 2 4 2 3 2 4 3 3 4 3 1 
6.3e+04 ; 4.434e-11 ; True ; 4 5 43 69 105 197 201 235 297 352 368 390  ; 2 3 3 2 4 2 3 3 4 3 4 4 3 1 
6.4e+04 ; 4.842e-11 ; True ; 4 5 43 105 180 184 235 293 352 368 379 390  ; 3 2 4 2 4 3 3 3 4 3 3 3 3 1 
6.4e+04 ; 5.308e-11 ; True ; 4 5 43 69 105 184 197 201 235 352 368 390  ; 2 3 3 2 5 2 3 3 4 3 4 4 3 1 
6.5e+04 ; 6.902e-11 ; True ; 4 5 43 69 105 180 184 235 352 368 379 390  ; 2 3 3 2 5 3 3 3 5 3 3 4 3 1 
6.6e+04 ; 7.222e-11 ; True ; 4 5 43 69 105 184 201 235 237 352 368 390  ; 2 3 3 2 5 2 4 3 5 3 4 4 3 1 
7.4e+04 ; 8.05e-11 ; True ; 4 5 43 69 105 197 201 235 293 297 352 368 390  ; 3 3 4 2 4 2 3 3 4 3 4 4 3 1 
7.4e+04 ; 8.971e-11 ; True ; 4 5 43 69 105 197 201 235 291 293 352 368 390  ; 3 3 3 2 4 2 3 2 4 3 4 4 3 2 
7.5e+04 ; 9.447e-11 ; True ; 4 5 43 69 105 197 201 235 270 297 352 368 390  ; 2 3 3 2 4 3 3 3 5 4 4 4 3 1 
7.5e+04 ; 1.055e-10 ; True ; 4 5 43 69 105 184 197 201 235 291 352 368 390  ; 2 3 3 2 5 2 3 3 4 3 4 4 3 2 
7.6e+04 ; 1.372e-10 ; True ; 4 5 43 69 105 180 184 235 291 352 368 379 390  ; 2 3 3 2 5 3 3 3 5 3 3 4 3 2 
7.7e+04 ; 1.435e-10 ; True ; 4 5 43 69 105 184 201 235 237 291 352 368 390  ; 2 3 3 2 5 2 4 3 5 3 4 4 3 2 
7.8e+04 ; 1.481e-10 ; True ; 4 5 43 69 105 184 201 235 237 270 352 368 390  ; 2 3 3 2 5 3 4 3 6 4 4 4 3 1 
8.6e+04 ; 1.6e-10 ; True ; 4 5 43 69 105 197 201 235 291 293 297 352 368 390  ; 3 3 4 2 4 2 3 3 4 3 4 4 3 2 
8.6e+04 ; 1.703e-10 ; True ; 4 5 43 105 173 184 235 237 270 291 293 352 368 390  ; 3 2 4 2 4 3 4 2 6 4 3 4 3 2 
8.7e+04 ; 1.715e-10 ; True ; 4 5 43 69 105 197 201 235 270 293 297 352 368 390  ; 3 3 4 2 4 3 3 3 5 4 4 4 3 1 
8.7e+04 ; 1.915e-10 ; True ; 4 5 43 69 105 184 197 201 235 291 293 352 368 390  ; 3 3 4 2 5 2 3 3 4 3 4 4 3 2 
8.8e+04 ; 2.032e-10 ; True ; 4 5 43 69 105 180 184 197 235 291 352 368 379 390  ; 2 3 3 3 5 3 3 3 5 3 3 4 3 2 
8.8e+04 ; 2.309e-10 ; True ; 4 5 43 69 105 180 184 235 237 239 291 352 368 390  ; 2 3 4 2 6 3 4 2 6 4 3 4 3 2 
8.9e+04 ; 2.638e-10 ; True ; 4 5 43 69 105 180 184 201 235 291 352 368 379 390  ; 2 3 3 2 5 3 4 4 5 3 4 4 3 2 
8.9e+04 ; 2.721e-10 ; True ; 4 5 43 69 105 201 235 270 291 293 352 368 379 390  ; 3 3 3 2 4 3 3 3 5 4 4 4 3 2 
9e+04 ; 2.871e-10 ; True ; 4 5 43 69 105 184 235 237 270 291 352 368 379 390  ; 2 3 3 3 5 3 3 3 6 4 3 4 3 2 
9e+04 ; 2.944e-10 ; True ; 4 5 43 69 105 184 201 235 237 270 291 352 368 390  ; 2 3 3 2 5 3 4 3 6 4 4 4 3 2 
9.901e+04 ; 3.075e-10 ; True ; 4 5 43 69 105 173 197 201 235 270 291 293 352 368 390  ; 3 3 3 2 4 3 4 2 6 4 4 5 3 2 
1e+05 ; 3.161e-10 ; True ; 4 5 43 69 105 173 197 201 235 291 293 352 368 379 390  ; 3 3 3 3 4 2 4 3 5 3 4 5 3 2 
1.01e+05 ; 3.369e-10 ; True ; 4 5 43 69 105 140 180 184 235 291 293 352 368 379 390  ; 3 3 5 2 6 3 3 3 5 3 3 4 3 2 
1.01e+05 ; 3.575e-10 ; True ; 4 5 43 69 105 197 201 205 235 239 291 297 352 368 390  ; 2 4 4 2 5 3 3 3 5 4 4 4 3 2 
1.01e+05 ; 4.081e-10 ; True ; 4 5 43 69 105 184 197 201 235 270 291 293 352 368 390  ; 3 3 4 2 5 3 3 3 5 4 4 4 3 2 
1.02e+05 ; 4.476e-10 ; True ; 4 5 43 69 105 184 201 235 237 239 291 293 352 368 390  ; 3 3 5 2 6 2 4 3 5 4 4 4 3 2 
1.03e+05 ; 4.578e-10 ; True ; 4 5 43 69 105 180 184 201 235 237 270 291 352 368 390  ; 2 3 3 2 5 4 5 3 7 4 4 4 3 2 
1.03e+05 ; 5.344e-10 ; True ; 4 5 43 69 105 184 201 205 235 237 291 293 352 368 390  ; 3 4 4 2 5 3 4 3 6 3 4 4 3 2 
1.04e+05 ; 5.522e-10 ; True ; 4 5 43 69 105 184 201 235 237 270 291 352 368 379 390  ; 2 3 3 3 5 3 4 4 6 4 4 4 3 2 
1.14e+05 ; 6.344e-10 ; True ; 4 5 43 69 92 105 197 201 235 237 239 291 293 352 368 390  ; 3 4 4 3 5 3 4 2 5 4 4 4 3 2 
1.16e+05 ; 7.095e-10 ; True ; 4 5 43 69 105 184 201 235 237 288 291 293 352 368 379 390  ; 3 3 4 3 5 3 4 4 5 3 4 4 3 2 
1.16e+05 ; 7.916e-10 ; True ; 4 5 43 69 105 184 197 201 235 237 270 291 293 352 368 390  ; 3 3 4 3 5 3 4 3 6 4 4 4 3 2 
1.17e+05 ; 8.736e-10 ; True ; 4 5 43 69 105 180 184 201 235 270 291 293 352 368 379 390  ; 3 3 4 2 5 4 4 4 6 4 4 4 3 2 
1.18e+05 ; 8.781e-10 ; True ; 4 5 43 69 105 184 201 235 237 239 291 352 368 379 385 390  ; 2 3 4 3 6 3 4 4 5 4 4 5 3 2 
1.18e+05 ; 1.003e-09 ; True ; 4 5 43 69 105 184 201 235 237 270 291 293 352 368 379 390  ; 3 3 4 3 5 3 4 4 6 4 4 4 3 2 
1.29e+05 ; 1.076e-09 ; True ; 4 5 43 47 69 92 105 197 201 235 237 239 291 293 352 368 390  ; 3 4 4 3 5 3 4 3 5 5 4 4 3 2 
1.31e+05 ; 1.109e-09 ; True ; 4 5 43 47 69 105 197 201 205 235 270 291 293 352 368 379 390  ; 3 4 3 3 4 4 3 4 6 5 4 4 3 2 
1.32e+05 ; 1.32e-09 ; True ; 4 5 43 69 105 184 197 201 235 237 270 291 293 352 368 379 390  ; 3 3 4 4 5 3 4 4 6 4 4 4 3 2 
1.33e+05 ; 1.497e-09 ; True ; 4 5 43 69 105 184 201 235 237 239 291 293 352 368 379 385 390  ; 3 3 5 3 6 3 4 4 5 4 4 5 3 2 
1.34e+05 ; 1.643e-09 ; True ; 4 5 43 69 92 105 184 201 235 237 270 291 293 352 368 379 390  ; 3 4 4 3 5 4 4 4 6 4 4 4 3 2 
1.47e+05 ; 1.821e-09 ; True ; 4 5 43 69 92 105 165 184 197 201 235 237 239 291 293 352 368 390  ; 3 4 5 3 6 3 4 3 5 4 4 4 3 3 
1.48e+05 ; 1.958e-09 ; True ; 4 5 43 69 92 105 201 235 237 239 270 291 293 352 368 379 380 390  ; 3 4 4 3 5 4 4 4 6 5 4 4 3 2 
1.49e+05 ; 2.163e-09 ; True ; 4 5 43 69 92 105 184 197 201 235 237 270 291 293 352 368 379 390  ; 3 4 4 4 5 4 4 4 6 4 4 4 3 2 
1.52e+05 ; 2.174e-09 ; True ; 4 5 43 51 69 105 184 201 235 239 270 291 299 352 368 379 385 390  ; 3 3 4 3 6 4 5 4 5 5 4 5 3 2 
1.65e+05 ; 2.411e-09 ; True ; 4 5 43 69 92 105 112 165 184 197 201 235 237 239 291 293 352 368 390  ; 3 5 5 3 6 3 5 3 5 4 4 4 3 3 
1.66e+05 ; 2.51e-09 ; True ; 4 5 43 69 105 145 197 201 205 235 239 270 291 293 352 368 379 385 390  ; 3 4 4 3 5 5 3 3 6 5 4 5 4 2 
1.66e+05 ; 2.863e-09 ; True ; 4 5 43 51 69 92 105 201 235 237 239 270 291 293 352 368 379 380 390  ; 3 4 4 4 5 4 5 4 6 5 4 4 3 2 
1.66e+05 ; 2.91e-09 ; True ; 4 5 43 69 92 105 201 205 235 237 239 291 292 293 352 368 379 384 390  ; 3 5 4 3 5 5 4 4 6 4 4 5 3 2 
1.67e+05 ; 3.071e-09 ; True ; 4 5 43 69 86 92 105 184 197 201 235 237 270 291 293 352 368 379 390  ; 3 5 4 4 5 4 4 4 6 5 4 4 3 2 
1.68e+05 ; 3.122e-09 ; True ; 4 5 43 51 69 92 105 180 201 205 235 239 270 291 293 352 368 379 390  ; 3 5 4 3 5 6 5 3 7 5 4 4 3 2 
1.68e+05 ; 4.202e-09 ; True ; 4 5 43 51 69 105 184 201 205 235 237 239 270 291 293 352 368 379 390  ; 3 4 5 4 6 4 5 4 7 5 4 4 3 2 
1.85e+05 ; 4.242e-09 ; True ; 4 5 43 47 69 98 105 184 197 201 205 235 237 239 291 299 352 368 385 390  ; 3 4 4 3 6 4 6 4 6 5 4 5 4 2 
1.86e+05 ; 4.244e-09 ; True ; 4 5 43 51 69 105 165 184 201 205 235 270 279 291 293 299 352 368 379 390  ; 4 4 4 3 5 5 5 4 6 4 4 4 3 3 
1.87e+05 ; 5.306e-09 ; True ; 4 5 43 69 98 105 165 201 205 235 237 239 270 291 293 352 368 379 385 390  ; 3 4 4 3 5 5 5 3 7 5 4 5 4 3 
2.04e+05 ; 5.606e-09 ; True ; 4 5 43 47 69 105 165 184 197 201 205 235 239 270 291 293 310 352 368 379 390  ; 3 4 5 3 6 4 3 5 6 6 4 5 3 3 
2.06e+05 ; 6.308e-09 ; True ; 4 5 43 51 69 105 138 165 184 201 205 235 270 291 293 299 352 368 379 385 390  ; 4 4 4 3 5 5 5 4 6 4 5 5 3 3 
2.06e+05 ; 6.553e-09 ; True ; 4 5 43 69 94 98 105 165 201 205 235 237 239 270 291 293 352 368 379 385 390  ; 3 4 4 3 6 5 6 3 7 5 4 5 4 3 
2.07e+05 ; 8.465e-09 ; True ; 4 5 43 69 98 105 165 184 201 205 235 237 239 270 291 293 299 352 368 379 390  ; 4 4 5 3 6 4 6 4 7 5 4 4 4 3 
2.07e+05 ; 9.114e-09 ; True ; 4 5 43 69 105 165 184 201 205 235 237 239 270 291 293 299 352 368 379 385 390  ; 4 4 5 3 6 5 5 4 7 5 4 5 3 3 
2.27e+05 ; 9.421e-09 ; True ; 4 5 11 43 69 98 105 165 184 201 205 235 237 239 291 293 299 352 368 379 384 390  ; 4 4 5 3 6 4 6 5 6 4 5 4 4 3 
2.28e+05 ; 1.104e-08 ; True ; 4 5 43 69 98 105 165 184 201 205 235 237 239 270 291 293 300 352 368 379 385 390  ; 3 4 6 3 6 5 6 4 7 5 4 5 4 3 
2.28e+05 ; 1.258e-08 ; True ; 4 5 43 69 98 105 165 184 201 205 235 237 239 270 291 293 299 352 368 379 385 390  ; 4 4 5 3 6 5 6 4 7 5 4 5 4 3 
2.49e+05 ; 1.331e-08 ; True ; 4 5 43 69 98 105 165 184 201 205 235 237 239 270 291 293 298 300 352 368 379 385 390  ; 3 4 6 3 6 5 6 4 7 5 4 5 5 3 
2.5e+05 ; 1.514e-08 ; True ; 4 5 43 69 98 105 165 184 201 205 235 237 239 265 270 291 293 299 352 368 379 385 390  ; 4 4 5 3 6 5 7 4 7 6 4 5 4 3 
2.5e+05 ; 1.523e-08 ; True ; 4 5 43 69 98 105 123 165 184 201 205 235 237 239 270 291 293 299 352 368 379 385 390  ; 4 4 5 3 6 5 6 4 7 5 5 5 4 3 
2.72e+05 ; 1.549e-08 ; True ; 1 4 5 43 69 98 105 165 184 201 205 235 237 239 270 291 293 299 300 352 368 379 385 390  ; 4 4 6 3 6 5 8 4 7 5 4 5 4 3 
2.73e+05 ; 1.773e-08 ; True ; 4 5 43 69 98 105 165 184 201 205 235 237 239 265 270 291 293 299 300 352 368 379 385 390  ; 4 4 6 3 6 5 8 4 7 6 4 5 4 3 
2.96e+05 ; 1.818e-08 ; True ; 1 4 5 43 69 98 105 165 184 201 205 235 237 239 265 270 291 293 299 300 352 368 379 385 390  ; 4 4 6 3 6 5 9 4 7 6 4 5 4 3 
2.96e+05 ; 1.824e-08 ; True ; 4 5 43 69 98 105 165 184 201 205 235 237 239 257 265 270 291 293 299 337 352 368 379 385 390  ; 4 4 6 3 6 5 7 4 8 6 4 5 4 3 
2.96e+05 ; 2.146e-08 ; True ; 4 5 11 43 69 98 105 165 184 201 205 235 237 239 265 270 291 293 299 300 352 368 379 385 390  ; 4 4 6 3 6 5 8 4 7 6 5 5 4 3 
3.21e+05 ; 2.198e-08 ; True ; 1 4 5 43 57 69 98 105 165 184 201 205 235 237 239 265 270 291 293 299 300 352 368 379 385 390  ; 5 4 6 3 6 5 9 4 7 6 4 5 4 3 
3.22e+05 ; 2.251e-08 ; True ; 4 5 13 43 69 98 105 165 184 201 205 235 237 239 257 265 270 291 293 299 300 352 368 379 385 390  ; 4 5 6 3 6 5 8 4 8 6 4 5 4 3 
3.46e+05 ; 2.651e-08 ; True ; 1 4 5 43 57 69 98 105 165 176 184 201 205 235 237 239 265 270 291 293 299 300 352 368 379 385 390  ; 5 4 6 3 6 5 9 4 7 6 4 5 5 3 
3.47e+05 ; 2.756e-08 ; True ; 4 5 43 69 98 105 165 184 201 205 235 237 239 257 265 270 291 293 299 300 319 337 352 368 379 385 390  ; 4 4 7 3 6 5 8 4 8 6 4 5 4 4 

RUN 2:
Optimum Distance: 0

Optimal Team: 
Required Skills: 5 9 12 13 14 20 26 30 36 37 39 46 50 51 
Distance; Skill Score; isValid; Team; Skill Counts
1e+04 ; 1.568e-15 ; True ; 5 43 235 352 368  ; 1 2 1 1 1 1 1 1 2 2 1 2 1 1 
1.3e+04 ; 7.268e-15 ; True ; 43 72 215 235 297 390  ; 1 1 2 1 1 2 2 1 3 1 1 2 2 1 
1.4e+04 ; 1.519e-14 ; True ; 42 43 184 235 368 390  ; 1 2 2 1 2 2 1 1 3 1 1 2 2 1 
1.4e+04 ; 2.238e-14 ; True ; 5 43 235 297 368 390  ; 1 2 2 1 2 2 1 1 3 1 1 3 2 1 
1.5e+04 ; 4.392e-14 ; True ; 5 43 235 352 368 390  ; 1 2 1 1 2 2 1 1 3 2 2 3 2 1 
1.5e+04 ; 5.021e-14 ; True ; 4 43 184 235 368 390  ; 1 2 2 1 2 2 2 1 3 2 1 2 2 1 
1.9e+04 ; 7.485e-14 ; True ; 43 72 105 235 297 368 390  ; 1 2 4 1 2 2 1 1 3 1 2 2 3 1 
2e+04 ; 1.178e-13 ; True ; 4 43 180 184 235 368 390  ; 1 2 2 1 2 3 3 1 4 2 1 2 2 1 
2e+04 ; 1.59e-13 ; True ; 5 43 235 293 352 368 390  ; 2 2 2 1 2 2 1 1 3 2 2 3 2 1 
2.1e+04 ; 2.908e-13 ; True ; 4 43 105 235 352 368 390  ; 1 2 2 1 2 2 2 1 3 3 3 2 3 1 
2.5e+04 ; 3.338e-13 ; True ; 42 43 173 184 235 352 368 390  ; 1 2 2 1 2 2 2 2 4 2 2 3 2 1 
2.5e+04 ; 3.567e-13 ; True ; 4 43 173 184 291 352 368 390  ; 1 2 2 1 2 2 3 2 3 2 2 3 2 1 
2.6e+04 ; 3.694e-13 ; True ; 42 43 105 173 235 352 368 390  ; 1 2 2 1 2 2 2 1 4 2 3 3 3 1 
2.6e+04 ; 6.274e-13 ; True ; 5 43 173 184 235 352 368 390  ; 1 2 2 1 3 2 2 2 4 2 2 4 2 1 
2.7e+04 ; 6.95e-13 ; True ; 5 43 180 184 235 352 368 390  ; 1 2 2 1 3 3 2 2 4 2 2 3 2 1 
2.7e+04 ; 7.482e-13 ; True ; 4 5 43 235 297 352 368 390  ; 2 2 2 1 2 2 2 2 3 3 2 3 2 1 
2.8e+04 ; 1.187e-12 ; True ; 4 5 43 105 235 352 368 390  ; 2 2 2 1 3 2 2 1 3 3 3 3 3 1 
3.3e+04 ; 1.384e-12 ; True ; 5 43 173 180 184 235 352 368 390  ; 1 2 2 1 3 3 3 2 5 2 2 4 2 1 
3.3e+04 ; 1.705e-12 ; True ; 5 43 173 184 235 293 352 368 390  ; 2 2 3 1 3 2 2 2 4 2 2 4 2 1 
3.4e+04 ; 1.889e-12 ; True ; 5 43 180 184 235 293 352 368 390  ; 2 2 3 1 3 3 2 2 4 2 2 3 2 1 
3.4e+04 ; 2.652e-12 ; True ; 4 43 105 173 184 235 352 368 390  ; 1 2 3 1 3 2 3 2 4 3 3 3 3 1 
3.5e+04 ; 2.88e-12 ; True ; 4 43 69 105 235 297 352 368 390  ; 1 3 3 1 3 2 2 2 4 3 3 3 3 1 
3.6e+04 ; 4.446e-12 ; True ; 4 5 43 105 235 352 368 379 390  ; 2 2 2 2 3 2 2 2 3 3 3 3 3 1 
4.2e+04 ; 5.212e-12 ; True ; 5 43 105 173 180 184 235 352 368 390  ; 1 2 3 1 4 3 3 2 5 2 3 4 3 1 
4.2e+04 ; 5.719e-12 ; True ; 5 43 105 173 184 235 293 352 368 390  ; 2 2 4 1 4 2 2 2 4 2 3 4 3 1 
4.3e+04 ; 6.336e-12 ; True ; 5 43 105 180 184 235 293 352 368 390  ; 2 2 4 1 4 3 2 2 4 2 3 3 3 1 
4.3e+04 ; 7.552e-12 ; True ; 4 20 43 105 173 184 235 352 368 390  ; 2 2 4 1 3 2 4 2 4 3 3 3 3 1 
4.3e+04 ; 8.563e-12 ; True ; 4 5 43 105 173 184 235 352 368 390  ; 2 2 3 1 4 2 3 2 4 3 3 4 3 1 
4.4e+04 ; 9.044e-12 ; True ; 4 5 43 105 180 184 235 368 379 390  ; 2 2 3 2 4 3 3 2 4 2 2 3 3 1 
4.4e+04 ; 9.417e-12 ; True ; 4 5 43 105 173 235 352 368 379 390  ; 2 2 2 2 3 2 3 2 4 3 3 4 3 1 
4.5e+04 ; 1.444e-11 ; True ; 4 20 43 69 105 235 352 368 379 390  ; 2 3 3 2 3 2 3 2 4 3 3 3 3 1 
5.2e+04 ; 1.518e-11 ; True ; 5 43 105 173 184 235 237 239 352 368 390  ; 1 2 4 2 5 2 3 2 5 3 3 4 3 1 
5.2e+04 ; 1.553e-11 ; True ; 5 20 43 105 173 184 235 352 368 384 390  ; 2 2 4 1 4 3 3 3 4 2 3 4 3 1 
5.2e+04 ; 1.716e-11 ; True ; 5 43 105 173 184 235 237 293 352 368 390  ; 2 2 4 2 4 2 3 2 5 2 3 4 3 1 
5.2e+04 ; 1.8e-11 ; True ; 5 20 43 105 173 184 235 270 352 368 390  ; 2 2 4 1 4 3 3 2 5 3 3 4 3 1 
5.3e+04 ; 2.301e-11 ; True ; 4 5 43 105 173 184 235 237 352 368 390  ; 2 2 3 2 4 2 4 2 5 3 3 4 3 1 
5.4e+04 ; 2.573e-11 ; True ; 4 20 43 69 105 173 235 352 368 379 390  ; 2 3 3 2 3 2 4 2 5 3 3 4 3 1 
5.4e+04 ; 2.983e-11 ; True ; 4 20 43 69 105 235 352 368 379 384 390  ; 2 3 3 2 3 3 3 3 4 3 3 3 3 1 
6.2e+04 ; 3.262e-11 ; True ; 5 43 105 173 180 184 235 237 293 352 368 390  ; 2 2 4 2 4 3 4 2 6 2 3 4 3 1 
6.2e+04 ; 3.851e-11 ; True ; 5 43 105 173 184 235 270 293 352 368 379 390  ; 2 2 4 2 4 3 2 3 5 3 3 4 3 1 
6.3e+04 ; 4.172e-11 ; True ; 5 20 43 105 173 184 235 237 352 368 384 390  ; 2 2 4 2 4 3 4 3 5 2 3 4 3 1 
6.3e+04 ; 4.178e-11 ; True ; 4 5 43 105 173 184 235 237 293 352 368 390  ; 3 2 4 2 4 2 4 2 5 3 3 4 3 1 
6.3e+04 ; 4.523e-11 ; True ; 4 20 43 105 173 184 235 270 352 368 379 390  ; 2 2 4 2 3 3 4 3 5 4 3 3 3 1 
6.3e+04 ; 4.655e-11 ; True ; 5 20 43 105 173 184 235 237 270 352 368 390  ; 2 2 4 2 4 3 4 2 6 3 3 4 3 1 
6.4e+04 ; 4.736e-11 ; True ; 5 43 69 105 180 184 235 237 293 352 368 390  ; 2 3 4 2 5 3 3 2 6 2 3 4 3 1 
6.4e+04 ; 5.316e-11 ; True ; 4 20 43 69 105 173 235 352 368 379 384 390  ; 2 3 3 2 3 3 4 3 5 3 3 4 3 1 
6.4e+04 ; 5.536e-11 ; True ; 5 20 43 69 105 173 235 270 352 368 379 390  ; 2 3 3 2 4 3 3 2 6 3 3 5 3 1 
6.5e+04 ; 7.226e-11 ; True ; 4 5 20 43 69 105 235 352 368 379 384 390  ; 3 3 3 2 4 3 3 3 4 3 3 4 3 1 
6.6e+04 ; 7.44e-11 ; True ; 5 20 43 69 105 201 235 270 352 368 379 390  ; 2 3 3 2 4 3 3 3 5 3 4 4 3 1 
7.4e+04 ; 7.523e-11 ; True ; 5 43 69 105 173 235 237 270 293 297 352 368 390  ; 2 3 4 2 4 3 3 2 7 3 3 5 3 1 
7.4e+04 ; 9.007e-11 ; True ; 5 43 69 105 173 184 235 237 270 293 352 368 390  ; 2 3 4 2 5 3 3 2 7 3 3 5 3 1 
7.5e+04 ; 9.034e-11 ; True ; 4 20 43 69 105 171 184 235 270 352 368 379 390  ; 2 3 4 2 4 3 3 3 5 4 4 3 3 1 
7.5e+04 ; 9.454e-11 ; True ; 4 5 20 43 105 173 184 235 352 368 379 384 390  ; 3 2 4 2 4 3 4 4 4 3 3 4 3 1 
7.5e+04 ; 9.745e-11 ; True ; 5 20 43 69 105 173 184 235 237 352 368 384 390  ; 2 3 4 2 5 3 4 3 6 2 3 5 3 1 
7.5e+04 ; 1.201e-10 ; True ; 4 20 43 69 105 173 184 235 270 352 368 379 390  ; 2 3 4 2 4 3 4 3 6 4 3 4 3 1 
7.7e+04 ; 1.373e-10 ; True ; 4 5 20 43 69 105 184 235 352 368 379 384 390  ; 3 3 4 2 5 3 3 4 4 3 3 4 3 1 
7.8e+04 ; 1.611e-10 ; True ; 4 5 20 43 69 105 201 235 270 352 368 379 390  ; 3 3 3 2 4 3 4 3 5 4 4 4 3 1 
8.7e+04 ; 1.795e-10 ; True ; 4 20 43 69 105 171 184 235 270 319 352 368 379 390  ; 2 3 4 2 4 3 3 3 5 4 4 3 3 2 
8.7e+04 ; 2.015e-10 ; True ; 5 20 43 69 105 173 184 235 270 293 352 368 379 390  ; 3 3 5 2 5 3 3 3 6 3 3 5 3 1 
8.8e+04 ; 2.294e-10 ; True ; 4 5 20 43 69 105 173 184 235 352 368 379 384 390  ; 3 3 4 2 5 3 4 4 5 3 3 5 3 1 
8.9e+04 ; 2.447e-10 ; True ; 4 5 20 43 69 105 173 201 235 270 352 368 379 390  ; 3 3 3 2 4 3 5 3 6 4 4 5 3 1 
9e+04 ; 2.634e-10 ; True ; 4 5 20 43 69 105 201 235 270 352 368 379 384 390  ; 3 3 3 2 4 4 4 4 5 4 4 4 3 1 
9.1e+04 ; 3.162e-10 ; True ; 4 5 20 43 69 105 184 235 270 319 352 368 379 390  ; 3 3 4 2 5 3 3 3 5 4 3 4 3 2 
1.01e+05 ; 4.081e-10 ; True ; 4 5 20 43 69 105 171 184 235 270 319 352 368 379 390  ; 3 3 4 2 5 3 3 3 5 4 4 4 3 2 
1.02e+05 ; 5.087e-10 ; True ; 4 5 20 43 69 105 173 184 235 270 319 352 368 379 390  ; 3 3 4 2 5 3 4 3 6 4 3 5 3 2 
1.04e+05 ; 5.234e-10 ; True ; 4 5 20 43 69 105 201 235 270 319 352 368 379 384 390  ; 3 3 3 2 4 4 4 4 5 4 4 4 3 2 
1.14e+05 ; 5.313e-10 ; True ; 4 5 20 43 69 105 173 184 235 270 282 352 368 379 384 390  ; 3 4 4 2 5 4 4 4 6 4 3 5 3 1 
1.15e+05 ; 6.186e-10 ; True ; 4 5 20 43 69 105 171 184 235 270 293 319 352 368 379 390  ; 4 3 5 2 5 3 3 3 5 4 4 4 3 2 
1.16e+05 ; 6.885e-10 ; True ; 4 5 20 43 69 105 173 184 235 256 270 352 368 379 384 390  ; 3 3 4 3 5 4 5 4 6 4 3 5 3 1 
1.16e+05 ; 7.711e-10 ; True ; 4 5 20 43 69 105 173 184 235 270 293 319 352 368 379 390  ; 4 3 5 2 5 3 4 3 6 4 3 5 3 2 
1.17e+05 ; 9.238e-10 ; True ; 4 5 20 43 69 105 173 184 201 235 270 319 352 368 379 390  ; 3 3 4 2 5 3 5 4 6 4 4 5 3 2 
1.28e+05 ; 9.638e-10 ; True ; 4 5 20 43 69 105 171 173 184 235 237 270 352 368 379 384 390  ; 3 3 4 3 5 4 5 4 7 4 4 5 3 1 
1.31e+05 ; 1.006e-09 ; True ; 5 20 43 69 105 162 173 184 235 270 293 319 352 368 379 384 390  ; 3 4 5 2 5 5 3 4 6 3 3 5 3 2 
1.32e+05 ; 1.06e-09 ; True ; 4 5 20 43 69 105 153 173 184 235 293 319 352 368 379 384 390  ; 4 3 5 2 5 3 4 5 5 3 4 5 3 2 
1.32e+05 ; 1.084e-09 ; True ; 4 5 20 43 69 105 173 184 235 237 270 319 344 352 368 384 390  ; 3 3 4 2 5 4 5 3 8 4 3 5 4 2 
1.32e+05 ; 1.155e-09 ; True ; 4 5 20 43 69 105 162 173 184 201 235 270 293 352 368 379 390  ; 4 4 5 2 5 4 5 4 6 4 4 5 3 1 
1.33e+05 ; 1.246e-09 ; True ; 4 5 20 43 69 105 173 201 235 237 293 319 352 368 379 384 390  ; 4 3 4 3 4 3 6 4 6 3 4 5 3 2 
1.33e+05 ; 1.287e-09 ; True ; 4 5 20 43 69 105 162 173 201 235 270 293 319 352 368 379 390  ; 4 4 4 2 4 4 5 3 6 4 4 5 3 2 
1.35e+05 ; 1.328e-09 ; True ; 4 5 20 43 69 105 162 184 201 235 256 319 352 368 379 384 390  ; 3 4 4 3 5 4 5 5 4 3 4 4 3 2 
1.43e+05 ; 1.627e-09 ; True ; 4 5 20 43 69 105 171 173 184 235 270 293 319 352 368 379 384 390  ; 4 3 5 2 5 4 4 4 6 4 4 5 3 2 
1.49e+05 ; 1.756e-09 ; True ; 4 5 20 43 69 105 173 184 201 203 235 293 319 352 368 379 384 390  ; 4 3 5 2 5 3 5 5 5 3 4 5 3 3 
1.49e+05 ; 2.295e-09 ; True ; 4 5 20 43 69 105 162 173 184 201 235 270 293 319 352 368 379 390  ; 4 4 5 2 5 4 5 4 6 4 4 5 3 2 
1.63e+05 ; 2.35e-09 ; True ; 4 5 20 43 69 105 153 171 173 184 235 237 293 319 352 368 379 384 390  ; 4 3 5 3 5 3 5 5 6 3 5 5 3 2 
1.65e+05 ; 2.35e-09 ; True ; 4 5 20 43 69 105 162 173 201 213 235 270 293 319 352 368 379 384 390  ; 4 4 4 2 4 5 5 4 6 5 4 5 3 2 
1.65e+05 ; 2.445e-09 ; True ; 4 5 20 43 69 98 105 171 184 201 235 270 293 319 352 368 379 384 390  ; 4 3 5 2 5 4 5 5 5 4 5 4 4 2 
1.66e+05 ; 2.728e-09 ; True ; 4 5 20 43 69 105 162 173 184 201 235 270 293 319 352 368 379 380 390  ; 4 4 5 2 5 4 5 5 6 4 4 5 3 2 
1.66e+05 ; 2.996e-09 ; True ; 4 5 20 43 69 105 173 184 201 235 270 293 319 344 352 368 379 384 390  ; 4 3 5 2 5 4 5 5 7 4 4 5 4 2 
1.85e+05 ; 3.024e-09 ; True ; 5 43 69 78 82 94 105 162 173 184 235 237 270 293 319 352 368 379 390 394  ; 3 4 4 3 6 4 5 3 8 4 4 5 4 2 
1.85e+05 ; 4.736e-09 ; True ; 4 5 20 43 69 105 162 173 184 235 237 270 293 319 344 352 368 379 384 390  ; 4 4 5 3 5 5 5 4 8 4 3 5 4 2 
2.05e+05 ; 5.447e-09 ; True ; 4 5 20 27 43 69 105 162 173 184 235 237 270 293 319 344 352 368 379 384 390  ; 4 4 5 3 6 5 5 4 8 4 3 5 4 2 
2.25e+05 ; 5.849e-09 ; True ; 4 5 20 27 43 69 105 162 173 184 224 235 237 270 293 319 344 352 368 379 384 390  ; 4 4 5 3 6 5 6 4 8 4 3 5 4 2 
2.25e+05 ; 6.098e-09 ; True ; 4 5 20 43 69 105 162 167 173 184 221 235 237 270 293 319 352 368 379 384 390 391  ; 4 4 7 3 5 5 5 5 7 5 3 5 3 2 
2.26e+05 ; 6.489e-09 ; True ; 4 5 20 27 43 69 105 162 173 184 235 237 267 270 293 319 344 352 368 379 384 390  ; 4 4 5 3 6 5 5 4 8 5 3 5 4 2 
2.48e+05 ; 7.716e-09 ; True ; 4 5 20 43 69 105 162 173 184 235 237 257 270 293 319 344 352 368 379 384 385 390 391  ; 4 4 6 3 5 6 5 4 9 4 3 6 4 2 
2.49e+05 ; 8.149e-09 ; True ; 5 43 69 78 105 117 153 162 173 184 235 237 270 291 293 319 341 344 352 368 379 384 390  ; 3 4 4 3 5 5 4 5 9 4 4 5 5 3 
2.71e+05 ; 8.398e-09 ; True ; 4 5 20 43 69 105 162 167 173 184 235 237 257 270 293 319 339 344 352 368 379 384 390 391  ; 4 4 6 3 5 5 5 5 10 4 3 5 5 2 
2.72e+05 ; 8.496e-09 ; True ; 5 43 69 78 82 105 153 162 168 173 184 235 237 291 293 314 319 352 361 368 379 384 390 394  ; 4 4 5 3 5 4 4 5 7 3 5 6 4 3 
2.9e+05 ; 1.558e-08 ; True ; 3 4 5 20 43 69 82 105 117 162 168 173 184 235 237 270 291 293 324 344 352 368 379 384 390  ; 5 4 6 3 6 5 6 4 9 5 4 5 5 2 
3.15e+05 ; 1.878e-08 ; True ; 3 4 5 20 43 69 82 105 117 162 168 173 184 235 237 270 291 293 324 339 344 352 368 379 384 390  ; 5 4 6 3 6 5 6 4 10 5 4 5 6 2 
3.41e+05 ; 2.401e-08 ; True ; 3 4 5 20 21 43 69 82 105 117 162 168 173 184 235 237 270 291 293 324 339 344 352 368 379 384 390  ; 6 4 7 3 6 5 6 4 10 5 4 5 6 2 

RUN 3:
Optimum Distance: 0

Optimal Team: 
Required Skills: 5 9 12 13 14 20 26 30 36 37 39 46 50 51 
Distance; Skill Score; isValid; Team; Skill Counts
8002 ; 2.287e-16 ; True ; 4 47 165 368 390  ; 1 1 1 1 1 1 1 1 1 2 1 1 1 1 
9001 ; 7.863e-16 ; True ; 4 235 297 368 390  ; 1 1 2 1 1 1 1 1 2 2 1 1 1 1 
1e+04 ; 1.568e-15 ; True ; 5 43 235 352 368  ; 1 2 1 1 1 1 1 1 2 2 1 2 1 1 
1.3e+04 ; 6.282e-15 ; True ; 5 43 235 295 297 390  ; 1 1 1 1 2 2 1 1 3 1 1 3 2 1 
1.3e+04 ; 1.016e-14 ; True ; 4 43 47 291 368 390  ; 1 2 1 1 1 2 2 1 2 2 1 2 2 1 
1.4e+04 ; 1.559e-14 ; True ; 42 43 235 352 368 390  ; 1 2 1 1 1 2 1 1 3 2 2 2 2 1 
1.4e+04 ; 2.627e-14 ; True ; 4 43 235 297 368 390  ; 1 2 2 1 1 2 2 1 3 2 1 2 2 1 
1.5e+04 ; 5.021e-14 ; True ; 4 43 184 235 368 390  ; 1 2 2 1 2 2 2 1 3 2 1 2 2 1 
1.9e+04 ; 5.115e-14 ; True ; 4 43 173 184 291 368 390  ; 1 2 2 1 2 2 3 1 3 1 1 3 2 1 
2e+04 ; 7.752e-14 ; True ; 5 43 139 235 352 368 390  ; 1 2 1 1 3 2 1 1 4 2 2 3 2 1 
2e+04 ; 8.997e-14 ; True ; 5 43 173 184 235 368 390  ; 1 2 2 1 3 2 2 1 4 1 1 4 2 1 
2e+04 ; 2.004e-13 ; True ; 4 43 47 105 235 368 390  ; 1 2 2 1 2 2 2 1 3 3 2 2 3 1 
2.1e+04 ; 2.908e-13 ; True ; 4 43 105 235 352 368 390  ; 1 2 2 1 2 2 2 1 3 3 3 2 3 1 
2.6e+04 ; 3.188e-13 ; True ; 4 43 47 180 184 235 368 390  ; 1 2 2 1 2 3 3 2 4 3 1 2 2 1 
2.6e+04 ; 3.512e-13 ; True ; 4 43 180 184 291 352 368 390  ; 1 2 2 1 2 3 3 2 3 2 2 2 2 1 
2.6e+04 ; 6.262e-13 ; True ; 4 43 173 184 235 352 368 390  ; 1 2 2 1 2 2 3 2 4 3 2 3 2 1 
2.6e+04 ; 6.274e-13 ; True ; 5 43 173 184 235 352 368 390  ; 1 2 2 1 3 2 2 2 4 2 2 4 2 1 
2.7e+04 ; 6.95e-13 ; True ; 5 43 180 184 235 352 368 390  ; 1 2 2 1 3 3 2 2 4 2 2 3 2 1 
2.8e+04 ; 1.113e-12 ; True ; 4 43 105 184 235 352 368 390  ; 1 2 3 1 3 2 2 2 3 3 3 2 3 1 
3.3e+04 ; 1.384e-12 ; True ; 5 43 173 180 184 235 352 368 390  ; 1 2 2 1 3 3 3 2 5 2 2 4 2 1 
3.3e+04 ; 1.51e-12 ; True ; 4 43 105 173 184 291 352 368 390  ; 1 2 3 1 3 2 3 2 3 2 3 3 3 1 
3.4e+04 ; 1.8e-12 ; True ; 4 43 47 105 180 184 235 368 390  ; 1 2 3 1 3 3 3 2 4 3 2 2 3 1 
3.4e+04 ; 2.652e-12 ; True ; 4 43 105 173 184 235 352 368 390  ; 1 2 3 1 3 2 3 2 4 3 3 3 3 1 
3.6e+04 ; 4.384e-12 ; True ; 5 20 43 105 235 352 368 379 390  ; 2 2 3 2 3 2 2 2 3 2 3 3 3 1 
4.2e+04 ; 5.237e-12 ; True ; 4 43 105 173 180 184 235 352 368 390  ; 1 2 3 1 3 3 4 2 5 3 3 3 3 1 
4.2e+04 ; 5.661e-12 ; True ; 5 43 105 173 184 235 270 352 368 390  ; 1 2 3 1 4 3 2 2 5 3 3 4 3 1 
4.3e+04 ; 6.109e-12 ; True ; 5 43 69 105 197 201 235 352 368 390  ; 1 3 2 2 4 2 2 2 4 2 4 4 3 1 
4.3e+04 ; 8.563e-12 ; True ; 4 5 43 105 173 184 235 352 368 390  ; 2 2 3 1 4 2 3 2 4 3 3 4 3 1 
4.5e+04 ; 1.287e-11 ; True ; 5 20 43 69 105 235 352 368 379 390  ; 2 3 3 2 4 2 2 2 4 2 3 4 3 1 
5.2e+04 ; 1.465e-11 ; True ; 5 43 105 173 180 184 235 352 368 379 390  ; 1 2 3 2 4 3 3 3 5 2 3 4 3 1 
5.2e+04 ; 1.588e-11 ; True ; 4 43 105 173 184 235 270 352 368 379 390  ; 1 2 3 2 3 3 3 3 5 4 3 3 3 1 
5.2e+04 ; 1.8e-11 ; True ; 5 20 43 105 173 184 235 270 352 368 390  ; 2 2 4 1 4 3 3 2 5 3 3 4 3 1 
5.3e+04 ; 2.057e-11 ; True ; 4 43 69 105 173 184 235 352 368 379 390  ; 1 3 3 2 4 2 3 3 5 3 3 4 3 1 
5.4e+04 ; 2.187e-11 ; True ; 4 43 69 99 105 173 235 352 368 379 390  ; 2 3 3 2 3 2 3 2 5 3 3 4 3 1 
5.4e+04 ; 2.277e-11 ; True ; 5 20 43 105 184 235 237 239 352 368 390  ; 2 2 5 2 5 2 3 2 4 3 3 3 3 1 
5.5e+04 ; 3.286e-11 ; True ; 4 20 43 69 105 184 235 352 368 379 390  ; 2 3 4 2 4 2 3 3 4 3 3 3 3 1 
6.3e+04 ; 4.172e-11 ; True ; 5 20 43 105 173 180 184 235 352 368 379 390  ; 2 2 4 2 4 3 4 3 5 2 3 4 3 1 
6.4e+04 ; 5.128e-11 ; True ; 5 20 43 69 105 173 184 235 352 368 379 390  ; 2 3 4 2 5 2 3 3 5 2 3 5 3 1 
6.5e+04 ; 6.058e-11 ; True ; 5 20 43 69 105 180 184 235 352 368 379 390  ; 2 3 4 2 5 3 3 3 5 2 3 4 3 1 
6.6e+04 ; 6.76e-11 ; True ; 5 20 43 69 105 184 235 237 270 352 368 390  ; 2 3 4 2 5 3 3 2 6 3 3 4 3 1 
7.5e+04 ; 9.745e-11 ; True ; 5 20 43 69 105 173 180 184 235 352 368 379 390  ; 2 3 4 2 5 3 4 3 6 2 3 5 3 1 
7.5e+04 ; 1.182e-10 ; True ; 5 20 43 69 105 173 184 235 270 352 368 379 390  ; 2 3 4 2 5 3 3 3 6 3 3 5 3 1 
7.7e+04 ; 1.204e-10 ; True ; 5 20 43 69 105 180 184 203 235 352 368 379 390  ; 2 3 4 2 5 3 3 3 5 2 3 4 3 2 
7.8e+04 ; 1.443e-10 ; True ; 5 20 43 69 105 201 235 237 270 352 368 379 390  ; 2 3 3 3 4 3 4 3 6 3 4 4 3 1 
8.7e+04 ; 1.655e-10 ; True ; 5 43 69 72 105 173 180 184 235 270 352 368 379 390  ; 2 3 4 2 5 4 3 3 7 3 3 5 3 1 
8.8e+04 ; 1.937e-10 ; True ; 5 20 43 69 105 173 180 184 203 235 352 368 379 390  ; 2 3 4 2 5 3 4 3 6 2 3 5 3 2 
8.8e+04 ; 2.047e-10 ; True ; 4 20 43 69 99 105 173 184 235 270 352 368 379 390  ; 3 3 5 2 4 3 4 3 6 4 3 4 3 1 
9e+04 ; 2.348e-10 ; True ; 5 20 43 69 105 180 184 235 237 270 352 368 379 390  ; 2 3 4 3 5 4 4 3 7 3 3 4 3 1 
9.1e+04 ; 2.868e-10 ; True ; 5 20 43 69 105 201 235 237 270 319 352 368 379 390  ; 2 3 3 3 4 3 4 3 6 3 4 4 3 2 
1e+05 ; 2.873e-10 ; True ; 3 5 43 69 99 105 173 180 184 235 237 352 368 379 390  ; 2 3 4 3 5 3 4 3 7 3 3 5 4 1 
1.01e+05 ; 3.288e-10 ; True ; 5 43 69 72 105 173 180 184 203 235 270 352 368 379 390  ; 2 3 4 2 5 4 3 3 7 3 3 5 3 2 
1.02e+05 ; 4.069e-10 ; True ; 4 20 21 43 69 105 173 184 203 235 270 352 368 379 390  ; 3 3 5 2 4 3 4 3 6 4 3 4 3 2 
1.04e+05 ; 4.666e-10 ; True ; 5 20 43 69 105 180 184 203 235 237 270 352 368 379 390  ; 2 3 4 3 5 4 4 3 7 3 3 4 3 2 
1.05e+05 ; 4.829e-10 ; True ; 5 20 21 43 69 105 184 203 235 237 270 352 368 379 390  ; 3 3 5 3 5 3 3 3 6 3 3 4 3 2 
1.13e+05 ; 4.997e-10 ; True ; 3 5 43 69 99 105 173 184 235 237 239 270 352 368 379 390  ; 2 3 5 3 6 3 3 3 7 5 3 5 4 1 
1.15e+05 ; 6.161e-10 ; True ; 3 5 43 69 99 105 173 184 203 235 237 270 352 368 379 390  ; 2 3 4 3 5 3 3 3 7 4 3 5 4 2 
1.17e+05 ; 7.004e-10 ; True ; 3 5 43 69 99 105 180 184 201 203 235 237 352 368 379 390  ; 2 3 4 3 5 3 4 4 6 3 4 4 4 2 
1.19e+05 ; 7.617e-10 ; True ; 5 20 43 69 78 105 180 184 203 235 237 270 352 368 379 390  ; 2 3 4 3 5 4 4 3 7 4 3 4 4 2 
1.2e+05 ; 7.912e-10 ; True ; 5 20 21 43 69 105 162 184 203 235 237 270 352 368 379 390  ; 3 4 5 3 5 4 3 3 6 3 3 4 3 2 
1.29e+05 ; 8.658e-10 ; True ; 3 5 43 69 105 173 184 201 203 235 237 239 244 352 368 379 390  ; 2 3 4 3 6 2 4 4 6 4 4 5 4 2 
1.3e+05 ; 9.966e-10 ; True ; 3 5 43 69 99 105 173 180 184 203 235 237 270 352 368 379 390  ; 2 3 4 3 5 4 4 3 8 4 3 5 4 2 
1.33e+05 ; 1.016e-09 ; True ; 5 20 43 69 99 105 184 197 201 235 237 239 270 352 368 379 390  ; 3 3 6 4 6 3 4 4 6 4 4 4 3 1 
1.33e+05 ; 1.054e-09 ; True ; 5 43 69 72 99 105 162 173 184 203 235 237 270 352 368 379 390  ; 3 4 5 3 5 4 3 3 7 3 3 5 3 2 
1.35e+05 ; 1.32e-09 ; True ; 5 20 43 69 99 105 158 180 184 203 235 237 270 352 368 379 390  ; 3 3 5 3 5 4 4 3 7 3 4 4 4 2 
1.36e+05 ; 1.522e-09 ; True ; 5 20 21 43 69 105 162 184 201 203 235 237 270 352 368 379 390  ; 3 4 5 3 5 4 4 4 6 3 4 4 3 2 
1.5e+05 ; 1.624e-09 ; True ; 5 20 43 69 105 162 180 184 201 203 235 237 239 279 352 368 379 390  ; 2 4 5 3 6 5 5 4 6 3 4 4 3 2 
1.5e+05 ; 1.749e-09 ; True ; 5 43 69 72 99 105 158 162 173 184 203 235 237 270 352 368 379 390  ; 3 4 5 3 5 4 3 3 7 3 4 5 4 2 
1.52e+05 ; 2.22e-09 ; True ; 5 20 21 43 69 105 162 180 184 201 203 235 237 270 352 368 379 390  ; 3 4 5 3 5 5 5 4 7 3 4 4 3 2 
1.53e+05 ; 2.226e-09 ; True ; 5 20 21 43 69 105 162 184 201 203 215 235 237 270 352 368 379 390  ; 3 4 5 4 5 4 5 4 6 3 4 4 3 2 
1.66e+05 ; 2.505e-09 ; True ; 5 43 69 72 99 105 158 162 173 184 203 235 237 270 297 352 368 379 390  ; 3 4 6 3 5 4 3 4 7 3 4 5 4 2 
1.67e+05 ; 2.506e-09 ; True ; 5 20 43 69 105 158 162 173 180 184 203 235 237 244 270 352 368 379 390  ; 3 4 4 3 5 5 5 3 8 3 4 5 4 2 
1.68e+05 ; 2.653e-09 ; True ; 5 43 69 72 99 105 158 162 173 184 203 235 237 270 276 352 368 379 390  ; 3 4 5 3 5 5 4 3 8 3 4 5 4 2 
1.7e+05 ; 2.861e-09 ; True ; 5 20 21 43 69 105 162 180 184 201 203 235 237 240 270 352 368 379 390  ; 4 4 5 3 5 5 5 4 7 3 4 4 3 2 
1.8e+05 ; 2.949e-09 ; True ; 3 5 43 69 99 105 173 180 184 203 235 237 239 244 270 352 368 379 380 390  ; 3 3 5 3 6 4 4 4 8 5 3 5 4 2 
1.82e+05 ; 3.169e-09 ; True ; 3 5 43 69 99 105 173 184 201 203 235 237 239 244 270 348 352 368 379 390  ; 3 3 5 3 6 3 4 4 7 6 4 5 4 2 
1.84e+05 ; 3.298e-09 ; True ; 5 43 69 72 99 105 158 162 173 184 203 235 237 270 295 297 352 368 379 390  ; 3 4 6 4 5 4 3 4 7 3 4 5 4 2 
1.85e+05 ; 3.848e-09 ; True ; 5 43 69 72 99 105 158 162 173 184 203 205 235 237 270 297 352 368 379 390  ; 3 5 6 3 5 5 3 4 8 3 4 5 4 2 
2.01e+05 ; 4.792e-09 ; True ; 3 5 43 69 92 99 105 173 180 184 201 203 235 237 244 270 352 368 379 380 390  ; 3 4 4 3 5 5 5 5 8 4 4 5 4 2 
2.05e+05 ; 5.489e-09 ; True ; 5 20 43 69 83 99 105 153 173 180 184 201 203 205 235 270 295 352 368 379 390  ; 3 4 5 3 6 5 5 6 8 3 5 5 3 2 
2.22e+05 ; 6.173e-09 ; True ; 3 5 43 69 99 105 162 173 184 201 203 235 237 239 244 269 270 352 368 379 380 390  ; 3 4 5 3 6 4 4 5 7 6 4 5 4 2 
2.25e+05 ; 6.308e-09 ; True ; 5 20 25 43 69 99 105 162 173 180 184 203 235 237 239 244 270 352 368 379 380 390  ; 4 4 6 4 6 5 5 4 8 4 3 5 3 2 
2.26e+05 ; 6.737e-09 ; True ; 5 20 43 69 83 99 105 146 158 162 173 180 184 203 205 235 237 295 352 368 379 390  ; 3 5 5 4 6 5 5 4 8 3 4 5 4 2 
2.44e+05 ; 8.533e-09 ; True ; 3 5 43 69 99 105 162 173 184 201 203 235 237 239 244 269 270 352 368 379 380 384 390  ; 3 4 5 3 6 5 4 6 7 6 4 5 4 2 
2.47e+05 ; 9.841e-09 ; True ; 5 20 43 69 83 99 105 146 158 162 173 180 184 203 235 237 270 295 352 368 379 385 390  ; 3 4 5 4 6 6 5 4 8 4 4 6 4 2 
2.51e+05 ; 1.012e-08 ; True ; 4 5 20 43 69 105 133 153 158 162 184 201 203 235 237 239 244 270 352 368 379 382 390  ; 4 4 5 3 6 4 5 5 7 6 6 4 4 2 
2.7e+05 ; 1.111e-08 ; True ; 5 20 43 69 83 99 105 153 158 162 173 174 180 184 203 205 235 244 270 295 352 368 379 390  ; 4 5 5 3 7 6 4 5 8 3 5 5 4 2 
2.92e+05 ; 1.208e-08 ; True ; 5 20 43 69 105 133 158 162 173 180 184 201 203 235 237 239 244 270 334 352 368 379 382 386 390  ; 3 4 5 3 6 5 6 5 9 6 5 5 4 2 
2.93e+05 ; 1.231e-08 ; True ; 5 20 43 69 83 99 105 133 158 162 173 174 180 184 203 235 237 244 270 295 352 368 379 380 390  ; 4 4 5 4 7 5 5 5 8 4 4 5 4 2 
2.93e+05 ; 1.234e-08 ; True ; 5 20 43 69 83 99 105 153 158 162 173 174 177 180 184 203 205 235 244 270 295 352 368 379 390  ; 4 5 5 3 7 6 5 5 8 3 5 5 4 2 
2.94e+05 ; 1.347e-08 ; True ; 5 20 43 69 81 83 99 105 133 158 162 173 180 184 203 235 237 244 270 295 352 368 379 386 390  ; 4 4 5 4 6 6 5 4 9 5 4 5 4 2 
2.97e+05 ; 1.526e-08 ; True ; 5 20 43 69 73 99 105 153 158 162 174 180 184 203 205 235 237 244 270 295 309 352 368 379 390  ; 5 5 5 4 6 6 5 4 8 4 5 4 4 2 
3.18e+05 ; 1.701e-08 ; True ; 5 20 43 69 83 99 105 133 153 158 162 173 174 180 184 203 235 237 244 270 295 352 368 379 380 390  ; 4 4 5 4 7 5 5 6 8 4 5 5 4 2 
3.2e+05 ; 2.028e-08 ; True ; 5 20 43 69 73 81 83 99 105 133 158 162 173 180 184 190 203 205 235 237 270 295 352 368 379 390  ; 4 5 5 4 6 7 6 4 10 5 4 5 4 2 
3.44e+05 ; 2.255e-08 ; True ; 5 20 43 69 83 99 105 133 153 158 162 173 174 180 184 203 235 237 244 256 270 295 352 368 379 380 390  ; 4 4 5 5 7 5 6 6 8 4 5 5 4 2 
3.45e+05 ; 2.277e-08 ; True ; 5 20 43 69 81 83 99 105 133 158 162 173 180 184 190 203 205 235 237 244 270 295 334 352 368 379 390  ; 5 5 5 4 6 7 5 5 10 4 4 5 4 2 
3.46e+05 ; 2.451e-08 ; True ; 5 20 43 69 73 81 83 99 105 133 158 162 173 180 184 190 203 205 235 237 244 270 295 352 368 379 390  ; 5 5 5 4 6 7 6 4 10 5 4 5 4 2 
3.71e+05 ; 2.713e-08 ; True ; 5 20 43 69 81 83 99 105 133 158 162 173 180 184 190 203 205 235 237 244 270 295 334 352 368 379 386 390  ; 5 5 5 4 6 7 5 5 10 5 4 5 4 2 
3.72e+05 ; 2.914e-08 ; True ; 5 20 43 69 73 81 83 99 105 133 158 162 173 180 184 190 203 205 235 237 244 270 295 334 352 368 379 390  ; 5 5 5 4 6 7 6 5 10 5 4 5 4 2 

RUN 4:
Optimum Distance: 0

Optimal Team: 
Required Skills: 5 9 12 13 14 20 26 30 36 37 39 46 50 51 
Distance; Skill Score; isValid; Team; Skill Counts
9001 ; 7.863e-16 ; True ; 4 235 297 368 390  ; 1 1 2 1 1 1 1 1 2 2 1 1 1 1 
1e+04 ; 1.603e-15 ; True ; 5 201 235 368 390  ; 1 1 1 1 2 1 1 1 2 1 2 2 1 1 
1.3e+04 ; 2.992e-15 ; True ; 5 157 235 297 368 390  ; 1 1 2 1 2 1 1 1 2 1 1 2 2 1 
1.4e+04 ; 2.627e-14 ; True ; 4 43 235 297 368 390  ; 1 2 2 1 1 2 2 1 3 2 1 2 2 1 
1.5e+04 ; 5.081e-14 ; True ; 20 43 235 352 368 390  ; 1 2 2 1 1 2 2 1 3 2 2 2 2 1 
1.9e+04 ; 5.626e-14 ; True ; 5 43 157 235 297 368 390  ; 1 2 2 1 2 2 2 1 3 1 1 3 3 1 
2e+04 ; 1.59e-13 ; True ; 5 43 235 293 352 368 390  ; 2 2 2 1 2 2 1 1 3 2 2 3 2 1 
2.1e+04 ; 2.867e-13 ; True ; 20 43 105 235 352 368 390  ; 1 2 3 1 2 2 2 1 3 2 3 2 3 1 
2.6e+04 ; 3.651e-13 ; True ; 4 43 69 105 197 235 297 390  ; 1 2 2 1 3 2 2 1 4 2 2 3 3 1 
2.6e+04 ; 6.274e-13 ; True ; 5 43 173 184 235 352 368 390  ; 1 2 2 1 3 2 2 2 4 2 2 4 2 1 
2.7e+04 ; 7.607e-13 ; True ; 5 43 201 235 293 352 368 390  ; 2 2 2 1 2 2 2 2 3 2 3 3 2 1 
2.8e+04 ; 1.171e-12 ; True ; 5 20 43 105 235 352 368 390  ; 2 2 3 1 3 2 2 1 3 2 3 3 3 1 
3.3e+04 ; 1.503e-12 ; True ; 5 43 173 184 235 270 352 368 390  ; 1 2 2 1 3 3 2 2 5 3 2 4 2 1 
3.4e+04 ; 1.794e-12 ; True ; 20 43 69 197 201 235 352 368 390  ; 1 3 2 2 2 2 3 2 4 2 3 3 2 1 
3.4e+04 ; 1.899e-12 ; True ; 5 43 235 237 239 297 352 368 390  ; 1 2 3 2 3 2 2 2 4 3 2 3 2 1 
3.5e+04 ; 2.101e-12 ; True ; 20 43 69 105 197 235 352 368 390  ; 1 3 3 2 3 2 2 1 4 2 3 3 3 1 
3.5e+04 ; 2.781e-12 ; True ; 5 20 43 105 235 297 352 368 390  ; 2 2 4 1 3 2 2 2 3 2 3 3 3 1 
3.6e+04 ; 3.765e-12 ; True ; 5 20 43 105 201 235 352 368 390  ; 2 2 3 1 3 2 3 2 3 2 4 3 3 1 
4.2e+04 ; 3.934e-12 ; True ; 5 43 92 235 237 239 297 352 368 390  ; 1 3 3 2 3 3 2 2 4 3 2 3 2 1 
4.2e+04 ; 5.661e-12 ; True ; 5 43 105 173 184 235 270 352 368 390  ; 1 2 3 1 4 3 2 2 5 3 3 4 3 1 
4.3e+04 ; 6.758e-12 ; True ; 20 43 69 105 197 201 235 352 368 390  ; 1 3 3 2 3 2 3 2 4 2 4 3 3 1 
4.4e+04 ; 6.786e-12 ; True ; 5 20 43 69 105 197 235 352 368 390  ; 2 3 3 2 4 2 2 1 4 2 3 4 3 1 
4.4e+04 ; 9.456e-12 ; True ; 5 20 43 69 105 235 352 368 384 390  ; 2 3 3 1 4 3 2 2 4 2 3 4 3 1 
4.5e+04 ; 1.105e-11 ; True ; 5 20 43 69 105 201 235 352 368 390  ; 2 3 3 1 4 2 3 2 4 2 4 4 3 1 
5.2e+04 ; 1.251e-11 ; True ; 5 20 43 92 235 237 239 297 352 368 390  ; 2 3 4 2 3 3 3 2 4 3 2 3 2 1 
5.2e+04 ; 1.635e-11 ; True ; 5 43 105 173 184 235 237 270 352 368 390  ; 1 2 3 2 4 3 3 2 6 3 3 4 3 1 
5.3e+04 ; 2.182e-11 ; True ; 5 20 43 69 105 197 201 235 352 368 390  ; 2 3 3 2 4 2 3 2 4 2 4 4 3 1 
5.4e+04 ; 2.456e-11 ; True ; 5 20 43 105 201 235 237 239 352 368 390  ; 2 2 4 2 4 2 4 2 4 3 4 3 3 1 
5.5e+04 ; 3.106e-11 ; True ; 5 20 43 69 105 201 235 352 368 379 390  ; 2 3 3 2 4 2 3 3 4 2 4 4 3 1 
6.2e+04 ; 3.113e-11 ; True ; 5 43 105 173 184 235 237 239 270 352 368 390  ; 1 2 4 2 5 3 3 2 6 4 3 4 3 1 
6.2e+04 ; 3.199e-11 ; True ; 5 43 69 105 173 184 235 270 293 352 368 390  ; 2 3 4 1 5 3 2 2 6 3 3 5 3 1 
6.3e+04 ; 3.301e-11 ; True ; 5 20 43 69 105 157 197 201 235 352 368 390  ; 2 3 3 2 4 2 4 2 4 2 4 4 4 1 
6.3e+04 ; 4.205e-11 ; True ; 5 20 43 69 105 173 184 235 270 352 368 390  ; 2 3 4 1 5 3 3 2 6 3 3 5 3 1 
6.4e+04 ; 5.226e-11 ; True ; 5 20 43 69 105 197 201 235 270 352 368 390  ; 2 3 3 2 4 3 3 2 5 3 4 4 3 1 
6.4e+04 ; 6.074e-11 ; True ; 5 20 43 69 105 235 237 239 352 368 384 390  ; 2 3 4 2 5 3 3 2 5 3 3 4 3 1 
6.5e+04 ; 6.356e-11 ; True ; 5 20 43 69 105 201 235 237 239 352 368 390  ; 2 3 4 2 5 2 4 2 5 3 4 4 3 1 
6.6e+04 ; 6.76e-11 ; True ; 5 20 43 69 105 184 235 237 270 352 368 390  ; 2 3 4 2 5 3 3 2 6 3 3 4 3 1 
6.6e+04 ; 6.844e-11 ; True ; 5 20 43 69 105 201 235 237 270 352 368 390  ; 2 3 3 2 4 3 4 2 6 3 4 4 3 1 
7.4e+04 ; 7.362e-11 ; True ; 5 20 43 69 92 105 197 201 235 237 239 352 390  ; 2 3 3 2 5 3 4 2 5 3 4 4 3 1 
7.5e+04 ; 7.703e-11 ; True ; 5 20 43 69 92 105 197 201 235 239 352 379 390  ; 2 3 3 2 5 3 3 3 4 3 4 4 3 1 
7.5e+04 ; 1.06e-10 ; True ; 5 20 43 69 105 173 184 235 237 270 352 368 390  ; 2 3 4 2 5 3 4 2 7 3 3 5 3 1 
7.6e+04 ; 1.116e-10 ; True ; 5 20 43 69 105 184 197 201 235 270 352 368 390  ; 2 3 4 2 5 3 3 3 5 3 4 4 3 1 
7.6e+04 ; 1.17e-10 ; True ; 5 20 43 69 105 184 235 237 239 352 368 384 390  ; 2 3 5 2 6 3 3 3 5 3 3 4 3 1 
7.7e+04 ; 1.303e-10 ; True ; 5 20 43 69 105 201 235 237 239 270 352 368 390  ; 2 3 4 2 5 3 4 2 6 4 4 4 3 1 
7.8e+04 ; 1.461e-10 ; True ; 5 20 43 69 105 184 201 235 237 270 352 368 390  ; 2 3 4 2 5 3 4 3 6 3 4 4 3 1 
8.7e+04 ; 1.474e-10 ; True ; 5 20 43 69 92 105 197 235 237 239 352 368 384 390  ; 2 4 4 3 5 4 3 2 5 3 3 4 3 1 
8.7e+04 ; 1.821e-10 ; True ; 5 20 43 69 105 173 184 235 237 239 270 352 368 390  ; 2 3 5 2 6 3 4 2 7 4 3 5 3 1 
8.8e+04 ; 1.93e-10 ; True ; 5 20 43 69 105 197 201 235 237 239 270 352 368 390  ; 2 3 4 3 5 3 4 2 6 4 4 4 3 1 
8.8e+04 ; 2.163e-10 ; True ; 5 20 43 69 105 173 184 201 235 237 270 352 368 390  ; 2 3 4 2 5 3 5 3 7 3 4 5 3 1 
8.9e+04 ; 2.327e-10 ; True ; 5 20 43 69 92 105 201 235 237 239 319 352 368 390  ; 2 4 4 2 5 3 4 2 5 3 4 4 3 2 
9e+04 ; 2.435e-10 ; True ; 5 20 43 69 92 105 201 235 239 319 352 368 379 390  ; 2 4 4 2 5 3 3 3 4 3 4 4 3 2 
9e+04 ; 2.59e-10 ; True ; 5 20 43 69 105 201 235 237 239 270 319 352 368 390  ; 2 3 4 2 5 3 4 2 6 4 4 4 3 2 
9.1e+04 ; 2.904e-10 ; True ; 5 20 43 69 105 184 201 235 237 270 319 352 368 390  ; 2 3 4 2 5 3 4 3 6 3 4 4 3 2 
1.01e+05 ; 3.083e-10 ; True ; 5 21 43 69 92 105 173 184 201 235 237 239 352 368 390  ; 2 4 5 2 6 3 4 3 6 3 4 5 3 1 
1.01e+05 ; 3.344e-10 ; True ; 5 43 69 105 173 184 201 205 235 237 239 293 352 368 390  ; 2 4 5 2 6 3 4 3 7 3 4 5 3 1 
1.02e+05 ; 3.607e-10 ; True ; 5 20 43 69 92 105 197 201 235 239 319 352 368 379 390  ; 2 4 4 3 5 3 3 3 4 3 4 4 3 2 
1.02e+05 ; 4.276e-10 ; True ; 5 20 43 69 92 105 201 235 237 239 319 352 368 384 390  ; 2 4 4 2 5 4 4 3 5 3 4 4 3 2 
1.03e+05 ; 4.482e-10 ; True ; 5 20 43 69 92 105 184 201 235 237 239 319 352 368 390  ; 2 4 5 2 6 3 4 3 5 3 4 4 3 2 
1.04e+05 ; 4.614e-10 ; True ; 5 20 43 69 92 105 201 235 239 270 319 352 368 379 390  ; 2 4 4 2 5 4 3 3 5 4 4 4 3 2 
1.04e+05 ; 4.988e-10 ; True ; 5 20 43 69 105 184 201 235 237 239 270 319 352 368 390  ; 2 3 5 2 6 3 4 3 6 4 4 4 3 2 
1.15e+05 ; 5.48e-10 ; True ; 5 21 43 69 92 105 173 184 201 235 237 239 270 352 368 390  ; 2 4 5 2 6 4 4 3 7 4 4 5 3 1 
1.16e+05 ; 6.127e-10 ; True ; 5 21 43 69 92 105 173 184 201 235 237 239 319 352 368 390  ; 2 4 5 2 6 3 4 3 6 3 4 5 3 2 
1.16e+05 ; 6.646e-10 ; True ; 5 21 43 69 105 173 184 201 235 237 239 270 319 352 368 390  ; 2 3 5 2 6 3 4 3 7 4 4 5 3 2 
1.17e+05 ; 6.692e-10 ; True ; 5 21 43 69 105 173 184 201 215 235 270 319 352 368 379 390  ; 2 3 4 3 5 3 4 4 6 3 4 5 3 2 
1.17e+05 ; 6.693e-10 ; True ; 5 20 43 69 105 173 201 205 235 237 239 270 291 352 368 390  ; 2 4 4 2 5 4 5 2 8 4 4 5 3 2 
1.18e+05 ; 8.949e-10 ; True ; 5 20 43 69 92 105 201 235 237 239 270 319 352 368 379 390  ; 2 4 4 3 5 4 4 3 6 4 4 4 3 2 
1.31e+05 ; 1.089e-09 ; True ; 5 21 43 69 92 105 173 184 201 235 237 239 270 319 352 368 390  ; 2 4 5 2 6 4 4 3 7 4 4 5 3 2 
1.32e+05 ; 1.132e-09 ; True ; 5 20 43 69 92 105 173 184 235 237 239 299 319 352 368 379 390  ; 3 4 5 3 6 3 5 3 6 3 3 5 3 2 
1.32e+05 ; 1.271e-09 ; True ; 5 20 43 69 92 105 173 201 235 237 239 293 319 352 368 379 390  ; 3 4 5 3 5 3 5 3 6 3 4 5 3 2 
1.34e+05 ; 1.455e-09 ; True ; 5 20 43 69 92 105 126 201 235 237 239 270 319 352 368 379 390  ; 2 5 4 3 5 4 5 3 6 4 4 5 3 2 
1.48e+05 ; 1.508e-09 ; True ; 5 20 43 69 92 99 105 173 184 235 237 239 256 270 352 368 379 390  ; 3 4 6 4 6 4 5 3 7 4 3 5 3 1 
1.48e+05 ; 1.792e-09 ; True ; 5 21 43 69 92 105 173 184 201 235 237 239 256 270 319 352 368 390  ; 2 4 5 3 6 4 5 3 7 4 4 5 3 2 
1.49e+05 ; 1.829e-09 ; True ; 5 17 20 43 69 92 105 173 201 235 237 239 270 291 352 368 379 390  ; 2 4 4 3 5 4 6 3 7 4 4 5 4 2 
1.5e+05 ; 1.97e-09 ; True ; 5 20 43 69 92 105 173 184 201 235 237 270 291 319 352 368 379 390  ; 2 4 4 3 5 4 5 4 7 3 4 5 3 3 
1.52e+05 ; 2.679e-09 ; True ; 5 20 43 69 105 184 201 205 235 237 239 270 299 319 352 368 379 390  ; 3 4 5 3 6 4 5 4 7 4 4 4 3 2 
1.66e+05 ; 2.789e-09 ; True ; 5 21 43 69 92 105 173 184 201 215 235 237 239 270 299 319 352 368 390  ; 3 4 5 3 6 4 6 3 7 4 4 5 3 2 
1.67e+05 ; 3.315e-09 ; True ; 5 20 43 69 92 105 173 184 201 205 235 237 239 299 319 352 368 379 390  ; 3 5 5 3 6 4 6 4 7 3 4 5 3 2 
1.7e+05 ; 3.52e-09 ; True ; 5 21 43 69 105 114 184 201 205 235 237 239 270 299 319 352 368 379 390  ; 3 4 5 3 6 4 4 5 7 4 4 5 3 2 
1.84e+05 ; 3.92e-09 ; True ; 5 43 69 92 105 173 184 190 201 221 235 237 239 270 299 319 352 368 379 390  ; 3 4 5 3 6 4 5 4 7 5 4 5 3 2 
1.85e+05 ; 4.276e-09 ; True ; 5 21 43 69 92 105 153 173 184 201 215 235 237 239 270 299 319 352 368 390  ; 3 4 5 3 6 4 6 4 7 4 5 5 3 2 
1.88e+05 ; 4.454e-09 ; True ; 5 21 43 69 92 105 114 184 201 205 215 235 237 239 299 319 352 368 379 390  ; 3 5 5 4 6 4 5 5 6 3 4 5 3 2 
1.88e+05 ; 4.525e-09 ; True ; 5 21 43 69 105 114 159 184 201 205 235 237 239 270 299 319 352 368 379 390  ; 3 4 5 3 6 4 4 5 7 4 4 5 4 2 
2.02e+05 ; 4.539e-09 ; True ; 5 43 47 69 92 105 153 173 184 215 235 237 239 270 319 352 360 362 368 379 390  ; 2 5 5 4 6 4 4 5 7 5 4 5 3 2 
2.04e+05 ; 5.713e-09 ; True ; 5 21 43 69 92 105 173 184 190 201 221 235 237 239 270 299 319 352 368 379 390  ; 4 4 6 3 6 4 5 4 7 5 4 5 3 2 
2.05e+05 ; 6.135e-09 ; True ; 5 21 43 47 69 92 105 153 173 184 215 235 237 239 270 299 319 352 368 379 390  ; 3 4 5 4 6 4 5 5 7 5 4 5 3 2 
2.23e+05 ; 7.44e-09 ; True ; 5 21 43 47 69 92 105 153 173 184 215 235 237 239 270 319 352 360 362 368 379 390  ; 3 5 6 4 6 4 4 5 7 5 4 5 3 2 
2.25e+05 ; 8.266e-09 ; True ; 5 21 43 47 69 92 105 153 173 184 215 235 237 239 270 299 319 352 362 368 379 390  ; 3 5 6 4 6 4 5 5 7 5 4 5 3 2 
2.26e+05 ; 8.941e-09 ; True ; 5 21 31 43 47 69 92 105 153 173 184 215 235 237 239 270 299 319 352 368 379 390  ; 4 4 6 4 6 4 5 5 7 5 4 5 3 2 
2.45e+05 ; 1.065e-08 ; True ; 5 21 43 47 69 92 105 153 173 184 215 235 237 239 270 299 319 352 360 362 368 379 390  ; 4 5 6 4 6 4 5 5 7 5 4 5 3 2 
2.48e+05 ; 1.078e-08 ; True ; 5 21 43 47 69 92 105 117 153 173 184 215 235 237 239 270 299 315 319 352 368 379 390  ; 4 5 5 4 6 4 6 5 8 5 4 5 3 2 
2.68e+05 ; 1.192e-08 ; True ; 5 21 43 47 69 92 105 153 173 184 215 220 235 237 239 270 299 319 352 360 362 368 379 390  ; 4 5 6 4 7 4 5 5 7 5 4 5 3 2 
2.7e+05 ; 1.244e-08 ; True ; 5 21 42 43 69 70 92 105 114 117 173 184 204 205 215 235 237 239 270 291 352 368 379 390  ; 5 5 6 4 6 5 4 4 8 4 4 6 3 2 
2.71e+05 ; 1.271e-08 ; True ; 5 21 43 47 69 92 105 117 153 173 184 215 235 237 239 270 299 315 319 352 361 368 379 390  ; 4 5 5 4 6 4 6 5 8 5 4 6 3 2 
2.72e+05 ; 1.314e-08 ; True ; 5 21 26 43 69 95 105 165 184 201 205 215 221 235 237 239 270 293 319 334 352 368 385 390  ; 3 4 7 3 6 5 4 4 8 5 5 5 4 3 
2.92e+05 ; 1.76e-08 ; True ; 5 21 43 47 69 92 105 153 173 184 205 215 220 235 237 239 270 299 319 352 360 362 368 379 390  ; 4 6 6 4 7 5 5 5 8 5 4 5 3 2 
2.96e+05 ; 1.841e-08 ; True ; 5 21 26 43 69 95 105 158 165 184 201 205 215 221 235 237 239 270 293 319 334 352 368 385 390  ; 3 4 7 3 6 5 4 4 8 5 6 5 5 3 
3.17e+05 ; 1.96e-08 ; True ; 5 21 43 47 69 92 105 153 173 184 187 205 215 220 235 237 239 270 299 319 352 360 362 368 379 390  ; 4 7 6 4 7 5 5 5 8 5 4 5 3 2 
3.47e+05 ; 2.226e-08 ; True ; 5 17 21 26 43 69 92 95 99 105 114 153 184 215 235 237 239 270 299 319 344 352 366 367 368 385 390  ; 5 4 6 3 6 6 5 4 8 4 5 6 6 2 
3.47e+05 ; 2.53e-08 ; True ; 5 17 21 43 69 92 95 99 105 114 153 184 215 235 237 239 270 295 299 319 344 352 366 367 368 385 390  ; 5 4 6 4 6 6 5 4 8 4 5 6 5 2 
3.74e+05 ; 2.717e-08 ; True ; 5 17 21 43 69 92 95 99 105 114 153 184 215 235 237 239 270 295 299 319 344 352 358 366 367 368 385 390  ; 5 4 6 4 6 6 6 4 8 4 5 6 5 2 

RUN 5:
Optimum Distance: 0

Optimal Team: 
Required Skills: 5 9 12 13 14 20 26 30 36 37 39 46 50 51 
Distance; Skill Score; isValid; Team; Skill Counts
9001 ; 7.863e-16 ; True ; 4 235 297 368 390  ; 1 1 2 1 1 1 1 1 2 2 1 1 1 1 
1e+04 ; 1.568e-15 ; True ; 5 43 235 352 368  ; 1 2 1 1 1 1 1 1 2 2 1 2 1 1 
1.2e+04 ; 1.579e-15 ; True ; 4 221 235 297 368 390  ; 1 1 3 1 1 1 1 1 2 3 1 1 1 1 
1.3e+04 ; 2.201e-15 ; True ; 42 173 235 352 368 390  ; 1 1 1 1 1 1 1 1 3 2 2 2 1 1 
1.4e+04 ; 5.613e-15 ; True ; 5 43 140 235 352 368  ; 1 2 2 1 2 1 1 1 2 2 1 2 1 1 
1.4e+04 ; 2.627e-14 ; True ; 4 43 235 297 368 390  ; 1 2 2 1 1 2 2 1 3 2 1 2 2 1 
1.5e+04 ; 5.081e-14 ; True ; 20 43 235 352 368 390  ; 1 2 2 1 1 2 2 1 3 2 2 2 2 1 
1.9e+04 ; 5.253e-14 ; True ; 4 43 173 291 352 368 390  ; 1 2 1 1 1 2 3 1 3 2 2 3 2 1 
2e+04 ; 1.18e-13 ; True ; 5 43 140 235 352 368 390  ; 1 2 2 1 3 2 1 1 3 2 2 3 2 1 
2e+04 ; 1.194e-13 ; True ; 4 43 105 235 237 297 390  ; 1 1 2 1 2 2 3 1 4 2 2 2 3 1 
2e+04 ; 2.004e-13 ; True ; 4 43 47 105 235 368 390  ; 1 2 2 1 2 2 2 1 3 3 2 2 3 1 
2.1e+04 ; 2.908e-13 ; True ; 4 43 105 235 352 368 390  ; 1 2 2 1 2 2 2 1 3 3 3 2 3 1 
2.5e+04 ; 3.338e-13 ; True ; 42 43 173 184 235 352 368 390  ; 1 2 2 1 2 2 2 2 4 2 2 3 2 1 
2.5e+04 ; 3.567e-13 ; True ; 4 43 173 184 291 352 368 390  ; 1 2 2 1 2 2 3 2 3 2 2 3 2 1 
2.6e+04 ; 3.817e-13 ; True ; 4 42 43 105 235 297 368 390  ; 2 2 3 1 2 2 2 1 3 2 2 2 3 1 
2.6e+04 ; 6.274e-13 ; True ; 5 43 173 184 235 352 368 390  ; 1 2 2 1 3 2 2 2 4 2 2 4 2 1 
2.7e+04 ; 6.95e-13 ; True ; 5 43 180 184 235 352 368 390  ; 1 2 2 1 3 3 2 2 4 2 2 3 2 1 
2.7e+04 ; 7.76e-13 ; True ; 4 43 105 235 297 352 368 390  ; 1 2 3 1 2 2 2 2 3 3 3 2 3 1 
2.8e+04 ; 1.171e-12 ; True ; 5 20 43 105 235 352 368 390  ; 2 2 3 1 3 2 2 1 3 2 3 3 3 1 
3.3e+04 ; 1.384e-12 ; True ; 5 43 173 180 184 235 352 368 390  ; 1 2 2 1 3 3 3 2 5 2 2 4 2 1 
3.3e+04 ; 1.51e-12 ; True ; 4 43 105 173 184 291 352 368 390  ; 1 2 3 1 3 2 3 2 3 2 3 3 3 1 
3.4e+04 ; 1.562e-12 ; True ; 5 20 43 173 235 297 352 368 390  ; 2 2 3 1 2 2 3 2 4 2 2 4 2 1 
3.4e+04 ; 2.652e-12 ; True ; 4 43 105 173 184 235 352 368 390  ; 1 2 3 1 3 2 3 2 4 3 3 3 3 1 
3.5e+04 ; 2.88e-12 ; True ; 4 43 69 105 235 297 352 368 390  ; 1 3 3 1 3 2 2 2 4 3 3 3 3 1 
3.5e+04 ; 2.928e-12 ; True ; 20 43 69 105 235 352 368 384 390  ; 1 3 3 1 3 3 2 2 4 2 3 3 3 1 
3.6e+04 ; 2.983e-12 ; True ; 5 20 43 105 235 270 352 368 390  ; 2 2 3 1 3 3 2 1 4 3 3 3 3 1 
3.6e+04 ; 4.384e-12 ; True ; 5 20 43 105 235 352 368 379 390  ; 2 2 3 2 3 2 2 2 3 2 3 3 3 1 
4.2e+04 ; 4.426e-12 ; True ; 5 20 43 173 180 184 235 352 368 390  ; 2 2 3 1 3 3 4 2 5 2 2 4 2 1 
4.2e+04 ; 5.212e-12 ; True ; 5 43 105 173 180 184 235 352 368 390  ; 1 2 3 1 4 3 3 2 5 2 3 4 3 1 
4.2e+04 ; 5.661e-12 ; True ; 5 43 105 173 184 235 270 352 368 390  ; 1 2 3 1 4 3 2 2 5 3 3 4 3 1 
4.3e+04 ; 5.733e-12 ; True ; 4 43 69 105 173 235 297 352 368 390  ; 1 3 3 1 3 2 3 2 5 3 3 4 3 1 
4.3e+04 ; 7.552e-12 ; True ; 4 20 43 105 173 184 235 352 368 390  ; 2 2 4 1 3 2 4 2 4 3 3 3 3 1 
4.4e+04 ; 8.327e-12 ; True ; 5 20 43 105 180 184 235 352 368 390  ; 2 2 4 1 4 3 3 2 4 2 3 3 3 1 
4.4e+04 ; 1.012e-11 ; True ; 4 20 43 69 105 235 368 379 384 390  ; 2 3 3 2 3 3 3 2 4 2 2 3 3 1 
4.5e+04 ; 1.117e-11 ; True ; 5 20 43 105 235 270 352 368 379 390  ; 2 2 3 2 3 3 2 2 4 3 3 3 3 1 
4.5e+04 ; 1.444e-11 ; True ; 4 20 43 69 105 235 352 368 379 390  ; 2 3 3 2 3 2 3 2 4 3 3 3 3 1 
5.2e+04 ; 1.484e-11 ; True ; 5 20 43 105 173 180 184 235 352 368 390  ; 2 2 4 1 4 3 4 2 5 2 3 4 3 1 
5.2e+04 ; 1.8e-11 ; True ; 5 20 43 105 173 184 235 270 352 368 390  ; 2 2 4 1 4 3 3 2 5 3 3 4 3 1 
5.3e+04 ; 2.123e-11 ; True ; 4 20 43 105 173 184 235 352 368 379 390  ; 2 2 4 2 3 2 4 3 4 3 3 3 3 1 
5.3e+04 ; 2.224e-11 ; True ; 5 20 43 105 173 235 270 352 368 379 390  ; 2 2 3 2 3 3 3 2 5 3 3 4 3 1 
5.4e+04 ; 2.341e-11 ; True ; 5 20 43 105 180 184 235 352 368 379 390  ; 2 2 4 2 4 3 3 3 4 2 3 3 3 1 
5.4e+04 ; 2.573e-11 ; True ; 4 20 43 69 105 173 235 352 368 379 390  ; 2 3 3 2 3 2 4 2 5 3 3 4 3 1 
5.5e+04 ; 3.286e-11 ; True ; 4 20 43 69 105 184 235 352 368 379 390  ; 2 3 4 2 4 2 3 3 4 3 3 3 3 1 
6.3e+04 ; 4.114e-11 ; True ; 4 20 43 69 105 173 184 197 235 352 368 390  ; 2 3 4 2 4 2 4 2 5 3 3 4 3 1 
6.3e+04 ; 5.06e-11 ; True ; 5 20 43 105 173 184 235 270 352 368 379 390  ; 2 2 4 2 4 3 3 3 5 3 3 4 3 1 
6.4e+04 ; 5.128e-11 ; True ; 5 20 43 69 105 173 184 235 352 368 379 390  ; 2 3 4 2 5 2 3 3 5 2 3 5 3 1 
6.4e+04 ; 5.856e-11 ; True ; 4 20 43 69 105 173 184 235 352 368 379 390  ; 2 3 4 2 4 2 4 3 5 3 3 4 3 1 
6.5e+04 ; 6.039e-11 ; True ; 4 20 43 69 105 184 235 352 368 379 384 390  ; 2 3 4 2 4 3 3 4 4 3 3 3 3 1 
6.5e+04 ; 6.53e-11 ; True ; 4 20 43 69 105 184 235 291 352 368 379 390  ; 2 3 4 2 4 2 3 3 4 3 3 3 3 2 
6.6e+04 ; 7.44e-11 ; True ; 5 20 43 69 105 201 235 270 352 368 379 390  ; 2 3 3 2 4 3 3 3 5 3 4 4 3 1 
7.3e+04 ; 7.557e-11 ; True ; 4 20 43 69 105 171 173 184 235 352 368 379 390  ; 2 3 4 2 4 2 4 3 5 3 4 4 3 1 
7.4e+04 ; 8.994e-11 ; True ; 5 43 69 105 173 184 235 270 293 352 368 379 390  ; 2 3 4 2 5 3 2 3 6 3 3 5 3 1 
7.5e+04 ; 9.425e-11 ; True ; 5 20 43 69 105 173 184 235 352 368 379 384 390  ; 2 3 4 2 5 3 3 4 5 2 3 5 3 1 
7.5e+04 ; 1.201e-10 ; True ; 4 20 43 69 105 173 184 235 270 352 368 379 390  ; 2 3 4 2 4 3 4 3 6 4 3 4 3 1 
7.6e+04 ; 1.201e-10 ; True ; 4 20 43 69 105 173 184 205 235 352 368 379 390  ; 2 4 4 2 4 3 4 3 6 3 3 4 3 1 
7.7e+04 ; 1.391e-10 ; True ; 4 20 43 69 105 184 235 270 291 352 368 379 390  ; 2 3 4 2 4 3 3 3 5 4 3 3 3 2 
8.401e+04 ; 1.55e-10 ; True ; 4 20 43 69 105 171 173 184 235 270 352 368 379 390  ; 2 3 4 2 4 3 4 3 6 4 4 4 3 1 
8.7e+04 ; 1.779e-10 ; True ; 4 20 43 69 105 173 184 197 235 270 352 368 379 390  ; 2 3 4 3 4 3 4 3 6 4 3 4 3 1 
8.7e+04 ; 2.015e-10 ; True ; 5 20 43 69 105 173 184 235 270 293 352 368 379 390  ; 3 3 5 2 5 3 3 3 6 3 3 5 3 1 
8.7e+04 ; 2.387e-10 ; True ; 4 20 43 69 105 173 184 235 270 291 352 368 379 390  ; 2 3 4 2 4 3 4 3 6 4 3 4 3 2 
8.8e+04 ; 2.387e-10 ; True ; 4 20 43 69 105 173 184 205 235 291 352 368 379 390  ; 2 4 4 2 4 3 4 3 6 3 3 4 3 2 
9e+04 ; 2.676e-10 ; True ; 4 20 43 69 105 184 201 235 270 291 352 368 379 390  ; 2 3 4 2 4 3 4 4 5 4 4 3 3 2 
9.1e+04 ; 2.68e-10 ; True ; 5 20 43 69 105 126 184 235 270 291 352 368 379 390  ; 2 4 4 2 5 3 3 3 5 3 3 5 3 2 
9.1e+04 ; 2.92e-10 ; True ; 4 5 20 43 69 105 126 184 235 270 352 368 379 390  ; 3 4 4 2 5 3 4 3 5 4 3 5 3 1 
9.901e+04 ; 3.031e-10 ; True ; 4 20 43 69 105 173 184 232 235 270 291 352 368 379 390  ; 2 4 4 2 4 3 4 3 6 4 3 4 3 2 
1e+05 ; 3.535e-10 ; True ; 4 20 43 69 105 173 184 197 235 270 291 352 368 379 390  ; 2 3 4 3 4 3 4 3 6 4 3 4 3 2 
1e+05 ; 3.556e-10 ; True ; 4 20 43 69 105 173 184 235 270 291 297 352 368 379 390  ; 2 3 5 2 4 3 4 4 6 4 3 4 3 2 
1.01e+05 ; 5.087e-10 ; True ; 4 5 20 43 69 105 173 184 235 270 291 352 368 379 390  ; 3 3 4 2 5 3 4 3 6 4 3 5 3 2 
1.04e+05 ; 5.804e-10 ; True ; 4 5 20 43 69 105 126 184 235 270 291 352 368 379 390  ; 3 4 4 2 5 3 4 3 5 4 3 5 3 2 
1.16e+05 ; 6.13e-10 ; True ; 5 20 43 69 105 126 173 184 197 235 270 291 352 368 379 390  ; 2 4 4 3 5 3 4 3 6 3 3 6 3 2 
1.16e+05 ; 6.611e-10 ; True ; 5 20 43 69 92 105 173 184 235 239 270 291 352 368 379 390  ; 2 4 5 2 6 4 3 3 6 4 3 5 3 2 
1.16e+05 ; 8.199e-10 ; True ; 4 5 20 43 69 105 173 184 235 239 270 291 352 368 379 390  ; 3 3 5 2 6 3 4 3 6 5 3 5 3 2 
1.19e+05 ; 9.931e-10 ; True ; 4 5 20 43 69 105 126 184 205 235 270 291 352 368 379 390  ; 3 5 4 2 5 4 4 3 6 4 3 5 3 2 
1.31e+05 ; 1.097e-09 ; True ; 5 20 43 69 105 126 173 180 184 235 270 291 293 352 368 379 390  ; 3 4 5 2 5 4 5 3 7 3 3 6 3 2 
1.32e+05 ; 1.457e-09 ; True ; 4 5 20 43 69 105 173 184 205 235 239 270 291 352 368 379 390  ; 3 4 5 2 6 4 4 3 7 5 3 5 3 2 
1.48e+05 ; 1.878e-09 ; True ; 4 5 20 42 43 69 105 173 184 205 235 239 270 291 352 368 379 390  ; 4 4 5 2 6 4 4 3 7 5 3 5 3 2 
1.5e+05 ; 1.944e-09 ; True ; 5 20 43 69 72 105 126 173 184 205 235 239 270 291 352 368 379 390  ; 3 5 6 2 6 4 4 3 7 4 3 6 3 2 
1.65e+05 ; 2.025e-09 ; True ; 5 20 43 69 72 101 105 170 173 197 201 235 270 291 293 352 368 379 390  ; 4 3 5 3 5 3 4 4 7 4 4 5 3 2 
1.66e+05 ; 2.45e-09 ; True ; 5 20 43 69 72 105 126 157 173 184 205 235 270 291 293 352 368 379 390  ; 4 5 6 2 5 4 5 3 7 3 3 6 4 2 
1.66e+05 ; 2.754e-09 ; True ; 5 20 43 69 105 126 173 184 201 205 235 270 291 293 352 360 368 379 390  ; 4 5 5 2 5 4 5 4 7 3 4 6 3 2 
1.7e+05 ; 2.886e-09 ; True ; 5 20 43 69 99 105 126 170 184 197 205 235 239 270 291 352 368 379 390  ; 3 5 6 3 6 4 3 4 6 5 3 5 3 2 
1.84e+05 ; 3.158e-09 ; True ; 5 20 43 69 105 126 173 184 201 205 235 270 291 292 293 352 360 368 379 390  ; 4 5 5 2 5 4 5 4 7 3 4 7 3 2 
1.85e+05 ; 3.319e-09 ; True ; 5 20 43 69 99 105 126 173 180 184 235 239 270 283 291 293 352 368 379 390  ; 4 4 7 2 6 4 5 3 7 4 4 6 3 2 
1.85e+05 ; 3.344e-09 ; True ; 5 20 25 43 69 72 105 126 173 184 201 235 270 291 293 352 360 368 379 390  ; 5 4 6 3 5 3 5 4 6 3 4 6 3 2 
1.86e+05 ; 3.484e-09 ; True ; 5 20 43 69 99 105 126 173 184 197 205 235 239 258 270 291 352 368 379 390  ; 3 5 6 3 6 5 4 3 7 4 3 6 3 2 
2.03e+05 ; 3.754e-09 ; True ; 5 20 43 69 105 126 173 184 201 205 235 250 270 291 292 293 352 360 368 379 390  ; 4 5 5 2 5 4 5 5 7 3 4 7 3 2 
2.04e+05 ; 4.776e-09 ; True ; 5 20 43 69 99 105 126 173 180 184 205 235 239 270 291 293 352 360 368 379 390  ; 5 5 7 2 6 5 5 3 8 4 3 6 3 2 
2.25e+05 ; 5.471e-09 ; True ; 5 20 43 69 99 105 126 173 180 184 205 217 235 239 267 270 291 293 352 368 379 390  ; 4 5 7 2 6 6 5 3 8 5 3 6 3 2 
2.25e+05 ; 5.69e-09 ; True ; 5 20 43 69 99 105 126 173 180 184 205 235 239 267 270 291 293 352 360 368 379 390  ; 5 5 7 2 6 5 5 3 8 5 3 6 3 2 
2.26e+05 ; 6.521e-09 ; True ; 5 20 43 69 99 105 114 126 173 184 197 205 235 239 258 270 291 352 360 368 379 390  ; 4 5 6 3 6 5 4 4 7 4 3 7 3 2 
2.46e+05 ; 6.613e-09 ; True ; 5 20 43 69 99 105 126 173 180 184 205 217 235 239 267 270 291 293 352 360 368 379 390  ; 5 5 7 2 6 6 5 3 8 5 3 6 3 2 
2.48e+05 ; 9.72e-09 ; True ; 5 20 43 69 99 105 114 126 173 184 197 203 205 235 239 258 270 291 352 360 368 379 390  ; 4 5 6 3 6 5 4 4 7 4 3 7 3 3 
2.69e+05 ; 9.734e-09 ; True ; 5 20 43 69 78 99 105 126 173 180 184 205 217 235 239 267 270 291 293 352 360 368 379 390  ; 5 5 7 2 6 6 5 3 8 6 3 6 4 2 
3.2e+05 ; 1.161e-08 ; True ; 4 20 25 43 69 83 105 126 138 173 184 201 203 205 235 261 266 270 284 291 298 307 352 368 379 390  ; 2 5 5 3 5 5 6 6 7 4 5 5 5 3 
3.45e+05 ; 1.22e-08 ; True ; 4 20 25 43 69 83 105 126 138 173 184 201 203 205 235 261 266 270 284 291 298 307 352 368 379 387 390  ; 2 5 5 3 5 5 7 6 7 4 5 5 5 3 
3.46e+05 ; 1.682e-08 ; True ; 4 20 25 43 69 83 105 126 138 173 184 201 203 205 235 261 266 270 284 291 298 307 314 352 368 379 390  ; 3 5 5 3 5 5 6 6 7 4 5 5 5 3 

RUN 6:
Optimum Distance: 0

Optimal Team: 
Required Skills: 5 9 12 13 14 20 26 30 36 37 39 46 50 51 
Distance; Skill Score; isValid; Team; Skill Counts
8002 ; 2.287e-16 ; True ; 4 47 165 368 390  ; 1 1 1 1 1 1 1 1 1 2 1 1 1 1 
9001 ; 7.863e-16 ; True ; 4 235 297 368 390  ; 1 1 2 1 1 1 1 1 2 2 1 1 1 1 
1e+04 ; 1.568e-15 ; True ; 5 43 235 352 368  ; 1 2 1 1 1 1 1 1 2 2 1 2 1 1 
1.3e+04 ; 7.945e-15 ; True ; 42 43 235 297 368 390  ; 1 2 2 1 1 2 1 1 3 1 1 2 2 1 
1.4e+04 ; 2.627e-14 ; True ; 4 43 235 297 368 390  ; 1 2 2 1 1 2 2 1 3 2 1 2 2 1 
1.5e+04 ; 4.392e-14 ; True ; 5 43 235 352 368 390  ; 1 2 1 1 2 2 1 1 3 2 2 3 2 1 
1.5e+04 ; 5.021e-14 ; True ; 4 43 184 235 368 390  ; 1 2 2 1 2 2 2 1 3 2 1 2 2 1 
1.9e+04 ; 5.626e-14 ; True ; 5 43 157 235 297 368 390  ; 1 2 2 1 2 2 2 1 3 1 1 3 3 1 
1.9e+04 ; 1.017e-13 ; True ; 4 43 47 105 165 368 390  ; 1 2 2 1 2 2 2 1 2 2 2 2 3 1 
2e+04 ; 1.18e-13 ; True ; 5 43 140 235 352 368 390  ; 1 2 2 1 3 2 1 1 3 2 2 3 2 1 
2e+04 ; 1.976e-13 ; True ; 4 43 105 235 297 368 390  ; 1 2 3 1 2 2 2 1 3 2 2 2 3 1 
2.1e+04 ; 2.908e-13 ; True ; 4 43 105 235 352 368 390  ; 1 2 2 1 2 2 2 1 3 3 3 2 3 1 
2.6e+04 ; 4.781e-13 ; True ; 4 43 72 105 235 297 368 390  ; 2 2 4 1 2 2 2 1 3 2 2 2 3 1 
2.7e+04 ; 5.66e-13 ; True ; 4 5 43 140 235 352 368 390  ; 2 2 2 1 3 2 2 1 3 3 2 3 2 1 
2.7e+04 ; 8.068e-13 ; True ; 4 5 43 105 235 297 368 390  ; 2 2 3 1 3 2 2 1 3 2 2 3 3 1 
2.8e+04 ; 1.187e-12 ; True ; 4 5 43 105 235 352 368 390  ; 2 2 2 1 3 2 2 1 3 3 3 3 3 1 
3.3e+04 ; 1.189e-12 ; True ; 5 43 173 235 293 297 352 368 390  ; 2 2 3 1 2 2 2 2 4 2 2 4 2 1 
3.3e+04 ; 1.503e-12 ; True ; 5 43 173 184 235 270 352 368 390  ; 1 2 2 1 3 3 2 2 5 3 2 4 2 1 
3.4e+04 ; 1.585e-12 ; True ; 4 5 43 173 235 297 352 368 390  ; 2 2 2 1 2 2 3 2 4 3 2 4 2 1 
3.4e+04 ; 2.652e-12 ; True ; 4 43 105 173 184 235 352 368 390  ; 1 2 3 1 3 2 3 2 4 3 3 3 3 1 
3.5e+04 ; 3.169e-12 ; True ; 4 5 43 105 235 297 352 368 390  ; 2 2 3 1 3 2 2 2 3 3 3 3 3 1 
3.6e+04 ; 4.446e-12 ; True ; 4 5 43 105 235 352 368 379 390  ; 2 2 2 2 3 2 2 2 3 3 3 3 3 1 
4.2e+04 ; 5.661e-12 ; True ; 5 43 105 173 184 235 270 352 368 390  ; 1 2 3 1 4 3 2 2 5 3 3 4 3 1 
4.3e+04 ; 5.733e-12 ; True ; 4 43 69 105 173 235 297 352 368 390  ; 1 3 3 1 3 2 3 2 5 3 3 4 3 1 
4.3e+04 ; 8.563e-12 ; True ; 4 5 43 105 173 184 235 352 368 390  ; 2 2 3 1 4 2 3 2 4 3 3 4 3 1 
4.4e+04 ; 9.417e-12 ; True ; 4 5 43 105 173 235 352 368 379 390  ; 2 2 2 2 3 2 3 2 4 3 3 4 3 1 
4.5e+04 ; 1.305e-11 ; True ; 4 5 43 69 105 235 352 368 379 390  ; 2 3 2 2 4 2 2 2 4 3 3 4 3 1 
5.2e+04 ; 1.527e-11 ; True ; 4 5 43 105 173 184 235 297 352 368 390  ; 2 2 4 1 4 2 3 3 4 3 3 4 3 1 
5.2e+04 ; 1.825e-11 ; True ; 4 5 43 105 173 184 235 270 352 368 390  ; 2 2 3 1 4 3 3 2 5 4 3 4 3 1 
5.3e+04 ; 2.407e-11 ; True ; 4 5 43 105 173 184 235 352 368 379 390  ; 2 2 3 2 4 2 3 3 4 3 3 4 3 1 
5.4e+04 ; 2.436e-11 ; True ; 4 5 43 69 105 173 235 352 368 379 390  ; 2 3 2 2 4 2 3 2 5 3 3 5 3 1 
5.4e+04 ; 2.662e-11 ; True ; 4 5 43 69 105 235 293 352 368 379 390  ; 3 3 3 2 4 2 2 2 4 3 3 4 3 1 
5.5e+04 ; 3.341e-11 ; True ; 4 5 43 69 105 184 235 237 352 368 390  ; 2 3 3 2 5 2 3 2 5 3 3 4 3 1 
6.2e+04 ; 3.626e-11 ; True ; 4 5 43 105 173 184 235 270 291 352 368 390  ; 2 2 3 1 4 3 3 2 5 4 3 4 3 2 
6.3e+04 ; 3.749e-11 ; True ; 4 5 43 105 173 235 291 297 352 368 379 390  ; 2 2 3 2 3 2 3 3 4 3 3 4 3 2 
6.3e+04 ; 5.129e-11 ; True ; 4 5 43 105 173 184 235 270 352 368 379 390  ; 2 2 3 2 4 3 3 3 5 4 3 4 3 1 
6.4e+04 ; 5.842e-11 ; True ; 4 5 43 69 105 173 184 235 352 368 379 390  ; 2 3 3 2 5 2 3 3 5 3 3 5 3 1 
6.5e+04 ; 6.64e-11 ; True ; 4 5 43 69 105 184 235 237 291 352 368 390  ; 2 3 3 2 5 2 3 2 5 3 3 4 3 2 
6.6e+04 ; 7.044e-11 ; True ; 4 5 43 69 105 184 235 237 352 368 379 390  ; 2 3 3 3 5 2 3 3 5 3 3 4 3 1 
7.4e+04 ; 7.6e-11 ; True ; 4 5 43 69 105 173 184 235 270 297 352 368 390  ; 2 3 4 1 5 3 3 3 6 4 3 5 3 1 
7.4e+04 ; 1.019e-10 ; True ; 4 5 43 105 173 184 235 270 291 352 368 379 390  ; 2 2 3 2 4 3 3 3 5 4 3 4 3 2 
7.5e+04 ; 1.061e-10 ; True ; 4 5 43 69 105 173 184 235 293 352 368 379 390  ; 3 3 4 2 5 2 3 3 5 3 3 5 3 1 
7.5e+04 ; 1.198e-10 ; True ; 4 5 43 69 105 173 184 235 270 352 368 379 390  ; 2 3 3 2 5 3 3 3 6 4 3 5 3 1 
7.7e+04 ; 1.372e-10 ; True ; 4 5 43 69 105 165 180 184 235 352 368 379 390  ; 2 3 3 2 5 3 3 3 5 3 3 4 3 2 
7.7e+04 ; 1.419e-10 ; True ; 4 5 20 43 69 105 184 235 237 291 352 368 390  ; 3 3 4 2 5 2 4 2 5 3 3 4 3 2 
7.8e+04 ; 1.445e-10 ; True ; 4 5 43 69 105 184 235 237 270 352 368 379 390  ; 2 3 3 3 5 3 3 3 6 4 3 4 3 1 
8.6e+04 ; 1.685e-10 ; True ; 4 5 43 69 105 173 184 235 288 291 352 368 379 390  ; 2 3 3 2 5 3 3 3 5 3 3 5 3 2 
8.6e+04 ; 1.823e-10 ; True ; 4 5 43 105 173 184 235 270 291 352 362 368 379 390  ; 2 3 4 2 4 3 3 3 5 4 3 4 3 2 
8.7e+04 ; 2.175e-10 ; True ; 4 5 43 69 105 173 184 235 270 293 352 368 379 390  ; 3 3 4 2 5 3 3 3 6 4 3 5 3 1 
8.7e+04 ; 2.381e-10 ; True ; 4 5 43 69 105 173 184 235 270 291 352 368 379 390  ; 2 3 3 2 5 3 3 3 6 4 3 5 3 2 
8.9e+04 ; 2.49e-10 ; True ; 4 5 43 69 105 165 180 184 235 293 352 368 379 390  ; 3 3 4 2 5 3 3 3 5 3 3 4 3 2 
8.9e+04 ; 2.542e-10 ; True ; 4 5 43 69 105 184 235 237 291 293 352 368 379 390  ; 3 3 4 3 5 2 3 3 5 3 3 4 3 2 
9e+04 ; 2.623e-10 ; True ; 4 5 43 69 105 184 235 237 270 293 352 368 379 390  ; 3 3 4 3 5 3 3 3 6 4 3 4 3 1 
9.1e+04 ; 2.716e-10 ; True ; 4 5 43 69 105 126 165 184 235 270 352 368 379 390  ; 2 4 3 2 5 3 3 3 5 4 3 5 3 2 
9.801e+04 ; 2.802e-10 ; True ; 4 5 43 64 69 105 173 184 235 270 291 352 368 379 390  ; 2 3 3 2 5 3 4 3 6 4 3 5 3 2 
1e+05 ; 2.936e-10 ; True ; 4 5 43 69 105 173 184 235 256 288 291 352 368 379 390  ; 2 3 3 3 5 3 4 3 5 3 3 5 3 2 
1e+05 ; 3.434e-10 ; True ; 4 5 43 47 69 105 165 173 235 270 293 352 368 379 390  ; 3 3 3 2 4 3 3 3 6 5 3 5 3 2 
1e+05 ; 4.323e-10 ; True ; 4 5 43 69 105 173 184 235 270 291 293 352 368 379 390  ; 3 3 4 2 5 3 3 3 6 4 3 5 3 2 
1.03e+05 ; 4.542e-10 ; True ; 4 5 43 69 105 165 180 184 235 270 293 352 368 379 390  ; 3 3 4 2 5 4 3 3 6 4 3 4 3 2 
1.04e+05 ; 4.665e-10 ; True ; 4 5 43 69 105 126 165 184 235 237 293 352 368 379 390  ; 3 4 4 3 5 2 4 3 5 3 3 5 3 2 
1.04e+05 ; 5.522e-10 ; True ; 4 5 43 69 105 184 201 235 237 270 291 352 368 379 390  ; 2 3 3 3 5 3 4 4 6 4 4 4 3 2 
1.14e+05 ; 6.403e-10 ; True ; 4 5 43 69 105 173 184 235 270 291 293 295 352 368 379 390  ; 3 3 4 3 5 3 3 3 6 4 3 5 3 2 
1.14e+05 ; 6.456e-10 ; True ; 4 5 43 69 105 173 184 235 270 291 293 352 362 368 379 390  ; 3 4 5 2 5 3 3 3 6 4 3 5 3 2 
1.15e+05 ; 7.066e-10 ; True ; 4 5 43 69 105 153 173 184 235 270 291 293 352 368 379 390  ; 3 3 4 2 5 3 3 4 6 4 4 5 3 2 
1.17e+05 ; 7.534e-10 ; True ; 4 5 31 43 51 69 105 165 173 184 235 270 352 368 379 390  ; 3 3 4 3 5 3 4 3 6 4 3 5 3 2 
1.27e+05 ; 8.552e-10 ; True ; 4 5 43 69 105 153 171 173 184 235 270 291 293 352 368 379 390  ; 3 3 4 2 5 3 3 4 6 4 5 5 3 2 
1.3e+05 ; 8.557e-10 ; True ; 4 5 43 47 69 105 153 173 184 235 237 291 293 352 362 368 390  ; 3 4 5 2 5 2 4 4 6 4 4 5 3 2 
1.3e+05 ; 9.919e-10 ; True ; 4 5 43 69 105 173 184 235 256 270 291 293 295 352 368 379 390  ; 3 3 4 4 5 3 4 3 6 4 3 5 3 2 
1.3e+05 ; 1.125e-09 ; True ; 4 5 43 69 105 173 184 235 256 270 291 293 352 362 368 379 390  ; 3 4 5 3 5 3 4 3 6 4 3 5 3 2 
1.31e+05 ; 1.231e-09 ; True ; 4 5 43 69 105 153 173 184 235 256 270 291 293 352 368 379 390  ; 3 3 4 3 5 3 4 4 6 4 4 5 3 2 
1.34e+05 ; 1.273e-09 ; True ; 4 5 43 69 105 153 184 235 237 270 291 293 352 362 368 379 390  ; 3 4 5 3 5 3 3 4 6 4 4 4 3 2 
1.46e+05 ; 1.48e-09 ; True ; 4 5 31 43 51 69 105 165 171 173 184 235 270 352 368 379 385 390  ; 3 3 4 3 5 4 4 3 6 4 4 6 3 2 
1.47e+05 ; 1.514e-09 ; True ; 4 5 43 69 105 145 173 184 205 235 270 291 293 352 368 379 384 390  ; 3 4 4 2 5 5 3 4 7 4 3 5 4 2 
1.47e+05 ; 1.596e-09 ; True ; 4 5 42 43 69 105 173 184 205 235 256 270 291 352 362 368 379 390  ; 3 5 4 3 5 4 4 3 7 4 3 5 3 2 
1.47e+05 ; 1.618e-09 ; True ; 4 5 43 69 105 153 173 184 235 237 270 291 293 352 362 368 385 390  ; 3 4 5 2 5 4 4 3 7 4 4 6 3 2 
1.48e+05 ; 1.642e-09 ; True ; 4 5 43 69 105 153 173 184 235 256 270 291 293 315 352 368 384 390  ; 3 4 4 2 5 4 5 4 7 4 4 5 3 2 
1.5e+05 ; 1.67e-09 ; True ; 4 5 31 43 51 69 83 105 165 173 184 235 270 352 368 379 385 390  ; 3 3 4 3 6 4 4 4 6 4 3 6 3 2 
1.51e+05 ; 1.953e-09 ; True ; 4 5 43 69 105 153 184 235 256 270 291 293 315 352 368 379 384 390  ; 3 4 4 3 5 4 4 5 6 4 4 4 3 2 
1.64e+05 ; 2.201e-09 ; True ; 4 5 43 69 105 145 173 184 235 256 270 291 293 352 362 368 379 385 390  ; 3 4 5 3 5 4 4 3 6 4 3 6 4 2 
1.65e+05 ; 2.571e-09 ; True ; 4 5 43 47 69 105 153 173 184 235 256 270 291 293 352 368 379 384 390  ; 3 3 4 3 5 4 4 6 6 5 4 5 3 2 
1.66e+05 ; 2.891e-09 ; True ; 4 5 43 69 105 153 173 184 235 256 270 291 293 315 352 368 379 384 390  ; 3 4 4 3 5 4 5 5 7 4 4 5 3 2 
1.82e+05 ; 3.538e-09 ; True ; 4 5 43 51 69 105 153 165 173 184 235 270 288 291 293 352 362 368 379 390  ; 3 4 5 3 5 4 4 4 6 4 4 5 3 3 
1.88e+05 ; 3.998e-09 ; True ; 4 5 43 69 83 105 153 165 205 235 237 270 291 293 352 362 368 379 385 390  ; 3 5 4 3 5 5 3 4 7 4 4 5 3 3 
2.02e+05 ; 4.15e-09 ; True ; 4 5 43 69 92 105 173 184 205 235 237 270 288 291 293 309 352 362 368 379 390  ; 4 6 5 3 5 6 4 3 8 4 3 5 3 2 
2.03e+05 ; 5.21e-09 ; True ; 4 5 43 69 105 145 153 165 173 184 201 235 270 291 293 352 362 368 379 385 390  ; 3 4 5 2 5 4 4 5 6 4 5 6 4 3 
2.04e+05 ; 5.379e-09 ; True ; 4 5 43 69 105 153 173 184 225 235 237 270 291 293 319 352 362 368 379 385 390  ; 3 4 5 3 5 4 4 5 7 4 4 6 3 3 
2.22e+05 ; 5.519e-09 ; True ; 4 5 43 69 83 105 153 159 165 173 235 256 270 288 291 293 352 362 368 379 385 390  ; 3 4 4 3 5 5 4 4 6 4 4 6 4 3 
2.22e+05 ; 5.865e-09 ; True ; 4 5 43 69 100 105 145 153 173 184 235 237 270 288 291 293 319 352 362 368 379 390  ; 3 4 5 3 5 4 4 5 7 4 4 5 4 3 
2.24e+05 ; 5.959e-09 ; True ; 4 5 43 69 105 145 153 173 184 235 256 270 274 291 293 319 352 362 368 379 385 390  ; 3 4 5 3 5 4 5 4 6 4 4 6 4 3 
2.24e+05 ; 6.861e-09 ; True ; 4 5 43 69 83 105 153 165 173 201 235 256 270 288 291 293 352 362 368 379 385 390  ; 3 4 4 3 5 5 5 5 6 4 5 6 3 3 
2.25e+05 ; 6.916e-09 ; True ; 4 5 43 69 105 108 153 173 184 225 235 237 270 291 293 319 352 362 368 379 385 390  ; 3 4 5 3 5 4 4 5 7 4 4 6 4 3 
2.44e+05 ; 8.291e-09 ; True ; 4 5 43 69 83 105 153 159 165 173 205 235 256 270 288 291 293 352 362 368 379 385 390  ; 3 5 4 3 5 6 4 4 7 4 4 6 4 3 
2.47e+05 ; 9.986e-09 ; True ; 4 5 43 69 102 105 108 153 173 184 201 235 237 270 291 293 319 352 362 368 379 385 390  ; 3 4 5 3 5 4 6 5 7 4 5 6 4 3 
2.68e+05 ; 1.024e-08 ; True ; 3 4 5 17 43 69 83 105 153 165 173 235 237 256 288 291 293 326 352 362 368 379 384 390  ; 3 4 5 4 5 4 6 5 6 4 4 5 5 3 
2.9e+05 ; 1.081e-08 ; True ; 4 5 17 43 69 83 105 153 165 173 226 235 256 270 288 291 293 337 352 362 368 379 384 385 390  ; 3 4 5 3 5 6 5 5 7 4 4 6 4 3 
2.91e+05 ; 1.127e-08 ; True ; 4 5 17 43 69 83 105 153 165 173 235 256 261 270 288 291 293 337 352 362 368 379 384 385 390  ; 3 4 6 3 5 6 5 5 6 4 4 6 4 3 
2.91e+05 ; 1.432e-08 ; True ; 3 4 5 17 43 69 83 105 153 165 173 235 256 270 288 291 293 337 352 362 368 379 384 385 390  ; 3 4 5 3 5 6 5 5 6 5 4 6 5 3 
3.14e+05 ; 1.658e-08 ; True ; 3 4 5 17 43 69 83 105 153 159 165 173 235 256 270 288 291 293 337 352 362 368 379 384 385 390  ; 3 4 5 3 5 6 5 5 6 5 4 6 6 3 
3.15e+05 ; 2.196e-08 ; True ; 3 4 5 17 43 69 83 105 153 165 173 235 237 256 270 288 291 293 337 352 362 368 379 384 385 390  ; 3 4 5 4 5 6 6 5 7 5 4 6 5 3 
3.71e+05 ; 2.387e-08 ; True ; 4 5 31 35 43 52 69 83 105 153 157 162 165 173 221 235 244 256 266 270 293 295 352 362 368 379 385 390  ; 5 6 7 4 5 5 5 5 6 5 4 6 4 2 

RUN 7:
Optimum Distance: 0

Optimal Team: 
Required Skills: 5 9 12 13 14 20 26 30 36 37 39 46 50 51 
Distance; Skill Score; isValid; Team; Skill Counts
9001 ; 7.863e-16 ; True ; 4 235 297 368 390  ; 1 1 2 1 1 1 1 1 2 2 1 1 1 1 
1e+04 ; 1.568e-15 ; True ; 5 43 235 352 368  ; 1 2 1 1 1 1 1 1 2 2 1 2 1 1 
1.3e+04 ; 2.659e-15 ; True ; 4 180 184 291 368 390  ; 1 1 2 1 2 2 2 1 2 1 1 1 1 1 
1.4e+04 ; 2.627e-14 ; True ; 4 43 235 297 368 390  ; 1 2 2 1 1 2 2 1 3 2 1 2 2 1 
1.5e+04 ; 5.081e-14 ; True ; 20 43 235 352 368 390  ; 1 2 2 1 1 2 2 1 3 2 2 2 2 1 
1.9e+04 ; 7.796e-14 ; True ; 43 72 235 297 352 368 390  ; 1 2 3 1 1 2 1 2 3 2 2 2 2 1 
2e+04 ; 1.976e-13 ; True ; 4 43 105 235 297 368 390  ; 1 2 3 1 2 2 2 1 3 2 2 2 3 1 
2.1e+04 ; 2.908e-13 ; True ; 4 43 105 235 352 368 390  ; 1 2 2 1 2 2 2 1 3 3 3 2 3 1 
2.5e+04 ; 3.533e-13 ; True ; 4 43 105 221 235 297 368 390  ; 1 2 4 1 2 2 2 1 3 3 2 2 3 1 
2.6e+04 ; 6.262e-13 ; True ; 4 43 173 184 235 352 368 390  ; 1 2 2 1 2 2 3 2 4 3 2 3 2 1 
2.7e+04 ; 8.068e-13 ; True ; 4 5 43 105 235 297 368 390  ; 2 2 3 1 3 2 2 1 3 2 2 3 3 1 
2.8e+04 ; 1.187e-12 ; True ; 4 5 43 105 235 352 368 390  ; 2 2 2 1 3 2 2 1 3 3 3 3 3 1 
3.3e+04 ; 1.261e-12 ; True ; 4 43 65 105 180 184 235 368 390  ; 1 2 3 1 3 3 3 2 4 2 2 2 3 1 
3.4e+04 ; 1.889e-12 ; True ; 5 43 180 184 235 293 352 368 390  ; 2 2 3 1 3 3 2 2 4 2 2 3 2 1 
3.5e+04 ; 1.952e-12 ; True ; 4 5 43 65 105 184 235 368 390  ; 2 2 3 1 4 2 2 2 3 2 2 3 3 1 
3.5e+04 ; 2.518e-12 ; True ; 4 5 43 180 184 235 352 368 390  ; 2 2 2 1 3 3 3 2 4 3 2 3 2 1 
3.5e+04 ; 3.169e-12 ; True ; 4 5 43 105 235 297 352 368 390  ; 2 2 3 1 3 2 2 2 3 3 3 3 3 1 
3.6e+04 ; 4.446e-12 ; True ; 4 5 43 105 235 352 368 379 390  ; 2 2 2 2 3 2 2 2 3 3 3 3 3 1 
4.2e+04 ; 4.58e-12 ; True ; 4 5 43 65 105 180 184 235 368 390  ; 2 2 3 1 4 3 3 2 4 2 2 3 3 1 
4.2e+04 ; 5.401e-12 ; True ; 4 5 43 105 221 235 297 368 379 390  ; 2 2 4 2 3 2 2 2 3 3 2 3 3 1 
4.3e+04 ; 6.336e-12 ; True ; 5 43 105 180 184 235 293 352 368 390  ; 2 2 4 1 4 3 2 2 4 2 3 3 3 1 
4.3e+04 ; 6.39e-12 ; True ; 4 5 43 173 184 235 352 368 379 390  ; 2 2 2 2 3 2 3 3 4 3 2 4 2 1 
4.4e+04 ; 9.486e-12 ; True ; 4 5 43 105 180 184 235 352 368 390  ; 2 2 3 1 4 3 3 2 4 3 3 3 3 1 
4.5e+04 ; 1.305e-11 ; True ; 4 5 43 69 105 235 352 368 379 390  ; 2 3 2 2 4 2 2 2 4 3 3 4 3 1 
5.2e+04 ; 1.354e-11 ; True ; 4 5 43 105 180 184 234 235 352 368 390  ; 2 3 3 1 4 3 3 2 4 3 3 3 3 1 
5.2e+04 ; 1.825e-11 ; True ; 4 5 43 105 173 184 235 270 352 368 390  ; 2 2 3 1 4 3 3 2 5 4 3 4 3 1 
5.3e+04 ; 1.873e-11 ; True ; 4 5 43 105 180 184 235 295 352 368 390  ; 2 2 3 2 4 3 3 2 4 3 3 3 3 1 
5.3e+04 ; 2.301e-11 ; True ; 4 5 43 105 173 184 235 237 352 368 390  ; 2 2 3 2 4 2 4 2 5 3 3 4 3 1 
5.4e+04 ; 2.667e-11 ; True ; 4 5 43 105 180 184 235 352 368 379 390  ; 2 2 3 2 4 3 3 3 4 3 3 3 3 1 
5.5e+04 ; 3.341e-11 ; True ; 4 5 43 69 105 184 235 237 352 368 390  ; 2 3 3 2 5 2 3 2 5 3 3 4 3 1 
6.3e+04 ; 3.378e-11 ; True ; 4 5 43 65 105 180 184 235 352 368 379 390  ; 2 2 3 2 4 3 3 4 4 3 3 3 3 1 
6.3e+04 ; 4.001e-11 ; True ; 4 5 43 69 105 201 234 235 352 368 379 390  ; 2 4 2 2 4 2 3 3 4 3 4 4 3 1 
6.4e+04 ; 4.232e-11 ; True ; 4 5 43 105 180 184 235 297 352 368 379 390  ; 2 2 4 2 4 3 3 4 4 3 3 3 3 1 
6.4e+04 ; 4.628e-11 ; True ; 4 5 43 105 180 184 235 237 293 352 368 390  ; 3 2 4 2 4 3 4 2 5 3 3 3 3 1 
6.4e+04 ; 5.3e-11 ; True ; 4 5 43 105 180 184 235 291 352 368 379 390  ; 2 2 3 2 4 3 3 3 4 3 3 3 3 2 
6.5e+04 ; 5.679e-11 ; True ; 4 5 43 105 180 184 205 235 352 368 379 390  ; 2 3 3 2 4 4 3 3 5 3 3 3 3 1 
6.5e+04 ; 6.902e-11 ; True ; 4 5 43 69 105 180 184 235 352 368 379 390  ; 2 3 3 2 5 3 3 3 5 3 3 4 3 1 
6.6e+04 ; 7.222e-11 ; True ; 4 5 43 69 105 184 201 235 237 352 368 390  ; 2 3 3 2 5 2 4 3 5 3 4 4 3 1 
7.3e+04 ; 7.321e-11 ; True ; 4 5 43 105 173 184 235 270 282 352 368 379 390  ; 2 3 3 2 4 3 3 3 5 4 3 4 3 1 
7.4e+04 ; 7.951e-11 ; True ; 4 5 43 69 105 201 234 235 291 352 368 379 390  ; 2 4 2 2 4 2 3 3 4 3 4 4 3 2 
7.5e+04 ; 8.859e-11 ; True ; 4 5 43 69 105 180 184 235 291 293 352 368 390  ; 3 3 4 1 5 3 3 2 5 3 3 4 3 2 
7.5e+04 ; 1.007e-10 ; True ; 4 5 43 69 105 235 237 291 293 297 352 368 390  ; 3 3 4 2 4 2 3 2 5 3 3 4 3 2 
7.6e+04 ; 1.253e-10 ; True ; 4 5 43 69 105 180 184 235 293 352 368 379 390  ; 3 3 4 2 5 3 3 3 5 3 3 4 3 1 
7.6e+04 ; 1.372e-10 ; True ; 4 5 43 69 105 180 184 235 291 352 368 379 390  ; 2 3 3 2 5 3 3 3 5 3 3 4 3 2 
7.7e+04 ; 1.4e-10 ; True ; 4 5 43 69 105 184 235 237 291 352 368 379 390  ; 2 3 3 3 5 2 3 3 5 3 3 4 3 2 
7.7e+04 ; 1.435e-10 ; True ; 4 5 43 69 105 184 201 235 237 291 352 368 390  ; 2 3 3 2 5 2 4 3 5 3 4 4 3 2 
7.8e+04 ; 1.505e-10 ; True ; 4 5 20 43 69 105 184 235 237 352 368 379 390  ; 3 3 4 3 5 2 4 3 5 3 3 4 3 1 
8.7e+04 ; 1.607e-10 ; True ; 4 5 43 69 105 171 180 184 201 235 352 368 379 390  ; 2 3 3 2 5 3 4 4 5 3 5 4 3 1 
8.7e+04 ; 1.775e-10 ; True ; 4 5 43 69 105 201 221 235 291 297 352 368 379 390  ; 2 3 4 2 4 2 3 4 4 4 4 4 3 2 
8.8e+04 ; 2.49e-10 ; True ; 4 5 43 69 105 180 184 235 291 293 352 368 379 390  ; 3 3 4 2 5 3 3 3 5 3 3 4 3 2 
8.9e+04 ; 2.517e-10 ; True ; 4 5 43 69 105 126 180 184 235 291 352 368 379 390  ; 2 4 3 2 5 3 4 3 5 3 3 5 3 2 
8.9e+04 ; 2.606e-10 ; True ; 4 5 43 69 105 184 201 235 237 291 293 352 368 390  ; 3 3 4 2 5 2 4 3 5 3 4 4 3 2 
9e+04 ; 2.859e-10 ; True ; 4 5 20 43 69 105 201 235 237 291 352 368 379 390  ; 3 3 3 3 4 2 5 3 5 3 4 4 3 2 
1.01e+05 ; 2.987e-10 ; True ; 4 5 43 69 105 126 171 184 235 291 293 352 368 379 390  ; 3 4 4 2 5 2 3 3 4 3 4 5 3 2 
1.01e+05 ; 3.567e-10 ; True ; 3 4 5 43 69 105 126 235 237 291 293 352 368 379 390  ; 3 4 3 3 4 2 4 2 5 4 3 5 4 2 
1.01e+05 ; 4.086e-10 ; True ; 3 4 5 43 69 105 201 205 235 237 291 293 352 368 390  ; 3 4 3 2 4 3 4 2 6 4 4 4 4 2 
1.02e+05 ; 4.142e-10 ; True ; 4 5 43 69 105 170 180 184 235 237 291 293 352 368 390  ; 3 3 4 2 5 3 4 3 6 4 3 4 3 2 
1.02e+05 ; 4.767e-10 ; True ; 4 5 43 69 105 201 205 235 237 239 291 293 352 368 390  ; 3 4 4 2 5 3 4 2 6 4 4 4 3 2 
1.03e+05 ; 5.278e-10 ; True ; 4 5 43 69 105 201 205 235 237 291 293 352 368 379 390  ; 3 4 3 3 4 3 4 3 6 3 4 4 3 2 
1.15e+05 ; 5.801e-10 ; True ; 3 4 5 43 69 86 105 201 205 235 237 291 293 352 368 390  ; 3 5 3 2 4 3 4 2 6 5 4 4 4 2 
1.16e+05 ; 5.988e-10 ; True ; 3 4 5 43 69 86 105 184 201 235 237 270 293 352 368 390  ; 3 4 4 2 5 3 4 3 6 6 4 4 4 1 
1.16e+05 ; 6.786e-10 ; True ; 4 5 43 69 105 146 184 201 205 235 237 291 293 352 368 390  ; 3 4 4 2 5 3 4 3 6 4 4 4 3 2 
1.16e+05 ; 6.864e-10 ; True ; 3 4 5 43 69 105 126 205 235 237 291 293 352 368 379 390  ; 3 5 3 3 4 3 4 2 6 4 3 5 4 2 
1.17e+05 ; 7.77e-10 ; True ; 4 5 43 69 105 170 180 184 235 237 291 293 352 368 379 390  ; 3 3 4 3 5 3 4 4 6 4 3 4 3 2 
1.17e+05 ; 1.005e-09 ; True ; 4 5 43 69 105 201 205 235 237 239 291 293 352 368 379 390  ; 3 4 4 3 5 3 4 3 6 4 4 4 3 2 
1.32e+05 ; 1.016e-09 ; True ; 4 5 42 43 69 105 146 184 201 205 235 237 291 352 368 379 390  ; 3 4 3 3 5 3 4 4 6 4 4 4 3 2 
1.32e+05 ; 1.104e-09 ; True ; 4 5 43 69 105 126 173 184 201 235 270 291 352 366 368 379 390  ; 3 4 3 2 5 3 5 4 6 4 4 6 3 2 
1.32e+05 ; 1.107e-09 ; True ; 4 5 43 69 105 146 184 201 235 237 291 293 352 368 379 385 390  ; 3 3 4 3 5 3 4 4 5 4 4 5 3 2 
1.32e+05 ; 1.273e-09 ; True ; 4 5 43 69 105 146 184 201 205 235 237 291 293 352 368 379 390  ; 3 4 4 3 5 3 4 4 6 4 4 4 3 2 
1.33e+05 ; 1.292e-09 ; True ; 4 5 43 69 105 191 201 205 235 237 239 291 293 352 368 379 390  ; 3 4 4 3 5 3 4 3 6 4 4 4 4 2 
1.34e+05 ; 1.304e-09 ; True ; 4 5 43 69 105 126 180 184 201 205 235 270 291 352 368 379 390  ; 2 5 3 2 5 5 5 4 7 4 4 5 3 2 
1.34e+05 ; 1.529e-09 ; True ; 4 5 43 69 105 126 184 201 205 235 239 291 293 352 368 379 390  ; 3 5 5 2 6 3 4 4 5 4 4 5 3 2 
1.47e+05 ; 1.578e-09 ; True ; 4 5 43 69 105 126 171 180 184 201 205 235 270 291 352 368 379 390  ; 2 5 3 2 5 5 5 4 7 4 5 5 3 2 
1.47e+05 ; 1.643e-09 ; True ; 4 5 43 69 105 146 184 201 205 235 237 288 291 293 352 368 379 390  ; 3 4 4 3 5 4 4 4 6 4 4 4 3 2 
1.48e+05 ; 1.999e-09 ; True ; 3 4 5 43 69 86 105 126 184 205 235 237 291 293 352 368 379 390  ; 3 6 4 3 5 3 4 3 6 5 3 5 4 2 
1.49e+05 ; 2.661e-09 ; True ; 3 4 5 43 69 105 126 184 201 205 235 237 291 293 352 368 379 390  ; 3 5 4 3 5 3 5 4 6 4 4 5 4 2 
1.66e+05 ; 3.63e-09 ; True ; 3 4 5 43 69 86 105 126 184 201 205 235 237 291 293 352 368 379 390  ; 3 6 4 3 5 3 5 4 6 5 4 5 4 2 
1.81e+05 ; 4.044e-09 ; True ; 3 4 5 43 69 86 105 126 184 201 205 234 235 237 291 293 352 368 379 390  ; 3 7 4 3 5 3 5 4 6 5 4 5 4 2 
1.85e+05 ; 4.611e-09 ; True ; 3 4 5 21 43 69 86 105 126 184 205 235 237 291 293 352 368 379 385 390  ; 4 6 5 3 5 4 4 3 6 5 3 6 4 2 
1.89e+05 ; 4.736e-09 ; True ; 4 5 20 31 43 69 82 86 105 184 201 235 237 256 291 352 368 379 385 390  ; 4 4 5 4 5 3 7 4 6 4 5 5 3 2 
2.01e+05 ; 5.204e-09 ; True ; 3 4 5 22 31 43 69 86 105 162 184 201 234 235 237 291 293 352 368 379 390  ; 4 6 5 3 5 4 4 4 6 5 4 4 4 2 
2.05e+05 ; 6.414e-09 ; True ; 4 5 20 31 43 47 69 105 159 184 201 205 235 237 256 291 293 352 368 385 390  ; 5 4 6 3 5 4 6 4 6 4 4 5 4 2 
2.08e+05 ; 6.502e-09 ; True ; 4 5 20 31 43 69 86 105 162 184 201 205 235 237 256 291 293 352 368 385 390  ; 5 6 6 3 5 5 6 3 6 4 4 5 3 2 
2.27e+05 ; 6.989e-09 ; True ; 4 5 22 31 43 69 82 105 162 171 184 201 235 237 256 291 293 352 368 379 385 390  ; 4 4 5 4 5 5 6 4 7 3 6 5 3 2 
2.28e+05 ; 7.688e-09 ; True ; 4 5 22 31 43 69 86 105 156 162 184 201 235 237 256 291 293 352 368 379 385 390  ; 4 5 5 4 5 5 5 4 6 5 4 5 3 2 
2.28e+05 ; 7.904e-09 ; True ; 4 5 22 31 43 47 69 86 105 162 184 201 235 237 256 291 293 318 352 368 379 390  ; 4 5 5 4 5 4 5 5 6 5 4 4 4 2 
2.28e+05 ; 8.413e-09 ; True ; 4 5 20 31 43 47 69 101 105 184 201 205 215 235 237 256 276 291 352 368 385 390  ; 4 4 5 4 6 5 8 4 8 4 4 5 3 2 
2.48e+05 ; 8.842e-09 ; True ; 4 5 22 31 43 69 86 105 156 162 174 184 201 235 237 256 291 293 352 368 379 385 390  ; 4 5 5 4 6 5 5 4 6 5 4 5 3 2 
2.49e+05 ; 9.566e-09 ; True ; 4 5 22 31 43 69 86 105 156 158 162 184 201 235 237 256 291 293 352 368 379 380 390  ; 4 5 5 4 5 4 5 5 6 5 5 4 4 2 
2.5e+05 ; 1.025e-08 ; True ; 4 5 22 31 43 69 86 105 156 162 184 201 235 237 256 291 293 315 352 368 379 385 390  ; 4 6 5 4 5 5 6 4 7 5 4 5 3 2 
2.5e+05 ; 1.175e-08 ; True ; 4 5 22 31 43 47 69 86 105 162 184 201 235 237 256 291 293 318 352 368 379 385 390  ; 4 5 5 4 5 5 5 5 6 5 4 5 4 2 
2.51e+05 ; 1.184e-08 ; True ; 4 5 22 31 43 69 82 86 105 162 184 201 235 237 256 276 291 293 352 368 379 385 390  ; 4 5 5 4 5 6 7 4 8 4 5 5 3 2 
2.72e+05 ; 1.251e-08 ; True ; 4 5 22 31 43 69 86 105 156 158 162 184 201 235 237 256 291 293 344 352 368 379 380 390  ; 4 5 5 4 5 4 5 5 7 5 5 4 5 2 
2.72e+05 ; 1.516e-08 ; True ; 4 5 22 31 43 47 69 86 101 105 162 184 201 235 237 256 276 291 293 352 368 379 385 390  ; 4 5 5 4 6 6 6 5 8 5 4 5 3 2 
2.74e+05 ; 1.576e-08 ; True ; 4 5 22 31 43 69 82 86 105 162 184 201 235 237 256 291 293 318 340 352 368 379 385 390  ; 4 5 6 4 5 5 6 4 7 5 5 5 4 2 
3.23e+05 ; 1.736e-08 ; True ; 4 5 22 31 34 43 54 69 86 105 162 184 201 204 235 237 256 276 291 293 318 352 368 379 385 390  ; 5 5 6 4 5 7 6 4 7 4 4 5 4 2 
3.48e+05 ; 2.063e-08 ; True ; 4 5 22 31 34 43 54 69 86 105 162 184 201 204 214 235 237 256 276 291 293 318 352 368 379 385 390  ; 5 5 6 4 5 7 6 5 7 4 4 5 4 2 
3.49e+05 ; 2.068e-08 ; True ; 4 5 22 31 34 43 54 69 86 105 162 184 201 204 235 237 256 276 291 293 318 352 368 379 383 385 390  ; 5 5 6 4 5 7 6 4 7 5 4 5 4 2 
3.76e+05 ; 2.63e-08 ; True ; 4 5 22 31 34 43 54 69 86 105 162 184 201 204 235 237 256 273 276 291 293 318 352 368 379 383 385 390  ; 5 5 6 4 5 7 7 4 7 5 5 5 4 2 

RUN 8:
Optimum Distance: 0

Optimal Team: 
Required Skills: 5 9 12 13 14 20 26 30 36 37 39 46 50 51 
Distance; Skill Score; isValid; Team; Skill Counts
8002 ; 2.287e-16 ; True ; 4 47 165 368 390  ; 1 1 1 1 1 1 1 1 1 2 1 1 1 1 
9001 ; 7.999e-16 ; True ; 20 235 368 384 390  ; 1 1 2 1 1 2 1 1 2 1 1 1 1 1 
1e+04 ; 3.879e-15 ; True ; 20 43 235 379 390  ; 1 1 1 1 1 2 2 1 3 1 1 2 2 1 
1.3e+04 ; 1.016e-14 ; True ; 4 43 47 165 368 390  ; 1 2 1 1 1 2 2 1 2 2 1 2 2 1 
1.4e+04 ; 2.001e-14 ; True ; 4 43 47 235 368 390  ; 1 2 1 1 1 2 2 1 3 3 1 2 2 1 
1.5e+04 ; 5.081e-14 ; True ; 20 43 235 352 368 390  ; 1 2 2 1 1 2 2 1 3 2 2 2 2 1 
1.9e+04 ; 5.253e-14 ; True ; 4 43 173 291 352 368 390  ; 1 2 1 1 1 2 3 1 3 2 2 3 2 1 
2e+04 ; 1.476e-13 ; True ; 4 43 105 291 352 368 390  ; 1 2 2 1 2 2 2 1 2 2 3 2 3 1 
2.1e+04 ; 2.908e-13 ; True ; 4 43 105 235 352 368 390  ; 1 2 2 1 2 2 2 1 3 3 3 2 3 1 
2.5e+04 ; 3.567e-13 ; True ; 4 43 173 184 291 352 368 390  ; 1 2 2 1 2 2 3 2 3 2 2 3 2 1 
2.6e+04 ; 3.651e-13 ; True ; 4 43 69 105 197 235 297 390  ; 1 2 2 1 3 2 2 1 4 2 2 3 3 1 
2.7e+04 ; 4.659e-13 ; True ; 4 43 69 105 184 197 235 390  ; 1 2 2 1 4 2 2 1 4 2 2 3 3 1 
2.7e+04 ; 7.89e-13 ; True ; 20 43 105 235 352 368 384 390  ; 1 2 3 1 2 3 2 2 3 2 3 2 3 1 
2.8e+04 ; 1.187e-12 ; True ; 4 5 43 105 235 352 368 390  ; 2 2 2 1 3 2 2 1 3 3 3 3 3 1 
3.3e+04 ; 1.32e-12 ; True ; 4 43 69 105 197 201 235 297 390  ; 1 2 2 1 3 2 3 2 4 2 3 3 3 1 
3.4e+04 ; 1.963e-12 ; True ; 4 43 69 105 197 201 235 368 390  ; 1 3 2 2 3 2 3 1 4 2 3 3 3 1 
3.5e+04 ; 3.222e-12 ; True ; 5 20 43 105 235 352 368 384 390  ; 2 2 3 1 3 3 2 2 3 2 3 3 3 1 
3.6e+04 ; 4.446e-12 ; True ; 4 5 43 105 235 352 368 379 390  ; 2 2 2 2 3 2 2 2 3 3 3 3 3 1 
4.2e+04 ; 5.237e-12 ; True ; 4 43 69 105 197 201 235 297 368 390  ; 1 3 3 2 3 2 3 2 4 2 3 3 3 1 
4.3e+04 ; 8.563e-12 ; True ; 4 5 43 105 173 184 235 352 368 390  ; 2 2 3 1 4 2 3 2 4 3 3 4 3 1 
4.4e+04 ; 1.061e-11 ; True ; 4 20 43 69 105 235 352 368 384 390  ; 2 3 3 1 3 3 3 2 4 3 3 3 3 1 
4.5e+04 ; 1.444e-11 ; True ; 4 20 43 69 105 235 352 368 379 390  ; 2 3 3 2 3 2 3 2 4 3 3 3 3 1 
5.2e+04 ; 1.445e-11 ; True ; 4 43 69 105 173 184 197 235 352 368 390  ; 1 3 3 2 4 2 3 2 5 3 3 4 3 1 
5.2e+04 ; 1.833e-11 ; True ; 4 20 43 69 105 234 235 352 368 379 390  ; 2 4 3 2 3 2 3 2 4 3 3 3 3 1 
5.3e+04 ; 2.301e-11 ; True ; 4 5 43 105 173 184 235 237 352 368 390  ; 2 2 3 2 4 2 4 2 5 3 3 4 3 1 
5.4e+04 ; 2.308e-11 ; True ; 4 20 43 69 105 184 197 235 352 368 390  ; 2 3 4 2 4 2 3 2 4 3 3 3 3 1 
5.4e+04 ; 2.983e-11 ; True ; 4 20 43 69 105 235 352 368 379 384 390  ; 2 3 3 2 3 3 3 3 4 3 3 3 3 1 
5.5e+04 ; 3.498e-11 ; True ; 4 5 20 43 69 105 235 352 368 379 390  ; 3 3 3 2 4 2 3 2 4 3 3 4 3 1 
6.3e+04 ; 4.114e-11 ; True ; 4 20 43 69 105 173 184 197 235 352 368 390  ; 2 3 4 2 4 2 4 2 5 3 3 4 3 1 
6.3e+04 ; 5.129e-11 ; True ; 4 5 43 105 173 184 235 270 352 368 379 390  ; 2 2 3 2 4 3 3 3 5 4 3 4 3 1 
6.4e+04 ; 5.856e-11 ; True ; 4 20 43 69 105 173 184 235 352 368 379 390  ; 2 3 4 2 4 2 4 3 5 3 3 4 3 1 
6.5e+04 ; 6.199e-11 ; True ; 5 20 43 69 105 235 237 239 352 368 379 390  ; 2 3 4 3 5 2 3 2 5 3 3 4 3 1 
6.5e+04 ; 7.226e-11 ; True ; 4 5 20 43 69 105 235 352 368 379 384 390  ; 3 3 3 2 4 3 3 3 4 3 3 4 3 1 
6.6e+04 ; 7.468e-11 ; True ; 4 5 20 43 69 105 184 235 352 368 379 390  ; 3 3 4 2 5 2 3 3 4 3 3 4 3 1 
7.4e+04 ; 8.132e-11 ; True ; 4 5 20 43 105 184 232 235 237 352 368 384 390  ; 3 3 4 2 4 3 4 3 4 3 3 3 3 1 
7.4e+04 ; 8.655e-11 ; True ; 3 5 20 43 69 105 173 184 235 237 352 368 390  ; 2 3 4 2 5 2 4 2 6 3 3 5 4 1 
7.5e+04 ; 9.873e-11 ; True ; 5 20 43 69 105 173 235 270 297 352 368 379 390  ; 2 3 4 2 4 3 3 3 6 3 3 5 3 1 
7.5e+04 ; 1.201e-10 ; True ; 4 20 43 69 105 173 184 235 270 352 368 379 390  ; 2 3 4 2 4 3 4 3 6 4 3 4 3 1 
7.6e+04 ; 1.248e-10 ; True ; 4 5 20 43 69 105 173 184 235 352 368 379 390  ; 3 3 4 2 5 2 4 3 5 3 3 5 3 1 
7.6e+04 ; 1.315e-10 ; True ; 4 5 20 43 69 105 235 237 239 352 368 384 390  ; 3 3 4 2 5 3 4 2 5 4 3 4 3 1 
7.7e+04 ; 1.342e-10 ; True ; 4 5 20 43 69 105 235 237 239 352 368 379 390  ; 3 3 4 3 5 2 4 2 5 4 3 4 3 1 
7.7e+04 ; 1.475e-10 ; True ; 4 5 20 43 69 105 184 235 237 352 368 384 390  ; 3 3 4 2 5 3 4 3 5 3 3 4 3 1 
7.8e+04 ; 1.591e-10 ; True ; 4 5 20 43 69 105 184 235 270 352 368 379 390  ; 3 3 4 2 5 3 3 3 5 4 3 4 3 1 
8.6e+04 ; 1.73e-10 ; True ; 3 5 20 43 69 105 173 184 235 237 270 352 368 390  ; 2 3 4 2 5 3 4 2 7 4 3 5 4 1 
8.7e+04 ; 1.872e-10 ; True ; 4 5 20 43 69 105 184 232 235 237 352 368 384 390  ; 3 4 4 2 5 3 4 3 5 3 3 4 3 1 
8.7e+04 ; 1.963e-10 ; True ; 4 20 43 69 105 173 184 235 270 352 368 379 384 390  ; 2 3 4 2 4 4 4 4 6 4 3 4 3 1 
8.8e+04 ; 2.098e-10 ; True ; 5 20 43 69 92 105 235 237 239 352 368 379 384 390  ; 2 4 4 3 5 4 3 3 5 3 3 4 3 1 
8.8e+04 ; 2.56e-10 ; True ; 4 5 20 43 69 105 173 184 235 270 352 368 379 390  ; 3 3 4 2 5 3 4 3 6 4 3 5 3 1 
8.9e+04 ; 2.773e-10 ; True ; 4 5 20 43 69 105 235 237 239 352 368 379 384 390  ; 3 3 4 3 5 3 4 3 5 4 3 4 3 1 
9e+04 ; 2.931e-10 ; True ; 4 5 20 43 69 105 165 184 235 237 352 368 384 390  ; 3 3 4 2 5 3 4 3 5 3 3 4 3 2 
9.1e+04 ; 3.162e-10 ; True ; 4 5 20 43 69 105 165 184 235 270 352 368 379 390  ; 3 3 4 2 5 3 3 3 5 4 3 4 3 2 
9.901e+04 ; 3.178e-10 ; True ; 3 5 20 43 69 105 173 184 235 237 270 352 368 384 390  ; 2 3 4 2 5 4 4 3 7 4 3 5 4 1 
1e+05 ; 3.216e-10 ; True ; 4 5 20 43 69 105 184 232 235 237 239 352 368 384 390  ; 3 4 5 2 6 3 4 3 5 4 3 4 3 1 
1e+05 ; 3.795e-10 ; True ; 3 5 20 43 69 105 184 203 235 237 239 352 368 384 390  ; 2 3 5 2 6 3 3 3 5 4 3 4 4 2 
1.01e+05 ; 3.847e-10 ; True ; 4 5 20 43 69 105 173 184 235 237 239 352 368 384 390  ; 3 3 5 2 6 3 5 3 6 4 3 5 3 1 
1.01e+05 ; 4.184e-10 ; True ; 4 5 20 43 69 105 173 184 235 270 352 368 379 384 390  ; 3 3 4 2 5 4 4 4 6 4 3 5 3 1 
1.01e+05 ; 4.434e-10 ; True ; 4 5 20 43 47 69 105 165 235 237 239 352 368 384 390  ; 3 3 4 2 5 3 4 3 5 5 3 4 3 2 
1.02e+05 ; 4.559e-10 ; True ; 4 5 20 43 69 105 173 184 203 235 352 368 379 384 390  ; 3 3 4 2 5 3 4 4 5 3 3 5 3 2 
1.02e+05 ; 5.087e-10 ; True ; 4 5 20 43 69 105 173 184 203 235 270 352 368 379 390  ; 3 3 4 2 5 3 4 3 6 4 3 5 3 2 
1.04e+05 ; 5.134e-10 ; True ; 4 5 20 43 69 105 165 235 237 239 270 352 368 379 390  ; 3 3 4 3 5 3 4 2 6 5 3 4 3 2 
1.04e+05 ; 5.278e-10 ; True ; 4 5 20 43 69 105 203 235 237 270 352 368 379 384 390  ; 3 3 3 3 4 4 4 3 6 4 3 4 3 2 
1.14e+05 ; 5.802e-10 ; True ; 4 5 20 43 69 105 173 184 234 235 237 270 352 368 379 390  ; 3 4 4 3 5 3 5 3 7 4 3 5 3 1 
1.15e+05 ; 5.806e-10 ; True ; 4 5 20 43 47 69 105 173 184 235 237 239 352 368 384 390  ; 3 3 5 2 6 3 5 4 6 5 3 5 3 1 
1.15e+05 ; 6.417e-10 ; True ; 4 5 20 43 69 105 173 184 235 237 239 270 352 368 384 390  ; 3 3 5 2 6 4 5 3 7 5 3 5 3 1 
1.15e+05 ; 6.494e-10 ; True ; 3 5 20 43 69 105 184 203 235 237 239 270 352 368 384 390  ; 2 3 5 2 6 4 3 3 6 5 3 4 4 2 
1.16e+05 ; 7.217e-10 ; True ; 4 5 20 43 69 105 173 184 235 237 239 352 368 379 384 390  ; 3 3 5 3 6 3 5 4 6 4 3 5 3 1 
1.16e+05 ; 7.628e-10 ; True ; 5 20 43 69 105 173 184 203 235 237 239 270 352 368 379 390  ; 2 3 5 3 6 3 4 3 7 4 3 5 3 2 
1.16e+05 ; 8.315e-10 ; True ; 4 5 20 43 69 105 173 184 203 235 270 352 368 379 384 390  ; 3 3 4 2 5 4 4 4 6 4 3 5 3 2 
1.17e+05 ; 8.35e-10 ; True ; 4 5 20 43 69 105 173 184 203 235 237 352 368 379 384 390  ; 3 3 4 3 5 3 5 4 6 3 3 5 3 2 
1.17e+05 ; 8.371e-10 ; True ; 4 5 20 43 69 105 173 203 235 237 239 352 368 379 384 390  ; 3 3 4 3 5 3 5 3 6 4 3 5 3 2 
1.18e+05 ; 9.444e-10 ; True ; 4 5 20 43 69 105 184 203 235 237 239 352 368 379 384 390  ; 3 3 5 3 6 3 4 4 5 4 3 4 3 2 
1.19e+05 ; 1.003e-09 ; True ; 4 5 20 43 69 105 184 203 235 237 270 352 368 379 384 390  ; 3 3 4 3 5 4 4 4 6 4 3 4 3 2 
1.29e+05 ; 1.056e-09 ; True ; 4 5 20 43 69 105 173 184 203 232 235 270 352 368 379 384 390  ; 3 4 4 2 5 4 4 4 6 4 3 5 3 2 
1.31e+05 ; 1.094e-09 ; True ; 4 5 20 43 69 105 184 203 232 235 237 239 270 352 368 384 390  ; 3 4 5 2 6 4 4 3 6 5 3 4 3 2 
1.31e+05 ; 1.098e-09 ; True ; 4 5 20 43 69 105 173 184 203 235 237 239 352 362 368 384 390  ; 3 4 6 2 6 3 5 3 6 4 3 5 3 2 
1.31e+05 ; 1.275e-09 ; True ; 4 5 20 43 69 105 173 184 203 235 237 239 270 352 368 384 390  ; 3 3 5 2 6 4 5 3 7 5 3 5 3 2 
1.32e+05 ; 1.434e-09 ; True ; 4 5 20 43 69 105 173 184 203 235 237 239 352 368 379 384 390  ; 3 3 5 3 6 3 5 4 6 4 3 5 3 2 
1.32e+05 ; 1.484e-09 ; True ; 4 5 20 43 69 105 173 184 203 235 237 270 352 368 379 384 390  ; 3 3 4 3 5 4 5 4 7 4 3 5 3 2 
1.33e+05 ; 1.56e-09 ; True ; 4 5 20 43 69 105 173 184 203 205 235 237 239 352 368 379 390  ; 3 4 5 3 6 3 5 3 7 4 3 5 3 2 
1.46e+05 ; 1.702e-09 ; True ; 4 5 20 43 69 105 173 184 203 232 235 239 270 352 368 379 384 390  ; 3 4 5 2 6 4 4 4 6 5 3 5 3 2 
1.46e+05 ; 1.885e-09 ; True ; 4 5 20 43 69 105 173 184 203 234 235 237 270 352 368 379 384 390  ; 3 4 4 3 5 4 5 4 7 4 3 5 3 2 
1.47e+05 ; 1.973e-09 ; True ; 3 4 5 20 43 69 105 173 184 203 235 239 270 352 368 379 384 390  ; 3 3 5 2 6 4 4 4 6 6 3 5 4 2 
1.48e+05 ; 2.392e-09 ; True ; 4 5 20 43 69 105 173 184 203 235 237 239 270 352 368 379 384 390  ; 3 3 5 3 6 4 5 4 7 5 3 5 3 2 
1.64e+05 ; 2.432e-09 ; True ; 4 5 20 43 69 105 123 173 184 203 234 235 237 270 352 368 379 384 390  ; 3 4 4 3 5 4 5 4 7 4 4 5 3 2 
1.65e+05 ; 3.083e-09 ; True ; 4 5 20 42 43 69 105 173 184 203 235 237 239 270 352 368 379 384 390  ; 4 3 5 3 6 4 5 4 7 5 3 5 3 2 
1.65e+05 ; 3.435e-09 ; True ; 4 5 20 43 69 105 173 184 203 235 237 239 270 352 362 368 379 384 390  ; 3 4 6 3 6 4 5 4 7 5 3 5 3 2 
1.66e+05 ; 3.487e-09 ; True ; 4 5 20 43 69 72 105 173 184 203 235 237 239 270 352 368 379 384 390  ; 4 3 6 3 6 4 5 4 7 5 3 5 3 2 
1.81e+05 ; 3.689e-09 ; True ; 4 5 20 43 64 69 105 173 184 203 235 237 239 270 352 362 368 379 384 390  ; 3 4 6 3 6 4 6 4 7 5 3 5 3 2 
1.81e+05 ; 5.056e-09 ; True ; 3 4 5 20 43 69 105 173 184 203 235 237 239 270 352 362 368 379 384 390  ; 3 4 6 3 6 4 5 4 7 6 3 5 4 2 
2.04e+05 ; 6.634e-09 ; True ; 4 5 20 31 43 69 105 170 173 184 203 235 237 239 270 352 362 368 379 384 390  ; 4 4 7 3 6 4 5 5 7 6 3 5 3 2 
2.24e+05 ; 7.175e-09 ; True ; 4 5 20 31 43 69 105 170 173 176 184 203 235 237 239 270 283 352 362 368 379 390  ; 4 4 7 3 6 3 5 4 7 6 4 5 4 2 
2.46e+05 ; 7.705e-09 ; True ; 4 5 20 31 43 69 105 170 173 176 184 203 235 237 239 270 277 283 352 362 368 379 390  ; 4 4 7 3 6 3 6 4 7 6 4 5 4 2 
2.7e+05 ; 8.719e-09 ; True ; 4 5 20 21 43 69 105 149 173 176 184 196 203 235 237 239 247 270 340 352 368 379 384 390  ; 5 3 7 3 6 4 6 5 7 6 3 5 4 2 
2.91e+05 ; 1.107e-08 ; True ; 4 5 20 21 43 69 105 149 173 176 184 196 203 232 235 237 239 247 270 340 352 368 379 384 390  ; 5 4 7 3 6 4 6 5 7 6 3 5 4 2 
2.92e+05 ; 1.18e-08 ; True ; 4 5 19 20 21 43 69 105 149 173 176 184 196 203 235 237 239 247 270 293 352 368 379 384 390  ; 6 4 7 3 6 4 7 5 7 5 3 5 4 2 
3.15e+05 ; 1.338e-08 ; True ; 4 5 20 21 43 69 105 140 149 173 176 184 196 203 232 235 237 239 247 270 340 352 368 379 384 390  ; 5 4 8 3 7 4 6 5 7 6 3 5 4 2 
3.16e+05 ; 1.429e-08 ; True ; 4 5 20 21 43 69 105 134 149 173 176 184 196 203 232 235 237 239 247 270 340 352 368 379 384 390  ; 5 4 7 3 6 4 6 5 7 6 4 5 4 2 
3.17e+05 ; 1.459e-08 ; True ; 4 5 19 20 21 43 69 105 149 173 176 184 196 203 235 237 239 247 270 293 340 352 368 379 384 390  ; 6 4 8 3 6 4 7 5 7 6 3 5 4 2 
3.43e+05 ; 1.553e-08 ; True ; 4 5 19 20 21 34 43 69 105 149 173 176 184 196 203 235 237 239 247 270 293 340 352 368 379 384 390  ; 6 4 9 3 6 4 7 5 7 6 3 5 4 2 

RUN 9:
Optimum Distance: 0

Optimal Team: 
Required Skills: 5 9 12 13 14 20 26 30 36 37 39 46 50 51 
Distance; Skill Score; isValid; Team; Skill Counts
9001 ; 4.27e-16 ; True ; 42 201 235 368 390  ; 1 1 1 1 1 1 1 1 2 1 2 1 1 1 
1e+04 ; 1.568e-15 ; True ; 5 43 235 352 368  ; 1 2 1 1 1 1 1 1 2 2 1 2 1 1 
1.2e+04 ; 1.579e-15 ; True ; 4 221 235 297 368 390  ; 1 1 3 1 1 1 1 1 2 3 1 1 1 1 
1.3e+04 ; 1.118e-14 ; True ; 43 72 235 297 368 390  ; 1 2 3 1 1 2 1 1 3 1 1 2 2 1 
1.4e+04 ; 2.627e-14 ; True ; 4 43 235 297 368 390  ; 1 2 2 1 1 2 2 1 3 2 1 2 2 1 
1.5e+04 ; 5.021e-14 ; True ; 4 43 184 235 368 390  ; 1 2 2 1 2 2 2 1 3 2 1 2 2 1 
1.8e+04 ; 5.987e-14 ; True ; 5 43 221 235 297 368 390  ; 1 2 3 1 2 2 1 1 3 2 1 3 2 1 
1.9e+04 ; 7.796e-14 ; True ; 43 72 235 297 352 368 390  ; 1 2 3 1 1 2 1 2 3 2 2 2 2 1 
2e+04 ; 2.004e-13 ; True ; 4 43 47 105 235 368 390  ; 1 2 2 1 2 2 2 1 3 3 2 2 3 1 
2.1e+04 ; 2.908e-13 ; True ; 4 43 105 235 352 368 390  ; 1 2 2 1 2 2 2 1 3 3 3 2 3 1 
2.5e+04 ; 3.533e-13 ; True ; 4 43 105 221 235 297 368 390  ; 1 2 4 1 2 2 2 1 3 3 2 2 3 1 
2.6e+04 ; 5.347e-13 ; True ; 4 43 47 105 235 297 368 390  ; 1 2 3 1 2 2 2 2 3 3 2 2 3 1 
2.7e+04 ; 5.733e-13 ; True ; 4 5 38 43 105 235 368 390  ; 2 2 2 1 3 2 2 1 3 2 2 3 3 1 
2.7e+04 ; 8.183e-13 ; True ; 4 5 43 47 105 235 368 390  ; 2 2 2 1 3 2 2 1 3 3 2 3 3 1 
2.8e+04 ; 1.187e-12 ; True ; 4 5 43 105 235 352 368 390  ; 2 2 2 1 3 2 2 1 3 3 3 3 3 1 
3.3e+04 ; 1.294e-12 ; True ; 4 43 47 72 105 235 297 368 390  ; 2 2 4 1 2 2 2 2 3 3 2 2 3 1 
3.4e+04 ; 1.463e-12 ; True ; 4 43 94 105 235 297 352 368 390  ; 1 2 3 1 3 2 3 2 3 3 3 2 3 1 
3.4e+04 ; 2.183e-12 ; True ; 4 5 43 47 105 235 297 368 390  ; 2 2 3 1 3 2 2 2 3 3 2 3 3 1 
3.5e+04 ; 3.169e-12 ; True ; 4 5 43 105 235 297 352 368 390  ; 2 2 3 1 3 2 2 2 3 3 3 3 3 1 
3.6e+04 ; 4.446e-12 ; True ; 4 5 43 105 235 352 368 379 390  ; 2 2 2 2 3 2 2 2 3 3 3 3 3 1 
4.2e+04 ; 4.802e-12 ; True ; 4 43 47 69 72 105 235 297 368 390  ; 2 3 4 1 3 2 2 2 4 3 2 3 3 1 
4.2e+04 ; 5.123e-12 ; True ; 3 5 43 105 235 237 297 352 368 390  ; 1 2 3 2 3 2 2 2 4 3 3 3 4 1 
4.3e+04 ; 5.687e-12 ; True ; 4 43 69 105 197 235 297 352 368 390  ; 1 3 3 2 3 2 2 2 4 3 3 3 3 1 
4.3e+04 ; 6.971e-12 ; True ; 4 5 43 47 105 235 237 297 368 390  ; 2 2 3 2 3 2 3 2 4 3 2 3 3 1 
4.4e+04 ; 1.012e-11 ; True ; 4 5 43 105 235 237 297 352 368 390  ; 2 2 3 2 3 2 3 2 4 3 3 3 3 1 
4.5e+04 ; 1.444e-11 ; True ; 4 20 43 69 105 235 352 368 379 390  ; 2 3 3 2 3 2 3 2 4 3 3 3 3 1 
5.2e+04 ; 1.651e-11 ; True ; 3 4 5 43 105 235 237 297 352 368 390  ; 2 2 3 2 3 2 3 2 4 4 3 3 4 1 
5.3e+04 ; 1.836e-11 ; True ; 4 5 43 69 105 197 235 297 352 368 390  ; 2 3 3 2 4 2 2 2 4 3 3 4 3 1 
5.3e+04 ; 2.091e-11 ; True ; 4 43 69 72 105 235 237 297 352 368 390  ; 2 3 4 2 3 2 3 2 5 3 3 3 3 1 
5.4e+04 ; 2.791e-11 ; True ; 4 5 43 69 105 235 237 297 352 368 390  ; 2 3 3 2 4 2 3 2 5 3 3 4 3 1 
5.4e+04 ; 2.983e-11 ; True ; 4 20 43 69 105 235 352 368 379 384 390  ; 2 3 3 2 3 3 3 3 4 3 3 3 3 1 
5.5e+04 ; 3.498e-11 ; True ; 4 5 20 43 69 105 235 352 368 379 390  ; 3 3 3 2 4 2 3 2 4 3 3 4 3 1 
6.3e+04 ; 3.822e-11 ; True ; 4 5 43 47 69 105 165 235 237 297 368 390  ; 2 3 3 2 4 2 3 2 5 3 2 4 3 2 
6.3e+04 ; 3.833e-11 ; True ; 4 5 43 47 105 165 201 235 237 239 368 390  ; 2 2 3 2 4 2 4 2 4 4 3 3 3 2 
6.4e+04 ; 3.913e-11 ; True ; 4 5 43 69 105 197 235 270 297 352 368 390  ; 2 3 3 2 4 3 2 2 5 4 3 4 3 1 
6.4e+04 ; 5.315e-11 ; True ; 4 5 43 69 105 235 237 239 297 352 368 390  ; 2 3 4 2 5 2 3 2 5 4 3 4 3 1 
6.5e+04 ; 6.033e-11 ; True ; 4 5 43 69 105 201 235 237 297 352 368 390  ; 2 3 3 2 4 2 4 3 5 3 4 4 3 1 
6.5e+04 ; 7.226e-11 ; True ; 4 5 20 43 69 105 235 352 368 379 384 390  ; 3 3 3 2 4 3 3 3 4 3 3 4 3 1 
6.6e+04 ; 7.561e-11 ; True ; 4 5 20 43 69 105 201 235 352 368 379 390  ; 3 3 3 2 4 2 4 3 4 3 4 4 3 1 
7.5e+04 ; 9.159e-11 ; True ; 4 5 43 47 69 72 105 235 237 297 352 368 390  ; 3 3 4 2 4 2 3 3 5 4 3 4 3 1 
7.5e+04 ; 1.003e-10 ; True ; 4 5 43 47 69 105 165 235 237 297 352 368 390  ; 2 3 3 2 4 2 3 3 5 4 3 4 3 2 
7.6e+04 ; 1.02e-10 ; True ; 4 5 43 69 72 105 201 235 297 352 368 379 390  ; 3 3 4 2 4 2 3 4 4 3 4 4 3 1 
7.6e+04 ; 1.187e-10 ; True ; 4 5 20 43 69 105 235 256 291 352 368 384 390  ; 3 3 3 2 4 3 4 2 4 3 3 4 3 2 
7.7e+04 ; 1.222e-10 ; True ; 4 5 43 69 105 184 235 237 270 297 352 368 390  ; 2 3 4 2 5 3 3 3 6 4 3 4 3 1 
7.7e+04 ; 1.336e-10 ; True ; 4 5 43 69 105 184 201 235 291 352 368 379 390  ; 2 3 3 2 5 2 3 4 4 3 4 4 3 2 
7.8e+04 ; 1.481e-10 ; True ; 4 5 43 69 105 184 201 235 237 270 352 368 390  ; 2 3 3 2 5 3 4 3 6 4 4 4 3 1 
7.8e+04 ; 1.611e-10 ; True ; 4 5 20 43 69 105 201 235 270 352 368 379 390  ; 3 3 3 2 4 3 4 3 5 4 4 4 3 1 
8.7e+04 ; 1.82e-10 ; True ; 4 5 43 47 69 72 105 165 235 237 297 352 368 390  ; 3 3 4 2 4 2 3 3 5 4 3 4 3 2 
8.8e+04 ; 1.914e-10 ; True ; 4 5 43 69 72 105 235 237 276 291 297 352 368 390  ; 3 3 4 2 4 3 4 2 6 3 3 4 3 2 
8.8e+04 ; 2.05e-10 ; True ; 4 5 43 47 69 105 165 201 235 237 239 368 384 390  ; 2 3 3 2 5 3 4 3 5 4 3 4 3 2 
8.9e+04 ; 2.191e-10 ; True ; 4 5 43 69 72 105 235 237 270 297 352 368 379 390  ; 3 3 4 3 4 3 3 3 6 4 3 4 3 1 
8.9e+04 ; 2.534e-10 ; True ; 4 5 20 43 69 105 201 235 239 291 368 379 384 390  ; 3 3 4 2 5 3 4 3 4 3 3 4 3 2 
9e+04 ; 2.578e-10 ; True ; 4 5 20 43 69 105 235 237 270 297 352 368 379 390  ; 3 3 4 3 4 3 4 3 6 4 3 4 3 1 
9e+04 ; 2.626e-10 ; True ; 4 5 43 69 105 165 201 205 235 237 239 352 368 390  ; 2 4 3 2 5 3 4 2 6 4 4 4 3 2 
9e+04 ; 3.162e-10 ; True ; 4 5 20 43 69 105 184 205 235 291 352 368 379 390  ; 3 4 4 2 5 3 3 3 5 3 3 4 3 2 
1.01e+05 ; 3.501e-10 ; True ; 4 5 43 47 69 72 105 165 201 235 237 297 352 368 390  ; 3 3 4 2 4 2 4 4 5 4 4 4 3 2 
1.02e+05 ; 3.892e-10 ; True ; 4 5 43 69 72 105 165 201 235 237 239 297 352 368 390  ; 3 3 5 2 5 2 4 3 5 4 4 4 3 2 
1.02e+05 ; 4.025e-10 ; True ; 4 5 43 47 69 105 165 201 235 237 239 270 368 379 390  ; 2 3 3 3 5 3 4 3 6 5 3 4 3 2 
1.03e+05 ; 4.354e-10 ; True ; 4 5 43 69 72 105 165 235 237 270 297 352 368 379 390  ; 3 3 4 3 4 3 3 3 6 4 3 4 3 2 
1.03e+05 ; 4.46e-10 ; True ; 4 5 20 43 69 105 165 201 235 293 352 368 379 384 390  ; 4 3 4 2 4 3 4 4 4 3 4 4 3 2 
1.03e+05 ; 5.109e-10 ; True ; 4 5 20 43 69 105 201 235 237 270 291 352 368 384 390  ; 3 3 3 2 4 4 5 3 6 4 4 4 3 2 
1.04e+05 ; 5.195e-10 ; True ; 4 5 43 69 105 165 201 235 237 239 270 352 368 379 390  ; 2 3 3 3 5 3 4 3 6 5 4 4 3 2 
1.04e+05 ; 5.512e-10 ; True ; 4 5 20 43 69 105 184 205 235 256 291 352 368 379 390  ; 3 4 4 3 5 3 4 3 5 3 3 4 3 2 
1.05e+05 ; 5.864e-10 ; True ; 4 5 20 43 69 105 165 201 235 237 270 352 368 379 390  ; 3 3 3 3 4 3 5 3 6 4 4 4 3 2 
1.16e+05 ; 7.172e-10 ; True ; 4 5 43 69 72 92 105 165 201 235 237 239 297 352 368 390  ; 3 4 5 2 5 3 4 3 5 4 4 4 3 2 
1.17e+05 ; 7.49e-10 ; True ; 4 5 43 69 72 105 165 201 235 237 239 270 297 352 368 390  ; 3 3 5 2 5 3 4 3 6 5 4 4 3 2 
1.17e+05 ; 7.533e-10 ; True ; 4 5 43 47 69 105 165 201 235 237 239 270 352 368 379 390  ; 2 3 3 3 5 3 4 4 6 6 4 4 3 2 
1.18e+05 ; 8.375e-10 ; True ; 4 5 43 69 72 105 165 201 235 237 270 297 352 368 379 390  ; 3 3 4 3 4 3 4 4 6 4 4 4 3 2 
1.19e+05 ; 9.431e-10 ; True ; 4 5 43 69 72 105 165 201 235 237 239 270 352 368 379 390  ; 3 3 4 3 5 3 4 3 6 5 4 4 3 2 
1.31e+05 ; 1.089e-09 ; True ; 4 5 43 47 69 72 105 165 201 235 237 239 270 297 368 379 390  ; 3 3 5 3 5 3 4 4 6 5 3 4 3 2 
1.32e+05 ; 1.103e-09 ; True ; 4 5 43 69 72 105 165 197 201 235 237 270 297 352 368 379 390  ; 3 3 4 4 4 3 4 4 6 4 4 4 3 2 
1.32e+05 ; 1.186e-09 ; True ; 4 5 43 47 69 72 105 165 201 235 237 270 297 352 368 379 390  ; 3 3 4 3 4 3 4 5 6 5 4 4 3 2 
1.32e+05 ; 1.368e-09 ; True ; 4 5 43 47 69 105 165 201 235 237 239 270 293 352 368 379 390  ; 3 3 4 3 5 3 4 4 6 6 4 4 3 2 
1.33e+05 ; 1.405e-09 ; True ; 4 5 43 69 72 105 165 201 235 237 239 270 297 352 368 379 390  ; 3 3 5 3 5 3 4 4 6 5 4 4 3 2 
1.47e+05 ; 1.434e-09 ; True ; 4 5 43 47 69 72 105 165 201 235 237 239 270 295 297 368 379 390  ; 3 3 5 4 5 3 4 4 6 5 3 4 3 2 
1.47e+05 ; 1.587e-09 ; True ; 4 5 43 47 69 72 105 165 201 235 237 239 270 293 297 368 379 390  ; 4 3 6 3 5 3 4 4 6 5 3 4 3 2 
1.48e+05 ; 1.745e-09 ; True ; 4 5 43 47 69 72 105 165 235 237 239 270 276 297 352 368 379 390  ; 3 3 5 3 5 4 4 4 7 6 3 4 3 2 
1.48e+05 ; 1.912e-09 ; True ; 4 5 43 47 69 72 105 165 201 235 237 239 270 297 352 368 379 390  ; 3 3 5 3 5 3 4 5 6 6 4 4 3 2 
1.49e+05 ; 2.073e-09 ; True ; 4 5 43 47 69 72 105 165 201 235 237 239 270 293 352 368 379 390  ; 4 3 5 3 5 3 4 4 6 6 4 4 3 2 
1.5e+05 ; 2.435e-09 ; True ; 4 5 43 69 72 105 126 165 201 235 237 239 270 297 352 368 379 390  ; 3 4 5 3 5 3 5 4 6 5 4 5 3 2 
1.64e+05 ; 2.515e-09 ; True ; 3 4 5 43 47 69 105 126 165 201 215 235 237 239 270 297 352 368 390  ; 2 4 4 3 5 3 6 4 6 7 4 5 4 2 
1.65e+05 ; 2.518e-09 ; True ; 4 5 43 47 69 72 105 165 201 235 237 239 270 295 297 352 368 379 390  ; 3 3 5 4 5 3 4 5 6 6 4 4 3 2 
1.66e+05 ; 2.926e-09 ; True ; 4 5 43 47 69 72 105 165 201 235 237 239 270 297 315 352 368 379 390  ; 3 4 5 3 5 3 5 5 7 6 4 4 3 2 
1.67e+05 ; 3.149e-09 ; True ; 4 5 20 43 47 69 72 105 165 201 235 237 239 270 293 352 368 379 390  ; 5 3 6 3 5 3 5 4 6 6 4 4 3 2 
1.84e+05 ; 3.187e-09 ; True ; 4 5 43 47 69 72 105 165 201 235 237 239 270 297 337 352 368 379 384 390  ; 3 3 6 3 5 4 4 6 6 6 4 4 3 2 
1.84e+05 ; 3.594e-09 ; True ; 4 5 43 47 69 72 105 165 201 235 237 239 270 292 297 315 352 368 379 390  ; 3 4 5 3 5 3 5 5 7 6 4 5 3 2 
1.85e+05 ; 4.137e-09 ; True ; 4 5 43 47 69 72 105 165 201 215 235 237 239 270 297 315 352 368 379 390  ; 3 4 5 4 5 3 6 5 7 6 4 4 3 2 
1.86e+05 ; 4.21e-09 ; True ; 4 5 43 47 69 72 105 126 158 201 203 235 237 270 295 297 352 368 379 390  ; 3 4 4 4 4 3 5 5 6 5 5 5 4 2 
1.86e+05 ; 4.808e-09 ; True ; 4 5 43 47 69 72 105 158 165 201 203 235 237 239 270 293 352 368 379 390  ; 4 3 5 3 5 3 4 4 6 6 5 4 4 3 
2.04e+05 ; 5.22e-09 ; True ; 4 5 43 47 69 72 105 138 165 201 235 237 239 270 297 315 352 368 379 384 390  ; 3 4 5 3 5 4 5 6 7 6 5 4 3 2 
2.05e+05 ; 6.276e-09 ; True ; 4 5 43 47 69 72 105 126 158 165 201 203 235 237 270 295 297 352 368 379 390  ; 3 4 4 4 4 3 5 5 6 5 5 5 4 3 
2.26e+05 ; 6.279e-09 ; True ; 4 5 43 47 69 72 105 126 134 165 201 205 235 237 270 295 297 344 368 379 384 390  ; 3 5 4 4 4 5 5 5 8 4 4 5 4 2 
2.27e+05 ; 6.464e-09 ; True ; 4 5 43 47 58 69 72 105 158 165 201 203 235 237 239 270 293 352 368 369 379 390  ; 4 3 6 3 5 3 4 5 6 6 5 4 4 3 
2.28e+05 ; 6.49e-09 ; True ; 5 21 43 47 69 72 105 126 156 165 201 205 235 256 270 295 299 352 368 379 384 390  ; 4 5 4 4 4 5 5 5 6 5 4 5 3 2 
2.3e+05 ; 6.564e-09 ; True ; 5 21 43 47 69 72 105 165 184 201 205 235 256 270 299 339 352 368 377 379 384 390  ; 4 4 5 3 6 5 4 6 7 4 4 4 4 2 
2.48e+05 ; 7.011e-09 ; True ; 4 5 43 47 58 69 72 105 158 165 201 203 210 235 237 239 270 293 352 368 369 379 390  ; 4 3 6 3 5 3 4 5 7 6 5 4 4 3 
2.49e+05 ; 7.383e-09 ; True ; 4 5 43 47 58 69 72 105 158 165 201 203 225 235 237 239 270 293 352 368 369 379 390  ; 4 3 6 3 5 3 4 6 6 6 5 4 4 3 
2.51e+05 ; 1.05e-08 ; True ; 4 5 21 43 47 69 72 105 165 184 201 205 235 256 270 299 339 352 368 377 379 384 390  ; 5 4 5 3 6 5 5 6 7 5 4 4 4 2 
2.98e+05 ; 1.185e-08 ; True ; 5 21 43 47 69 72 86 105 146 165 184 201 205 230 235 256 270 299 339 352 368 377 379 384 390  ; 4 5 5 3 6 5 5 6 7 6 4 4 4 2 
3.23e+05 ; 1.435e-08 ; True ; 5 21 43 47 69 72 86 105 123 146 165 184 201 205 230 235 256 270 299 339 352 368 377 379 384 390  ; 4 5 5 3 6 5 5 6 7 6 5 4 4 2 

RUN 10:
Optimum Distance: 0

Optimal Team: 
Required Skills: 5 9 12 13 14 20 26 30 36 37 39 46 50 51 
Distance; Skill Score; isValid; Team; Skill Counts
8002 ; 2.287e-16 ; True ; 4 47 165 368 390  ; 1 1 1 1 1 1 1 1 1 2 1 1 1 1 
9001 ; 5.99e-16 ; True ; 4 47 235 368 390  ; 1 1 1 1 1 1 1 1 2 3 1 1 1 1 
1e+04 ; 1.603e-15 ; True ; 5 201 235 368 390  ; 1 1 1 1 2 1 1 1 2 1 2 2 1 1 
1.3e+04 ; 1.016e-14 ; True ; 4 43 47 165 368 390  ; 1 2 1 1 1 2 2 1 2 2 1 2 2 1 
1.4e+04 ; 2.001e-14 ; True ; 4 43 47 235 368 390  ; 1 2 1 1 1 2 2 1 3 3 1 2 2 1 
1.5e+04 ; 5.021e-14 ; True ; 4 43 184 235 368 390  ; 1 2 2 1 2 2 2 1 3 2 1 2 2 1 
2e+04 ; 9.712e-14 ; True ; 4 43 171 184 235 368 390  ; 1 2 2 1 2 2 2 1 3 2 2 2 2 1 
2.1e+04 ; 2.908e-13 ; True ; 4 43 105 235 352 368 390  ; 1 2 2 1 2 2 2 1 3 3 3 2 3 1 
2.6e+04 ; 3.814e-13 ; True ; 4 43 171 184 235 352 368 390  ; 1 2 2 1 2 2 2 2 3 3 3 2 2 1 
2.7e+04 ; 8.183e-13 ; True ; 4 5 43 47 105 235 368 390  ; 2 2 2 1 3 2 2 1 3 3 2 3 3 1 
2.8e+04 ; 1.187e-12 ; True ; 4 5 43 105 235 352 368 390  ; 2 2 2 1 3 2 2 1 3 3 3 3 3 1 
3.4e+04 ; 1.218e-12 ; True ; 4 43 171 184 235 237 352 368 390  ; 1 2 2 2 2 2 3 2 4 3 3 2 2 1 
3.5e+04 ; 2.133e-12 ; True ; 4 5 43 184 235 291 352 368 390  ; 2 2 2 1 3 2 2 2 3 3 2 3 2 2 
3.6e+04 ; 4.446e-12 ; True ; 4 5 43 105 235 352 368 379 390  ; 2 2 2 2 3 2 2 2 3 3 3 3 3 1 
4.2e+04 ; 4.825e-12 ; True ; 5 43 173 184 235 237 239 352 368 390  ; 1 2 3 2 4 2 3 2 5 3 2 4 2 1 
4.3e+04 ; 7.316e-12 ; True ; 4 43 69 105 173 184 235 352 368 390  ; 1 3 3 1 4 2 3 2 5 3 3 4 3 1 
4.4e+04 ; 9.486e-12 ; True ; 4 5 43 105 180 184 235 352 368 390  ; 2 2 3 1 4 3 3 2 4 3 3 3 3 1 
4.5e+04 ; 1.305e-11 ; True ; 4 5 43 69 105 235 352 368 379 390  ; 2 3 2 2 4 2 2 2 4 3 3 4 3 1 
5.2e+04 ; 1.518e-11 ; True ; 5 43 105 173 184 235 237 239 352 368 390  ; 1 2 4 2 5 2 3 2 5 3 3 4 3 1 
5.3e+04 ; 2.301e-11 ; True ; 4 5 43 105 173 184 235 237 352 368 390  ; 2 2 3 2 4 2 4 2 5 3 3 4 3 1 
5.4e+04 ; 2.458e-11 ; True ; 4 5 43 105 184 235 237 239 352 368 390  ; 2 2 4 2 5 2 3 2 4 4 3 3 3 1 
5.5e+04 ; 3.341e-11 ; True ; 4 5 43 69 105 184 235 237 352 368 390  ; 2 3 3 2 5 2 3 2 5 3 3 4 3 1 
6.3e+04 ; 4.045e-11 ; True ; 4 5 43 47 92 105 235 237 239 352 368 390  ; 2 3 3 2 4 3 3 2 4 5 3 3 3 1 
6.4e+04 ; 5.842e-11 ; True ; 4 5 43 69 105 173 184 235 352 368 379 390  ; 2 3 3 2 5 2 3 3 5 3 3 5 3 1 
6.5e+04 ; 6.35e-11 ; True ; 4 5 43 69 105 180 184 235 237 352 368 390  ; 2 3 3 2 5 3 4 2 6 3 3 4 3 1 
6.6e+04 ; 7.044e-11 ; True ; 4 5 43 69 105 184 235 237 352 368 379 390  ; 2 3 3 3 5 2 3 3 5 3 3 4 3 1 
7.4e+04 ; 9.076e-11 ; True ; 4 5 43 92 105 173 184 235 237 239 352 368 390  ; 2 3 4 2 5 3 4 2 5 4 3 4 3 1 
7.5e+04 ; 1.11e-10 ; True ; 4 5 43 69 105 173 180 184 235 352 368 379 390  ; 2 3 3 2 5 3 4 3 6 3 3 5 3 1 
7.6e+04 ; 1.162e-10 ; True ; 4 5 43 69 105 180 184 235 237 239 352 368 390  ; 2 3 4 2 6 3 4 2 6 4 3 4 3 1 
7.7e+04 ; 1.4e-10 ; True ; 4 5 43 69 105 184 235 237 291 352 368 379 390  ; 2 3 3 3 5 2 3 3 5 3 3 4 3 2 
8.501e+04 ; 1.448e-10 ; True ; 3 4 5 43 69 92 105 153 184 235 237 239 368 390  ; 2 4 4 2 6 3 3 2 5 4 3 4 4 1 
8.7e+04 ; 1.812e-10 ; True ; 4 5 43 69 92 105 173 184 235 237 239 352 368 390  ; 2 4 4 2 6 3 4 2 6 4 3 5 3 1 
8.8e+04 ; 1.904e-10 ; True ; 4 5 43 69 92 105 180 184 235 237 239 352 368 390  ; 2 4 4 2 6 4 4 2 6 4 3 4 3 1 
8.8e+04 ; 2.102e-10 ; True ; 4 5 43 69 92 105 235 237 239 293 352 368 379 390  ; 3 4 4 3 5 3 3 2 5 4 3 4 3 1 
8.9e+04 ; 2.449e-10 ; True ; 4 5 43 69 105 180 184 235 237 239 352 368 379 390  ; 2 3 4 3 6 3 4 3 6 4 3 4 3 1 
9e+04 ; 2.643e-10 ; True ; 4 5 43 69 105 184 205 235 237 239 352 368 379 390  ; 2 4 4 3 6 3 3 3 6 4 3 4 3 1 
9.1e+04 ; 2.871e-10 ; True ; 4 5 43 69 105 184 205 235 237 319 352 368 379 390  ; 2 4 3 3 5 3 3 3 6 3 3 4 3 2 
9.901e+04 ; 3.034e-10 ; True ; 3 4 5 43 92 105 126 184 235 237 239 319 352 368 390  ; 2 4 4 2 5 3 4 2 4 5 3 4 4 2 
1e+05 ; 3.161e-10 ; True ; 4 5 43 69 105 171 180 184 235 237 239 352 368 379 390  ; 2 3 4 3 6 3 4 3 6 4 4 4 3 1 
1.01e+05 ; 3.328e-10 ; True ; 4 5 43 69 92 105 153 173 184 235 237 239 352 368 390  ; 2 4 4 2 6 3 4 3 6 4 4 5 3 1 
1.02e+05 ; 3.484e-10 ; True ; 4 5 43 92 105 126 180 184 235 237 239 352 368 379 390  ; 2 4 4 3 5 4 5 3 5 4 3 4 3 1 
1.02e+05 ; 4.178e-10 ; True ; 4 5 43 69 92 105 235 237 239 293 319 352 368 379 390  ; 3 4 4 3 5 3 3 2 5 4 3 4 3 2 
1.03e+05 ; 4.366e-10 ; True ; 4 5 43 69 105 184 235 237 239 293 319 352 368 379 390  ; 3 3 5 3 6 2 3 3 5 4 3 4 3 2 
1.04e+05 ; 4.7e-10 ; True ; 4 5 43 69 105 126 184 235 237 239 319 352 368 379 390  ; 2 4 4 3 6 2 4 3 5 4 3 5 3 2 
1.05e+05 ; 4.729e-10 ; True ; 4 5 43 69 82 105 184 205 235 237 319 352 368 379 390  ; 2 4 3 3 5 3 4 3 7 3 4 4 3 2 
1.13e+05 ; 4.741e-10 ; True ; 4 5 43 69 105 171 173 184 215 235 293 319 352 368 379 390  ; 3 3 4 3 5 2 4 3 5 3 4 5 3 2 
1.15e+05 ; 5.383e-10 ; True ; 4 5 43 69 105 171 180 184 201 235 237 239 352 368 379 390  ; 2 3 4 3 6 3 5 4 6 4 5 4 3 1 
1.15e+05 ; 5.941e-10 ; True ; 4 5 43 69 92 105 173 180 184 235 237 239 352 368 379 390  ; 2 4 4 3 6 4 5 3 7 4 3 5 3 1 
1.15e+05 ; 6.512e-10 ; True ; 4 5 43 69 92 105 173 184 235 237 239 293 352 368 379 390  ; 3 4 5 3 6 3 4 3 6 4 3 5 3 1 
1.16e+05 ; 6.82e-10 ; True ; 4 5 20 43 69 92 105 173 184 235 237 239 319 352 368 390  ; 3 4 5 2 6 3 5 2 6 4 3 5 3 2 
1.17e+05 ; 7.195e-10 ; True ; 4 5 43 69 92 105 126 235 237 239 293 319 352 368 379 390  ; 3 5 4 3 5 3 4 2 5 4 3 5 3 2 
1.17e+05 ; 8.045e-10 ; True ; 4 5 43 69 92 105 184 235 237 239 293 319 352 368 379 390  ; 3 4 5 3 6 3 3 3 5 4 3 4 3 2 
1.18e+05 ; 8.298e-10 ; True ; 4 5 43 69 72 105 180 184 235 237 239 319 352 368 379 390  ; 3 3 5 3 6 3 4 3 6 4 3 4 3 2 
1.2e+05 ; 8.961e-10 ; True ; 4 5 20 43 69 92 105 126 184 235 237 319 352 368 379 390  ; 3 5 4 3 5 3 5 3 5 3 3 5 3 2 
1.3e+05 ; 9.069e-10 ; True ; 4 5 43 69 92 105 126 171 180 184 235 293 319 352 368 379 390  ; 3 5 4 2 5 4 4 3 5 3 4 5 3 2 
1.3e+05 ; 9.622e-10 ; True ; 3 4 5 43 69 105 180 184 217 235 237 239 319 352 368 379 390  ; 2 3 4 3 6 4 4 3 6 5 3 4 4 2 
1.31e+05 ; 9.945e-10 ; True ; 4 5 43 47 92 105 126 173 184 235 237 239 319 352 368 379 390  ; 2 4 4 3 5 3 5 4 5 5 3 5 3 2 
1.31e+05 ; 1.294e-09 ; True ; 4 5 43 69 92 105 173 184 235 237 239 293 319 352 368 379 390  ; 3 4 5 3 6 3 4 3 6 4 3 5 3 2 
1.33e+05 ; 1.346e-09 ; True ; 4 5 43 47 69 105 126 180 184 235 237 293 319 352 368 379 390  ; 3 4 4 3 5 3 5 4 6 4 3 5 3 2 
1.33e+05 ; 1.386e-09 ; True ; 4 5 43 69 92 105 126 184 235 237 239 293 319 352 368 379 390  ; 3 5 5 3 6 3 4 3 5 4 3 5 3 2 
1.47e+05 ; 1.722e-09 ; True ; 4 5 43 65 69 92 105 180 184 235 237 239 293 319 352 368 379 390  ; 3 4 5 3 6 4 4 4 6 4 3 4 3 2 
1.48e+05 ; 1.942e-09 ; True ; 4 5 43 69 92 105 157 180 184 235 237 239 293 319 352 368 379 390  ; 3 4 5 3 6 4 5 3 6 4 3 4 4 2 
1.48e+05 ; 2.159e-09 ; True ; 4 5 43 69 92 105 173 184 205 235 237 239 293 319 352 368 379 390  ; 3 5 5 3 6 4 4 3 7 4 3 5 3 2 
1.5e+05 ; 2.161e-09 ; True ; 4 5 43 69 82 105 126 180 184 235 237 239 293 319 352 368 379 390  ; 3 4 5 3 6 3 6 3 7 4 4 5 3 2 
1.51e+05 ; 2.385e-09 ; True ; 4 5 43 69 105 126 158 184 235 237 239 276 293 319 352 368 379 390  ; 3 4 5 3 6 3 5 3 6 4 4 5 4 2 
1.65e+05 ; 2.857e-09 ; True ; 4 5 43 65 69 92 105 158 180 184 235 237 239 293 319 352 368 379 390  ; 3 4 5 3 6 4 4 4 6 4 4 4 4 2 
1.66e+05 ; 3.095e-09 ; True ; 4 5 43 69 92 95 105 126 180 184 235 237 239 293 319 352 368 379 390  ; 3 5 5 3 6 4 5 3 7 4 4 5 3 2 
1.68e+05 ; 3.314e-09 ; True ; 4 5 43 69 82 105 126 153 180 184 235 237 239 293 319 352 368 379 390  ; 3 4 5 3 6 3 6 4 7 4 5 5 3 2 
1.68e+05 ; 3.6e-09 ; True ; 4 5 43 47 69 105 126 158 184 235 237 239 276 293 319 352 368 379 390  ; 3 4 5 3 6 3 5 4 6 5 4 5 4 2 
1.84e+05 ; 3.751e-09 ; True ; 4 5 22 43 65 69 92 105 158 180 184 235 237 239 293 319 352 368 379 390  ; 3 4 5 3 6 5 4 4 7 4 4 4 4 2 
1.85e+05 ; 3.757e-09 ; True ; 4 5 43 47 69 105 126 158 184 235 237 239 251 279 293 319 352 368 379 390  ; 3 4 5 3 6 4 4 4 5 5 4 5 4 2 
1.86e+05 ; 3.827e-09 ; True ; 4 5 43 47 92 105 116 126 158 184 235 237 239 276 293 319 352 368 379 390  ; 3 4 5 3 5 4 6 4 5 5 4 4 5 2 
1.86e+05 ; 4.559e-09 ; True ; 4 5 20 43 47 69 105 126 158 173 184 235 237 239 248 319 352 368 379 390  ; 3 4 5 3 6 3 6 4 6 5 4 6 4 2 
1.87e+05 ; 4.715e-09 ; True ; 4 5 20 43 47 69 105 126 158 160 184 235 237 239 293 319 352 368 379 390  ; 4 4 6 3 6 3 5 4 5 5 4 5 4 2 
1.88e+05 ; 4.736e-09 ; True ; 4 5 20 43 47 69 105 111 162 184 205 235 237 239 319 339 352 368 379 390  ; 3 5 6 3 6 4 4 4 7 5 3 5 4 2 
2.03e+05 ; 5.328e-09 ; True ; 4 5 20 43 47 92 105 126 158 173 184 235 237 239 283 293 319 352 368 379 390  ; 4 4 6 3 5 3 6 4 5 5 5 5 4 2 
2.05e+05 ; 5.534e-09 ; True ; 4 5 20 43 47 69 105 126 139 158 173 184 235 237 239 248 319 352 368 379 390  ; 3 4 5 3 7 3 6 4 7 5 4 6 4 2 
2.05e+05 ; 5.861e-09 ; True ; 4 5 43 47 69 78 105 126 158 160 173 184 235 237 239 293 319 352 368 379 390  ; 3 4 5 3 6 3 5 4 6 6 4 6 5 2 
2.06e+05 ; 5.883e-09 ; True ; 4 5 20 43 47 69 105 126 158 160 173 184 235 237 239 248 319 352 368 379 390  ; 3 4 5 3 6 4 6 4 6 5 4 6 4 2 
2.07e+05 ; 6.12e-09 ; True ; 4 5 20 43 47 69 105 126 158 160 184 235 237 239 293 299 319 352 368 379 390  ; 5 4 6 3 6 3 6 4 5 5 4 5 4 2 
2.23e+05 ; 6.82e-09 ; True ; 4 5 20 43 47 92 105 126 139 158 173 184 235 237 239 283 293 319 352 368 379 390  ; 4 4 6 3 6 3 6 4 6 5 5 5 4 2 
2.26e+05 ; 7.714e-09 ; True ; 4 5 20 43 47 69 105 126 139 153 158 173 235 237 239 248 293 319 352 368 379 390  ; 4 4 5 3 6 3 6 4 7 5 5 6 4 2 
2.26e+05 ; 9.173e-09 ; True ; 4 5 20 43 47 69 78 105 126 158 160 173 184 235 237 239 293 319 352 368 379 390  ; 4 4 6 3 6 3 6 4 6 6 4 6 5 2 
2.45e+05 ; 9.64e-09 ; True ; 1 4 5 20 43 47 69 78 105 126 158 160 173 184 235 237 239 293 319 352 368 379 390  ; 4 4 6 3 6 3 7 4 6 6 4 6 5 2 
2.46e+05 ; 9.77e-09 ; True ; 4 5 20 43 47 69 74 92 105 139 158 173 184 235 237 239 248 293 319 352 368 379 390  ; 4 4 6 3 7 4 5 5 7 5 4 5 4 2 
2.49e+05 ; 1.021e-08 ; True ; 4 5 19 43 47 69 92 105 126 158 184 215 235 237 239 244 293 299 319 352 368 379 390  ; 5 6 5 4 6 3 7 4 5 5 4 5 4 2 
2.68e+05 ; 1.03e-08 ; True ; 4 5 19 43 47 69 92 105 126 171 184 215 235 237 239 248 276 288 293 319 352 368 379 390  ; 3 6 5 4 6 6 7 4 6 5 4 5 3 2 
2.7e+05 ; 1.213e-08 ; True ; 4 5 19 43 47 69 105 111 157 158 184 215 235 237 239 244 276 288 293 319 352 368 379 390  ; 4 4 6 4 6 4 7 4 6 5 4 5 5 2 
2.72e+05 ; 1.214e-08 ; True ; 4 5 19 43 47 69 92 105 126 149 158 184 215 235 237 239 244 293 299 319 352 368 379 390  ; 5 6 5 4 6 3 7 5 5 5 4 5 4 2 
2.74e+05 ; 1.252e-08 ; True ; 4 5 19 31 43 47 69 105 111 158 184 215 235 237 239 244 248 276 319 339 352 368 379 390  ; 4 4 6 4 6 4 6 4 7 5 4 5 5 2 
2.94e+05 ; 1.266e-08 ; True ; 4 5 19 43 47 69 92 105 111 126 173 184 235 237 239 248 293 299 302 318 319 352 368 379 390  ; 4 6 6 3 7 4 8 4 6 5 3 7 4 2 
2.94e+05 ; 1.468e-08 ; True ; 4 5 19 43 47 69 105 111 132 157 158 184 215 235 237 239 244 276 288 293 319 352 368 379 390  ; 4 4 6 4 6 4 7 4 6 5 5 5 5 2 
2.97e+05 ; 1.503e-08 ; True ; 4 5 19 43 47 69 81 105 111 143 158 184 215 235 237 239 244 248 293 319 339 352 368 379 390  ; 4 4 6 4 6 5 5 4 8 5 4 5 5 2 
3.14e+05 ; 1.626e-08 ; True ; 3 4 5 19 20 43 47 92 105 111 158 173 184 235 237 239 288 293 302 317 319 339 352 368 379 390  ; 5 4 7 3 6 4 7 4 6 6 4 5 6 2 
3.19e+05 ; 1.643e-08 ; True ; 4 5 19 43 47 69 105 111 132 157 158 184 215 235 237 239 244 276 288 293 319 333 352 368 379 390  ; 4 4 6 4 7 4 7 4 6 5 5 5 5 2 
3.2e+05 ; 1.896e-08 ; True ; 4 5 19 43 47 69 92 105 126 158 184 215 235 237 239 248 288 293 299 319 334 352 366 368 379 390  ; 5 6 5 4 6 5 7 5 5 5 4 5 4 2 
3.4e+05 ; 1.968e-08 ; True ; 3 4 5 19 20 43 47 92 105 111 158 173 184 235 237 239 248 288 293 302 317 319 339 352 368 379 390  ; 5 4 7 3 6 5 7 4 6 6 4 5 6 2 
3.44e+05 ; 2.157e-08 ; True ; 4 5 19 43 47 69 105 111 158 171 184 215 235 237 239 244 248 276 288 293 302 319 339 352 368 379 390  ; 4 4 6 4 7 5 7 4 7 5 5 5 5 2 
3.66e+05 ; 2.389e-08 ; True ; 3 4 5 19 20 43 47 92 105 111 158 173 184 235 237 239 242 248 288 293 302 317 319 339 352 368 379 390  ; 5 4 7 3 7 5 7 4 7 6 4 5 6 2 
3.71e+05 ; 2.607e-08 ; True ; 4 5 19 43 47 69 105 111 158 171 184 215 235 237 239 244 248 276 288 293 302 319 339 352 366 368 379 390  ; 5 4 6 4 7 5 7 4 7 5 5 5 5 2 

