m: 16
Instance: 1
Algorithm: NSGA-II
Iteration: 800
Population Size: 100
RUN 1:
Optimum Distance: 0

Optimal Team: 
Required Skills: 1 6 14 15 22 23 34 36 39 40 43 46 48 50 51 57 
Distance; Skill Score; isValid; Team; Skill Counts
6000 ; 9.475e-21 ; True ; 295 316 554 654  ; 1 1 2 1 1 1 1 1 1 1 1 1 2 1 1 2 
8002 ; 3.281e-20 ; True ; 101 295 475 554 654  ; 2 1 3 1 1 1 1 1 1 1 1 1 2 1 1 3 
1e+04 ; 4.308e-19 ; True ; 64 295 316 554 654  ; 2 2 2 1 1 1 2 2 1 1 1 2 2 2 1 2 
1.2e+04 ; 6.565e-19 ; True ; 101 270 295 316 554 654  ; 2 2 3 1 1 1 2 2 1 1 1 2 3 1 1 4 
1.3e+04 ; 1.125e-18 ; True ; 64 101 295 316 554 654  ; 3 2 3 1 1 1 2 2 1 1 1 2 2 2 1 3 
1.5e+04 ; 3.069e-18 ; True ; 64 270 295 316 554 654  ; 2 3 2 1 1 1 3 3 1 1 1 3 3 2 1 3 
1.5e+04 ; 4.2e-18 ; True ; 64 295 316 378 554 654  ; 2 3 3 1 1 2 3 2 1 1 1 2 3 2 1 3 
1.8e+04 ; 7.162e-18 ; True ; 64 101 270 295 475 554 654  ; 3 3 3 1 1 1 3 3 1 1 1 3 3 2 1 4 
1.9e+04 ; 8.714e-18 ; True ; 64 101 295 316 378 554 654  ; 3 3 4 1 1 2 3 2 1 1 1 2 3 2 1 4 
2e+04 ; 9.646e-18 ; True ; 64 103 316 378 452 554 654  ; 2 3 4 1 1 1 4 3 1 1 1 3 4 2 1 4 
2.1e+04 ; 2.6e-17 ; True ; 64 168 295 378 475 554 654  ; 2 3 4 1 1 2 4 2 2 1 1 2 4 3 1 4 
2.5e+04 ; 4.179e-17 ; True ; 64 101 168 270 295 475 554 654  ; 3 3 4 1 1 1 4 3 2 1 1 3 4 3 1 5 
2.6e+04 ; 4.768e-17 ; True ; 64 101 168 295 316 378 554 654  ; 3 3 5 1 1 2 4 2 2 1 1 2 4 3 1 5 
2.7e+04 ; 5.117e-17 ; True ; 64 168 211 295 316 378 554 654  ; 2 3 4 1 2 2 4 2 2 1 1 2 4 3 1 4 
2.7e+04 ; 5.596e-17 ; True ; 64 168 270 295 316 490 554 654  ; 3 3 3 1 1 1 4 3 2 2 1 3 4 3 1 4 
2.7e+04 ; 6.908e-17 ; True ; 64 156 168 295 372 475 554 654  ; 3 3 4 1 1 2 3 3 2 1 1 2 4 3 2 3 
2.8e+04 ; 7.52e-17 ; True ; 64 270 316 378 461 475 554 654  ; 2 4 3 2 1 1 4 3 1 1 2 3 4 2 2 4 
2.8e+04 ; 1.343e-16 ; True ; 64 168 295 316 378 461 554 654  ; 3 3 4 2 1 2 4 2 2 2 1 2 4 3 1 4 
3.3e+04 ; 1.929e-16 ; True ; 64 101 168 270 295 461 475 554 654  ; 4 3 4 2 1 1 4 3 2 2 1 3 4 3 1 5 
3.4e+04 ; 2.085e-16 ; True ; 64 156 168 295 316 372 543 554 654  ; 3 3 4 2 1 2 4 4 2 1 1 2 4 3 2 3 
3.4e+04 ; 2.201e-16 ; True ; 64 101 168 295 316 378 461 554 654  ; 4 3 5 2 1 2 4 2 2 2 1 2 4 3 1 5 
3.5e+04 ; 2.644e-16 ; True ; 64 168 211 295 316 378 461 554 654  ; 3 3 4 2 2 2 4 2 2 2 1 2 4 3 1 4 
3.5e+04 ; 3.188e-16 ; True ; 64 156 168 295 316 372 461 554 654  ; 4 3 4 2 1 2 3 3 2 2 1 2 4 3 2 3 
3.5e+04 ; 3.368e-16 ; True ; 64 156 168 372 378 461 475 554 654  ; 3 4 5 2 1 2 4 3 2 1 1 2 5 3 2 4 
3.6e+04 ; 4.379e-16 ; True ; 64 168 270 295 316 461 475 554 654  ; 3 3 3 2 1 1 4 3 2 2 2 3 4 3 2 4 
3.6e+04 ; 5.328e-16 ; True ; 64 168 295 316 378 461 475 554 654  ; 3 3 4 2 1 2 4 2 2 2 2 2 4 3 2 4 
4.2e+04 ; 6.766e-16 ; True ; 64 101 270 295 314 316 378 475 554 654  ; 3 4 4 1 2 2 4 3 2 1 2 3 5 2 2 6 
4.3e+04 ; 7.218e-16 ; True ; 64 156 168 295 372 461 475 543 554 654  ; 4 3 4 3 1 2 4 4 2 2 1 2 4 3 2 3 
4.3e+04 ; 7.736e-16 ; True ; 64 156 166 168 295 316 372 461 554 654  ; 4 3 5 2 1 2 4 4 2 2 1 2 5 3 2 4 
4.3e+04 ; 8.73e-16 ; True ; 64 101 168 295 316 378 461 475 554 654  ; 4 3 5 2 1 2 4 2 2 2 2 2 4 3 2 5 
4.3e+04 ; 8.889e-16 ; True ; 7 64 168 295 316 378 461 475 554 654  ; 4 3 4 2 1 2 5 2 2 2 2 2 5 3 2 5 
4.4e+04 ; 1.009e-15 ; True ; 64 168 211 270 295 316 378 461 554 654  ; 3 4 4 2 2 2 5 3 2 2 1 3 5 3 1 5 
4.4e+04 ; 1.22e-15 ; True ; 64 156 168 270 295 372 461 475 554 654  ; 4 4 4 2 1 2 4 4 2 2 1 3 5 3 2 4 
4.5e+04 ; 2.034e-15 ; True ; 64 168 270 295 316 378 461 475 554 654  ; 3 4 4 2 1 2 5 3 2 2 2 3 5 3 2 5 
5.2e+04 ; 2.263e-15 ; True ; 64 101 168 270 295 314 316 378 475 554 654  ; 3 4 5 1 2 2 5 3 3 1 2 3 6 3 2 7 
5.3e+04 ; 2.401e-15 ; True ; 64 156 168 182 270 295 372 461 475 554 654  ; 4 4 4 2 2 2 4 4 2 2 1 3 5 3 2 4 
5.3e+04 ; 2.487e-15 ; True ; 64 156 168 295 314 316 372 378 543 554 654  ; 3 4 5 2 2 3 5 4 3 1 1 2 6 3 2 5 
5.3e+04 ; 2.721e-15 ; True ; 64 156 168 295 314 372 461 475 543 554 654  ; 4 3 4 3 2 2 4 4 3 2 1 2 5 3 2 4 
5.3e+04 ; 3.06e-15 ; True ; 7 64 168 270 295 316 378 461 475 554 654  ; 4 4 4 2 1 2 6 3 2 2 2 3 6 3 2 6 
5.4e+04 ; 4.003e-15 ; True ; 64 168 211 270 295 316 378 461 475 554 654  ; 3 4 4 2 2 2 5 3 2 2 2 3 5 3 2 5 
5.4e+04 ; 4.2e-15 ; True ; 64 156 168 270 295 314 372 461 475 554 654  ; 4 4 4 2 2 2 4 4 3 2 1 3 6 3 2 5 
5.5e+04 ; 6.759e-15 ; True ; 64 168 270 295 314 316 378 461 475 554 654  ; 3 4 4 2 2 2 5 3 3 2 2 3 6 3 2 6 
6.4e+04 ; 8.611e-15 ; True ; 64 156 168 295 314 372 378 461 475 543 554 654  ; 4 4 5 3 2 3 5 4 3 2 1 2 6 3 2 5 
6.4e+04 ; 9.747e-15 ; True ; 7 64 168 270 295 314 316 378 461 475 554 654  ; 4 4 4 2 2 2 6 3 3 2 2 3 7 3 2 7 
6.5e+04 ; 1.045e-14 ; True ; 64 103 168 295 308 314 316 378 461 475 554 654  ; 3 4 5 2 2 2 5 4 3 2 2 3 6 3 2 6 
6.5e+04 ; 1.25e-14 ; True ; 64 156 168 270 295 314 316 372 461 475 554 654  ; 4 4 4 2 2 2 4 4 3 2 2 3 6 3 3 5 
6.6e+04 ; 1.66e-14 ; True ; 64 103 168 270 295 314 316 378 461 475 554 654  ; 3 4 5 2 2 2 6 4 3 2 2 4 7 3 2 7 
7.5e+04 ; 1.802e-14 ; True ; 7 64 156 168 270 295 314 316 372 461 475 554 654  ; 5 4 4 2 2 2 5 4 3 2 2 3 7 3 3 6 
7.6e+04 ; 2.144e-14 ; True ; 7 64 156 168 270 295 314 316 378 461 475 554 654  ; 4 5 5 2 2 3 6 3 3 2 2 3 7 3 2 7 
7.7e+04 ; 3.384e-14 ; True ; 64 103 156 168 295 314 316 372 378 461 475 554 654  ; 4 4 6 2 2 3 5 4 3 2 2 3 7 3 3 6 
7.8e+04 ; 3.42e-14 ; True ; 64 103 168 261 295 314 316 372 378 461 475 554 654  ; 4 4 5 3 2 2 6 4 3 2 2 3 8 3 3 7 
8.8e+04 ; 4.712e-14 ; True ; 7 64 156 168 270 295 314 316 372 378 461 475 554 654  ; 5 5 5 2 2 3 6 4 3 2 2 3 8 3 3 7 
9e+04 ; 7.197e-14 ; True ; 64 156 168 261 270 295 314 316 372 378 461 475 554 654  ; 4 6 5 3 2 3 6 4 3 2 2 3 8 3 3 7 
1.02e+05 ; 9.409e-14 ; True ; 64 156 168 261 268 270 295 314 316 372 378 461 475 554 654  ; 4 6 5 3 2 3 6 4 4 2 2 3 8 3 3 7 
1.04e+05 ; 1.132e-13 ; True ; 64 103 156 168 196 270 295 314 316 372 378 461 475 554 654  ; 5 5 6 2 2 3 6 5 4 2 2 4 8 3 3 7 
1.17e+05 ; 1.408e-13 ; True ; 64 71 103 156 168 261 295 314 316 372 378 461 475 554 564 654  ; 4 6 6 3 3 3 7 4 3 2 2 3 9 3 3 8 
1.18e+05 ; 2.027e-13 ; True ; 64 71 103 156 168 261 295 314 316 372 378 461 471 475 554 654  ; 4 6 6 3 3 3 7 4 3 3 2 3 8 3 3 8 
1.34e+05 ; 3.146e-13 ; True ; 64 71 103 156 168 261 295 314 316 372 378 461 471 475 554 571 654  ; 4 6 6 3 3 3 7 5 3 4 2 3 8 3 3 8 
1.5e+05 ; 3.49e-13 ; True ; 64 156 168 261 268 270 295 314 316 341 372 378 461 475 506 554 571 654  ; 5 6 5 3 3 3 7 6 4 3 2 3 8 3 3 8 
1.51e+05 ; 3.729e-13 ; True ; 64 71 103 156 168 197 261 295 314 316 372 378 461 471 475 554 571 654  ; 5 6 6 3 3 3 8 5 3 4 2 3 8 3 3 8 
1.52e+05 ; 4.074e-13 ; True ; 64 103 119 156 168 196 270 295 314 316 372 378 461 475 506 554 571 654  ; 5 5 6 2 3 3 7 6 4 3 2 4 8 4 3 8 
1.67e+05 ; 5.411e-13 ; True ; 4 64 94 103 156 168 261 270 295 314 316 372 378 475 506 511 554 571 654  ; 5 6 6 2 3 3 9 6 3 4 2 4 9 4 3 9 
1.85e+05 ; 5.953e-13 ; True ; 6 64 94 103 156 168 261 270 314 316 334 372 378 453 475 554 571 595 650 654  ; 4 6 6 3 4 3 8 7 3 3 2 4 10 3 3 9 
1.85e+05 ; 6.277e-13 ; True ; 4 64 94 103 156 168 261 270 295 314 316 360 372 378 475 506 511 554 571 654  ; 5 6 6 2 3 3 10 7 3 4 2 4 10 4 3 9 
1.88e+05 ; 6.359e-13 ; True ; 64 103 156 168 235 261 295 314 316 328 372 378 461 471 475 506 554 571 647 654  ; 6 6 6 3 3 4 7 5 3 5 2 3 9 3 3 8 
1.88e+05 ; 9.07e-13 ; True ; 1 64 71 103 156 168 261 270 295 314 316 372 378 461 475 506 536 554 629 654  ; 4 7 6 3 5 3 9 5 3 3 2 4 9 3 4 10 
2.08e+05 ; 1.037e-12 ; True ; 64 103 156 168 235 261 295 314 316 328 372 378 461 471 475 506 554 571 592 647 654  ; 7 6 6 3 3 4 7 5 4 6 2 3 9 3 3 8 
2.08e+05 ; 1.073e-12 ; True ; 1 6 35 64 103 168 261 270 295 314 316 372 378 453 475 511 554 571 592 650 654  ; 5 5 5 3 4 3 9 7 4 5 2 4 11 3 3 9 
2.23e+05 ; 1.105e-12 ; True ; 4 6 17 64 94 103 156 168 261 270 314 316 372 378 453 475 506 511 554 571 650 654  ; 4 6 6 3 4 3 10 7 3 4 2 4 10 4 3 10 
2.25e+05 ; 1.515e-12 ; True ; 6 17 35 64 94 103 156 168 261 270 295 314 316 372 378 453 475 506 554 571 650 654  ; 5 6 6 3 4 4 9 7 3 5 2 4 11 3 3 10 
2.47e+05 ; 1.828e-12 ; True ; 6 17 35 64 94 103 156 168 261 270 295 314 316 372 378 453 475 506 511 554 571 650 654  ; 5 6 6 3 4 4 10 7 3 6 2 4 11 3 3 10 
2.68e+05 ; 1.86e-12 ; True ; 6 17 35 64 94 103 156 168 261 270 295 314 316 372 378 453 475 506 511 541 554 571 650 654  ; 5 6 6 3 4 4 10 7 3 6 2 4 11 3 3 11 
2.89e+05 ; 1.871e-12 ; True ; 1 17 64 94 103 106 133 151 156 168 261 270 314 316 372 378 461 475 488 506 554 571 629 647 654  ; 6 6 6 3 4 3 8 6 4 5 2 4 11 4 3 11 
2.91e+05 ; 2.235e-12 ; True ; 1 6 17 35 64 94 103 156 168 261 270 314 316 372 378 453 475 506 511 554 571 573 592 650 654  ; 5 6 6 3 5 3 10 7 4 6 2 4 12 3 3 10 
2.91e+05 ; 2.458e-12 ; True ; 6 17 35 64 94 103 156 168 261 270 276 295 314 316 372 378 453 475 506 511 541 554 571 650 654  ; 5 6 6 3 4 4 10 7 3 6 2 4 11 4 3 12 
3.14e+05 ; 2.629e-12 ; True ; 1 6 64 94 103 106 133 156 168 169 261 270 314 316 372 378 453 475 488 506 511 554 571 629 647 654  ; 5 6 6 4 4 4 10 6 4 4 2 4 12 4 3 11 
3.4e+05 ; 3.252e-12 ; True ; 1 6 64 94 103 106 133 156 168 169 261 270 314 316 372 378 453 475 488 506 511 554 571 629 647 648 654  ; 5 6 6 4 4 4 10 6 4 4 2 5 12 4 3 11 
3.66e+05 ; 3.578e-12 ; True ; 1 6 17 64 94 103 106 133 156 168 169 261 270 294 314 316 372 378 453 475 488 506 511 554 571 629 647 654  ; 5 6 6 4 4 4 10 7 4 5 2 4 12 4 3 11 
3.67e+05 ; 3.891e-12 ; True ; 1 6 64 94 103 106 133 156 168 169 261 270 294 314 316 372 378 453 475 488 506 511 536 554 571 629 647 654  ; 5 6 6 4 4 4 10 7 4 4 2 4 12 4 4 11 
3.95e+05 ; 4.898e-12 ; True ; 1 6 64 94 103 106 133 156 168 169 220 261 270 294 314 316 372 378 453 475 488 506 511 536 554 571 629 647 654  ; 5 6 7 4 4 4 10 8 4 4 2 4 12 4 4 12 
4.27e+05 ; 5.912e-12 ; True ; 6 17 64 94 103 106 133 156 165 168 175 184 261 270 294 314 316 372 378 453 461 475 488 506 511 536 554 571 647 654  ; 8 6 6 5 3 4 10 8 4 5 2 4 12 4 4 11 
4.57e+05 ; 7.092e-12 ; True ; 6 17 64 94 103 106 133 156 165 168 175 184 261 270 278 294 314 316 372 378 453 461 475 488 506 511 536 554 571 647 654  ; 8 6 6 6 3 4 10 8 4 5 2 4 12 4 4 12 
4.88e+05 ; 7.249e-12 ; True ; 6 17 64 94 103 106 133 156 165 168 175 184 261 270 278 294 314 316 372 378 453 461 474 475 488 506 511 536 554 571 647 654  ; 8 6 6 6 3 4 11 8 4 5 2 4 12 4 4 12 

RUN 2:
Optimum Distance: 0

Optimal Team: 
Required Skills: 1 6 14 15 22 23 34 36 39 40 43 46 48 50 51 57 
Distance; Skill Score; isValid; Team; Skill Counts
6000 ; 9.475e-21 ; True ; 295 475 554 654  ; 1 1 2 1 1 1 1 1 1 1 1 1 2 1 1 2 
8002 ; 3.281e-20 ; True ; 101 295 316 554 654  ; 2 1 3 1 1 1 1 1 1 1 1 1 2 1 1 3 
9001 ; 5.17e-20 ; True ; 7 295 475 554 654  ; 2 1 2 1 1 1 2 1 1 1 1 1 3 1 1 3 
1e+04 ; 4.308e-19 ; True ; 64 295 316 554 654  ; 2 2 2 1 1 1 2 2 1 1 1 2 2 2 1 2 
1.2e+04 ; 6.565e-19 ; True ; 101 270 295 316 554 654  ; 2 2 3 1 1 1 2 2 1 1 1 2 3 1 1 4 
1.3e+04 ; 1.125e-18 ; True ; 64 101 295 316 554 654  ; 3 2 3 1 1 1 2 2 1 1 1 2 2 2 1 3 
1.4e+04 ; 1.335e-18 ; True ; 7 64 295 475 554 654  ; 3 2 2 1 1 1 3 2 1 1 1 2 3 2 1 3 
1.5e+04 ; 4.2e-18 ; True ; 64 295 316 378 554 654  ; 2 3 3 1 1 2 3 2 1 1 1 2 3 2 1 3 
1.8e+04 ; 7.162e-18 ; True ; 64 101 270 295 316 554 654  ; 3 3 3 1 1 1 3 3 1 1 1 3 3 2 1 4 
1.9e+04 ; 8.714e-18 ; True ; 64 101 295 316 378 554 654  ; 3 3 4 1 1 2 3 2 1 1 1 2 3 2 1 4 
2e+04 ; 9.97e-18 ; True ; 64 270 295 316 554 593 654  ; 2 3 2 1 1 1 4 3 2 1 1 3 4 2 1 4 
2.1e+04 ; 2.6e-17 ; True ; 64 168 295 316 378 554 654  ; 2 3 4 1 1 2 4 2 2 1 1 2 4 3 1 4 
2.5e+04 ; 4.179e-17 ; True ; 64 101 168 270 295 316 554 654  ; 3 3 4 1 1 1 4 3 2 1 1 3 4 3 1 5 
2.6e+04 ; 4.768e-17 ; True ; 64 101 168 295 378 475 554 654  ; 3 3 5 1 1 2 4 2 2 1 1 2 4 3 1 5 
2.7e+04 ; 5.117e-17 ; True ; 64 168 211 295 316 378 554 654  ; 2 3 4 1 2 2 4 2 2 1 1 2 4 3 1 4 
2.7e+04 ; 6.908e-17 ; True ; 64 156 168 295 316 372 554 654  ; 3 3 4 1 1 2 3 3 2 1 1 2 4 3 2 3 
2.8e+04 ; 1.343e-16 ; True ; 64 168 295 378 461 475 554 654  ; 3 3 4 2 1 2 4 2 2 2 1 2 4 3 1 4 
3.3e+04 ; 1.929e-16 ; True ; 64 101 168 270 295 316 461 554 654  ; 4 3 4 2 1 1 4 3 2 2 1 3 4 3 1 5 
3.4e+04 ; 2.201e-16 ; True ; 64 101 168 295 378 461 475 554 654  ; 4 3 5 2 1 2 4 2 2 2 1 2 4 3 1 5 
3.4e+04 ; 2.241e-16 ; True ; 7 64 168 295 378 461 475 554 654  ; 4 3 4 2 1 2 5 2 2 2 1 2 5 3 1 5 
3.5e+04 ; 2.644e-16 ; True ; 64 168 211 295 378 461 475 554 654  ; 3 3 4 2 2 2 4 2 2 2 1 2 4 3 1 4 
3.5e+04 ; 3.368e-16 ; True ; 64 156 168 372 378 461 475 554 654  ; 3 4 5 2 1 2 4 3 2 1 1 2 5 3 2 4 
3.6e+04 ; 5.328e-16 ; True ; 64 168 295 316 378 461 475 554 654  ; 3 3 4 2 1 2 4 2 2 2 2 2 4 3 2 4 
4.2e+04 ; 5.594e-16 ; True ; 64 168 270 295 378 475 490 510 554 654  ; 3 4 4 1 2 2 6 3 2 2 1 3 5 3 1 5 
4.2e+04 ; 8.108e-16 ; True ; 64 101 168 270 295 316 378 461 554 654  ; 4 4 5 2 1 2 5 3 2 2 1 3 5 3 1 6 
4.4e+04 ; 1.049e-15 ; True ; 64 168 211 295 316 378 461 475 554 654  ; 3 3 4 2 2 2 4 2 2 2 2 2 4 3 2 4 
4.4e+04 ; 1.22e-15 ; True ; 64 156 168 270 295 372 461 475 554 654  ; 4 4 4 2 1 2 4 4 2 2 1 3 5 3 2 4 
4.5e+04 ; 2.034e-15 ; True ; 64 168 270 295 316 378 461 475 554 654  ; 3 4 4 2 1 2 5 3 2 2 2 3 5 3 2 5 
5.2e+04 ; 2.219e-15 ; True ; 64 168 270 295 316 378 475 490 510 554 654  ; 3 4 4 1 2 2 6 3 2 2 2 3 5 3 2 5 
5.2e+04 ; 3.216e-15 ; True ; 64 101 168 270 295 316 378 461 475 554 654  ; 4 4 5 2 1 2 5 3 2 2 2 3 5 3 2 6 
5.4e+04 ; 4.003e-15 ; True ; 64 168 211 270 295 316 378 461 475 554 654  ; 3 4 4 2 2 2 5 3 2 2 2 3 5 3 2 5 
5.4e+04 ; 4.378e-15 ; True ; 64 168 270 295 316 378 461 475 510 554 654  ; 3 4 4 2 2 2 6 3 2 2 2 3 5 3 2 5 
5.5e+04 ; 6.759e-15 ; True ; 64 168 270 295 314 316 378 461 475 554 654  ; 3 4 4 2 2 2 5 3 3 2 2 3 6 3 2 6 
6.2e+04 ; 6.924e-15 ; True ; 64 101 168 270 295 316 378 461 475 510 554 654  ; 4 4 5 2 2 2 6 3 2 2 2 3 5 3 2 6 
6.3e+04 ; 7.814e-15 ; True ; 64 101 168 270 295 314 316 372 378 461 554 654  ; 5 4 5 2 2 2 5 4 3 2 1 3 7 3 2 7 
6.4e+04 ; 8.102e-15 ; True ; 64 156 168 270 295 316 372 461 475 510 554 654  ; 4 4 4 2 2 2 5 4 2 2 2 3 5 3 3 4 
6.5e+04 ; 8.956e-15 ; True ; 64 158 168 211 270 295 316 378 461 475 554 654  ; 4 4 4 2 2 2 5 4 3 2 2 3 5 3 2 5 
6.5e+04 ; 1.077e-14 ; True ; 64 156 168 270 295 316 372 378 461 475 554 654  ; 4 5 5 2 1 3 5 4 2 2 2 3 6 3 3 5 
6.6e+04 ; 1.319e-14 ; True ; 64 111 168 270 295 314 372 378 461 475 554 654  ; 5 4 4 2 2 2 6 4 3 2 2 3 7 3 2 6 
7.4e+04 ; 1.558e-14 ; True ; 64 156 168 270 316 372 378 461 475 490 510 554 654  ; 4 5 5 2 2 2 6 4 2 2 2 3 6 3 3 5 
7.6e+04 ; 1.726e-14 ; True ; 64 137 168 211 270 295 316 378 461 475 490 554 654  ; 4 5 4 2 2 2 5 4 3 3 2 3 5 3 2 6 
7.6e+04 ; 2.319e-14 ; True ; 64 156 168 270 295 316 372 378 461 475 510 554 654  ; 4 5 5 2 2 3 6 4 2 2 2 3 6 3 3 5 
7.7e+04 ; 2.357e-14 ; True ; 64 168 211 270 295 314 316 372 378 461 475 554 654  ; 4 4 4 2 3 2 5 4 3 2 2 3 7 3 3 6 
7.7e+04 ; 2.526e-14 ; True ; 64 156 168 270 295 316 372 378 461 475 554 650 654  ; 4 5 5 2 2 3 5 5 2 2 2 3 6 3 3 5 
7.8e+04 ; 2.602e-14 ; True ; 64 103 168 270 295 316 372 378 461 475 554 650 654  ; 4 4 5 2 2 2 6 6 2 2 2 4 7 3 3 6 
8.7e+04 ; 2.919e-14 ; True ; 64 156 168 270 295 316 372 461 475 510 543 554 593 654  ; 4 4 4 3 2 2 7 5 3 2 2 3 6 3 3 5 
8.8e+04 ; 3.128e-14 ; True ; 64 111 156 168 270 316 372 378 461 475 490 554 650 654  ; 5 5 5 2 2 2 6 5 2 2 3 3 6 3 3 5 
8.8e+04 ; 3.246e-14 ; True ; 64 111 156 168 270 295 314 316 372 461 543 554 593 654  ; 5 4 4 3 2 2 7 5 4 2 2 3 7 3 2 6 
8.9e+04 ; 3.303e-14 ; True ; 64 137 168 270 295 314 316 378 461 475 490 522 554 654  ; 4 5 4 2 2 2 5 4 4 3 2 3 6 4 2 7 
8.9e+04 ; 4.141e-14 ; True ; 8 64 156 168 270 295 316 372 378 461 475 510 554 654  ; 4 5 6 2 2 3 7 4 2 2 2 4 6 3 3 6 
8.9e+04 ; 5.458e-14 ; True ; 64 156 168 270 295 314 316 372 378 461 475 554 593 654  ; 4 5 5 2 2 3 6 4 4 2 2 3 8 3 3 7 
9e+04 ; 5.496e-14 ; True ; 64 103 156 168 270 295 316 372 378 461 475 554 650 654  ; 4 5 6 2 2 3 6 6 2 2 2 4 7 3 3 6 
1.01e+05 ; 5.531e-14 ; True ; 64 111 156 168 214 270 295 372 378 461 475 543 554 650 654  ; 5 5 5 3 2 3 7 6 2 3 2 3 6 3 2 5 
1.01e+05 ; 6.507e-14 ; True ; 8 64 71 156 166 168 270 295 316 378 461 475 543 554 654  ; 3 6 7 3 2 3 9 5 2 2 2 4 6 3 2 8 
1.02e+05 ; 7.081e-14 ; True ; 64 111 137 156 168 270 295 372 378 461 475 490 554 650 654  ; 6 6 5 2 2 3 6 6 3 3 2 3 6 3 2 6 
1.02e+05 ; 7.23e-14 ; True ; 28 64 156 168 270 295 316 372 378 461 475 543 554 593 654  ; 4 5 5 3 2 3 7 5 3 2 2 3 7 3 3 6 
1.02e+05 ; 8.424e-14 ; True ; 64 111 156 168 270 295 316 372 378 461 475 543 554 650 654  ; 5 5 5 3 2 3 7 6 2 2 3 3 6 3 3 5 
1.03e+05 ; 9.601e-14 ; True ; 64 156 168 270 295 314 316 372 378 461 475 554 593 650 654  ; 4 5 5 2 3 3 6 5 4 2 2 3 8 3 3 7 
1.04e+05 ; 1.059e-13 ; True ; 8 64 71 137 156 168 270 295 316 372 378 461 475 554 654  ; 4 7 6 2 2 3 7 5 3 2 2 4 6 3 3 8 
1.15e+05 ; 1.087e-13 ; True ; 64 71 111 156 168 268 270 295 372 378 461 475 543 554 650 654  ; 5 6 5 3 3 3 8 6 3 2 2 3 6 3 2 6 
1.16e+05 ; 1.088e-13 ; True ; 64 111 137 156 168 270 295 372 378 461 475 490 554 593 650 654  ; 6 6 5 2 2 3 7 6 4 3 2 3 7 3 2 7 
1.16e+05 ; 1.234e-13 ; True ; 64 111 156 168 214 270 295 316 372 378 461 475 543 554 650 654  ; 5 5 5 3 2 3 7 6 2 3 3 3 6 3 3 5 
1.17e+05 ; 1.236e-13 ; True ; 8 64 111 137 156 168 270 295 316 372 378 461 490 554 650 654  ; 6 6 6 2 2 3 7 6 3 3 2 4 6 3 2 7 
1.17e+05 ; 1.325e-13 ; True ; 64 156 168 270 295 314 316 372 378 436 461 475 554 593 650 654  ; 5 5 5 2 3 3 7 6 4 2 2 3 8 3 3 7 
1.17e+05 ; 1.48e-13 ; True ; 8 64 111 156 168 270 295 316 372 378 461 475 543 554 650 654  ; 5 5 6 3 2 3 8 6 2 2 3 4 6 3 3 6 
1.18e+05 ; 1.638e-13 ; True ; 64 137 156 168 270 295 314 316 372 378 461 475 554 593 650 654  ; 4 6 5 2 3 3 6 6 5 2 2 3 8 3 3 8 
1.19e+05 ; 1.874e-13 ; True ; 8 64 71 111 137 156 168 270 295 316 372 378 461 475 554 654  ; 5 7 6 2 2 3 8 5 3 2 3 4 6 3 3 8 
1.31e+05 ; 1.875e-13 ; True ; 28 64 111 156 168 214 270 295 316 372 378 461 475 543 554 593 654  ; 5 5 5 3 2 3 8 5 3 3 3 3 7 3 3 6 
1.31e+05 ; 2.16e-13 ; True ; 64 111 137 156 168 270 284 295 316 372 378 461 475 543 554 650 654  ; 5 6 6 3 2 3 7 7 3 2 3 3 6 3 3 7 
1.32e+05 ; 2.428e-13 ; True ; 64 111 137 156 168 270 295 316 372 378 461 475 490 554 593 650 654  ; 6 6 5 2 2 3 7 6 4 3 3 3 7 3 3 7 
1.32e+05 ; 2.477e-13 ; True ; 64 111 137 156 168 210 270 295 316 372 378 461 475 490 554 650 654  ; 6 6 5 3 2 3 6 6 3 3 3 3 6 3 3 7 
1.33e+05 ; 2.757e-13 ; True ; 8 64 111 137 156 168 270 295 316 372 378 461 475 490 554 650 654  ; 6 6 6 2 2 3 7 6 3 3 3 4 6 3 3 7 
1.34e+05 ; 2.989e-13 ; True ; 8 64 71 111 137 156 168 270 295 316 372 378 461 475 490 554 654  ; 6 7 6 2 2 3 8 5 3 3 3 4 6 3 3 8 
1.34e+05 ; 3.167e-13 ; True ; 8 64 71 111 137 156 168 270 295 316 372 378 461 475 554 650 654  ; 5 7 6 2 3 3 8 6 3 2 3 4 6 3 3 8 
1.48e+05 ; 3.605e-13 ; True ; 8 64 111 137 156 168 268 270 295 316 372 378 461 475 490 554 650 654  ; 6 6 6 2 2 3 7 6 4 3 3 4 6 3 3 7 
1.49e+05 ; 3.667e-13 ; True ; 8 64 137 156 168 210 270 295 316 372 378 461 475 490 554 593 650 654  ; 5 6 6 3 2 3 7 6 4 3 2 4 7 3 3 9 
1.49e+05 ; 3.677e-13 ; True ; 64 111 137 156 168 270 295 316 358 372 378 461 475 490 554 593 650 654  ; 6 6 5 2 3 3 7 6 4 3 3 3 8 3 3 7 
1.49e+05 ; 4.102e-13 ; True ; 8 64 111 137 156 168 270 295 316 372 378 461 475 490 554 593 650 654  ; 6 6 6 2 2 3 8 6 4 3 3 4 7 3 3 8 
1.5e+05 ; 4.142e-13 ; True ; 64 71 111 137 156 168 270 295 316 344 372 378 461 475 490 554 650 654  ; 7 7 5 2 3 3 7 6 3 4 3 3 6 3 3 7 
1.51e+05 ; 4.302e-13 ; True ; 8 35 64 71 111 137 156 168 270 295 316 372 378 461 475 490 554 654  ; 7 7 6 2 2 3 8 5 3 4 3 4 7 3 3 8 
1.51e+05 ; 5.052e-13 ; True ; 8 64 71 111 137 156 168 270 295 316 344 372 378 461 475 554 650 654  ; 6 7 6 2 3 3 8 6 3 3 3 4 6 3 3 8 
1.66e+05 ; 5.428e-13 ; True ; 8 64 111 137 156 168 255 270 295 316 372 378 461 475 490 554 593 650 654  ; 6 6 6 2 2 4 8 6 4 3 3 4 7 3 3 8 
1.66e+05 ; 6.262e-13 ; True ; 8 64 111 137 156 168 210 270 295 316 372 378 461 475 490 554 593 650 654  ; 6 6 6 3 2 3 8 6 4 3 3 4 7 3 3 9 
1.68e+05 ; 6.999e-13 ; True ; 8 64 71 111 137 156 168 270 295 316 344 372 378 461 475 490 554 650 654  ; 7 7 6 2 3 3 8 6 3 4 3 4 6 3 3 8 
1.69e+05 ; 7.025e-13 ; True ; 8 64 71 111 137 156 168 196 270 295 316 344 372 378 461 475 554 650 654  ; 7 7 6 2 3 3 8 6 4 3 3 4 6 3 3 8 
1.84e+05 ; 7.52e-13 ; True ; 8 64 111 137 156 168 255 270 295 316 372 378 461 475 483 490 554 593 650 654  ; 7 6 6 2 2 4 8 6 4 4 3 4 7 3 3 8 
1.85e+05 ; 8.681e-13 ; True ; 8 64 111 137 156 168 242 255 270 295 316 372 378 461 475 490 554 593 650 654  ; 6 6 6 2 2 4 8 6 5 3 3 4 7 4 3 8 
1.85e+05 ; 9.15e-13 ; True ; 8 64 71 111 137 156 168 268 270 295 316 344 372 378 461 475 490 554 650 654  ; 7 7 6 2 3 3 8 6 4 4 3 4 6 3 3 8 
1.86e+05 ; 9.262e-13 ; True ; 8 64 71 111 137 156 168 255 270 295 316 344 372 378 461 475 490 554 650 654  ; 7 7 6 2 3 4 8 6 3 4 3 4 6 3 3 8 
2.04e+05 ; 1.11e-12 ; True ; 8 28 64 111 137 156 168 255 270 295 316 372 378 461 475 483 490 554 593 650 654  ; 7 6 6 2 3 4 8 6 4 4 3 4 7 3 3 8 
2.05e+05 ; 1.241e-12 ; True ; 8 28 64 111 137 156 157 168 270 295 316 372 378 461 475 483 490 554 593 650 654  ; 7 6 6 3 3 3 8 6 4 4 3 4 7 3 3 8 
2.06e+05 ; 1.272e-12 ; True ; 8 28 64 111 137 156 158 168 255 270 295 316 318 372 378 461 475 554 593 650 654  ; 7 6 6 2 3 4 8 8 5 3 3 4 7 3 3 8 
2.25e+05 ; 1.305e-12 ; True ; 8 28 50 64 111 137 156 158 168 255 270 295 316 318 372 378 461 475 554 593 650 654  ; 7 6 6 2 3 4 8 8 5 3 3 4 8 3 3 8 
2.25e+05 ; 1.643e-12 ; True ; 8 28 64 111 137 156 157 168 255 270 295 316 372 378 461 475 483 490 554 593 650 654  ; 7 6 6 3 3 4 8 6 4 4 3 4 7 3 3 8 
2.26e+05 ; 1.722e-12 ; True ; 8 28 64 111 137 156 157 158 168 255 270 295 316 372 378 461 475 490 554 593 650 654  ; 7 6 6 3 3 4 8 7 5 3 3 4 7 3 3 8 
2.26e+05 ; 1.774e-12 ; True ; 8 28 64 111 137 156 157 158 168 270 295 316 372 378 461 475 483 490 554 593 650 654  ; 8 6 6 3 3 3 8 7 5 4 3 4 7 3 3 8 
2.47e+05 ; 2.348e-12 ; True ; 8 28 64 111 137 156 157 158 168 255 270 295 316 372 378 461 475 483 490 554 593 650 654  ; 8 6 6 3 3 4 8 7 5 4 3 4 7 3 3 8 
2.69e+05 ; 2.437e-12 ; True ; 8 18 28 64 111 137 156 157 158 168 255 270 295 316 372 378 461 475 483 490 554 593 650 654  ; 8 6 6 3 3 4 9 7 5 4 3 4 7 3 3 8 
2.7e+05 ; 3.169e-12 ; True ; 8 28 64 111 137 156 157 158 168 255 270 295 316 372 378 461 475 483 488 490 554 593 650 654  ; 9 6 6 3 3 4 8 7 5 4 3 4 7 4 3 8 
2.93e+05 ; 3.251e-12 ; True ; 8 27 28 64 111 137 156 157 158 168 255 270 295 316 372 378 461 475 483 488 490 554 593 650 654  ; 9 6 6 3 3 4 8 7 5 4 3 4 8 4 3 8 

RUN 3:
Optimum Distance: 0

Optimal Team: 
Required Skills: 1 6 14 15 22 23 34 36 39 40 43 46 48 50 51 57 
Distance; Skill Score; isValid; Team; Skill Counts
6000 ; 9.475e-21 ; True ; 295 475 554 654  ; 1 1 2 1 1 1 1 1 1 1 1 1 2 1 1 2 
8002 ; 3.281e-20 ; True ; 101 295 475 554 654  ; 2 1 3 1 1 1 1 1 1 1 1 1 2 1 1 3 
1e+04 ; 4.308e-19 ; True ; 64 295 475 554 654  ; 2 2 2 1 1 1 2 2 1 1 1 2 2 2 1 2 
1.2e+04 ; 6.565e-19 ; True ; 101 270 295 316 554 654  ; 2 2 3 1 1 1 2 2 1 1 1 2 3 1 1 4 
1.3e+04 ; 1.125e-18 ; True ; 64 101 295 316 554 654  ; 3 2 3 1 1 1 2 2 1 1 1 2 2 2 1 3 
1.5e+04 ; 3.069e-18 ; True ; 64 270 295 316 554 654  ; 2 3 2 1 1 1 3 3 1 1 1 3 3 2 1 3 
1.5e+04 ; 4.2e-18 ; True ; 64 295 378 475 554 654  ; 2 3 3 1 1 2 3 2 1 1 1 2 3 2 1 3 
1.8e+04 ; 7.162e-18 ; True ; 64 101 270 295 316 554 654  ; 3 3 3 1 1 1 3 3 1 1 1 3 3 2 1 4 
1.9e+04 ; 8.714e-18 ; True ; 64 101 295 378 475 554 654  ; 3 3 4 1 1 2 3 2 1 1 1 2 3 2 1 4 
2e+04 ; 8.908e-18 ; True ; 64 156 295 316 372 554 654  ; 3 3 3 1 1 2 2 3 1 1 1 2 3 2 2 2 
2.1e+04 ; 2.6e-17 ; True ; 64 168 295 378 475 554 654  ; 2 3 4 1 1 2 4 2 2 1 1 2 4 3 1 4 
2.5e+04 ; 4.179e-17 ; True ; 64 101 168 270 295 475 554 654  ; 3 3 4 1 1 1 4 3 2 1 1 3 4 3 1 5 
2.6e+04 ; 4.768e-17 ; True ; 64 101 168 295 316 378 554 654  ; 3 3 5 1 1 2 4 2 2 1 1 2 4 3 1 5 
2.7e+04 ; 5.117e-17 ; True ; 64 168 211 295 316 378 554 654  ; 2 3 4 1 2 2 4 2 2 1 1 2 4 3 1 4 
2.7e+04 ; 5.596e-17 ; True ; 64 168 270 295 475 490 554 654  ; 3 3 3 1 1 1 4 3 2 2 1 3 4 3 1 4 
2.7e+04 ; 6.908e-17 ; True ; 64 156 168 295 372 475 554 654  ; 3 3 4 1 1 2 3 3 2 1 1 2 4 3 2 3 
2.8e+04 ; 1.343e-16 ; True ; 64 168 295 316 378 461 554 654  ; 3 3 4 2 1 2 4 2 2 2 1 2 4 3 1 4 
3.3e+04 ; 1.929e-16 ; True ; 64 101 168 270 295 461 475 554 654  ; 4 3 4 2 1 1 4 3 2 2 1 3 4 3 1 5 
3.4e+04 ; 2.085e-16 ; True ; 64 156 168 295 372 475 543 554 654  ; 3 3 4 2 1 2 4 4 2 1 1 2 4 3 2 3 
3.4e+04 ; 2.201e-16 ; True ; 64 101 168 295 316 378 461 554 654  ; 4 3 5 2 1 2 4 2 2 2 1 2 4 3 1 5 
3.5e+04 ; 3.188e-16 ; True ; 64 156 168 295 316 372 461 554 654  ; 4 3 4 2 1 2 3 3 2 2 1 2 4 3 2 3 
3.6e+04 ; 5.328e-16 ; True ; 64 168 295 316 378 461 475 554 654  ; 3 3 4 2 1 2 4 2 2 2 2 2 4 3 2 4 
4.2e+04 ; 8.108e-16 ; True ; 64 101 168 270 295 316 378 461 554 654  ; 4 4 5 2 1 2 5 3 2 2 1 3 5 3 1 6 
4.4e+04 ; 9.845e-16 ; True ; 64 168 211 295 372 378 461 475 554 654  ; 4 3 4 2 2 2 4 3 2 2 1 2 5 3 2 4 
4.4e+04 ; 1.22e-15 ; True ; 64 156 168 270 295 316 372 461 554 654  ; 4 4 4 2 1 2 4 4 2 2 1 3 5 3 2 4 
4.5e+04 ; 2.034e-15 ; True ; 64 168 270 295 316 378 461 475 554 654  ; 3 4 4 2 1 2 5 3 2 2 2 3 5 3 2 5 
5.2e+04 ; 3.216e-15 ; True ; 64 101 168 270 295 316 378 461 475 554 654  ; 4 4 5 2 1 2 5 3 2 2 2 3 5 3 2 6 
5.4e+04 ; 4.04e-15 ; True ; 64 156 168 295 314 316 372 378 461 554 654  ; 4 4 5 2 2 3 4 3 3 2 1 2 6 3 2 5 
5.5e+04 ; 6.759e-15 ; True ; 64 168 270 295 314 316 378 461 475 554 654  ; 3 4 4 2 2 2 5 3 3 2 2 3 6 3 2 6 
6.3e+04 ; 8.039e-15 ; True ; 64 101 168 270 295 316 378 461 475 554 650 654  ; 4 4 5 2 2 2 5 4 2 2 2 3 5 3 2 6 
6.4e+04 ; 8.611e-15 ; True ; 64 156 168 295 314 372 378 461 475 543 554 654  ; 4 4 5 3 2 3 5 4 3 2 1 2 6 3 2 5 
6.5e+04 ; 1.026e-14 ; True ; 64 103 168 211 270 295 316 378 461 475 554 654  ; 3 4 5 2 2 2 6 4 2 2 2 4 6 3 2 6 
6.5e+04 ; 1.202e-14 ; True ; 64 156 168 295 314 316 372 378 461 475 554 654  ; 4 4 5 2 2 3 4 3 3 2 2 2 6 3 3 5 
6.6e+04 ; 1.596e-14 ; True ; 64 168 270 295 314 316 372 378 461 475 554 654  ; 4 4 4 2 2 2 5 4 3 2 2 3 7 3 3 6 
7.5e+04 ; 1.771e-14 ; True ; 64 101 168 261 270 295 316 378 461 475 554 650 654  ; 4 5 5 3 2 2 6 4 2 2 2 3 6 3 2 7 
7.6e+04 ; 2.291e-14 ; True ; 64 156 168 270 316 372 378 461 475 510 554 592 654  ; 4 5 5 2 2 2 6 4 3 2 2 3 6 3 3 5 
7.7e+04 ; 2.62e-14 ; True ; 64 156 168 270 295 316 372 378 461 475 554 592 654  ; 5 5 5 2 1 3 5 4 3 3 2 3 6 3 3 5 
7.7e+04 ; 2.972e-14 ; True ; 64 103 156 168 314 316 372 378 461 475 554 592 654  ; 4 4 6 2 2 2 5 4 4 2 2 3 7 3 3 6 
7.8e+04 ; 3.633e-14 ; True ; 64 103 168 270 295 314 316 372 378 461 475 554 654  ; 4 4 5 2 2 2 6 5 3 2 2 4 8 3 3 7 
8.8e+04 ; 3.73e-14 ; True ; 64 111 156 168 270 316 372 378 461 543 554 592 650 654  ; 5 5 5 3 2 2 7 6 3 2 2 3 6 3 2 5 
8.9e+04 ; 3.96e-14 ; True ; 64 103 111 156 168 211 295 316 372 378 461 554 592 654  ; 6 4 6 2 2 3 6 4 3 3 2 3 6 3 2 5 
8.9e+04 ; 4.26e-14 ; True ; 64 156 270 295 314 316 372 378 461 475 510 554 592 654  ; 5 5 4 2 3 3 5 4 3 3 2 3 6 2 3 5 
8.9e+04 ; 5.103e-14 ; True ; 64 111 156 168 270 295 314 316 372 378 461 554 650 654  ; 5 5 5 2 3 3 6 5 3 2 2 3 7 3 2 6 
8.9e+04 ; 5.461e-14 ; True ; 64 111 156 168 270 295 314 372 378 461 475 543 554 654  ; 5 5 5 3 2 3 7 5 3 2 2 3 7 3 2 6 
9e+04 ; 5.953e-14 ; True ; 64 103 156 168 295 314 316 372 378 461 475 554 650 654  ; 4 4 6 2 3 3 5 5 3 2 2 3 7 3 3 6 
9e+04 ; 7.316e-14 ; True ; 64 103 156 168 295 314 316 372 378 461 475 554 592 654  ; 5 4 6 2 2 3 5 4 4 3 2 3 7 3 3 6 
9.1e+04 ; 8.045e-14 ; True ; 64 103 156 168 270 295 314 316 378 461 475 554 592 654  ; 4 5 6 2 2 3 6 4 4 3 2 4 7 3 2 7 
1.02e+05 ; 8.1e-14 ; True ; 64 103 156 168 268 270 295 314 316 372 461 475 554 592 654  ; 5 4 5 2 2 2 5 5 5 3 2 4 7 3 3 6 
1.02e+05 ; 8.726e-14 ; True ; 64 103 137 156 168 211 295 316 372 378 461 475 543 554 654  ; 4 5 6 3 2 3 6 6 3 2 2 3 6 3 3 6 
1.02e+05 ; 9.064e-14 ; True ; 64 103 156 168 270 295 316 372 378 475 510 543 554 592 654  ; 4 5 6 2 2 3 8 6 3 2 2 4 7 3 3 6 
1.03e+05 ; 1.004e-13 ; True ; 64 103 156 270 295 314 316 372 378 461 475 510 554 592 654  ; 5 5 5 2 3 3 6 5 3 3 2 4 7 2 3 6 
1.03e+05 ; 1.064e-13 ; True ; 64 111 156 168 270 295 314 372 378 461 475 554 592 650 654  ; 6 5 5 2 3 3 6 5 4 3 2 3 7 3 2 6 
1.03e+05 ; 1.411e-13 ; True ; 64 103 156 168 295 314 316 372 378 461 475 543 554 592 654  ; 5 4 6 3 2 3 6 5 4 3 2 3 7 3 3 6 
1.05e+05 ; 1.448e-13 ; True ; 64 103 111 156 168 270 295 314 316 378 461 475 554 592 654  ; 5 5 6 2 2 3 7 4 4 3 3 4 7 3 2 7 
1.17e+05 ; 1.495e-13 ; True ; 64 103 156 168 295 314 316 372 378 380 461 475 543 554 592 654  ; 5 4 6 3 2 3 6 5 4 3 2 3 7 3 3 7 
1.17e+05 ; 1.547e-13 ; True ; 64 111 156 168 268 270 295 314 316 378 461 475 543 554 592 654  ; 5 5 5 3 2 3 7 4 5 3 3 3 6 3 2 6 
1.17e+05 ; 1.62e-13 ; True ; 64 103 111 156 168 211 295 314 316 372 378 461 543 554 592 654  ; 6 4 6 3 3 3 7 5 4 3 2 3 7 3 2 6 
1.17e+05 ; 1.855e-13 ; True ; 64 103 111 156 168 295 314 372 378 461 475 543 554 592 650 654  ; 6 4 6 3 3 3 7 6 4 3 2 3 7 3 2 6 
1.18e+05 ; 2.128e-13 ; True ; 64 103 111 156 168 270 295 316 372 378 461 475 510 554 592 654  ; 6 5 6 2 2 3 8 5 3 3 3 4 7 3 3 6 
1.18e+05 ; 2.334e-13 ; True ; 64 103 111 156 168 270 295 314 316 372 378 461 475 554 650 654  ; 5 5 6 2 3 3 7 6 3 2 3 4 8 3 3 7 
1.18e+05 ; 2.449e-13 ; True ; 64 103 111 156 168 295 314 316 372 378 461 475 543 554 592 654  ; 6 4 6 3 2 3 7 5 4 3 3 3 7 3 3 6 
1.19e+05 ; 2.681e-13 ; True ; 64 103 111 156 168 270 295 314 316 378 461 475 543 554 592 654  ; 5 5 6 3 2 3 8 5 4 3 3 4 7 3 2 7 
1.33e+05 ; 3.287e-13 ; True ; 64 103 111 156 168 268 270 295 314 316 378 461 475 543 554 592 654  ; 5 5 6 3 2 3 8 5 5 3 3 4 7 3 2 7 
1.33e+05 ; 3.495e-13 ; True ; 64 103 156 168 211 270 295 299 316 372 378 461 475 543 554 592 654  ; 6 6 6 3 2 3 7 6 3 3 2 4 7 4 3 6 
1.33e+05 ; 3.606e-13 ; True ; 64 103 111 156 168 211 270 295 316 372 378 461 475 543 554 592 654  ; 6 5 6 3 2 3 8 6 3 3 3 4 7 3 3 6 
1.33e+05 ; 4.14e-13 ; True ; 64 103 111 156 168 295 314 316 372 378 461 475 543 554 592 650 654  ; 6 4 6 3 3 3 7 6 4 3 3 3 7 3 3 6 
1.34e+05 ; 4.868e-13 ; True ; 64 103 111 156 168 270 295 314 316 372 378 461 475 554 592 650 654  ; 6 5 6 2 3 3 7 6 4 3 3 4 8 3 3 7 
1.49e+05 ; 5.279e-13 ; True ; 64 103 156 168 211 270 295 299 316 372 378 453 461 475 543 554 592 654  ; 6 6 6 3 2 4 8 6 3 3 2 4 8 4 3 7 
1.5e+05 ; 5.361e-13 ; True ; 8 64 103 111 156 168 211 270 295 316 372 378 461 475 554 592 650 654  ; 6 5 7 2 3 3 8 6 3 3 3 5 7 3 3 7 
1.5e+05 ; 8.428e-13 ; True ; 64 103 111 156 168 270 295 314 316 372 378 461 475 543 554 592 650 654  ; 6 5 6 3 3 3 8 7 4 3 3 4 8 3 3 7 
1.67e+05 ; 8.701e-13 ; True ; 64 103 111 156 168 211 270 295 299 316 372 378 453 461 475 543 554 592 654  ; 7 6 6 3 2 4 9 6 3 3 3 4 8 4 3 7 
1.68e+05 ; 1.348e-12 ; True ; 64 103 111 156 168 242 270 295 314 316 372 378 461 475 543 554 592 650 654  ; 6 5 6 3 3 3 8 7 5 3 3 4 8 4 3 7 
1.87e+05 ; 1.398e-12 ; True ; 64 103 111 137 156 168 181 259 270 295 314 316 372 378 461 475 554 592 650 654  ; 6 6 6 2 3 3 7 7 5 4 3 4 8 3 4 8 
1.87e+05 ; 1.675e-12 ; True ; 14 64 103 111 156 168 242 270 295 314 316 372 378 461 475 543 554 592 650 654  ; 6 5 6 3 3 3 9 7 6 3 3 4 9 4 3 7 
1.87e+05 ; 1.849e-12 ; True ; 64 103 111 156 168 242 270 295 314 316 372 378 431 461 475 543 554 592 650 654  ; 6 5 6 4 3 3 8 7 5 3 3 4 8 4 3 8 
2.06e+05 ; 1.915e-12 ; True ; 64 91 111 156 168 242 270 295 299 314 316 372 378 431 461 475 543 554 592 650 654  ; 7 6 5 5 3 3 7 6 5 3 3 3 8 5 3 8 
2.06e+05 ; 2.607e-12 ; True ; 35 64 103 111 156 168 242 270 295 314 316 372 378 431 461 475 543 554 592 650 654  ; 7 5 6 4 3 3 8 7 5 4 3 4 9 4 3 8 
2.27e+05 ; 3.111e-12 ; True ; 64 103 111 127 156 168 242 270 295 314 316 318 372 378 453 461 475 543 554 592 650 654  ; 8 5 6 3 3 4 9 8 5 4 3 4 9 4 3 8 
2.28e+05 ; 3.579e-12 ; True ; 64 103 111 137 156 168 220 242 270 295 314 316 372 378 431 461 475 543 554 592 650 654  ; 6 6 7 4 3 3 8 9 6 3 3 4 8 4 3 10 
2.48e+05 ; 3.745e-12 ; True ; 64 103 111 137 156 168 181 242 248 270 295 314 316 372 378 461 475 515 543 554 592 650 654  ; 7 6 6 3 3 3 9 8 6 4 3 5 8 4 3 8 
2.49e+05 ; 4.6e-12 ; True ; 64 103 111 137 156 168 181 220 242 259 270 295 314 316 372 378 461 475 543 554 592 650 654  ; 6 6 7 3 3 3 8 9 6 4 3 4 8 4 4 9 
2.5e+05 ; 5.002e-12 ; True ; 64 103 111 137 156 165 168 220 242 270 295 314 316 372 378 453 461 475 543 554 592 650 654  ; 6 6 7 4 3 4 9 9 6 3 3 4 9 4 3 10 
2.71e+05 ; 5.081e-12 ; True ; 64 103 111 137 156 168 181 242 248 270 295 314 316 372 378 431 461 475 515 543 554 592 650 654  ; 7 6 6 4 3 3 9 8 6 4 3 5 8 4 3 9 
2.72e+05 ; 6.193e-12 ; True ; 64 103 111 137 156 168 181 220 242 259 270 295 314 316 372 378 431 461 475 543 554 592 650 654  ; 6 6 7 4 3 3 8 9 6 4 3 4 8 4 4 10 
2.95e+05 ; 6.365e-12 ; True ; 64 103 111 137 156 168 181 220 242 248 270 295 314 316 372 378 431 461 475 515 543 554 592 650 654  ; 7 6 7 4 3 3 9 9 6 4 3 5 8 4 3 10 
2.96e+05 ; 7.949e-12 ; True ; 64 103 111 137 156 168 181 220 242 259 270 295 314 316 372 378 431 461 475 515 543 554 592 650 654  ; 6 6 7 4 3 3 9 9 6 4 3 5 8 4 4 10 
3.19e+05 ; 9.008e-12 ; True ; 13 64 103 111 137 156 168 181 220 242 259 270 295 314 316 372 378 431 461 475 515 543 554 592 650 654  ; 6 7 7 4 3 3 9 9 6 4 3 5 8 4 4 10 
3.21e+05 ; 9.723e-12 ; True ; 44 64 103 111 137 156 168 181 220 242 259 270 295 314 316 372 378 431 461 475 515 543 554 592 650 654  ; 6 6 7 4 3 3 9 9 6 4 3 5 8 5 4 10 
3.45e+05 ; 1.1e-11 ; True ; 13 64 103 111 137 156 168 181 220 242 259 270 295 314 316 372 378 431 461 475 515 543 554 592 629 650 654  ; 6 7 7 4 3 3 9 9 6 5 3 5 8 4 4 10 
3.47e+05 ; 1.132e-11 ; True ; 44 64 85 103 111 137 156 168 181 220 242 259 270 295 314 316 372 378 431 461 475 515 543 554 592 650 654  ; 6 6 7 4 3 3 9 9 7 4 3 5 8 5 4 11 
3.7e+05 ; 1.208e-11 ; True ; 10 44 64 103 111 137 156 168 181 220 242 259 270 295 314 316 372 378 431 461 475 515 543 554 592 629 650 654  ; 6 6 7 4 3 3 9 9 6 5 3 5 8 5 4 11 
3.74e+05 ; 1.299e-11 ; True ; 44 64 84 103 111 137 156 168 181 220 242 259 270 295 314 316 372 378 431 461 475 515 543 554 592 629 650 654  ; 7 6 7 4 3 3 10 9 6 5 3 5 8 5 4 10 
4.26e+05 ; 1.323e-11 ; True ; 8 64 101 103 111 156 161 168 187 270 287 295 314 316 370 372 375 378 451 461 462 475 506 513 522 543 554 592 650 654  ; 10 5 8 3 4 4 12 8 5 5 3 5 8 6 3 10 
4.56e+05 ; 1.349e-11 ; True ; 8 64 101 103 111 156 161 168 187 270 287 295 314 316 370 372 375 378 438 451 461 462 475 506 513 522 543 554 592 650 654  ; 11 5 8 3 4 4 12 8 5 5 3 5 8 6 3 10 
4.87e+05 ; 1.369e-11 ; True ; 8 64 101 103 111 156 161 168 187 270 287 295 314 316 339 370 372 375 378 438 451 461 462 475 506 513 522 543 554 592 650 654  ; 12 5 8 3 4 4 12 8 5 5 3 5 8 6 3 10 

RUN 4:
Optimum Distance: 0

Optimal Team: 
Required Skills: 1 6 14 15 22 23 34 36 39 40 43 46 48 50 51 57 
Distance; Skill Score; isValid; Team; Skill Counts
6000 ; 9.475e-21 ; True ; 295 475 554 654  ; 1 1 2 1 1 1 1 1 1 1 1 1 2 1 1 2 
8002 ; 3.281e-20 ; True ; 101 295 316 554 654  ; 2 1 3 1 1 1 1 1 1 1 1 1 2 1 1 3 
1e+04 ; 4.308e-19 ; True ; 64 295 475 554 654  ; 2 2 2 1 1 1 2 2 1 1 1 2 2 2 1 2 
1.2e+04 ; 6.565e-19 ; True ; 101 270 295 316 554 654  ; 2 2 3 1 1 1 2 2 1 1 1 2 3 1 1 4 
1.3e+04 ; 1.125e-18 ; True ; 64 101 295 316 554 654  ; 3 2 3 1 1 1 2 2 1 1 1 2 2 2 1 3 
1.5e+04 ; 3.069e-18 ; True ; 64 270 295 316 554 654  ; 2 3 2 1 1 1 3 3 1 1 1 3 3 2 1 3 
1.5e+04 ; 4.2e-18 ; True ; 64 295 316 378 554 654  ; 2 3 3 1 1 2 3 2 1 1 1 2 3 2 1 3 
1.8e+04 ; 7.162e-18 ; True ; 64 101 270 295 316 554 654  ; 3 3 3 1 1 1 3 3 1 1 1 3 3 2 1 4 
1.9e+04 ; 8.714e-18 ; True ; 64 101 295 378 475 554 654  ; 3 3 4 1 1 2 3 2 1 1 1 2 3 2 1 4 
2e+04 ; 9.646e-18 ; True ; 64 103 316 378 452 554 654  ; 2 3 4 1 1 1 4 3 1 1 1 3 4 2 1 4 
2.1e+04 ; 2.6e-17 ; True ; 64 168 295 316 378 554 654  ; 2 3 4 1 1 2 4 2 2 1 1 2 4 3 1 4 
2.5e+04 ; 4.179e-17 ; True ; 64 101 168 270 295 316 554 654  ; 3 3 4 1 1 1 4 3 2 1 1 3 4 3 1 5 
2.6e+04 ; 4.768e-17 ; True ; 64 101 168 295 316 378 554 654  ; 3 3 5 1 1 2 4 2 2 1 1 2 4 3 1 5 
2.7e+04 ; 6.908e-17 ; True ; 64 156 168 295 372 475 554 654  ; 3 3 4 1 1 2 3 3 2 1 1 2 4 3 2 3 
2.8e+04 ; 1.343e-16 ; True ; 64 168 295 316 378 461 554 654  ; 3 3 4 2 1 2 4 2 2 2 1 2 4 3 1 4 
3.3e+04 ; 1.929e-16 ; True ; 64 101 168 270 295 316 461 554 654  ; 4 3 4 2 1 1 4 3 2 2 1 3 4 3 1 5 
3.4e+04 ; 2.201e-16 ; True ; 64 101 168 295 378 461 475 554 654  ; 4 3 5 2 1 2 4 2 2 2 1 2 4 3 1 5 
3.5e+04 ; 3.368e-16 ; True ; 64 156 168 372 378 461 475 554 654  ; 3 4 5 2 1 2 4 3 2 1 1 2 5 3 2 4 
3.6e+04 ; 5.328e-16 ; True ; 64 168 295 316 378 461 475 554 654  ; 3 3 4 2 1 2 4 2 2 2 2 2 4 3 2 4 
4.2e+04 ; 5.594e-16 ; True ; 64 168 270 295 316 378 490 510 554 654  ; 3 4 4 1 2 2 6 3 2 2 1 3 5 3 1 5 
4.3e+04 ; 8.73e-16 ; True ; 64 101 168 295 316 378 461 475 554 654  ; 4 3 5 2 1 2 4 2 2 2 2 2 4 3 2 5 
4.4e+04 ; 1.22e-15 ; True ; 64 156 168 270 295 316 372 461 554 654  ; 4 4 4 2 1 2 4 4 2 2 1 3 5 3 2 4 
4.5e+04 ; 2.034e-15 ; True ; 64 168 270 295 316 378 461 475 554 654  ; 3 4 4 2 1 2 5 3 2 2 2 3 5 3 2 5 
5.2e+04 ; 2.219e-15 ; True ; 64 168 270 295 316 378 475 490 510 554 654  ; 3 4 4 1 2 2 6 3 2 2 2 3 5 3 2 5 
5.2e+04 ; 3.216e-15 ; True ; 64 101 168 270 295 316 378 461 475 554 654  ; 4 4 5 2 1 2 5 3 2 2 2 3 5 3 2 6 
5.4e+04 ; 4.003e-15 ; True ; 64 168 211 270 295 316 378 461 475 554 654  ; 3 4 4 2 2 2 5 3 2 2 2 3 5 3 2 5 
5.5e+04 ; 5.366e-15 ; True ; 64 168 270 295 314 316 372 378 461 554 654  ; 4 4 4 2 2 2 5 4 3 2 1 3 7 3 2 6 
6.2e+04 ; 6.33e-15 ; True ; 1 64 101 168 270 295 316 378 461 475 554 654  ; 4 4 5 2 2 2 5 3 2 2 2 3 5 3 2 6 
6.3e+04 ; 8.039e-15 ; True ; 64 101 168 270 295 316 378 461 475 554 650 654  ; 4 4 5 2 2 2 5 4 2 2 2 3 5 3 2 6 
6.4e+04 ; 8.577e-15 ; True ; 64 71 101 103 168 295 316 378 461 475 554 654  ; 4 4 6 2 2 2 6 3 2 2 2 3 5 3 2 7 
6.5e+04 ; 1.077e-14 ; True ; 64 156 168 270 295 316 372 378 461 475 554 654  ; 4 5 5 2 1 3 5 4 2 2 2 3 6 3 3 5 
6.6e+04 ; 1.345e-14 ; True ; 64 103 168 270 295 316 378 461 475 554 592 654  ; 4 4 5 2 1 2 6 4 3 3 2 4 6 3 2 6 
7.3e+04 ; 1.522e-14 ; True ; 1 64 101 103 168 270 295 316 378 461 475 554 654  ; 4 4 6 2 2 2 6 4 2 2 2 4 6 3 2 7 
7.4e+04 ; 1.54e-14 ; True ; 1 64 101 168 270 295 316 378 461 475 554 592 654  ; 5 4 5 2 2 2 5 3 3 3 2 3 5 3 2 6 
7.5e+04 ; 1.814e-14 ; True ; 64 101 103 168 270 295 316 378 461 475 554 650 654  ; 4 4 6 2 2 2 6 5 2 2 2 4 6 3 2 7 
7.5e+04 ; 2.259e-14 ; True ; 64 101 168 270 295 314 316 378 461 475 554 592 654  ; 5 4 5 2 2 2 5 3 4 3 2 3 6 3 2 7 
7.7e+04 ; 2.344e-14 ; True ; 64 168 211 270 295 316 372 378 461 475 554 592 654  ; 5 4 4 2 2 2 5 4 3 3 2 3 6 3 3 5 
7.7e+04 ; 2.647e-14 ; True ; 1 64 103 168 270 295 316 378 461 475 554 592 654  ; 4 4 5 2 2 2 6 4 3 3 2 4 6 3 2 6 
7.8e+04 ; 3.154e-14 ; True ; 64 103 168 270 295 316 378 461 475 554 592 650 654  ; 4 4 5 2 2 2 6 5 3 3 2 4 6 3 2 6 
8.6e+04 ; 3.702e-14 ; True ; 1 64 101 103 168 270 295 316 378 461 475 554 592 654  ; 5 4 6 2 2 2 6 4 3 3 2 4 6 3 2 7 
8.8e+04 ; 3.863e-14 ; True ; 64 101 103 156 168 270 295 316 378 461 475 554 592 654  ; 5 5 7 2 1 3 6 4 3 3 2 4 6 3 2 7 
8.8e+04 ; 4.015e-14 ; True ; 64 101 168 270 295 316 372 378 461 475 554 592 650 654  ; 6 4 5 2 2 2 5 5 3 3 2 3 6 3 3 6 
8.9e+04 ; 5.156e-14 ; True ; 64 156 168 211 270 295 316 372 378 461 475 554 592 654  ; 5 5 5 2 2 3 5 4 3 3 2 3 6 3 3 5 
9e+04 ; 5.931e-14 ; True ; 64 103 156 168 270 295 316 372 378 461 475 554 592 654  ; 5 5 6 2 1 3 6 5 3 3 2 4 7 3 3 6 
9.901e+04 ; 7.116e-14 ; True ; 64 101 156 168 211 270 295 316 372 378 461 475 554 592 654  ; 6 5 6 2 2 3 5 4 3 3 2 3 6 3 3 6 
1e+05 ; 7.456e-14 ; True ; 1 64 101 103 168 270 295 316 372 378 461 475 554 592 654  ; 6 4 6 2 2 2 6 5 3 3 2 4 7 3 3 7 
1.01e+05 ; 7.781e-14 ; True ; 64 101 103 156 168 270 295 316 372 378 461 475 554 592 654  ; 6 5 7 2 1 3 6 5 3 3 2 4 7 3 3 7 
1.02e+05 ; 8.537e-14 ; True ; 64 101 103 168 270 295 316 372 378 461 475 554 592 650 654  ; 6 4 6 2 2 2 6 6 3 3 2 4 7 3 3 7 
1.02e+05 ; 8.836e-14 ; True ; 1 64 103 111 156 168 295 316 372 378 461 475 554 592 654  ; 6 4 6 2 2 3 6 4 3 3 3 3 6 3 3 5 
1.03e+05 ; 1.092e-13 ; True ; 64 111 156 168 270 295 316 372 378 461 475 554 592 650 654  ; 6 5 5 2 2 3 6 5 3 3 3 3 6 3 3 5 
1.03e+05 ; 1.167e-13 ; True ; 1 64 103 156 168 270 295 316 372 378 461 475 554 592 654  ; 5 5 6 2 2 3 6 5 3 3 2 4 7 3 3 6 
1.04e+05 ; 1.337e-13 ; True ; 64 103 156 168 270 295 316 372 378 461 475 554 592 650 654  ; 5 5 6 2 2 3 6 6 3 3 2 4 7 3 3 6 
1.14e+05 ; 1.531e-13 ; True ; 1 64 101 103 156 168 270 295 316 372 378 461 475 554 592 654  ; 6 5 7 2 2 3 6 5 3 3 2 4 7 3 3 7 
1.16e+05 ; 1.987e-13 ; True ; 64 71 101 103 156 168 270 295 316 372 378 461 475 554 592 654  ; 6 6 7 2 2 3 7 5 3 3 2 4 7 3 3 8 
1.17e+05 ; 2.027e-13 ; True ; 1 64 103 111 156 168 270 295 316 372 378 461 475 554 592 654  ; 6 5 6 2 2 3 7 5 3 3 3 4 7 3 3 6 
1.19e+05 ; 2.029e-13 ; True ; 33 64 103 156 168 270 295 316 372 378 461 475 554 592 650 654  ; 5 5 6 3 2 3 6 6 3 3 2 4 8 3 3 6 
1.29e+05 ; 2.174e-13 ; True ; 64 101 111 156 168 211 270 295 316 372 378 461 475 554 592 650 654  ; 7 5 6 2 3 3 6 5 3 3 3 3 6 3 3 6 
1.29e+05 ; 2.597e-13 ; True ; 1 64 101 103 111 156 168 270 295 316 372 378 461 475 554 592 654  ; 7 5 7 2 2 3 7 5 3 3 3 4 7 3 3 7 
1.32e+05 ; 2.699e-13 ; True ; 1 8 64 103 111 156 168 295 316 372 378 461 475 554 592 650 654  ; 6 4 7 2 3 3 7 5 3 3 3 4 6 3 3 6 
1.33e+05 ; 3.093e-13 ; True ; 1 64 103 156 168 210 270 295 316 372 378 461 475 554 592 650 654  ; 5 5 6 3 3 3 6 6 3 3 2 4 7 3 3 7 
1.33e+05 ; 3.349e-13 ; True ; 1 64 103 156 158 168 270 295 316 372 378 461 475 543 554 592 654  ; 6 5 6 3 2 3 7 7 4 3 2 4 7 3 3 6 
1.45e+05 ; 3.397e-13 ; True ; 1 64 101 103 156 168 211 270 295 316 372 378 461 475 554 592 650 654  ; 6 5 7 2 4 3 6 6 3 3 2 4 7 3 3 7 
1.45e+05 ; 3.712e-13 ; True ; 1 64 71 101 111 156 168 210 270 295 316 372 378 461 475 554 592 654  ; 7 6 6 3 3 3 7 4 3 3 3 3 6 3 3 8 
1.45e+05 ; 3.986e-13 ; True ; 1 64 71 101 137 156 168 210 270 295 316 372 378 461 475 554 592 654  ; 6 7 6 3 3 3 6 5 4 3 2 3 6 3 3 9 
1.48e+05 ; 5.37e-13 ; True ; 1 64 103 111 156 168 210 270 295 316 372 378 461 475 554 592 650 654  ; 6 5 6 3 3 3 7 6 3 3 3 4 7 3 3 7 
1.5e+05 ; 5.604e-13 ; True ; 8 64 103 111 156 168 210 270 295 316 372 378 461 475 554 592 650 654  ; 6 5 7 3 2 3 8 6 3 3 3 5 7 3 3 8 
1.62e+05 ; 5.695e-13 ; True ; 1 8 64 101 111 156 168 210 270 295 316 372 378 461 475 554 592 650 654  ; 7 5 7 3 3 3 7 5 3 3 3 4 6 3 3 8 
1.62e+05 ; 5.791e-13 ; True ; 1 64 101 103 111 137 156 168 270 295 316 372 378 461 462 475 554 592 654  ; 7 6 7 2 2 3 7 6 5 3 3 4 7 3 3 8 
1.63e+05 ; 6.626e-13 ; True ; 1 8 64 101 103 111 156 168 270 295 316 372 378 461 475 554 592 650 654  ; 7 5 8 2 3 3 8 6 3 3 3 5 7 3 3 8 
1.63e+05 ; 6.974e-13 ; True ; 1 64 101 103 111 137 156 168 265 270 295 316 372 378 461 475 554 592 654  ; 7 6 7 2 3 3 7 6 4 3 3 4 7 3 3 8 
1.65e+05 ; 7.439e-13 ; True ; 1 64 103 111 156 168 210 270 295 316 372 378 461 475 490 554 592 650 654  ; 7 5 6 3 3 3 7 6 3 4 3 4 7 3 3 7 
1.66e+05 ; 8.273e-13 ; True ; 1 8 64 103 111 156 168 210 270 295 316 372 378 461 475 554 592 650 654  ; 6 5 7 3 3 3 8 6 3 3 3 5 7 3 3 8 
1.67e+05 ; 8.488e-13 ; True ; 8 64 103 111 156 168 210 270 295 316 372 378 415 461 475 554 592 650 654  ; 6 5 7 3 3 3 8 6 3 3 3 5 8 3 3 8 
1.81e+05 ; 8.549e-13 ; True ; 1 64 101 103 111 137 156 168 265 270 295 316 372 378 461 462 475 554 592 654  ; 7 6 7 2 3 3 7 6 5 3 3 4 7 3 3 8 
1.82e+05 ; 9.84e-13 ; True ; 1 8 64 71 101 103 111 156 168 270 295 316 372 378 452 461 475 554 592 654  ; 8 6 8 2 3 3 9 5 3 4 3 5 7 3 3 9 
1.82e+05 ; 9.967e-13 ; True ; 1 8 64 71 101 103 156 168 210 270 295 316 372 378 461 475 554 592 650 654  ; 6 6 8 3 4 3 8 6 3 3 2 5 7 3 3 10 
1.84e+05 ; 1.012e-12 ; True ; 1 64 103 111 156 168 210 270 295 316 372 378 461 475 490 503 554 592 650 654  ; 7 5 6 3 3 3 7 6 3 4 3 4 7 4 3 8 
1.84e+05 ; 1.114e-12 ; True ; 1 8 64 103 111 156 168 210 270 295 316 372 378 415 461 475 554 592 650 654  ; 6 5 7 3 4 3 8 6 3 3 3 5 8 3 3 8 
1.85e+05 ; 1.281e-12 ; True ; 1 8 64 71 91 103 111 156 168 270 295 316 372 378 452 461 475 554 592 654  ; 7 6 7 3 3 3 9 5 3 4 3 5 8 3 3 9 
2.02e+05 ; 1.34e-12 ; True ; 1 8 64 71 101 103 111 156 168 270 295 316 364 372 378 452 461 475 554 592 654  ; 8 6 8 2 3 4 10 5 3 4 3 5 7 3 3 9 
2.02e+05 ; 1.39e-12 ; True ; 1 8 50 64 71 103 111 156 168 210 270 295 316 372 378 461 475 554 592 650 654  ; 6 6 7 3 4 3 9 6 3 3 3 5 8 3 3 9 
2.03e+05 ; 1.49e-12 ; True ; 1 37 64 92 103 111 156 168 242 270 295 316 372 378 461 475 543 554 592 650 654  ; 6 5 7 3 3 3 8 7 4 3 3 4 7 5 3 7 
2.04e+05 ; 1.671e-12 ; True ; 1 8 64 71 91 103 111 156 168 241 270 295 316 372 378 452 461 475 554 592 654  ; 7 6 7 3 3 3 9 5 3 4 3 5 8 4 3 9 
2.05e+05 ; 1.714e-12 ; True ; 1 8 64 71 91 103 111 156 168 270 295 316 372 378 441 452 461 475 554 592 654  ; 7 6 7 3 3 3 9 5 4 4 3 5 8 3 3 10 
2.24e+05 ; 1.719e-12 ; True ; 1 8 64 71 91 103 111 156 168 241 270 295 316 372 378 452 461 475 550 554 592 654  ; 7 6 7 3 3 3 10 5 3 4 3 5 8 4 3 9 
2.24e+05 ; 1.799e-12 ; True ; 1 8 64 71 91 103 111 156 168 241 270 295 316 372 378 385 452 461 475 554 592 654  ; 8 6 7 3 3 3 10 5 3 4 3 5 8 4 3 9 
2.24e+05 ; 2.024e-12 ; True ; 1 37 64 92 103 111 156 168 242 270 295 316 372 378 461 475 543 554 592 647 650 654  ; 6 5 7 3 3 4 8 7 4 3 3 4 8 5 3 7 
2.24e+05 ; 2.223e-12 ; True ; 1 8 37 64 92 103 111 156 168 242 270 295 316 372 378 461 475 543 554 592 650 654  ; 6 5 8 3 3 3 9 7 4 3 3 5 7 5 3 8 
2.63e+05 ; 2.307e-12 ; True ; 1 8 13 37 64 101 103 111 156 211 242 270 295 316 358 372 378 461 475 543 554 592 650 654  ; 7 6 7 3 5 3 8 7 3 3 3 5 7 4 3 7 
2.63e+05 ; 2.486e-12 ; True ; 1 8 13 64 101 103 111 156 168 211 242 270 295 316 358 372 378 431 461 475 543 554 650 654  ; 6 6 8 4 5 3 9 7 3 2 3 5 8 4 3 9 
2.63e+05 ; 3.356e-12 ; True ; 1 8 13 37 64 101 103 111 156 168 211 242 270 295 316 372 378 431 461 475 543 554 592 654  ; 7 6 8 4 3 3 9 6 4 3 3 5 7 5 3 9 
2.65e+05 ; 3.71e-12 ; True ; 1 8 13 37 64 101 103 111 156 168 242 270 295 316 358 372 378 461 475 543 554 592 650 654  ; 7 6 8 3 4 3 9 7 4 3 3 5 8 5 3 8 
2.86e+05 ; 4.077e-12 ; True ; 1 8 13 64 101 103 111 141 156 168 211 242 270 295 316 358 372 378 461 475 543 554 592 650 654  ; 7 6 8 3 5 3 9 8 4 3 3 5 8 4 3 8 
2.87e+05 ; 4.565e-12 ; True ; 1 8 13 37 64 101 103 111 156 168 211 242 270 295 316 358 372 378 461 475 543 554 592 650 654  ; 7 6 8 3 5 3 9 7 4 3 3 5 8 5 3 8 
3.11e+05 ; 4.986e-12 ; True ; 1 8 13 37 64 101 103 111 141 156 168 211 242 270 295 316 358 372 378 461 475 543 554 592 650 654  ; 7 6 8 3 5 3 9 8 4 3 3 5 8 5 3 8 
3.11e+05 ; 6.194e-12 ; True ; 1 8 13 37 64 101 103 111 156 168 211 242 270 295 316 358 372 378 431 461 475 543 554 592 650 654  ; 7 6 8 4 5 3 9 7 4 3 3 5 8 5 3 9 
3.37e+05 ; 6.197e-12 ; True ; 1 8 13 37 64 101 103 111 141 156 168 211 230 242 270 295 316 358 372 378 461 475 543 554 592 650 654  ; 8 6 8 3 5 3 9 8 4 3 3 6 8 5 3 8 
3.37e+05 ; 7.413e-12 ; True ; 1 8 13 37 64 101 103 111 156 168 211 242 270 295 316 358 372 378 431 448 461 475 543 554 592 650 654  ; 8 6 8 4 5 3 10 8 4 3 3 5 9 5 3 9 
3.61e+05 ; 7.503e-12 ; True ; 1 8 13 37 64 101 103 111 156 168 211 242 243 270 295 316 358 372 378 431 448 461 475 543 554 592 650 654  ; 8 6 8 4 5 3 10 8 4 3 3 5 10 5 3 9 
3.64e+05 ; 8.758e-12 ; True ; 1 8 13 37 64 101 103 111 156 168 211 242 270 295 316 334 358 372 378 431 448 461 475 543 554 592 650 654  ; 8 6 8 4 6 3 10 8 4 3 3 5 9 5 3 9 

RUN 5:
Optimum Distance: 0

Optimal Team: 
Required Skills: 1 6 14 15 22 23 34 36 39 40 43 46 48 50 51 57 
Distance; Skill Score; isValid; Team; Skill Counts
6000 ; 9.475e-21 ; True ; 295 475 554 654  ; 1 1 2 1 1 1 1 1 1 1 1 1 2 1 1 2 
8002 ; 3.281e-20 ; True ; 101 295 475 554 654  ; 2 1 3 1 1 1 1 1 1 1 1 1 2 1 1 3 
9001 ; 5.17e-20 ; True ; 7 295 475 554 654  ; 2 1 2 1 1 1 2 1 1 1 1 1 3 1 1 3 
1e+04 ; 4.308e-19 ; True ; 64 295 475 554 654  ; 2 2 2 1 1 1 2 2 1 1 1 2 2 2 1 2 
1.2e+04 ; 6.565e-19 ; True ; 101 270 295 475 554 654  ; 2 2 3 1 1 1 2 2 1 1 1 2 3 1 1 4 
1.3e+04 ; 1.125e-18 ; True ; 64 101 295 316 554 654  ; 3 2 3 1 1 1 2 2 1 1 1 2 2 2 1 3 
1.4e+04 ; 1.335e-18 ; True ; 7 64 295 475 554 654  ; 3 2 2 1 1 1 3 2 1 1 1 2 3 2 1 3 
1.5e+04 ; 3.069e-18 ; True ; 64 270 295 475 554 654  ; 2 3 2 1 1 1 3 3 1 1 1 3 3 2 1 3 
1.5e+04 ; 4.2e-18 ; True ; 64 295 316 378 554 654  ; 2 3 3 1 1 2 3 2 1 1 1 2 3 2 1 3 
1.8e+04 ; 7.162e-18 ; True ; 64 101 270 295 316 554 654  ; 3 3 3 1 1 1 3 3 1 1 1 3 3 2 1 4 
1.9e+04 ; 8.714e-18 ; True ; 64 101 295 378 475 554 654  ; 3 3 4 1 1 2 3 2 1 1 1 2 3 2 1 4 
1.9e+04 ; 9.275e-18 ; True ; 7 64 378 461 475 554 654  ; 3 3 3 2 1 1 4 2 1 1 1 2 4 2 1 4 
2e+04 ; 9.646e-18 ; True ; 64 103 378 452 475 554 654  ; 2 3 4 1 1 1 4 3 1 1 1 3 4 2 1 4 
2.1e+04 ; 2.6e-17 ; True ; 64 168 295 316 378 554 654  ; 2 3 4 1 1 2 4 2 2 1 1 2 4 3 1 4 
2.5e+04 ; 4.179e-17 ; True ; 64 101 168 270 295 475 554 654  ; 3 3 4 1 1 1 4 3 2 1 1 3 4 3 1 5 
2.6e+04 ; 4.768e-17 ; True ; 64 101 168 295 316 378 554 654  ; 3 3 5 1 1 2 4 2 2 1 1 2 4 3 1 5 
2.7e+04 ; 5.086e-17 ; True ; 64 168 211 316 378 461 554 654  ; 2 3 4 2 2 1 4 2 2 1 1 2 4 3 1 4 
2.7e+04 ; 5.117e-17 ; True ; 64 168 211 295 316 378 554 654  ; 2 3 4 1 2 2 4 2 2 1 1 2 4 3 1 4 
2.7e+04 ; 5.596e-17 ; True ; 64 168 270 295 316 490 554 654  ; 3 3 3 1 1 1 4 3 2 2 1 3 4 3 1 4 
2.7e+04 ; 6.908e-17 ; True ; 64 156 168 295 316 372 554 654  ; 3 3 4 1 1 2 3 3 2 1 1 2 4 3 2 3 
2.8e+04 ; 1.343e-16 ; True ; 64 168 295 316 378 461 554 654  ; 3 3 4 2 1 2 4 2 2 2 1 2 4 3 1 4 
3.3e+04 ; 1.929e-16 ; True ; 64 101 168 270 295 461 475 554 654  ; 4 3 4 2 1 1 4 3 2 2 1 3 4 3 1 5 
3.4e+04 ; 2.201e-16 ; True ; 64 101 168 295 316 378 461 554 654  ; 4 3 5 2 1 2 4 2 2 2 1 2 4 3 1 5 
3.5e+04 ; 2.644e-16 ; True ; 64 168 211 295 316 378 461 554 654  ; 3 3 4 2 2 2 4 2 2 2 1 2 4 3 1 4 
3.5e+04 ; 3.368e-16 ; True ; 64 156 168 316 372 378 461 554 654  ; 3 4 5 2 1 2 4 3 2 1 1 2 5 3 2 4 
3.6e+04 ; 3.413e-16 ; True ; 64 168 295 314 316 461 475 554 654  ; 3 2 3 2 2 1 3 2 3 2 2 2 4 3 2 4 
3.6e+04 ; 5.328e-16 ; True ; 64 168 295 316 378 461 475 554 654  ; 3 3 4 2 1 2 4 2 2 2 2 2 4 3 2 4 
4.2e+04 ; 8.108e-16 ; True ; 64 101 168 270 295 378 461 475 554 654  ; 4 4 5 2 1 2 5 3 2 2 1 3 5 3 1 6 
4.3e+04 ; 8.73e-16 ; True ; 64 101 168 295 316 378 461 475 554 654  ; 4 3 5 2 1 2 4 2 2 2 2 2 4 3 2 5 
4.4e+04 ; 1.009e-15 ; True ; 64 168 211 270 295 378 461 475 554 654  ; 3 4 4 2 2 2 5 3 2 2 1 3 5 3 1 5 
4.4e+04 ; 1.031e-15 ; True ; 64 168 270 295 316 378 475 490 554 654  ; 3 4 4 1 1 2 5 3 2 2 2 3 5 3 2 5 
4.4e+04 ; 1.104e-15 ; True ; 64 168 270 295 316 378 461 510 554 654  ; 3 4 4 2 2 2 6 3 2 2 1 3 5 3 1 5 
4.4e+04 ; 1.22e-15 ; True ; 64 156 168 270 295 316 372 461 554 654  ; 4 4 4 2 1 2 4 4 2 2 1 3 5 3 2 4 
4.5e+04 ; 2.034e-15 ; True ; 64 168 270 295 316 378 461 475 554 654  ; 3 4 4 2 1 2 5 3 2 2 2 3 5 3 2 5 
5.2e+04 ; 3.216e-15 ; True ; 64 101 168 270 295 316 378 461 475 554 654  ; 4 4 5 2 1 2 5 3 2 2 2 3 5 3 2 6 
5.4e+04 ; 3.24e-15 ; True ; 64 168 211 270 295 372 378 461 475 554 654  ; 4 4 4 2 2 2 5 4 2 2 1 3 6 3 2 5 
5.4e+04 ; 3.569e-15 ; True ; 64 168 270 295 316 378 461 475 490 554 654  ; 4 4 4 2 1 2 5 3 2 3 2 3 5 3 2 5 
5.4e+04 ; 4.378e-15 ; True ; 64 168 270 295 316 378 461 475 510 554 654  ; 3 4 4 2 2 2 6 3 2 2 2 3 5 3 2 5 
5.5e+04 ; 6.759e-15 ; True ; 64 168 270 295 314 316 378 461 475 554 654  ; 3 4 4 2 2 2 5 3 3 2 2 3 6 3 2 6 
6.3e+04 ; 1.045e-14 ; True ; 64 101 168 270 295 314 316 378 461 475 554 654  ; 4 4 5 2 2 2 5 3 3 2 2 3 6 3 2 7 
6.5e+04 ; 1.186e-14 ; True ; 64 168 270 295 314 316 378 461 475 490 554 654  ; 4 4 4 2 2 2 5 3 3 3 2 3 6 3 2 6 
6.5e+04 ; 1.25e-14 ; True ; 64 156 168 270 295 314 316 372 461 475 554 654  ; 4 4 4 2 2 2 4 4 3 2 2 3 6 3 3 5 
6.6e+04 ; 1.66e-14 ; True ; 64 103 168 270 295 314 316 378 461 475 554 654  ; 3 4 5 2 2 2 6 4 3 2 2 4 7 3 2 7 
7.4e+04 ; 1.728e-14 ; True ; 64 101 168 270 295 314 316 378 461 475 490 554 654  ; 5 4 5 2 2 2 5 3 3 3 2 3 6 3 2 7 
7.5e+04 ; 2.147e-14 ; True ; 64 101 168 270 295 314 316 378 461 475 543 554 654  ; 4 4 5 3 2 2 6 4 3 2 2 3 6 3 2 7 
7.6e+04 ; 2.276e-14 ; True ; 64 156 168 270 295 314 316 372 378 461 543 554 654  ; 4 5 5 3 2 3 6 5 3 2 1 3 7 3 2 6 
7.7e+04 ; 2.914e-14 ; True ; 64 103 168 270 295 314 316 378 461 475 490 554 654  ; 4 4 5 2 2 2 6 4 3 3 2 4 7 3 2 7 
7.7e+04 ; 3.511e-14 ; True ; 64 156 168 270 295 314 316 372 378 461 475 554 654  ; 4 5 5 2 2 3 5 4 3 2 2 3 7 3 3 6 
7.8e+04 ; 3.809e-14 ; True ; 64 103 168 270 295 314 316 378 461 475 554 592 654  ; 4 4 5 2 2 2 6 4 4 3 2 4 7 3 2 7 
8.8e+04 ; 3.94e-14 ; True ; 1 64 103 156 168 295 316 372 378 461 475 543 554 654  ; 4 4 6 3 2 3 6 5 2 2 2 3 6 3 3 5 
8.9e+04 ; 4.158e-14 ; True ; 64 103 111 156 168 270 314 316 372 378 452 461 554 654  ; 5 5 6 2 2 2 7 5 3 2 2 4 8 3 2 7 
8.9e+04 ; 5.806e-14 ; True ; 64 156 168 270 295 314 316 372 378 461 475 490 554 654  ; 5 5 5 2 2 3 5 4 3 3 2 3 7 3 3 6 
8.9e+04 ; 6.526e-14 ; True ; 64 103 156 168 295 314 316 372 378 461 475 543 554 654  ; 4 4 6 3 2 3 6 5 3 2 2 3 7 3 3 6 
9e+04 ; 7.674e-14 ; True ; 64 103 156 168 270 295 314 316 372 378 461 475 554 654  ; 4 5 6 2 2 3 6 5 3 2 2 4 8 3 3 7 
1.02e+05 ; 8.045e-14 ; True ; 64 103 156 168 268 270 295 314 316 378 461 475 490 554 654  ; 4 5 6 2 2 3 6 4 4 3 2 4 7 3 2 7 
1.02e+05 ; 9.325e-14 ; True ; 64 103 156 168 270 314 316 372 378 461 475 490 543 554 654  ; 4 5 6 3 2 2 7 6 3 2 2 4 8 3 3 7 
1.02e+05 ; 9.744e-14 ; True ; 64 103 156 168 295 314 316 372 378 421 461 475 543 554 654  ; 4 4 6 3 2 3 6 5 3 2 3 3 7 3 3 6 
1.03e+05 ; 1.269e-13 ; True ; 64 103 156 168 270 295 314 316 372 378 461 475 490 554 654  ; 5 5 6 2 2 3 6 5 3 3 2 4 8 3 3 7 
1.04e+05 ; 1.381e-13 ; True ; 64 103 111 156 168 270 295 314 316 372 378 461 475 554 654  ; 5 5 6 2 2 3 7 5 3 2 3 4 8 3 3 7 
1.17e+05 ; 1.485e-13 ; True ; 6 64 103 156 168 268 270 295 314 316 372 378 461 475 554 654  ; 4 5 6 3 2 3 6 5 4 2 2 4 8 3 3 7 
1.17e+05 ; 2.296e-13 ; True ; 64 103 156 168 270 295 314 316 372 378 461 475 490 543 554 654  ; 5 5 6 3 2 3 7 6 3 3 2 4 8 3 3 7 
1.19e+05 ; 2.507e-13 ; True ; 64 71 103 156 168 242 270 295 314 316 372 378 461 475 554 654  ; 4 6 6 2 3 3 7 5 4 2 2 4 8 4 3 8 
1.31e+05 ; 3.001e-13 ; True ; 64 103 156 168 268 270 295 314 316 372 378 461 475 490 543 554 654  ; 5 5 6 3 2 3 7 6 4 3 2 4 8 3 3 7 
1.33e+05 ; 3.019e-13 ; True ; 6 64 103 156 168 270 295 314 316 372 378 461 475 490 543 554 654  ; 5 5 6 4 2 3 7 6 3 3 2 4 8 3 3 7 
1.34e+05 ; 3.028e-13 ; True ; 6 64 71 103 111 168 270 295 314 316 372 378 452 461 475 554 654  ; 6 5 5 3 3 2 8 5 3 3 3 4 8 3 3 8 
1.34e+05 ; 3.34e-13 ; True ; 64 103 156 168 242 270 295 314 316 372 378 431 461 475 490 554 654  ; 5 5 6 3 2 3 6 5 4 3 2 4 8 4 3 8 
1.48e+05 ; 3.948e-13 ; True ; 6 64 103 156 168 268 270 295 314 316 372 378 461 475 490 543 554 654  ; 5 5 6 4 2 3 7 6 4 3 2 4 8 3 3 7 
1.5e+05 ; 6.141e-13 ; True ; 6 64 71 103 111 156 168 270 295 314 316 372 378 452 461 475 554 654  ; 6 6 6 3 3 3 8 5 3 3 3 4 8 3 3 8 
1.66e+05 ; 6.956e-13 ; True ; 1 64 71 103 111 156 168 270 295 314 316 372 378 452 461 475 510 554 654  ; 6 6 6 2 5 3 9 5 3 3 3 4 8 3 3 8 
1.67e+05 ; 7.079e-13 ; True ; 6 64 71 103 111 156 168 242 270 295 314 316 372 378 452 475 490 554 654  ; 6 6 6 2 3 3 8 5 4 3 3 4 8 4 3 8 
1.67e+05 ; 9.29e-13 ; True ; 1 64 71 103 111 156 168 242 270 295 314 316 372 378 452 461 475 554 654  ; 6 6 6 2 4 3 8 5 4 3 3 4 8 4 3 8 
1.69e+05 ; 9.508e-13 ; True ; 64 71 103 111 156 168 220 242 270 295 314 316 372 378 452 461 475 554 654  ; 6 6 7 2 3 3 8 6 4 3 3 4 8 4 3 9 
1.85e+05 ; 9.54e-13 ; True ; 6 64 71 94 103 111 156 168 220 242 270 295 316 372 378 452 461 475 554 654  ; 7 6 7 3 2 3 8 6 3 4 3 4 7 4 3 8 
1.86e+05 ; 1.11e-12 ; True ; 6 64 71 103 111 156 168 174 270 295 314 316 372 378 452 461 475 490 554 654  ; 7 6 6 3 3 3 8 5 3 4 3 4 8 4 3 8 
1.86e+05 ; 1.123e-12 ; True ; 6 64 71 103 111 156 168 220 270 295 314 316 372 378 452 461 475 510 554 654  ; 6 6 7 3 4 3 9 6 3 3 3 4 8 3 3 9 
1.87e+05 ; 1.407e-12 ; True ; 6 64 71 103 111 156 168 220 242 270 295 314 316 372 378 452 461 475 554 654  ; 6 6 7 3 3 3 8 6 4 3 3 4 8 4 3 9 
1.88e+05 ; 1.451e-12 ; True ; 6 64 71 103 111 112 156 168 242 270 295 314 316 372 378 461 475 490 554 654  ; 7 6 6 3 3 3 8 5 4 4 3 4 8 4 3 8 
2.05e+05 ; 1.949e-12 ; True ; 6 64 71 94 103 111 156 168 220 242 270 295 314 316 372 378 452 461 475 554 654  ; 7 6 7 3 3 3 8 6 4 4 3 4 8 4 3 9 
2.25e+05 ; 2.04e-12 ; True ; 6 64 71 94 103 111 155 156 168 220 242 270 295 314 316 372 378 452 461 475 554 654  ; 8 6 7 3 3 3 8 6 4 4 3 4 8 4 3 9 
2.26e+05 ; 2.788e-12 ; True ; 6 64 71 94 103 111 156 168 220 242 270 295 314 316 372 378 452 453 461 475 554 654  ; 7 6 7 3 3 4 9 6 4 4 3 4 9 4 3 10 
2.68e+05 ; 3.081e-12 ; True ; 1 64 91 103 111 112 156 168 220 242 270 295 314 316 352 372 378 452 461 475 490 554 595 654  ; 9 5 7 3 3 3 7 6 5 6 3 4 9 4 3 9 
2.73e+05 ; 3.902e-12 ; True ; 6 64 71 103 111 112 156 168 220 235 242 270 295 314 316 372 378 452 461 475 515 520 554 654  ; 8 7 7 4 3 3 9 6 4 4 3 5 8 4 3 9 
2.9e+05 ; 4.339e-12 ; True ; 1 6 64 91 103 111 112 156 168 220 242 270 295 314 316 352 372 378 452 461 475 490 515 554 654  ; 8 5 7 4 3 3 8 6 5 5 3 5 9 4 3 9 
2.96e+05 ; 4.378e-12 ; True ; 6 64 71 103 111 112 156 168 186 220 242 270 295 314 316 372 378 452 461 475 490 491 515 554 654  ; 8 7 7 3 3 3 9 6 4 5 3 6 9 4 3 9 
2.97e+05 ; 4.715e-12 ; True ; 6 64 71 103 111 112 156 168 186 220 235 242 270 295 314 316 372 378 452 461 475 515 520 554 654  ; 8 7 7 4 3 3 9 6 4 4 3 6 9 4 3 9 
3.15e+05 ; 5.056e-12 ; True ; 1 6 64 91 103 111 112 156 168 220 242 270 295 314 316 352 372 378 452 461 475 490 491 515 554 654  ; 8 6 7 4 3 3 8 6 5 5 3 5 9 4 3 9 
3.41e+05 ; 5.247e-12 ; True ; 1 6 64 91 103 111 112 156 168 220 242 270 295 314 316 352 372 378 411 452 461 475 490 491 515 554 654  ; 8 6 7 4 3 3 9 6 5 5 3 5 9 4 3 9 
3.65e+05 ; 5.31e-12 ; True ; 1 6 15 64 91 103 111 112 156 168 220 242 270 295 314 316 352 372 378 411 452 461 475 490 491 515 554 654  ; 8 6 7 4 3 3 9 6 5 5 3 5 10 4 3 9 
3.66e+05 ; 6.366e-12 ; True ; 1 6 64 91 103 111 112 156 168 220 242 270 295 314 316 352 372 378 452 461 475 490 491 515 550 554 595 654  ; 9 6 7 4 3 3 9 6 5 6 3 5 9 4 3 9 
3.94e+05 ; 6.549e-12 ; True ; 1 6 64 91 103 111 112 156 168 220 242 270 295 314 316 352 372 378 411 452 461 475 490 491 515 550 554 595 654  ; 9 6 7 4 3 3 10 6 5 6 3 5 9 4 3 9 

RUN 6:
Optimum Distance: 0

Optimal Team: 
Required Skills: 1 6 14 15 22 23 34 36 39 40 43 46 48 50 51 57 
Distance; Skill Score; isValid; Team; Skill Counts
6000 ; 9.475e-21 ; True ; 295 316 554 654  ; 1 1 2 1 1 1 1 1 1 1 1 1 2 1 1 2 
8002 ; 3.281e-20 ; True ; 101 295 475 554 654  ; 2 1 3 1 1 1 1 1 1 1 1 1 2 1 1 3 
1e+04 ; 4.308e-19 ; True ; 64 295 475 554 654  ; 2 2 2 1 1 1 2 2 1 1 1 2 2 2 1 2 
1.2e+04 ; 6.565e-19 ; True ; 101 270 295 475 554 654  ; 2 2 3 1 1 1 2 2 1 1 1 2 3 1 1 4 
1.3e+04 ; 1.125e-18 ; True ; 64 101 295 475 554 654  ; 3 2 3 1 1 1 2 2 1 1 1 2 2 2 1 3 
1.4e+04 ; 1.19e-18 ; True ; 64 378 471 475 554 654  ; 1 3 3 1 1 1 3 2 1 1 1 2 3 2 1 3 
1.5e+04 ; 3.069e-18 ; True ; 64 270 295 475 554 654  ; 2 3 2 1 1 1 3 3 1 1 1 3 3 2 1 3 
1.5e+04 ; 4.2e-18 ; True ; 64 295 316 378 554 654  ; 2 3 3 1 1 2 3 2 1 1 1 2 3 2 1 3 
1.8e+04 ; 7.162e-18 ; True ; 64 101 270 295 475 554 654  ; 3 3 3 1 1 1 3 3 1 1 1 3 3 2 1 4 
1.9e+04 ; 8.714e-18 ; True ; 64 101 295 378 475 554 654  ; 3 3 4 1 1 2 3 2 1 1 1 2 3 2 1 4 
2e+04 ; 9.646e-18 ; True ; 64 103 378 452 475 554 654  ; 2 3 4 1 1 1 4 3 1 1 1 3 4 2 1 4 
2.1e+04 ; 2.6e-17 ; True ; 64 168 295 378 475 554 654  ; 2 3 4 1 1 2 4 2 2 1 1 2 4 3 1 4 
2.5e+04 ; 4.179e-17 ; True ; 64 101 168 270 295 475 554 654  ; 3 3 4 1 1 1 4 3 2 1 1 3 4 3 1 5 
2.6e+04 ; 4.768e-17 ; True ; 64 101 168 295 316 378 554 654  ; 3 3 5 1 1 2 4 2 2 1 1 2 4 3 1 5 
2.7e+04 ; 5.077e-17 ; True ; 64 168 295 378 471 475 554 654  ; 2 3 4 1 1 2 4 2 2 2 1 2 4 3 1 4 
2.7e+04 ; 5.086e-17 ; True ; 64 168 211 378 461 475 554 654  ; 2 3 4 2 2 1 4 2 2 1 1 2 4 3 1 4 
2.7e+04 ; 6.908e-17 ; True ; 64 156 168 295 316 372 554 654  ; 3 3 4 1 1 2 3 3 2 1 1 2 4 3 2 3 
2.8e+04 ; 1.084e-16 ; True ; 64 168 295 372 378 475 554 654  ; 3 3 4 1 1 2 4 3 2 1 1 2 5 3 2 4 
2.8e+04 ; 1.343e-16 ; True ; 64 168 295 316 378 461 554 654  ; 3 3 4 2 1 2 4 2 2 2 1 2 4 3 1 4 
3.3e+04 ; 1.929e-16 ; True ; 64 101 168 270 295 461 475 554 654  ; 4 3 4 2 1 1 4 3 2 2 1 3 4 3 1 5 
3.4e+04 ; 2.201e-16 ; True ; 64 101 168 295 378 461 475 554 654  ; 4 3 5 2 1 2 4 2 2 2 1 2 4 3 1 5 
3.5e+04 ; 2.375e-16 ; True ; 64 103 295 314 378 452 475 554 654  ; 3 3 4 1 2 2 4 3 2 2 1 3 5 2 1 5 
3.5e+04 ; 2.481e-16 ; True ; 64 168 295 308 316 378 461 554 654  ; 3 4 4 2 1 2 4 3 2 2 1 2 4 3 1 4 
3.5e+04 ; 2.599e-16 ; True ; 64 168 270 295 378 475 490 554 654  ; 3 4 4 1 1 2 5 3 2 2 1 3 5 3 1 5 
3.5e+04 ; 2.643e-16 ; True ; 64 156 168 270 295 372 475 554 654  ; 3 4 4 1 1 2 4 4 2 1 1 3 5 3 2 4 
3.5e+04 ; 3.368e-16 ; True ; 64 156 168 372 378 461 475 554 654  ; 3 4 5 2 1 2 4 3 2 1 1 2 5 3 2 4 
3.6e+04 ; 5.328e-16 ; True ; 64 168 295 316 378 461 475 554 654  ; 3 3 4 2 1 2 4 2 2 2 2 2 4 3 2 4 
4.2e+04 ; 8.108e-16 ; True ; 64 101 168 270 295 316 378 461 554 654  ; 4 4 5 2 1 2 5 3 2 2 1 3 5 3 1 6 
4.3e+04 ; 8.73e-16 ; True ; 64 101 168 295 316 378 461 475 554 654  ; 4 3 5 2 1 2 4 2 2 2 2 2 4 3 2 5 
4.4e+04 ; 1.22e-15 ; True ; 64 156 168 270 295 372 461 475 554 654  ; 4 4 4 2 1 2 4 4 2 2 1 3 5 3 2 4 
4.5e+04 ; 2.034e-15 ; True ; 64 168 270 295 316 378 461 475 554 654  ; 3 4 4 2 1 2 5 3 2 2 2 3 5 3 2 5 
5.2e+04 ; 3.216e-15 ; True ; 64 101 168 270 295 316 378 461 475 554 654  ; 4 4 5 2 1 2 5 3 2 2 2 3 5 3 2 6 
5.4e+04 ; 3.569e-15 ; True ; 64 168 270 295 316 378 461 475 490 554 654  ; 4 4 4 2 1 2 5 3 2 3 2 3 5 3 2 5 
5.4e+04 ; 4.2e-15 ; True ; 64 156 168 270 295 314 316 372 461 554 654  ; 4 4 4 2 2 2 4 4 3 2 1 3 6 3 2 5 
5.5e+04 ; 6.759e-15 ; True ; 64 168 270 295 314 316 378 461 475 554 654  ; 3 4 4 2 2 2 5 3 3 2 2 3 6 3 2 6 
6.3e+04 ; 7.297e-15 ; True ; 64 101 168 270 295 316 372 378 461 475 554 654  ; 5 4 5 2 1 2 5 4 2 2 2 3 6 3 3 6 
6.3e+04 ; 1.045e-14 ; True ; 64 101 168 270 295 314 316 378 461 475 554 654  ; 4 4 5 2 2 2 5 3 3 2 2 3 6 3 2 7 
6.5e+04 ; 1.137e-14 ; True ; 64 103 156 168 295 314 316 372 378 461 554 654  ; 4 4 6 2 2 3 5 4 3 2 1 3 7 3 2 6 
6.5e+04 ; 1.25e-14 ; True ; 64 156 168 270 295 314 316 372 461 475 554 654  ; 4 4 4 2 2 2 4 4 3 2 2 3 6 3 3 5 
6.6e+04 ; 1.418e-14 ; True ; 64 103 168 295 314 316 318 378 461 475 554 654  ; 4 3 5 2 2 2 5 4 3 3 2 3 6 3 2 6 
6.6e+04 ; 1.507e-14 ; True ; 64 168 270 295 314 316 318 378 461 475 554 654  ; 4 4 4 2 2 2 5 4 3 3 2 3 6 3 2 6 
7.4e+04 ; 1.65e-14 ; True ; 64 101 156 168 270 295 314 316 372 378 461 554 654  ; 5 5 6 2 2 3 5 4 3 2 1 3 7 3 2 7 
7.5e+04 ; 1.72e-14 ; True ; 64 101 156 168 295 314 316 372 378 461 475 554 654  ; 5 4 6 2 2 3 4 3 3 2 2 2 6 3 3 6 
7.5e+04 ; 2.325e-14 ; True ; 64 101 168 270 295 314 316 372 378 461 475 554 654  ; 5 4 5 2 2 2 5 4 3 2 2 3 7 3 3 7 
7.7e+04 ; 3.384e-14 ; True ; 64 103 156 168 295 314 316 372 378 461 475 554 654  ; 4 4 6 2 2 3 5 4 3 2 2 3 7 3 3 6 
7.7e+04 ; 3.511e-14 ; True ; 64 156 168 270 295 314 316 372 378 461 475 554 654  ; 4 5 5 2 2 3 5 4 3 2 2 3 7 3 3 6 
7.8e+04 ; 3.633e-14 ; True ; 64 103 168 270 295 314 316 372 378 461 475 554 654  ; 4 4 5 2 2 2 6 5 3 2 2 4 8 3 3 7 
8.7e+04 ; 4.91e-14 ; True ; 64 101 156 168 270 295 314 316 372 378 461 475 554 654  ; 5 5 6 2 2 3 5 4 3 2 2 3 7 3 3 7 
8.8e+04 ; 5.002e-14 ; True ; 64 101 103 168 270 295 314 316 372 378 461 475 554 654  ; 5 4 6 2 2 2 6 5 3 2 2 4 8 3 3 8 
9e+04 ; 7.674e-14 ; True ; 64 103 156 168 270 295 314 316 372 378 461 475 554 654  ; 4 5 6 2 2 3 6 5 3 2 2 4 8 3 3 7 
1.01e+05 ; 8.681e-14 ; True ; 1 64 103 111 137 156 168 295 316 372 378 461 475 554 654  ; 5 5 6 2 2 3 6 5 3 2 3 3 6 3 3 6 
1.02e+05 ; 9.209e-14 ; True ; 1 64 103 111 156 168 295 314 316 372 378 461 475 554 654  ; 5 4 6 2 3 3 6 4 3 2 3 3 7 3 3 6 
1.02e+05 ; 1e-13 ; True ; 1 64 103 137 156 168 295 314 316 372 378 461 475 554 654  ; 4 5 6 2 3 3 5 5 4 2 2 3 7 3 3 7 
1.03e+05 ; 1.124e-13 ; True ; 64 103 156 168 214 270 295 314 316 372 378 461 475 554 654  ; 4 5 6 2 2 3 6 5 3 3 2 4 8 3 3 7 
1.03e+05 ; 1.133e-13 ; True ; 1 64 103 156 168 270 295 314 316 372 378 461 475 554 654  ; 4 5 6 2 3 3 6 5 3 2 2 4 8 3 3 7 
1.04e+05 ; 1.396e-13 ; True ; 64 103 137 156 168 270 295 314 316 372 378 461 475 554 654  ; 4 6 6 2 2 3 6 6 4 2 2 4 8 3 3 8 
1.15e+05 ; 1.654e-13 ; True ; 1 64 94 103 137 156 168 295 314 316 372 378 461 475 554 654  ; 5 5 6 2 3 3 5 5 4 3 2 3 7 3 3 7 
1.16e+05 ; 1.844e-13 ; True ; 1 64 103 111 137 156 168 295 314 316 372 378 461 475 554 654  ; 5 5 6 2 3 3 6 5 4 2 3 3 7 3 3 7 
1.17e+05 ; 2.039e-13 ; True ; 1 64 103 111 156 168 270 295 314 316 372 378 461 475 554 654  ; 5 5 6 2 3 3 7 5 3 2 3 4 8 3 3 7 
1.17e+05 ; 2.061e-13 ; True ; 1 64 103 137 156 168 270 295 314 316 372 378 461 475 554 654  ; 4 6 6 2 3 3 6 6 4 2 2 4 8 3 3 8 
1.19e+05 ; 2.512e-13 ; True ; 64 103 111 137 156 168 270 295 314 316 372 378 461 475 554 654  ; 5 6 6 2 2 3 7 6 4 2 3 4 8 3 3 8 
1.3e+05 ; 2.896e-13 ; True ; 1 4 64 103 111 156 168 270 295 314 316 372 378 461 475 554 654  ; 6 5 6 2 3 3 7 5 3 2 3 4 8 4 3 7 
1.32e+05 ; 3.252e-13 ; True ; 1 64 103 111 156 168 270 295 314 316 372 378 461 475 490 554 654  ; 6 5 6 2 3 3 7 5 3 3 3 4 8 3 3 7 
1.32e+05 ; 3.709e-13 ; True ; 1 64 103 111 137 156 168 270 295 314 316 372 378 461 475 554 654  ; 5 6 6 2 3 3 7 6 4 2 3 4 8 3 3 8 
1.35e+05 ; 4.465e-13 ; True ; 64 103 111 137 156 168 270 295 314 316 318 372 378 461 475 554 654  ; 6 6 6 2 2 3 7 7 4 3 3 4 8 3 3 8 
1.48e+05 ; 4.84e-13 ; True ; 1 64 103 137 156 166 168 270 295 314 316 372 378 461 475 490 554 654  ; 5 6 7 2 3 3 7 7 4 3 2 4 9 3 3 9 
1.48e+05 ; 5.916e-13 ; True ; 1 64 103 111 137 156 168 270 295 314 316 372 378 461 475 490 554 654  ; 6 6 6 2 3 3 7 6 4 3 3 4 8 3 3 8 
1.49e+05 ; 6.021e-13 ; True ; 1 35 64 103 111 137 156 168 270 295 314 316 372 378 461 475 554 654  ; 6 6 6 2 3 3 7 6 4 3 3 4 9 3 3 8 
1.52e+05 ; 6.294e-13 ; True ; 35 64 103 111 137 156 168 270 295 314 316 318 372 378 461 475 554 654  ; 7 6 6 2 2 3 7 7 4 4 3 4 9 3 3 8 
1.65e+05 ; 8.264e-13 ; True ; 1 64 103 111 137 156 166 168 270 295 314 316 372 378 461 475 490 554 654  ; 6 6 7 2 3 3 8 7 4 3 3 4 9 3 3 9 
1.67e+05 ; 9.292e-13 ; True ; 1 35 64 103 111 137 156 168 270 295 314 316 318 372 378 461 475 554 654  ; 7 6 6 2 3 3 7 7 4 4 3 4 9 3 3 8 
1.83e+05 ; 9.364e-13 ; True ; 1 64 103 111 130 137 156 166 168 270 295 314 316 372 378 461 475 490 554 654  ; 6 7 7 2 3 3 8 7 4 3 3 4 9 3 3 9 
1.84e+05 ; 9.424e-13 ; True ; 1 64 103 111 137 156 166 168 270 295 314 316 372 378 461 475 490 499 554 654  ; 6 6 8 2 3 3 8 7 4 3 3 4 9 3 3 10 
1.84e+05 ; 9.725e-13 ; True ; 1 35 64 103 111 127 137 156 168 270 295 314 316 318 372 378 461 475 554 654  ; 8 6 6 2 3 3 7 7 4 4 3 4 9 3 3 8 
1.86e+05 ; 1.06e-12 ; True ; 1 35 64 103 111 137 156 168 270 295 314 316 318 326 372 378 461 475 554 654  ; 7 6 6 2 3 3 7 8 4 4 3 4 10 3 3 9 
2e+05 ; 1.511e-12 ; True ; 1 4 64 103 111 137 156 166 168 270 295 314 316 372 378 461 475 490 554 593 654  ; 7 6 7 2 3 3 9 7 5 3 3 4 10 4 3 10 
2.2e+05 ; 1.523e-12 ; True ; 1 4 64 103 111 137 156 166 168 243 270 295 314 316 372 378 461 475 490 554 593 654  ; 7 6 7 2 3 3 9 7 5 3 3 4 11 4 3 10 
2.42e+05 ; 1.651e-12 ; True ; 1 11 35 64 103 106 111 137 156 168 270 295 314 316 372 378 449 461 475 490 554 593 654  ; 8 7 6 2 3 3 8 6 6 4 3 4 10 3 3 12 
2.42e+05 ; 1.776e-12 ; True ; 1 4 64 103 111 137 156 166 168 243 270 295 314 316 372 378 461 475 481 490 554 593 654  ; 8 6 8 2 3 3 9 7 5 3 3 4 11 4 3 10 
2.43e+05 ; 1.808e-12 ; True ; 1 4 64 103 111 137 156 166 168 243 270 295 314 316 372 378 461 475 481 490 554 570 654  ; 8 6 8 2 3 3 8 8 4 3 3 4 10 5 3 9 
2.65e+05 ; 1.928e-12 ; True ; 1 4 64 103 111 137 156 166 168 243 247 270 295 314 316 372 378 413 461 475 490 554 593 654  ; 7 6 7 2 3 3 10 7 5 3 3 4 12 5 3 10 
2.66e+05 ; 2.176e-12 ; True ; 1 4 64 103 111 137 156 166 168 227 243 270 295 314 316 372 378 461 475 481 490 554 570 654  ; 8 7 8 2 3 3 9 8 4 3 3 4 10 5 3 10 
2.88e+05 ; 2.185e-12 ; True ; 1 4 64 103 111 130 137 156 166 168 243 247 270 295 314 316 372 378 413 461 475 490 554 593 654  ; 7 7 7 2 3 3 10 7 5 3 3 4 12 5 3 10 
3.11e+05 ; 2.193e-12 ; True ; 1 4 64 97 103 111 130 137 156 166 168 243 247 270 295 314 316 372 378 413 461 475 490 554 593 654  ; 7 7 7 2 3 3 10 7 5 3 3 4 13 5 3 10 
3.12e+05 ; 2.286e-12 ; True ; 1 4 64 103 111 130 137 156 166 168 243 247 270 295 314 316 372 378 398 413 461 475 490 554 593 654  ; 8 7 7 2 3 3 10 7 5 3 3 4 12 5 3 10 
3.13e+05 ; 2.867e-12 ; True ; 1 4 64 103 111 130 137 156 166 168 243 247 265 270 295 314 316 372 378 413 461 475 490 554 593 654  ; 7 7 7 2 4 3 10 7 5 3 3 4 12 5 3 10 
3.4e+05 ; 2.99e-12 ; True ; 1 4 61 64 103 111 137 156 166 168 243 247 270 295 314 316 352 372 378 413 461 475 490 554 593 646 654  ; 7 6 7 2 4 3 10 7 6 3 3 4 13 5 3 10 
3.64e+05 ; 3.887e-12 ; True ; 1 4 64 97 103 111 130 137 156 157 166 168 243 247 270 295 314 316 372 378 413 461 475 490 554 593 606 654  ; 7 7 7 3 3 3 10 7 6 3 3 4 13 5 3 11 
4.24e+05 ; 4.25e-12 ; True ; 1 4 58 61 64 103 111 137 156 166 168 243 247 270 295 314 316 328 335 352 372 378 461 475 490 527 554 593 621 654  ; 9 6 8 2 3 3 9 7 6 5 3 4 13 5 3 10 

RUN 7:
Optimum Distance: 0

Optimal Team: 
Required Skills: 1 6 14 15 22 23 34 36 39 40 43 46 48 50 51 57 
Distance; Skill Score; isValid; Team; Skill Counts
6000 ; 9.475e-21 ; True ; 295 475 554 654  ; 1 1 2 1 1 1 1 1 1 1 1 1 2 1 1 2 
8002 ; 3.281e-20 ; True ; 101 295 316 554 654  ; 2 1 3 1 1 1 1 1 1 1 1 1 2 1 1 3 
1e+04 ; 4.308e-19 ; True ; 64 295 475 554 654  ; 2 2 2 1 1 1 2 2 1 1 1 2 2 2 1 2 
1.3e+04 ; 1.125e-18 ; True ; 64 101 295 316 554 654  ; 3 2 3 1 1 1 2 2 1 1 1 2 2 2 1 3 
1.5e+04 ; 4.184e-18 ; True ; 64 168 295 475 554 654  ; 2 2 3 1 1 1 3 2 2 1 1 2 3 3 1 3 
1.5e+04 ; 4.2e-18 ; True ; 64 295 316 378 554 654  ; 2 3 3 1 1 2 3 2 1 1 1 2 3 2 1 3 
1.8e+04 ; 4.307e-18 ; True ; 101 270 295 378 475 554 654  ; 2 3 4 1 1 2 3 2 1 1 1 2 4 1 1 5 
1.9e+04 ; 4.471e-18 ; True ; 64 156 295 372 421 554 654  ; 3 3 3 1 1 2 2 3 1 1 1 2 3 2 1 2 
1.9e+04 ; 8.714e-18 ; True ; 64 101 295 316 378 554 654  ; 3 3 4 1 1 2 3 2 1 1 1 2 3 2 1 4 
2e+04 ; 9.646e-18 ; True ; 64 103 316 378 452 554 654  ; 2 3 4 1 1 1 4 3 1 1 1 3 4 2 1 4 
2.1e+04 ; 2.6e-17 ; True ; 64 168 295 378 475 554 654  ; 2 3 4 1 1 2 4 2 2 1 1 2 4 3 1 4 
2.5e+04 ; 3.731e-17 ; True ; 64 101 270 295 378 475 554 654  ; 3 4 4 1 1 2 4 3 1 1 1 3 4 2 1 5 
2.6e+04 ; 4.768e-17 ; True ; 64 101 168 295 316 378 554 654  ; 3 3 5 1 1 2 4 2 2 1 1 2 4 3 1 5 
2.7e+04 ; 5.117e-17 ; True ; 64 168 211 295 316 378 554 654  ; 2 3 4 1 2 2 4 2 2 1 1 2 4 3 1 4 
2.7e+04 ; 6.908e-17 ; True ; 64 156 168 295 316 372 554 654  ; 3 3 4 1 1 2 3 3 2 1 1 2 4 3 2 3 
2.8e+04 ; 1.084e-16 ; True ; 64 168 295 372 378 475 554 654  ; 3 3 4 1 1 2 4 3 2 1 1 2 5 3 2 4 
2.8e+04 ; 1.343e-16 ; True ; 64 168 295 378 461 475 554 654  ; 3 3 4 2 1 2 4 2 2 2 1 2 4 3 1 4 
3.4e+04 ; 1.351e-16 ; True ; 64 156 168 211 372 461 475 554 654  ; 3 3 4 2 2 1 3 3 2 1 1 2 4 3 2 3 
3.4e+04 ; 1.69e-16 ; True ; 64 156 168 372 378 421 461 554 654  ; 3 4 5 2 1 2 4 3 2 1 1 2 5 3 1 4 
3.4e+04 ; 2.085e-16 ; True ; 64 156 168 295 316 372 543 554 654  ; 3 3 4 2 1 2 4 4 2 1 1 2 4 3 2 3 
3.4e+04 ; 2.201e-16 ; True ; 64 101 168 295 316 378 461 554 654  ; 4 3 5 2 1 2 4 2 2 2 1 2 4 3 1 5 
3.5e+04 ; 2.446e-16 ; True ; 64 103 168 295 378 452 475 554 654  ; 3 3 5 1 1 2 5 3 2 2 1 3 5 3 1 5 
3.5e+04 ; 3.368e-16 ; True ; 64 156 168 316 372 378 461 554 654  ; 3 4 5 2 1 2 4 3 2 1 1 2 5 3 2 4 
3.6e+04 ; 5.328e-16 ; True ; 64 168 295 316 378 461 475 554 654  ; 3 3 4 2 1 2 4 2 2 2 2 2 4 3 2 4 
4.3e+04 ; 5.82e-16 ; True ; 64 103 156 168 295 316 372 452 554 654  ; 4 3 5 1 1 2 4 4 2 2 1 3 5 3 2 4 
4.3e+04 ; 6.706e-16 ; True ; 64 156 168 316 372 378 421 461 554 654  ; 3 4 5 2 1 2 4 3 2 1 2 2 5 3 2 4 
4.3e+04 ; 7.858e-16 ; True ; 64 156 168 295 314 372 475 543 554 654  ; 3 3 4 2 2 2 4 4 3 1 1 2 5 3 2 4 
4.4e+04 ; 9.703e-16 ; True ; 64 103 168 295 316 378 452 475 554 654  ; 3 3 5 1 1 2 5 3 2 2 2 3 5 3 2 5 
4.4e+04 ; 1.173e-15 ; True ; 64 156 168 295 372 378 461 475 554 654  ; 4 4 5 2 1 3 4 3 2 2 1 2 5 3 2 4 
4.4e+04 ; 1.202e-15 ; True ; 64 156 168 295 314 316 372 461 554 654  ; 4 3 4 2 2 2 3 3 3 2 1 2 5 3 2 4 
4.5e+04 ; 2.034e-15 ; True ; 64 168 270 295 316 378 461 475 554 654  ; 3 4 4 2 1 2 5 3 2 2 2 3 5 3 2 5 
5.3e+04 ; 2.37e-15 ; True ; 64 103 156 314 316 372 378 452 461 554 654  ; 4 4 5 2 2 2 4 4 2 2 1 3 6 2 2 5 
5.3e+04 ; 2.501e-15 ; True ; 64 156 168 295 316 372 378 461 543 554 654  ; 4 4 5 3 1 3 5 4 2 2 1 2 5 3 2 4 
5.3e+04 ; 2.721e-15 ; True ; 64 156 168 295 314 372 461 475 543 554 654  ; 4 3 4 3 2 2 4 4 3 2 1 2 5 3 2 4 
5.4e+04 ; 3.36e-15 ; True ; 64 103 168 295 316 378 452 461 475 554 654  ; 4 3 5 2 1 2 5 3 2 3 2 3 5 3 2 5 
5.4e+04 ; 3.953e-15 ; True ; 64 103 156 168 295 314 316 372 461 554 654  ; 4 3 5 2 2 2 4 4 3 2 1 3 6 3 2 5 
5.4e+04 ; 4.04e-15 ; True ; 64 156 168 295 314 316 372 378 461 554 654  ; 4 4 5 2 2 3 4 3 3 2 1 2 6 3 2 5 
5.5e+04 ; 6.759e-15 ; True ; 64 168 270 295 314 316 378 461 475 554 654  ; 3 4 4 2 2 2 5 3 3 2 2 3 6 3 2 6 
6.4e+04 ; 7.641e-15 ; True ; 64 103 156 168 314 316 372 378 452 461 554 654  ; 4 4 6 2 2 2 5 4 3 2 1 3 7 3 2 6 
6.4e+04 ; 7.907e-15 ; True ; 64 103 156 168 295 314 316 372 461 543 554 654  ; 4 3 5 3 2 2 5 5 3 2 1 3 6 3 2 5 
6.4e+04 ; 8.611e-15 ; True ; 64 156 168 295 314 372 378 461 475 543 554 654  ; 4 4 5 3 2 3 5 4 3 2 1 2 6 3 2 5 
6.5e+04 ; 1.117e-14 ; True ; 64 103 168 295 314 316 378 452 461 475 554 654  ; 4 3 5 2 2 2 5 3 3 3 2 3 6 3 2 6 
6.5e+04 ; 1.176e-14 ; True ; 64 103 156 168 295 314 316 372 461 475 554 654  ; 4 3 5 2 2 2 4 4 3 2 2 3 6 3 3 5 
6.5e+04 ; 1.202e-14 ; True ; 64 156 168 295 314 316 372 378 461 475 554 654  ; 4 4 5 2 2 3 4 3 3 2 2 2 6 3 3 5 
6.6e+04 ; 1.66e-14 ; True ; 64 103 168 270 295 314 316 378 461 475 554 654  ; 3 4 5 2 2 2 6 4 3 2 2 4 7 3 2 7 
7.6e+04 ; 2.273e-14 ; True ; 64 103 156 168 314 316 372 378 452 461 475 554 654  ; 4 4 6 2 2 2 5 4 3 2 2 3 7 3 3 6 
7.6e+04 ; 2.562e-14 ; True ; 64 156 168 295 314 316 372 378 461 475 543 554 654  ; 4 4 5 3 2 3 5 4 3 2 2 2 6 3 3 5 
7.7e+04 ; 3.384e-14 ; True ; 64 103 156 168 295 314 316 372 378 461 475 554 654  ; 4 4 6 2 2 3 5 4 3 2 2 3 7 3 3 6 
8.8e+04 ; 3.472e-14 ; True ; 64 103 156 295 314 316 372 378 452 461 475 543 554 654  ; 5 4 5 3 2 3 5 5 2 3 2 3 6 2 3 5 
8.8e+04 ; 4.41e-14 ; True ; 64 103 156 168 295 314 316 372 378 452 475 543 554 654  ; 4 4 6 2 2 3 6 5 3 2 2 3 7 3 3 6 
8.9e+04 ; 5.596e-14 ; True ; 64 103 156 168 295 314 316 372 378 452 461 475 554 654  ; 5 4 6 2 2 3 5 4 3 3 2 3 7 3 3 6 
8.9e+04 ; 6.526e-14 ; True ; 64 103 156 168 295 314 316 372 378 461 475 543 554 654  ; 4 4 6 3 2 3 6 5 3 2 2 3 7 3 3 6 
9e+04 ; 7.316e-14 ; True ; 64 103 156 168 295 314 316 372 378 461 475 554 592 654  ; 5 4 6 2 2 3 5 4 4 3 2 3 7 3 3 6 
1.02e+05 ; 9.19e-14 ; True ; 64 103 156 168 261 295 314 316 372 378 452 475 543 554 654  ; 4 5 6 3 2 3 7 5 3 2 2 3 8 3 3 7 
1.02e+05 ; 1.079e-13 ; True ; 64 103 156 168 295 314 316 372 378 452 461 475 543 554 654  ; 5 4 6 3 2 3 6 5 3 3 2 3 7 3 3 6 
1.03e+05 ; 1.411e-13 ; True ; 64 103 156 168 295 314 316 372 378 461 475 543 554 592 654  ; 5 4 6 3 2 3 6 5 4 3 2 3 7 3 3 6 
1.17e+05 ; 1.549e-13 ; True ; 64 103 156 168 295 314 316 372 378 421 452 461 475 554 592 654  ; 6 4 6 2 2 3 5 4 4 4 3 3 7 3 3 6 
1.17e+05 ; 2.001e-13 ; True ; 64 103 156 168 295 314 316 372 378 452 461 475 543 554 592 654  ; 6 4 6 3 2 3 6 5 4 4 2 3 7 3 3 6 
1.18e+05 ; 2.613e-13 ; True ; 64 103 156 168 261 295 314 316 372 378 461 475 543 554 592 654  ; 5 5 6 4 2 3 7 5 4 3 2 3 8 3 3 7 
1.32e+05 ; 2.905e-13 ; True ; 2 8 64 103 156 168 295 314 316 372 378 461 475 543 554 592 654  ; 5 5 7 3 2 3 7 5 4 3 2 4 7 3 3 7 
1.33e+05 ; 3.123e-13 ; True ; 8 64 103 156 168 242 295 314 316 372 378 452 461 475 543 554 654  ; 5 4 7 3 2 3 7 5 4 3 2 4 7 4 3 7 
1.33e+05 ; 4.653e-13 ; True ; 64 103 156 168 270 295 314 316 372 378 461 475 510 543 554 592 654  ; 5 5 6 3 3 3 8 6 4 3 2 4 8 3 3 7 
1.5e+05 ; 5.265e-13 ; True ; 8 64 103 156 168 219 261 295 314 316 372 378 461 475 543 554 592 654  ; 5 5 7 4 2 3 8 5 5 3 2 4 8 3 3 8 
1.5e+05 ; 5.45e-13 ; True ; 8 64 103 156 168 295 314 316 372 378 415 461 475 543 554 592 650 654  ; 5 4 7 3 4 3 7 6 4 3 2 4 8 3 3 7 
1.51e+05 ; 5.54e-13 ; True ; 8 64 103 156 168 220 261 295 314 316 372 378 461 475 510 554 592 654  ; 5 5 8 3 3 3 8 5 4 3 2 4 8 3 3 9 
1.51e+05 ; 6.04e-13 ; True ; 8 64 103 156 168 261 295 314 316 372 378 421 461 475 510 554 592 654  ; 5 5 7 3 3 3 8 4 4 3 3 4 8 3 3 8 
1.51e+05 ; 6.58e-13 ; True ; 8 64 103 156 168 261 295 314 316 372 378 461 475 510 543 554 592 654  ; 5 5 7 4 3 3 9 5 4 3 2 4 8 3 3 8 
1.67e+05 ; 8.416e-13 ; True ; 8 64 103 156 168 229 261 295 314 316 372 378 415 461 475 543 554 592 654  ; 5 5 7 4 3 3 8 5 4 3 2 4 9 4 3 8 
1.68e+05 ; 9.694e-13 ; True ; 8 64 103 156 168 261 295 314 316 372 378 415 461 475 543 554 592 650 654  ; 5 5 7 4 4 3 8 6 4 3 2 4 9 3 3 8 
1.86e+05 ; 1.253e-12 ; True ; 8 64 103 156 168 255 261 295 314 316 372 378 461 475 522 543 554 592 650 654  ; 5 5 7 4 3 4 8 6 4 3 2 4 8 4 3 8 
1.86e+05 ; 1.42e-12 ; True ; 8 64 103 137 156 168 261 295 314 316 372 378 415 461 475 522 543 554 592 654  ; 5 6 7 4 3 3 8 6 5 3 2 4 9 4 3 9 
1.87e+05 ; 1.591e-12 ; True ; 8 64 103 137 156 168 261 295 314 316 372 378 415 461 475 543 554 592 650 654  ; 5 6 7 4 4 3 8 7 5 3 2 4 9 3 3 9 
2.06e+05 ; 1.793e-12 ; True ; 8 64 103 156 168 261 295 314 316 372 378 382 461 475 522 543 554 592 595 650 654  ; 6 5 7 4 4 3 8 6 4 4 2 4 9 4 3 8 
2.06e+05 ; 2.076e-12 ; True ; 8 64 103 137 156 168 261 295 314 316 372 378 415 461 475 522 543 554 592 650 654  ; 5 6 7 4 4 3 8 7 5 3 2 4 9 4 3 9 
2.26e+05 ; 2.15e-12 ; True ; 8 64 103 137 156 160 168 261 295 314 316 372 378 415 461 475 522 543 554 592 650 654  ; 5 6 7 4 4 3 8 7 5 3 2 4 10 4 3 10 
2.26e+05 ; 2.768e-12 ; True ; 8 64 103 137 156 168 261 295 314 316 340 372 378 415 461 475 522 543 554 571 592 654  ; 5 6 7 4 4 3 8 7 5 4 2 4 9 4 3 10 
2.28e+05 ; 2.835e-12 ; True ; 8 64 103 137 156 168 196 261 295 314 316 372 378 461 475 522 543 554 571 592 650 654  ; 6 6 7 4 3 3 8 8 6 4 2 4 8 4 3 9 
2.48e+05 ; 3.786e-12 ; True ; 8 64 103 137 156 168 196 261 295 314 316 372 378 415 461 475 522 543 554 571 592 650 654  ; 6 6 7 4 4 3 8 8 6 4 2 4 9 4 3 9 
2.71e+05 ; 4.178e-12 ; True ; 8 64 103 137 156 168 196 261 295 313 314 316 372 378 415 461 475 522 543 554 571 592 650 654  ; 7 6 7 4 4 3 9 8 6 4 2 4 9 4 3 9 
2.73e+05 ; 4.349e-12 ; True ; 64 78 103 128 137 156 168 261 295 314 316 372 378 461 475 515 522 543 554 571 592 650 651 654  ; 5 6 6 4 4 3 8 8 6 4 3 4 8 4 3 8 
2.95e+05 ; 4.735e-12 ; True ; 64 78 103 128 137 155 156 168 261 295 314 316 372 378 461 475 515 522 543 554 571 592 650 651 654  ; 6 6 6 4 4 3 8 8 6 4 3 4 8 4 3 8 
3.2e+05 ; 5.382e-12 ; True ; 64 78 103 128 137 155 156 168 261 295 314 316 360 372 378 461 475 515 522 543 554 571 592 650 651 654  ; 6 6 6 4 4 3 9 9 6 4 3 4 9 4 3 8 
3.21e+05 ; 5.419e-12 ; True ; 64 78 103 128 137 156 168 261 268 295 311 314 316 372 378 461 475 515 522 543 554 571 592 650 651 654  ; 6 6 6 4 4 3 8 8 7 4 3 4 8 4 3 8 
3.44e+05 ; 7.153e-12 ; True ; 17 64 103 128 137 156 168 180 261 268 295 311 314 316 372 378 461 475 515 522 543 554 571 592 650 651 654  ; 6 6 6 4 4 3 8 8 6 5 3 5 8 4 3 8 
3.71e+05 ; 8.186e-12 ; True ; 17 64 78 103 128 137 156 168 180 261 268 295 311 314 316 372 378 461 475 515 522 543 554 571 592 650 651 654  ; 6 6 6 4 4 3 8 8 7 5 3 5 8 4 3 8 
3.98e+05 ; 8.445e-12 ; True ; 17 64 78 103 128 137 151 156 168 180 261 268 295 311 314 316 372 378 461 475 515 522 543 554 571 592 650 651 654  ; 6 6 6 4 4 3 8 8 7 5 3 5 8 4 3 9 

RUN 8:
Optimum Distance: 0

Optimal Team: 
Required Skills: 1 6 14 15 22 23 34 36 39 40 43 46 48 50 51 57 
Distance; Skill Score; isValid; Team; Skill Counts
6000 ; 9.475e-21 ; True ; 295 475 554 654  ; 1 1 2 1 1 1 1 1 1 1 1 1 2 1 1 2 
9001 ; 1.85e-20 ; True ; 295 471 475 554 654  ; 1 1 2 1 1 1 1 1 1 2 1 1 2 1 1 2 
9001 ; 1.865e-20 ; True ; 211 295 475 554 654  ; 1 1 2 1 2 1 1 1 1 1 1 1 2 1 1 2 
1e+04 ; 4.308e-19 ; True ; 64 295 475 554 654  ; 2 2 2 1 1 1 2 2 1 1 1 2 2 2 1 2 
1.4e+04 ; 1.19e-18 ; True ; 64 378 471 475 554 654  ; 1 3 3 1 1 1 3 2 1 1 1 2 3 2 1 3 
1.5e+04 ; 4.2e-18 ; True ; 64 295 378 475 554 654  ; 2 3 3 1 1 2 3 2 1 1 1 2 3 2 1 3 
1.9e+04 ; 4.471e-18 ; True ; 64 156 295 372 421 554 654  ; 3 3 3 1 1 2 2 3 1 1 1 2 3 2 1 2 
2e+04 ; 8.203e-18 ; True ; 64 295 378 471 475 554 654  ; 2 3 3 1 1 2 3 2 1 2 1 2 3 2 1 3 
2e+04 ; 9.646e-18 ; True ; 64 103 316 378 452 554 654  ; 2 3 4 1 1 1 4 3 1 1 1 3 4 2 1 4 
2.1e+04 ; 2.6e-17 ; True ; 64 168 295 316 378 554 654  ; 2 3 4 1 1 2 4 2 2 1 1 2 4 3 1 4 
2.6e+04 ; 3.467e-17 ; True ; 64 156 168 295 372 421 554 654  ; 3 3 4 1 1 2 3 3 2 1 1 2 4 3 1 3 
2.7e+04 ; 5.077e-17 ; True ; 64 168 295 378 471 475 554 654  ; 2 3 4 1 1 2 4 2 2 2 1 2 4 3 1 4 
2.7e+04 ; 6.908e-17 ; True ; 64 156 168 295 372 475 554 654  ; 3 3 4 1 1 2 3 3 2 1 1 2 4 3 2 3 
2.8e+04 ; 1.343e-16 ; True ; 64 168 295 316 378 461 554 654  ; 3 3 4 2 1 2 4 2 2 2 1 2 4 3 1 4 
3.4e+04 ; 1.69e-16 ; True ; 64 156 168 372 378 421 461 554 654  ; 3 4 5 2 1 2 4 3 2 1 1 2 5 3 1 4 
3.4e+04 ; 2.085e-16 ; True ; 64 156 168 295 372 475 543 554 654  ; 3 3 4 2 1 2 4 4 2 1 1 2 4 3 2 3 
3.5e+04 ; 2.116e-16 ; True ; 64 168 295 372 378 471 475 554 654  ; 3 3 4 1 1 2 4 3 2 2 1 2 5 3 2 4 
3.5e+04 ; 2.133e-16 ; True ; 64 168 211 295 372 378 475 554 654  ; 3 3 4 1 2 2 4 3 2 1 1 2 5 3 2 4 
3.5e+04 ; 3.368e-16 ; True ; 64 156 168 316 372 378 461 554 654  ; 3 4 5 2 1 2 4 3 2 1 1 2 5 3 2 4 
3.6e+04 ; 5.328e-16 ; True ; 64 168 295 316 378 461 475 554 654  ; 3 3 4 2 1 2 4 2 2 2 2 2 4 3 2 4 
4.2e+04 ; 5.646e-16 ; True ; 7 64 156 168 295 372 461 475 554 654  ; 5 3 4 2 1 2 4 3 2 2 1 2 5 3 2 4 
4.3e+04 ; 6.578e-16 ; True ; 64 156 168 372 378 461 471 475 554 654  ; 3 4 5 2 1 2 4 3 2 2 1 2 5 3 2 4 
4.3e+04 ; 6.629e-16 ; True ; 64 156 168 211 316 372 378 461 554 654  ; 3 4 5 2 2 2 4 3 2 1 1 2 5 3 2 4 
4.3e+04 ; 7.223e-16 ; True ; 64 156 168 295 372 378 475 543 554 654  ; 3 4 5 2 1 3 5 4 2 1 1 2 5 3 2 4 
4.4e+04 ; 9.498e-16 ; True ; 64 103 168 211 295 378 461 475 554 654  ; 3 3 5 2 2 2 5 3 2 2 1 3 5 3 1 5 
4.4e+04 ; 1.173e-15 ; True ; 64 156 168 295 372 378 461 475 554 654  ; 4 4 5 2 1 3 4 3 2 2 1 2 5 3 2 4 
4.5e+04 ; 1.623e-15 ; True ; 64 71 168 295 316 372 378 461 554 654  ; 4 4 4 2 2 2 5 3 2 2 1 2 5 3 2 5 
5.2e+04 ; 1.68e-15 ; True ; 7 64 156 168 295 316 372 461 475 554 654  ; 5 3 4 2 1 2 4 3 2 2 2 2 5 3 3 4 
5.3e+04 ; 2.148e-15 ; True ; 64 156 168 268 270 295 316 461 475 554 654  ; 3 4 4 2 1 2 4 3 3 2 2 3 4 3 2 4 
5.3e+04 ; 2.286e-15 ; True ; 64 103 156 168 295 372 421 461 475 554 654  ; 4 3 5 2 1 2 4 4 2 2 2 3 5 3 2 4 
5.3e+04 ; 2.501e-15 ; True ; 64 156 168 295 372 378 461 475 543 554 654  ; 4 4 5 3 1 3 5 4 2 2 1 2 5 3 2 4 
5.4e+04 ; 2.505e-15 ; True ; 64 103 168 295 316 378 475 554 592 595 654  ; 4 3 5 1 1 2 5 3 3 3 2 3 5 3 2 5 
5.4e+04 ; 3.489e-15 ; True ; 64 103 156 168 295 372 378 461 475 554 654  ; 4 4 6 2 1 3 5 4 2 2 1 3 6 3 2 5 
5.4e+04 ; 3.725e-15 ; True ; 64 71 103 156 168 295 372 461 475 554 654  ; 4 4 5 2 2 2 5 4 2 2 1 3 5 3 2 5 
5.5e+04 ; 4.941e-15 ; True ; 64 103 168 295 316 378 461 475 554 592 654  ; 4 3 5 2 1 2 5 3 3 3 2 3 5 3 2 5 
6.4e+04 ; 6.786e-15 ; True ; 64 156 168 211 316 372 378 461 475 554 592 654  ; 4 4 5 2 2 2 4 3 3 2 2 2 5 3 3 4 
6.4e+04 ; 6.947e-15 ; True ; 64 103 156 168 295 372 378 421 461 475 554 654  ; 4 4 6 2 1 3 5 4 2 2 2 3 6 3 2 5 
6.4e+04 ; 7.44e-15 ; True ; 64 156 168 295 316 372 378 461 475 543 554 654  ; 4 4 5 3 1 3 5 4 2 2 2 2 5 3 3 4 
6.5e+04 ; 7.567e-15 ; True ; 64 168 211 261 295 316 372 378 461 475 554 654  ; 4 4 4 3 2 2 5 3 2 2 2 2 6 3 3 5 
6.5e+04 ; 1.026e-14 ; True ; 64 103 156 168 316 372 378 461 475 554 592 654  ; 4 4 6 2 1 2 5 4 3 2 2 3 6 3 3 5 
6.5e+04 ; 1.049e-14 ; True ; 64 71 156 168 316 372 378 461 475 554 592 654  ; 4 5 5 2 2 2 5 3 3 2 2 2 5 3 3 5 
6.6e+04 ; 1.492e-14 ; True ; 64 71 103 168 295 316 378 461 475 554 592 654  ; 4 4 5 2 2 2 6 3 3 3 2 3 5 3 2 6 
7.6e+04 ; 1.537e-14 ; True ; 64 71 156 168 181 316 372 378 461 475 554 592 654  ; 4 5 5 2 2 2 5 3 3 3 2 2 5 3 3 5 
7.6e+04 ; 1.661e-14 ; True ; 64 103 156 168 295 316 372 461 475 543 554 592 654  ; 5 3 5 3 1 2 5 5 3 3 2 3 5 3 3 4 
7.6e+04 ; 2.182e-14 ; True ; 64 71 156 168 295 316 372 378 461 475 543 554 654  ; 4 5 5 3 2 3 6 4 2 2 2 2 5 3 3 5 
7.7e+04 ; 2.904e-14 ; True ; 64 71 103 156 168 316 372 378 461 475 554 592 654  ; 4 5 6 2 2 2 6 4 3 2 2 3 6 3 3 6 
7.8e+04 ; 3.384e-14 ; True ; 64 71 103 168 295 316 372 378 461 475 554 592 654  ; 5 4 5 2 2 2 6 4 3 3 2 3 6 3 3 6 
8.9e+04 ; 4.306e-14 ; True ; 64 71 103 156 168 181 295 316 372 378 461 475 554 654  ; 4 5 6 2 2 3 6 4 2 3 2 3 6 3 3 6 
8.9e+04 ; 5.534e-14 ; True ; 64 71 103 156 168 295 316 372 378 461 475 543 554 654  ; 4 5 6 3 2 3 7 5 2 2 2 3 6 3 3 6 
9e+04 ; 7.148e-14 ; True ; 64 71 103 156 168 295 316 372 378 461 475 554 592 654  ; 5 5 6 2 2 3 6 4 3 3 2 3 6 3 3 6 
1.02e+05 ; 8.107e-14 ; True ; 64 71 103 156 168 181 295 316 372 378 461 475 543 554 654  ; 4 5 6 3 2 3 7 5 2 3 2 3 6 3 3 6 
1.03e+05 ; 8.163e-14 ; True ; 64 71 103 168 268 270 295 316 372 378 461 475 543 554 654  ; 4 5 5 3 2 2 8 6 3 2 2 4 7 3 3 7 
1.03e+05 ; 8.619e-14 ; True ; 64 71 103 156 168 181 261 316 372 378 461 475 554 592 654  ; 4 6 6 3 2 2 7 4 3 3 2 3 7 3 3 7 
1.03e+05 ; 1.096e-13 ; True ; 64 71 103 156 168 261 295 316 372 378 475 543 554 592 654  ; 4 6 6 3 2 3 8 5 3 2 2 3 7 3 3 7 
1.03e+05 ; 1.346e-13 ; True ; 64 71 103 156 168 295 316 372 378 461 475 543 554 592 654  ; 5 5 6 3 2 3 7 5 3 3 2 3 6 3 3 6 
1.04e+05 ; 1.365e-13 ; True ; 64 71 103 156 168 270 295 316 378 461 475 543 554 592 654  ; 4 6 6 3 2 3 8 5 3 3 2 4 6 3 2 7 
1.17e+05 ; 1.436e-13 ; True ; 64 71 103 156 168 181 261 295 316 372 378 461 475 543 554 654  ; 4 6 6 4 2 3 8 5 2 3 2 3 7 3 3 7 
1.17e+05 ; 1.753e-13 ; True ; 64 71 103 156 168 181 295 316 372 378 461 475 543 554 592 654  ; 5 5 6 3 2 3 7 5 3 4 2 3 6 3 3 6 
1.18e+05 ; 1.886e-13 ; True ; 64 71 103 156 168 181 261 295 316 372 378 461 475 554 592 654  ; 5 6 6 3 2 3 7 4 3 4 2 3 7 3 3 7 
1.18e+05 ; 2.384e-13 ; True ; 64 71 103 156 168 261 295 316 372 378 461 475 543 554 592 654  ; 5 6 6 4 2 3 8 5 3 3 2 3 7 3 3 7 
1.32e+05 ; 2.596e-13 ; True ; 0 64 71 103 156 168 261 295 316 372 378 461 475 543 554 592 654  ; 6 6 6 4 2 3 8 5 3 3 2 3 7 3 3 7 
1.33e+05 ; 3.105e-13 ; True ; 64 71 103 156 168 181 261 295 316 372 378 461 475 543 554 592 654  ; 5 6 6 4 2 3 8 5 3 4 2 3 7 3 3 7 
1.33e+05 ; 3.52e-13 ; True ; 64 71 103 156 168 242 295 316 372 378 415 461 475 543 554 592 654  ; 5 5 6 3 3 3 7 5 4 3 2 3 7 4 3 6 
1.48e+05 ; 3.627e-13 ; True ; 8 17 64 103 156 168 261 295 316 372 378 421 461 475 554 592 651 654  ; 5 5 7 3 2 3 7 4 3 4 3 4 7 3 3 7 
1.48e+05 ; 3.998e-13 ; True ; 8 17 64 103 156 168 261 295 316 372 378 461 475 543 554 592 651 654  ; 5 5 7 4 2 3 8 5 3 4 2 4 7 3 3 7 
1.49e+05 ; 4.703e-13 ; True ; 64 71 103 156 168 181 261 295 316 372 378 415 461 475 543 554 592 654  ; 5 6 6 4 3 3 8 5 3 4 2 3 8 3 3 7 
1.51e+05 ; 5.01e-13 ; True ; 64 71 103 156 168 196 261 295 316 372 378 461 475 543 554 592 651 654  ; 6 6 6 4 3 3 8 5 4 3 2 3 7 3 3 7 
1.64e+05 ; 5.29e-13 ; True ; 8 17 64 103 156 168 255 261 295 316 372 378 461 475 543 554 592 651 654  ; 5 5 7 4 2 4 8 5 3 4 2 4 7 3 3 7 
1.65e+05 ; 5.805e-13 ; True ; 8 17 64 103 156 168 261 295 316 372 378 461 475 543 554 592 593 651 654  ; 5 5 7 4 2 3 9 5 4 4 2 4 8 3 3 8 
1.67e+05 ; 6.665e-13 ; True ; 8 17 64 71 103 156 168 270 295 299 316 378 461 475 543 554 592 651 654  ; 5 7 7 3 3 3 9 5 3 4 2 5 6 4 2 8 
1.84e+05 ; 7.71e-13 ; True ; 8 17 64 103 156 168 255 261 295 316 372 378 461 475 488 543 554 560 592 654  ; 6 5 7 4 2 4 8 5 3 4 2 4 8 4 3 7 
1.84e+05 ; 8.245e-13 ; True ; 8 17 64 103 156 168 261 295 316 372 378 461 475 488 543 554 592 593 651 654  ; 6 5 7 4 2 3 9 5 4 4 2 4 8 4 3 8 
1.84e+05 ; 8.601e-13 ; True ; 8 17 64 103 156 168 261 295 316 372 378 415 461 475 488 543 554 592 651 654  ; 6 5 7 4 3 3 8 5 3 4 2 4 8 4 3 7 
1.87e+05 ; 9.068e-13 ; True ; 8 64 103 156 168 261 295 316 364 372 378 461 475 488 543 554 560 592 651 654  ; 6 5 7 4 3 4 9 5 3 3 2 4 8 4 3 7 
2.04e+05 ; 9.369e-13 ; True ; 8 17 64 103 156 168 255 261 295 316 326 372 378 461 475 488 543 554 560 592 654  ; 6 5 7 4 2 4 8 6 3 4 2 4 9 4 3 8 
2.04e+05 ; 9.475e-13 ; True ; 8 17 64 103 156 168 261 268 270 295 308 316 378 461 475 488 543 554 560 592 654  ; 5 7 7 4 2 3 9 6 4 4 2 5 8 4 2 8 
2.04e+05 ; 1.043e-12 ; True ; 8 17 23 64 103 156 168 261 295 316 372 378 461 475 488 543 554 592 593 651 654  ; 6 5 7 4 2 3 9 5 5 4 2 4 8 4 3 9 
2.05e+05 ; 1.358e-12 ; True ; 8 17 64 103 156 168 231 261 270 295 316 372 378 461 475 543 554 560 592 651 654  ; 6 7 7 4 3 3 9 6 3 4 2 5 9 3 3 8 
2.24e+05 ; 1.748e-12 ; True ; 8 17 64 103 156 168 261 268 270 295 308 316 372 378 461 475 488 543 554 560 592 654  ; 6 7 7 4 2 3 9 7 4 4 2 5 9 4 3 8 
2.46e+05 ; 2.156e-12 ; True ; 8 17 64 103 156 168 169 261 268 270 295 308 316 372 378 461 475 488 543 554 560 592 654  ; 6 7 7 5 2 3 9 7 4 4 2 5 9 4 3 8 
2.47e+05 ; 2.197e-12 ; True ; 17 64 71 103 156 168 261 270 295 299 308 316 364 378 461 475 488 543 554 560 592 651 654  ; 6 9 6 4 4 4 10 6 3 4 2 4 8 5 2 8 
2.5e+05 ; 2.28e-12 ; True ; 8 64 71 103 156 168 261 270 295 299 308 316 364 378 461 475 488 543 554 556 560 592 654  ; 7 10 7 4 3 4 12 6 3 3 2 5 8 5 2 10 
2.5e+05 ; 2.502e-12 ; True ; 8 64 71 103 156 168 261 270 295 299 308 316 364 378 461 475 488 543 554 560 592 651 654  ; 6 9 7 4 4 4 11 6 3 3 2 5 8 5 2 9 
2.69e+05 ; 3.259e-12 ; True ; 8 17 64 71 103 156 168 261 270 295 299 308 316 364 378 461 475 488 543 554 560 592 651 654  ; 6 9 7 4 4 4 11 6 3 4 2 5 8 5 2 9 
2.93e+05 ; 3.898e-12 ; True ; 8 17 64 71 103 156 168 261 270 295 299 308 316 364 378 461 475 488 543 554 556 560 592 651 654  ; 7 10 7 4 4 4 12 6 3 4 2 5 8 5 2 10 
3.2e+05 ; 4.119e-12 ; True ; 8 17 64 103 156 158 168 261 270 295 299 308 316 378 381 421 461 475 520 554 555 556 560 592 651 654  ; 7 9 8 4 3 3 11 7 4 4 3 5 9 4 2 10 
3.46e+05 ; 5.495e-12 ; True ; 8 17 64 103 156 158 168 261 270 295 299 308 316 378 381 421 461 475 520 554 555 556 560 571 592 651 654  ; 7 9 8 4 3 3 11 8 4 5 3 5 9 4 2 10 
4.27e+05 ; 5.508e-12 ; True ; 8 15 17 64 103 156 168 199 231 261 270 295 299 308 316 364 378 381 461 475 488 543 554 556 560 592 624 639 651 654  ; 9 11 8 4 3 4 12 8 3 4 2 6 9 5 2 9 

RUN 9:
Optimum Distance: 0

Optimal Team: 
Required Skills: 1 6 14 15 22 23 34 36 39 40 43 46 48 50 51 57 
Distance; Skill Score; isValid; Team; Skill Counts
6000 ; 9.475e-21 ; True ; 295 316 554 654  ; 1 1 2 1 1 1 1 1 1 1 1 1 2 1 1 2 
8002 ; 3.281e-20 ; True ; 101 295 316 554 654  ; 2 1 3 1 1 1 1 1 1 1 1 1 2 1 1 3 
1e+04 ; 4.308e-19 ; True ; 64 295 316 554 654  ; 2 2 2 1 1 1 2 2 1 1 1 2 2 2 1 2 
1.2e+04 ; 6.565e-19 ; True ; 101 270 295 316 554 654  ; 2 2 3 1 1 1 2 2 1 1 1 2 3 1 1 4 
1.3e+04 ; 1.125e-18 ; True ; 64 101 295 475 554 654  ; 3 2 3 1 1 1 2 2 1 1 1 2 2 2 1 3 
1.5e+04 ; 3.069e-18 ; True ; 64 270 295 316 554 654  ; 2 3 2 1 1 1 3 3 1 1 1 3 3 2 1 3 
1.5e+04 ; 4.2e-18 ; True ; 64 295 378 475 554 654  ; 2 3 3 1 1 2 3 2 1 1 1 2 3 2 1 3 
1.8e+04 ; 7.162e-18 ; True ; 64 101 270 295 316 554 654  ; 3 3 3 1 1 1 3 3 1 1 1 3 3 2 1 4 
1.9e+04 ; 8.714e-18 ; True ; 64 101 295 316 378 554 654  ; 3 3 4 1 1 2 3 2 1 1 1 2 3 2 1 4 
2e+04 ; 8.908e-18 ; True ; 64 156 295 372 475 554 654  ; 3 3 3 1 1 2 2 3 1 1 1 2 3 2 2 2 
2.1e+04 ; 2.6e-17 ; True ; 64 168 295 378 475 554 654  ; 2 3 4 1 1 2 4 2 2 1 1 2 4 3 1 4 
2.5e+04 ; 4.179e-17 ; True ; 64 101 168 270 295 316 554 654  ; 3 3 4 1 1 1 4 3 2 1 1 3 4 3 1 5 
2.6e+04 ; 4.768e-17 ; True ; 64 101 168 295 378 475 554 654  ; 3 3 5 1 1 2 4 2 2 1 1 2 4 3 1 5 
2.7e+04 ; 5.117e-17 ; True ; 64 168 211 295 378 475 554 654  ; 2 3 4 1 2 2 4 2 2 1 1 2 4 3 1 4 
2.7e+04 ; 6.866e-17 ; True ; 64 156 168 372 461 475 554 654  ; 3 3 4 2 1 1 3 3 2 1 1 2 4 3 2 3 
2.7e+04 ; 6.908e-17 ; True ; 64 156 168 295 372 475 554 654  ; 3 3 4 1 1 2 3 3 2 1 1 2 4 3 2 3 
2.8e+04 ; 6.927e-17 ; True ; 64 103 137 295 378 475 554 654  ; 2 4 4 1 1 2 4 4 2 1 1 3 4 2 1 5 
2.8e+04 ; 1.343e-16 ; True ; 64 168 295 316 378 461 554 654  ; 3 3 4 2 1 2 4 2 2 2 1 2 4 3 1 4 
3.3e+04 ; 1.929e-16 ; True ; 64 101 168 270 295 461 475 554 654  ; 4 3 4 2 1 1 4 3 2 2 1 3 4 3 1 5 
3.4e+04 ; 2.085e-16 ; True ; 64 156 168 295 316 372 543 554 654  ; 3 3 4 2 1 2 4 4 2 1 1 2 4 3 2 3 
3.4e+04 ; 2.201e-16 ; True ; 64 101 168 295 316 378 461 554 654  ; 4 3 5 2 1 2 4 2 2 2 1 2 4 3 1 5 
3.5e+04 ; 2.644e-16 ; True ; 64 168 211 295 316 378 461 554 654  ; 3 3 4 2 2 2 4 2 2 2 1 2 4 3 1 4 
3.5e+04 ; 3.368e-16 ; True ; 64 156 168 372 378 461 475 554 654  ; 3 4 5 2 1 2 4 3 2 1 1 2 5 3 2 4 
3.6e+04 ; 5.328e-16 ; True ; 64 168 295 316 378 461 475 554 654  ; 3 3 4 2 1 2 4 2 2 2 2 2 4 3 2 4 
4.2e+04 ; 8.108e-16 ; True ; 64 101 168 270 295 316 378 461 554 654  ; 4 4 5 2 1 2 5 3 2 2 1 3 5 3 1 6 
4.3e+04 ; 8.73e-16 ; True ; 64 101 168 295 316 378 461 475 554 654  ; 4 3 5 2 1 2 4 2 2 2 2 2 4 3 2 5 
4.4e+04 ; 1.104e-15 ; True ; 64 168 270 295 316 378 461 510 554 654  ; 3 4 4 2 2 2 6 3 2 2 1 3 5 3 1 5 
4.4e+04 ; 1.202e-15 ; True ; 64 156 168 295 314 372 461 475 554 654  ; 4 3 4 2 2 2 3 3 3 2 1 2 5 3 2 4 
4.5e+04 ; 2.034e-15 ; True ; 64 168 270 295 316 378 461 475 554 654  ; 3 4 4 2 1 2 5 3 2 2 2 3 5 3 2 5 
5.2e+04 ; 3.216e-15 ; True ; 64 101 168 270 295 316 378 461 475 554 654  ; 4 4 5 2 1 2 5 3 2 2 2 3 5 3 2 6 
5.4e+04 ; 3.416e-15 ; True ; 64 103 156 168 295 316 372 461 475 554 654  ; 4 3 5 2 1 2 4 4 2 2 2 3 5 3 3 4 
5.4e+04 ; 4.04e-15 ; True ; 64 156 168 295 314 316 372 378 461 554 654  ; 4 4 5 2 2 3 4 3 3 2 1 2 6 3 2 5 
5.5e+04 ; 6.362e-15 ; True ; 64 103 168 295 314 316 378 461 475 554 654  ; 3 3 5 2 2 2 5 3 3 2 2 3 6 3 2 6 
6.3e+04 ; 7.822e-15 ; True ; 64 101 168 270 295 316 378 461 475 554 592 654  ; 5 4 5 2 1 2 5 3 3 3 2 3 5 3 2 6 
6.4e+04 ; 7.871e-15 ; True ; 64 103 156 168 295 314 372 421 461 475 554 654  ; 4 3 5 2 2 2 4 4 3 2 2 3 6 3 2 5 
6.4e+04 ; 8.401e-15 ; True ; 64 156 168 270 295 314 316 372 461 543 554 654  ; 4 4 4 3 2 2 5 5 3 2 1 3 6 3 2 5 
6.5e+04 ; 1.095e-14 ; True ; 64 103 168 270 295 316 378 461 475 510 554 654  ; 3 4 5 2 2 2 7 4 2 2 2 4 6 3 2 6 
6.5e+04 ; 1.18e-14 ; True ; 64 156 168 270 295 314 316 372 378 461 554 654  ; 4 5 5 2 2 3 5 4 3 2 1 3 7 3 2 6 
6.6e+04 ; 1.66e-14 ; True ; 64 103 168 270 295 314 316 378 461 475 554 654  ; 3 4 5 2 2 2 6 4 3 2 2 4 7 3 2 7 
7.5e+04 ; 1.712e-14 ; True ; 64 101 168 270 295 316 372 378 461 475 554 592 654  ; 6 4 5 2 1 2 5 4 3 3 2 3 6 3 3 6 
7.6e+04 ; 1.969e-14 ; True ; 64 156 168 270 314 316 372 378 461 471 475 554 654  ; 3 5 5 2 2 2 5 4 3 2 2 3 7 3 3 6 
7.6e+04 ; 2.018e-14 ; True ; 64 103 156 168 211 316 372 378 461 475 554 592 654  ; 4 4 6 2 2 2 5 4 3 2 2 3 6 3 3 5 
7.6e+04 ; 2.265e-14 ; True ; 64 103 156 168 295 314 372 378 421 461 475 554 654  ; 4 4 6 2 2 3 5 4 3 2 2 3 7 3 2 6 
7.6e+04 ; 2.562e-14 ; True ; 64 156 168 295 314 316 372 378 461 475 543 554 654  ; 4 4 5 3 2 3 5 4 3 2 2 2 6 3 3 5 
7.7e+04 ; 3.511e-14 ; True ; 64 156 168 270 295 314 316 372 378 461 475 554 654  ; 4 5 5 2 2 3 5 4 3 2 2 3 7 3 3 6 
7.8e+04 ; 3.809e-14 ; True ; 64 103 168 270 295 314 316 378 461 475 554 592 654  ; 4 4 5 2 2 2 6 4 4 3 2 4 7 3 2 7 
8.7e+04 ; 3.983e-14 ; True ; 64 101 156 168 270 314 316 378 461 475 543 554 592 654  ; 4 5 6 3 2 2 6 4 4 2 2 3 6 3 2 7 
8.8e+04 ; 4.307e-14 ; True ; 64 71 156 168 268 270 295 316 372 378 461 475 554 654  ; 4 6 5 2 2 3 6 4 3 2 2 3 6 3 3 6 
8.8e+04 ; 4.531e-14 ; True ; 64 156 168 270 295 314 316 372 378 421 461 543 554 654  ; 4 5 5 3 2 3 6 5 3 2 2 3 7 3 2 6 
8.9e+04 ; 4.627e-14 ; True ; 64 111 156 168 270 295 314 372 378 461 475 490 554 654  ; 6 5 5 2 2 3 6 4 3 3 2 3 7 3 2 6 
8.9e+04 ; 5.243e-14 ; True ; 64 156 168 270 295 314 316 372 378 421 461 475 554 654  ; 4 5 5 2 2 3 5 4 3 2 3 3 7 3 3 6 
8.9e+04 ; 6.771e-14 ; True ; 64 156 168 270 295 314 316 372 378 461 475 543 554 654  ; 4 5 5 3 2 3 6 5 3 2 2 3 7 3 3 6 
9e+04 ; 7.674e-14 ; True ; 64 103 156 168 270 295 314 316 372 378 461 475 554 654  ; 4 5 6 2 2 3 6 5 3 2 2 4 8 3 3 7 
1e+05 ; 7.767e-14 ; True ; 64 101 156 168 270 295 314 316 372 461 475 543 554 592 654  ; 6 4 5 3 2 2 5 5 4 3 2 3 6 3 3 6 
1.01e+05 ; 9.804e-14 ; True ; 64 101 156 168 270 295 314 316 378 461 475 543 554 592 654  ; 5 5 6 3 2 3 6 4 4 3 2 3 6 3 2 7 
1.02e+05 ; 9.978e-14 ; True ; 1 64 103 137 156 168 270 295 316 372 378 461 475 554 654  ; 4 6 6 2 2 3 6 6 3 2 2 4 7 3 3 7 
1.03e+05 ; 1.017e-13 ; True ; 64 103 156 168 270 314 316 378 461 475 543 554 592 595 654  ; 4 5 6 3 2 2 7 5 4 3 2 4 7 3 2 7 
1.03e+05 ; 1.11e-13 ; True ; 64 103 156 168 270 295 314 316 372 378 421 461 554 592 654  ; 5 5 6 2 2 3 6 5 4 3 2 4 8 3 2 7 
1.03e+05 ; 1.388e-13 ; True ; 64 103 156 168 270 295 314 316 372 378 461 475 543 554 654  ; 4 5 6 3 2 3 7 6 3 2 2 4 8 3 3 7 
1.04e+05 ; 1.659e-13 ; True ; 64 103 156 168 270 295 314 316 372 378 461 475 554 592 654  ; 5 5 6 2 2 3 6 5 4 3 2 4 8 3 3 7 
1.15e+05 ; 1.975e-13 ; True ; 64 101 156 168 270 295 314 316 372 378 461 475 543 554 592 654  ; 6 5 6 3 2 3 6 5 4 3 2 3 7 3 3 7 
1.18e+05 ; 2.477e-13 ; True ; 64 103 156 168 270 295 314 316 372 378 421 461 475 554 592 654  ; 5 5 6 2 2 3 6 5 4 3 3 4 8 3 3 7 
1.18e+05 ; 3.001e-13 ; True ; 64 103 156 168 270 295 314 316 372 378 461 475 543 554 592 654  ; 5 5 6 3 2 3 7 6 4 3 2 4 8 3 3 7 
1.19e+05 ; 3.178e-13 ; True ; 64 71 103 156 168 270 295 314 316 372 378 461 475 554 592 654  ; 5 6 6 2 3 3 7 5 4 3 2 4 8 3 3 8 
1.33e+05 ; 3.282e-13 ; True ; 64 103 156 168 270 295 314 316 372 378 421 461 475 554 592 620 654  ; 5 6 7 2 2 3 6 5 4 3 3 4 8 3 3 7 
1.33e+05 ; 4.253e-13 ; True ; 64 71 156 168 270 295 314 316 372 378 421 461 475 543 554 592 654  ; 5 6 5 3 3 3 7 5 4 3 3 3 7 3 3 7 
1.34e+05 ; 4.864e-13 ; True ; 64 71 111 156 168 270 295 314 316 372 378 461 475 543 554 592 654  ; 6 6 5 3 3 3 8 5 4 3 3 3 7 3 3 7 
1.35e+05 ; 5.185e-13 ; True ; 64 71 103 156 168 270 295 314 316 372 374 378 461 475 554 592 654  ; 5 6 6 3 3 3 8 5 4 3 2 4 9 3 3 9 
1.5e+05 ; 5.582e-13 ; True ; 1 64 71 156 168 270 295 314 316 372 378 421 461 475 543 554 592 654  ; 5 6 5 3 4 3 7 5 4 3 3 3 7 3 3 7 
1.51e+05 ; 6.3e-13 ; True ; 30 64 71 103 156 168 270 295 314 316 372 378 421 461 475 554 592 654  ; 5 6 6 2 3 3 7 5 4 3 3 4 9 4 3 8 
1.51e+05 ; 6.748e-13 ; True ; 64 71 111 156 161 168 270 295 314 316 372 378 461 475 543 554 592 654  ; 7 6 5 3 3 3 8 5 4 3 3 3 7 4 3 7 
1.67e+05 ; 7.137e-13 ; True ; 1 64 71 106 156 168 270 295 314 316 372 378 421 461 475 543 554 592 654  ; 5 6 5 3 4 3 7 5 5 3 3 3 7 3 3 8 
1.68e+05 ; 9.184e-13 ; True ; 64 71 103 156 168 270 295 299 314 316 328 372 378 421 475 543 554 592 654  ; 6 7 6 2 3 3 8 6 4 3 3 4 8 4 3 8 
1.69e+05 ; 9.316e-13 ; True ; 64 71 111 156 161 168 230 270 295 314 316 372 378 461 475 543 554 592 654  ; 8 6 5 3 3 3 8 5 4 3 3 4 7 4 3 7 
1.86e+05 ; 1.064e-12 ; True ; 1 64 71 106 156 168 270 295 314 316 372 378 421 461 475 543 554 571 592 654  ; 5 6 5 3 4 3 7 6 5 4 3 3 7 3 3 8 
1.86e+05 ; 1.385e-12 ; True ; 64 71 111 156 161 166 168 230 270 295 314 316 372 378 461 475 543 554 592 654  ; 8 6 6 3 3 3 9 6 4 3 3 4 8 4 3 8 
2.05e+05 ; 1.804e-12 ; True ; 17 64 71 111 156 161 166 168 230 270 295 314 316 372 378 461 475 543 554 592 654  ; 8 6 6 3 3 3 9 6 4 4 3 4 8 4 3 8 
2.26e+05 ; 2.048e-12 ; True ; 1 64 71 103 106 156 168 270 299 314 316 328 372 378 421 461 475 511 543 554 592 654  ; 6 7 6 3 4 2 9 6 5 4 3 4 8 4 3 9 
2.48e+05 ; 2.335e-12 ; True ; 1 64 71 103 106 156 168 270 299 314 316 328 365 372 378 421 461 475 511 543 554 592 654  ; 6 7 6 3 4 2 9 7 5 4 3 4 8 4 3 10 
2.69e+05 ; 2.523e-12 ; True ; 1 11 64 106 156 168 199 242 270 295 314 316 337 372 378 381 461 475 510 536 543 554 592 654  ; 6 5 6 3 4 3 8 6 6 3 3 4 7 4 4 8 
2.9e+05 ; 2.644e-12 ; True ; 1 4 11 44 64 71 106 136 156 168 270 295 314 316 344 372 378 421 461 475 500 543 554 592 654  ; 8 6 5 3 4 4 8 5 5 4 3 3 8 5 3 9 
3.13e+05 ; 2.744e-12 ; True ; 1 4 11 44 64 71 104 106 136 156 168 270 295 314 316 344 372 378 421 461 475 500 543 554 592 654  ; 8 6 5 3 4 4 9 5 5 4 3 3 8 5 3 9 
3.13e+05 ; 2.783e-12 ; True ; 1 4 11 44 64 71 106 156 168 270 295 314 316 365 372 378 381 421 461 475 543 554 555 592 622 654  ; 6 6 6 3 5 3 9 7 5 3 3 3 9 5 3 11 
3.16e+05 ; 2.965e-12 ; True ; 1 4 11 44 64 71 106 156 168 270 295 314 316 337 372 378 421 461 462 475 500 536 543 554 592 654  ; 7 6 5 3 4 3 8 5 6 3 4 3 7 5 4 9 
3.39e+05 ; 3.904e-12 ; True ; 1 4 11 44 64 71 106 156 168 199 270 295 314 316 365 372 378 381 421 461 475 543 554 555 592 622 654  ; 7 6 6 3 5 3 9 7 5 3 3 4 9 5 3 11 
3.42e+05 ; 3.985e-12 ; True ; 1 4 11 44 64 71 106 156 168 242 270 295 314 316 337 372 378 421 461 462 475 500 536 543 554 592 654  ; 7 6 5 3 4 3 8 5 7 3 4 3 7 6 4 9 
3.44e+05 ; 4.074e-12 ; True ; 1 11 44 64 71 106 156 168 242 270 295 314 316 337 372 378 421 461 462 475 500 510 536 543 554 592 654  ; 6 6 5 3 5 3 9 5 7 3 4 3 7 5 4 9 
3.66e+05 ; 4.656e-12 ; True ; 1 4 11 23 44 64 71 106 156 168 199 270 295 314 316 365 372 378 381 421 461 475 543 554 555 592 622 654  ; 7 6 6 3 5 3 9 7 6 3 3 4 9 5 3 12 
3.67e+05 ; 5.866e-12 ; True ; 1 4 11 44 64 71 106 156 168 242 270 295 314 316 337 372 378 421 434 461 462 475 536 543 554 592 622 654  ; 6 6 5 3 5 3 7 5 7 4 4 3 8 6 4 9 
3.95e+05 ; 5.97e-12 ; True ; 1 4 11 44 64 71 106 156 168 242 270 295 314 316 337 372 378 421 434 461 462 475 536 540 543 554 592 622 654  ; 6 6 5 3 5 3 7 5 7 4 4 3 9 6 4 9 

RUN 10:
Optimum Distance: 0

Optimal Team: 
Required Skills: 1 6 14 15 22 23 34 36 39 40 43 46 48 50 51 57 
Distance; Skill Score; isValid; Team; Skill Counts
6000 ; 9.475e-21 ; True ; 295 316 554 654  ; 1 1 2 1 1 1 1 1 1 1 1 1 2 1 1 2 
8002 ; 3.281e-20 ; True ; 101 295 475 554 654  ; 2 1 3 1 1 1 1 1 1 1 1 1 2 1 1 3 
1e+04 ; 4.308e-19 ; True ; 64 295 316 554 654  ; 2 2 2 1 1 1 2 2 1 1 1 2 2 2 1 2 
1.2e+04 ; 6.565e-19 ; True ; 101 270 295 475 554 654  ; 2 2 3 1 1 1 2 2 1 1 1 2 3 1 1 4 
1.3e+04 ; 1.125e-18 ; True ; 64 101 295 316 554 654  ; 3 2 3 1 1 1 2 2 1 1 1 2 2 2 1 3 
1.5e+04 ; 2.205e-18 ; True ; 168 270 295 475 554 654  ; 1 2 3 1 1 1 3 2 2 1 1 2 4 2 1 4 
1.5e+04 ; 4.2e-18 ; True ; 64 295 316 378 554 654  ; 2 3 3 1 1 2 3 2 1 1 1 2 3 2 1 3 
1.8e+04 ; 7.162e-18 ; True ; 64 101 270 295 475 554 654  ; 3 3 3 1 1 1 3 3 1 1 1 3 3 2 1 4 
1.9e+04 ; 8.714e-18 ; True ; 64 101 295 378 475 554 654  ; 3 3 4 1 1 2 3 2 1 1 1 2 3 2 1 4 
2e+04 ; 8.853e-18 ; True ; 64 156 316 372 461 554 654  ; 3 3 3 2 1 1 2 3 1 1 1 2 3 2 2 2 
2e+04 ; 9.506e-18 ; True ; 64 168 295 415 475 554 654  ; 2 2 3 1 2 1 3 2 2 1 1 2 4 3 1 3 
2.1e+04 ; 2.6e-17 ; True ; 64 168 295 378 475 554 654  ; 2 3 4 1 1 2 4 2 2 1 1 2 4 3 1 4 
2.5e+04 ; 4.179e-17 ; True ; 64 101 168 270 295 316 554 654  ; 3 3 4 1 1 1 4 3 2 1 1 3 4 3 1 5 
2.6e+04 ; 4.768e-17 ; True ; 64 101 168 295 378 475 554 654  ; 3 3 5 1 1 2 4 2 2 1 1 2 4 3 1 5 
2.7e+04 ; 5.077e-17 ; True ; 64 168 295 378 471 475 554 654  ; 2 3 4 1 1 2 4 2 2 2 1 2 4 3 1 4 
2.7e+04 ; 6.866e-17 ; True ; 64 156 168 372 461 475 554 654  ; 3 3 4 2 1 1 3 3 2 1 1 2 4 3 2 3 
2.8e+04 ; 1.343e-16 ; True ; 64 168 295 378 461 475 554 654  ; 3 3 4 2 1 2 4 2 2 2 1 2 4 3 1 4 
3.3e+04 ; 1.929e-16 ; True ; 64 101 168 270 295 316 461 554 654  ; 4 3 4 2 1 1 4 3 2 2 1 3 4 3 1 5 
3.4e+04 ; 2.201e-16 ; True ; 64 101 168 295 378 461 475 554 654  ; 4 3 5 2 1 2 4 2 2 2 1 2 4 3 1 5 
3.5e+04 ; 3.368e-16 ; True ; 64 156 168 372 378 461 475 554 654  ; 3 4 5 2 1 2 4 3 2 1 1 2 5 3 2 4 
3.6e+04 ; 5.328e-16 ; True ; 64 168 295 316 378 461 475 554 654  ; 3 3 4 2 1 2 4 2 2 2 2 2 4 3 2 4 
4.2e+04 ; 8.108e-16 ; True ; 64 101 168 270 295 378 461 475 554 654  ; 4 4 5 2 1 2 5 3 2 2 1 3 5 3 1 6 
4.3e+04 ; 8.73e-16 ; True ; 64 101 168 295 316 378 461 475 554 654  ; 4 3 5 2 1 2 4 2 2 2 2 2 4 3 2 5 
4.4e+04 ; 1.202e-15 ; True ; 64 156 168 295 314 372 461 475 554 654  ; 4 3 4 2 2 2 3 3 3 2 1 2 5 3 2 4 
4.5e+04 ; 2.034e-15 ; True ; 64 168 270 295 316 378 461 475 554 654  ; 3 4 4 2 1 2 5 3 2 2 2 3 5 3 2 5 
5.2e+04 ; 3.123e-15 ; True ; 64 101 270 295 314 316 378 461 475 554 654  ; 4 4 4 2 2 2 4 3 2 2 2 3 5 2 2 6 
5.4e+04 ; 4.2e-15 ; True ; 64 156 168 270 295 314 316 372 461 554 654  ; 4 4 4 2 2 2 4 4 3 2 1 3 6 3 2 5 
5.5e+04 ; 6.759e-15 ; True ; 64 168 270 295 314 316 378 461 475 554 654  ; 3 4 4 2 2 2 5 3 3 2 2 3 6 3 2 6 
6.3e+04 ; 1.045e-14 ; True ; 64 101 168 270 295 314 316 378 461 475 554 654  ; 4 4 5 2 2 2 5 3 3 2 2 3 6 3 2 7 
6.5e+04 ; 1.202e-14 ; True ; 64 156 168 295 314 316 372 378 461 475 554 654  ; 4 4 5 2 2 3 4 3 3 2 2 2 6 3 3 5 
6.6e+04 ; 1.433e-14 ; True ; 64 103 156 168 295 314 316 378 461 475 554 654  ; 3 4 6 2 2 3 5 3 3 2 2 3 6 3 2 6 
6.6e+04 ; 1.66e-14 ; True ; 64 103 168 270 295 314 316 378 461 475 554 654  ; 3 4 5 2 2 2 6 4 3 2 2 4 7 3 2 7 
7.4e+04 ; 1.862e-14 ; True ; 64 101 156 168 270 295 314 316 372 461 475 554 654  ; 5 4 5 2 2 2 4 4 3 2 2 3 6 3 3 6 
7.5e+04 ; 2.426e-14 ; True ; 64 101 103 168 270 295 314 316 378 461 475 554 654  ; 4 4 6 2 2 2 6 4 3 2 2 4 7 3 2 8 
7.7e+04 ; 3.384e-14 ; True ; 64 103 156 168 295 314 316 372 378 461 475 554 654  ; 4 4 6 2 2 3 5 4 3 2 2 3 7 3 3 6 
7.8e+04 ; 3.809e-14 ; True ; 64 103 168 270 295 314 316 378 461 475 554 592 654  ; 4 4 5 2 2 2 6 4 4 3 2 4 7 3 2 7 
8.7e+04 ; 3.883e-14 ; True ; 64 101 156 168 270 295 314 316 372 461 475 554 592 654  ; 6 4 5 2 2 2 4 4 4 3 2 3 6 3 3 6 
8.8e+04 ; 4.982e-14 ; True ; 64 101 103 156 168 270 295 314 316 378 461 475 554 654  ; 4 5 7 2 2 3 6 4 3 2 2 4 7 3 2 8 
9e+04 ; 5.404e-14 ; True ; 64 103 156 168 270 314 316 378 452 461 475 554 592 654  ; 4 5 6 2 2 2 6 4 4 3 2 4 7 3 2 7 
9e+04 ; 7.223e-14 ; True ; 64 103 156 168 261 295 314 316 372 378 461 475 554 654  ; 4 5 6 3 2 3 6 4 3 2 2 3 8 3 3 7 
9.1e+04 ; 7.814e-14 ; True ; 64 103 168 261 270 295 314 316 378 461 475 554 592 654  ; 4 5 5 3 2 2 7 4 4 3 2 4 8 3 2 8 
9.1e+04 ; 8.045e-14 ; True ; 64 103 156 168 270 295 314 316 378 461 475 554 592 654  ; 4 5 6 2 2 3 6 4 4 3 2 4 7 3 2 7 
1.01e+05 ; 9.023e-14 ; True ; 64 101 103 156 168 270 314 316 372 378 461 475 554 592 654  ; 5 5 7 2 2 2 6 5 4 2 2 4 8 3 3 8 
1.02e+05 ; 1.077e-13 ; True ; 64 101 103 156 168 270 295 314 316 378 461 475 554 592 654  ; 5 5 7 2 2 3 6 4 4 3 2 4 7 3 2 8 
1.03e+05 ; 1.114e-13 ; True ; 64 103 156 168 270 314 316 372 378 452 461 475 554 592 654  ; 5 5 6 2 2 2 6 5 4 3 2 4 8 3 3 7 
1.03e+05 ; 1.133e-13 ; True ; 1 64 103 156 168 270 295 314 316 372 378 461 475 554 654  ; 4 5 6 2 3 3 6 5 3 2 2 4 8 3 3 7 
1.03e+05 ; 1.269e-13 ; True ; 64 94 103 156 168 270 295 314 316 372 378 461 475 554 654  ; 5 5 6 2 2 3 6 5 3 3 2 4 8 3 3 7 
1.04e+05 ; 1.41e-13 ; True ; 64 103 156 168 261 270 295 314 316 372 461 475 554 592 654  ; 5 5 5 3 2 2 6 5 4 3 2 4 8 3 3 7 
1.04e+05 ; 1.562e-13 ; True ; 64 103 156 168 261 295 314 316 372 378 461 475 554 592 654  ; 5 5 6 3 2 3 6 4 4 3 2 3 8 3 3 7 
1.05e+05 ; 1.598e-13 ; True ; 64 103 168 261 270 295 314 316 372 378 461 475 554 592 654  ; 5 5 5 3 2 2 7 5 4 3 2 4 9 3 3 8 
1.16e+05 ; 1.752e-13 ; True ; 8 64 101 156 168 270 295 314 316 372 378 461 475 554 592 654  ; 6 5 7 2 2 3 6 4 4 3 2 4 7 3 3 8 
1.17e+05 ; 2.099e-13 ; True ; 64 101 103 156 168 261 270 295 314 316 378 461 475 554 592 654  ; 5 6 7 3 2 3 7 4 4 3 2 4 8 3 2 9 
1.18e+05 ; 2.336e-13 ; True ; 1 64 103 156 168 261 270 295 316 372 378 461 475 554 592 654  ; 5 6 6 3 2 3 7 5 3 3 2 4 8 3 3 7 
1.19e+05 ; 3.242e-13 ; True ; 64 103 156 168 261 270 295 314 316 372 378 461 475 554 592 654  ; 5 6 6 3 2 3 7 5 4 3 2 4 9 3 3 8 
1.33e+05 ; 3.243e-13 ; True ; 1 64 103 156 168 214 261 270 295 314 316 372 378 461 475 554 654  ; 4 6 6 3 3 3 7 5 3 3 2 4 9 3 3 8 
1.33e+05 ; 3.692e-13 ; True ; 64 101 103 156 168 261 270 295 314 316 378 461 475 554 592 650 654  ; 5 6 7 3 3 3 7 5 4 3 2 4 8 3 2 9 
1.34e+05 ; 4.786e-13 ; True ; 1 64 103 156 168 261 270 295 314 316 372 378 461 475 554 592 654  ; 5 6 6 3 3 3 7 5 4 3 2 4 9 3 3 8 
1.35e+05 ; 4.94e-13 ; True ; 8 64 103 156 168 261 270 295 314 316 372 378 461 475 554 592 654  ; 5 6 7 3 2 3 8 5 4 3 2 5 9 3 3 9 
1.48e+05 ; 5.094e-13 ; True ; 1 64 71 101 103 168 261 270 295 314 316 372 378 461 475 554 592 654  ; 6 6 6 3 4 2 8 5 4 3 2 4 9 3 3 10 
1.49e+05 ; 5.713e-13 ; True ; 1 7 64 103 156 168 261 270 295 314 316 372 378 461 475 554 592 654  ; 6 6 6 3 3 3 8 5 4 3 2 4 10 3 3 9 
1.5e+05 ; 6.233e-13 ; True ; 1 64 103 156 168 214 261 270 295 314 316 372 378 461 475 554 592 654  ; 5 6 6 3 3 3 7 5 4 4 2 4 9 3 3 8 
1.51e+05 ; 6.434e-13 ; True ; 8 64 103 156 168 181 261 270 295 314 316 372 378 461 475 554 592 654  ; 5 6 7 3 2 3 8 5 4 4 2 5 9 3 3 9 
1.51e+05 ; 7.191e-13 ; True ; 1 64 103 156 168 261 270 295 314 316 372 378 461 475 554 592 650 654  ; 5 6 6 3 4 3 7 6 4 3 2 4 9 3 3 8 
1.52e+05 ; 7.38e-13 ; True ; 8 64 103 156 168 261 270 295 314 316 358 372 378 461 475 554 592 654  ; 5 6 7 3 3 3 8 5 4 3 2 5 10 3 3 9 
1.65e+05 ; 9.116e-13 ; True ; 1 64 101 103 156 168 261 270 295 314 316 372 378 461 475 554 571 592 654  ; 6 6 7 3 3 3 7 6 4 4 2 4 9 3 3 9 
1.67e+05 ; 9.164e-13 ; True ; 8 64 101 103 156 168 261 270 295 314 316 358 372 378 461 475 554 592 654  ; 6 6 8 3 3 3 8 5 4 3 2 5 10 3 3 10 
1.69e+05 ; 9.613e-13 ; True ; 8 64 103 156 168 261 270 295 314 316 358 372 378 461 475 480 554 592 654  ; 5 6 7 3 3 3 8 5 4 4 2 5 10 3 3 9 
1.69e+05 ; 1.036e-12 ; True ; 1 8 64 103 156 168 261 270 295 314 316 372 378 461 475 488 554 592 654  ; 6 6 7 3 3 3 8 5 4 3 2 5 9 4 3 9 
1.7e+05 ; 1.147e-12 ; True ; 8 64 103 156 168 261 270 295 314 316 364 372 378 461 475 554 592 650 654  ; 5 6 7 3 3 4 9 6 4 3 2 5 9 3 3 9 
1.82e+05 ; 1.184e-12 ; True ; 1 64 94 101 103 156 168 261 270 295 314 316 372 378 461 475 554 571 592 654  ; 7 6 7 3 3 3 7 6 4 5 2 4 9 3 3 9 
1.84e+05 ; 1.227e-12 ; True ; 1 64 101 103 156 168 261 270 295 314 316 372 378 431 461 475 554 571 592 654  ; 6 6 7 4 3 3 7 6 4 4 2 4 9 3 3 10 
1.88e+05 ; 1.284e-12 ; True ; 8 64 103 156 168 261 270 295 314 316 364 372 378 461 475 554 588 592 650 654  ; 6 6 7 3 3 4 10 6 4 3 2 5 9 3 3 9 
1.88e+05 ; 1.505e-12 ; True ; 1 8 64 103 156 168 261 270 295 314 316 364 372 378 461 475 554 592 650 654  ; 5 6 7 3 4 4 9 6 4 3 2 5 9 3 3 9 
1.89e+05 ; 1.508e-12 ; True ; 6 8 64 103 156 168 261 270 295 314 316 364 372 378 461 475 554 592 650 654  ; 5 6 7 4 3 4 9 6 4 3 2 5 9 3 3 9 
2.04e+05 ; 1.527e-12 ; True ; 1 8 22 64 101 103 156 168 261 270 295 314 316 372 378 461 475 511 554 592 654  ; 6 6 8 3 3 3 9 5 5 4 2 5 9 3 3 11 
2.06e+05 ; 1.794e-12 ; True ; 8 64 101 103 156 168 261 270 295 314 316 334 358 372 378 461 475 554 571 592 654  ; 6 6 8 3 4 3 8 6 4 4 2 5 10 3 3 10 
2.24e+05 ; 1.957e-12 ; True ; 1 8 22 64 101 103 156 168 229 261 270 295 314 316 358 372 378 461 475 554 592 654  ; 6 6 8 3 4 3 8 5 5 3 2 5 10 4 3 11 
2.24e+05 ; 2.086e-12 ; True ; 1 8 64 101 103 156 168 261 270 295 314 316 334 372 378 461 475 511 554 592 595 654  ; 7 6 8 3 4 3 9 5 4 5 2 5 9 3 3 10 
2.27e+05 ; 2.641e-12 ; True ; 8 64 71 101 103 156 168 261 270 295 314 316 334 358 372 378 461 475 554 571 592 654  ; 6 7 8 3 5 3 9 6 4 4 2 5 10 3 3 11 
2.46e+05 ; 2.855e-12 ; True ; 8 22 64 101 103 156 168 229 261 270 295 308 314 316 334 372 378 421 461 475 554 592 654  ; 6 7 8 3 3 3 8 6 5 3 3 5 9 4 3 11 
2.65e+05 ; 3.097e-12 ; True ; 1 7 8 22 64 101 103 156 168 261 270 295 314 316 334 372 378 453 461 475 511 554 592 654  ; 7 6 8 3 4 4 11 5 5 4 2 5 11 3 3 13 
2.68e+05 ; 3.124e-12 ; True ; 1 8 22 64 101 103 156 168 229 261 270 295 308 314 316 334 358 372 378 461 475 554 592 654  ; 6 7 8 3 5 3 8 6 5 3 2 5 10 4 3 11 
2.68e+05 ; 3.596e-12 ; True ; 1 8 22 64 101 103 156 168 229 261 270 295 314 316 334 358 372 378 421 461 475 554 592 654  ; 6 6 8 3 5 3 8 5 5 3 3 5 10 4 3 11 
2.89e+05 ; 3.79e-12 ; True ; 1 7 8 64 101 103 152 156 168 261 270 276 295 314 316 334 372 378 461 475 488 554 592 595 654  ; 9 6 8 3 5 3 9 5 4 4 2 5 10 5 3 12 
2.9e+05 ; 3.935e-12 ; True ; 1 7 8 22 64 101 103 156 168 261 270 295 314 316 334 372 374 378 461 475 511 554 592 595 654  ; 8 6 8 4 4 3 11 5 5 5 2 5 11 3 3 13 
2.92e+05 ; 4.094e-12 ; True ; 1 8 22 64 67 101 103 156 168 229 261 270 295 314 316 334 358 372 378 421 461 475 554 592 654  ; 6 6 9 3 5 3 9 5 5 3 3 5 10 4 3 11 
3.13e+05 ; 4.692e-12 ; True ; 1 7 8 22 64 101 103 152 156 168 261 270 276 295 314 316 334 372 378 461 475 488 554 592 595 654  ; 9 6 8 3 5 3 9 5 5 4 2 5 10 5 3 13 
3.14e+05 ; 4.792e-12 ; True ; 1 7 8 22 64 101 103 156 168 261 270 276 295 314 316 334 372 378 461 475 488 511 554 592 595 654  ; 9 6 8 3 4 3 10 5 5 5 2 5 10 5 3 13 
3.17e+05 ; 5.064e-12 ; True ; 1 7 8 22 64 103 152 156 168 261 270 276 295 314 316 334 372 378 461 475 488 511 554 592 595 654  ; 8 6 7 3 5 3 10 5 5 5 2 5 10 5 3 12 
3.36e+05 ; 5.081e-12 ; True ; 1 7 8 22 64 101 103 136 152 156 168 261 270 276 295 314 316 372 378 461 475 487 511 554 592 595 654  ; 8 6 8 3 4 4 10 5 5 5 2 5 12 4 3 13 
3.37e+05 ; 5.372e-12 ; True ; 1 7 8 22 64 101 102 103 152 156 168 261 270 276 295 314 316 334 372 378 461 475 488 554 592 595 654  ; 9 6 8 3 5 3 9 6 5 4 2 5 10 5 3 13 
3.39e+05 ; 5.837e-12 ; True ; 1 7 8 22 64 101 103 152 156 168 229 261 270 295 314 316 334 372 378 461 475 488 511 554 592 595 654  ; 9 6 8 3 5 3 10 5 5 5 2 5 10 5 3 12 
3.39e+05 ; 5.896e-12 ; True ; 1 7 8 22 64 101 103 152 156 168 261 270 276 295 314 316 334 372 378 461 475 488 511 554 592 595 654  ; 9 6 8 3 5 3 10 5 5 5 2 5 10 5 3 13 
3.63e+05 ; 6.367e-12 ; True ; 1 7 8 22 64 101 103 152 156 168 255 261 270 295 314 316 334 372 378 461 475 488 511 554 564 592 595 654  ; 9 6 8 3 5 4 10 5 5 5 2 5 11 4 3 12 
3.64e+05 ; 6.75e-12 ; True ; 1 7 8 22 64 101 102 103 152 156 168 261 270 276 295 314 316 334 372 378 461 475 488 511 554 592 595 654  ; 9 6 8 3 5 3 10 6 5 5 2 5 10 5 3 13 
3.65e+05 ; 7.866e-12 ; True ; 1 7 8 22 64 101 103 136 152 156 168 261 270 276 295 314 316 334 372 378 461 475 488 511 554 592 595 654  ; 9 6 8 3 5 4 10 5 5 5 2 5 11 5 3 13 
3.91e+05 ; 7.911e-12 ; True ; 1 7 8 22 64 101 103 136 152 156 168 261 270 276 295 314 316 334 372 378 461 475 487 488 511 554 592 595 654  ; 9 6 8 3 5 4 10 5 5 5 2 5 12 5 3 13 
3.93e+05 ; 9.241e-12 ; True ; 1 7 8 22 64 101 103 136 152 156 168 261 270 276 295 314 316 334 372 378 461 475 488 497 511 554 592 595 654  ; 10 6 8 3 5 4 10 6 5 5 2 5 11 5 3 13 
4.25e+05 ; 1.136e-11 ; True ; 1 8 22 64 101 103 152 156 168 169 261 270 276 279 295 314 316 334 364 372 378 461 475 488 511 554 592 595 596 654  ; 8 6 8 4 5 4 11 6 5 5 2 5 9 5 3 12 

