m: 18
Instance: 1
Algorithm: NSGA-II
Iteration: 900
Population Size: 100
RUN 1:
Optimum Distance: 0

Optimal Team: 
Required Skills: 5 6 8 10 11 13 16 17 20 22 26 27 29 34 38 42 49 55 
Distance; Skill Score; isValid; Team; Skill Counts
2.5e+04 ; 1.043e-23 ; True ; 0 82 112 116 232 290 321 336  ; 1 1 1 1 1 1 1 1 1 1 1 1 2 2 1 1 1 1 
2.6e+04 ; 7.026e-23 ; True ; 0 62 82 112 116 290 321 336  ; 1 1 1 1 2 1 1 1 1 1 2 2 2 2 1 1 1 1 
2.7e+04 ; 2.416e-22 ; True ; 62 82 116 158 286 290 321 336  ; 1 1 1 1 2 2 2 1 1 1 3 2 1 3 1 1 1 1 
2.8e+04 ; 4.375e-22 ; True ; 62 82 112 290 336 385 411 413  ; 1 2 1 1 1 1 2 1 2 1 2 2 2 5 1 1 1 1 
3.3e+04 ; 4.879e-22 ; True ; 62 82 116 158 286 321 336 386 486  ; 1 1 1 1 2 2 2 1 2 1 3 1 1 3 1 1 2 1 
3.4e+04 ; 1.208e-21 ; True ; 62 82 112 116 290 321 323 336 411  ; 1 2 1 1 2 1 2 1 2 1 2 2 2 3 2 1 1 1 
3.6e+04 ; 3.605e-21 ; True ; 62 82 112 286 290 336 385 411 413  ; 1 2 1 1 1 2 3 2 2 1 3 2 2 6 1 1 1 1 
4.3e+04 ; 4.836e-21 ; True ; 5 62 82 112 116 158 286 321 336 486  ; 1 1 1 1 2 2 2 2 2 1 4 1 2 4 2 1 2 1 
4.4e+04 ; 1.519e-20 ; True ; 5 62 82 112 116 286 290 321 336 411  ; 2 2 1 2 2 2 3 2 1 1 4 2 2 5 1 1 1 1 
4.5e+04 ; 1.681e-20 ; True ; 5 62 82 112 286 290 336 385 411 413  ; 2 2 1 2 1 2 3 2 2 1 4 2 2 7 1 1 1 1 
5.2e+04 ; 2.339e-20 ; True ; 62 112 116 158 286 290 321 336 386 411 486  ; 2 2 1 2 2 2 2 2 2 2 3 2 1 3 2 1 1 1 
5.3e+04 ; 4.239e-20 ; True ; 62 82 112 116 158 286 290 321 336 411 486  ; 1 2 1 1 2 2 3 2 2 2 3 2 2 4 2 1 2 1 
5.4e+04 ; 5.884e-20 ; True ; 5 62 82 112 116 286 290 321 336 411 486  ; 2 2 1 2 2 2 3 2 2 1 4 2 2 5 1 1 2 1 
5.5e+04 ; 6.481e-20 ; True ; 5 48 62 82 112 158 286 290 321 336 413  ; 2 2 1 2 2 2 3 2 2 1 5 2 2 6 2 1 1 1 
6.2e+04 ; 8.899e-20 ; True ; 62 82 112 116 158 286 290 321 323 336 386 413  ; 2 2 1 2 2 2 2 2 2 1 4 2 2 4 3 2 1 1 
6.3e+04 ; 1.57e-19 ; True ; 62 82 112 116 158 286 290 321 336 386 411 486  ; 2 2 1 2 2 2 3 2 2 2 3 2 2 4 2 1 2 1 
6.4e+04 ; 2.086e-19 ; True ; 5 62 82 112 116 158 286 290 321 336 411 486  ; 2 2 1 2 2 2 3 2 2 2 4 2 2 5 2 1 2 1 
6.5e+04 ; 2.225e-19 ; True ; 5 62 82 112 158 286 290 321 336 411 413 486  ; 2 2 1 2 2 2 3 2 2 2 4 2 2 6 2 1 2 1 
6.6e+04 ; 2.487e-19 ; True ; 5 48 62 82 112 158 286 290 321 336 411 413  ; 2 3 1 2 2 2 4 2 2 2 5 2 2 7 2 1 1 1 
7.4e+04 ; 2.586e-19 ; True ; 5 62 82 112 116 158 227 286 287 290 321 336 486  ; 2 2 1 2 2 2 3 2 2 1 4 2 2 4 3 1 2 2 
7.5e+04 ; 5.262e-19 ; True ; 5 62 82 112 116 158 227 286 290 321 323 336 411  ; 2 3 1 2 2 2 4 2 2 2 4 2 2 5 3 1 1 2 
7.6e+04 ; 7.681e-19 ; True ; 5 62 82 112 116 158 227 286 290 321 336 411 486  ; 2 3 1 2 2 2 4 2 2 2 4 2 2 5 2 1 2 2 
7.7e+04 ; 8.196e-19 ; True ; 5 62 82 112 158 227 286 290 321 336 411 413 486  ; 2 3 1 2 2 2 4 2 2 2 4 2 2 6 2 1 2 2 
8.6e+04 ; 1.004e-18 ; True ; 5 62 82 112 116 158 194 286 290 321 323 336 411 486  ; 2 3 1 2 2 2 3 2 3 2 5 2 3 5 3 1 2 1 
8.7e+04 ; 1.425e-18 ; True ; 5 62 82 112 116 158 286 290 321 323 336 411 413 486  ; 2 3 1 2 2 2 3 2 3 2 5 2 2 6 3 2 2 1 
8.8e+04 ; 1.606e-18 ; True ; 5 62 82 112 116 158 227 286 290 321 323 336 411 413  ; 2 4 1 2 2 2 4 2 2 2 5 2 2 6 3 2 1 2 
8.9e+04 ; 2.345e-18 ; True ; 5 62 82 112 116 158 227 286 290 321 336 411 413 486  ; 2 4 1 2 2 2 4 2 2 2 5 2 2 6 2 2 2 2 
1e+05 ; 2.956e-18 ; True ; 5 62 80 82 112 116 158 172 286 290 321 336 385 411 486  ; 2 3 1 2 2 2 3 2 3 2 5 3 2 6 2 2 2 2 
1e+05 ; 3.289e-18 ; True ; 5 62 82 112 116 158 194 227 286 290 321 323 336 411 486  ; 2 4 1 2 2 2 4 2 3 2 5 2 3 5 3 1 2 2 
1.02e+05 ; 3.662e-18 ; True ; 5 62 82 112 139 158 227 286 290 321 323 336 411 413 486  ; 3 3 1 2 3 2 4 2 3 2 4 2 2 7 3 1 2 2 
1.03e+05 ; 5.096e-18 ; True ; 5 62 82 112 116 158 227 286 290 321 336 411 413 477 486  ; 2 4 1 2 2 2 4 3 2 3 5 2 2 6 2 2 2 2 
1.15e+05 ; 6.608e-18 ; True ; 5 62 80 82 112 116 158 172 227 286 290 307 321 336 411 486  ; 2 4 1 3 2 2 4 2 3 2 5 3 2 5 2 2 2 2 
1.16e+05 ; 8.117e-18 ; True ; 5 62 82 112 116 158 227 286 290 321 323 336 411 413 486 489  ; 2 4 1 3 2 2 4 2 3 2 5 2 2 6 4 2 2 2 
1.17e+05 ; 9.79e-18 ; True ; 5 62 82 112 116 158 194 227 242 286 290 321 336 411 413 486  ; 3 5 1 2 3 2 4 2 2 2 6 2 3 6 2 2 2 2 
1.18e+05 ; 1.13e-17 ; True ; 5 62 82 112 116 158 172 227 286 290 321 336 380 385 411 486  ; 3 4 1 2 2 2 4 2 3 3 5 2 2 7 2 2 2 3 
1.31e+05 ; 1.401e-17 ; True ; 5 62 80 82 112 116 158 172 227 286 290 307 321 336 378 411 486  ; 2 4 2 3 2 2 4 2 3 2 5 3 2 6 2 2 2 2 
1.31e+05 ; 1.626e-17 ; True ; 5 62 80 82 112 116 158 172 227 286 290 321 336 380 385 411 486  ; 3 4 1 2 2 2 4 2 3 3 5 3 2 7 2 2 2 3 
1.32e+05 ; 1.77e-17 ; True ; 5 18 62 73 82 112 158 227 286 290 321 323 336 385 411 413 486  ; 2 3 2 2 2 2 5 2 4 2 5 2 2 7 3 2 2 3 
1.33e+05 ; 1.964e-17 ; True ; 2 5 62 82 112 116 158 227 242 286 290 321 336 378 411 413 486  ; 3 4 2 2 3 2 5 2 2 2 6 2 2 8 3 2 2 2 
1.33e+05 ; 2.139e-17 ; True ; 5 62 82 112 116 158 176 194 227 286 290 321 336 385 411 413 486  ; 3 5 1 3 2 2 4 2 3 2 6 2 3 7 2 2 2 3 
1.34e+05 ; 2.273e-17 ; True ; 5 62 82 112 116 158 227 242 286 290 321 336 378 411 413 477 486  ; 3 4 2 2 3 2 4 3 2 3 5 2 2 7 2 2 2 2 
1.48e+05 ; 2.766e-17 ; True ; 5 62 80 82 112 114 116 158 172 227 286 290 321 336 380 385 411 486  ; 3 4 1 2 2 2 4 2 4 3 5 3 2 7 2 2 2 4 
1.49e+05 ; 2.882e-17 ; True ; 5 62 82 112 116 122 158 176 227 286 290 321 323 336 385 411 413 486  ; 3 4 1 3 2 2 4 2 4 2 5 2 3 7 3 2 2 3 
1.49e+05 ; 3.443e-17 ; True ; 5 28 62 82 112 116 139 158 194 227 286 290 321 336 385 411 413 486  ; 3 5 1 2 3 3 4 2 3 2 6 2 3 9 2 2 2 3 
1.5e+05 ; 3.631e-17 ; True ; 5 62 82 112 116 139 158 194 227 286 290 307 321 336 378 380 413 486  ; 4 4 2 3 3 2 3 2 3 2 6 2 3 8 2 2 2 2 
1.5e+05 ; 4.201e-17 ; True ; 5 62 82 112 116 158 176 194 227 286 290 321 336 380 385 411 413 486  ; 4 5 1 3 2 2 4 2 3 3 6 2 3 8 2 2 2 3 
1.51e+05 ; 4.412e-17 ; True ; 5 62 82 112 116 158 172 227 242 286 290 321 336 378 411 413 477 486  ; 3 5 2 2 3 2 4 3 2 3 6 2 2 7 2 3 2 2 
1.52e+05 ; 4.98e-17 ; True ; 5 48 62 82 112 158 172 227 286 290 321 336 378 380 411 413 477 486  ; 3 5 2 2 2 2 5 3 3 4 6 2 2 9 2 2 2 2 
1.65e+05 ; 5.193e-17 ; True ; 2 5 62 80 82 112 114 116 158 172 227 286 290 321 336 380 385 411 486  ; 3 4 1 2 2 2 5 2 4 3 6 3 2 8 3 2 2 4 
1.65e+05 ; 5.244e-17 ; True ; 5 62 80 82 112 114 116 158 172 194 286 290 321 336 378 411 413 477 486  ; 2 5 2 2 2 2 3 3 3 3 7 3 3 7 2 3 2 2 
1.67e+05 ; 6.644e-17 ; True ; 5 28 62 82 112 116 139 158 194 227 286 290 307 321 336 378 411 413 486  ; 3 5 2 3 3 3 4 2 3 2 6 2 3 9 2 2 2 2 
1.67e+05 ; 6.659e-17 ; True ; 5 28 62 82 112 116 139 158 194 227 286 290 321 336 380 385 411 413 486  ; 4 5 1 2 3 3 4 2 3 3 6 2 3 10 2 2 2 3 
1.68e+05 ; 6.861e-17 ; True ; 6 62 73 82 112 114 116 121 158 194 218 286 290 336 386 411 413 477 486  ; 3 4 2 2 2 2 4 3 3 3 6 3 3 6 3 2 2 2 
1.68e+05 ; 8.524e-17 ; True ; 5 62 82 112 116 139 158 194 227 286 290 307 321 336 378 380 411 413 486  ; 4 5 2 3 3 2 4 2 3 3 6 2 3 9 2 2 2 2 
1.7e+05 ; 9.671e-17 ; True ; 5 48 62 82 112 158 172 227 286 290 321 336 378 380 385 411 413 477 486  ; 3 5 2 2 2 2 5 3 4 4 6 2 2 10 2 2 2 3 
1.86e+05 ; 1.187e-16 ; True ; 5 18 28 62 73 82 112 158 172 194 257 286 290 321 336 380 385 411 413 486  ; 3 4 2 3 2 3 4 2 3 3 7 2 3 9 3 3 2 2 
1.86e+05 ; 1.285e-16 ; True ; 5 28 62 82 112 116 139 158 194 227 286 290 307 321 336 378 380 411 413 486  ; 4 5 2 3 3 3 4 2 3 3 6 2 3 10 2 2 2 2 
1.87e+05 ; 1.688e-16 ; True ; 5 6 18 62 73 82 112 158 194 227 286 290 321 336 380 385 411 413 477 486  ; 4 4 2 2 2 2 5 3 3 4 6 3 3 9 2 2 2 3 
1.89e+05 ; 1.752e-16 ; True ; 5 18 62 82 112 114 133 139 158 194 227 286 290 336 378 385 411 413 477 486  ; 3 4 2 3 2 2 5 3 4 3 6 2 3 9 3 2 2 3 
2.05e+05 ; 1.839e-16 ; True ; 5 28 62 82 112 116 139 158 194 227 286 290 321 336 380 385 411 413 452 477 486  ; 4 5 1 3 3 3 4 3 3 4 6 2 3 10 2 2 2 3 
2.06e+05 ; 2.468e-16 ; True ; 5 28 62 82 112 116 121 139 158 194 227 286 290 307 321 336 378 380 411 413 486  ; 4 5 2 3 3 3 5 2 3 3 7 2 3 10 2 2 2 3 
2.08e+05 ; 3.003e-16 ; True ; 5 6 18 62 73 82 112 114 133 158 194 218 227 286 290 336 385 411 413 477 486  ; 3 4 2 3 2 2 5 3 4 3 6 3 3 8 4 2 2 3 
2.09e+05 ; 3.068e-16 ; True ; 5 6 18 62 82 112 114 133 158 194 218 227 286 290 336 378 385 411 413 477 486  ; 3 4 2 3 2 2 5 3 4 3 6 3 3 9 4 2 2 3 
2.09e+05 ; 3.19e-16 ; True ; 5 6 18 62 73 82 112 114 139 172 194 218 227 286 290 336 385 411 413 477 486  ; 4 5 2 2 3 2 5 3 4 2 7 3 3 9 2 3 2 3 
2.1e+05 ; 3.25e-16 ; True ; 5 6 18 62 82 112 114 133 139 172 194 218 227 286 290 336 378 411 413 477 486  ; 4 5 2 3 3 2 5 3 3 2 7 3 3 9 3 3 2 2 
2.27e+05 ; 3.311e-16 ; True ; 5 18 28 62 73 82 112 139 158 172 194 257 286 290 321 328 336 380 385 411 413 486  ; 4 4 2 3 3 3 4 2 3 3 7 3 3 10 3 3 2 2 
2.27e+05 ; 3.364e-16 ; True ; 5 28 62 82 112 116 121 139 158 194 227 286 290 307 321 336 378 380 394 411 413 486  ; 4 5 2 3 3 3 5 2 3 3 7 2 3 10 3 2 2 3 
2.28e+05 ; 4.015e-16 ; True ; 5 18 62 73 82 112 114 121 158 172 194 218 227 286 290 325 336 380 411 413 477 486  ; 3 5 2 2 3 2 6 3 3 4 8 2 3 7 3 3 2 3 
2.28e+05 ; 4.098e-16 ; True ; 5 6 18 62 69 73 82 112 114 133 158 172 194 227 286 290 321 336 411 413 477 486  ; 3 5 2 3 2 2 6 3 3 3 7 3 3 7 3 3 2 3 
2.29e+05 ; 4.894e-16 ; True ; 5 6 18 62 73 82 112 114 121 158 172 194 218 227 253 286 290 336 380 411 477 486  ; 4 4 2 2 3 2 6 3 3 4 7 3 3 7 4 2 2 3 
2.3e+05 ; 5.814e-16 ; True ; 5 6 18 62 82 112 114 133 158 172 194 218 227 286 290 336 378 385 411 413 477 486  ; 3 5 2 3 2 2 5 3 4 3 7 3 3 9 4 3 2 3 
2.49e+05 ; 6.135e-16 ; True ; 5 6 28 62 73 82 112 114 133 145 158 172 194 227 286 290 321 336 385 411 413 477 486  ; 3 5 2 4 2 3 4 3 4 3 6 3 3 9 3 2 2 4 
2.49e+05 ; 6.244e-16 ; True ; 5 18 62 82 112 133 139 158 172 194 227 283 286 290 321 322 336 378 385 411 413 477 486  ; 3 5 2 4 3 2 5 3 3 4 7 2 3 9 3 3 2 3 
2.5e+05 ; 7.082e-16 ; True ; 5 6 18 62 73 82 112 121 158 172 194 218 227 286 290 336 380 385 407 411 413 477 486  ; 4 5 2 2 2 2 6 3 4 4 8 3 3 10 3 3 2 3 
2.51e+05 ; 7.21e-16 ; True ; 5 6 18 62 82 112 114 121 158 172 194 218 227 286 290 325 336 378 380 385 411 477 486  ; 4 4 2 2 3 2 6 3 4 4 7 3 3 9 3 2 2 4 
2.51e+05 ; 8.668e-16 ; True ; 5 6 18 62 73 82 112 114 133 158 172 194 218 227 286 290 336 378 385 411 413 477 486  ; 3 5 3 3 2 2 5 3 4 3 7 3 3 9 4 3 2 3 
2.71e+05 ; 9.711e-16 ; True ; 1 5 6 18 62 73 82 112 114 121 158 172 194 218 286 290 336 378 385 386 411 413 477 486  ; 4 5 3 3 2 2 5 3 4 3 8 3 3 9 3 3 2 3 
2.73e+05 ; 1.25e-15 ; True ; 5 6 18 62 73 82 112 114 121 158 172 194 201 218 286 290 336 378 385 386 411 413 477 486  ; 4 4 3 4 2 2 5 3 4 3 8 3 3 9 4 3 2 3 
2.73e+05 ; 1.285e-15 ; True ; 5 6 18 62 73 82 112 114 133 156 158 172 194 218 227 286 290 321 336 385 411 413 477 486  ; 3 5 2 3 3 2 6 3 4 3 7 3 3 8 4 3 2 4 
2.74e+05 ; 1.588e-15 ; True ; 5 6 18 62 73 82 112 114 121 158 172 194 218 227 286 290 336 380 385 386 411 413 477 486  ; 5 5 2 3 2 2 6 3 4 4 8 3 3 9 3 3 2 4 
2.96e+05 ; 1.655e-15 ; True ; 5 6 18 62 73 82 112 114 121 127 158 172 194 218 227 286 290 325 378 385 386 411 413 477 486  ; 4 5 2 3 3 2 6 3 3 3 8 3 3 8 3 3 3 4 
2.97e+05 ; 2.403e-15 ; True ; 5 6 18 62 73 82 112 114 121 158 172 194 201 218 227 286 290 336 378 380 385 411 413 477 486  ; 4 5 3 3 2 2 6 3 4 4 8 3 3 10 4 3 2 4 
2.98e+05 ; 2.404e-15 ; True ; 5 6 18 62 73 82 112 114 121 158 172 194 218 227 286 290 336 378 380 385 386 411 413 477 486  ; 5 5 3 3 2 2 6 3 4 4 8 3 3 10 3 3 2 4 
3.2e+05 ; 2.532e-15 ; True ; 5 6 18 62 73 82 112 114 121 127 158 172 201 218 222 227 286 290 336 378 380 386 411 413 477 486  ; 5 4 3 4 3 2 6 3 3 4 7 3 2 9 4 3 3 3 
3.22e+05 ; 2.749e-15 ; True ; 5 6 18 31 62 73 82 112 114 121 158 172 194 201 218 227 286 290 336 378 380 385 411 413 477 486  ; 4 5 3 3 2 2 6 3 4 4 8 3 3 10 5 3 2 4 
3.22e+05 ; 2.924e-15 ; True ; 5 6 7 18 62 73 82 112 114 121 158 172 194 218 227 286 290 336 378 380 385 386 411 413 477 486  ; 5 5 3 3 2 2 6 3 4 4 8 3 3 10 4 3 2 4 
3.23e+05 ; 3.171e-15 ; True ; 5 6 18 28 62 82 92 112 114 121 139 158 172 194 218 227 286 290 336 378 380 411 413 420 477 486  ; 5 5 2 2 3 3 7 3 3 4 9 3 3 12 4 3 3 3 
3.47e+05 ; 4.885e-15 ; True ; 5 6 18 28 62 73 82 112 114 139 158 172 194 199 218 227 253 286 290 336 378 380 385 386 411 413 486  ; 6 5 3 3 4 3 6 2 4 4 7 3 3 12 4 3 2 3 
3.49e+05 ; 5.186e-15 ; True ; 5 6 18 28 62 82 92 112 114 121 139 158 172 194 218 227 257 286 290 336 378 380 411 413 420 477 486  ; 5 5 2 3 3 3 7 3 3 4 9 3 3 12 5 3 3 3 
3.74e+05 ; 5.356e-15 ; True ; 5 6 18 28 62 82 112 114 121 139 158 172 194 218 227 286 290 329 336 354 378 380 407 411 413 420 477 486  ; 5 5 2 3 3 3 6 3 4 4 8 3 3 12 3 3 3 4 
3.74e+05 ; 6.004e-15 ; True ; 5 6 7 18 62 73 82 112 114 121 158 172 194 199 218 227 286 290 300 336 378 380 385 386 411 413 477 486  ; 5 5 3 3 3 2 7 3 4 5 8 3 3 10 4 3 2 4 
3.75e+05 ; 6.596e-15 ; True ; 5 6 18 28 62 82 92 112 114 121 139 158 172 194 218 227 257 286 290 336 378 380 411 413 414 420 477 486  ; 5 5 2 4 3 3 7 3 3 4 9 3 3 12 5 3 3 3 
3.76e+05 ; 6.862e-15 ; True ; 5 6 18 28 62 82 92 112 114 121 139 158 172 194 218 227 257 286 290 336 378 380 393 411 413 420 477 486  ; 5 5 2 3 3 3 7 3 3 4 9 3 4 13 5 3 3 3 
4.02e+05 ; 7.033e-15 ; True ; 5 6 18 28 62 82 112 114 121 139 158 172 187 194 218 227 286 290 329 336 354 378 380 407 411 413 420 477 486  ; 5 5 2 3 3 3 6 3 4 4 8 3 3 12 3 4 3 4 
4.03e+05 ; 7.87e-15 ; True ; 5 6 18 28 62 82 92 112 114 121 139 158 172 194 218 227 257 286 290 336 378 380 411 413 414 420 474 477 486  ; 5 5 2 5 3 3 7 3 3 4 9 3 3 12 5 3 3 3 
4.03e+05 ; 8.907e-15 ; True ; 5 6 18 28 62 82 92 112 114 121 139 158 172 187 194 218 227 275 286 290 297 336 378 380 411 413 420 477 486  ; 6 5 2 3 3 3 7 3 3 4 9 4 3 12 4 4 3 3 
4.31e+05 ; 1.018e-14 ; True ; 5 6 18 28 62 82 92 112 114 121 139 158 172 187 194 218 227 286 290 329 336 354 378 380 407 411 413 420 477 486  ; 5 5 2 3 3 3 7 3 4 4 9 3 3 13 4 4 3 4 
4.31e+05 ; 1.119e-14 ; True ; 5 6 18 28 62 82 112 114 121 139 158 172 187 194 218 227 253 286 290 329 336 354 378 380 407 411 413 420 477 486  ; 5 5 2 3 4 3 6 3 4 4 8 3 3 12 4 4 3 4 
4.6e+05 ; 1.174e-14 ; True ; 5 6 18 28 62 82 92 112 114 121 139 158 172 187 194 218 227 286 290 329 336 354 366 378 380 407 411 413 420 477 486  ; 5 6 2 3 3 3 7 3 4 4 9 3 3 13 4 4 3 4 
4.61e+05 ; 1.254e-14 ; True ; 5 6 18 28 62 82 92 112 114 121 139 149 158 172 187 194 218 227 286 290 329 336 354 378 380 407 411 413 420 477 486  ; 5 5 2 3 3 3 7 3 4 4 9 3 3 14 4 4 3 5 

RUN 2:
Optimum Distance: 0

Optimal Team: 
Required Skills: 5 6 8 10 11 13 16 17 20 22 26 27 29 34 38 42 49 55 
Distance; Skill Score; isValid; Team; Skill Counts
2.6e+04 ; 8.693e-23 ; True ; 6 82 116 201 286 321 336 411  ; 1 2 1 1 1 1 3 1 1 1 2 1 1 5 1 1 1 1 
2.7e+04 ; 3.426e-22 ; True ; 62 82 112 116 290 321 336 411  ; 1 2 1 1 2 1 2 1 1 1 2 2 2 3 1 1 1 1 
2.8e+04 ; 4.375e-22 ; True ; 62 82 112 290 336 385 411 413  ; 1 2 1 1 1 1 2 1 2 1 2 2 2 5 1 1 1 1 
3.4e+04 ; 6.856e-22 ; True ; 5 62 82 116 158 286 321 336 486  ; 1 1 1 1 2 2 2 1 2 1 4 1 1 4 1 1 2 1 
3.5e+04 ; 3.086e-21 ; True ; 62 82 112 116 286 290 321 336 411  ; 1 2 1 1 2 2 3 2 1 1 3 2 2 4 1 1 1 1 
4.2e+04 ; 3.237e-21 ; True ; 6 62 82 116 201 286 321 336 386 411  ; 2 2 1 2 2 2 3 1 1 1 3 2 1 5 1 1 1 1 
4.3e+04 ; 6.833e-21 ; True ; 48 62 82 112 116 158 286 321 336 386  ; 1 2 1 1 2 2 3 2 2 1 4 1 2 4 2 1 1 1 
4.4e+04 ; 1.497e-20 ; True ; 48 62 82 112 116 286 290 321 336 411  ; 1 3 1 1 2 2 4 2 2 1 4 2 2 5 1 1 1 1 
5.2e+04 ; 2.446e-20 ; True ; 62 82 112 116 158 286 290 321 336 386 486  ; 2 1 1 2 2 2 2 2 2 1 3 2 2 3 2 1 2 1 
5.3e+04 ; 4.856e-20 ; True ; 48 62 82 112 116 158 286 290 321 336 386  ; 2 2 1 2 2 2 3 2 2 1 4 2 2 4 2 1 1 1 
5.4e+04 ; 6.713e-20 ; True ; 5 48 62 82 112 116 286 290 321 336 411  ; 2 3 1 2 2 2 4 2 2 1 5 2 2 6 1 1 1 1 
6.2e+04 ; 7.934e-20 ; True ; 6 48 62 82 112 116 197 201 286 321 336 411  ; 1 3 1 2 2 2 4 2 2 1 4 3 2 6 2 1 1 1 
6.3e+04 ; 1.412e-19 ; True ; 48 62 82 112 116 158 286 290 321 336 386 486  ; 2 2 1 2 2 2 3 2 3 1 4 2 2 4 2 1 2 1 
6.4e+04 ; 2.086e-19 ; True ; 5 62 82 112 116 158 286 290 321 336 411 486  ; 2 2 1 2 2 2 3 2 2 2 4 2 2 5 2 1 2 1 
6.5e+04 ; 2.38e-19 ; True ; 5 48 62 82 112 116 158 286 290 321 336 411  ; 2 3 1 2 2 2 4 2 2 2 5 2 2 6 2 1 1 1 
6.6e+04 ; 2.487e-19 ; True ; 5 48 62 82 112 158 286 290 321 336 411 413  ; 2 3 1 2 2 2 4 2 2 2 5 2 2 7 2 1 1 1 
7.5e+04 ; 3.055e-19 ; True ; 6 48 62 82 112 116 158 201 286 290 321 336 486  ; 2 2 1 2 2 2 3 2 3 1 4 3 2 5 3 1 2 1 
7.6e+04 ; 6.502e-19 ; True ; 5 48 62 82 112 116 158 227 286 290 321 336 486  ; 2 3 1 2 2 2 4 2 3 1 5 2 2 5 2 1 2 2 
7.7e+04 ; 7.308e-19 ; True ; 5 48 62 82 112 116 158 227 286 290 321 336 411  ; 2 4 1 2 2 2 5 2 2 2 5 2 2 6 2 1 1 2 
8.7e+04 ; 9.697e-19 ; True ; 6 48 62 82 112 116 197 201 227 286 321 336 380 411  ; 2 4 1 2 2 2 5 2 2 2 4 3 2 7 2 1 1 2 
8.8e+04 ; 1.755e-18 ; True ; 48 62 82 112 116 158 227 286 290 321 336 386 411 486  ; 2 4 1 2 2 2 5 2 3 2 4 2 2 5 2 1 2 2 
8.9e+04 ; 2.096e-18 ; True ; 5 18 62 82 112 116 158 227 286 290 321 336 411 486  ; 2 3 1 2 2 2 5 2 2 2 5 2 2 5 2 2 2 2 
1.01e+05 ; 2.574e-18 ; True ; 6 48 62 82 112 116 158 194 201 286 290 321 336 411 486  ; 2 4 1 2 2 2 4 2 3 2 5 3 3 6 3 1 2 1 
1.02e+05 ; 3.676e-18 ; True ; 6 48 62 82 112 116 158 201 227 286 290 321 336 411 486  ; 2 4 1 2 2 2 5 2 3 2 4 3 2 6 3 1 2 2 
1.03e+05 ; 4.757e-18 ; True ; 5 48 62 82 112 116 158 227 286 290 321 336 380 411 486  ; 3 4 1 2 2 2 5 2 3 3 5 2 2 7 2 1 2 2 
1.04e+05 ; 4.891e-18 ; True ; 5 62 82 112 116 172 201 227 286 290 321 336 380 411 486  ; 3 4 1 3 2 2 4 2 2 2 5 2 2 6 2 2 2 2 
1.15e+05 ; 6.723e-18 ; True ; 6 48 62 82 112 116 158 172 197 201 227 286 321 336 380 486  ; 2 4 1 2 2 2 4 2 3 2 5 3 2 6 3 2 2 2 
1.16e+05 ; 7.529e-18 ; True ; 6 48 62 82 112 116 197 201 227 286 290 321 336 380 411 486  ; 3 4 1 3 2 2 5 2 3 2 4 4 2 7 2 1 2 2 
1.17e+05 ; 9.327e-18 ; True ; 6 48 62 82 112 116 158 172 201 227 286 290 321 336 477 486  ; 2 4 1 2 2 2 4 3 3 2 5 3 2 5 3 2 2 2 
1.18e+05 ; 1.102e-17 ; True ; 5 48 62 82 112 116 158 172 227 253 286 290 321 336 411 486  ; 2 5 1 2 3 2 5 2 3 2 6 2 2 6 3 2 2 2 
1.19e+05 ; 1.198e-17 ; True ; 5 48 62 82 112 116 172 201 227 286 290 321 336 380 411 486  ; 3 5 1 3 2 2 5 2 3 2 6 2 2 7 2 2 2 2 
1.3e+05 ; 1.207e-17 ; True ; 6 48 62 82 112 116 158 172 197 201 227 286 289 321 336 380 486  ; 2 5 1 3 2 2 4 2 3 2 5 3 2 7 3 2 2 2 
1.31e+05 ; 1.806e-17 ; True ; 6 48 62 82 112 116 158 172 197 201 227 286 290 321 336 411 486  ; 2 5 1 3 2 2 5 2 3 2 5 4 2 6 3 2 2 2 
1.32e+05 ; 1.843e-17 ; True ; 6 48 62 82 112 116 158 172 194 201 227 286 290 321 336 411 486  ; 2 6 1 2 2 2 5 2 3 2 6 3 3 6 3 2 2 2 
1.33e+05 ; 2.164e-17 ; True ; 48 62 82 112 116 158 197 201 227 286 290 321 336 380 411 413 486  ; 2 5 1 3 2 2 5 2 3 3 5 3 2 7 3 2 2 2 
1.34e+05 ; 2.681e-17 ; True ; 5 48 62 82 112 116 139 158 172 227 286 290 321 336 411 477 486  ; 3 5 1 2 3 2 5 3 3 3 6 2 2 7 2 2 2 2 
1.48e+05 ; 3.134e-17 ; True ; 6 48 62 82 112 158 194 197 201 227 286 290 321 336 380 411 413 486  ; 3 5 1 3 2 2 5 2 3 3 5 4 3 8 3 1 2 2 
1.49e+05 ; 3.784e-17 ; True ; 6 48 62 82 112 116 158 172 194 201 226 227 286 290 321 336 477 486  ; 3 5 1 3 2 2 4 3 3 2 6 3 3 5 3 2 2 2 
1.5e+05 ; 4.001e-17 ; True ; 48 62 82 112 116 158 172 197 201 227 286 290 321 336 380 411 477 486  ; 2 5 1 3 2 2 5 3 3 4 5 3 2 6 3 2 2 2 
1.51e+05 ; 4.654e-17 ; True ; 5 48 62 82 112 116 158 172 201 227 286 290 321 336 385 411 477 486  ; 2 5 1 3 2 2 5 3 4 3 6 2 2 7 3 2 2 3 
1.65e+05 ; 5.153e-17 ; True ; 6 48 62 82 112 116 158 194 197 201 227 254 286 290 321 336 380 411 486  ; 3 5 1 3 2 2 5 2 4 4 5 4 3 7 3 1 2 2 
1.66e+05 ; 6.159e-17 ; True ; 6 48 62 82 112 116 121 194 197 201 286 290 321 336 378 380 411 477 486  ; 3 4 2 3 2 2 5 3 3 3 6 4 3 8 2 1 2 2 
1.67e+05 ; 8.007e-17 ; True ; 6 48 62 82 112 116 158 172 194 201 227 286 290 321 336 385 411 477 486  ; 2 6 1 2 2 2 5 3 4 3 6 3 3 7 3 2 2 3 
1.68e+05 ; 9.222e-17 ; True ; 5 6 48 62 82 112 116 158 172 201 227 286 290 321 336 385 410 411 486  ; 3 5 2 3 2 2 5 2 4 2 6 3 2 8 3 2 2 3 
1.84e+05 ; 1.281e-16 ; True ; 6 48 62 82 112 116 158 172 194 197 201 227 254 286 290 321 336 380 411 486  ; 3 6 1 3 2 2 5 2 4 4 6 4 3 7 3 2 2 2 
1.85e+05 ; 1.556e-16 ; True ; 6 48 62 82 112 116 121 172 194 197 201 286 290 321 336 378 380 411 477 486  ; 3 5 2 3 2 2 5 3 3 3 7 4 3 8 2 2 2 2 
1.87e+05 ; 1.677e-16 ; True ; 5 6 48 62 82 112 116 158 172 201 226 227 286 290 321 336 410 411 477 486  ; 4 5 2 4 2 2 5 3 3 3 6 3 2 7 3 2 2 2 
1.88e+05 ; 1.766e-16 ; True ; 5 6 48 62 82 112 116 172 201 227 243 286 290 321 336 380 410 411 477 486  ; 4 5 2 3 2 2 5 3 4 3 6 3 2 8 3 2 2 2 
2.05e+05 ; 1.907e-16 ; True ; 6 48 62 82 112 116 121 194 197 201 227 286 290 321 336 378 380 411 420 477 486  ; 3 5 2 3 2 2 6 3 3 3 6 4 3 8 2 1 3 3 
2.06e+05 ; 2.381e-16 ; True ; 5 6 48 62 82 112 116 158 172 201 226 227 286 289 290 321 336 410 411 477 486  ; 4 6 2 5 2 2 5 3 3 3 6 3 2 8 3 2 2 2 
2.07e+05 ; 3.307e-16 ; True ; 5 6 48 62 82 112 116 158 172 201 226 227 286 290 321 336 385 410 411 477 486  ; 4 5 2 4 2 2 5 3 4 3 6 3 2 8 3 2 2 3 
2.25e+05 ; 3.434e-16 ; True ; 2 4 48 62 82 112 116 139 172 217 226 227 243 286 290 321 336 378 380 411 477 486  ; 4 5 2 2 3 2 6 3 4 3 7 3 2 9 3 3 2 2 
2.26e+05 ; 3.86e-16 ; True ; 2 18 62 82 112 114 116 139 172 226 227 243 286 290 321 336 380 410 411 423 477 486  ; 4 4 2 2 3 2 6 3 4 3 6 3 2 8 3 3 2 3 
2.27e+05 ; 3.87e-16 ; True ; 2 5 18 48 62 82 112 114 116 139 187 226 227 243 286 290 321 336 410 411 477 486  ; 4 4 2 3 3 2 7 3 5 2 7 2 2 8 3 3 2 3 
2.28e+05 ; 4.801e-16 ; True ; 5 6 48 62 82 112 116 158 172 201 226 227 286 290 297 321 336 385 410 411 477 486  ; 5 5 2 5 2 2 5 3 4 3 6 3 2 8 3 2 2 3 
2.28e+05 ; 5.044e-16 ; True ; 2 5 18 48 62 82 112 116 139 172 226 227 243 286 290 321 336 378 380 411 477 486  ; 5 5 2 3 3 2 7 3 4 3 8 2 2 10 3 3 2 2 
2.3e+05 ; 5.342e-16 ; True ; 5 18 48 62 82 112 114 116 139 172 226 227 243 286 290 321 336 380 410 411 477 486  ; 5 5 2 3 3 2 6 3 5 3 7 2 2 8 2 3 2 3 
2.48e+05 ; 6.259e-16 ; True ; 2 5 18 48 62 82 112 114 116 139 172 226 227 257 286 290 321 336 380 410 411 423 486  ; 5 5 2 4 3 2 7 2 4 2 8 3 2 10 3 3 2 3 
2.49e+05 ; 7.013e-16 ; True ; 2 5 18 62 82 112 114 116 139 172 217 226 227 243 286 290 321 336 378 380 411 477 486  ; 5 4 2 3 3 2 6 3 4 3 8 2 2 9 3 4 2 3 
2.5e+05 ; 7.859e-16 ; True ; 5 18 48 62 82 112 114 116 139 172 226 227 243 286 290 321 336 380 410 411 423 477 486  ; 5 5 2 3 3 2 6 3 5 3 7 3 2 9 2 3 2 3 
2.5e+05 ; 9.047e-16 ; True ; 2 5 18 48 62 82 112 114 116 139 172 226 227 243 286 290 321 336 378 380 411 477 486  ; 5 5 2 3 3 2 7 3 5 3 8 2 2 10 3 3 2 3 
2.7e+05 ; 9.642e-16 ; True ; 2 5 18 48 62 82 112 116 139 172 187 226 227 243 286 290 321 336 378 380 411 423 477 486  ; 5 5 2 3 3 2 7 3 4 3 8 3 2 11 3 4 2 2 
2.71e+05 ; 9.738e-16 ; True ; 2 5 18 48 62 82 112 114 116 139 172 226 227 243 286 290 297 321 336 380 411 423 477 486  ; 6 5 1 4 3 2 7 3 5 3 8 3 2 10 3 3 2 3 
2.71e+05 ; 1.071e-15 ; True ; 2 5 48 62 82 112 114 116 139 172 187 226 227 243 286 290 321 336 358 380 410 411 477 486  ; 5 5 2 3 3 2 6 3 5 3 7 3 2 9 3 3 2 3 
2.72e+05 ; 1.145e-15 ; True ; 2 18 48 62 82 112 114 116 139 172 217 226 227 243 286 290 297 321 336 380 410 411 477 486  ; 5 5 2 3 3 2 7 3 5 3 8 2 2 8 3 4 2 3 
2.72e+05 ; 1.188e-15 ; True ; 2 5 18 48 62 82 112 114 116 139 172 187 226 227 243 286 290 321 336 378 380 411 477 486  ; 5 5 2 3 3 2 7 3 5 3 8 2 2 10 3 4 2 3 
2.73e+05 ; 1.324e-15 ; True ; 2 5 18 48 62 82 112 114 116 139 172 226 227 243 286 290 297 321 336 380 410 411 477 486  ; 6 5 2 4 3 2 7 3 5 3 8 2 2 9 3 3 2 3 
2.94e+05 ; 1.481e-15 ; True ; 2 5 18 62 82 112 114 116 139 172 226 227 243 257 286 290 321 336 380 410 411 423 475 477 486  ; 5 4 2 4 4 2 6 3 4 3 7 3 2 9 4 3 2 3 
2.94e+05 ; 1.634e-15 ; True ; 2 5 48 62 82 112 114 116 139 172 187 226 227 243 286 290 297 321 336 378 380 411 423 477 486  ; 6 5 2 4 3 2 6 3 5 3 7 3 2 11 3 3 2 3 
2.94e+05 ; 1.657e-15 ; True ; 2 4 5 48 62 82 112 114 116 139 172 187 226 227 243 257 286 290 321 336 380 410 411 477 486  ; 5 5 2 4 3 2 6 3 5 3 7 3 2 9 4 3 2 3 
2.96e+05 ; 1.804e-15 ; True ; 2 5 18 48 62 82 112 114 116 139 172 217 226 227 243 286 290 297 321 336 380 410 411 477 486  ; 6 5 2 4 3 2 7 3 5 3 9 2 2 9 3 4 2 3 
2.97e+05 ; 1.906e-15 ; True ; 2 5 18 19 48 62 82 112 114 116 139 172 226 227 243 286 290 297 321 336 380 410 411 477 486  ; 6 5 2 4 3 2 7 3 5 3 8 3 2 9 3 3 2 3 
3.18e+05 ; 1.945e-15 ; True ; 2 5 18 62 82 93 112 114 116 139 172 226 227 243 257 286 290 321 336 380 410 411 423 475 477 486  ; 5 4 2 4 4 2 6 3 4 3 7 3 2 9 4 4 2 3 
3.19e+05 ; 2.01e-15 ; True ; 2 5 18 62 82 87 112 114 116 139 172 226 227 243 257 286 290 321 336 380 410 411 423 475 477 486  ; 6 4 2 4 4 2 6 3 4 3 7 3 2 10 5 3 2 3 
3.19e+05 ; 2.569e-15 ; True ; 2 5 18 48 62 82 112 114 116 139 172 187 226 227 243 286 290 297 321 336 378 380 411 423 477 486  ; 6 5 2 4 3 2 7 3 5 3 8 3 2 11 3 4 2 3 
3.21e+05 ; 2.721e-15 ; True ; 2 5 18 48 62 82 112 114 116 139 172 217 226 227 243 286 290 296 321 336 378 380 410 411 477 486  ; 5 5 3 3 3 2 7 3 5 3 9 2 3 10 3 4 2 3 
3.22e+05 ; 2.735e-15 ; True ; 2 5 18 19 48 57 62 82 112 114 116 139 172 194 227 250 253 286 290 297 321 336 410 411 477 486  ; 4 6 2 3 4 3 7 3 4 2 10 3 3 9 3 3 2 4 
3.43e+05 ; 2.768e-15 ; True ; 2 4 5 18 62 82 112 114 116 139 172 187 225 226 227 243 257 286 290 321 336 358 380 410 411 477 486  ; 5 4 2 4 3 3 6 3 4 3 7 4 2 8 4 4 2 3 
3.44e+05 ; 3.831e-15 ; True ; 2 5 18 48 62 73 82 112 114 116 139 172 187 226 227 243 286 290 297 321 336 378 380 411 423 477 486  ; 6 5 3 4 3 2 7 3 5 3 8 3 2 11 3 4 2 3 
3.44e+05 ; 3.869e-15 ; True ; 2 4 5 18 48 62 82 112 114 116 139 172 187 225 226 227 243 257 286 290 321 336 380 410 411 477 486  ; 5 5 2 4 3 3 7 3 5 3 8 3 2 9 4 4 2 3 
3.46e+05 ; 4.04e-15 ; True ; 2 5 18 48 62 82 112 114 116 139 172 217 226 227 232 243 286 290 296 321 336 378 380 410 411 477 486  ; 5 5 3 3 3 3 7 3 5 3 9 2 3 10 3 4 2 3 
3.7e+05 ; 4.955e-15 ; True ; 2 4 5 18 48 62 82 112 114 116 139 172 187 225 226 227 243 257 286 290 321 336 358 380 410 411 477 486  ; 5 5 2 4 3 3 7 3 5 3 8 4 2 9 4 4 2 3 
3.73e+05 ; 5.284e-15 ; True ; 2 5 18 48 62 82 112 114 116 139 172 196 217 226 227 232 243 286 290 296 321 336 378 380 410 411 477 486  ; 5 5 3 3 4 3 7 3 5 3 9 2 3 10 3 4 2 3 
3.74e+05 ; 5.465e-15 ; True ; 2 5 18 19 48 57 62 82 112 114 116 139 172 194 226 227 250 286 290 297 321 336 363 380 410 411 477 486  ; 6 6 2 4 4 3 7 3 4 3 10 3 3 11 2 3 2 4 
3.98e+05 ; 5.913e-15 ; True ; 2 4 5 18 48 62 82 112 114 116 139 172 187 225 226 227 243 257 283 286 290 321 336 358 380 410 411 477 486  ; 5 5 2 5 3 3 7 3 5 3 8 4 2 9 4 4 2 3 
4e+05 ; 7.449e-15 ; True ; 2 5 18 19 48 57 62 82 112 114 116 139 172 194 210 226 227 250 286 290 297 321 336 363 380 410 411 477 486  ; 6 6 2 4 4 3 7 3 4 3 10 3 3 11 3 3 2 4 
4.29e+05 ; 9.059e-15 ; True ; 2 5 18 19 48 57 62 82 112 114 116 139 172 194 210 226 227 250 286 290 297 302 321 336 363 380 410 411 477 486  ; 6 6 2 4 4 3 7 3 4 3 10 3 3 11 4 3 2 4 
4.57e+05 ; 9.259e-15 ; True ; 2 5 18 19 48 57 62 82 112 114 116 139 172 194 205 210 226 227 250 286 290 297 302 321 336 363 380 410 411 477 486  ; 6 6 2 4 4 3 7 3 4 3 11 3 3 11 4 3 2 4 
4.59e+05 ; 1.237e-14 ; True ; 2 5 18 19 48 57 62 82 112 114 116 133 139 172 194 210 226 227 250 286 290 297 302 321 336 363 380 410 411 477 486  ; 6 6 2 5 4 3 7 3 4 3 10 3 3 11 5 3 2 4 
4.88e+05 ; 1.299e-14 ; True ; 2 5 18 19 48 57 62 82 112 114 116 139 172 194 205 210 226 227 250 253 286 290 297 302 321 336 363 380 410 411 477 486  ; 6 6 2 4 5 3 7 3 4 3 11 3 3 11 5 3 2 4 
4.9e+05 ; 1.418e-14 ; True ; 2 5 18 19 48 57 62 82 112 114 116 133 139 172 194 210 226 227 250 286 290 297 302 321 336 363 380 410 411 431 477 486  ; 6 6 2 6 4 3 7 3 4 3 10 3 3 11 5 3 2 4 
5.2e+05 ; 1.461e-14 ; True ; 5 8 16 44 48 62 82 92 108 112 116 119 122 139 172 187 196 201 226 227 243 254 286 290 321 336 358 378 380 410 477 486 490  ; 5 4 3 4 4 2 5 4 5 4 10 4 3 10 4 4 2 4 
5.2e+05 ; 1.556e-14 ; True ; 2 5 18 19 48 57 62 82 112 114 116 139 172 194 205 210 226 227 250 253 286 290 297 302 321 336 339 363 380 410 411 477 486  ; 6 6 2 4 6 3 7 3 4 3 12 3 3 11 5 3 2 4 
5.51e+05 ; 1.744e-14 ; True ; 5 8 16 44 48 62 82 92 108 112 116 119 122 139 172 187 196 201 226 227 243 254 286 290 321 336 358 378 380 410 474 477 486 490  ; 5 4 3 5 4 2 5 4 5 4 10 4 3 10 4 4 2 4 
5.52e+05 ; 1.792e-14 ; True ; 5 8 16 44 48 62 82 92 108 112 116 119 122 139 172 187 196 201 222 226 227 243 254 286 290 321 336 358 378 380 410 477 486 490  ; 5 4 3 4 5 2 5 4 5 4 10 4 3 10 4 4 2 4 
5.53e+05 ; 1.799e-14 ; True ; 5 8 16 44 48 62 82 92 108 112 116 119 122 139 172 187 196 201 226 227 243 254 286 290 321 336 344 358 378 380 410 477 486 490  ; 5 4 3 4 4 2 5 4 5 4 10 4 3 10 4 5 2 4 
5.53e+05 ; 2.181e-14 ; True ; 5 8 16 44 48 62 82 92 108 112 116 119 122 139 172 181 187 196 201 226 227 243 254 286 290 321 336 358 378 380 410 477 486 490  ; 5 4 3 4 4 2 5 4 5 4 10 4 3 10 4 4 3 4 
5.88e+05 ; 2.517e-14 ; True ; 5 8 16 44 48 62 82 92 104 108 112 116 122 139 172 176 187 196 201 226 227 243 250 254 286 290 321 336 344 358 378 380 477 486 490  ; 6 4 2 5 4 3 5 4 5 4 10 4 3 11 4 4 2 5 
6.22e+05 ; 3.081e-14 ; True ; 5 8 16 44 48 62 82 92 104 108 112 116 122 137 139 172 176 187 196 201 226 227 243 250 254 286 290 321 336 344 358 378 380 477 486 490  ; 6 4 2 5 4 3 5 4 5 5 10 4 3 11 4 4 2 5 
6.23e+05 ; 4.375e-14 ; True ; 5 8 16 44 48 62 82 92 104 108 112 116 122 139 172 176 187 196 201 226 227 243 250 254 286 290 321 336 344 358 378 380 411 477 486 490  ; 6 5 2 5 4 3 6 4 5 5 10 4 3 12 4 4 2 5 

RUN 3:
Optimum Distance: 0

Optimal Team: 
Required Skills: 5 6 8 10 11 13 16 17 20 22 26 27 29 34 38 42 49 55 
Distance; Skill Score; isValid; Team; Skill Counts
2e+04 ; 2.404e-23 ; True ; 82 116 158 286 290 321 336  ; 1 1 1 1 1 1 2 1 1 1 2 1 1 3 1 1 1 1 
2.5e+04 ; 8.477e-23 ; True ; 82 116 158 286 290 321 323 336  ; 1 1 1 1 1 1 2 1 2 1 2 1 1 3 2 1 1 1 
2.6e+04 ; 1.785e-22 ; True ; 62 82 112 116 321 336 386 411  ; 1 2 1 1 2 1 2 1 1 1 2 1 2 3 1 1 1 1 
2.7e+04 ; 3.426e-22 ; True ; 62 82 112 116 290 321 336 411  ; 1 2 1 1 2 1 2 1 1 1 2 2 2 3 1 1 1 1 
2.8e+04 ; 4.298e-22 ; True ; 62 82 112 227 290 336 411 413  ; 1 3 1 1 1 1 3 1 1 1 2 2 2 4 1 1 1 1 
3.2e+04 ; 4.441e-22 ; True ; 62 82 116 158 286 321 323 336 386  ; 1 1 1 1 2 2 2 1 2 1 3 1 1 3 2 1 1 1 
3.3e+04 ; 8.52e-22 ; True ; 62 82 116 158 286 290 321 323 336  ; 1 1 1 1 2 2 2 1 2 1 3 2 1 3 2 1 1 1 
3.4e+04 ; 9.362e-22 ; True ; 62 82 116 158 286 290 321 336 486  ; 1 1 1 1 2 2 2 1 2 1 3 2 1 3 1 1 2 1 
3.5e+04 ; 1.551e-21 ; True ; 62 82 116 158 286 290 321 336 411  ; 1 2 1 1 2 2 3 1 1 2 3 2 1 4 1 1 1 1 
3.6e+04 ; 3.403e-21 ; True ; 62 82 112 286 290 321 336 411 413  ; 1 2 1 1 2 2 3 2 1 1 3 2 2 5 1 1 1 1 
4.2e+04 ; 3.468e-21 ; True ; 62 82 116 158 286 290 321 336 386 486  ; 2 1 1 2 2 2 2 1 2 1 3 2 1 3 1 1 2 1 
4.3e+04 ; 1.143e-20 ; True ; 62 82 112 116 286 290 321 336 386 411  ; 2 2 1 2 2 2 3 2 1 1 3 2 2 4 1 1 1 1 
4.4e+04 ; 1.519e-20 ; True ; 5 62 82 112 116 286 290 321 336 411  ; 2 2 1 2 2 2 3 2 1 1 4 2 2 5 1 1 1 1 
4.5e+04 ; 1.62e-20 ; True ; 5 62 82 112 286 290 321 336 411 413  ; 2 2 1 2 2 2 3 2 1 1 4 2 2 6 1 1 1 1 
5.1e+04 ; 2.026e-20 ; True ; 62 82 116 158 286 290 321 323 336 386 411  ; 2 2 1 2 2 2 3 1 2 2 3 2 1 4 2 1 1 1 
5.3e+04 ; 2.303e-20 ; True ; 5 62 82 116 158 286 290 321 336 413 486  ; 2 2 1 2 2 2 2 1 2 1 5 2 1 5 1 2 2 1 
5.3e+04 ; 4.053e-20 ; True ; 62 82 112 116 158 286 290 321 336 386 411  ; 2 2 1 2 2 2 3 2 1 2 3 2 2 4 2 1 1 1 
5.4e+04 ; 5.884e-20 ; True ; 5 62 82 112 116 286 290 321 336 411 486  ; 2 2 1 2 2 2 3 2 2 1 4 2 2 5 1 1 2 1 
5.5e+04 ; 7.016e-20 ; True ; 5 48 62 82 112 286 290 321 336 411 413  ; 2 3 1 2 2 2 4 2 2 1 5 2 2 7 1 1 1 1 
6.2e+04 ; 7.822e-20 ; True ; 5 62 82 116 158 286 290 321 323 336 411 486  ; 2 2 1 2 2 2 3 1 3 2 4 2 1 5 2 1 2 1 
6.3e+04 ; 8.466e-20 ; True ; 62 82 112 158 227 286 290 321 323 336 413 486  ; 1 2 1 1 2 2 3 2 3 1 3 2 2 4 3 1 2 2 
6.3e+04 ; 1.429e-19 ; True ; 5 62 82 112 116 158 286 290 321 323 336 411  ; 2 2 1 2 2 2 3 2 2 2 4 2 2 5 3 1 1 1 
6.4e+04 ; 2.086e-19 ; True ; 5 62 82 112 116 158 286 290 321 336 411 486  ; 2 2 1 2 2 2 3 2 2 2 4 2 2 5 2 1 2 1 
6.5e+04 ; 2.225e-19 ; True ; 5 62 82 112 158 286 290 321 336 411 413 486  ; 2 2 1 2 2 2 3 2 2 2 4 2 2 6 2 1 2 1 
6.6e+04 ; 2.312e-19 ; True ; 5 62 82 112 227 286 290 321 336 411 413 486  ; 2 3 1 2 2 2 4 2 2 1 4 2 2 6 1 1 2 2 
7.3e+04 ; 3.127e-19 ; True ; 62 82 112 116 158 286 290 321 323 336 386 411 486  ; 2 2 1 2 2 2 3 2 3 2 3 2 2 4 3 1 2 1 
7.4e+04 ; 4.153e-19 ; True ; 5 62 82 112 116 158 286 290 321 323 336 411 486  ; 2 2 1 2 2 2 3 2 3 2 4 2 2 5 3 1 2 1 
7.5e+04 ; 4.166e-19 ; True ; 5 62 82 112 158 227 286 290 321 323 336 413 486  ; 2 2 1 2 2 2 3 2 3 1 4 2 2 5 3 1 2 2 
7.5e+04 ; 5.915e-19 ; True ; 62 82 112 116 158 286 290 321 336 386 411 413 486  ; 2 3 1 2 2 2 3 2 2 2 4 2 2 5 2 2 2 1 
7.6e+04 ; 7.681e-19 ; True ; 5 62 82 112 116 158 227 286 290 321 336 411 486  ; 2 3 1 2 2 2 4 2 2 2 4 2 2 5 2 1 2 2 
7.7e+04 ; 8.196e-19 ; True ; 5 62 82 112 158 227 286 290 321 336 411 413 486  ; 2 3 1 2 2 2 4 2 2 2 4 2 2 6 2 1 2 2 
8.6e+04 ; 1.178e-18 ; True ; 62 82 112 116 158 286 290 321 323 336 386 411 413 486  ; 2 3 1 2 2 2 3 2 3 2 4 2 2 5 3 2 2 1 
8.7e+04 ; 1.529e-18 ; True ; 5 62 82 112 116 158 227 286 290 321 323 336 411 486  ; 2 3 1 2 2 2 4 2 3 2 4 2 2 5 3 1 2 2 
8.8e+04 ; 1.632e-18 ; True ; 5 62 82 112 158 227 286 290 321 323 336 411 413 486  ; 2 3 1 2 2 2 4 2 3 2 4 2 2 6 3 1 2 2 
8.8e+04 ; 1.937e-18 ; True ; 62 82 112 116 158 227 286 290 321 336 386 411 413 486  ; 2 4 1 2 2 2 4 2 2 2 4 2 2 5 2 2 2 2 
8.9e+04 ; 2.345e-18 ; True ; 5 62 82 112 116 158 227 286 290 321 336 411 413 486  ; 2 4 1 2 2 2 4 2 2 2 5 2 2 6 2 2 2 2 
1e+05 ; 3.858e-18 ; True ; 62 82 112 116 158 227 286 290 321 323 336 386 411 413 486  ; 2 4 1 2 2 2 4 2 3 2 4 2 2 5 3 2 2 2 
1.01e+05 ; 4.669e-18 ; True ; 5 62 82 112 116 158 227 286 290 321 323 336 411 413 486  ; 2 4 1 2 2 2 4 2 3 2 5 2 2 6 3 2 2 2 
1.02e+05 ; 4.891e-18 ; True ; 5 62 82 112 116 158 227 286 290 321 336 386 411 413 486  ; 3 4 1 3 2 2 4 2 2 2 5 2 2 6 2 2 2 2 
1.03e+05 ; 5.096e-18 ; True ; 5 62 82 112 116 158 227 286 290 321 336 411 413 477 486  ; 2 4 1 2 2 2 4 3 2 3 5 2 2 6 2 2 2 2 
1.13e+05 ; 5.591e-18 ; True ; 4 5 62 82 112 116 158 227 286 290 321 323 336 413 477 486  ; 2 3 1 2 2 2 3 3 3 2 5 3 2 5 3 2 2 2 
1.14e+05 ; 7.043e-18 ; True ; 5 62 80 82 112 116 158 227 286 290 321 336 386 411 413 486  ; 3 4 1 3 2 2 4 2 2 2 5 3 2 6 2 2 2 2 
1.15e+05 ; 7.145e-18 ; True ; 5 62 82 112 116 158 227 286 290 321 336 346 386 411 413 486  ; 3 4 1 3 2 2 4 2 3 2 5 2 2 6 2 2 2 2 
1.15e+05 ; 8.099e-18 ; True ; 5 62 82 112 116 158 227 286 290 321 323 336 386 413 477 486  ; 3 3 1 3 2 2 3 3 3 2 5 2 2 5 3 2 2 2 
1.16e+05 ; 1.025e-17 ; True ; 5 6 62 82 112 116 158 227 286 290 321 323 336 411 413 486  ; 3 4 1 2 2 2 4 2 3 2 5 3 2 7 3 2 2 2 
1.17e+05 ; 1.063e-17 ; True ; 5 62 82 112 116 158 227 286 290 321 336 386 411 413 477 486  ; 3 4 1 3 2 2 4 3 2 3 5 2 2 6 2 2 2 2 
1.19e+05 ; 1.12e-17 ; True ; 6 48 62 82 112 116 227 286 290 321 336 411 413 477 486 489  ; 2 5 1 2 2 2 5 3 3 2 5 3 2 7 2 2 2 2 
1.31e+05 ; 1.461e-17 ; True ; 5 62 82 112 116 158 227 229 286 290 321 323 336 411 413 477 486  ; 2 4 1 2 2 2 4 3 3 3 5 3 2 6 3 2 2 2 
1.31e+05 ; 1.973e-17 ; True ; 5 62 82 112 116 158 194 227 286 290 321 323 336 411 413 477 486  ; 2 5 1 2 2 2 4 3 3 3 6 2 3 6 3 2 2 2 
1.32e+05 ; 2.067e-17 ; True ; 5 62 82 112 116 158 194 227 286 290 321 336 386 411 413 477 486  ; 3 5 1 3 2 2 4 3 2 3 6 2 3 6 2 2 2 2 
1.33e+05 ; 2.132e-17 ; True ; 5 54 62 82 112 116 158 227 286 290 321 336 386 411 413 477 486  ; 3 4 1 3 3 2 4 3 2 3 5 2 2 6 3 2 2 2 
1.34e+05 ; 2.182e-17 ; True ; 6 48 62 82 112 116 201 227 286 290 321 336 411 413 477 486 489  ; 2 5 1 3 2 2 5 3 3 2 5 3 2 7 3 2 2 2 
1.46e+05 ; 2.337e-17 ; True ; 5 62 82 112 116 158 227 286 290 321 336 346 386 411 413 423 477 486  ; 3 4 1 3 2 2 4 3 3 3 5 3 2 7 2 2 2 2 
1.46e+05 ; 2.977e-17 ; True ; 5 62 80 82 112 116 158 194 227 286 290 321 336 386 411 413 477 486  ; 3 5 1 3 2 2 4 3 2 3 6 3 3 6 2 2 2 2 
1.47e+05 ; 3.02e-17 ; True ; 5 62 82 112 116 158 194 227 286 290 321 336 346 386 411 413 477 486  ; 3 5 1 3 2 2 4 3 3 3 6 2 3 6 2 2 2 2 
1.48e+05 ; 3.087e-17 ; True ; 5 62 67 82 112 116 158 227 286 290 321 336 346 386 411 413 477 486  ; 3 4 2 3 2 2 4 3 3 3 5 2 2 6 2 2 2 2 
1.48e+05 ; 3.102e-17 ; True ; 48 62 82 112 116 158 227 286 290 321 323 336 378 386 413 477 486 489  ; 2 4 2 3 2 2 4 3 4 2 5 2 2 6 4 2 2 2 
1.49e+05 ; 3.767e-17 ; True ; 6 48 62 82 112 114 116 201 242 286 289 290 321 336 411 413 477 486  ; 3 5 1 3 3 2 4 3 4 2 5 3 2 8 2 2 2 2 
1.49e+05 ; 4.146e-17 ; True ; 5 62 82 112 116 158 194 218 227 286 290 321 336 386 411 413 477 486  ; 3 5 1 3 3 2 4 3 2 3 6 2 3 6 3 2 2 2 
1.51e+05 ; 4.598e-17 ; True ; 6 48 62 82 112 114 116 201 227 242 286 290 321 336 411 413 477 486  ; 3 5 1 2 3 2 5 3 4 2 5 3 2 7 2 2 2 3 
1.66e+05 ; 5.144e-17 ; True ; 5 62 82 112 116 158 218 227 286 290 307 321 336 346 386 411 413 477 486  ; 3 4 1 4 3 2 4 3 4 3 5 2 2 6 3 2 2 2 
1.66e+05 ; 5.276e-17 ; True ; 2 62 82 112 116 139 158 194 227 286 290 321 336 378 386 398 411 477 486  ; 4 4 2 3 3 2 5 3 2 3 5 2 3 7 3 1 2 2 
1.67e+05 ; 5.517e-17 ; True ; 5 48 62 82 112 116 158 227 228 286 290 321 336 378 380 386 411 413 486  ; 4 6 2 3 2 2 5 2 3 3 6 2 2 9 2 2 2 2 
1.67e+05 ; 8.032e-17 ; True ; 6 48 62 82 112 114 116 158 227 242 286 289 290 321 336 411 413 477 486  ; 3 6 1 2 3 2 5 3 4 3 5 3 2 8 2 2 2 3 
1.7e+05 ; 8.476e-17 ; True ; 6 30 48 62 82 112 114 116 201 227 242 286 290 336 378 411 413 477 486  ; 3 5 2 3 2 2 5 3 4 2 5 3 2 8 3 2 2 2 
1.7e+05 ; 9.424e-17 ; True ; 6 30 48 62 82 112 114 116 227 242 286 290 321 336 378 411 413 477 486  ; 3 5 2 2 3 2 5 3 4 2 5 3 2 8 2 2 2 3 
1.85e+05 ; 9.77e-17 ; True ; 6 30 48 62 82 112 114 116 172 199 201 286 289 290 321 336 378 413 477 486  ; 2 5 2 4 2 2 4 3 4 2 6 3 2 8 3 3 2 2 
1.85e+05 ; 1.008e-16 ; True ; 6 48 62 82 112 114 116 158 227 242 280 286 289 290 321 336 380 413 477 486  ; 4 5 1 2 3 2 4 3 4 3 5 3 2 8 3 2 2 3 
1.86e+05 ; 1.631e-16 ; True ; 6 48 62 82 112 114 116 158 227 242 286 289 290 321 336 378 411 413 477 486  ; 3 6 2 2 3 2 5 3 4 3 5 3 2 9 2 2 2 3 
1.88e+05 ; 1.76e-16 ; True ; 6 30 48 62 82 112 114 116 194 227 242 286 290 321 336 378 411 413 477 486  ; 3 6 2 2 3 2 5 3 4 2 6 3 3 8 2 2 2 3 
2.05e+05 ; 1.895e-16 ; True ; 6 48 62 82 112 114 116 158 227 242 280 286 289 290 321 336 380 411 413 477 486  ; 4 6 1 2 3 2 5 3 4 4 5 3 2 9 3 2 2 3 
2.05e+05 ; 2.079e-16 ; True ; 6 30 48 62 82 112 114 116 172 201 227 242 286 290 321 336 346 380 411 477 486  ; 4 5 1 3 3 2 5 3 5 3 5 3 2 7 3 2 2 3 
2.06e+05 ; 2.37e-16 ; True ; 6 48 62 82 112 114 116 127 227 242 286 289 290 321 336 378 411 413 477 486 489  ; 3 6 2 3 3 2 5 3 4 2 5 3 2 9 2 2 3 3 
2.07e+05 ; 3.026e-16 ; True ; 6 30 48 62 67 82 112 114 116 227 242 286 289 290 321 336 380 411 413 477 486  ; 4 6 2 3 3 2 5 3 4 3 5 3 2 9 2 2 2 3 
2.26e+05 ; 3.957e-16 ; True ; 6 30 48 62 82 112 114 116 172 199 201 227 242 286 289 290 321 336 378 411 413 486  ; 3 7 2 4 3 2 6 2 4 2 6 3 2 9 3 3 2 3 
2.26e+05 ; 4.435e-16 ; True ; 6 30 48 62 82 112 114 116 172 199 201 242 286 289 290 321 336 378 411 413 477 486  ; 3 6 2 4 3 2 5 3 4 3 6 3 2 9 3 3 2 2 
2.27e+05 ; 4.994e-16 ; True ; 6 30 48 62 82 112 114 116 172 201 227 242 286 289 290 321 336 378 411 413 477 486  ; 3 7 2 4 3 2 5 3 4 2 6 3 2 9 3 3 2 3 
2.46e+05 ; 5.41e-16 ; True ; 6 30 48 62 82 112 114 116 127 172 201 227 242 286 290 321 336 346 378 380 411 477 489  ; 4 5 2 4 3 2 5 3 4 3 5 3 2 8 4 2 2 3 
2.47e+05 ; 5.774e-16 ; True ; 6 30 48 62 82 112 114 116 127 227 242 286 290 321 336 346 378 380 411 413 448 477 489  ; 4 5 2 3 3 2 5 3 4 3 6 3 2 9 3 3 2 3 
2.48e+05 ; 5.853e-16 ; True ; 6 30 48 62 82 112 114 116 127 227 242 286 289 290 321 336 378 380 411 413 465 477 489  ; 4 6 2 4 3 2 5 3 3 4 6 3 2 10 3 2 2 3 
2.48e+05 ; 6.306e-16 ; True ; 6 30 48 62 82 112 114 116 194 227 242 286 290 321 336 346 378 380 411 466 477 486 489  ; 4 5 2 3 3 2 5 3 5 3 5 3 3 8 3 2 2 3 
2.49e+05 ; 8.342e-16 ; True ; 6 30 48 62 82 112 114 116 172 194 199 201 242 286 290 321 336 378 411 413 477 486 489  ; 3 6 2 4 3 2 5 3 4 3 7 3 3 8 4 3 2 2 
2.68e+05 ; 8.604e-16 ; True ; 6 30 48 62 82 112 114 116 127 227 242 286 289 290 321 336 346 378 380 411 413 448 477 489  ; 4 6 2 4 3 2 5 3 4 3 6 3 2 10 3 3 2 3 
2.69e+05 ; 1.03e-15 ; True ; 6 30 48 62 82 112 114 116 127 172 201 227 242 286 290 321 336 346 378 380 411 413 477 489  ; 4 6 2 4 3 2 5 3 4 3 6 3 2 9 4 3 2 3 
2.72e+05 ; 1.196e-15 ; True ; 6 30 48 62 82 112 114 116 127 139 172 227 242 286 289 290 321 336 378 380 411 413 477 489  ; 5 7 2 4 4 2 5 3 3 3 6 3 2 11 3 3 2 3 
2.73e+05 ; 1.629e-15 ; True ; 6 30 48 62 82 112 114 116 139 172 194 201 227 242 286 290 321 336 378 411 413 477 486 489  ; 4 7 2 4 4 2 5 3 4 2 7 3 3 9 4 3 2 3 
2.95e+05 ; 1.897e-15 ; True ; 6 30 48 62 82 112 114 116 127 172 201 227 242 286 289 290 321 336 378 380 411 413 436 477 486  ; 4 7 2 4 3 2 5 4 4 3 6 3 2 10 3 3 3 3 
3.16e+05 ; 2.461e-15 ; True ; 6 30 48 62 82 112 114 116 127 172 201 227 242 286 289 290 321 336 346 378 380 411 413 448 477 486  ; 4 7 2 4 3 2 5 3 5 3 7 3 2 10 3 4 3 3 
3.41e+05 ; 2.693e-15 ; True ; 6 30 48 62 82 112 114 116 127 172 201 227 242 286 289 290 321 336 346 378 380 411 413 448 465 477 489  ; 4 7 2 5 3 2 5 3 4 4 8 3 2 10 4 4 2 3 
3.42e+05 ; 3.572e-15 ; True ; 6 30 48 62 82 112 114 116 127 172 201 227 242 286 289 290 321 336 346 378 380 411 413 448 477 486 489  ; 4 7 2 5 3 2 5 3 5 3 7 3 2 10 4 4 3 3 
3.69e+05 ; 4.685e-15 ; True ; 6 30 48 62 82 112 114 116 127 172 201 227 242 257 286 289 290 321 336 346 378 380 411 413 448 477 486 489  ; 4 7 2 6 3 2 5 3 5 3 7 3 2 10 5 4 3 3 
3.95e+05 ; 4.893e-15 ; True ; 6 30 48 62 82 112 114 116 127 172 223 227 232 242 286 289 290 296 321 336 346 369 378 380 411 413 436 477 489  ; 4 8 2 4 3 3 5 4 4 3 6 3 3 10 4 3 2 4 
3.97e+05 ; 5.24e-15 ; True ; 6 30 48 62 82 112 114 116 127 172 223 227 232 242 286 289 290 296 321 336 346 378 380 411 413 436 448 477 489  ; 4 8 2 4 3 3 5 4 4 3 7 3 3 10 4 4 2 3 
4.24e+05 ; 6.861e-15 ; True ; 6 30 48 62 82 112 114 116 127 172 223 227 232 242 286 289 290 296 321 336 346 369 378 380 411 413 436 448 477 489  ; 4 8 2 4 3 3 5 4 4 3 7 3 3 10 4 4 2 4 
4.25e+05 ; 7.154e-15 ; True ; 6 30 48 62 82 112 114 116 127 172 201 223 227 232 242 286 289 290 296 321 336 346 378 380 411 413 436 448 477 489  ; 4 8 2 5 3 3 5 4 4 3 7 3 3 10 5 4 2 3 
4.54e+05 ; 9.98e-15 ; True ; 6 30 48 62 82 112 114 116 127 172 201 223 227 232 242 286 289 290 296 321 336 346 378 380 386 411 413 436 448 477 489  ; 5 8 2 6 3 3 5 4 4 3 7 3 3 10 5 4 2 3 

RUN 4:
Optimum Distance: 0

Optimal Team: 
Required Skills: 5 6 8 10 11 13 16 17 20 22 26 27 29 34 38 42 49 55 
Distance; Skill Score; isValid; Team; Skill Counts
2e+04 ; 2.404e-23 ; True ; 82 116 158 286 290 321 336  ; 1 1 1 1 1 1 2 1 1 1 2 1 1 3 1 1 1 1 
2.5e+04 ; 8.477e-23 ; True ; 82 116 158 286 290 321 323 336  ; 1 1 1 1 1 1 2 1 2 1 2 1 1 3 2 1 1 1 
2.6e+04 ; 1.025e-22 ; True ; 82 116 158 286 289 290 321 336  ; 1 2 1 2 1 1 2 1 1 1 2 1 1 4 1 1 1 1 
2.7e+04 ; 2.416e-22 ; True ; 62 82 116 158 286 290 321 336  ; 1 1 1 1 2 2 2 1 1 1 3 2 1 3 1 1 1 1 
2.8e+04 ; 3.996e-22 ; True ; 62 82 112 290 321 336 411 413  ; 1 2 1 1 2 1 2 1 1 1 2 2 2 4 1 1 1 1 
3.3e+04 ; 8.52e-22 ; True ; 62 82 116 158 286 290 321 323 336  ; 1 1 1 1 2 2 2 1 2 1 3 2 1 3 2 1 1 1 
3.4e+04 ; 1.543e-21 ; True ; 62 82 116 286 290 321 323 336 411  ; 1 2 1 1 2 2 3 1 2 1 3 2 1 4 1 1 1 1 
3.5e+04 ; 2.215e-21 ; True ; 48 62 82 112 116 290 321 336 411  ; 1 3 1 1 2 1 3 1 2 1 3 2 2 4 1 1 1 1 
3.6e+04 ; 3.379e-21 ; True ; 62 82 112 116 286 290 336 385 411  ; 1 2 1 1 1 2 3 2 2 1 3 2 2 5 1 1 1 1 
4.2e+04 ; 5.469e-21 ; True ; 62 82 116 158 286 290 321 323 336 411  ; 1 2 1 1 2 2 3 1 2 2 3 2 1 4 2 1 1 1 
4.3e+04 ; 1.088e-20 ; True ; 62 82 112 116 286 290 321 323 336 411  ; 1 2 1 1 2 2 3 2 2 1 3 2 2 4 2 1 1 1 
4.4e+04 ; 1.553e-20 ; True ; 48 62 82 112 116 286 290 321 336 380  ; 2 2 1 1 2 2 3 2 2 1 4 2 2 5 1 1 1 1 
4.5e+04 ; 1.657e-20 ; True ; 48 62 82 112 286 290 321 336 380 413  ; 2 2 1 1 2 2 3 2 2 1 4 2 2 6 1 1 1 1 
5.1e+04 ; 2.812e-20 ; True ; 48 62 82 112 116 286 290 321 336 380 401  ; 2 2 1 1 2 2 3 2 2 1 4 2 2 5 2 1 1 1 
5.3e+04 ; 3.81e-20 ; True ; 48 62 82 112 116 158 286 290 321 336 486  ; 1 2 1 1 2 2 3 2 3 1 4 2 2 4 2 1 2 1 
5.4e+04 ; 5.212e-20 ; True ; 5 62 82 112 116 286 290 321 336 411 413  ; 2 3 1 2 2 2 3 2 1 1 5 2 2 6 1 2 1 1 
5.5e+04 ; 6.357e-20 ; True ; 48 62 82 112 286 290 321 336 380 411 413  ; 2 3 1 1 2 2 4 2 2 2 4 2 2 7 1 1 1 1 
6.2e+04 ; 7.153e-20 ; True ; 48 62 73 82 112 116 158 286 289 290 321 486  ; 1 3 1 2 2 2 3 2 2 1 4 2 2 4 2 1 2 1 
6.3e+04 ; 1.57e-19 ; True ; 62 82 112 116 158 286 290 321 336 386 411 486  ; 2 2 1 2 2 2 3 2 2 2 3 2 2 4 2 1 2 1 
6.4e+04 ; 1.897e-19 ; True ; 5 62 82 112 116 158 227 286 290 321 336 486  ; 2 2 1 2 2 2 3 2 2 1 4 2 2 4 2 1 2 2 
6.5e+04 ; 2.02e-19 ; True ; 5 62 82 112 116 286 290 321 336 411 413 486  ; 2 3 1 2 2 2 3 2 2 1 5 2 2 6 1 2 2 1 
6.6e+04 ; 2.193e-19 ; True ; 48 62 82 112 257 286 290 321 336 380 411 413  ; 2 3 1 2 2 2 4 2 2 2 4 2 2 7 2 1 1 1 
7.3e+04 ; 2.353e-19 ; True ; 62 82 112 116 158 286 289 290 321 323 336 380 486  ; 2 2 1 2 2 2 2 2 3 2 3 2 2 5 3 1 2 1 
7.4e+04 ; 3.43e-19 ; True ; 48 62 82 112 116 158 286 290 321 323 336 386 413  ; 2 3 1 2 2 2 3 2 3 1 5 2 2 5 3 2 1 1 
7.5e+04 ; 5.715e-19 ; True ; 48 62 82 112 116 158 286 290 321 336 386 411 486  ; 2 3 1 2 2 2 4 2 3 2 4 2 2 5 2 1 2 1 
7.6e+04 ; 7.681e-19 ; True ; 5 62 82 112 116 158 227 286 290 321 336 411 486  ; 2 3 1 2 2 2 4 2 2 2 4 2 2 5 2 1 2 2 
8.6e+04 ; 9.663e-19 ; True ; 18 62 82 112 116 158 286 290 321 323 336 386 411 486  ; 2 2 1 2 2 2 4 2 3 2 4 2 2 4 3 2 2 1 
8.7e+04 ; 9.721e-19 ; True ; 48 62 82 112 116 158 286 290 321 323 336 380 413 486  ; 2 3 1 1 2 2 3 2 4 2 5 2 2 6 3 2 2 1 
8.8e+04 ; 1.455e-18 ; True ; 5 48 62 82 112 116 158 227 286 290 321 323 336 411  ; 2 4 1 2 2 2 5 2 3 2 5 2 2 6 3 1 1 2 
8.9e+04 ; 1.744e-18 ; True ; 48 62 82 112 116 158 226 286 290 321 336 411 413 486  ; 2 4 1 2 2 2 4 2 3 2 5 2 2 6 2 2 2 1 
9.1e+04 ; 1.884e-18 ; True ; 5 18 62 82 112 227 286 290 321 336 380 411 413 486  ; 3 3 1 2 2 2 5 2 2 2 5 2 2 7 1 2 2 2 
1.01e+05 ; 3.197e-18 ; True ; 5 48 62 80 82 112 158 227 286 290 321 336 411 413 486  ; 2 4 1 2 2 2 5 2 3 2 5 3 2 7 2 1 2 2 
1.02e+05 ; 3.935e-18 ; True ; 6 48 62 82 112 116 158 227 286 290 321 336 386 411 486  ; 3 4 1 2 2 2 5 2 3 2 4 3 2 6 2 1 2 2 
1.03e+05 ; 4.617e-18 ; True ; 5 48 62 82 112 116 158 227 286 290 321 336 411 477 486  ; 2 4 1 2 2 2 5 3 3 3 5 2 2 6 2 1 2 2 
1.04e+05 ; 5.609e-18 ; True ; 5 18 48 62 82 112 158 227 286 290 321 336 411 413 486  ; 2 4 1 2 2 2 6 2 3 2 6 2 2 7 2 2 2 2 
1.16e+05 ; 7.493e-18 ; True ; 5 48 62 82 112 116 158 227 286 290 321 323 410 411 413 486  ; 2 5 1 2 2 2 5 2 3 2 6 2 2 6 3 2 2 2 
1.17e+05 ; 7.896e-18 ; True ; 18 62 82 112 158 172 227 286 290 321 323 336 386 411 413 486  ; 2 4 1 2 2 2 5 2 3 2 5 2 2 5 3 3 2 2 
1.17e+05 ; 9.481e-18 ; True ; 48 62 82 112 116 197 227 286 290 321 323 336 380 413 477 486  ; 2 4 1 2 2 2 4 3 4 2 5 3 2 6 2 2 2 2 
1.18e+05 ; 1.044e-17 ; True ; 5 62 82 112 116 158 227 286 290 321 336 380 410 411 413 486  ; 3 4 2 2 2 2 4 2 2 3 5 2 2 7 2 2 2 2 
1.19e+05 ; 1.239e-17 ; True ; 5 18 48 62 82 112 158 227 286 290 321 336 380 411 413 486  ; 3 4 1 2 2 2 6 2 3 3 6 2 2 8 2 2 2 2 
1.32e+05 ; 1.38e-17 ; True ; 18 48 62 82 112 116 158 222 227 286 290 321 336 386 413 477 486  ; 2 4 1 2 3 2 5 3 3 2 6 2 2 5 2 3 2 2 
1.32e+05 ; 2.09e-17 ; True ; 18 48 62 73 82 112 116 158 227 286 290 321 336 380 386 411 486  ; 3 4 2 2 2 2 6 2 3 3 5 2 2 6 2 2 2 2 
1.33e+05 ; 2.111e-17 ; True ; 6 48 62 82 112 116 158 172 227 286 290 321 336 385 386 411 486  ; 3 5 1 2 2 2 5 2 4 2 5 3 2 7 2 2 2 3 
1.34e+05 ; 2.523e-17 ; True ; 5 48 62 82 112 116 158 227 286 290 321 336 380 410 411 413 486  ; 3 5 2 2 2 2 5 2 3 3 6 2 2 8 2 2 2 2 
1.48e+05 ; 2.742e-17 ; True ; 18 48 62 73 82 112 116 158 222 227 286 290 321 336 386 413 477 486  ; 2 4 2 2 3 2 5 3 3 2 6 2 2 5 2 3 2 2 
1.48e+05 ; 3.132e-17 ; True ; 18 48 62 82 112 116 158 172 227 286 290 321 323 336 380 385 386 486  ; 3 4 1 2 2 2 5 2 5 2 6 2 2 6 3 3 2 3 
1.49e+05 ; 3.201e-17 ; True ; 5 62 82 112 116 139 158 227 286 290 321 323 336 378 410 411 413 486  ; 3 4 3 2 3 2 4 2 3 2 5 2 2 8 3 2 2 2 
1.49e+05 ; 4.028e-17 ; True ; 6 18 48 62 73 82 112 116 158 197 227 286 290 321 336 380 411 486  ; 3 4 2 2 2 2 6 2 3 3 5 4 2 7 2 2 2 2 
1.5e+05 ; 4.455e-17 ; True ; 6 48 62 73 82 112 116 158 227 257 286 290 321 336 411 413 477 486  ; 2 5 2 2 2 2 5 3 3 3 5 3 2 7 3 2 2 2 
1.51e+05 ; 4.769e-17 ; True ; 6 48 62 67 82 112 116 158 226 227 286 290 321 336 411 413 477 486  ; 3 5 2 2 2 2 5 3 3 3 5 3 2 7 2 2 2 2 
1.64e+05 ; 5.151e-17 ; True ; 6 18 48 62 73 82 112 116 158 197 227 286 290 321 323 378 380 413 486  ; 3 4 2 2 2 2 5 2 3 2 6 4 2 7 3 3 2 2 
1.64e+05 ; 5.409e-17 ; True ; 2 62 73 82 112 116 158 218 227 286 289 290 321 336 385 386 413 477 486  ; 2 4 2 3 3 2 4 3 3 2 5 2 2 7 4 2 2 3 
1.65e+05 ; 6.318e-17 ; True ; 2 6 18 48 62 73 82 112 116 158 218 226 227 286 290 321 336 477 486  ; 3 3 2 2 3 2 6 3 3 2 6 3 2 6 4 2 2 2 
1.66e+05 ; 7.034e-17 ; True ; 18 48 62 73 82 112 116 158 218 286 289 290 321 336 385 386 411 477 486  ; 2 4 2 3 3 2 5 3 4 3 5 2 2 7 3 2 2 2 
1.67e+05 ; 7.138e-17 ; True ; 6 48 62 73 82 112 116 158 172 226 227 286 289 290 321 336 385 411 486  ; 3 6 2 3 2 2 5 2 4 2 5 3 2 8 2 2 2 3 
1.68e+05 ; 7.38e-17 ; True ; 5 18 48 62 82 112 116 158 172 227 286 290 321 336 385 386 413 477 486  ; 3 5 1 3 2 2 5 3 4 2 8 2 2 7 2 4 2 3 
1.68e+05 ; 9.035e-17 ; True ; 6 18 48 62 73 82 112 116 158 226 227 286 290 321 336 411 413 477 486  ; 3 5 2 2 2 2 6 3 3 3 6 3 2 7 2 3 2 2 
1.83e+05 ; 1.008e-16 ; True ; 6 41 48 62 73 82 112 116 158 197 227 286 290 321 323 378 380 411 413 486  ; 3 5 2 3 2 2 5 2 3 3 5 4 2 8 4 2 2 2 
1.84e+05 ; 1.157e-16 ; True ; 6 48 62 73 82 112 116 158 172 222 227 286 289 290 321 336 386 411 477 486  ; 3 6 2 3 3 2 5 3 3 3 5 3 2 7 2 2 2 2 
1.84e+05 ; 1.165e-16 ; True ; 2 18 48 62 73 82 112 116 158 197 218 226 227 254 286 290 321 336 411 486  ; 2 4 2 3 3 2 7 2 4 3 6 3 2 6 4 2 2 2 
1.85e+05 ; 1.342e-16 ; True ; 6 48 62 73 82 112 116 158 172 222 227 286 290 321 336 385 386 411 477 486  ; 3 5 2 2 3 2 5 3 4 3 5 3 2 7 2 2 2 3 
1.85e+05 ; 1.551e-16 ; True ; 6 48 62 73 82 112 116 158 172 227 286 289 290 321 336 385 386 411 477 486  ; 3 6 2 3 2 2 5 3 4 3 5 3 2 8 2 2 2 3 
1.86e+05 ; 1.628e-16 ; True ; 6 18 48 62 73 82 112 116 158 227 257 286 290 321 336 385 386 413 477 486  ; 3 4 2 3 2 2 5 3 4 2 6 3 2 7 3 3 2 3 
1.87e+05 ; 1.868e-16 ; True ; 6 18 48 62 73 82 112 116 139 158 227 257 286 290 321 336 411 413 477 486  ; 3 5 2 2 3 2 6 3 3 3 6 3 2 8 3 3 2 2 
2.03e+05 ; 2.206e-16 ; True ; 2 6 18 48 62 73 82 112 116 158 197 218 226 227 254 286 290 321 336 477 486  ; 3 3 2 3 3 2 6 3 4 3 6 4 2 6 4 2 2 2 
2.04e+05 ; 2.282e-16 ; True ; 6 48 62 73 82 112 116 158 172 222 227 286 289 290 321 336 385 386 411 477 486  ; 3 6 2 3 3 2 5 3 4 3 5 3 2 8 2 2 2 3 
2.05e+05 ; 2.78e-16 ; True ; 6 18 48 62 73 82 112 116 158 172 201 226 227 286 290 321 336 386 411 477 486  ; 4 5 2 4 2 2 6 3 3 3 6 3 2 6 3 3 2 2 
2.06e+05 ; 3.465e-16 ; True ; 6 18 48 62 73 82 112 116 139 158 227 257 286 290 321 336 386 411 413 477 486  ; 4 5 2 3 3 2 6 3 3 3 6 3 2 8 3 3 2 2 
2.07e+05 ; 3.472e-16 ; True ; 6 18 48 62 73 82 112 116 158 226 227 257 286 290 321 336 385 411 413 477 486  ; 3 5 2 3 2 2 6 3 4 3 6 3 2 8 3 3 2 3 
2.23e+05 ; 3.748e-16 ; True ; 2 6 48 62 73 82 112 116 158 197 218 226 227 254 286 290 321 336 367 411 413 486  ; 3 5 2 3 3 3 6 2 4 3 6 4 2 9 4 2 2 2 
2.23e+05 ; 3.755e-16 ; True ; 2 6 18 48 62 73 82 112 116 158 197 218 226 227 254 286 289 290 321 336 477 486  ; 3 4 2 4 3 2 6 3 4 3 6 4 2 7 4 2 2 2 
2.25e+05 ; 4.48e-16 ; True ; 6 48 62 73 82 112 116 158 197 222 227 231 286 290 321 336 385 386 411 413 477 486  ; 4 5 2 3 3 2 5 3 4 3 5 4 2 8 3 2 2 3 
2.26e+05 ; 4.57e-16 ; True ; 6 18 48 62 73 82 112 116 158 197 227 257 286 289 290 321 336 385 411 413 477 486  ; 2 6 2 4 2 2 6 3 4 3 6 4 2 9 3 3 2 3 
2.27e+05 ; 4.792e-16 ; True ; 6 48 62 73 82 112 158 172 226 227 253 286 289 290 321 336 367 385 411 413 477 486  ; 3 6 2 3 3 3 5 3 4 3 5 3 2 10 3 2 2 3 
2.28e+05 ; 6.028e-16 ; True ; 5 6 18 48 62 73 82 112 116 158 172 227 257 286 290 321 336 385 411 413 477 486  ; 3 6 2 3 2 2 6 3 4 3 8 3 2 9 3 4 2 3 
2.45e+05 ; 6.924e-16 ; True ; 2 6 18 48 62 73 82 112 116 158 197 218 226 227 254 286 289 290 321 336 411 477 486  ; 3 5 2 4 3 2 7 3 4 4 6 4 2 8 4 2 2 2 
2.47e+05 ; 8.489e-16 ; True ; 6 18 48 62 73 82 112 116 158 197 222 227 231 286 290 321 336 385 386 411 413 477 486  ; 4 5 2 3 3 2 6 3 4 3 6 4 2 8 3 3 2 3 
2.49e+05 ; 8.868e-16 ; True ; 5 6 18 48 62 73 82 112 116 158 172 227 257 286 290 321 336 385 411 413 475 477 486  ; 3 6 2 3 3 2 6 3 4 3 8 3 2 9 3 4 2 3 
2.5e+05 ; 9.087e-16 ; True ; 5 6 18 48 62 73 82 112 116 158 172 227 257 286 290 321 336 385 411 413 468 477 486  ; 3 6 2 3 2 3 6 3 4 3 8 3 2 10 3 4 2 3 
2.67e+05 ; 1.095e-15 ; True ; 2 6 48 62 73 82 112 116 158 197 218 226 227 254 286 289 290 321 336 367 385 413 477 486  ; 3 5 2 4 3 3 5 3 5 3 6 4 2 10 4 2 2 3 
2.68e+05 ; 1.349e-15 ; True ; 2 6 18 62 73 82 112 116 158 197 218 226 227 254 286 289 290 321 336 385 411 413 477 486  ; 3 5 2 4 3 2 6 3 4 4 6 4 2 9 4 3 2 3 
2.71e+05 ; 1.56e-15 ; True ; 6 18 48 62 73 82 112 116 158 197 218 226 227 254 286 289 290 321 336 385 411 413 477 486  ; 3 6 2 4 3 2 6 3 5 4 6 4 2 9 3 3 2 3 
2.92e+05 ; 1.765e-15 ; True ; 2 6 18 62 73 82 112 116 158 197 218 226 227 254 286 289 290 321 336 385 409 411 413 477 486  ; 3 5 2 4 4 2 6 3 4 4 6 4 2 9 4 3 2 3 
2.93e+05 ; 1.863e-15 ; True ; 2 18 48 62 73 82 112 116 158 197 218 226 227 254 286 289 290 321 336 367 385 411 413 477 486  ; 2 6 2 4 3 3 7 3 5 4 7 3 2 10 4 3 2 3 
2.93e+05 ; 1.914e-15 ; True ; 2 6 18 48 62 73 82 112 116 158 197 226 227 231 286 289 290 321 336 385 409 411 413 477 486  ; 4 6 2 4 3 2 7 3 4 3 7 4 2 10 4 3 2 3 
2.94e+05 ; 1.929e-15 ; True ; 2 6 18 48 62 73 82 112 116 158 197 226 227 254 286 290 321 336 377 385 398 411 413 477 486  ; 4 5 2 4 2 2 7 3 5 4 7 4 2 10 3 3 2 4 
2.95e+05 ; 2.048e-15 ; True ; 6 18 48 62 73 82 112 116 158 197 218 226 227 254 286 289 290 309 321 336 385 411 413 477 486  ; 3 6 2 4 3 2 6 3 5 4 6 4 2 9 3 4 2 3 
3.17e+05 ; 3.066e-15 ; True ; 2 6 18 48 62 73 82 112 116 158 197 218 226 227 254 286 289 290 321 336 385 409 411 413 477 486  ; 3 6 2 4 4 2 7 3 5 4 7 4 2 10 4 3 2 3 
3.43e+05 ; 3.659e-15 ; True ; 2 6 18 48 62 73 82 112 116 158 197 218 226 227 254 265 286 289 290 321 336 385 409 411 413 477 486  ; 3 6 2 5 4 2 7 3 5 4 7 4 2 10 4 3 2 3 
3.46e+05 ; 3.952e-15 ; True ; 6 18 48 62 73 82 96 112 116 158 172 179 226 227 254 257 286 289 290 321 336 350 385 411 413 477 486  ; 3 7 2 4 2 2 6 4 5 4 7 4 3 9 4 4 2 3 
3.7e+05 ; 4.748e-15 ; True ; 2 6 18 48 62 73 82 112 116 123 158 197 218 226 227 254 265 286 289 290 321 336 385 409 411 413 477 486  ; 4 6 2 5 4 2 7 3 5 4 7 4 2 10 4 3 2 3 
3.73e+05 ; 5.395e-15 ; True ; 6 18 48 62 73 82 96 112 116 158 172 179 226 227 254 257 286 289 290 321 336 350 385 411 413 461 477 486  ; 3 7 2 5 2 2 6 4 5 4 7 4 3 9 5 4 2 3 
4e+05 ; 5.514e-15 ; True ; 6 18 48 62 73 82 112 116 158 170 172 179 226 227 254 257 286 289 290 321 336 350 370 377 385 411 413 477 486  ; 4 7 2 4 2 2 7 4 5 4 8 4 2 10 4 4 2 4 
4e+05 ; 5.936e-15 ; True ; 6 18 41 48 62 73 82 96 112 116 158 172 179 226 227 254 257 286 289 290 321 336 350 385 411 413 434 477 486  ; 3 8 2 5 2 2 6 4 5 4 7 4 3 9 5 4 2 3 
4.01e+05 ; 6.027e-15 ; True ; 6 18 48 62 73 82 96 112 116 154 158 172 179 226 227 254 257 286 289 290 321 336 350 385 411 413 461 477 486  ; 3 8 2 5 2 2 6 4 5 4 7 4 3 10 5 4 2 3 
4.25e+05 ; 6.625e-15 ; True ; 4 6 18 48 62 73 82 112 116 158 170 172 179 226 227 254 257 286 289 290 321 336 350 370 377 385 411 413 477 486  ; 4 7 2 4 2 2 7 4 5 4 8 5 2 10 4 4 2 4 
4.28e+05 ; 7.282e-15 ; True ; 2 6 18 48 62 73 82 112 116 123 158 172 218 226 227 254 256 265 286 289 290 321 336 377 385 409 411 413 477 486  ; 4 7 2 4 4 2 7 3 5 4 8 3 2 11 5 4 2 4 
4.29e+05 ; 7.927e-15 ; True ; 6 18 48 62 73 82 96 112 116 158 172 179 226 227 243 254 257 286 289 290 321 336 350 370 385 411 413 434 477 486  ; 4 8 2 4 2 2 6 4 6 4 8 4 3 9 5 4 2 3 
4.55e+05 ; 8.792e-15 ; True ; 4 6 18 48 62 73 82 112 116 158 170 172 179 195 226 227 254 257 286 289 290 321 336 350 370 377 385 411 413 477 486  ; 4 8 2 5 2 2 7 4 5 4 8 5 2 11 4 4 2 4 
4.58e+05 ; 9.656e-15 ; True ; 2 6 18 48 62 73 82 112 116 123 158 172 202 218 226 227 254 256 265 286 289 290 321 336 377 385 409 411 413 477 486  ; 4 7 2 4 4 2 7 4 5 4 8 3 2 12 5 4 2 4 

RUN 5:
Optimum Distance: 0

Optimal Team: 
Required Skills: 5 6 8 10 11 13 16 17 20 22 26 27 29 34 38 42 49 55 
Distance; Skill Score; isValid; Team; Skill Counts
2.6e+04 ; 6.583e-23 ; True ; 112 116 158 286 290 321 336 486  ; 1 1 1 1 1 1 1 2 2 1 2 1 1 2 2 1 1 1 
2.7e+04 ; 3.426e-22 ; True ; 62 82 112 116 290 321 336 411  ; 1 2 1 1 2 1 2 1 1 1 2 2 2 3 1 1 1 1 
3.3e+04 ; 3.462e-22 ; True ; 62 82 112 116 290 321 336 346 380  ; 2 1 1 1 2 1 1 1 2 1 2 2 2 3 1 1 1 1 
3.3e+04 ; 5.482e-22 ; True ; 62 82 116 286 290 321 336 380 401  ; 2 1 1 1 2 2 2 1 1 1 3 2 1 4 1 1 1 1 
3.5e+04 ; 1.084e-21 ; True ; 5 62 82 158 227 286 336 413 486  ; 1 2 1 1 1 2 3 1 2 1 4 1 1 5 1 1 2 1 
3.5e+04 ; 3.086e-21 ; True ; 62 82 112 116 286 290 321 336 411  ; 1 2 1 1 2 2 3 2 1 1 3 2 2 4 1 1 1 1 
4.1e+04 ; 5.589e-21 ; True ; 62 82 112 116 286 290 321 336 401 411  ; 1 2 1 1 2 2 3 2 1 1 3 2 2 4 2 1 1 1 
4.4e+04 ; 7.702e-21 ; True ; 5 62 82 158 227 286 290 336 413 486  ; 2 2 1 2 1 2 3 1 2 1 4 2 1 5 1 1 2 1 
4.5e+04 ; 1.62e-20 ; True ; 5 62 82 112 286 290 321 336 411 413  ; 2 2 1 2 2 2 3 2 1 1 4 2 2 6 1 1 1 1 
5.2e+04 ; 2.523e-20 ; True ; 62 82 112 116 286 290 321 336 346 380 411  ; 2 2 1 1 2 2 3 2 2 2 3 2 2 5 1 1 1 1 
5.3e+04 ; 3.231e-20 ; True ; 5 48 62 73 82 112 116 286 290 321 411  ; 2 3 1 2 2 2 4 2 1 1 5 2 2 5 1 1 1 1 
5.4e+04 ; 6.713e-20 ; True ; 5 48 62 82 112 116 286 290 321 336 411  ; 2 3 1 2 2 2 4 2 2 1 5 2 2 6 1 1 1 1 
6.2e+04 ; 8.28e-20 ; True ; 5 48 62 82 112 116 158 286 290 321 336 406  ; 2 2 1 2 2 2 3 2 2 1 5 2 2 5 3 1 1 1 
6.4e+04 ; 1.352e-19 ; True ; 48 62 82 112 116 158 286 290 321 336 413 486  ; 1 3 1 1 2 2 3 2 3 1 5 2 2 5 2 2 2 1 
6.5e+04 ; 1.868e-19 ; True ; 48 62 82 112 116 227 286 290 321 336 380 411  ; 2 4 1 1 2 2 5 2 2 2 4 2 2 6 1 1 1 2 
6.6e+04 ; 2.312e-19 ; True ; 5 62 82 112 227 286 290 321 336 411 413 486  ; 2 3 1 2 2 2 4 2 2 1 4 2 2 6 1 1 2 2 
7.4e+04 ; 2.74e-19 ; True ; 5 48 62 82 112 116 158 286 290 321 336 406 413  ; 2 3 1 2 2 2 3 2 2 1 6 2 2 6 3 2 1 1 
7.4e+04 ; 3.924e-19 ; True ; 5 62 82 112 116 227 286 290 321 336 401 411 486  ; 2 3 1 2 2 2 4 2 2 1 4 2 2 5 2 1 2 2 
7.6e+04 ; 4.709e-19 ; True ; 48 62 82 112 116 158 286 290 321 336 411 413 486  ; 1 4 1 1 2 2 4 2 3 2 5 2 2 6 2 2 2 1 
7.7e+04 ; 6.615e-19 ; True ; 5 62 82 112 116 227 286 290 321 336 411 413 486  ; 2 4 1 2 2 2 4 2 2 1 5 2 2 6 1 2 2 2 
8.6e+04 ; 7.908e-19 ; True ; 2 5 62 82 112 116 227 286 290 321 336 401 411 486  ; 2 3 1 2 2 2 5 2 2 1 5 2 2 6 3 1 2 2 
8.7e+04 ; 1.009e-18 ; True ; 5 48 62 82 112 116 227 286 290 321 336 380 401 477  ; 3 3 1 2 2 2 4 3 2 2 5 2 2 6 2 1 1 2 
8.8e+04 ; 1.21e-18 ; True ; 2 5 62 82 112 116 227 286 290 321 336 386 411 486  ; 3 3 1 3 2 2 5 2 2 1 5 2 2 6 2 1 2 2 
9e+04 ; 1.757e-18 ; True ; 2 5 62 82 112 227 286 290 321 336 411 413 477 486  ; 2 3 1 2 2 2 5 3 2 2 5 2 2 7 2 1 2 2 
9.901e+04 ; 2.017e-18 ; True ; 5 48 62 73 82 112 116 227 286 290 321 401 411 477 486  ; 2 4 1 2 2 2 5 3 2 2 5 2 2 5 2 1 2 2 
1e+05 ; 2.291e-18 ; True ; 2 5 62 82 112 116 227 286 290 321 336 401 411 477 486  ; 2 3 1 2 2 2 5 3 2 2 5 2 2 6 3 1 2 2 
1.01e+05 ; 3.24e-18 ; True ; 5 48 62 82 112 116 227 286 290 321 336 380 401 411 486  ; 3 4 1 2 2 2 5 2 3 2 5 2 2 7 2 1 2 2 
1.02e+05 ; 3.688e-18 ; True ; 2 48 62 82 112 116 227 286 290 321 336 386 411 477 486  ; 2 4 1 2 2 2 6 3 3 2 5 2 2 6 2 1 2 2 
1.03e+05 ; 4.285e-18 ; True ; 2 5 48 62 82 112 116 227 286 290 321 336 380 411 486  ; 3 4 1 2 2 2 6 2 3 2 6 2 2 8 2 1 2 2 
1.04e+05 ; 5.253e-18 ; True ; 48 62 82 112 116 227 286 290 321 336 380 411 413 486 489  ; 2 5 1 2 2 2 5 2 3 2 5 2 2 7 2 2 2 2 
1.16e+05 ; 7.041e-18 ; True ; 5 48 62 82 112 116 227 286 290 321 336 380 401 411 477 486  ; 3 4 1 2 2 2 5 3 3 3 5 2 2 7 2 1 2 2 
1.17e+05 ; 9.217e-18 ; True ; 2 5 62 73 82 112 116 172 227 286 290 321 336 411 477 486  ; 2 4 2 2 2 2 5 3 2 2 6 2 2 6 2 2 2 2 
1.18e+05 ; 1.103e-17 ; True ; 2 5 48 62 82 112 116 172 227 286 290 321 336 380 477 486  ; 3 4 1 2 2 2 5 3 3 2 7 2 2 7 2 2 2 2 
1.3e+05 ; 1.243e-17 ; True ; 5 48 62 73 82 112 114 116 242 286 290 321 336 401 411 413 477  ; 3 4 2 2 3 2 4 3 3 2 6 2 2 7 2 2 1 2 
1.31e+05 ; 1.38e-17 ; True ; 2 4 5 62 82 112 116 172 218 227 286 290 321 336 380 411 486  ; 3 4 1 2 3 2 5 2 2 2 6 3 2 7 3 2 2 2 
1.32e+05 ; 1.879e-17 ; True ; 5 48 62 82 112 116 227 286 290 321 336 380 401 411 413 477 486  ; 3 5 1 2 2 2 5 3 3 3 6 2 2 8 2 2 2 2 
1.33e+05 ; 2.117e-17 ; True ; 2 5 48 62 73 82 112 116 172 227 286 290 321 336 411 477 486  ; 2 5 2 2 2 2 6 3 3 2 7 2 2 7 2 2 2 2 
1.34e+05 ; 2.404e-17 ; True ; 2 5 48 62 82 112 116 227 286 290 321 336 380 411 413 477 486  ; 3 5 1 2 2 2 6 3 3 3 7 2 2 9 2 2 2 2 
1.35e+05 ; 2.487e-17 ; True ; 5 48 62 82 112 116 172 218 227 286 290 321 336 378 411 477 486  ; 2 5 2 2 3 2 5 3 3 2 6 2 2 7 2 2 2 2 
1.48e+05 ; 2.539e-17 ; True ; 2 5 48 62 82 112 116 217 218 226 227 286 290 321 378 411 477 486  ; 3 4 1 3 3 2 6 3 2 2 7 2 2 7 3 2 2 2 
1.49e+05 ; 4.594e-17 ; True ; 2 5 48 62 82 112 116 218 226 227 286 290 321 336 411 413 477 486  ; 3 5 1 3 3 2 6 3 3 2 7 2 2 8 3 2 2 2 
1.51e+05 ; 4.788e-17 ; True ; 2 5 48 62 82 112 116 227 242 286 290 321 336 378 411 413 477 486  ; 3 5 2 2 3 2 6 3 3 2 7 2 2 9 2 2 2 2 
1.52e+05 ; 5.454e-17 ; True ; 5 48 62 82 112 116 227 286 290 321 336 378 380 411 413 477 486 489  ; 3 5 2 3 2 2 5 3 3 3 6 2 2 9 2 2 2 2 
1.64e+05 ; 6.425e-17 ; True ; 5 48 62 73 82 112 116 227 242 286 290 321 323 336 401 411 413 477 486  ; 3 5 2 2 3 2 5 3 4 2 6 2 2 7 3 2 2 2 
1.65e+05 ; 7.128e-17 ; True ; 5 48 62 73 82 112 116 227 242 286 290 321 336 380 401 411 413 477 486  ; 4 5 2 2 3 2 5 3 3 3 6 2 2 8 2 2 2 2 
1.67e+05 ; 8.786e-17 ; True ; 2 5 48 62 82 112 114 116 218 226 227 286 290 321 336 411 413 477 486  ; 3 5 1 3 3 2 6 3 4 2 7 2 2 8 3 2 2 3 
1.68e+05 ; 9.582e-17 ; True ; 2 5 48 62 82 112 116 218 227 262 286 290 321 336 380 411 413 477 486  ; 3 5 2 2 3 2 6 3 3 3 7 2 2 9 3 2 2 2 
1.7e+05 ; 1.043e-16 ; True ; 5 48 62 82 112 114 116 227 286 290 321 336 378 380 411 413 477 486 489  ; 3 5 2 3 2 2 5 3 4 3 6 2 2 9 2 2 2 3 
1.83e+05 ; 1.262e-16 ; True ; 5 48 62 73 82 112 116 227 242 286 290 321 323 336 380 401 411 413 477 486  ; 4 5 2 2 3 2 5 3 4 3 6 2 2 8 3 2 2 2 
1.84e+05 ; 1.363e-16 ; True ; 5 48 62 73 82 112 114 116 227 242 286 290 321 336 380 401 411 413 477 486  ; 4 5 2 2 3 2 5 3 4 3 6 2 2 8 2 2 2 3 
1.86e+05 ; 1.39e-16 ; True ; 2 5 48 62 82 112 116 218 226 227 286 290 321 336 368 380 411 413 477 486  ; 4 5 1 3 3 2 6 3 3 3 8 2 3 9 3 2 2 2 
1.87e+05 ; 1.486e-16 ; True ; 2 48 56 62 82 112 172 218 226 227 286 290 321 336 378 380 385 413 477 486  ; 3 5 2 2 3 2 5 3 4 3 6 2 2 10 3 2 2 3 
1.88e+05 ; 1.812e-16 ; True ; 2 5 48 62 82 112 114 116 139 227 286 290 321 336 378 411 413 477 486 489  ; 3 5 2 3 3 2 6 3 4 2 7 2 2 10 3 2 2 3 
2.03e+05 ; 1.864e-16 ; True ; 2 4 5 48 62 82 112 114 116 172 194 218 227 286 290 321 336 380 411 486 489  ; 3 6 1 3 3 2 6 2 4 2 8 3 3 8 4 2 2 3 
2.03e+05 ; 2.263e-16 ; True ; 5 48 62 73 82 112 114 116 227 242 286 290 321 323 336 380 401 411 413 477 486  ; 4 5 2 2 3 2 5 3 5 3 6 2 2 8 3 2 2 3 
2.05e+05 ; 2.315e-16 ; True ; 2 4 5 48 62 82 112 114 172 194 227 286 290 321 336 378 380 413 477 486 489  ; 3 5 2 3 2 2 5 3 4 2 8 3 3 9 3 2 2 3 
2.05e+05 ; 2.663e-16 ; True ; 2 5 48 62 82 112 114 116 127 218 226 227 286 290 321 336 378 411 413 477 486  ; 3 5 2 3 3 2 6 3 4 2 7 2 2 9 3 2 3 3 
2.06e+05 ; 2.791e-16 ; True ; 2 5 48 62 82 112 116 218 226 227 286 290 321 336 378 380 411 413 477 486 489  ; 4 5 2 4 3 2 6 3 3 3 7 2 2 10 4 2 2 2 
2.08e+05 ; 3.451e-16 ; True ; 2 5 48 62 82 112 114 116 227 242 286 290 321 336 378 380 411 413 477 486 489  ; 4 5 2 3 3 2 6 3 4 3 7 2 2 10 3 2 2 3 
2.25e+05 ; 4.317e-16 ; True ; 2 4 5 6 62 82 112 114 116 172 218 227 286 290 321 336 378 380 411 413 477 486  ; 4 5 2 2 3 2 5 3 3 3 7 4 2 10 3 3 2 3 
2.26e+05 ; 4.762e-16 ; True ; 2 5 48 62 82 112 114 116 127 218 226 227 254 286 290 321 336 378 411 413 477 486  ; 3 5 2 3 3 2 6 3 5 3 7 2 2 9 3 2 3 3 
2.28e+05 ; 4.843e-16 ; True ; 2 5 48 62 82 112 114 116 223 227 242 286 290 321 336 378 380 411 413 477 486 489  ; 4 6 2 3 3 2 6 3 4 3 7 2 2 10 4 2 2 3 
2.29e+05 ; 5.12e-16 ; True ; 2 5 48 62 82 112 116 172 195 227 242 286 290 321 336 378 380 385 411 477 486 489  ; 4 6 2 4 3 2 6 3 4 3 7 2 2 11 3 2 2 3 
2.46e+05 ; 6.324e-16 ; True ; 2 4 5 48 62 82 112 114 116 194 218 227 286 290 321 336 378 380 411 413 436 477 486  ; 3 6 2 2 3 2 6 4 4 3 8 3 3 10 3 2 2 3 
2.47e+05 ; 6.857e-16 ; True ; 2 5 48 62 82 112 114 116 127 218 226 227 229 254 286 290 321 336 378 411 413 477 486  ; 3 5 2 3 3 2 6 3 5 3 7 3 2 9 3 2 3 3 
2.47e+05 ; 7.084e-16 ; True ; 2 4 5 6 48 62 82 112 114 116 172 218 227 242 286 290 321 336 378 380 411 477 486  ; 5 5 2 2 4 2 6 3 4 3 7 4 2 10 3 2 2 3 
2.49e+05 ; 8.451e-16 ; True ; 2 5 48 62 82 112 114 116 194 223 227 242 286 290 321 336 378 380 411 413 477 486 489  ; 4 7 2 3 3 2 6 3 4 3 8 2 3 10 4 2 2 3 
2.69e+05 ; 9.197e-16 ; True ; 2 4 5 48 62 82 112 114 116 172 194 218 227 242 286 290 321 378 380 385 411 477 486 489  ; 4 6 1 3 4 2 6 3 4 3 8 3 3 9 4 2 2 4 
2.69e+05 ; 9.637e-16 ; True ; 2 4 5 48 62 82 112 114 116 172 218 227 242 286 290 321 336 350 378 380 411 413 486 489  ; 4 6 2 3 4 2 6 3 4 2 8 3 2 10 4 3 2 3 
2.7e+05 ; 1.105e-15 ; True ; 2 4 5 6 48 62 82 112 114 116 172 218 227 242 286 290 312 321 336 378 380 411 477 486  ; 5 5 2 2 4 3 6 3 4 3 8 4 2 10 3 2 2 3 
2.71e+05 ; 1.26e-15 ; True ; 2 5 48 62 73 82 112 114 116 194 223 227 242 286 290 321 336 378 380 411 413 477 486 489  ; 4 7 3 3 3 2 6 3 4 3 8 2 3 10 4 2 2 3 
2.71e+05 ; 1.26e-15 ; True ; 2 4 5 48 62 82 112 114 116 172 218 227 242 286 290 321 336 378 380 385 411 477 486 489  ; 4 5 2 3 4 2 6 3 5 3 7 3 2 10 4 2 2 4 
2.92e+05 ; 1.518e-15 ; True ; 2 4 5 6 48 62 82 112 114 116 172 218 227 242 286 290 321 336 350 378 380 411 413 486 489  ; 5 6 2 3 4 2 6 3 4 2 8 4 2 11 4 3 2 3 
2.93e+05 ; 1.566e-15 ; True ; 2 4 5 6 48 62 82 112 114 116 172 218 219 227 242 286 290 321 336 378 380 411 477 486 489  ; 5 5 2 4 4 2 6 3 4 3 7 4 2 10 4 2 2 3 
2.93e+05 ; 1.606e-15 ; True ; 2 4 5 48 56 62 82 112 114 116 172 218 227 242 286 290 321 336 350 378 380 411 413 486 489  ; 4 7 2 3 4 2 6 3 4 3 8 3 2 11 4 3 2 3 
2.94e+05 ; 1.622e-15 ; True ; 2 4 5 48 56 62 82 112 114 116 172 227 242 286 290 321 336 350 378 380 385 411 413 486 489  ; 4 7 2 3 3 2 6 3 5 3 8 3 2 12 3 3 2 4 
2.95e+05 ; 1.666e-15 ; True ; 2 4 5 48 56 62 82 112 114 116 172 218 227 242 286 290 321 336 368 378 380 411 413 486 489  ; 4 7 2 3 4 2 6 2 4 3 9 3 3 11 4 3 2 3 
2.95e+05 ; 1.792e-15 ; True ; 2 5 48 56 62 82 112 114 116 172 218 227 242 286 290 321 336 350 378 380 385 411 413 486 489  ; 4 7 2 3 4 2 6 3 5 3 8 2 2 12 4 3 2 4 
2.95e+05 ; 2.001e-15 ; True ; 2 5 6 56 62 82 112 114 116 172 218 227 242 286 290 321 336 350 378 385 411 413 477 486 489  ; 4 6 2 3 4 2 5 4 4 3 7 3 2 11 4 3 2 4 
3.16e+05 ; 2.077e-15 ; True ; 2 4 5 48 56 62 82 112 114 116 172 194 218 227 242 286 290 321 336 350 378 380 411 417 486 489  ; 4 7 2 3 4 2 6 3 4 4 8 3 3 10 4 2 2 3 
3.16e+05 ; 2.255e-15 ; True ; 2 4 5 6 48 62 82 112 114 116 172 218 226 227 242 286 290 321 336 350 378 380 411 413 486 489  ; 6 6 2 4 4 2 6 3 4 2 8 4 2 11 4 3 2 3 
3.18e+05 ; 2.309e-15 ; True ; 2 4 5 6 56 62 82 112 114 116 172 207 218 227 286 290 321 336 378 380 385 411 413 477 486 489  ; 4 6 2 3 3 2 6 3 4 4 7 4 2 13 4 3 2 4 
3.18e+05 ; 2.58e-15 ; True ; 2 4 5 48 56 62 82 112 114 116 172 218 227 242 286 290 321 336 350 378 380 385 411 413 486 489  ; 4 7 2 3 4 2 6 3 5 3 8 3 2 12 4 3 2 4 
3.19e+05 ; 2.993e-15 ; True ; 2 5 6 28 56 62 82 112 114 116 172 218 227 242 286 290 321 336 350 378 385 411 413 477 486 489  ; 4 6 2 3 4 3 5 4 4 3 7 3 2 12 4 3 2 4 
3.43e+05 ; 3.565e-15 ; True ; 2 4 5 6 49 56 62 82 112 114 116 172 218 227 242 286 290 321 336 378 380 385 411 413 477 486 489  ; 5 6 2 3 4 2 5 3 4 4 7 4 2 12 5 3 2 4 
3.44e+05 ; 3.642e-15 ; True ; 2 5 6 28 56 62 82 112 114 116 172 218 227 242 286 290 321 336 350 364 378 385 411 413 477 486 489  ; 5 6 2 3 4 3 5 4 4 3 7 3 2 12 4 3 2 4 
3.44e+05 ; 3.764e-15 ; True ; 2 4 5 48 56 62 67 82 112 114 116 172 218 227 242 286 290 321 336 350 378 380 385 411 477 486 489  ; 4 6 3 3 4 2 6 4 5 4 7 3 2 11 4 2 2 4 
3.45e+05 ; 3.825e-15 ; True ; 2 5 6 21 28 56 62 82 112 114 116 172 218 227 242 286 290 321 336 350 378 385 411 413 477 486 489  ; 5 6 2 3 4 3 5 4 4 3 8 3 2 12 4 3 2 4 
3.68e+05 ; 3.858e-15 ; True ; 2 4 6 28 48 62 82 112 114 116 172 195 218 227 242 286 290 321 336 350 378 380 385 411 413 423 486 489  ; 4 7 2 3 4 3 6 3 5 2 7 5 2 14 4 3 2 4 
3.7e+05 ; 4.431e-15 ; True ; 2 5 6 28 56 62 82 112 114 116 172 217 227 242 286 290 321 336 350 368 378 380 385 413 423 477 486 489  ; 5 5 2 3 3 3 4 4 4 3 9 4 3 13 3 4 2 4 
3.7e+05 ; 5.172e-15 ; True ; 2 5 6 28 56 62 82 112 114 116 172 218 227 242 286 290 321 336 350 368 378 380 385 413 423 477 486 489  ; 5 5 2 3 4 3 4 4 4 3 8 4 3 13 4 3 2 4 
3.71e+05 ; 5.473e-15 ; True ; 2 5 6 28 56 62 82 112 114 116 172 217 218 227 242 286 290 321 336 350 368 378 380 385 413 477 486 489  ; 5 5 2 3 4 3 4 4 4 3 9 3 3 12 4 4 2 4 
3.71e+05 ; 5.572e-15 ; True ; 2 4 5 48 56 62 67 82 112 114 116 172 218 227 242 286 290 321 336 350 378 380 382 385 411 477 486 489  ; 4 6 3 3 4 2 6 4 5 4 7 3 3 11 4 2 2 4 
3.72e+05 ; 5.611e-15 ; True ; 2 5 6 17 48 56 62 82 112 114 116 172 217 218 227 242 286 290 321 336 350 378 380 385 411 477 486 489  ; 6 6 2 3 4 2 6 4 5 4 8 3 2 12 4 3 2 4 
3.97e+05 ; 7.048e-15 ; True ; 2 5 6 28 56 62 82 112 114 116 172 217 218 227 242 286 290 321 336 350 368 378 380 385 413 423 477 486 489  ; 5 5 2 3 4 3 4 4 4 3 9 4 3 13 4 4 2 4 
4.26e+05 ; 9.2e-15 ; True ; 2 5 6 28 56 62 82 112 114 116 172 217 218 227 242 286 290 293 321 336 350 368 378 380 385 413 423 477 486 489  ; 5 5 2 3 4 3 4 4 4 4 9 4 3 13 4 4 2 4 
4.28e+05 ; 1.017e-14 ; True ; 2 5 6 28 56 62 82 112 114 116 172 217 218 227 242 259 286 290 293 321 336 368 378 380 385 413 423 477 486 489  ; 5 5 2 4 4 3 4 3 4 4 9 4 3 13 5 4 2 4 
4.56e+05 ; 1.339e-14 ; True ; 2 5 6 28 56 62 82 112 114 116 172 217 218 227 242 259 286 290 293 321 336 350 368 378 380 385 413 423 477 486 489  ; 5 5 2 4 4 3 4 4 4 4 9 4 3 13 5 4 2 4 
5.56e+05 ; 1.622e-14 ; True ; 2 4 5 15 30 48 54 62 82 112 114 116 172 218 227 242 286 290 336 351 354 367 378 380 385 395 411 413 436 477 479 486 489 490  ; 5 6 2 5 4 3 6 4 6 3 8 3 2 13 7 3 2 5 
5.9e+05 ; 1.92e-14 ; True ; 2 4 5 15 30 48 54 62 82 111 112 114 116 172 218 227 242 286 290 336 351 354 367 378 380 385 395 411 413 436 477 479 486 489 490  ; 5 6 2 5 4 3 7 4 6 3 9 3 2 13 7 3 2 5 

RUN 6:
Optimum Distance: 0

Optimal Team: 
Required Skills: 5 6 8 10 11 13 16 17 20 22 26 27 29 34 38 42 49 55 
Distance; Skill Score; isValid; Team; Skill Counts
2.5e+04 ; 1.867e-23 ; True ; 0 62 73 82 112 114 386 413  ; 1 1 1 1 1 1 1 1 1 1 2 1 2 2 1 1 1 1 
2.8e+04 ; 4.375e-22 ; True ; 62 82 112 290 336 385 411 413  ; 1 2 1 1 1 1 2 1 2 1 2 2 2 5 1 1 1 1 
3.3e+04 ; 6.24e-22 ; True ; 5 62 82 116 158 286 321 323 336  ; 1 1 1 1 2 2 2 1 2 1 4 1 1 4 2 1 1 1 
3.4e+04 ; 1.609e-21 ; True ; 62 82 112 116 286 321 336 386 411  ; 1 2 1 1 2 2 3 2 1 1 3 1 2 4 1 1 1 1 
3.6e+04 ; 3.605e-21 ; True ; 62 82 112 286 290 336 385 411 413  ; 1 2 1 1 1 2 3 2 2 1 3 2 2 6 1 1 1 1 
4.2e+04 ; 5.589e-21 ; True ; 62 82 112 116 286 290 321 336 406 411  ; 1 2 1 1 2 2 3 2 1 1 3 2 2 4 2 1 1 1 
4.3e+04 ; 1.143e-20 ; True ; 62 82 112 116 286 290 321 336 386 411  ; 2 2 1 2 2 2 3 2 1 1 3 2 2 4 1 1 1 1 
4.5e+04 ; 1.681e-20 ; True ; 5 62 82 112 286 290 336 385 411 413  ; 2 2 1 2 1 2 3 2 2 1 4 2 2 7 1 1 1 1 
5.1e+04 ; 2.071e-20 ; True ; 62 82 112 116 286 290 321 336 386 406 411  ; 2 2 1 2 2 2 3 2 1 1 3 2 2 4 2 1 1 1 
5.3e+04 ; 2.475e-20 ; True ; 62 82 112 116 286 290 321 336 377 386 411  ; 2 2 1 2 2 2 3 2 1 1 3 2 2 5 1 1 1 2 
5.5e+04 ; 6.192e-20 ; True ; 5 62 82 112 227 286 290 336 385 411 413  ; 2 3 1 2 1 2 4 2 2 1 4 2 2 7 1 1 1 2 
6.2e+04 ; 8.44e-20 ; True ; 62 82 112 116 158 286 290 321 323 336 411 486  ; 1 2 1 1 2 2 3 2 3 2 3 2 2 4 3 1 2 1 
6.4e+04 ; 1.169e-19 ; True ; 62 82 112 114 116 158 286 290 336 386 411 486  ; 2 2 1 2 1 2 3 2 3 2 3 2 2 4 2 1 2 1 
6.6e+04 ; 2.387e-19 ; True ; 5 48 62 82 112 158 227 286 290 321 336 413  ; 2 3 1 2 2 2 4 2 2 1 5 2 2 6 2 1 1 2 
7.4e+04 ; 2.881e-19 ; True ; 5 62 82 116 158 227 286 290 321 323 336 411 486  ; 2 3 1 2 2 2 4 1 3 2 4 2 1 5 2 1 2 2 
7.6e+04 ; 7.159e-19 ; True ; 5 62 82 112 116 158 286 290 321 336 411 413 486  ; 2 3 1 2 2 2 3 2 2 2 5 2 2 6 2 2 2 1 
7.8e+04 ; 7.355e-19 ; True ; 5 48 62 82 112 158 286 290 321 336 385 411 413  ; 2 3 1 2 2 2 4 2 3 2 5 2 2 8 2 1 1 2 
8.6e+04 ; 7.971e-19 ; True ; 5 62 82 112 116 158 227 286 321 323 336 386 411 486  ; 2 3 1 2 2 2 4 2 3 2 4 1 2 5 3 1 2 2 
8.7e+04 ; 1.529e-18 ; True ; 5 62 82 112 116 158 227 286 290 321 323 336 411 486  ; 2 3 1 2 2 2 4 2 3 2 4 2 2 5 3 1 2 2 
8.9e+04 ; 1.982e-18 ; True ; 5 48 62 82 112 116 158 227 286 290 321 336 380 486  ; 3 3 1 2 2 2 4 2 3 2 5 2 2 6 2 1 2 2 
1e+05 ; 2.538e-18 ; True ; 4 5 62 82 112 158 194 227 286 290 321 336 411 413 486  ; 2 4 1 2 2 2 4 2 2 2 5 3 3 6 2 1 2 2 
1.02e+05 ; 3.584e-18 ; True ; 5 6 62 82 112 158 227 286 290 321 323 336 411 413 486  ; 3 3 1 2 2 2 4 2 3 2 4 3 2 7 3 1 2 2 
1.03e+05 ; 4.509e-18 ; True ; 5 6 62 82 112 114 116 158 286 290 321 336 411 413 486  ; 3 3 1 2 2 2 3 2 3 2 5 3 2 7 2 2 2 2 
1.05e+05 ; 4.696e-18 ; True ; 5 48 62 82 112 172 227 286 290 321 336 411 413 477 486  ; 2 5 1 2 2 2 5 3 3 2 6 2 2 7 1 2 2 2 
1.15e+05 ; 4.861e-18 ; True ; 4 48 62 82 112 116 194 227 286 290 321 336 380 411 413 489  ; 2 6 1 2 2 2 5 2 2 2 6 3 3 7 2 2 1 2 
1.17e+05 ; 6.101e-18 ; True ; 5 62 82 112 116 158 227 286 290 321 336 385 413 422 477 486  ; 2 3 1 2 2 2 3 3 3 2 5 2 2 6 3 2 2 3 
1.18e+05 ; 1.113e-17 ; True ; 5 48 62 82 112 116 158 227 286 290 321 336 380 413 486 489  ; 3 4 1 3 2 2 4 2 3 2 6 2 2 7 3 2 2 2 
1.2e+05 ; 1.148e-17 ; True ; 5 6 62 82 112 116 227 253 286 290 336 385 411 413 477 486  ; 3 4 1 2 2 2 4 3 3 2 5 3 2 8 2 2 2 2 
1.31e+05 ; 1.413e-17 ; True ; 4 48 62 82 112 116 194 227 286 290 321 336 380 411 413 486 489  ; 2 6 1 2 2 2 5 2 3 2 6 3 3 7 2 2 2 2 
1.33e+05 ; 2.139e-17 ; True ; 5 48 62 82 112 116 158 194 227 286 290 321 336 380 385 413 486  ; 3 5 1 2 2 2 4 2 4 2 7 2 3 8 2 2 2 3 
1.35e+05 ; 2.488e-17 ; True ; 5 6 62 82 112 116 227 253 286 290 321 336 385 411 413 477 486  ; 3 4 1 2 3 2 4 3 3 2 5 3 2 8 2 2 2 3 
1.48e+05 ; 3.245e-17 ; True ; 4 5 48 62 82 112 116 194 227 286 290 321 336 380 411 413 486 489  ; 3 6 1 3 2 2 5 2 3 2 7 3 3 8 2 2 2 2 
1.49e+05 ; 4.03e-17 ; True ; 5 48 62 82 112 114 116 158 227 286 290 321 323 336 380 411 413 486  ; 3 5 1 2 2 2 5 2 5 3 6 2 2 8 3 2 2 3 
1.51e+05 ; 4.334e-17 ; True ; 5 18 48 62 82 112 158 194 201 227 286 290 321 336 378 413 477 486  ; 2 4 2 3 2 2 5 3 3 2 7 2 3 7 3 2 2 2 
1.52e+05 ; 4.945e-17 ; True ; 5 6 62 82 112 116 227 253 286 290 321 336 385 410 411 413 477 486  ; 3 4 2 2 3 2 4 3 3 2 5 3 2 8 2 2 2 3 
1.65e+05 ; 5.66e-17 ; True ; 5 48 62 82 112 116 158 194 197 286 290 321 323 378 380 385 413 477 486  ; 3 4 1 3 2 2 3 3 4 3 7 3 3 8 3 2 2 2 
1.67e+05 ; 8.347e-17 ; True ; 5 6 48 62 82 112 116 158 194 197 227 286 290 321 336 385 413 477 486  ; 3 5 1 3 2 2 4 3 4 2 7 4 3 8 2 2 2 3 
1.7e+05 ; 1.006e-16 ; True ; 5 48 62 82 112 116 121 227 286 290 321 336 378 380 411 413 477 486 489  ; 3 5 2 3 2 2 6 3 3 3 7 2 2 9 2 2 2 3 
1.85e+05 ; 1.015e-16 ; True ; 4 5 48 62 82 112 139 194 227 243 257 286 290 299 321 336 411 413 477 486  ; 3 5 1 3 3 2 5 3 4 2 6 3 3 8 3 2 2 2 
1.86e+05 ; 1.625e-16 ; True ; 5 6 48 62 82 112 116 158 194 197 227 286 290 321 336 380 385 413 477 486  ; 4 5 1 3 2 2 4 3 4 3 7 4 3 9 2 2 2 3 
1.88e+05 ; 1.685e-16 ; True ; 5 6 48 62 82 112 116 197 227 286 290 321 336 378 380 411 413 477 486 489  ; 4 5 2 4 2 2 5 3 3 3 6 4 2 10 2 2 2 2 
2.03e+05 ; 2.215e-16 ; True ; 5 6 48 62 82 112 116 158 194 197 227 286 290 321 323 378 380 385 413 477 486  ; 4 5 1 3 2 2 4 3 4 3 7 4 3 9 3 2 2 3 
2.06e+05 ; 2.722e-16 ; True ; 5 6 18 48 62 82 112 121 158 194 227 286 290 321 323 336 411 413 477 486 489  ; 3 5 1 3 2 2 7 3 4 3 8 3 3 8 4 2 2 3 
2.06e+05 ; 3.279e-16 ; True ; 5 6 48 62 82 112 116 158 194 197 227 286 290 321 336 378 380 385 413 477 486  ; 4 5 2 3 2 2 4 3 4 3 7 4 3 10 2 2 2 3 
2.24e+05 ; 4.075e-16 ; True ; 5 6 62 82 112 116 158 194 197 227 286 290 321 323 336 378 380 385 413 477 486 489  ; 4 4 2 4 2 2 3 3 4 3 6 4 3 9 4 2 2 3 
2.27e+05 ; 4.168e-16 ; True ; 5 6 18 48 62 82 112 121 158 194 197 227 232 286 290 321 336 411 413 477 486 489  ; 3 5 1 4 2 3 7 3 3 3 8 4 3 8 3 2 2 3 
2.27e+05 ; 5.684e-16 ; True ; 5 6 48 62 82 112 116 158 194 197 227 286 290 321 336 378 380 385 413 477 486 489  ; 4 5 2 4 2 2 4 3 4 3 7 4 3 10 3 2 2 3 
2.28e+05 ; 5.701e-16 ; True ; 5 6 18 48 62 82 112 121 158 194 197 227 286 290 321 336 378 411 413 477 486 489  ; 3 5 2 4 2 2 7 3 3 3 8 4 3 9 3 2 2 3 
2.46e+05 ; 7.5e-16 ; True ; 5 6 48 62 82 112 116 158 194 197 201 286 290 321 336 354 378 380 385 411 413 477 486  ; 4 5 2 4 2 2 4 3 4 4 7 4 3 11 3 2 2 3 
2.5e+05 ; 8.465e-16 ; True ; 5 6 18 48 62 82 112 121 158 194 197 227 286 290 321 336 378 411 413 460 477 486 489  ; 3 5 2 4 2 3 7 3 3 3 8 4 3 9 3 2 2 3 
2.51e+05 ; 9.225e-16 ; True ; 5 6 48 62 82 112 121 194 197 227 253 286 290 321 336 344 378 380 411 413 477 486 489  ; 4 5 2 4 3 2 6 3 3 3 7 4 3 10 3 2 2 3 
2.69e+05 ; 1.09e-15 ; True ; 5 6 48 62 82 112 116 158 194 197 227 286 321 323 336 378 380 385 411 413 440 477 486 489  ; 3 6 2 3 3 2 5 3 5 4 7 3 3 11 4 2 2 3 
2.71e+05 ; 1.219e-15 ; True ; 5 6 48 62 82 112 116 158 194 197 227 286 290 321 336 344 378 380 385 386 413 477 486 489  ; 5 5 2 5 2 2 4 3 4 3 7 4 3 10 3 3 2 3 
2.73e+05 ; 1.281e-15 ; True ; 5 6 48 62 82 112 116 158 197 227 286 290 321 336 378 380 385 399 411 413 468 477 486 489  ; 4 5 2 4 2 3 5 3 4 4 6 4 2 12 3 3 2 3 
2.74e+05 ; 1.375e-15 ; True ; 5 6 18 30 48 62 82 112 121 158 194 227 286 290 321 336 344 378 380 411 413 477 486 489  ; 4 5 2 4 2 2 7 3 3 4 8 3 3 10 4 3 2 3 
2.93e+05 ; 1.536e-15 ; True ; 0 5 6 48 62 82 84 112 116 158 194 201 227 286 290 321 336 354 378 380 385 411 413 477 486  ; 4 6 2 3 2 2 5 3 4 5 7 3 3 11 3 3 2 4 
2.94e+05 ; 1.591e-15 ; True ; 5 6 48 62 82 112 116 158 194 197 227 286 290 321 336 344 378 380 385 386 413 477 483 486 489  ; 5 5 2 5 2 2 4 3 4 4 7 4 3 10 3 3 2 3 
2.97e+05 ; 1.915e-15 ; True ; 5 6 48 62 82 112 121 158 194 197 227 253 286 290 321 336 344 378 380 411 413 440 477 486 489  ; 4 5 2 4 4 2 6 3 3 4 7 4 3 10 4 2 2 3 
3.16e+05 ; 1.954e-15 ; True ; 0 5 6 48 62 82 84 112 116 158 194 201 227 286 290 321 336 354 359 378 380 385 411 413 477 486  ; 4 6 2 4 2 2 5 3 4 5 7 3 3 11 3 3 2 4 
3.17e+05 ; 2.319e-15 ; True ; 0 2 5 6 48 62 82 84 112 116 158 194 201 227 286 290 321 336 354 378 380 385 411 413 477 486  ; 4 6 2 3 2 2 6 3 4 5 8 3 3 12 4 3 2 4 
3.18e+05 ; 2.375e-15 ; True ; 5 6 48 62 82 112 116 158 194 197 227 286 290 321 323 336 378 379 380 385 411 413 437 477 486 489  ; 4 6 2 4 2 2 5 4 5 4 7 4 3 12 5 2 2 3 
3.23e+05 ; 2.617e-15 ; True ; 5 6 48 54 62 82 112 114 121 158 194 227 262 286 290 321 336 344 378 380 386 399 411 413 468 486  ; 5 5 3 3 3 3 6 2 4 3 7 3 3 11 3 3 2 4 
3.43e+05 ; 2.924e-15 ; True ; 0 5 6 48 62 82 112 116 158 194 201 227 286 290 321 336 354 359 378 380 385 399 411 413 468 477 486  ; 4 6 2 4 2 3 5 3 4 5 7 3 3 12 3 3 2 4 
3.46e+05 ; 3.319e-15 ; True ; 0 5 6 48 62 82 112 121 158 194 227 243 286 290 321 325 336 344 378 380 386 411 413 468 477 486 489  ; 5 5 2 4 3 3 6 3 4 5 7 3 3 11 4 2 2 3 
3.48e+05 ; 3.641e-15 ; True ; 5 6 48 62 82 112 121 158 194 227 243 286 290 321 336 344 365 378 380 385 399 411 413 468 477 486 489  ; 4 5 2 3 2 3 6 3 5 4 7 4 3 13 4 3 2 4 
3.49e+05 ; 3.875e-15 ; True ; 5 6 48 54 62 82 112 114 121 158 194 227 243 262 286 290 321 336 344 378 380 386 399 411 413 468 486  ; 5 5 3 3 3 3 6 2 5 3 7 3 3 11 4 3 2 4 
3.71e+05 ; 3.966e-15 ; True ; 5 6 48 62 82 112 116 158 191 194 201 227 286 290 321 336 354 359 378 380 385 399 411 413 468 477 486 489  ; 4 6 2 5 2 3 5 3 4 4 7 3 3 12 5 3 2 4 
3.73e+05 ; 3.969e-15 ; True ; 0 5 6 8 48 62 82 112 121 158 194 227 243 286 290 321 336 344 365 378 380 385 411 413 468 477 486 489  ; 4 5 2 3 2 3 6 4 5 5 7 4 3 13 4 2 2 4 
3.73e+05 ; 4.343e-15 ; True ; 0 5 6 48 62 82 112 116 158 194 227 243 286 290 321 336 344 359 378 380 385 399 411 413 468 477 486 489  ; 4 6 2 4 2 3 5 3 5 5 7 3 3 12 4 4 2 3 
3.74e+05 ; 4.456e-15 ; True ; 0 5 6 48 62 82 112 121 158 194 227 243 286 290 321 336 344 365 378 380 385 399 411 413 468 477 486 489  ; 4 5 2 3 2 3 6 3 5 5 7 4 3 13 4 3 2 4 
3.75e+05 ; 5.357e-15 ; True ; 5 6 48 62 82 112 121 158 194 227 243 286 290 321 336 344 365 378 380 385 399 411 413 440 468 477 486 489  ; 4 5 2 3 3 3 6 3 5 4 7 4 3 13 4 3 2 4 
3.75e+05 ; 6.027e-15 ; True ; 5 6 48 62 82 92 112 121 139 158 194 227 243 286 290 321 336 344 359 378 380 385 411 413 468 477 486 489  ; 5 5 2 4 3 3 7 3 5 4 8 3 3 14 5 2 2 4 
4.01e+05 ; 6.484e-15 ; True ; 0 5 6 48 62 82 112 121 158 194 201 227 243 286 290 321 336 344 365 378 380 385 399 411 413 468 477 486 489  ; 4 5 2 4 2 3 6 3 5 5 7 4 3 13 5 3 2 4 
4.02e+05 ; 6.556e-15 ; True ; 0 5 6 48 62 82 112 121 158 194 227 243 286 290 321 336 344 365 378 380 385 399 411 413 440 468 477 486 489  ; 4 5 2 3 3 3 6 3 5 5 7 4 3 13 4 3 2 4 
4.03e+05 ; 6.954e-15 ; True ; 5 6 48 62 82 92 112 121 139 158 194 227 243 286 290 321 336 344 359 372 378 380 385 411 413 468 477 486 489  ; 5 6 2 4 3 3 7 3 5 4 8 3 3 14 5 2 2 4 
4.28e+05 ; 7.194e-15 ; True ; 0 2 5 6 48 50 62 82 112 116 121 158 227 243 286 290 321 336 344 359 378 380 385 386 411 413 440 477 486 489  ; 5 5 2 5 3 2 7 3 5 5 8 3 2 12 5 3 2 5 
4.29e+05 ; 7.2e-15 ; True ; 0 5 6 48 62 82 112 121 158 194 227 243 286 289 290 321 336 344 359 365 378 380 399 411 413 440 468 477 486 489  ; 4 6 2 5 3 3 6 3 4 5 7 4 3 13 4 3 2 3 
4.3e+05 ; 7.634e-15 ; True ; 5 6 48 62 82 112 121 158 165 194 199 227 243 286 290 321 336 344 359 378 380 386 399 411 413 440 468 477 486 489  ; 5 5 2 5 3 3 7 3 4 5 7 3 3 11 5 3 2 3 
4.3e+05 ; 7.795e-15 ; True ; 5 6 48 62 82 112 121 158 165 176 194 199 227 243 286 290 321 336 344 359 378 380 386 399 411 413 440 468 477 486  ; 6 5 2 5 3 3 7 3 4 5 7 3 3 11 4 3 2 3 
4.31e+05 ; 8.083e-15 ; True ; 0 5 6 48 62 82 112 121 158 194 227 243 286 290 321 336 342 344 365 378 380 385 399 411 413 440 468 477 486 489  ; 4 5 2 3 3 3 6 3 6 5 8 4 3 14 4 3 2 4 
4.57e+05 ; 8.478e-15 ; True ; 0 2 5 6 48 50 62 82 112 116 121 158 227 243 286 290 321 336 344 359 369 378 380 385 386 411 413 440 477 486 489  ; 5 5 2 5 3 2 7 3 5 5 8 3 2 12 5 3 2 6 
4.57e+05 ; 9.803e-15 ; True ; 0 2 5 6 48 50 62 82 112 116 119 121 158 227 243 286 290 321 336 344 359 378 380 385 386 411 413 440 477 486 489  ; 5 5 2 5 3 2 7 3 5 5 9 3 2 12 5 4 2 5 
4.6e+05 ; 1.064e-14 ; True ; 0 5 6 48 62 81 82 112 121 158 194 227 243 286 290 321 336 342 344 365 378 380 385 399 411 413 440 468 477 486 489  ; 4 5 2 3 3 3 6 3 6 5 8 4 4 14 4 3 2 4 
4.61e+05 ; 1.251e-14 ; True ; 0 5 6 48 62 82 112 121 158 194 227 243 286 290 297 321 336 342 344 365 378 380 385 399 411 413 440 468 477 486 489  ; 5 5 2 4 3 3 6 3 6 5 8 4 3 14 4 3 2 4 
4.91e+05 ; 1.281e-14 ; True ; 0 5 6 48 62 82 112 121 158 194 221 227 243 259 286 290 321 336 344 358 378 380 386 398 399 411 413 440 468 477 486 489  ; 6 5 2 7 3 3 6 3 4 5 7 4 3 11 5 3 2 3 
5.21e+05 ; 1.379e-14 ; True ; 0 5 6 48 62 82 112 121 158 194 208 221 227 243 259 275 286 290 321 336 344 358 378 380 386 398 399 411 413 440 468 477 486  ; 6 5 2 6 3 3 6 3 4 5 7 5 3 11 5 3 2 3 
5.22e+05 ; 1.412e-14 ; True ; 0 5 6 48 62 82 112 121 158 194 221 227 243 259 284 286 290 321 336 344 358 378 380 386 398 399 411 413 440 468 477 486 489  ; 6 5 2 7 3 3 6 3 4 5 7 4 3 11 6 3 2 3 
5.23e+05 ; 1.76e-14 ; True ; 0 5 6 48 62 82 112 121 158 194 221 227 243 259 286 290 321 336 344 358 378 380 386 398 399 411 413 417 420 440 468 477 486  ; 6 5 2 6 3 3 6 3 4 6 7 4 3 11 4 3 3 3 
5.53e+05 ; 1.808e-14 ; True ; 0 5 6 48 62 82 112 121 158 194 221 227 243 259 275 286 290 321 336 344 358 378 380 386 398 399 411 413 417 440 468 477 486 489  ; 6 5 2 7 3 3 6 3 4 6 7 5 3 11 5 3 2 3 
5.54e+05 ; 1.848e-14 ; True ; 0 5 6 48 62 82 104 112 121 158 194 221 227 243 259 284 286 290 321 336 344 358 378 380 386 398 399 411 413 440 468 477 486 489  ; 6 5 2 7 3 3 6 3 4 5 7 4 3 11 6 3 2 4 
5.56e+05 ; 2.007e-14 ; True ; 0 5 6 48 62 82 112 121 158 194 221 227 243 259 286 290 321 336 344 358 375 378 380 386 398 399 411 413 420 440 468 477 486 489  ; 6 5 2 7 3 3 6 3 4 5 8 4 3 11 5 3 3 3 
5.86e+05 ; 2.008e-14 ; True ; 0 5 6 48 62 82 112 121 158 192 194 221 227 243 259 275 286 290 321 336 344 358 378 380 386 398 399 411 413 417 440 468 477 486 489  ; 6 5 2 7 3 3 6 3 4 6 7 5 3 12 6 3 2 3 
5.87e+05 ; 2.087e-14 ; True ; 0 5 6 48 61 62 82 112 121 158 194 221 227 243 259 275 286 290 321 336 344 358 378 380 386 398 399 411 413 417 440 468 477 486 489  ; 6 6 2 7 3 3 6 3 4 6 7 5 3 11 5 3 2 3 
6.21e+05 ; 2.164e-14 ; True ; 0 5 6 48 62 82 112 121 130 158 194 214 227 243 248 286 290 317 321 336 344 354 359 378 380 386 399 403 411 413 414 440 468 477 486 489  ; 5 5 2 6 3 3 7 3 4 5 7 5 3 11 5 3 2 5 
6.21e+05 ; 2.578e-14 ; True ; 0 5 6 36 48 62 82 112 121 130 158 194 214 227 243 246 286 290 317 321 336 344 354 359 378 380 386 399 411 413 414 440 468 477 486 489  ; 6 6 2 6 3 3 6 3 4 5 7 5 3 12 5 3 2 5 

RUN 7:
Optimum Distance: 0

Optimal Team: 
Required Skills: 5 6 8 10 11 13 16 17 20 22 26 27 29 34 38 42 49 55 
Distance; Skill Score; isValid; Team; Skill Counts
2e+04 ; 2.404e-23 ; True ; 82 116 158 286 290 321 336  ; 1 1 1 1 1 1 2 1 1 1 2 1 1 3 1 1 1 1 
2.5e+04 ; 4.354e-23 ; True ; 82 116 158 286 290 321 323 378  ; 1 1 1 1 1 1 2 1 1 1 2 1 1 3 2 1 1 1 
2.7e+04 ; 3.071e-22 ; True ; 82 112 116 286 290 321 336 411  ; 1 2 1 1 1 1 3 2 1 1 2 1 2 4 1 1 1 1 
2.8e+04 ; 4.04e-22 ; True ; 62 82 158 227 286 290 336 413  ; 1 2 1 1 1 2 3 1 1 1 3 2 1 4 1 1 1 1 
3.3e+04 ; 4.758e-22 ; True ; 82 116 158 194 286 290 321 336 486  ; 1 2 1 1 1 1 2 1 2 1 3 1 2 3 1 1 2 1 
3.5e+04 ; 1.574e-21 ; True ; 62 73 82 112 114 286 290 411 413  ; 1 2 1 1 1 2 3 2 1 1 3 2 2 4 1 1 1 1 
3.6e+04 ; 3.379e-21 ; True ; 62 82 112 114 286 290 336 411 413  ; 1 2 1 1 1 2 3 2 2 1 3 2 2 5 1 1 1 1 
4.2e+04 ; 4.703e-21 ; True ; 62 82 116 158 227 286 290 321 323 336  ; 1 2 1 1 2 2 3 1 2 1 3 2 1 3 2 1 1 2 
4.4e+04 ; 1.104e-20 ; True ; 62 82 112 158 227 286 290 336 413 486  ; 1 2 1 1 1 2 3 2 2 1 3 2 2 4 2 1 2 1 
4.5e+04 ; 1.55e-20 ; True ; 5 62 82 112 227 286 290 336 411 413  ; 2 3 1 2 1 2 4 2 1 1 4 2 2 6 1 1 1 1 
5.2e+04 ; 1.896e-20 ; True ; 62 82 116 158 194 286 290 321 336 380 486  ; 2 2 1 1 2 2 2 1 2 2 4 2 2 4 1 1 2 1 
5.3e+04 ; 3.645e-20 ; True ; 62 82 112 116 158 227 286 290 321 336 486  ; 1 2 1 1 2 2 3 2 2 1 3 2 2 3 2 1 2 2 
5.5e+04 ; 5.924e-20 ; True ; 5 62 82 112 114 227 286 290 336 411 413  ; 2 3 1 2 1 2 4 2 2 1 4 2 2 6 1 1 1 2 
6.1e+04 ; 7.3e-20 ; True ; 5 62 82 112 116 286 290 321 323 336 406 411  ; 2 2 1 2 2 2 3 2 2 1 4 2 2 5 3 1 1 1 
6.3e+04 ; 9.307e-20 ; True ; 62 82 112 158 286 290 321 323 336 411 413 486  ; 1 2 1 1 2 2 3 2 3 2 3 2 2 5 3 1 2 1 
6.5e+04 ; 2.225e-19 ; True ; 5 62 82 112 158 286 290 321 336 411 413 486  ; 2 2 1 2 2 2 3 2 2 2 4 2 2 6 2 1 2 1 
7.3e+04 ; 2.521e-19 ; True ; 5 62 82 116 158 194 286 290 321 323 336 411 486  ; 2 3 1 2 2 2 3 1 3 2 5 2 2 5 2 1 2 1 
7.5e+04 ; 5.381e-19 ; True ; 62 82 112 116 158 227 286 290 321 336 386 413 486  ; 2 3 1 2 2 2 3 2 2 1 4 2 2 4 2 2 2 2 
7.7e+04 ; 8.196e-19 ; True ; 5 62 82 112 158 227 286 290 321 336 411 413 486  ; 2 3 1 2 2 2 4 2 2 2 4 2 2 6 2 1 2 2 
8.6e+04 ; 9.174e-19 ; True ; 5 62 82 112 116 158 227 286 290 321 336 401 413 486  ; 2 3 1 2 2 2 3 2 2 1 5 2 2 5 3 2 2 2 
8.8e+04 ; 1.606e-18 ; True ; 5 62 82 112 116 158 227 286 290 321 323 336 411 413  ; 2 4 1 2 2 2 4 2 2 2 5 2 2 6 3 2 1 2 
8.9e+04 ; 2.345e-18 ; True ; 5 62 82 112 116 158 227 286 290 321 336 411 413 486  ; 2 4 1 2 2 2 4 2 2 2 5 2 2 6 2 2 2 2 
1.01e+05 ; 4.669e-18 ; True ; 5 62 82 112 116 158 227 286 290 321 323 336 411 413 486  ; 2 4 1 2 2 2 4 2 3 2 5 2 2 6 3 2 2 2 
1.03e+05 ; 5.745e-18 ; True ; 5 48 62 82 112 116 158 227 286 290 321 336 411 413 486  ; 2 5 1 2 2 2 5 2 3 2 6 2 2 7 2 2 2 2 
1.14e+05 ; 6.477e-18 ; True ; 5 62 82 112 116 158 187 194 227 286 290 321 323 336 411 486  ; 2 4 1 2 2 2 4 2 3 2 5 2 3 5 3 2 2 2 
1.15e+05 ; 9.08e-18 ; True ; 5 62 82 112 116 158 194 227 286 290 321 323 336 411 413 486  ; 2 5 1 2 2 2 4 2 3 2 6 2 3 6 3 2 2 2 
1.17e+05 ; 1.021e-17 ; True ; 5 62 82 112 116 158 194 227 286 290 321 336 380 411 413 486  ; 3 5 1 2 2 2 4 2 2 3 6 2 3 7 2 2 2 2 
1.18e+05 ; 1.119e-17 ; True ; 5 6 62 82 112 116 158 227 286 290 321 336 411 413 477 486  ; 3 4 1 2 2 2 4 3 2 3 5 3 2 7 2 2 2 2 
1.29e+05 ; 1.162e-17 ; True ; 6 62 82 112 116 158 194 197 227 286 290 321 323 336 411 477 486  ; 2 4 1 2 2 2 4 3 3 3 4 4 3 5 3 1 2 2 
1.3e+05 ; 1.566e-17 ; True ; 5 62 82 112 116 158 194 227 286 289 290 321 323 336 411 413 486  ; 2 6 1 3 2 2 4 2 3 2 6 2 3 7 3 2 2 2 
1.31e+05 ; 2.033e-17 ; True ; 5 62 82 112 116 158 194 227 286 290 321 323 336 380 411 413 486  ; 3 5 1 2 2 2 4 2 3 3 6 2 3 7 3 2 2 2 
1.34e+05 ; 2.076e-17 ; True ; 5 62 82 112 114 116 194 227 286 290 321 336 411 413 477 486 489  ; 2 5 1 3 2 2 4 3 3 2 6 2 3 6 2 2 2 3 
1.35e+05 ; 2.229e-17 ; True ; 5 6 54 62 82 112 116 227 286 290 321 336 410 411 413 477 486  ; 3 4 2 2 3 2 4 3 2 2 5 3 2 7 2 2 2 2 
1.46e+05 ; 3.103e-17 ; True ; 6 62 82 112 116 158 194 197 227 286 290 321 323 336 380 413 477 486  ; 3 4 1 2 2 2 3 3 3 3 5 4 3 6 3 2 2 2 
1.48e+05 ; 3.535e-17 ; True ; 5 62 82 112 116 158 194 227 259 286 290 321 323 336 380 411 413 486  ; 3 5 1 3 2 2 4 2 3 3 6 2 3 7 4 2 2 2 
1.49e+05 ; 4.14e-17 ; True ; 5 6 48 62 82 112 116 121 158 227 286 290 321 323 336 413 477 486  ; 3 4 1 2 2 2 5 3 4 2 7 3 2 7 3 2 2 3 
1.51e+05 ; 4.265e-17 ; True ; 5 6 48 62 82 87 112 116 121 158 227 286 290 321 336 413 477 486  ; 4 4 1 2 2 2 5 3 3 2 7 3 2 8 3 2 2 3 
1.52e+05 ; 4.386e-17 ; True ; 5 6 54 62 82 112 116 121 227 286 290 321 336 410 411 413 477 486  ; 3 4 2 2 3 2 5 3 2 2 6 3 2 7 2 2 2 3 
1.64e+05 ; 5.935e-17 ; True ; 6 62 82 112 114 116 158 194 197 227 286 290 321 323 336 380 413 477 486  ; 3 4 1 2 2 2 3 3 4 3 5 4 3 6 3 2 2 3 
1.66e+05 ; 7.948e-17 ; True ; 5 6 48 62 82 112 116 121 158 194 286 290 321 323 336 411 413 477 486  ; 3 5 1 2 2 2 5 3 4 3 8 3 3 8 3 2 2 2 
1.68e+05 ; 8.135e-17 ; True ; 5 6 62 82 112 114 116 194 227 286 290 321 323 336 380 411 413 477 486  ; 4 5 1 2 2 2 4 3 4 3 6 3 3 8 2 2 2 3 
1.69e+05 ; 9.344e-17 ; True ; 5 6 62 82 112 114 116 194 227 286 290 321 336 378 411 413 477 486 489  ; 3 5 2 3 2 2 4 3 3 2 6 3 3 8 2 2 2 3 
1.85e+05 ; 1.55e-16 ; True ; 5 6 48 62 82 112 116 121 139 158 194 286 290 321 323 336 411 413 477 486  ; 4 5 1 2 3 2 5 3 4 3 8 3 3 9 3 2 2 2 
1.87e+05 ; 1.684e-16 ; True ; 5 48 62 67 82 87 112 116 121 158 194 227 286 290 321 336 411 413 477 486  ; 3 6 2 2 2 2 6 3 3 3 8 2 3 8 3 2 2 3 
1.88e+05 ; 1.819e-16 ; True ; 5 6 62 82 112 114 116 194 227 286 290 321 336 378 380 411 413 477 486 489  ; 4 5 2 3 2 2 4 3 3 3 6 3 3 9 2 2 2 3 
2.04e+05 ; 1.894e-16 ; True ; 5 6 62 82 112 114 116 194 197 227 286 290 321 323 336 380 411 413 414 477 486  ; 4 5 1 4 2 2 4 3 4 3 6 4 3 8 2 2 2 3 
2.06e+05 ; 2.66e-16 ; True ; 5 6 48 62 67 82 112 116 121 158 194 227 286 290 307 321 336 386 413 477 486  ; 4 5 2 4 2 2 5 3 4 2 8 3 3 7 2 2 2 3 
2.07e+05 ; 3.156e-16 ; True ; 5 6 48 62 67 82 112 116 158 194 227 286 290 307 321 336 411 413 477 486 489  ; 3 6 2 4 2 2 5 3 4 3 7 3 3 8 3 2 2 2 
2.09e+05 ; 3.591e-16 ; True ; 5 6 48 62 67 82 112 116 121 218 227 286 290 307 321 336 380 411 413 477 486  ; 4 5 2 3 3 2 6 3 4 3 7 3 2 9 2 2 2 3 
2.25e+05 ; 3.625e-16 ; True ; 5 6 48 62 67 82 112 116 121 158 194 198 227 286 290 307 321 336 386 413 477 486  ; 4 5 2 4 2 2 5 3 4 2 8 3 3 7 3 2 2 3 
2.25e+05 ; 3.653e-16 ; True ; 5 6 48 62 67 82 87 112 116 158 194 227 254 286 290 321 336 401 411 413 477 486  ; 4 6 2 2 2 2 5 3 4 4 7 3 3 9 4 2 2 2 
2.27e+05 ; 4.378e-16 ; True ; 6 48 62 67 82 87 112 116 121 158 194 227 286 290 307 309 321 336 386 411 477 486  ; 4 5 2 3 2 2 6 3 4 3 6 3 3 7 3 2 2 3 
2.29e+05 ; 4.936e-16 ; True ; 5 6 48 56 62 67 82 87 112 116 158 218 227 286 290 307 321 336 411 413 477 486  ; 4 6 2 3 3 2 5 3 4 4 6 3 2 10 4 2 2 2 
2.3e+05 ; 6.046e-16 ; True ; 5 6 48 62 67 82 87 112 116 121 218 227 286 290 307 321 336 380 411 413 477 486  ; 5 5 2 3 3 2 6 3 4 3 7 3 2 10 3 2 2 3 
2.48e+05 ; 7.853e-16 ; True ; 5 6 48 62 67 82 87 112 116 121 194 201 227 254 286 290 321 336 350 411 413 477 486  ; 4 6 2 3 2 2 6 4 4 3 8 3 3 9 3 2 2 3 
2.49e+05 ; 8.307e-16 ; True ; 5 6 48 62 67 82 87 112 116 121 158 194 227 286 290 297 321 336 386 411 413 477 486  ; 6 6 2 4 2 2 6 3 3 3 8 3 3 9 3 2 2 3 
2.7e+05 ; 8.943e-16 ; True ; 5 6 48 62 67 82 87 112 116 158 194 218 227 286 290 307 321 336 401 411 413 430 477 486  ; 4 6 2 3 4 2 5 3 4 3 7 3 3 10 5 2 2 2 
2.71e+05 ; 1.123e-15 ; True ; 5 6 48 62 67 82 87 112 116 121 158 194 227 286 290 307 321 333 336 386 411 413 477 486  ; 5 6 2 4 2 2 6 3 4 3 8 3 3 9 4 2 2 3 
2.71e+05 ; 1.125e-15 ; True ; 5 6 48 62 67 82 87 112 116 121 158 186 194 227 286 290 307 321 336 386 411 413 477 486  ; 5 6 2 4 2 2 6 3 5 3 8 3 3 9 3 2 2 3 
2.72e+05 ; 1.215e-15 ; True ; 5 6 48 62 67 82 87 112 116 158 194 218 227 229 286 290 307 321 336 380 411 413 477 486  ; 5 6 2 3 3 2 5 3 4 4 7 4 3 10 4 2 2 2 
2.72e+05 ; 1.364e-15 ; True ; 5 6 48 62 67 82 87 112 116 121 158 194 227 286 290 307 309 321 336 386 411 413 477 486  ; 5 6 2 4 2 2 6 3 4 3 8 3 3 9 3 3 2 3 
2.74e+05 ; 1.388e-15 ; True ; 6 48 62 67 82 87 112 116 121 194 218 227 254 286 290 307 321 336 380 411 413 420 477 486  ; 4 6 2 2 3 2 6 3 5 4 7 3 3 9 3 2 3 3 
2.92e+05 ; 1.48e-15 ; True ; 5 6 48 62 67 82 87 112 116 121 158 186 194 227 286 290 307 321 336 350 386 411 413 477 486  ; 5 6 2 4 2 2 6 4 5 3 8 3 3 9 3 2 2 3 
2.94e+05 ; 1.795e-15 ; True ; 5 6 48 62 67 82 87 112 116 121 158 194 227 286 290 307 309 321 336 350 386 411 413 477 486  ; 5 6 2 4 2 2 6 4 4 3 8 3 3 9 3 3 2 3 
2.96e+05 ; 2.168e-15 ; True ; 5 6 48 62 67 82 87 112 116 121 158 194 227 254 286 290 307 309 321 336 386 411 413 477 486  ; 5 6 2 4 2 2 6 3 5 4 8 3 3 9 3 3 2 3 
2.97e+05 ; 2.254e-15 ; True ; 5 6 48 62 67 82 87 112 116 121 158 194 218 227 254 286 290 307 321 336 411 413 430 477 486  ; 4 6 2 3 4 2 6 3 5 4 8 3 3 10 4 2 2 3 
3.17e+05 ; 2.544e-15 ; True ; 5 6 48 62 67 82 87 112 116 121 158 186 194 227 242 286 290 307 321 336 350 386 411 413 477 486  ; 6 6 2 4 3 2 6 4 5 3 8 3 3 9 3 2 2 3 
3.21e+05 ; 3.272e-15 ; True ; 5 6 48 62 67 82 87 112 116 121 158 194 227 254 286 290 307 321 336 386 411 413 420 430 477 486  ; 5 6 2 4 3 2 6 3 5 4 8 3 3 10 3 2 3 3 
3.47e+05 ; 4.761e-15 ; True ; 5 6 48 62 67 82 87 112 116 121 158 179 194 227 254 286 290 297 307 321 336 386 411 413 430 477 486  ; 6 6 2 5 3 2 6 3 5 4 8 4 3 10 4 2 2 3 
3.72e+05 ; 5.121e-15 ; True ; 5 6 48 62 67 82 87 112 116 121 158 194 227 254 286 290 297 307 321 336 348 386 411 413 420 430 477 486  ; 6 7 2 5 3 2 6 3 5 4 8 3 3 10 3 2 3 3 
3.72e+05 ; 5.208e-15 ; True ; 5 6 48 62 67 82 87 112 116 121 158 194 227 242 254 286 290 307 321 336 342 348 386 411 413 420 477 486  ; 6 7 2 4 3 2 6 3 6 4 9 3 3 10 3 2 3 3 
3.73e+05 ; 5.23e-15 ; True ; 5 6 48 62 67 82 87 112 116 121 158 194 227 254 286 290 297 307 321 336 386 411 413 414 420 430 477 486  ; 6 6 2 6 3 2 6 3 5 4 8 3 3 10 3 2 3 3 
3.74e+05 ; 5.305e-15 ; True ; 5 6 48 54 62 82 87 112 119 121 158 194 227 236 254 262 286 290 307 321 336 358 386 411 413 420 477 486  ; 5 5 2 4 3 2 6 3 5 4 8 5 3 10 4 2 3 3 
3.75e+05 ; 6.157e-15 ; True ; 5 6 48 54 62 82 87 112 119 121 158 176 194 227 236 254 262 286 290 307 321 336 386 411 413 420 477 486  ; 6 5 2 5 3 2 6 3 5 4 8 4 3 10 4 2 3 3 
4e+05 ; 6.228e-15 ; True ; 5 6 48 62 67 82 87 112 116 121 158 194 227 254 286 290 297 307 321 336 348 386 396 411 413 420 430 477 486  ; 6 7 2 5 3 2 6 3 5 4 8 3 3 10 4 2 3 3 
4.01e+05 ; 7.101e-15 ; True ; 5 6 48 62 67 82 87 104 112 116 119 121 158 194 223 254 286 290 307 321 336 386 411 413 420 430 477 486 489  ; 5 6 2 5 3 2 5 3 5 4 9 3 3 10 5 3 3 3 
4.02e+05 ; 8.195e-15 ; True ; 5 6 48 54 62 82 87 112 119 121 139 158 194 227 236 254 262 286 290 307 321 336 358 386 411 413 420 477 486  ; 6 5 2 4 4 2 6 3 5 4 8 5 3 11 4 2 3 3 
4.29e+05 ; 9.264e-15 ; True ; 5 6 48 62 67 82 87 104 112 116 119 121 155 158 194 227 254 286 290 304 307 321 336 386 411 413 420 430 477 486  ; 5 6 2 5 3 2 6 3 6 4 9 3 3 11 3 3 3 4 
4.3e+05 ; 1.069e-14 ; True ; 5 48 62 67 82 87 104 112 116 119 121 158 176 194 223 227 236 254 262 286 290 307 321 336 386 411 413 430 477 486  ; 5 7 3 5 3 2 6 3 5 4 9 3 3 10 4 3 2 4 
4.31e+05 ; 1.083e-14 ; True ; 5 6 48 62 67 82 87 104 112 116 121 158 176 194 223 227 236 254 262 286 290 321 336 386 411 413 420 430 477 486  ; 6 7 3 4 3 2 6 3 4 4 8 4 3 11 4 2 3 4 
4.58e+05 ; 1.28e-14 ; True ; 5 6 48 62 67 82 87 112 116 119 121 158 176 194 227 254 286 290 307 321 334 336 386 400 411 413 420 430 462 477 486  ; 6 6 2 5 3 2 6 3 5 4 9 3 4 10 5 3 3 3 
4.58e+05 ; 1.303e-14 ; True ; 5 6 48 62 67 82 87 112 116 119 121 158 176 194 223 227 254 286 290 307 321 334 336 386 411 413 420 439 462 477 486  ; 6 7 2 5 2 2 6 4 5 4 10 3 4 9 5 3 3 3 
4.59e+05 ; 1.437e-14 ; True ; 5 6 48 62 67 82 87 112 116 119 121 158 176 194 223 227 254 286 290 307 321 334 336 386 411 413 420 430 462 477 486  ; 6 7 2 5 3 2 6 3 5 4 9 3 4 10 5 3 3 3 
4.61e+05 ; 1.574e-14 ; True ; 5 6 48 62 67 82 87 104 112 116 121 158 176 194 223 227 236 254 262 286 290 307 321 336 386 411 413 420 430 477 486  ; 6 7 3 5 3 2 6 3 5 4 8 4 3 11 4 2 3 4 
4.89e+05 ; 1.584e-14 ; True ; 5 6 48 62 67 82 87 112 116 119 121 158 176 194 223 227 254 286 290 307 321 334 336 386 400 411 413 420 430 462 477 486  ; 6 7 2 5 3 2 6 3 5 4 9 3 4 10 6 3 3 3 
4.89e+05 ; 1.633e-14 ; True ; 5 6 48 62 67 82 87 112 116 119 121 158 176 194 223 227 254 286 290 307 321 334 336 364 386 411 413 420 430 462 477 486  ; 7 7 2 5 3 2 6 3 5 4 9 3 4 10 5 3 3 3 
4.9e+05 ; 1.882e-14 ; True ; 5 6 48 62 67 82 87 104 112 116 119 121 158 176 194 223 227 254 286 290 307 321 334 336 386 411 413 420 430 462 477 486  ; 6 7 2 5 3 2 6 3 5 4 9 3 4 10 5 3 3 4 
4.9e+05 ; 1.888e-14 ; True ; 5 6 48 62 67 82 87 104 112 116 119 121 139 155 158 194 223 227 262 286 290 307 321 334 336 408 411 413 420 430 477 486  ; 5 7 3 4 4 2 6 3 4 3 9 4 4 12 4 3 3 4 
4.91e+05 ; 2.442e-14 ; True ; 5 6 48 62 67 82 87 112 116 119 121 158 176 194 223 227 236 254 262 286 290 307 321 336 386 410 411 413 420 430 477 486  ; 6 7 4 5 3 2 6 3 5 4 9 4 3 11 4 3 3 3 
5.21e+05 ; 2.471e-14 ; True ; 5 6 48 62 67 82 87 104 112 116 119 121 158 176 194 223 227 254 286 290 299 307 321 334 336 386 411 413 420 430 462 477 486  ; 6 7 2 5 3 2 6 3 5 4 9 3 4 10 5 4 3 4 
5.22e+05 ; 2.787e-14 ; True ; 5 6 48 62 67 82 87 104 112 116 119 121 155 158 176 194 223 227 236 254 262 286 290 307 321 336 386 411 413 420 430 477 486  ; 6 7 3 6 3 2 6 3 5 4 9 4 3 12 4 3 3 4 
5.23e+05 ; 3.197e-14 ; True ; 5 6 48 62 67 82 87 104 112 116 119 121 158 176 194 223 227 236 254 262 286 290 307 321 336 386 410 411 413 420 430 477 486  ; 6 7 4 5 3 2 6 3 5 4 9 4 3 11 4 3 3 4 
5.54e+05 ; 3.348e-14 ; True ; 5 6 48 62 67 82 87 104 112 116 119 121 155 158 176 194 223 227 236 254 262 286 290 307 321 336 386 408 411 413 420 430 477 486  ; 6 7 3 6 3 2 6 3 5 4 9 5 3 12 4 3 3 4 
5.54e+05 ; 4.181e-14 ; True ; 5 6 48 62 67 82 87 104 112 116 119 121 158 176 194 223 227 236 254 262 286 290 307 321 325 336 386 410 411 413 420 430 477 486  ; 6 7 4 5 4 2 6 3 5 4 9 4 3 11 4 3 3 4 
5.89e+05 ; 4.363e-14 ; True ; 5 6 27 48 62 67 82 87 104 112 116 119 121 158 176 194 223 227 236 254 262 286 290 307 321 334 336 386 411 413 420 430 462 477 486  ; 6 7 3 5 3 2 6 3 5 4 9 5 4 11 5 3 3 4 
6.24e+05 ; 5.035e-14 ; True ; 5 6 27 48 62 67 82 87 104 112 116 119 121 158 176 189 194 223 227 236 254 262 286 290 307 321 334 336 386 411 413 420 430 462 477 486  ; 6 7 3 5 3 2 6 3 5 4 9 6 4 11 5 3 3 4 

RUN 8:
Optimum Distance: 0

Optimal Team: 
Required Skills: 5 6 8 10 11 13 16 17 20 22 26 27 29 34 38 42 49 55 
Distance; Skill Score; isValid; Team; Skill Counts
2.5e+04 ; 5.283e-24 ; True ; 82 116 158 232 290 321 336 350  ; 1 1 1 1 1 1 1 1 1 1 1 1 1 2 1 1 1 1 
2.6e+04 ; 9.314e-23 ; True ; 82 116 158 286 290 321 336 486  ; 1 1 1 1 1 1 2 1 2 1 2 1 1 3 1 1 2 1 
2.7e+04 ; 3.071e-22 ; True ; 82 112 116 286 290 321 336 411  ; 1 2 1 1 1 1 3 2 1 1 2 1 2 4 1 1 1 1 
2.8e+04 ; 3.996e-22 ; True ; 62 82 112 290 321 336 411 413  ; 1 2 1 1 2 1 2 1 1 1 2 2 2 4 1 1 1 1 
3.3e+04 ; 4.279e-22 ; True ; 62 116 158 194 286 290 321 336 486  ; 1 2 1 1 2 2 1 1 2 1 4 2 1 2 1 1 1 1 
3.4e+04 ; 9.939e-22 ; True ; 62 82 158 286 290 321 323 336 413  ; 1 1 1 1 2 2 2 1 2 1 3 2 1 4 2 1 1 1 
3.4e+04 ; 1.609e-21 ; True ; 62 82 112 116 286 321 336 386 411  ; 1 2 1 1 2 2 3 2 1 1 3 1 2 4 1 1 1 1 
3.5e+04 ; 3.086e-21 ; True ; 62 82 112 116 286 290 321 336 411  ; 1 2 1 1 2 2 3 2 1 1 3 2 2 4 1 1 1 1 
3.6e+04 ; 3.403e-21 ; True ; 62 82 112 286 290 321 336 411 413  ; 1 2 1 1 2 2 3 2 1 1 3 2 2 5 1 1 1 1 
4.2e+04 ; 3.468e-21 ; True ; 62 82 116 158 286 290 321 336 386 486  ; 2 1 1 2 2 2 2 1 2 1 3 2 1 3 1 1 2 1 
4.3e+04 ; 3.732e-21 ; True ; 5 62 82 112 116 321 323 336 411 413  ; 1 3 1 1 2 1 2 1 2 1 4 1 2 5 2 2 1 1 
4.3e+04 ; 1.143e-20 ; True ; 62 82 112 116 286 290 321 336 386 411  ; 2 2 1 2 2 2 3 2 1 1 3 2 2 4 1 1 1 1 
4.4e+04 ; 1.497e-20 ; True ; 48 62 82 112 116 286 290 321 336 411  ; 1 3 1 1 2 2 4 2 2 1 4 2 2 5 1 1 1 1 
5.1e+04 ; 1.59e-20 ; True ; 62 82 116 158 286 290 321 323 336 411 486  ; 1 2 1 1 2 2 3 1 3 2 3 2 1 4 2 1 2 1 
5.2e+04 ; 1.899e-20 ; True ; 62 82 112 116 286 290 321 336 411 423 486  ; 1 2 1 1 2 2 3 2 2 1 3 3 2 5 1 1 2 1 
5.2e+04 ; 4.032e-20 ; True ; 62 82 112 116 286 290 321 323 336 386 411  ; 2 2 1 2 2 2 3 2 2 1 3 2 2 4 2 1 1 1 
5.3e+04 ; 4.239e-20 ; True ; 62 82 112 116 158 286 290 321 336 411 486  ; 1 2 1 1 2 2 3 2 2 2 3 2 2 4 2 1 2 1 
5.3e+04 ; 5.547e-20 ; True ; 48 62 82 112 116 286 290 321 336 386 411  ; 2 3 1 2 2 2 4 2 2 1 4 2 2 5 1 1 1 1 
5.4e+04 ; 6.074e-20 ; True ; 5 48 62 82 112 116 158 286 290 321 336  ; 2 2 1 2 2 2 3 2 2 1 5 2 2 5 2 1 1 1 
5.5e+04 ; 7.016e-20 ; True ; 5 48 62 82 112 286 290 321 336 411 413  ; 2 3 1 2 2 2 4 2 2 1 5 2 2 7 1 1 1 1 
6.2e+04 ; 8.44e-20 ; True ; 62 82 112 116 158 286 290 321 323 336 411 486  ; 1 2 1 1 2 2 3 2 3 2 3 2 2 4 3 1 2 1 
6.3e+04 ; 1.57e-19 ; True ; 62 82 112 116 158 286 290 321 336 386 411 486  ; 2 2 1 2 2 2 3 2 2 2 3 2 2 4 2 1 2 1 
6.4e+04 ; 2.086e-19 ; True ; 5 62 82 112 116 158 286 290 321 336 411 486  ; 2 2 1 2 2 2 3 2 2 2 4 2 2 5 2 1 2 1 
6.5e+04 ; 2.225e-19 ; True ; 5 62 82 112 158 286 290 321 336 411 413 486  ; 2 2 1 2 2 2 3 2 2 2 4 2 2 6 2 1 2 1 
6.6e+04 ; 2.487e-19 ; True ; 5 48 62 82 112 158 286 290 321 336 411 413  ; 2 3 1 2 2 2 4 2 2 2 5 2 2 7 2 1 1 1 
7.4e+04 ; 4.153e-19 ; True ; 5 62 82 112 116 158 286 290 321 323 336 411 486  ; 2 2 1 2 2 2 3 2 3 2 4 2 2 5 3 1 2 1 
7.5e+04 ; 5.007e-19 ; True ; 48 62 82 112 116 158 286 290 321 336 386 413 486  ; 2 3 1 2 2 2 3 2 3 1 5 2 2 5 2 2 2 1 
7.6e+04 ; 7.159e-19 ; True ; 5 62 82 112 116 158 286 290 321 336 411 413 486  ; 2 3 1 2 2 2 3 2 2 2 5 2 2 6 2 2 2 1 
7.7e+04 ; 7.229e-19 ; True ; 5 48 62 82 112 158 286 290 321 336 411 413 486  ; 2 3 1 2 2 2 4 2 3 2 5 2 2 7 2 1 2 1 
8.6e+04 ; 7.286e-19 ; True ; 5 48 62 82 112 116 158 194 286 290 321 323 336 486  ; 2 3 1 2 2 2 3 2 4 1 6 2 3 5 3 1 2 1 
8.8e+04 ; 1.493e-18 ; True ; 5 62 82 112 116 158 286 290 321 336 386 411 413 486  ; 3 3 1 3 2 2 3 2 2 2 5 2 2 6 2 2 2 1 
8.9e+04 ; 2.124e-18 ; True ; 5 48 62 82 112 116 158 227 286 290 321 336 411 486  ; 2 4 1 2 2 2 5 2 3 2 5 2 2 6 2 1 2 2 
1e+05 ; 2.647e-18 ; True ; 48 62 82 112 116 119 158 194 286 290 321 336 386 411 486  ; 2 4 1 2 2 2 4 2 3 2 6 2 3 5 2 2 2 1 
1.01e+05 ; 3.396e-18 ; True ; 2 48 62 82 112 116 158 227 286 290 321 336 386 411 486  ; 2 4 1 2 2 2 6 2 3 2 5 2 2 6 3 1 2 2 
1.02e+05 ; 4.16e-18 ; True ; 5 48 62 82 112 116 158 286 290 321 336 386 411 413 486  ; 3 4 1 3 2 2 4 2 3 2 6 2 2 7 2 2 2 1 
1.03e+05 ; 5.745e-18 ; True ; 5 48 62 82 112 116 158 227 286 290 321 336 411 413 486  ; 2 5 1 2 2 2 5 2 3 2 6 2 2 7 2 2 2 2 
1.15e+05 ; 7.315e-18 ; True ; 2 48 62 82 112 116 119 158 227 286 290 321 336 386 411 486  ; 2 4 1 2 2 2 6 2 3 2 6 2 2 6 3 2 2 2 
1.16e+05 ; 7.628e-18 ; True ; 6 48 62 82 112 116 158 199 286 290 321 336 385 386 413 486  ; 3 3 1 2 2 2 4 2 4 2 5 3 2 7 2 2 2 2 
1.16e+05 ; 8.522e-18 ; True ; 48 62 82 112 116 119 158 227 286 290 321 336 386 411 477 486  ; 2 4 1 2 2 2 5 3 3 3 5 2 2 5 2 2 2 2 
1.18e+05 ; 1.12e-17 ; True ; 5 48 62 82 112 116 158 227 286 290 321 336 411 413 486 489  ; 2 5 1 3 2 2 5 2 3 2 6 2 2 7 3 2 2 2 
1.18e+05 ; 1.233e-17 ; True ; 5 48 62 82 112 116 158 227 242 286 290 321 336 411 413 486  ; 3 5 1 2 3 2 5 2 3 2 6 2 2 7 2 2 2 2 
1.31e+05 ; 1.325e-17 ; True ; 5 48 62 82 112 116 158 227 286 290 321 323 336 385 386 413 486  ; 3 4 1 3 2 2 4 2 5 1 6 2 2 7 3 2 2 3 
1.31e+05 ; 1.556e-17 ; True ; 48 62 82 112 116 119 158 194 227 286 290 321 336 385 386 411 486  ; 2 5 1 2 2 2 5 2 4 2 6 2 3 6 2 2 2 3 
1.32e+05 ; 1.757e-17 ; True ; 6 48 62 82 112 116 158 199 227 286 290 321 336 385 386 413 486  ; 3 4 1 2 2 2 5 2 4 2 5 3 2 7 2 2 2 3 
1.32e+05 ; 1.846e-17 ; True ; 2 48 62 82 112 116 158 227 286 290 321 336 385 386 413 477 486  ; 2 4 1 2 2 2 5 3 4 2 6 2 2 7 3 2 2 3 
1.33e+05 ; 2.078e-17 ; True ; 5 48 62 82 112 116 158 227 286 290 321 336 386 411 413 486 489  ; 3 5 1 4 2 2 5 2 3 2 6 2 2 7 3 2 2 2 
1.33e+05 ; 2.184e-17 ; True ; 5 6 48 62 82 112 116 119 158 227 286 290 321 336 411 477 486  ; 3 4 1 2 2 2 5 3 3 3 6 3 2 7 2 2 2 2 
1.34e+05 ; 2.442e-17 ; True ; 5 6 48 62 82 112 116 158 227 253 286 290 321 336 413 477 486  ; 3 4 1 2 3 2 4 3 3 2 6 3 2 7 3 2 2 2 
1.46e+05 ; 2.537e-17 ; True ; 2 6 48 62 82 112 116 119 158 227 286 290 321 323 336 386 411 486  ; 3 4 1 2 2 2 6 2 4 2 6 3 2 7 4 2 2 2 
1.48e+05 ; 3.013e-17 ; True ; 2 6 62 82 112 116 158 194 227 286 290 321 336 385 386 411 477 486  ; 3 4 1 2 2 2 5 3 3 3 5 3 3 7 3 1 2 3 
1.48e+05 ; 3.491e-17 ; True ; 2 6 48 62 82 112 116 119 158 227 286 290 321 336 386 411 477 486  ; 3 4 1 2 2 2 6 3 3 3 6 3 2 7 3 2 2 2 
1.49e+05 ; 3.723e-17 ; True ; 6 48 62 82 112 116 158 199 227 286 290 321 336 386 413 477 486 489  ; 3 4 1 3 2 2 5 3 3 3 5 3 2 6 3 2 2 2 
1.49e+05 ; 4.05e-17 ; True ; 5 6 48 62 82 112 116 119 158 227 286 290 321 336 386 411 477 486  ; 4 4 1 3 2 2 5 3 3 3 6 3 2 7 2 2 2 2 
1.51e+05 ; 5.224e-17 ; True ; 5 41 48 62 82 112 116 158 227 242 286 290 321 336 411 413 477 486  ; 3 5 1 3 3 2 5 3 3 3 6 2 2 7 3 2 2 2 
1.52e+05 ; 5.235e-17 ; True ; 5 6 48 62 82 112 116 227 286 290 321 336 410 411 413 477 486 489  ; 3 5 2 3 2 2 5 3 3 2 6 3 2 8 2 2 2 2 
1.65e+05 ; 5.766e-17 ; True ; 6 28 48 62 82 112 116 119 158 194 227 286 290 321 336 386 411 477 486  ; 3 5 1 2 2 3 5 3 3 3 6 3 3 7 2 2 2 2 
1.65e+05 ; 6.392e-17 ; True ; 2 6 48 62 82 112 116 119 158 197 227 286 290 321 336 386 411 477 486  ; 3 4 1 3 2 2 6 3 3 3 6 4 2 7 3 2 2 2 
1.66e+05 ; 8.442e-17 ; True ; 6 48 62 67 82 112 116 158 227 286 290 321 323 336 386 411 413 477 486  ; 3 5 2 2 2 2 5 3 4 3 5 3 2 7 3 2 2 2 
1.69e+05 ; 1.049e-16 ; True ; 5 6 48 62 82 112 116 158 227 242 286 290 321 336 378 411 413 477 486  ; 4 5 2 2 3 2 5 3 3 3 6 3 2 9 2 2 2 2 
1.7e+05 ; 1.05e-16 ; True ; 5 6 48 62 82 112 116 227 253 286 290 321 336 410 411 413 477 486 489  ; 3 5 2 3 3 2 5 3 3 2 6 3 2 8 3 2 2 2 
1.84e+05 ; 1.151e-16 ; True ; 2 48 62 82 112 116 119 158 194 227 286 290 297 321 336 385 386 410 411 486  ; 3 5 2 3 2 2 6 2 4 2 7 2 3 7 3 2 2 3 
1.85e+05 ; 1.277e-16 ; True ; 2 6 48 62 82 112 116 119 158 227 286 290 297 321 336 385 386 411 477 486  ; 4 4 1 3 2 2 6 3 4 3 6 3 2 8 3 2 2 3 
1.86e+05 ; 1.321e-16 ; True ; 2 48 62 82 112 116 119 227 253 286 290 297 321 336 385 386 410 411 477 486  ; 3 4 2 3 3 2 6 3 4 2 6 2 2 7 3 2 2 3 
1.87e+05 ; 1.605e-16 ; True ; 5 6 48 62 82 112 116 158 199 227 242 286 290 321 336 378 411 413 477 486  ; 4 5 2 2 3 2 6 3 3 4 6 3 2 9 2 2 2 2 
1.88e+05 ; 1.808e-16 ; True ; 5 6 48 62 82 112 116 199 227 253 286 290 321 336 410 411 413 477 486 489  ; 3 5 2 3 3 2 6 3 3 3 6 3 2 8 3 2 2 2 
2.02e+05 ; 1.977e-16 ; True ; 2 48 62 67 82 112 116 119 158 194 227 286 290 297 321 323 336 386 411 477 486  ; 3 5 2 3 2 2 6 3 4 3 7 2 3 6 4 2 2 2 
2.04e+05 ; 2.218e-16 ; True ; 2 6 48 62 82 112 116 119 158 194 227 286 290 297 321 336 385 386 410 411 486  ; 4 5 2 3 2 2 6 2 4 2 7 3 3 8 3 2 2 3 
2.05e+05 ; 2.292e-16 ; True ; 2 6 48 62 67 82 112 116 158 194 227 286 290 297 321 336 385 386 411 477 486  ; 4 5 2 3 2 2 6 3 4 3 6 3 3 8 3 1 2 3 
2.05e+05 ; 2.317e-16 ; True ; 2 48 62 82 112 116 119 158 227 253 286 290 297 321 336 385 386 411 413 477 486  ; 3 5 1 3 3 2 6 3 4 3 7 2 2 8 4 3 2 3 
2.05e+05 ; 2.408e-16 ; True ; 6 48 62 67 82 112 116 119 158 194 227 286 290 297 321 336 385 386 413 477 486  ; 4 5 2 3 2 2 4 3 4 2 7 3 3 7 2 3 2 3 
2.06e+05 ; 2.544e-16 ; True ; 2 6 48 62 82 112 116 119 227 253 286 290 297 321 336 385 386 410 411 477 486  ; 4 4 2 3 3 2 6 3 4 2 6 3 2 8 3 2 2 3 
2.23e+05 ; 3.86e-16 ; True ; 2 6 48 62 67 82 112 116 119 158 194 227 286 290 297 321 323 336 386 411 477 486  ; 4 5 2 3 2 2 6 3 4 3 7 3 3 7 4 2 2 2 
2.25e+05 ; 4.542e-16 ; True ; 2 6 48 62 73 82 112 116 119 158 227 253 286 290 297 321 336 385 386 411 477 486  ; 4 4 2 3 3 2 6 3 4 3 6 3 2 8 4 2 2 3 
2.25e+05 ; 4.82e-16 ; True ; 2 6 48 62 82 112 116 119 158 194 227 286 290 297 321 336 385 386 410 411 477 486  ; 4 5 2 3 2 2 6 3 4 3 7 3 3 8 3 2 2 3 
2.26e+05 ; 5.139e-16 ; True ; 6 48 62 67 82 112 116 119 158 194 227 286 290 297 321 336 385 386 411 413 477 486  ; 4 6 2 3 2 2 5 3 4 3 7 3 3 8 2 3 2 3 
2.45e+05 ; 7.124e-16 ; True ; 2 6 48 62 67 82 112 116 119 139 158 194 227 286 290 297 321 323 336 386 411 477 486  ; 5 5 2 3 3 2 6 3 4 3 7 3 3 8 4 2 2 2 
2.47e+05 ; 7.561e-16 ; True ; 6 48 62 67 82 112 116 119 158 194 222 227 286 290 297 321 336 385 386 411 413 477 486  ; 4 6 2 3 3 2 5 3 4 3 7 3 3 8 2 3 2 3 
2.47e+05 ; 8.816e-16 ; True ; 2 6 48 62 67 82 112 116 119 158 194 227 286 290 297 321 336 385 386 411 413 477 486  ; 4 6 2 3 2 2 6 3 4 3 8 3 3 9 3 3 2 3 
2.68e+05 ; 9.68e-16 ; True ; 2 6 28 48 62 73 82 112 116 158 217 227 253 286 290 297 321 336 385 386 411 439 477 486  ; 4 4 2 3 3 3 6 4 4 3 7 3 2 9 4 2 2 3 
2.68e+05 ; 1.306e-15 ; True ; 2 6 48 62 67 82 112 116 119 158 194 227 286 290 297 321 323 336 385 386 411 413 477 486  ; 4 6 2 3 2 2 6 3 5 3 8 3 3 9 4 3 2 3 
2.7e+05 ; 1.363e-15 ; True ; 2 6 15 48 62 67 82 112 116 119 158 194 227 286 290 297 321 336 385 386 411 413 477 486  ; 4 6 2 4 2 2 6 3 4 3 8 3 3 9 4 3 2 3 
2.92e+05 ; 1.445e-15 ; True ; 2 6 28 48 62 73 82 112 116 158 217 227 253 286 290 297 321 336 385 386 411 420 439 477 486  ; 4 4 2 3 3 3 6 4 4 3 7 3 2 9 4 2 3 3 
2.92e+05 ; 1.718e-15 ; True ; 2 6 48 62 67 82 112 116 119 158 194 227 286 290 297 321 323 336 385 386 411 413 436 477 486  ; 4 6 2 3 2 2 6 4 5 3 8 3 3 9 4 3 2 3 
3.15e+05 ; 1.804e-15 ; True ; 2 6 28 48 62 73 82 112 116 119 158 206 227 253 286 290 297 321 336 385 386 411 439 461 477 486  ; 4 5 2 4 3 3 6 4 4 3 8 3 2 10 5 2 2 3 
3.17e+05 ; 1.987e-15 ; True ; 2 6 28 48 50 62 73 82 112 116 119 158 227 253 286 290 297 321 336 385 386 399 410 411 477 486  ; 4 4 3 3 3 3 6 3 4 3 6 3 2 9 4 3 2 4 
3.17e+05 ; 2.154e-15 ; True ; 2 6 28 48 62 73 82 112 116 119 158 227 253 286 290 297 321 336 385 386 410 411 420 439 477 486  ; 4 4 3 3 3 3 6 4 4 3 7 3 2 9 4 2 3 3 
3.18e+05 ; 2.403e-15 ; True ; 2 6 28 36 48 56 62 82 112 116 119 158 172 227 286 290 297 321 336 385 386 410 411 439 477 486  ; 5 6 2 3 2 3 6 4 4 4 8 4 2 10 3 3 2 3 
3.39e+05 ; 2.444e-15 ; True ; 2 6 28 48 62 73 82 112 116 119 158 227 253 286 290 297 321 334 336 385 386 401 410 411 439 477 486  ; 4 4 3 3 3 3 6 4 4 3 7 3 3 9 5 2 2 3 
3.42e+05 ; 3.075e-15 ; True ; 2 6 28 48 62 73 82 112 116 119 158 184 217 227 253 286 290 297 321 336 385 386 410 411 420 477 486  ; 4 4 3 4 3 3 6 3 4 3 7 3 2 9 4 3 3 3 
3.43e+05 ; 3.188e-15 ; True ; 2 6 28 48 62 73 82 112 116 119 158 227 253 286 290 296 297 321 336 385 386 410 411 420 439 477 486  ; 4 4 3 3 3 3 6 4 4 3 7 3 3 9 4 2 3 3 
3.44e+05 ; 4.299e-15 ; True ; 2 6 28 36 48 56 62 82 112 116 119 158 172 227 253 286 290 297 321 336 385 386 410 411 439 477 486  ; 5 6 2 3 3 3 6 4 4 4 8 4 2 10 4 3 2 3 
3.69e+05 ; 4.444e-15 ; True ; 2 6 28 48 62 73 82 112 116 119 158 217 227 253 286 290 297 321 336 385 386 411 420 439 448 461 477 486  ; 4 4 2 4 3 3 6 4 4 3 9 3 2 9 5 4 3 3 
3.7e+05 ; 5.628e-15 ; True ; 2 6 28 36 48 56 62 82 112 116 119 158 172 227 253 286 290 297 321 336 369 385 386 410 411 439 477 486  ; 5 6 2 3 3 3 6 4 4 4 8 4 2 10 4 3 2 4 
3.96e+05 ; 5.995e-15 ; True ; 2 6 28 48 62 73 80 82 96 112 116 119 158 227 253 286 290 297 321 336 339 385 386 399 410 411 420 477 486  ; 4 4 3 3 4 3 6 3 4 3 7 4 3 9 4 3 3 3 
3.98e+05 ; 6.469e-15 ; True ; 2 6 28 48 62 73 82 96 112 116 119 158 227 253 286 290 297 321 336 339 385 386 399 410 411 420 439 477 486  ; 4 4 3 3 4 3 6 4 4 3 8 3 3 9 4 3 3 3 
4.25e+05 ; 6.713e-15 ; True ; 2 6 28 48 62 73 82 96 112 116 119 158 227 253 286 290 297 321 336 339 385 386 389 399 410 411 420 439 477 486  ; 4 4 3 3 4 3 6 4 4 3 9 3 3 9 4 3 3 3 
4.27e+05 ; 8.284e-15 ; True ; 2 6 28 48 62 73 82 96 112 116 119 158 189 227 253 286 290 297 321 336 339 385 386 399 410 411 420 439 477 486  ; 4 4 3 3 4 3 6 4 4 3 8 4 3 9 4 3 3 3 
4.56e+05 ; 1.321e-14 ; True ; 2 6 28 48 62 73 82 96 112 116 119 158 194 227 253 286 290 297 321 336 339 385 386 399 410 411 420 430 439 477 486  ; 4 5 3 3 5 3 6 4 4 3 9 3 4 10 4 3 3 3 

RUN 9:
Optimum Distance: 0

Optimal Team: 
Required Skills: 5 6 8 10 11 13 16 17 20 22 26 27 29 34 38 42 49 55 
Distance; Skill Score; isValid; Team; Skill Counts
2e+04 ; 2.404e-23 ; True ; 82 116 158 286 290 321 336  ; 1 1 1 1 1 1 2 1 1 1 2 1 1 3 1 1 1 1 
2.1e+04 ; 2.804e-23 ; True ; 82 158 286 290 321 336 413  ; 1 1 1 1 1 1 2 1 1 1 2 1 1 4 1 1 1 1 
2.5e+04 ; 4.354e-23 ; True ; 82 116 158 286 290 321 336 406  ; 1 1 1 1 1 1 2 1 1 1 2 1 1 3 2 1 1 1 
2.6e+04 ; 9.314e-23 ; True ; 82 116 158 286 290 321 336 486  ; 1 1 1 1 1 1 2 1 2 1 2 1 1 3 1 1 2 1 
2.7e+04 ; 3.426e-22 ; True ; 62 82 112 116 290 321 336 411  ; 1 2 1 1 2 1 2 1 1 1 2 2 2 3 1 1 1 1 
2.8e+04 ; 4.298e-22 ; True ; 62 82 112 227 290 336 411 413  ; 1 3 1 1 1 1 3 1 1 1 2 2 2 4 1 1 1 1 
3.2e+04 ; 5.089e-22 ; True ; 5 62 82 112 116 321 336 401 411  ; 1 2 1 1 2 1 2 1 1 1 3 1 2 4 2 1 1 1 
3.3e+04 ; 6.204e-22 ; True ; 62 82 112 116 290 321 336 406 411  ; 1 2 1 1 2 1 2 1 1 1 2 2 2 3 2 1 1 1 
3.4e+04 ; 7.237e-22 ; True ; 62 82 112 290 321 336 401 411 413  ; 1 2 1 1 2 1 2 1 1 1 2 2 2 4 2 1 1 1 
3.6e+04 ; 3.375e-21 ; True ; 62 82 112 227 286 290 336 380 413  ; 2 2 1 1 1 2 3 2 1 1 3 2 2 5 1 1 1 1 
4.1e+04 ; 4.011e-21 ; True ; 48 62 82 112 116 290 321 336 401 411  ; 1 3 1 1 2 1 3 1 2 1 3 2 2 4 2 1 1 1 
4.2e+04 ; 5.589e-21 ; True ; 62 82 112 116 286 290 321 336 406 411  ; 1 2 1 1 2 2 3 2 1 1 3 2 2 4 2 1 1 1 
4.3e+04 ; 6.604e-21 ; True ; 62 82 112 116 158 286 290 321 336 486  ; 1 1 1 1 2 2 2 2 2 1 3 2 2 3 2 1 2 1 
4.4e+04 ; 1.519e-20 ; True ; 5 62 82 112 116 286 290 321 336 411  ; 2 2 1 2 2 2 3 2 1 1 4 2 2 5 1 1 1 1 
4.5e+04 ; 1.62e-20 ; True ; 5 62 82 112 286 290 321 336 411 413  ; 2 2 1 2 2 2 3 2 1 1 4 2 2 6 1 1 1 1 
5.1e+04 ; 2.75e-20 ; True ; 5 62 82 112 116 286 290 321 336 401 411  ; 2 2 1 2 2 2 3 2 1 1 4 2 2 5 2 1 1 1 
5.3e+04 ; 4.239e-20 ; True ; 62 82 112 116 158 286 290 321 336 411 486  ; 1 2 1 1 2 2 3 2 2 2 3 2 2 4 2 1 2 1 
5.4e+04 ; 4.47e-20 ; True ; 62 82 112 158 227 286 290 336 411 413 486  ; 1 3 1 1 1 2 4 2 2 2 3 2 2 5 2 1 2 1 
5.4e+04 ; 6.713e-20 ; True ; 5 48 62 82 112 116 286 290 321 336 411  ; 2 3 1 2 2 2 4 2 2 1 5 2 2 6 1 1 1 1 
5.5e+04 ; 7.016e-20 ; True ; 5 48 62 82 112 286 290 321 336 411 413  ; 2 3 1 2 2 2 4 2 2 1 5 2 2 7 1 1 1 1 
6.2e+04 ; 7.235e-20 ; True ; 48 62 82 112 116 158 286 290 321 336 406 411  ; 1 3 1 1 2 2 4 2 2 2 4 2 2 5 3 1 1 1 
6.2e+04 ; 1.216e-19 ; True ; 5 48 62 82 112 116 286 290 321 336 401 411  ; 2 3 1 2 2 2 4 2 2 1 5 2 2 6 2 1 1 1 
6.4e+04 ; 2.086e-19 ; True ; 5 62 82 112 116 158 286 290 321 336 411 486  ; 2 2 1 2 2 2 3 2 2 2 4 2 2 5 2 1 2 1 
6.5e+04 ; 2.225e-19 ; True ; 5 62 82 112 158 286 290 321 336 411 413 486  ; 2 2 1 2 2 2 3 2 2 2 4 2 2 6 2 1 2 1 
6.6e+04 ; 2.487e-19 ; True ; 5 48 62 82 112 158 286 290 321 336 411 413  ; 2 3 1 2 2 2 4 2 2 2 5 2 2 7 2 1 1 1 
7.3e+04 ; 2.586e-19 ; True ; 5 62 82 112 116 158 227 286 290 321 336 401 486  ; 2 2 1 2 2 2 3 2 2 1 4 2 2 4 3 1 2 2 
7.4e+04 ; 3.204e-19 ; True ; 5 62 82 112 116 158 286 290 321 336 411 423 486  ; 2 2 1 2 2 2 3 2 2 2 4 3 2 6 2 1 2 1 
7.4e+04 ; 3.522e-19 ; True ; 5 48 62 82 112 116 286 290 321 336 401 411 477  ; 2 3 1 2 2 2 4 3 2 2 5 2 2 6 2 1 1 1 
7.5e+04 ; 4.037e-19 ; True ; 5 48 62 73 82 112 116 158 227 286 290 321 486  ; 2 3 1 2 2 2 4 2 2 1 5 2 2 4 2 1 2 2 
7.6e+04 ; 4.735e-19 ; True ; 5 48 62 73 82 112 158 286 290 321 411 413 486  ; 2 3 1 2 2 2 4 2 2 2 5 2 2 6 2 1 2 1 
7.6e+04 ; 7.681e-19 ; True ; 5 62 82 112 116 158 227 286 290 321 336 411 486  ; 2 3 1 2 2 2 4 2 2 2 4 2 2 5 2 1 2 2 
8.6e+04 ; 9.428e-19 ; True ; 5 48 62 82 112 116 158 286 290 321 336 406 411 486  ; 2 3 1 2 2 2 4 2 3 2 5 2 2 6 3 1 2 1 
8.7e+04 ; 9.457e-19 ; True ; 5 48 62 82 112 158 227 286 290 321 336 406 413 486  ; 2 3 1 2 2 2 4 2 3 1 5 2 2 6 3 1 2 2 
8.7e+04 ; 1.137e-18 ; True ; 5 62 82 112 116 227 286 290 321 336 401 411 477 486  ; 2 3 1 2 2 2 4 3 2 2 4 2 2 5 2 1 2 2 
8.8e+04 ; 1.271e-18 ; True ; 5 48 62 73 82 112 116 158 227 286 290 321 380 486  ; 3 3 1 2 2 2 4 2 2 2 5 2 2 5 2 1 2 2 
8.8e+04 ; 1.29e-18 ; True ; 5 62 82 112 116 158 227 286 290 321 336 411 439 486  ; 2 3 1 2 2 2 4 3 2 2 5 2 2 5 2 1 2 2 
8.9e+04 ; 2.345e-18 ; True ; 5 62 82 112 116 158 227 286 290 321 336 411 413 486  ; 2 4 1 2 2 2 4 2 2 2 5 2 2 6 2 2 2 2 
1e+05 ; 3.196e-18 ; True ; 5 62 82 112 116 158 227 286 290 321 336 406 411 413 486  ; 2 4 1 2 2 2 4 2 2 2 5 2 2 6 3 2 2 2 
1.01e+05 ; 3.197e-18 ; True ; 5 48 62 82 112 116 158 227 286 290 321 336 411 423 486  ; 2 4 1 2 2 2 5 2 3 2 5 3 2 7 2 1 2 2 
1.03e+05 ; 3.529e-18 ; True ; 5 62 82 112 158 172 227 286 290 321 336 411 413 423 486  ; 2 4 1 2 2 2 4 2 2 2 5 3 2 7 2 2 2 2 
1.03e+05 ; 5.745e-18 ; True ; 5 48 62 82 112 116 158 227 286 290 321 336 411 413 486  ; 2 5 1 2 2 2 5 2 3 2 6 2 2 7 2 2 2 2 
1.15e+05 ; 7.831e-18 ; True ; 5 48 62 82 112 116 158 227 286 290 321 336 406 411 413 486  ; 2 5 1 2 2 2 5 2 3 2 6 2 2 7 3 2 2 2 
1.17e+05 ; 1.142e-17 ; True ; 5 48 62 73 82 112 116 158 227 286 290 321 336 411 413 486  ; 2 5 2 2 2 2 5 2 3 2 6 2 2 7 2 2 2 2 
1.18e+05 ; 1.249e-17 ; True ; 5 48 62 82 112 116 158 227 286 290 321 336 411 413 477 486  ; 2 5 1 2 2 2 5 3 3 3 6 2 2 7 2 2 2 2 
1.19e+05 ; 1.269e-17 ; True ; 5 48 62 82 112 158 172 227 286 290 321 336 380 411 413 486  ; 3 5 1 2 2 2 5 2 3 3 6 2 2 8 2 2 2 2 
1.31e+05 ; 1.329e-17 ; True ; 5 48 62 73 82 112 158 227 286 290 321 336 380 406 411 413 486  ; 3 4 2 2 2 2 5 2 3 3 5 2 2 8 3 1 2 2 
1.31e+05 ; 1.702e-17 ; True ; 5 48 62 82 112 116 158 227 286 290 321 336 406 411 413 477 486  ; 2 5 1 2 2 2 5 3 3 3 6 2 2 7 3 2 2 2 
1.33e+05 ; 1.732e-17 ; True ; 5 48 62 82 112 116 158 227 286 290 321 325 336 378 411 413 486  ; 2 5 2 2 3 2 5 2 3 2 6 2 2 8 2 2 2 2 
1.33e+05 ; 2.066e-17 ; True ; 5 48 62 82 112 116 119 158 227 286 290 321 336 378 411 477 486  ; 2 4 2 2 2 2 5 3 3 3 6 2 2 7 2 2 2 2 
1.34e+05 ; 2.523e-17 ; True ; 5 48 62 67 82 112 116 158 227 286 290 321 336 380 411 413 486  ; 3 5 2 2 2 2 5 2 3 3 6 2 2 8 2 2 2 2 
1.48e+05 ; 2.597e-17 ; True ; 5 48 62 73 82 112 158 227 286 290 321 336 380 385 406 411 413 486  ; 3 4 2 2 2 2 5 2 4 3 5 2 2 9 3 1 2 3 
1.48e+05 ; 2.606e-17 ; True ; 5 48 62 82 112 116 158 227 286 290 321 336 367 406 411 413 477 486  ; 2 5 1 2 2 3 5 3 3 3 6 2 2 8 3 2 2 2 
1.49e+05 ; 3.454e-17 ; True ; 5 18 48 62 82 112 116 158 227 286 290 321 336 380 411 413 423 486  ; 3 5 1 2 2 2 6 2 3 3 7 3 2 9 2 3 2 2 
1.5e+05 ; 3.641e-17 ; True ; 5 48 62 82 112 116 158 227 232 286 290 321 336 380 411 413 477 486  ; 3 5 1 2 2 3 5 3 3 4 6 2 2 8 2 2 2 2 
1.5e+05 ; 4.036e-17 ; True ; 5 48 62 82 112 116 119 158 227 286 290 321 336 378 411 413 477 486  ; 2 5 2 2 2 2 5 3 3 3 7 2 2 8 2 3 2 2 
1.51e+05 ; 5.328e-17 ; True ; 5 48 62 82 112 116 158 227 242 262 286 290 321 336 411 413 477 486  ; 3 5 2 2 3 2 5 3 3 3 6 2 2 7 2 2 2 2 
1.68e+05 ; 6.041e-17 ; True ; 5 48 62 82 112 119 139 158 218 227 286 290 321 336 369 411 413 477 486  ; 3 4 1 2 4 2 5 3 3 3 6 2 2 8 3 2 2 3 
1.68e+05 ; 7.871e-17 ; True ; 5 48 62 82 112 116 119 158 227 242 286 290 297 321 336 410 411 477 486  ; 4 4 2 3 3 2 5 3 3 3 6 2 2 6 2 2 2 2 
1.69e+05 ; 8.393e-17 ; True ; 5 48 62 82 112 119 158 179 227 286 290 297 321 336 385 411 413 477 486  ; 3 4 1 3 2 2 5 3 4 3 6 3 2 8 3 2 2 3 
1.86e+05 ; 1.086e-16 ; True ; 18 48 62 82 112 116 158 179 195 242 286 290 321 336 369 378 380 413 477 486  ; 3 4 2 2 3 2 4 3 3 3 6 3 2 8 3 3 2 2 
1.87e+05 ; 1.121e-16 ; True ; 5 48 62 82 112 119 158 179 218 227 286 290 297 321 336 369 411 413 477 486  ; 3 4 1 3 3 2 5 3 3 3 6 3 2 7 4 2 2 3 
1.87e+05 ; 1.404e-16 ; True ; 5 48 50 62 82 112 116 158 179 227 242 286 290 321 336 378 380 413 477 486  ; 4 4 2 2 3 2 4 3 3 3 6 3 2 8 3 2 2 3 
1.87e+05 ; 1.56e-16 ; True ; 5 48 62 82 112 116 119 158 227 242 286 290 307 321 336 410 411 413 477 486  ; 3 5 2 3 3 2 5 3 4 3 7 2 2 7 2 3 2 2 
1.88e+05 ; 1.631e-16 ; True ; 5 48 62 82 112 116 139 158 179 227 286 290 321 336 378 411 413 477 480 486  ; 3 5 2 2 3 2 5 3 3 3 6 3 3 9 3 2 2 2 
1.88e+05 ; 1.668e-16 ; True ; 5 48 62 82 112 119 158 179 227 262 286 290 297 321 336 385 411 413 477 486  ; 3 4 2 3 2 2 5 3 4 3 6 3 2 8 3 2 2 3 
2.05e+05 ; 1.716e-16 ; True ; 5 48 62 82 112 116 119 158 227 232 242 286 290 307 321 336 369 411 413 477 486  ; 3 5 1 3 3 3 5 3 4 3 7 2 2 7 2 3 2 3 
2.06e+05 ; 2.298e-16 ; True ; 5 48 62 82 112 116 119 158 227 242 286 290 307 321 336 369 410 411 413 477 486  ; 3 5 2 3 3 2 5 3 4 3 7 2 2 7 2 3 2 3 
2.07e+05 ; 2.948e-16 ; True ; 5 48 62 82 112 116 119 158 227 242 286 290 307 321 336 378 385 411 413 477 486  ; 3 5 2 3 3 2 5 3 5 3 7 2 2 9 2 3 2 3 
2.08e+05 ; 3.059e-16 ; True ; 5 48 62 82 112 116 139 158 179 227 262 286 290 321 336 385 411 413 467 477 486  ; 3 5 2 3 3 2 5 3 4 3 6 3 2 10 3 2 2 3 
2.26e+05 ; 3.412e-16 ; True ; 5 48 62 82 112 116 119 158 227 232 242 286 290 307 321 336 369 410 411 413 477 486  ; 3 5 2 3 3 3 5 3 4 3 7 2 2 7 2 3 2 3 
2.26e+05 ; 4.682e-16 ; True ; 5 48 62 82 112 116 119 158 179 227 262 286 290 297 321 323 336 385 411 413 477 486  ; 3 5 2 3 2 2 5 3 5 3 7 3 2 8 4 3 2 3 
2.29e+05 ; 4.793e-16 ; True ; 5 48 62 82 112 116 119 179 218 227 231 286 290 307 321 336 378 385 411 413 477 486  ; 3 5 2 3 3 2 5 3 5 2 7 3 2 9 4 3 2 3 
2.48e+05 ; 5.245e-16 ; True ; 5 48 62 82 112 116 119 158 227 232 242 286 290 307 321 336 369 378 410 411 413 477 486  ; 3 5 3 3 3 3 5 3 4 3 7 2 2 8 2 3 2 3 
2.48e+05 ; 5.288e-16 ; True ; 5 48 62 82 112 116 119 158 218 227 231 286 290 296 297 321 323 336 385 411 413 477 486  ; 4 5 1 3 3 2 5 3 5 3 7 2 3 8 5 3 2 3 
2.49e+05 ; 5.605e-16 ; True ; 5 48 62 82 112 116 119 153 158 227 231 232 286 290 307 321 336 378 385 411 413 477 486  ; 3 5 2 3 2 3 5 4 5 3 8 2 2 9 3 3 2 3 
2.5e+05 ; 6.085e-16 ; True ; 5 48 56 62 82 112 116 119 179 218 227 231 242 286 290 307 321 336 369 378 411 477 486  ; 4 5 2 3 4 2 5 3 4 3 6 3 2 8 4 2 2 3 
2.5e+05 ; 7.725e-16 ; True ; 5 48 62 82 112 116 119 158 179 227 231 286 290 297 307 321 336 385 410 411 413 477 486  ; 4 5 2 4 2 2 5 3 5 3 7 3 2 8 4 3 2 3 
2.5e+05 ; 8.01e-16 ; True ; 2 5 48 62 82 112 116 119 179 227 242 286 290 297 307 321 336 385 410 411 413 477 486  ; 4 5 2 4 3 2 6 3 5 2 8 3 2 9 3 3 2 3 
2.51e+05 ; 8.133e-16 ; True ; 5 48 62 82 112 116 119 179 218 227 231 242 286 290 307 321 336 378 385 411 413 477 486  ; 4 5 2 3 4 2 5 3 5 2 7 3 2 9 4 3 2 3 
2.72e+05 ; 1.011e-15 ; True ; 5 48 62 82 112 116 119 158 179 227 231 286 290 297 307 321 336 369 385 410 411 413 477 486  ; 4 5 2 4 2 2 5 3 5 3 7 3 2 8 4 3 2 4 
2.72e+05 ; 1.086e-15 ; True ; 5 48 62 82 112 116 119 158 179 227 231 242 286 290 307 321 336 369 378 411 413 477 480 486  ; 4 5 2 3 3 2 5 3 4 3 7 3 3 8 4 3 2 3 
2.74e+05 ; 1.315e-15 ; True ; 5 18 48 62 82 112 116 119 179 218 227 231 242 286 290 307 321 336 378 385 411 413 477 486  ; 4 5 2 3 4 2 6 3 5 2 8 3 2 9 4 4 2 3 
2.95e+05 ; 1.421e-15 ; True ; 5 48 62 82 112 116 119 158 179 227 231 242 286 290 307 321 336 369 378 411 413 475 477 480 486  ; 4 5 2 3 4 2 5 3 4 3 7 3 3 8 4 3 2 3 
2.95e+05 ; 1.603e-15 ; True ; 5 48 62 82 112 116 119 158 179 195 227 242 286 290 297 307 321 336 369 410 411 413 468 477 486  ; 4 6 2 5 3 3 5 3 4 3 7 3 2 9 3 3 2 3 
2.96e+05 ; 1.81e-15 ; True ; 5 48 62 82 112 116 119 158 179 227 231 242 286 290 297 307 321 336 369 385 410 411 413 477 486  ; 5 5 2 4 3 2 5 3 5 3 7 3 2 8 4 3 2 4 
3.19e+05 ; 2.155e-15 ; True ; 5 28 48 62 82 112 116 119 158 179 227 231 242 286 290 307 321 336 369 378 411 413 475 477 480 486  ; 4 5 2 3 4 3 5 3 4 3 7 3 3 9 4 3 2 3 
3.2e+05 ; 2.284e-15 ; True ; 5 6 48 62 82 112 116 119 158 179 218 227 286 290 307 321 336 369 385 410 411 413 475 477 480 486  ; 3 5 2 3 4 2 5 3 5 3 7 4 3 9 4 3 2 4 
3.2e+05 ; 2.606e-15 ; True ; 5 48 62 82 112 116 119 158 179 195 227 242 286 290 297 307 321 336 369 378 385 410 411 413 477 486  ; 4 6 3 5 3 2 5 3 5 3 7 3 2 10 3 3 2 4 
3.21e+05 ; 2.884e-15 ; True ; 5 48 62 82 112 116 119 158 179 227 231 242 250 286 290 297 307 321 336 369 385 410 411 413 477 486  ; 5 5 2 4 3 3 5 3 5 3 8 3 2 9 4 3 2 4 
3.45e+05 ; 3.401e-15 ; True ; 5 48 62 82 112 116 119 158 179 195 227 242 286 290 297 307 321 336 369 378 385 410 411 413 477 483 486  ; 4 6 3 5 3 2 5 3 5 4 7 3 2 10 3 3 2 4 
3.46e+05 ; 3.616e-15 ; True ; 5 6 48 62 82 112 116 119 158 179 218 227 250 286 290 307 321 336 369 385 410 411 413 475 477 480 486  ; 3 5 2 3 4 3 5 3 5 3 8 4 3 10 4 3 2 4 
3.98e+05 ; 4.103e-15 ; True ; 5 48 62 82 112 116 119 158 179 195 227 242 286 290 297 307 321 336 339 369 378 385 410 411 413 414 480 483 486  ; 4 6 3 6 4 2 5 2 5 3 8 3 3 10 3 3 2 4 
4.02e+05 ; 4.666e-15 ; True ; 8 44 48 62 73 82 84 112 158 179 195 227 231 242 286 290 297 307 321 336 378 380 385 411 413 460 475 480 486  ; 5 5 3 4 4 3 5 3 5 3 5 3 3 10 4 2 2 4 
4.24e+05 ; 4.99e-15 ; True ; 5 48 62 82 112 116 119 158 179 195 227 242 286 290 297 307 321 336 339 369 378 385 406 410 411 413 414 480 483 486  ; 4 6 3 6 4 2 5 2 5 3 8 3 3 10 4 3 2 4 
4.28e+05 ; 7.472e-15 ; True ; 8 44 48 62 73 82 84 112 116 158 179 195 227 231 242 286 290 297 307 321 336 380 385 411 413 423 460 475 480 486  ; 5 6 2 4 4 3 5 3 5 3 6 4 3 10 4 3 2 4 
4.58e+05 ; 7.885e-15 ; True ; 8 44 48 62 73 82 84 112 158 179 195 227 231 242 286 290 297 307 321 336 378 380 385 411 413 423 460 475 480 483 486  ; 5 5 3 4 4 3 5 3 5 4 5 4 3 11 4 2 2 4 
4.58e+05 ; 1.126e-14 ; True ; 8 44 48 62 73 82 84 112 116 158 179 195 227 231 242 286 290 297 307 321 336 378 380 385 411 413 423 460 475 480 486  ; 5 6 3 4 4 3 5 3 5 3 6 4 3 11 4 3 2 4 
5.23e+05 ; 1.396e-14 ; True ; 8 21 44 48 62 73 82 84 112 158 179 192 195 197 227 231 242 262 286 290 297 307 321 336 378 380 385 411 413 460 475 480 486  ; 6 5 4 5 4 3 5 3 5 3 6 4 3 11 5 2 2 4 
5.56e+05 ; 1.539e-14 ; True ; 8 21 44 48 62 73 82 84 112 158 179 192 195 197 227 231 242 262 286 290 297 307 321 336 355 378 380 385 411 413 460 475 480 486  ; 6 5 4 5 4 3 5 3 5 3 6 4 3 11 6 2 2 4 

RUN 10:
Optimum Distance: 0

Optimal Team: 
Required Skills: 5 6 8 10 11 13 16 17 20 22 26 27 29 34 38 42 49 55 
Distance; Skill Score; isValid; Team; Skill Counts
2.6e+04 ; 9.314e-23 ; True ; 82 116 158 286 290 321 336 486  ; 1 1 1 1 1 1 2 1 2 1 2 1 1 3 1 1 2 1 
2.8e+04 ; 3.996e-22 ; True ; 62 82 112 290 321 336 411 413  ; 1 2 1 1 2 1 2 1 1 1 2 2 2 4 1 1 1 1 
3.3e+04 ; 4.879e-22 ; True ; 62 82 116 158 286 321 336 386 486  ; 1 1 1 1 2 2 2 1 2 1 3 1 1 3 1 1 2 1 
3.4e+04 ; 8.46e-22 ; True ; 5 82 116 286 290 321 323 336 411  ; 2 2 1 2 1 1 3 1 2 1 3 1 1 5 1 1 1 1 
3.6e+04 ; 3.403e-21 ; True ; 62 82 112 286 290 321 336 411 413  ; 1 2 1 1 2 2 3 2 1 1 3 2 2 5 1 1 1 1 
4.2e+04 ; 4.703e-21 ; True ; 62 82 116 158 227 286 290 321 323 336  ; 1 2 1 1 2 2 3 1 2 1 3 2 1 3 2 1 1 2 
4.3e+04 ; 6.009e-21 ; True ; 62 82 116 158 286 290 321 336 411 486  ; 1 2 1 1 2 2 3 1 2 2 3 2 1 4 1 1 2 1 
4.4e+04 ; 1.196e-20 ; True ; 62 82 112 116 286 290 321 336 411 486  ; 1 2 1 1 2 2 3 2 2 1 3 2 2 4 1 1 2 1 
4.5e+04 ; 1.62e-20 ; True ; 5 62 82 112 286 290 321 336 411 413  ; 2 2 1 2 2 2 3 2 1 1 4 2 2 6 1 1 1 1 
5.2e+04 ; 1.659e-20 ; True ; 62 112 114 158 286 289 290 336 411 413 486  ; 1 3 1 2 1 2 2 2 3 2 3 2 1 5 2 1 1 1 
5.3e+04 ; 4.239e-20 ; True ; 62 82 112 116 158 286 290 321 336 411 486  ; 1 2 1 1 2 2 3 2 2 2 3 2 2 4 2 1 2 1 
5.4e+04 ; 5.433e-20 ; True ; 5 62 82 112 158 227 286 290 336 413 486  ; 2 2 1 2 1 2 3 2 2 1 4 2 2 5 2 1 2 1 
5.5e+04 ; 6.278e-20 ; True ; 5 62 82 112 286 290 321 336 411 413 486  ; 2 2 1 2 2 2 3 2 2 1 4 2 2 6 1 1 2 1 
6.2e+04 ; 8.44e-20 ; True ; 62 82 112 116 158 286 290 321 323 336 411 486  ; 1 2 1 1 2 2 3 2 3 2 3 2 2 4 3 1 2 1 
6.3e+04 ; 1.429e-19 ; True ; 5 62 82 112 116 158 286 290 321 323 336 411  ; 2 2 1 2 2 2 3 2 2 2 4 2 2 5 3 1 1 1 
6.4e+04 ; 2.086e-19 ; True ; 5 62 82 112 116 158 286 290 321 336 411 486  ; 2 2 1 2 2 2 3 2 2 2 4 2 2 5 2 1 2 1 
6.5e+04 ; 2.225e-19 ; True ; 5 62 82 112 158 286 290 321 336 411 413 486  ; 2 2 1 2 2 2 3 2 2 2 4 2 2 6 2 1 2 1 
6.6e+04 ; 2.312e-19 ; True ; 5 62 82 112 227 286 290 321 336 411 413 486  ; 2 3 1 2 2 2 4 2 2 1 4 2 2 6 1 1 2 2 
7.3e+04 ; 2.843e-19 ; True ; 5 62 82 112 116 158 286 290 321 336 406 411 486  ; 2 2 1 2 2 2 3 2 2 2 4 2 2 5 3 1 2 1 
7.4e+04 ; 4.153e-19 ; True ; 5 62 82 112 116 158 286 290 321 323 336 411 486  ; 2 2 1 2 2 2 3 2 3 2 4 2 2 5 3 1 2 1 
7.5e+04 ; 5.262e-19 ; True ; 5 62 82 112 116 158 227 286 290 321 323 336 411  ; 2 3 1 2 2 2 4 2 2 2 4 2 2 5 3 1 1 2 
7.6e+04 ; 7.681e-19 ; True ; 5 62 82 112 116 158 227 286 290 321 336 411 486  ; 2 3 1 2 2 2 4 2 2 2 4 2 2 5 2 1 2 2 
7.7e+04 ; 8.196e-19 ; True ; 5 62 82 112 158 227 286 290 321 336 411 413 486  ; 2 3 1 2 2 2 4 2 2 2 4 2 2 6 2 1 2 2 
8.6e+04 ; 1.047e-18 ; True ; 5 62 82 112 116 158 227 286 290 321 336 406 411 486  ; 2 3 1 2 2 2 4 2 2 2 4 2 2 5 3 1 2 2 
8.7e+04 ; 1.529e-18 ; True ; 5 62 82 112 116 158 227 286 290 321 323 336 411 486  ; 2 3 1 2 2 2 4 2 3 2 4 2 2 5 3 1 2 2 
8.8e+04 ; 1.632e-18 ; True ; 5 62 82 112 158 227 286 290 321 323 336 411 413 486  ; 2 3 1 2 2 2 4 2 3 2 4 2 2 6 3 1 2 2 
8.9e+04 ; 2.345e-18 ; True ; 5 62 82 112 116 158 227 286 290 321 336 411 413 486  ; 2 4 1 2 2 2 4 2 2 2 5 2 2 6 2 2 2 2 
1e+05 ; 2.385e-18 ; True ; 5 62 82 112 116 227 286 290 321 323 336 406 411 413 486  ; 2 4 1 2 2 2 4 2 3 1 5 2 2 6 3 2 2 2 
1.01e+05 ; 4.669e-18 ; True ; 5 62 82 112 116 158 227 286 290 321 323 336 411 413 486  ; 2 4 1 2 2 2 4 2 3 2 5 2 2 6 3 2 2 2 
1.03e+05 ; 5.251e-18 ; True ; 5 62 82 112 116 158 227 286 290 321 336 380 411 413 486  ; 3 4 1 2 2 2 4 2 2 3 5 2 2 7 2 2 2 2 
1.12e+05 ; 5.678e-18 ; True ; 5 62 82 112 116 158 227 286 290 321 323 336 406 411 413 486  ; 2 4 1 2 2 2 4 2 3 2 5 2 2 6 4 2 2 2 
1.14e+05 ; 5.909e-18 ; True ; 6 62 82 112 114 116 158 172 286 289 290 321 323 336 411 486  ; 2 4 1 2 2 2 3 2 4 2 4 3 2 6 3 2 2 2 
1.15e+05 ; 7.158e-18 ; True ; 5 62 82 112 116 158 227 286 290 321 336 380 406 411 413 486  ; 3 4 1 2 2 2 4 2 2 3 5 2 2 7 3 2 2 2 
1.16e+05 ; 8.353e-18 ; True ; 5 62 82 112 116 158 227 253 286 290 321 323 336 411 413 486  ; 2 4 1 2 3 2 4 2 3 2 5 2 2 6 4 2 2 2 
1.17e+05 ; 1.046e-17 ; True ; 5 62 82 112 158 172 227 286 290 321 323 336 380 411 413 486  ; 3 4 1 2 2 2 4 2 3 3 5 2 2 7 3 2 2 2 
1.18e+05 ; 1.13e-17 ; True ; 5 62 82 112 114 116 158 227 286 290 321 336 380 411 413 486  ; 3 4 1 2 2 2 4 2 3 3 5 2 2 7 2 2 2 3 
1.3e+05 ; 1.367e-17 ; True ; 5 18 62 82 112 116 158 227 242 286 290 321 323 336 347 411 486  ; 3 3 1 3 3 2 5 2 3 2 5 2 2 6 3 2 2 2 
1.32e+05 ; 2.029e-17 ; True ; 5 62 82 112 116 158 172 227 286 290 321 323 336 380 411 413 486  ; 3 5 1 2 2 2 4 2 3 3 6 2 2 7 3 3 2 2 
1.33e+05 ; 2.226e-17 ; True ; 5 6 62 82 112 116 158 201 227 286 290 321 336 385 411 413 486  ; 3 4 1 3 2 2 4 2 3 2 5 3 2 8 3 2 2 3 
1.45e+05 ; 2.375e-17 ; True ; 5 6 62 82 112 116 158 172 227 286 290 321 323 336 380 406 411 486  ; 4 4 1 2 2 2 4 2 3 3 5 3 2 7 4 2 2 2 
1.47e+05 ; 2.721e-17 ; True ; 5 18 62 82 112 116 158 227 242 286 290 321 323 336 347 380 411 486  ; 4 3 1 3 3 2 5 2 3 3 5 2 2 7 3 2 2 2 
1.48e+05 ; 3.409e-17 ; True ; 6 48 62 82 112 158 172 197 227 262 286 290 321 323 336 411 413 486  ; 2 5 2 2 2 2 5 2 4 2 5 4 2 7 3 2 2 2 
1.49e+05 ; 3.85e-17 ; True ; 5 54 62 82 112 158 172 197 227 286 290 321 323 336 380 411 413 486  ; 3 4 1 3 3 2 4 2 3 3 5 3 2 7 4 2 2 2 
1.51e+05 ; 4.081e-17 ; True ; 5 48 62 82 112 116 158 176 227 259 286 290 321 336 380 411 413 486  ; 4 5 1 4 2 2 5 2 3 3 6 2 2 8 3 2 2 2 
1.51e+05 ; 4.42e-17 ; True ; 5 54 62 82 112 172 197 227 286 290 321 323 336 378 380 411 413 486  ; 3 4 2 3 3 2 4 2 3 2 5 3 2 8 3 2 2 2 
1.53e+05 ; 4.775e-17 ; True ; 5 62 82 112 114 172 197 227 253 286 290 321 336 378 380 411 413 486  ; 3 4 2 3 3 2 4 2 3 2 5 3 2 8 2 2 2 3 
1.66e+05 ; 7.02e-17 ; True ; 5 6 48 62 82 112 116 158 201 227 286 290 321 323 336 385 411 413 486  ; 3 5 1 3 2 2 5 2 5 2 6 3 2 9 4 2 2 3 
1.67e+05 ; 7.892e-17 ; True ; 5 54 62 82 112 158 172 197 227 286 290 321 323 336 378 380 411 413 486  ; 3 4 2 3 3 2 4 2 3 3 5 3 2 8 4 2 2 2 
1.69e+05 ; 8.375e-17 ; True ; 5 6 48 62 82 112 116 158 172 176 227 286 290 321 336 378 380 411 486  ; 5 5 2 3 2 2 5 2 3 3 6 3 2 9 2 2 2 2 
1.82e+05 ; 9.029e-17 ; True ; 5 54 62 82 112 158 172 197 227 286 290 321 323 336 378 380 406 411 413 486  ; 3 4 2 3 3 2 4 2 3 3 5 3 2 8 5 2 2 2 
1.84e+05 ; 9.704e-17 ; True ; 5 6 48 62 82 112 158 172 197 199 227 286 290 321 323 336 380 413 468 486  ; 4 4 1 3 2 3 5 2 4 3 6 4 2 9 3 2 2 2 
1.85e+05 ; 1.025e-16 ; True ; 5 54 62 82 112 158 172 197 227 286 290 321 323 336 356 378 380 411 413 486  ; 3 4 2 3 3 2 4 2 4 3 5 3 2 8 4 2 2 2 
1.86e+05 ; 1.187e-16 ; True ; 5 6 48 62 82 112 116 158 176 194 197 227 253 286 290 321 336 380 413 486  ; 5 5 1 4 3 2 4 2 3 2 7 4 3 8 3 2 2 2 
1.87e+05 ; 1.527e-16 ; True ; 5 6 48 62 82 112 116 158 172 176 194 227 286 290 321 336 378 380 411 486  ; 5 6 2 3 2 2 5 2 3 3 7 3 3 9 2 2 2 2 
2.03e+05 ; 1.603e-16 ; True ; 5 6 54 62 82 112 158 172 197 199 227 286 290 321 323 336 356 378 411 413 486  ; 3 4 2 3 3 2 5 2 4 3 5 4 2 8 4 2 2 2 
2.05e+05 ; 1.634e-16 ; True ; 5 54 62 82 112 158 172 197 199 227 286 290 321 323 336 356 378 380 411 413 486  ; 3 4 2 3 3 2 5 2 4 4 5 3 2 8 4 2 2 2 
2.06e+05 ; 2.183e-16 ; True ; 5 6 48 62 82 112 116 158 194 197 227 243 262 286 290 321 336 411 413 420 486  ; 3 6 2 3 2 2 5 2 4 2 7 4 3 8 3 2 3 2 
2.07e+05 ; 2.546e-16 ; True ; 5 6 18 62 73 82 112 116 158 176 227 242 243 254 286 290 321 336 411 413 486  ; 5 4 2 3 3 2 5 2 4 3 6 3 2 7 3 3 2 2 
2.24e+05 ; 2.774e-16 ; True ; 5 6 54 62 82 112 158 172 197 199 227 286 290 321 323 336 356 378 380 411 413 486  ; 4 4 2 3 3 2 5 2 4 4 5 4 2 9 4 2 2 2 
2.26e+05 ; 2.83e-16 ; True ; 5 6 48 62 82 112 116 158 194 197 227 243 262 286 290 321 336 347 380 411 413 420  ; 4 6 2 4 2 2 5 2 3 3 7 4 3 10 3 2 2 2 
2.27e+05 ; 3.113e-16 ; True ; 5 6 48 62 82 112 116 158 172 176 194 197 227 243 286 290 321 385 410 411 413 486  ; 4 7 1 4 2 2 5 2 4 2 8 4 3 8 3 3 2 3 
2.28e+05 ; 3.355e-16 ; True ; 5 6 18 62 82 112 116 158 176 227 243 254 262 286 290 321 336 411 413 420 439 486  ; 4 4 2 3 2 2 5 3 4 3 7 3 2 7 3 3 3 2 
2.46e+05 ; 5.052e-16 ; True ; 5 6 54 62 82 112 158 172 197 199 227 286 290 321 323 336 356 378 380 385 411 413 486  ; 4 4 2 3 3 2 5 2 5 4 5 4 2 10 4 2 2 3 
2.48e+05 ; 5.589e-16 ; True ; 5 6 48 62 82 112 116 121 133 158 172 194 199 227 262 280 286 290 321 336 411 413 486  ; 3 7 2 3 2 2 7 2 3 3 9 3 3 8 4 3 2 3 
2.49e+05 ; 6.265e-16 ; True ; 5 6 18 62 82 112 116 158 176 194 227 243 254 262 286 290 321 336 411 413 420 439 486  ; 4 5 2 3 2 2 5 3 4 3 8 3 3 7 3 3 3 2 
2.5e+05 ; 7.446e-16 ; True ; 5 6 48 62 82 112 116 158 172 194 227 243 253 262 286 290 321 336 380 385 411 420 486  ; 4 6 2 2 3 2 5 2 5 3 7 3 3 9 4 2 3 3 
2.71e+05 ; 1.085e-15 ; True ; 6 48 62 82 112 116 158 172 176 187 194 197 227 243 253 262 286 290 321 336 380 411 413 486  ; 4 7 2 3 3 2 5 2 4 3 7 4 3 8 4 4 2 2 
2.72e+05 ; 1.234e-15 ; True ; 6 48 62 82 112 116 158 172 176 194 197 227 243 253 262 286 290 321 336 380 411 413 420 486  ; 4 7 2 3 3 2 5 2 4 3 7 4 3 8 4 3 3 2 
2.73e+05 ; 1.295e-15 ; True ; 5 6 48 62 82 112 116 158 172 176 194 227 243 253 262 286 290 321 336 380 385 411 420 486  ; 5 6 2 3 3 2 5 2 5 3 7 3 3 9 4 2 3 3 
2.94e+05 ; 1.425e-15 ; True ; 5 6 48 62 82 112 116 158 176 194 197 227 243 253 262 286 290 321 336 347 380 411 413 420 486  ; 5 6 2 5 3 2 5 2 4 3 7 4 3 10 4 2 3 2 
2.95e+05 ; 1.429e-15 ; True ; 5 48 62 82 112 116 158 172 176 187 194 197 227 243 253 262 286 290 321 336 370 380 411 413 486  ; 5 7 2 4 3 2 5 2 4 3 9 3 3 8 4 4 2 2 
2.95e+05 ; 1.802e-15 ; True ; 5 6 48 62 82 112 116 158 172 176 187 194 197 227 243 253 262 286 290 321 336 380 411 413 486  ; 5 7 2 4 3 2 5 2 4 3 8 4 3 9 4 4 2 2 
2.96e+05 ; 2.048e-15 ; True ; 5 6 48 62 82 112 116 158 172 176 194 197 227 243 253 262 286 290 321 336 380 411 413 420 486  ; 5 7 2 4 3 2 5 2 4 3 8 4 3 9 4 3 3 2 
3.19e+05 ; 2.185e-15 ; True ; 5 6 48 62 82 112 116 158 172 176 187 194 197 227 243 253 262 286 290 321 336 370 380 411 413 486  ; 6 7 2 4 3 2 5 2 4 3 9 4 3 9 4 4 2 2 
3.19e+05 ; 2.358e-15 ; True ; 5 6 48 62 82 112 116 158 172 176 194 197 227 253 262 286 290 321 336 347 380 411 413 420 468 486  ; 5 7 2 5 3 3 5 2 3 3 8 4 3 11 3 3 3 2 
3.21e+05 ; 3.031e-15 ; True ; 5 6 48 55 62 82 112 116 158 172 176 194 197 227 243 253 262 286 290 321 336 380 411 413 420 486  ; 5 7 2 4 3 2 5 3 4 3 8 4 3 9 4 3 3 2 
3.44e+05 ; 3.833e-15 ; True ; 5 6 48 62 82 112 116 158 172 176 194 197 227 243 253 262 286 290 321 336 347 380 411 413 439 468 486  ; 5 7 2 5 3 3 5 3 4 3 9 4 3 11 4 3 2 2 
3.71e+05 ; 4.87e-15 ; True ; 5 6 36 48 62 82 112 116 158 172 176 194 199 227 242 253 262 286 290 321 336 342 347 411 413 439 468 486  ; 6 7 2 4 4 3 6 3 4 3 10 4 3 11 3 3 2 2 
3.72e+05 ; 4.9e-15 ; True ; 5 6 48 62 82 112 116 158 172 176 194 197 227 243 253 262 286 290 321 327 336 347 380 411 413 420 468 486  ; 5 7 2 5 3 3 5 2 4 3 8 4 4 11 4 3 3 2 
3.96e+05 ; 5.411e-15 ; True ; 5 6 36 48 62 82 112 116 133 158 172 176 194 199 227 242 262 286 290 321 336 342 346 347 411 413 439 468 486  ; 6 7 2 5 3 3 6 3 5 3 10 4 3 11 3 3 2 2 
3.98e+05 ; 5.415e-15 ; True ; 5 6 36 48 62 82 112 116 133 158 172 176 194 199 227 242 253 262 286 290 321 336 342 346 396 411 413 439 486  ; 6 7 2 4 4 2 6 3 5 3 10 4 3 9 5 3 2 2 
3.99e+05 ; 7.067e-15 ; True ; 5 6 36 48 62 82 112 116 133 158 172 176 194 199 227 242 253 262 286 290 321 336 342 347 411 413 439 468 486  ; 6 7 2 5 4 3 6 3 4 3 10 4 3 11 4 3 2 2 
4.24e+05 ; 7.35e-15 ; True ; 5 6 36 48 62 82 112 116 133 158 172 176 194 199 227 242 253 262 286 290 321 336 342 346 347 354 411 439 468 486  ; 6 6 2 5 4 3 6 3 5 3 9 4 3 10 4 2 2 3 
4.25e+05 ; 7.957e-15 ; True ; 5 6 36 48 49 62 82 112 116 133 158 172 176 194 199 227 242 262 286 290 321 336 342 347 354 411 413 439 468 486  ; 6 7 2 5 3 3 6 3 4 3 10 4 3 11 4 3 2 3 
4.27e+05 ; 9.205e-15 ; True ; 5 6 36 48 62 82 112 116 133 158 172 176 194 199 227 242 253 262 286 290 321 336 342 347 386 411 413 439 468 486  ; 7 7 2 6 4 3 6 3 4 3 10 4 3 11 4 3 2 2 
4.27e+05 ; 1.041e-14 ; True ; 5 6 36 48 62 82 112 116 133 158 172 176 194 199 227 242 253 262 286 290 321 336 342 347 354 411 413 439 468 486  ; 6 7 2 5 4 3 6 3 4 3 10 4 3 11 4 3 2 3 
4.29e+05 ; 1.042e-14 ; True ; 6 36 48 56 62 82 112 116 133 158 172 176 194 199 227 242 253 262 286 290 321 336 342 347 354 411 413 439 468 486  ; 5 8 2 4 4 3 6 3 4 4 9 4 3 11 4 3 2 3 
4.54e+05 ; 1.058e-14 ; True ; 5 6 36 48 49 62 82 112 116 133 158 172 176 194 199 227 242 262 286 290 321 336 342 347 354 367 411 413 439 468 486  ; 6 7 2 5 3 4 6 3 4 3 10 4 3 12 4 3 2 3 
4.55e+05 ; 1.191e-14 ; True ; 5 6 36 48 49 62 82 112 116 133 158 172 176 194 199 227 242 253 262 286 290 321 336 342 347 354 411 413 439 468 486  ; 6 7 2 5 4 3 6 3 4 3 10 4 3 11 5 3 2 3 
4.57e+05 ; 1.506e-14 ; True ; 5 6 36 48 56 62 82 112 116 133 158 172 176 194 199 227 242 253 262 286 290 321 336 342 347 354 411 413 439 468 486  ; 6 8 2 5 4 3 6 3 4 4 10 4 3 12 4 3 2 3 
4.87e+05 ; 1.637e-14 ; True ; 5 6 30 36 48 56 62 82 112 116 133 158 172 176 194 199 227 242 253 262 286 290 321 335 336 347 354 411 413 439 468 486  ; 6 8 2 7 4 3 6 3 3 4 9 4 3 11 5 3 2 3 
4.88e+05 ; 1.847e-14 ; True ; 5 6 36 48 56 62 82 112 116 133 158 172 176 194 199 227 242 253 262 286 290 300 321 336 342 347 354 411 413 439 468 486  ; 6 8 2 5 5 3 6 3 4 4 10 4 3 12 4 3 2 3 
4.89e+05 ; 1.903e-14 ; True ; 5 6 36 48 56 62 82 112 116 133 158 172 176 182 194 227 242 253 262 286 290 321 336 342 347 354 385 411 413 439 468 486  ; 6 8 2 5 4 3 5 3 5 3 10 5 3 14 4 3 2 4 
5.19e+05 ; 2.118e-14 ; True ; 5 6 36 48 56 62 82 112 116 133 158 172 176 194 199 227 242 253 262 286 290 300 321 335 336 342 347 354 411 413 439 468 486  ; 6 8 2 6 5 3 6 3 4 4 10 4 3 12 4 3 2 3 
5.2e+05 ; 2.231e-14 ; True ; 5 6 36 48 56 62 82 112 116 133 158 172 176 182 194 199 227 242 253 262 286 290 300 321 336 342 347 354 411 413 439 468 486  ; 6 8 2 5 5 3 6 3 4 4 10 5 3 13 4 3 2 3 
5.51e+05 ; 2.24e-14 ; True ; 5 6 36 48 56 62 82 112 116 133 158 172 176 182 194 199 227 230 242 253 262 286 290 300 321 336 342 347 354 411 413 439 468 486  ; 6 8 2 5 5 3 6 3 4 4 10 5 3 14 4 3 2 3 
5.52e+05 ; 2.469e-14 ; True ; 5 6 36 48 56 62 82 112 116 133 140 158 172 176 194 199 227 242 253 262 286 290 300 321 335 336 342 347 354 411 413 439 468 486  ; 6 8 2 6 5 3 7 3 4 4 11 4 3 12 4 3 2 3 
5.52e+05 ; 3.33e-14 ; True ; 5 6 36 48 56 62 82 112 116 127 133 158 172 176 182 194 199 227 242 253 262 286 290 300 321 336 342 347 354 411 413 439 468 486  ; 6 8 2 5 5 3 6 3 4 4 10 5 3 13 4 3 3 3 

