m: 20
Instance: 1
Algorithm: NSGA-II
Iteration: 1000
Population Size: 100
RUN 1:
Optimum Distance: 0

Optimal Team: 
Required Skills: 0 2 13 16 20 22 23 26 29 34 36 38 41 42 43 46 47 48 56 57 
Distance; Skill Score; isValid; Team; Skill Counts
1.8e+04 ; 8.084e-26 ; True ; 5 122 181 353 360 363 483  ; 1 1 1 1 1 1 1 4 1 2 2 1 1 1 1 1 1 3 1 4 
2.1e+04 ; 1.046e-24 ; True ; 5 122 130 181 363 431 619  ; 1 1 1 3 1 1 1 4 1 5 3 1 1 1 1 1 1 3 2 3 
2.5e+04 ; 5.416e-24 ; True ; 5 74 122 181 353 360 363 483  ; 1 2 1 2 2 1 1 5 1 3 3 1 1 1 1 2 2 3 1 4 
2.7e+04 ; 1.805e-23 ; True ; 5 74 122 130 181 353 363 572  ; 2 2 1 2 2 1 1 4 1 5 3 1 1 1 1 2 2 2 2 4 
2.8e+04 ; 3.64e-23 ; True ; 5 74 122 130 181 363 431 572  ; 2 2 1 3 2 1 1 5 1 6 4 1 1 1 1 2 2 2 2 3 
3.3e+04 ; 4.592e-23 ; True ; 0 5 74 122 130 181 353 363 450  ; 2 2 1 2 2 1 1 4 1 4 3 1 2 1 1 2 3 2 2 4 
3.4e+04 ; 8.605e-23 ; True ; 5 33 74 122 130 181 363 431 477  ; 1 3 1 4 2 1 1 6 1 5 4 1 1 2 1 2 2 4 2 2 
3.6e+04 ; 2.186e-22 ; True ; 5 74 122 130 181 363 431 450 619  ; 2 2 1 4 2 1 1 5 1 6 4 1 2 1 1 2 3 3 2 4 
4.1e+04 ; 3.502e-22 ; True ; 5 33 74 122 130 181 353 363 450 477  ; 2 3 1 3 2 1 1 5 1 4 3 1 2 2 1 2 3 4 2 4 
4.4e+04 ; 6.439e-22 ; True ; 5 74 122 130 181 245 363 431 717 726  ; 2 2 1 3 4 1 2 5 1 5 5 2 1 1 1 3 2 4 2 3 
4.5e+04 ; 1.044e-21 ; True ; 5 74 122 130 181 363 431 450 619 717  ; 3 2 1 4 3 1 2 5 1 6 4 1 2 1 1 2 3 4 2 4 
5e+04 ; 1.275e-21 ; True ; 5 33 74 122 130 181 353 363 450 477 535  ; 2 3 1 3 2 1 1 5 1 4 3 2 2 2 1 3 4 4 2 4 
5.1e+04 ; 2.282e-21 ; True ; 5 33 74 122 130 181 363 431 450 477 535  ; 2 3 1 4 2 1 1 6 1 5 4 2 2 2 1 3 4 4 2 3 
5.4e+04 ; 3.705e-21 ; True ; 5 33 74 122 130 181 245 363 431 450 726  ; 2 3 1 4 3 1 1 6 1 5 5 2 2 2 1 3 3 4 2 4 
5.5e+04 ; 4.792e-21 ; True ; 5 33 74 122 130 181 245 363 431 450 717  ; 3 3 1 4 3 1 2 6 1 5 4 2 2 2 1 2 3 4 2 3 
6.1e+04 ; 5.752e-21 ; True ; 5 33 74 122 130 181 353 363 450 477 535 717  ; 3 3 1 3 3 1 2 5 1 4 3 2 2 2 1 3 4 5 2 4 
6.2e+04 ; 1.029e-20 ; True ; 5 33 74 122 130 181 363 431 450 477 535 717  ; 3 3 1 4 3 1 2 6 1 5 4 2 2 2 1 3 4 5 2 3 
6.4e+04 ; 1.115e-20 ; True ; 5 33 74 122 130 181 363 431 450 535 717 721  ; 3 3 1 4 3 1 2 6 1 5 5 2 2 2 1 3 4 4 2 3 
6.5e+04 ; 1.512e-20 ; True ; 5 74 122 130 181 245 266 363 431 450 717 726  ; 3 3 1 3 4 1 2 6 1 5 5 2 2 2 1 3 3 4 3 4 
7.3e+04 ; 1.803e-20 ; True ; 5 33 74 122 130 181 245 431 450 477 535 717 726  ; 3 2 1 4 3 2 2 6 1 5 4 2 2 2 1 4 3 6 2 4 
7.4e+04 ; 3.132e-20 ; True ; 5 33 74 122 130 181 245 363 431 450 477 717 726  ; 3 3 1 4 4 2 2 6 1 5 5 2 2 2 1 3 3 6 2 4 
7.6e+04 ; 3.676e-20 ; True ; 5 74 122 130 181 245 266 363 431 450 535 717 726  ; 3 3 1 3 4 1 2 6 1 5 5 3 2 2 1 4 4 4 3 4 
7.8e+04 ; 4.65e-20 ; True ; 5 33 74 122 130 181 245 266 363 388 431 450 717  ; 3 4 1 4 4 2 2 7 1 5 4 2 2 3 1 2 3 4 3 4 
8.6e+04 ; 5.326e-20 ; True ; 5 33 74 122 130 181 245 363 431 450 477 717 721 726  ; 3 3 1 4 4 3 2 6 1 5 6 2 2 2 1 3 3 6 2 4 
8.7e+04 ; 9.775e-20 ; True ; 5 33 74 122 130 181 245 266 363 431 450 477 717 726  ; 3 4 1 4 4 2 2 7 1 5 5 2 2 3 1 3 3 6 3 4 
8.9e+04 ; 9.925e-20 ; True ; 5 33 74 122 130 181 245 266 363 431 450 483 717 726  ; 3 4 1 4 4 1 2 8 1 5 5 2 2 3 2 3 3 5 3 4 
9e+04 ; 1.419e-19 ; True ; 5 33 74 122 130 181 245 266 363 431 450 572 717 726  ; 4 4 1 4 4 2 2 7 1 6 5 2 2 3 1 3 3 5 3 5 
1e+05 ; 1.662e-19 ; True ; 5 33 74 122 130 181 245 266 363 431 450 477 717 721 726  ; 3 4 1 4 4 3 2 7 1 5 6 2 2 3 1 3 3 6 3 4 
1.01e+05 ; 2.783e-19 ; True ; 5 33 47 74 122 130 181 245 266 363 431 450 477 717 726  ; 4 4 2 4 4 2 2 7 1 6 5 2 2 3 1 3 3 7 3 4 
1.03e+05 ; 2.886e-19 ; True ; 5 33 47 74 122 130 181 245 266 363 431 450 483 717 726  ; 4 4 2 4 4 1 2 8 1 6 5 2 2 3 2 3 3 6 3 4 
1.04e+05 ; 3.782e-19 ; True ; 5 33 47 74 122 130 181 245 266 363 431 450 572 717 726  ; 5 4 2 4 4 2 2 7 1 7 5 2 2 3 1 3 3 6 3 5 
1.14e+05 ; 4.041e-19 ; True ; 5 33 74 122 130 181 245 266 363 431 450 477 535 717 721 726  ; 3 4 1 4 4 3 2 7 1 5 6 3 2 3 1 4 4 6 3 4 
1.15e+05 ; 6.766e-19 ; True ; 5 33 47 74 122 130 181 245 266 363 431 450 477 535 717 726  ; 4 4 2 4 4 2 2 7 1 6 5 3 2 3 1 4 4 7 3 4 
1.17e+05 ; 7.385e-19 ; True ; 5 33 74 122 130 181 245 266 363 431 450 483 535 572 717 726  ; 4 4 1 4 4 2 2 8 1 6 5 3 2 3 2 4 4 5 3 5 
1.18e+05 ; 9e-19 ; True ; 5 33 47 74 122 130 181 245 266 363 388 431 450 535 717 726  ; 4 4 2 4 5 2 2 7 1 6 5 3 2 3 1 4 4 6 3 5 
1.3e+05 ; 1.15e-18 ; True ; 5 33 47 74 122 130 181 245 266 363 431 450 477 535 717 721 726  ; 4 4 2 4 4 3 2 7 1 6 6 3 2 3 1 4 4 7 3 4 
1.31e+05 ; 1.68e-18 ; True ; 5 33 47 74 122 130 177 181 245 266 363 431 450 477 535 717 726  ; 4 4 2 4 4 2 2 7 2 6 5 4 2 3 1 4 4 7 3 4 
1.33e+05 ; 1.968e-18 ; True ; 5 33 47 74 122 130 181 245 266 363 431 450 483 535 572 717 726  ; 5 4 2 4 4 2 2 8 1 7 5 3 2 3 2 4 4 6 3 5 
1.34e+05 ; 2.235e-18 ; True ; 5 33 47 74 122 130 177 181 245 266 363 388 431 450 535 717 726  ; 4 4 2 4 5 2 2 7 2 6 5 4 2 3 1 4 4 6 3 5 
1.47e+05 ; 2.982e-18 ; True ; 5 33 47 74 122 130 181 245 266 363 388 431 450 477 483 535 717 726  ; 4 4 2 4 5 3 2 8 1 6 5 3 2 3 2 4 4 7 3 5 
1.48e+05 ; 3.595e-18 ; True ; 5 33 47 74 122 130 177 181 245 266 363 385 431 450 477 535 717 726  ; 4 4 2 4 4 2 2 8 2 6 5 4 2 3 2 4 4 7 3 4 
1.5e+05 ; 3.907e-18 ; True ; 5 33 47 74 122 130 181 245 266 363 388 431 450 483 535 572 717 726  ; 5 4 2 4 5 3 2 8 1 7 5 3 2 3 2 4 4 6 3 6 
1.51e+05 ; 4.57e-18 ; True ; 5 33 47 74 122 130 177 181 245 266 363 388 431 450 535 621 717 726  ; 4 4 2 4 5 2 2 8 2 7 5 4 2 4 1 4 5 6 3 6 
1.66e+05 ; 7.075e-18 ; True ; 5 33 47 74 122 130 177 181 245 266 363 388 431 450 477 535 621 717 726  ; 4 4 2 4 5 3 2 8 2 7 5 4 2 4 1 4 5 7 3 6 
1.67e+05 ; 7.69e-18 ; True ; 5 33 47 74 122 130 177 181 245 266 363 385 431 450 477 621 702 717 726  ; 4 5 2 4 4 2 2 9 2 8 5 3 2 4 2 3 5 7 4 5 
1.69e+05 ; 1.069e-17 ; True ; 5 33 47 74 122 130 177 181 245 266 363 385 431 450 535 619 621 717 726  ; 4 4 2 5 4 2 2 9 2 8 5 4 2 4 2 4 5 7 3 6 
1.85e+05 ; 1.313e-17 ; True ; 5 33 47 74 122 130 177 181 245 266 363 388 431 450 477 535 621 688 717 726  ; 5 4 3 4 5 3 2 8 2 7 5 4 2 4 1 4 5 7 3 7 
1.87e+05 ; 1.819e-17 ; True ; 5 33 47 74 122 130 177 181 245 266 363 385 431 450 535 619 621 717 721 726  ; 4 4 2 5 4 3 2 9 2 8 6 4 2 4 2 4 5 7 3 6 
1.88e+05 ; 1.905e-17 ; True ; 5 33 47 74 122 130 177 181 245 266 363 385 431 450 535 572 621 702 717 726  ; 5 5 2 4 4 2 2 9 2 9 5 4 2 4 2 4 6 6 4 6 
2.04e+05 ; 2.369e-17 ; True ; 5 33 35 47 74 122 130 177 181 245 266 297 363 431 450 477 483 535 621 717 726  ; 5 4 2 5 4 3 2 9 2 7 5 4 3 4 2 4 5 7 3 5 
2.07e+05 ; 3.215e-17 ; True ; 5 33 47 74 122 130 177 181 245 266 306 363 388 431 450 483 535 572 621 717 726  ; 5 4 2 4 5 3 2 10 2 9 6 4 2 4 2 5 5 7 3 8 
2.26e+05 ; 4.043e-17 ; True ; 5 33 35 47 74 122 130 177 181 245 266 363 388 431 477 483 535 572 621 702 717 726  ; 5 5 2 4 5 4 2 9 2 9 5 4 2 4 2 4 5 7 4 6 
2.27e+05 ; 4.622e-17 ; True ; 5 33 47 74 122 130 177 181 245 266 306 363 388 431 450 483 535 537 572 621 717 726  ; 5 5 2 4 6 3 2 10 2 9 6 4 2 4 2 5 5 7 3 8 
2.28e+05 ; 6.265e-17 ; True ; 5 33 47 74 122 130 177 181 245 266 306 363 388 431 450 483 535 572 621 702 717 726  ; 5 5 2 4 5 3 2 10 2 10 6 4 2 4 2 5 6 7 4 8 
2.48e+05 ; 6.934e-17 ; True ; 5 33 47 74 122 130 137 181 245 266 363 385 388 431 450 467 477 485 535 572 702 717 726  ; 5 5 3 5 5 4 2 10 2 9 5 4 2 3 2 4 6 7 4 6 
2.49e+05 ; 7.335e-17 ; True ; 5 33 47 67 74 122 130 177 181 245 266 306 363 388 431 450 483 535 572 621 702 717 726  ; 5 6 2 4 5 3 2 10 2 10 6 4 2 4 2 5 6 7 4 8 
2.5e+05 ; 8.773e-17 ; True ; 5 33 47 74 81 122 130 177 181 245 266 306 363 388 431 450 483 535 572 621 702 717 726  ; 5 5 2 4 5 4 2 10 2 11 6 4 2 4 2 5 6 7 4 9 
2.71e+05 ; 9.725e-17 ; True ; 5 33 47 74 122 130 137 181 195 245 266 363 385 388 431 450 467 477 485 535 572 702 717 726  ; 5 5 3 5 5 4 2 10 2 10 5 4 2 3 2 4 6 8 5 7 
2.73e+05 ; 1.08e-16 ; True ; 5 33 35 47 74 122 130 177 181 245 266 363 385 388 431 440 450 485 535 621 702 703 717 726  ; 7 5 2 4 5 3 2 9 3 8 6 4 3 4 2 4 6 7 4 6 
2.73e+05 ; 1.336e-16 ; True ; 5 33 47 74 81 122 130 177 181 245 266 306 363 388 431 450 463 483 535 572 621 702 717 726  ; 5 5 2 4 5 4 2 10 2 11 6 4 2 5 2 5 6 7 5 9 
2.95e+05 ; 1.443e-16 ; True ; 5 33 47 74 122 130 137 181 195 245 266 363 385 388 431 450 467 477 485 535 572 647 702 717 726  ; 5 5 3 5 5 4 2 10 2 10 5 4 3 3 2 4 6 8 5 7 
2.96e+05 ; 2.098e-16 ; True ; 5 33 47 74 81 122 130 177 181 245 266 306 363 388 431 450 463 483 535 572 621 702 704 717 726  ; 5 5 3 4 5 4 2 10 2 12 6 4 2 5 2 5 6 8 5 9 
3.22e+05 ; 2.298e-16 ; True ; 5 33 47 74 122 130 177 181 195 245 266 362 363 385 431 450 462 467 485 535 572 621 702 717 721 726  ; 5 6 3 4 4 3 2 11 3 10 6 4 2 4 3 4 6 7 6 7 
3.23e+05 ; 2.577e-16 ; True ; 5 33 47 74 122 130 177 181 195 245 266 362 363 385 388 431 450 462 467 485 535 572 621 702 717 726  ; 5 6 3 4 5 3 2 11 3 10 5 4 2 4 3 4 6 7 6 8 
3.45e+05 ; 3.067e-16 ; True ; 5 33 47 74 122 130 137 181 195 245 266 362 363 385 388 431 450 462 477 485 535 537 572 621 702 717 726  ; 5 7 2 5 6 4 2 11 2 11 5 4 2 4 3 4 7 8 6 8 
3.48e+05 ; 3.895e-16 ; True ; 5 33 47 74 122 130 177 181 195 245 266 362 363 385 388 431 450 462 467 485 535 572 621 702 717 721 726  ; 5 6 3 4 5 4 2 11 3 10 6 4 2 4 3 4 6 7 6 8 
3.75e+05 ; 4.337e-16 ; True ; 5 33 47 74 122 130 177 181 207 245 266 341 363 385 388 431 450 462 467 485 535 571 621 647 702 717 721 726  ; 5 6 3 4 5 3 3 11 3 9 6 4 3 4 2 5 7 6 5 6 
3.99e+05 ; 5.149e-16 ; True ; 5 33 35 74 81 122 130 177 181 245 266 283 306 363 385 388 431 440 450 467 483 485 535 610 621 702 703 717 726  ; 6 5 2 4 5 4 2 12 3 9 7 5 3 5 3 5 6 7 4 8 
4.02e+05 ; 5.594e-16 ; True ; 2 5 33 47 74 122 177 181 195 245 266 270 297 341 363 367 385 388 431 450 467 483 535 572 647 702 717 721 726  ; 5 6 3 6 5 5 4 10 2 9 6 5 4 3 2 4 5 7 4 7 
4.03e+05 ; 6.405e-16 ; True ; 5 33 47 74 122 130 177 181 207 245 266 341 363 385 388 431 445 450 462 467 485 535 571 621 647 702 717 721 726  ; 5 6 3 4 5 3 3 11 4 9 6 4 3 4 2 5 7 7 5 7 
4.28e+05 ; 6.595e-16 ; True ; 5 33 47 74 81 122 130 177 181 245 266 283 306 363 385 388 431 450 462 463 467 483 485 535 571 610 702 703 717 726  ; 6 6 3 4 5 3 2 12 3 10 7 5 2 5 3 5 6 7 6 7 
4.31e+05 ; 6.601e-16 ; True ; 5 33 47 74 101 122 130 177 181 213 245 266 270 271 297 341 363 367 385 388 431 450 462 485 535 621 702 703 717 726  ; 5 7 2 5 5 3 4 10 3 8 7 5 3 4 2 5 6 8 5 7 
4.31e+05 ; 7.007e-16 ; True ; 5 33 47 74 92 122 130 177 181 245 266 284 297 298 306 341 363 367 388 431 450 467 483 535 571 572 621 647 717 726  ; 6 5 3 5 5 4 3 11 2 10 6 5 6 4 2 5 6 7 3 9 
4.61e+05 ; 8.327e-16 ; True ; 5 33 47 74 92 122 130 177 181 245 266 284 297 298 306 341 363 367 372 388 431 450 467 483 535 571 572 621 647 717 726  ; 6 5 3 5 5 4 3 11 2 10 7 5 6 4 2 5 6 8 3 10 
4.9e+05 ; 9.903e-16 ; True ; 5 33 47 74 81 122 130 177 181 207 245 266 306 326 341 363 385 388 431 450 462 467 483 485 502 535 610 621 702 703 717 726  ; 5 6 3 4 5 3 3 15 3 10 7 5 2 5 3 6 6 7 5 8 
4.92e+05 ; 9.924e-16 ; True ; 5 33 47 74 92 122 130 177 181 205 207 245 270 284 297 341 363 367 385 388 431 450 462 467 485 535 571 621 647 702 717 726  ; 5 6 3 5 5 3 4 10 3 9 5 5 6 3 2 5 8 6 4 7 
4.92e+05 ; 1.068e-15 ; True ; 5 33 47 74 81 122 130 177 181 207 245 266 283 284 297 306 363 385 388 431 450 462 467 483 535 583 621 647 689 702 717 726  ; 4 6 3 5 5 4 2 13 2 11 6 5 4 5 3 6 6 7 5 8 
5.22e+05 ; 1.132e-15 ; True ; 5 33 47 74 101 122 130 177 181 185 205 207 245 270 284 297 341 363 367 385 388 431 450 462 483 485 535 571 621 702 703 717 726  ; 7 6 2 5 5 3 4 10 3 9 6 6 4 3 3 5 8 7 4 7 
5.23e+05 ; 1.164e-15 ; True ; 5 33 47 74 101 122 130 177 181 185 205 207 245 270 283 284 297 341 363 367 385 388 431 450 462 467 485 535 621 702 703 717 726  ; 6 6 3 5 5 3 4 10 3 8 6 6 4 4 2 5 7 7 4 7 
5.23e+05 ; 1.182e-15 ; True ; 5 33 47 74 101 122 130 177 181 185 207 245 270 283 284 297 341 363 367 382 385 388 431 450 462 467 485 535 621 702 703 717 726  ; 6 6 3 5 5 4 4 10 3 8 6 5 4 4 2 5 6 7 4 7 
5.23e+05 ; 1.21e-15 ; True ; 5 33 47 74 92 122 130 177 181 205 207 245 270 284 297 341 363 367 385 388 431 450 462 467 485 535 571 616 621 647 702 717 726  ; 5 6 3 5 6 3 4 10 3 10 5 5 6 3 2 5 8 6 4 7 
5.24e+05 ; 1.275e-15 ; True ; 5 33 47 74 122 130 177 181 185 205 207 213 245 270 297 326 341 363 367 385 388 431 450 462 467 485 535 571 621 702 703 717 726  ; 7 6 3 5 5 3 4 11 3 9 6 5 3 4 2 6 8 8 4 7 
5.24e+05 ; 1.301e-15 ; True ; 5 33 47 74 122 130 177 181 205 207 245 270 284 297 341 363 367 385 388 431 450 462 467 485 535 571 600 621 647 687 702 717 726  ; 5 6 3 5 6 3 4 10 3 9 5 5 5 4 2 5 8 6 4 7 
5.26e+05 ; 1.394e-15 ; True ; 5 33 47 74 92 122 130 177 181 205 266 270 284 297 298 311 341 363 367 385 388 431 450 467 483 485 535 572 616 647 702 717 726  ; 6 6 3 5 6 3 4 10 3 9 5 6 6 3 3 4 6 6 4 7 
5.56e+05 ; 1.471e-15 ; True ; 5 33 47 74 122 130 177 181 205 207 245 270 284 297 341 363 367 385 388 431 450 462 467 485 491 535 571 600 621 647 687 702 717 726  ; 5 6 3 5 6 3 4 10 3 9 5 6 5 4 2 5 8 6 4 7 
5.57e+05 ; 1.639e-15 ; True ; 5 33 47 74 122 130 177 181 185 205 207 232 245 270 284 297 341 363 367 385 388 431 450 462 467 485 535 571 621 647 687 702 717 726  ; 6 6 3 5 6 3 4 10 3 9 6 5 5 3 2 5 8 7 5 7 
5.88e+05 ; 1.662e-15 ; True ; 5 33 47 74 101 122 130 177 181 185 205 207 245 270 284 297 326 341 363 367 385 388 423 431 450 462 467 485 535 571 621 702 703 717 726  ; 8 6 3 5 5 3 4 11 3 9 6 6 4 4 2 5 8 7 4 7 
5.9e+05 ; 1.922e-15 ; True ; 5 33 47 74 101 122 130 177 181 185 205 213 245 270 271 284 297 326 341 363 367 385 388 431 450 462 467 485 535 571 621 702 703 717 726  ; 7 6 3 5 5 3 4 11 3 9 7 6 4 4 2 5 8 9 4 8 
6.23e+05 ; 2.04e-15 ; True ; 5 33 47 74 101 122 130 177 181 185 205 207 213 245 270 284 297 326 341 363 367 385 388 423 431 450 462 467 485 535 571 621 702 703 717 726  ; 8 6 3 5 5 3 4 11 3 9 6 6 4 4 2 6 8 8 4 7 
6.24e+05 ; 2.285e-15 ; True ; 5 33 47 74 101 122 130 177 181 185 205 207 213 245 270 271 284 297 326 341 363 367 385 388 431 450 462 467 485 535 571 621 702 703 717 726  ; 7 6 3 5 5 3 4 11 3 9 7 6 4 4 2 6 8 9 4 8 
6.25e+05 ; 2.445e-15 ; True ; 5 33 47 74 81 101 122 130 177 181 185 205 207 245 270 283 284 297 341 363 367 385 388 431 450 462 467 485 535 621 647 687 702 703 717 726  ; 6 6 3 5 6 4 4 10 3 9 6 6 5 4 2 5 7 7 4 8 
6.6e+05 ; 2.825e-15 ; True ; 5 33 47 74 101 122 130 177 181 185 205 207 213 245 270 271 284 297 326 341 363 367 385 388 431 450 462 467 485 535 571 579 621 702 703 717 726  ; 7 6 3 5 5 3 4 11 3 9 7 6 5 4 2 6 8 9 4 8 
6.6e+05 ; 3.1e-15 ; True ; 5 33 47 74 81 101 122 130 177 181 185 205 207 245 270 283 284 297 341 363 367 385 388 431 450 462 467 485 535 571 621 647 687 702 703 717 726  ; 7 6 3 5 6 4 4 10 3 10 6 6 5 4 2 5 8 7 4 8 
6.97e+05 ; 3.183e-15 ; True ; 5 33 47 74 81 101 122 130 177 181 185 205 207 245 270 283 284 297 341 363 367 385 388 431 450 462 467 485 535 571 583 621 647 687 702 703 717 726  ; 7 6 3 5 6 4 4 10 3 11 6 6 5 4 2 5 8 7 4 8 
7.33e+05 ; 3.25e-15 ; True ; 5 33 47 74 81 101 122 130 177 181 185 205 207 245 253 270 283 284 297 341 363 367 385 388 431 450 462 467 485 535 571 583 621 647 687 702 703 717 726  ; 7 6 3 5 6 4 4 10 3 12 6 6 5 4 2 5 8 7 4 8 
7.35e+05 ; 3.504e-15 ; True ; 5 33 47 74 81 101 122 130 177 181 185 205 207 245 270 283 284 297 341 363 367 385 388 431 450 462 467 485 535 571 583 621 647 687 689 702 703 717 726  ; 7 6 3 5 6 4 4 10 3 11 6 7 5 4 2 5 8 7 4 8 
7.72e+05 ; 3.727e-15 ; True ; 5 33 47 74 81 101 122 130 177 181 185 205 207 245 253 270 283 284 286 297 341 363 367 385 388 431 450 462 467 485 535 571 583 621 647 687 702 703 717 726  ; 7 6 3 5 7 4 4 10 3 12 6 6 5 4 2 5 8 7 4 8 
7.72e+05 ; 4.413e-15 ; True ; 5 6 33 47 74 81 101 122 130 177 181 185 205 207 245 270 283 284 297 341 363 367 385 388 431 450 462 467 485 535 571 583 621 647 687 689 702 703 717 726  ; 7 6 3 5 6 4 4 10 3 12 6 7 5 4 2 6 8 7 4 9 

RUN 2:
Optimum Distance: 0

Optimal Team: 
Required Skills: 0 2 13 16 20 22 23 26 29 34 36 38 41 42 43 46 47 48 56 57 
Distance; Skill Score; isValid; Team; Skill Counts
1.8e+04 ; 1.11e-25 ; True ; 0 5 122 130 181 353 363  ; 1 1 1 1 1 1 1 3 1 3 2 1 1 1 1 1 1 2 2 3 
1.9e+04 ; 1.592e-25 ; True ; 5 122 130 181 353 363 721  ; 1 1 1 1 1 1 1 3 1 3 3 1 1 1 1 1 1 2 2 3 
2.1e+04 ; 1.046e-24 ; True ; 5 122 130 181 363 431 619  ; 1 1 1 3 1 1 1 4 1 5 3 1 1 1 1 1 1 3 2 3 
2.5e+04 ; 1.159e-24 ; True ; 5 122 130 181 353 363 535 721  ; 1 1 1 1 1 1 1 3 1 3 3 2 1 1 1 2 2 2 2 3 
2.7e+04 ; 1.875e-23 ; True ; 5 74 122 130 181 353 363 619  ; 1 2 1 3 2 1 1 4 1 5 3 1 1 1 1 2 2 3 2 4 
2.8e+04 ; 3.726e-23 ; True ; 5 47 74 122 130 181 363 619  ; 2 2 1 3 2 1 1 4 1 6 3 1 1 1 1 2 2 4 2 3 
3.3e+04 ; 4.765e-23 ; True ; 33 74 122 130 181 353 363 450 477  ; 1 3 1 3 2 1 1 4 1 3 3 1 1 2 1 2 3 3 2 3 
3.4e+04 ; 6.657e-23 ; True ; 5 74 122 130 181 363 384 450 477  ; 2 2 1 2 2 1 1 5 1 5 3 1 2 1 1 2 3 3 2 3 
3.6e+04 ; 2.186e-22 ; True ; 5 74 122 130 181 363 431 450 619  ; 2 2 1 4 2 1 1 5 1 6 4 1 2 1 1 2 3 3 2 4 
4.1e+04 ; 3.502e-22 ; True ; 5 33 74 122 130 181 353 363 450 477  ; 2 3 1 3 2 1 1 5 1 4 3 1 2 2 1 2 3 4 2 4 
4.2e+04 ; 6.268e-22 ; True ; 5 33 74 122 130 181 363 431 450 477  ; 2 3 1 4 2 1 1 6 1 5 4 1 2 2 1 2 3 4 2 3 
4.4e+04 ; 6.415e-22 ; True ; 5 33 74 122 130 181 363 431 450 721  ; 2 3 1 4 2 1 1 6 1 5 5 1 2 2 1 2 3 3 2 3 
4.5e+04 ; 1.044e-21 ; True ; 5 74 122 130 181 363 431 450 619 717  ; 3 2 1 4 3 1 2 5 1 6 4 1 2 1 1 2 3 4 2 4 
5e+04 ; 1.275e-21 ; True ; 5 33 74 122 130 181 353 363 450 477 535  ; 2 3 1 3 2 1 1 5 1 4 3 2 2 2 1 3 4 4 2 4 
5.1e+04 ; 2.282e-21 ; True ; 5 33 74 122 130 181 363 431 450 477 535  ; 2 3 1 4 2 1 1 6 1 5 4 2 2 2 1 3 4 4 2 3 
5.2e+04 ; 2.827e-21 ; True ; 5 33 74 122 130 181 363 431 450 477 717  ; 3 3 1 4 3 1 2 6 1 5 4 1 2 2 1 2 3 5 2 3 
5.4e+04 ; 3.062e-21 ; True ; 5 33 74 122 130 181 363 431 450 717 721  ; 3 3 1 4 3 1 2 6 1 5 5 1 2 2 1 2 3 4 2 3 
5.5e+04 ; 4.792e-21 ; True ; 5 33 74 122 130 181 245 363 431 450 717  ; 3 3 1 4 3 1 2 6 1 5 4 2 2 2 1 2 3 4 2 3 
6.1e+04 ; 5.752e-21 ; True ; 5 33 74 122 130 181 353 363 450 477 535 717  ; 3 3 1 3 3 1 2 5 1 4 3 2 2 2 1 3 4 5 2 4 
6.2e+04 ; 6.673e-21 ; True ; 5 33 74 122 130 181 363 431 450 477 717 721  ; 3 3 1 4 3 2 2 6 1 5 5 1 2 2 1 2 3 5 2 3 
6.3e+04 ; 1.05e-20 ; True ; 5 33 74 122 130 177 181 363 431 450 477 717  ; 3 3 1 4 3 1 2 6 2 5 4 2 2 2 1 2 3 5 2 3 
6.4e+04 ; 1.115e-20 ; True ; 5 33 74 122 130 181 363 431 450 535 717 721  ; 3 3 1 4 3 1 2 6 1 5 5 2 2 2 1 3 4 4 2 3 
6.5e+04 ; 1.682e-20 ; True ; 5 33 74 122 130 181 363 431 450 535 619 717  ; 3 3 1 5 3 1 2 6 1 6 4 2 2 2 1 3 4 5 2 4 
6.6e+04 ; 1.862e-20 ; True ; 5 74 122 130 177 181 266 363 431 450 619 717  ; 3 3 1 4 3 1 2 6 2 6 4 2 2 2 1 2 3 4 3 4 
7.3e+04 ; 2.429e-20 ; True ; 5 33 74 122 130 181 363 431 450 477 535 717 721  ; 3 3 1 4 3 2 2 6 1 5 5 2 2 2 1 3 4 5 2 3 
7.4e+04 ; 3.545e-20 ; True ; 5 33 74 122 130 181 363 431 450 477 535 619 717  ; 3 3 1 5 3 2 2 6 1 6 4 2 2 2 1 3 4 6 2 4 
7.5e+04 ; 3.615e-20 ; True ; 5 33 74 122 130 177 181 363 431 450 477 619 717  ; 3 3 1 5 3 2 2 6 2 6 4 2 2 2 1 2 3 6 2 4 
7.6e+04 ; 3.668e-20 ; True ; 5 33 74 122 130 181 363 431 450 483 535 619 717  ; 3 3 1 5 3 1 2 7 1 6 4 2 2 2 2 3 4 5 2 4 
7.7e+04 ; 4.705e-20 ; True ; 5 33 74 122 130 181 363 431 450 535 619 688 717  ; 4 3 2 5 3 1 2 6 1 6 4 2 2 2 1 3 4 5 2 5 
7.8e+04 ; 5.353e-20 ; True ; 5 33 74 122 130 177 181 266 363 431 450 619 717  ; 3 4 1 5 3 1 2 7 2 6 4 2 2 3 1 2 3 5 3 4 
8.6e+04 ; 5.53e-20 ; True ; 5 33 74 122 130 181 245 363 431 450 477 483 688 726  ; 3 3 2 4 3 2 1 7 1 5 5 2 2 2 2 3 3 5 2 5 
8.7e+04 ; 1.106e-19 ; True ; 5 33 74 122 130 181 266 363 431 450 477 535 619 717  ; 3 4 1 5 3 2 2 7 1 6 4 2 2 3 1 3 4 6 3 4 
8.9e+04 ; 1.127e-19 ; True ; 5 33 74 122 130 181 245 266 363 431 450 535 717 726  ; 3 4 1 4 4 1 2 7 1 5 5 3 2 3 1 4 4 5 3 4 
9e+04 ; 1.456e-19 ; True ; 5 33 74 122 130 181 245 266 363 431 450 535 619 717  ; 3 4 1 5 3 2 2 7 1 6 4 3 2 3 1 3 4 5 3 4 
9.1e+04 ; 1.512e-19 ; True ; 5 33 74 122 130 177 181 266 363 431 450 619 717 726  ; 3 4 1 5 4 1 2 7 2 6 5 2 2 3 1 3 3 6 3 5 
1e+05 ; 1.911e-19 ; True ; 5 33 74 122 130 181 245 363 431 450 477 483 688 717 726  ; 4 3 2 4 4 2 2 7 1 5 5 2 2 2 2 3 3 6 2 5 
1e+05 ; 2.376e-19 ; True ; 5 33 74 122 130 181 245 266 363 431 450 477 535 717 726  ; 3 4 1 4 4 2 2 7 1 5 5 3 2 3 1 4 4 6 3 4 
1.02e+05 ; 3.156e-19 ; True ; 5 33 74 122 130 177 181 266 363 431 450 477 619 688 717  ; 4 4 2 5 3 2 2 7 2 6 4 2 2 3 1 2 3 6 3 5 
1.03e+05 ; 3.656e-19 ; True ; 5 33 74 122 130 181 245 266 363 431 450 535 619 717 726  ; 3 4 1 5 4 2 2 7 1 6 5 3 2 3 1 4 4 6 3 5 
1.04e+05 ; 4.095e-19 ; True ; 5 33 74 122 130 177 181 266 363 431 450 535 619 688 717  ; 4 4 2 5 3 1 2 7 2 6 4 3 2 3 1 3 4 5 3 5 
1.05e+05 ; 4.154e-19 ; True ; 5 33 74 122 130 177 181 245 266 363 431 450 619 688 717  ; 4 4 2 5 3 2 2 7 2 6 4 3 2 3 1 2 3 5 3 5 
1.14e+05 ; 5.085e-19 ; True ; 5 33 74 122 130 181 245 266 363 431 450 477 483 535 717 726  ; 3 4 1 4 4 2 2 8 1 5 5 3 2 3 2 4 4 6 3 4 
1.15e+05 ; 6.604e-19 ; True ; 5 33 74 122 130 177 181 266 363 431 450 477 483 535 619 717  ; 3 4 1 5 3 2 2 8 2 6 4 3 2 3 2 3 4 6 3 4 
1.16e+05 ; 8.631e-19 ; True ; 5 33 74 122 130 177 181 266 363 431 450 477 535 619 688 717  ; 4 4 2 5 3 2 2 7 2 6 4 3 2 3 1 3 4 6 3 5 
1.18e+05 ; 8.977e-19 ; True ; 5 33 74 122 130 177 181 245 266 363 431 450 483 619 717 726  ; 3 4 1 5 4 2 2 8 2 6 5 3 2 3 2 3 3 6 3 5 
1.19e+05 ; 9.914e-19 ; True ; 5 33 74 122 130 177 181 266 363 431 450 535 619 688 717 726  ; 4 4 2 5 4 1 2 7 2 6 5 3 2 3 1 4 4 6 3 6 
1.3e+05 ; 1.487e-18 ; True ; 5 33 74 122 130 177 181 266 353 363 431 450 477 483 535 619 717  ; 3 4 2 5 3 2 2 8 2 6 4 3 2 3 2 3 4 6 3 5 
1.31e+05 ; 1.719e-18 ; True ; 5 33 74 122 130 177 181 266 363 431 450 477 535 543 619 688 717  ; 4 4 2 5 3 2 2 7 2 6 4 3 2 3 2 3 4 6 3 5 
1.33e+05 ; 1.834e-18 ; True ; 5 33 74 122 130 177 181 245 266 363 431 450 483 535 572 717 726  ; 4 4 1 4 4 2 2 8 2 6 5 4 2 3 2 4 4 5 3 5 
1.34e+05 ; 2.421e-18 ; True ; 5 33 74 122 130 177 181 245 266 363 431 450 483 619 688 717 726  ; 4 4 2 5 4 2 2 8 2 6 5 3 2 3 2 3 3 6 3 6 
1.46e+05 ; 2.723e-18 ; True ; 5 33 74 122 130 177 181 245 266 363 431 450 477 483 521 688 702 726  ; 3 5 2 4 3 2 2 8 2 7 5 3 2 3 2 3 4 6 4 6 
1.47e+05 ; 3.282e-18 ; True ; 5 33 74 122 130 177 181 266 353 363 431 450 477 535 543 619 717 726  ; 3 4 2 5 4 2 2 7 2 6 5 3 2 3 2 4 4 7 3 6 
1.48e+05 ; 4.379e-18 ; True ; 5 33 74 122 130 177 181 266 363 431 450 477 483 535 619 688 717 726  ; 4 4 2 5 4 2 2 8 2 6 5 3 2 3 2 4 4 7 3 6 
1.5e+05 ; 4.455e-18 ; True ; 5 33 74 122 130 181 245 266 363 431 450 483 535 619 688 702 717 726  ; 4 5 2 5 4 2 2 8 1 7 5 3 2 3 2 4 5 6 4 6 
1.51e+05 ; 5.451e-18 ; True ; 5 33 74 122 130 177 181 245 266 363 431 450 483 619 688 702 717 726  ; 4 5 2 5 4 2 2 8 2 7 5 3 2 3 2 3 4 6 4 6 
1.64e+05 ; 5.674e-18 ; True ; 5 33 74 122 130 177 181 266 363 431 450 477 521 535 543 688 717 721 726  ; 4 4 2 4 4 2 3 7 2 6 6 3 2 3 2 4 4 7 3 6 
1.65e+05 ; 6.031e-18 ; True ; 5 33 74 122 130 177 181 245 363 431 450 483 521 535 688 702 717 721 726  ; 4 4 2 4 4 2 3 7 2 7 6 4 2 2 2 4 5 6 3 6 
1.65e+05 ; 7.644e-18 ; True ; 5 33 74 122 130 177 181 245 266 363 431 450 477 483 535 688 702 717 726  ; 4 5 2 4 4 2 2 8 2 6 5 4 2 3 2 4 5 6 4 5 
1.66e+05 ; 7.922e-18 ; True ; 5 33 74 122 130 177 181 266 363 367 431 450 477 483 535 619 688 717 726  ; 4 5 2 5 4 2 2 8 2 6 5 3 3 3 2 4 4 7 3 6 
1.68e+05 ; 1.106e-17 ; True ; 5 33 74 122 130 177 181 245 266 363 431 450 483 535 619 688 702 717 726  ; 4 5 2 5 4 2 2 8 2 7 5 4 2 3 2 4 5 6 4 6 
1.84e+05 ; 1.296e-17 ; True ; 5 33 74 122 130 177 181 245 363 431 450 483 521 535 619 688 702 717 721 726  ; 4 4 2 5 4 3 3 7 2 8 6 4 2 2 2 4 5 7 3 7 
1.84e+05 ; 1.34e-17 ; True ; 5 33 74 122 130 177 181 266 363 431 450 463 477 483 521 535 619 688 717 726  ; 4 4 2 5 4 2 3 8 2 7 5 3 2 4 2 4 4 8 4 7 
1.86e+05 ; 1.787e-17 ; True ; 5 33 74 122 130 177 181 266 363 431 450 483 521 535 619 688 702 717 721 726  ; 4 5 2 5 4 2 3 8 2 8 6 3 2 3 2 4 5 7 4 7 
1.87e+05 ; 2.153e-17 ; True ; 5 33 74 122 130 177 181 245 266 363 431 450 483 535 572 619 688 702 717 726  ; 5 5 2 5 4 3 2 8 2 8 5 4 2 3 2 4 5 6 4 7 
2.03e+05 ; 2.729e-17 ; True ; 5 33 74 122 130 177 181 266 363 431 450 477 483 521 535 619 688 702 717 721 726  ; 4 5 2 5 4 3 3 8 2 8 6 3 2 3 2 4 5 8 4 7 
2.06e+05 ; 2.903e-17 ; True ; 5 33 74 122 130 177 181 266 363 431 450 463 483 521 535 619 688 702 717 721 726  ; 4 5 2 5 4 2 3 8 2 8 6 3 2 4 2 4 5 7 5 7 
2.07e+05 ; 3.398e-17 ; True ; 5 33 74 122 130 177 181 245 266 363 431 450 467 483 535 572 619 688 702 717 726  ; 5 5 3 5 4 3 2 9 2 8 5 4 2 3 2 4 5 6 4 7 
2.23e+05 ; 3.943e-17 ; True ; 5 33 35 74 122 130 177 181 266 363 431 450 463 477 483 521 535 619 688 717 721 726  ; 5 4 2 5 4 3 3 8 2 7 6 3 3 4 2 4 4 8 4 7 
2.25e+05 ; 4.527e-17 ; True ; 5 33 74 122 130 177 181 266 363 367 431 450 463 477 483 521 535 619 688 702 717 726  ; 4 6 2 5 4 2 3 8 2 8 5 3 3 4 2 4 5 8 5 7 
2.28e+05 ; 4.602e-17 ; True ; 5 33 74 122 130 177 181 266 363 431 440 450 463 483 500 535 543 619 688 702 717 726  ; 5 5 2 5 5 2 2 8 2 8 6 3 2 4 3 4 6 7 5 6 
2.45e+05 ; 5.548e-17 ; True ; 0 5 33 74 122 130 177 181 245 363 384 431 450 463 483 521 535 619 688 702 717 721 726  ; 4 4 3 5 4 4 3 8 2 9 6 4 2 3 2 4 5 7 4 7 
2.45e+05 ; 6.156e-17 ; True ; 5 33 74 122 130 177 181 266 363 367 431 450 463 477 483 521 535 543 619 688 717 721 726  ; 4 5 2 5 4 3 3 8 2 7 6 3 3 4 3 4 4 8 4 7 
2.46e+05 ; 6.763e-17 ; True ; 5 33 74 122 130 177 181 266 363 367 431 450 463 477 483 521 535 543 619 688 702 717 726  ; 4 6 2 5 4 2 3 8 2 8 5 3 3 4 3 4 5 8 5 7 
2.48e+05 ; 6.96e-17 ; True ; 5 33 74 122 130 177 181 266 337 363 431 440 450 463 477 500 535 543 619 688 702 717 726  ; 5 5 3 5 5 3 2 7 2 8 6 3 2 4 2 4 6 8 5 7 
2.49e+05 ; 7.064e-17 ; True ; 2 5 33 74 122 130 150 177 181 266 363 431 450 463 483 521 535 619 688 702 717 721 726  ; 4 5 2 6 4 2 3 9 3 9 6 4 2 4 2 4 5 7 5 7 
2.49e+05 ; 7.151e-17 ; True ; 5 33 40 74 122 130 177 181 266 363 431 440 450 463 483 521 526 535 619 688 702 717 726  ; 6 5 2 5 5 2 3 8 2 8 6 3 3 4 2 4 5 8 5 7 
2.5e+05 ; 7.318e-17 ; True ; 5 33 74 122 130 177 181 266 337 363 431 440 450 463 483 500 535 543 619 688 702 717 726  ; 5 5 3 5 5 2 2 8 2 8 6 3 2 4 3 4 6 7 5 7 
2.68e+05 ; 7.706e-17 ; True ; 5 33 74 122 130 177 181 208 266 363 431 450 463 477 483 515 521 535 543 619 688 702 717 726  ; 4 5 2 5 5 2 3 10 2 9 6 3 2 4 3 4 5 9 6 7 
2.68e+05 ; 8.34e-17 ; True ; 5 33 74 122 130 177 181 266 307 363 367 431 450 463 477 483 521 535 543 619 688 702 717 726  ; 4 6 2 6 4 2 3 8 2 9 5 3 3 4 3 4 5 8 5 7 
2.68e+05 ; 9.999e-17 ; True ; 5 33 74 122 130 177 181 266 363 367 382 431 450 463 477 483 521 535 543 619 688 702 717 726  ; 4 6 2 5 4 3 3 8 2 8 5 3 3 4 3 4 5 8 5 7 
2.69e+05 ; 1.081e-16 ; True ; 5 33 74 122 130 177 181 266 363 367 431 450 463 477 483 515 521 535 543 619 688 702 717 726  ; 4 6 2 5 5 2 3 9 2 9 6 3 3 4 3 4 5 9 5 7 
2.7e+05 ; 1.162e-16 ; True ; 5 33 74 122 130 177 181 266 337 363 431 440 450 463 477 500 521 535 543 619 688 702 717 726  ; 5 5 3 5 5 3 3 7 2 9 6 3 2 4 2 4 6 9 5 8 
2.92e+05 ; 1.261e-16 ; True ; 5 33 49 74 122 130 177 181 266 363 367 431 450 463 477 483 515 521 535 543 619 688 702 717 726  ; 5 6 2 5 5 2 3 9 2 9 6 3 3 4 3 4 5 9 5 7 
2.93e+05 ; 1.277e-16 ; True ; 5 33 74 122 130 177 181 266 333 363 367 431 450 463 477 483 515 521 535 543 619 688 702 717 726  ; 4 6 2 6 5 2 3 9 2 9 6 3 3 4 3 4 5 9 5 7 
2.94e+05 ; 1.534e-16 ; True ; 5 33 40 74 122 130 177 181 266 337 363 431 440 450 463 477 500 521 535 543 619 688 702 717 726  ; 5 5 3 5 6 3 3 7 2 9 7 3 2 4 2 4 6 9 5 8 
3.17e+05 ; 1.586e-16 ; True ; 5 33 40 74 122 130 177 181 266 277 337 363 431 440 450 463 477 500 521 535 543 619 688 702 717 726  ; 5 5 3 5 6 3 3 7 2 10 7 3 2 4 2 4 6 9 5 8 
3.18e+05 ; 1.785e-16 ; True ; 5 33 40 74 122 130 177 181 266 337 363 431 440 450 463 477 500 521 535 543 613 619 688 702 717 726  ; 6 5 3 5 6 3 3 7 2 9 7 3 2 4 2 4 6 9 5 9 
3.19e+05 ; 2.039e-16 ; True ; 5 33 40 74 122 130 177 181 266 326 337 363 431 440 450 463 477 500 521 535 543 619 688 702 717 726  ; 5 5 3 5 6 3 3 8 2 9 7 3 2 5 2 4 6 9 5 8 
3.43e+05 ; 2.061e-16 ; True ; 5 33 74 122 130 177 181 209 245 266 363 367 394 423 431 450 477 485 515 535 543 572 619 688 702 717 726  ; 6 7 2 5 5 4 2 8 3 9 6 5 3 3 2 4 6 8 4 7 
3.43e+05 ; 2.64e-16 ; True ; 5 33 40 74 122 130 177 181 266 337 363 431 440 450 463 477 500 521 526 535 540 543 619 688 702 717 726  ; 6 5 3 5 6 3 3 7 2 10 7 3 3 4 2 4 6 9 5 8 
3.69e+05 ; 2.837e-16 ; True ; 5 33 40 62 74 122 130 177 181 266 337 363 431 440 450 463 477 500 521 526 535 540 543 619 688 702 717 726  ; 6 5 3 5 6 3 3 8 2 10 7 3 3 4 2 4 6 9 5 8 
3.7e+05 ; 2.853e-16 ; True ; 5 33 74 92 122 130 177 181 209 245 266 363 367 394 423 431 450 477 485 515 535 543 572 619 688 702 717 726  ; 6 7 2 5 5 4 2 8 3 9 6 5 4 3 2 4 6 8 4 8 
4.25e+05 ; 3.105e-16 ; True ; 5 33 74 122 130 140 170 175 177 181 209 337 363 367 423 431 440 450 463 477 485 515 535 543 604 619 688 702 717 726  ; 7 5 3 6 5 3 2 8 3 9 6 5 3 4 2 4 6 10 4 7 
4.53e+05 ; 5.174e-16 ; True ; 5 14 33 74 122 130 170 175 177 181 266 337 363 423 431 440 450 463 477 483 485 515 535 543 567 604 619 688 702 717 726  ; 7 6 3 6 5 3 2 10 3 10 6 5 2 4 3 4 6 10 5 7 
4.86e+05 ; 5.176e-16 ; True ; 5 33 74 122 130 140 170 175 177 181 209 337 363 367 421 423 431 440 450 463 477 485 515 535 543 552 604 619 688 702 717 726  ; 7 5 4 7 5 3 2 9 3 10 6 5 3 4 2 4 6 10 4 7 
4.88e+05 ; 5.413e-16 ; True ; 5 33 74 92 122 130 170 175 177 181 209 337 363 367 393 431 440 450 463 477 485 515 535 543 567 604 619 662 688 702 717 726  ; 6 6 3 6 5 3 2 9 3 10 6 5 5 3 2 4 7 10 4 8 
5.17e+05 ; 5.434e-16 ; True ; 5 33 46 74 122 130 140 170 175 177 181 209 337 363 367 421 423 431 440 450 463 477 485 515 535 543 552 604 619 688 702 717 726  ; 7 5 4 7 5 3 2 9 3 10 6 5 3 4 2 4 6 10 4 8 
5.18e+05 ; 5.917e-16 ; True ; 5 33 74 92 122 130 170 175 177 181 209 337 363 367 393 423 431 440 450 463 477 485 515 535 543 567 604 619 662 688 702 717 726  ; 7 6 3 6 5 3 2 9 3 10 6 5 5 3 2 4 7 10 4 8 
5.51e+05 ; 8.186e-16 ; True ; 5 33 74 92 122 130 170 175 177 181 209 326 337 363 367 393 423 431 440 450 463 477 485 515 535 543 567 604 619 662 688 702 717 726  ; 7 6 3 6 5 3 2 10 3 10 6 5 5 4 2 4 7 10 4 8 
5.85e+05 ; 1.03e-15 ; True ; 5 33 74 92 122 130 140 170 175 177 181 209 259 337 363 367 393 423 431 440 450 463 477 485 515 535 543 567 604 619 662 688 702 717 726  ; 7 6 3 6 6 3 2 9 3 10 7 5 5 4 2 4 7 10 4 8 

RUN 3:
Optimum Distance: 0

Optimal Team: 
Required Skills: 0 2 13 16 20 22 23 26 29 34 36 38 41 42 43 46 47 48 56 57 
Distance; Skill Score; isValid; Team; Skill Counts
1.8e+04 ; 1.11e-25 ; True ; 0 5 122 130 181 353 363  ; 1 1 1 1 1 1 1 3 1 3 2 1 1 1 1 1 1 2 2 3 
1.9e+04 ; 1.306e-25 ; True ; 0 5 122 130 181 363 704  ; 1 1 1 1 1 1 1 3 1 4 2 1 1 1 1 1 1 3 2 2 
2.1e+04 ; 1.376e-24 ; True ; 5 74 122 130 181 245 431  ; 1 1 1 3 1 1 1 5 1 5 3 1 1 1 1 2 1 2 2 2 
2.5e+04 ; 7.06e-24 ; True ; 0 5 74 122 130 181 353 363  ; 1 2 1 2 2 1 1 4 1 4 3 1 1 1 1 2 2 2 2 3 
2.7e+04 ; 1.451e-23 ; True ; 74 122 130 181 363 431 450 477  ; 1 2 1 3 2 1 1 4 1 4 4 1 1 1 1 2 3 2 2 2 
2.8e+04 ; 3.479e-23 ; True ; 5 74 122 130 181 363 619 688  ; 2 2 1 3 2 1 1 4 1 5 3 1 1 1 1 2 2 3 2 4 
3.3e+04 ; 3.911e-23 ; True ; 5 74 122 130 181 353 360 363 521  ; 1 2 1 2 2 1 2 5 1 5 3 1 1 1 1 2 2 4 2 5 
3.6e+04 ; 2.186e-22 ; True ; 5 74 122 130 181 363 431 450 619  ; 2 2 1 4 2 1 1 5 1 6 4 1 2 1 1 2 3 3 2 4 
4.2e+04 ; 2.309e-22 ; True ; 5 74 122 130 181 353 360 363 450 521  ; 2 2 1 2 2 1 2 5 1 5 3 1 2 1 1 2 3 4 2 6 
4.4e+04 ; 7.415e-22 ; True ; 5 74 122 130 181 245 363 431 450 726  ; 2 2 1 3 3 1 1 5 1 5 5 2 2 1 1 3 3 3 2 4 
4.5e+04 ; 1.05e-21 ; True ; 5 74 122 130 181 266 363 431 450 619  ; 2 3 1 4 2 1 1 6 1 6 4 1 2 2 1 2 3 3 3 4 
5.1e+04 ; 1.135e-21 ; True ; 5 33 74 122 130 181 245 431 450 477 726  ; 2 2 1 4 2 2 1 6 1 5 4 1 2 2 1 3 2 5 2 4 
5.2e+04 ; 1.34e-21 ; True ; 5 74 122 181 245 266 363 431 483 521 717  ; 2 3 1 3 3 1 3 6 1 5 4 2 1 2 1 2 2 4 2 3 
5.2e+04 ; 2.314e-21 ; True ; 5 33 74 122 130 181 245 363 431 450 477  ; 2 3 1 4 2 2 1 6 1 5 4 2 2 2 1 2 3 4 2 3 
5.4e+04 ; 3.705e-21 ; True ; 5 33 74 122 130 181 245 363 431 450 726  ; 2 3 1 4 3 1 1 6 1 5 5 2 2 2 1 3 3 4 2 4 
5.5e+04 ; 5.014e-21 ; True ; 5 74 122 130 181 266 363 431 450 619 717  ; 3 3 1 4 3 1 2 6 1 6 4 1 2 2 1 2 3 4 3 4 
6.2e+04 ; 8.074e-21 ; True ; 5 33 74 122 130 181 245 363 431 450 477 726  ; 2 3 1 4 3 2 1 6 1 5 5 2 2 2 1 3 3 5 2 4 
6.3e+04 ; 1.017e-20 ; True ; 5 33 74 122 130 181 245 363 431 450 521 726  ; 2 3 1 4 3 1 2 6 1 6 5 2 2 2 1 3 3 5 2 5 
6.5e+04 ; 1.512e-20 ; True ; 5 74 122 130 181 245 266 363 431 450 717 726  ; 3 3 1 3 4 1 2 6 1 5 5 2 2 2 1 3 3 4 3 4 
6.6e+04 ; 1.781e-20 ; True ; 5 74 122 130 137 181 266 363 431 450 619 717  ; 3 3 1 5 3 1 2 7 1 7 4 2 2 2 1 2 4 4 3 4 
7.4e+04 ; 1.781e-20 ; True ; 5 33 74 122 181 245 266 363 431 450 521 543 726  ; 2 4 1 4 3 1 2 6 1 5 5 2 2 3 1 3 3 5 2 5 
7.5e+04 ; 3.174e-20 ; True ; 5 33 74 122 130 181 245 266 363 431 450 521 726  ; 2 4 1 4 3 1 2 7 1 6 5 2 2 3 1 3 3 5 3 5 
7.7e+04 ; 4.638e-20 ; True ; 5 33 74 122 130 181 245 266 363 431 450 717 726  ; 3 4 1 4 4 1 2 7 1 5 5 2 2 3 1 3 3 5 3 4 
7.8e+04 ; 5.133e-20 ; True ; 5 74 122 130 181 245 266 363 431 450 592 619 717  ; 3 4 1 4 3 2 2 6 2 7 4 2 2 2 1 2 3 4 3 4 
8.501e+04 ; 5.676e-20 ; True ; 5 33 47 74 122 130 181 245 266 363 450 477 521 726  ; 3 4 1 3 3 2 2 6 1 6 4 2 2 3 1 3 3 7 3 5 
8.7e+04 ; 9.775e-20 ; True ; 5 33 74 122 130 181 245 266 363 431 450 477 717 726  ; 3 4 1 4 4 2 2 7 1 5 5 2 2 3 1 3 3 6 3 4 
8.9e+04 ; 1.127e-19 ; True ; 5 33 74 122 130 181 245 266 363 431 450 535 717 726  ; 3 4 1 4 4 1 2 7 1 5 5 3 2 3 1 4 4 5 3 4 
9e+04 ; 1.349e-19 ; True ; 5 33 47 74 122 130 181 245 266 363 431 450 717 726  ; 4 4 2 4 4 1 2 7 1 6 5 2 2 3 1 3 3 6 3 4 
9e+04 ; 1.378e-19 ; True ; 5 33 47 74 122 130 181 266 363 388 431 450 535 717  ; 4 4 2 4 4 1 2 7 1 6 4 2 2 3 1 3 4 5 3 4 
9.801e+04 ; 1.444e-19 ; True ; 5 33 74 122 130 181 245 363 431 450 477 521 535 592 726  ; 2 4 1 4 3 2 2 6 2 7 5 3 2 2 1 4 4 6 2 5 
9.901e+04 ; 2.086e-19 ; True ; 5 33 47 74 122 130 181 245 266 363 431 450 477 521 726  ; 3 4 2 4 3 2 2 7 1 7 5 2 2 3 1 3 3 7 3 5 
1.01e+05 ; 2.55e-19 ; True ; 0 5 47 74 122 130 137 181 245 266 363 431 450 717 726  ; 4 3 2 4 4 2 2 7 1 7 5 3 2 2 1 3 4 5 3 4 
1.03e+05 ; 2.886e-19 ; True ; 5 33 47 74 122 130 181 245 266 363 431 450 483 717 726  ; 4 4 2 4 4 1 2 8 1 6 5 2 2 3 2 3 3 6 3 4 
1.04e+05 ; 3.823e-19 ; True ; 5 33 47 74 122 130 181 245 266 363 388 431 450 535 717  ; 4 4 2 4 4 2 2 7 1 6 4 3 2 3 1 3 4 5 3 4 
1.14e+05 ; 4.867e-19 ; True ; 0 5 47 74 122 130 137 181 245 266 363 431 450 521 717 726  ; 4 3 2 4 4 2 3 7 1 8 5 3 2 2 1 3 4 6 3 5 
1.15e+05 ; 6.331e-19 ; True ; 5 33 74 122 130 181 245 266 363 431 450 477 535 592 717 726  ; 3 5 1 4 4 2 2 7 2 6 5 3 2 3 1 4 4 6 3 4 
1.17e+05 ; 7.426e-19 ; True ; 5 47 74 122 130 137 181 245 266 363 431 450 477 592 717 726  ; 4 4 2 4 4 2 2 7 2 8 5 3 2 2 1 3 4 6 3 4 
1.18e+05 ; 8.403e-19 ; True ; 5 33 74 122 130 181 245 266 363 431 450 535 592 688 717 726  ; 4 5 2 4 4 1 2 7 2 6 5 3 2 3 1 4 4 5 3 5 
1.19e+05 ; 9.937e-19 ; True ; 5 33 47 74 122 130 181 245 266 363 388 431 450 535 592 717  ; 4 5 2 4 4 2 2 7 2 7 4 3 2 3 1 3 4 5 3 4 
1.29e+05 ; 1.007e-18 ; True ; 5 33 47 74 122 130 181 245 363 431 450 477 521 535 592 621 726  ; 3 4 2 4 3 2 2 7 2 9 5 3 2 3 1 4 5 7 2 6 
1.3e+05 ; 1.309e-18 ; True ; 0 5 47 74 122 130 137 181 245 266 363 431 450 521 592 717 726  ; 4 4 2 4 4 2 3 7 2 9 5 3 2 2 1 3 4 6 3 5 
1.31e+05 ; 1.486e-18 ; True ; 0 5 47 74 122 130 137 181 245 266 363 431 450 483 592 717 726  ; 4 4 2 4 4 2 2 8 2 8 5 3 2 2 2 3 4 5 3 4 
1.32e+05 ; 1.544e-18 ; True ; 5 33 47 74 122 130 181 245 266 363 431 450 483 521 572 592 726  ; 4 5 2 4 3 2 2 8 2 9 5 2 2 3 2 3 3 6 3 6 
1.33e+05 ; 1.938e-18 ; True ; 5 33 74 122 130 137 181 266 363 431 450 477 592 619 688 717 726  ; 4 5 2 6 4 2 2 8 2 8 5 2 2 3 1 3 4 7 3 6 
1.35e+05 ; 2.16e-18 ; True ; 5 47 74 122 130 137 181 245 266 363 388 431 450 592 621 717 726  ; 4 4 2 4 5 2 2 8 2 9 5 3 2 3 1 3 5 5 3 6 
1.46e+05 ; 3.248e-18 ; True ; 5 33 74 122 130 181 245 266 363 431 450 477 521 535 592 688 717 726  ; 4 5 2 4 4 2 3 7 2 7 5 3 2 3 1 4 4 7 3 6 
1.48e+05 ; 3.928e-18 ; True ; 5 33 47 74 122 130 137 181 245 266 363 431 450 477 483 592 717 726  ; 4 5 2 5 4 2 2 9 2 8 5 3 2 3 2 3 4 7 3 4 
1.5e+05 ; 4.065e-18 ; True ; 5 33 74 122 130 137 181 245 266 363 431 450 483 535 572 592 717 726  ; 4 5 1 5 4 2 2 9 2 8 5 4 2 3 2 4 5 5 3 5 
1.51e+05 ; 5.055e-18 ; True ; 5 33 74 122 130 137 181 245 266 363 388 431 450 483 592 688 717 726  ; 4 5 2 5 5 2 2 9 2 7 5 3 2 3 2 3 4 5 3 6 
1.64e+05 ; 6.974e-18 ; True ; 5 33 74 122 130 137 181 245 266 363 431 450 477 521 535 592 688 717 726  ; 4 5 2 5 4 2 3 8 2 8 5 4 2 3 1 4 5 7 3 6 
1.66e+05 ; 7.535e-18 ; True ; 0 5 33 47 74 122 130 137 181 245 266 363 431 450 483 592 621 717 726  ; 4 5 2 5 4 2 2 10 2 9 5 3 2 4 2 3 5 6 3 5 
1.67e+05 ; 9.134e-18 ; True ; 5 33 47 74 122 130 137 181 245 266 363 431 450 483 521 572 592 717 726  ; 5 5 2 5 4 2 3 9 2 10 5 3 2 3 2 3 4 7 3 6 
1.69e+05 ; 9.929e-18 ; True ; 5 33 47 74 122 130 137 181 245 266 363 388 431 450 483 592 688 717 726  ; 5 5 3 5 5 2 2 9 2 8 5 3 2 3 2 3 4 6 3 6 
1.69e+05 ; 9.938e-18 ; True ; 5 33 47 74 122 130 137 181 245 266 363 431 450 483 572 592 621 717 726  ; 5 5 2 5 4 2 2 10 2 10 5 3 2 4 2 3 5 6 3 6 
1.82e+05 ; 1.088e-17 ; True ; 0 5 33 47 74 122 130 137 181 245 266 363 431 450 477 535 592 621 717 726  ; 4 5 2 5 4 3 2 9 2 9 5 4 2 4 1 4 6 7 3 5 
1.83e+05 ; 1.306e-17 ; True ; 5 33 47 74 122 130 137 181 245 266 363 431 450 477 521 535 592 688 717 726  ; 5 5 3 5 4 2 3 8 2 9 5 4 2 3 1 4 5 8 3 6 
1.84e+05 ; 1.468e-17 ; True ; 0 5 33 47 74 122 130 137 181 245 266 363 431 450 483 535 592 621 717 726  ; 4 5 2 5 4 2 2 10 2 9 5 4 2 4 2 4 6 6 3 5 
1.86e+05 ; 1.638e-17 ; True ; 5 33 47 74 122 130 137 181 245 266 363 431 450 483 535 554 572 592 717 726  ; 5 5 2 5 4 2 2 10 3 9 5 4 2 3 2 4 5 6 3 5 
1.86e+05 ; 1.699e-17 ; True ; 5 33 47 74 122 130 137 181 245 266 363 431 450 483 521 572 592 621 717 726  ; 5 5 2 5 4 2 3 10 2 11 5 3 2 4 2 3 5 7 3 7 
2e+05 ; 1.893e-17 ; True ; 0 5 33 47 74 122 130 137 181 245 266 363 431 450 477 521 535 592 621 717 726  ; 4 5 2 5 4 3 3 9 2 10 5 4 2 4 1 4 6 8 3 6 
2.01e+05 ; 2.272e-17 ; True ; 0 5 33 47 74 122 130 137 181 245 266 363 431 450 477 483 535 592 621 717 726  ; 4 5 2 5 4 3 2 10 2 9 5 4 2 4 2 4 6 7 3 5 
2.04e+05 ; 2.515e-17 ; True ; 5 33 47 74 122 130 181 245 266 363 431 450 483 521 535 554 572 592 688 717 726  ; 6 5 3 4 4 2 3 9 3 9 5 3 2 3 2 4 4 7 3 7 
2.05e+05 ; 2.54e-17 ; True ; 5 33 47 74 122 130 137 181 245 266 363 431 450 483 521 554 572 592 688 717 726  ; 6 5 3 5 4 2 3 10 3 10 5 3 2 3 2 3 4 7 3 7 
2.06e+05 ; 2.994e-17 ; True ; 5 33 47 74 122 130 137 181 245 266 363 431 450 483 535 554 572 592 688 717 726  ; 6 5 3 5 4 2 2 10 3 9 5 4 2 3 2 4 5 6 3 6 
2.22e+05 ; 3.365e-17 ; True ; 0 5 33 47 74 122 130 137 181 245 306 363 431 450 477 483 535 592 621 702 717 726  ; 4 5 2 5 4 3 2 10 2 11 6 4 2 3 2 5 7 8 3 6 
2.24e+05 ; 4.427e-17 ; True ; 0 5 33 47 74 122 130 137 181 245 266 363 431 450 483 535 554 572 592 688 717 726  ; 6 5 3 5 4 3 2 10 3 9 5 4 2 3 2 4 5 6 3 6 
2.25e+05 ; 5.155e-17 ; True ; 5 33 47 74 122 130 137 181 245 266 363 431 450 483 521 535 554 572 592 688 717 726  ; 6 5 3 5 4 2 3 10 3 10 5 4 2 3 2 4 5 7 3 7 
2.46e+05 ; 5.292e-17 ; True ; 5 33 47 74 122 130 137 181 245 266 363 431 450 483 521 535 554 572 592 656 688 717 726  ; 6 5 3 5 4 2 3 10 3 11 5 4 2 3 2 4 5 7 3 7 
2.46e+05 ; 6.075e-17 ; True ; 0 5 33 47 74 122 130 137 181 245 266 363 431 450 483 535 554 572 592 672 688 717 726  ; 6 5 3 5 4 3 2 11 3 9 5 4 2 4 2 4 5 6 3 6 
2.47e+05 ; 6.922e-17 ; True ; 5 33 47 74 122 130 137 175 181 245 266 363 431 450 483 521 535 554 572 592 688 717 726  ; 7 5 3 6 4 2 3 11 3 10 5 4 2 3 2 4 5 7 3 7 
2.68e+05 ; 8.169e-17 ; True ; 5 33 35 47 74 122 130 137 181 245 266 306 363 431 477 521 535 537 592 621 688 702 717 726  ; 5 7 3 5 5 2 3 10 2 12 6 4 2 4 1 5 6 9 4 7 
2.7e+05 ; 1.117e-16 ; True ; 0 5 74 122 130 137 181 245 266 306 362 363 388 431 450 455 483 535 592 621 688 702 717 726  ; 5 5 2 4 5 3 2 10 2 10 6 4 3 3 3 5 7 5 4 9 
2.72e+05 ; 1.417e-16 ; True ; 5 33 47 74 122 130 137 181 245 266 306 363 431 450 455 483 521 535 572 592 621 688 702 717  ; 7 6 3 5 3 2 3 11 2 13 5 4 3 4 2 4 7 7 4 9 
2.74e+05 ; 1.462e-16 ; True ; 33 35 47 74 122 130 137 181 245 266 306 360 362 363 388 431 450 455 535 592 621 688 717 726  ; 6 5 3 5 5 3 2 10 2 9 6 4 3 4 2 5 6 7 3 9 
2.96e+05 ; 1.507e-16 ; True ; 33 35 47 74 122 130 181 245 266 306 360 363 388 416 431 450 455 483 535 592 621 688 702 717 726  ; 6 6 3 4 5 3 2 10 2 10 6 3 3 4 2 5 6 7 4 9 
2.97e+05 ; 1.78e-16 ; True ; 33 35 47 74 78 122 130 137 181 245 266 306 360 362 363 388 431 450 521 592 621 688 702 717 726  ; 5 6 3 5 5 3 3 10 2 11 6 4 2 4 2 4 6 8 4 9 
2.98e+05 ; 2.66e-16 ; True ; 33 35 47 74 122 130 137 181 245 266 306 360 362 363 388 431 450 455 535 592 621 688 702 717 726  ; 6 6 3 5 5 3 2 10 2 10 6 4 3 4 2 5 7 7 4 9 
3.22e+05 ; 2.698e-16 ; True ; 33 35 47 74 122 130 137 181 245 266 306 360 362 363 410 431 450 455 521 592 621 661 688 702 717 726  ; 7 6 3 5 4 3 3 10 2 11 6 4 3 4 2 4 6 9 4 9 
3.23e+05 ; 2.891e-16 ; True ; 33 35 47 74 122 130 137 181 195 245 266 306 360 362 363 410 431 450 455 535 592 621 688 702 717 726  ; 6 6 3 5 4 3 2 10 2 11 6 4 3 4 2 5 7 9 5 9 
3.46e+05 ; 4.338e-16 ; True ; 33 35 47 74 122 130 137 181 191 245 264 266 306 360 363 388 431 450 455 483 535 592 621 688 702 717 726  ; 7 6 3 5 5 3 2 11 2 11 7 5 3 4 2 5 7 8 4 10 
3.72e+05 ; 4.43e-16 ; True ; 33 35 47 74 122 130 137 181 191 245 264 266 306 360 363 388 416 431 450 455 483 535 592 621 688 702 717 726  ; 7 6 3 5 5 3 2 11 2 12 7 5 3 4 2 5 7 8 4 10 
3.73e+05 ; 4.599e-16 ; True ; 33 35 47 74 122 130 137 181 245 266 360 363 388 431 450 454 455 483 509 535 554 592 621 661 688 702 717 726  ; 7 6 3 5 5 3 2 11 3 9 5 6 3 4 2 4 7 6 5 8 
3.99e+05 ; 4.772e-16 ; True ; 33 35 47 74 122 130 137 176 181 245 266 360 363 388 431 450 454 455 483 509 535 554 592 621 661 688 702 717 726  ; 7 6 3 5 5 3 2 11 3 9 5 6 3 4 2 4 7 6 5 9 
4e+05 ; 5.615e-16 ; True ; 33 35 47 74 122 130 137 181 245 266 306 363 372 388 410 431 450 454 483 521 535 554 572 592 621 661 688 702 717  ; 7 6 3 5 4 4 3 11 3 12 6 6 2 4 2 4 7 8 4 9 
4.3e+05 ; 5.713e-16 ; True ; 33 35 47 74 122 130 137 181 195 243 245 266 306 360 362 363 410 431 450 454 455 521 592 621 661 688 693 702 717 726  ; 9 6 3 5 4 3 3 10 2 12 6 5 3 4 2 4 6 10 6 11 
4.31e+05 ; 6.111e-16 ; True ; 33 35 47 74 122 130 137 175 181 195 243 245 266 306 360 362 363 388 391 410 431 450 455 521 592 621 693 702 717 726  ; 8 6 2 6 5 4 3 11 2 12 6 4 3 4 2 4 6 10 6 11 
4.32e+05 ; 7.167e-16 ; True ; 33 35 47 74 122 130 137 181 195 243 245 266 306 360 362 363 388 391 410 431 450 455 521 554 592 621 693 702 717 726  ; 7 6 2 5 5 4 3 11 3 12 6 4 3 4 2 4 6 10 6 11 
4.9e+05 ; 7.203e-16 ; True ; 33 35 47 74 122 130 137 181 195 245 266 306 315 353 360 362 363 388 410 431 450 454 474 475 521 592 621 688 693 702 717 726  ; 7 6 4 5 5 4 3 10 2 13 6 4 2 4 2 4 6 10 7 11 
4.91e+05 ; 7.475e-16 ; True ; 33 35 47 74 122 130 137 181 195 243 245 266 306 315 360 362 363 388 431 450 454 455 474 521 592 621 661 688 693 702 717 726  ; 10 6 3 5 5 3 3 10 2 13 6 5 3 4 2 4 6 9 6 12 
5.2e+05 ; 9.571e-16 ; True ; 33 35 47 74 122 130 137 181 195 210 243 245 266 306 315 360 362 363 388 410 416 431 450 454 455 521 592 621 688 693 702 717 726  ; 8 6 3 5 5 5 3 10 2 14 6 4 3 4 2 4 6 10 6 12 
5.22e+05 ; 9.664e-16 ; True ; 33 35 47 74 122 130 137 181 195 243 245 266 306 315 360 362 363 388 410 416 431 450 454 455 521 592 621 661 688 693 702 717 726  ; 9 6 3 5 5 4 3 10 2 14 6 5 3 4 2 4 6 10 6 12 
5.22e+05 ; 1.049e-15 ; True ; 33 35 47 74 122 130 137 181 195 245 266 297 306 315 353 360 362 363 388 410 431 450 454 474 475 521 592 621 688 693 702 717 726  ; 7 6 4 6 5 5 3 10 2 13 6 4 2 4 2 4 6 10 7 11 
5.56e+05 ; 1.117e-15 ; True ; 33 35 47 74 122 130 137 181 195 243 245 266 306 315 360 362 363 365 388 410 431 450 454 455 474 521 592 621 661 688 693 702 717 726  ; 10 6 3 5 5 4 3 10 2 13 7 5 3 4 2 4 6 10 6 12 
5.88e+05 ; 1.132e-15 ; True ; 33 35 47 74 122 130 137 181 195 243 245 266 306 315 360 362 363 388 410 416 431 450 454 455 474 488 521 592 621 661 688 693 702 717 726  ; 10 6 3 5 5 4 3 10 2 14 7 5 3 4 2 4 6 10 6 12 
5.9e+05 ; 1.287e-15 ; True ; 33 35 47 74 122 130 137 181 195 243 245 266 306 315 360 362 363 365 375 388 410 431 450 454 455 474 521 592 621 661 688 693 702 717 726  ; 11 6 3 5 5 4 3 10 2 13 8 5 3 4 2 4 6 11 6 12 
6.23e+05 ; 1.409e-15 ; True ; 33 35 47 74 122 130 137 181 195 243 245 266 306 313 315 353 360 362 363 388 410 431 443 450 454 455 474 521 592 621 661 688 693 702 717 726  ; 10 6 4 5 5 4 3 11 2 13 6 5 3 4 2 4 6 11 6 13 
6.57e+05 ; 1.423e-15 ; True ; 33 35 47 74 122 130 137 181 195 243 245 266 306 313 315 316 353 360 362 363 388 410 431 443 450 454 455 474 521 592 621 661 688 693 702 717 726  ; 10 6 4 5 5 4 3 11 2 13 6 5 3 4 2 4 6 11 6 14 
6.93e+05 ; 1.454e-15 ; True ; 33 35 47 74 122 130 137 181 195 243 245 258 266 306 313 315 316 353 360 362 363 388 410 431 443 450 454 455 474 521 592 621 661 688 693 702 717 726  ; 10 6 4 5 5 4 3 11 2 14 6 5 3 4 2 4 6 11 6 15 
6.94e+05 ; 1.91e-15 ; True ; 33 35 47 74 122 130 137 181 195 243 245 266 306 313 315 316 353 360 362 363 388 410 418 431 443 450 454 455 474 521 592 621 661 688 693 702 717 726  ; 10 6 4 5 5 4 4 11 2 14 6 5 3 4 2 4 6 11 6 14 

RUN 4:
Optimum Distance: 0

Optimal Team: 
Required Skills: 0 2 13 16 20 22 23 26 29 34 36 38 41 42 43 46 47 48 56 57 
Distance; Skill Score; isValid; Team; Skill Counts
1.8e+04 ; 8.084e-26 ; True ; 5 122 181 353 360 363 483  ; 1 1 1 1 1 1 1 4 1 2 2 1 1 1 1 1 1 3 1 4 
2e+04 ; 4.644e-25 ; True ; 5 122 181 363 431 483 619  ; 1 1 1 3 1 1 1 4 1 4 3 1 1 1 1 1 1 3 1 3 
2.1e+04 ; 1.046e-24 ; True ; 5 122 130 181 363 431 619  ; 1 1 1 3 1 1 1 4 1 5 3 1 1 1 1 1 1 3 2 3 
2.4e+04 ; 1.464e-24 ; True ; 5 74 122 181 353 360 483 535  ; 1 1 1 2 1 1 1 5 1 3 2 1 1 1 1 3 2 3 1 4 
2.6e+04 ; 5.071e-24 ; True ; 5 74 122 130 181 353 535 619  ; 1 1 1 3 1 1 1 4 1 5 2 1 1 1 1 3 2 3 2 4 
2.8e+04 ; 3.726e-23 ; True ; 5 47 74 122 130 181 363 619  ; 2 2 1 3 2 1 1 4 1 6 3 1 1 1 1 2 2 4 2 3 
3.3e+04 ; 4.765e-23 ; True ; 33 74 122 130 181 353 363 450 477  ; 1 3 1 3 2 1 1 4 1 3 3 1 1 2 1 2 3 3 2 3 
3.4e+04 ; 1.254e-22 ; True ; 5 74 122 130 181 363 431 450 477  ; 2 2 1 3 2 1 1 5 1 5 4 1 2 1 1 2 3 3 2 3 
3.6e+04 ; 2.186e-22 ; True ; 5 74 122 130 181 363 431 450 619  ; 2 2 1 4 2 1 1 5 1 6 4 1 2 1 1 2 3 3 2 4 
4.1e+04 ; 3.502e-22 ; True ; 5 33 74 122 130 181 353 363 450 477  ; 2 3 1 3 2 1 1 5 1 4 3 1 2 2 1 2 3 4 2 4 
4.2e+04 ; 6.268e-22 ; True ; 5 33 74 122 130 181 363 431 450 477  ; 2 3 1 4 2 1 1 6 1 5 4 1 2 2 1 2 3 4 2 3 
4.5e+04 ; 1.05e-21 ; True ; 5 74 122 130 181 266 363 431 450 619  ; 2 3 1 4 2 1 1 6 1 6 4 1 2 2 1 2 3 3 3 4 
5e+04 ; 1.275e-21 ; True ; 5 33 74 122 130 181 353 363 450 477 535  ; 2 3 1 3 2 1 1 5 1 4 3 2 2 2 1 3 4 4 2 4 
5.2e+04 ; 2.827e-21 ; True ; 5 33 74 122 130 181 363 431 450 477 717  ; 3 3 1 4 3 1 2 6 1 5 4 1 2 2 1 2 3 5 2 3 
5.4e+04 ; 3.967e-21 ; True ; 5 33 74 122 130 181 363 431 535 572 717  ; 3 3 1 4 3 1 2 6 1 6 4 2 1 2 1 3 3 4 2 3 
5.5e+04 ; 4.62e-21 ; True ; 5 33 74 122 130 181 363 431 450 619 717  ; 3 3 1 5 3 1 2 6 1 6 4 1 2 2 1 2 3 5 2 4 
6.1e+04 ; 5.458e-21 ; True ; 5 33 74 122 130 181 353 363 431 450 477 535  ; 2 3 2 4 2 1 1 6 1 5 4 2 2 2 1 3 4 4 2 4 
6.2e+04 ; 8.327e-21 ; True ; 5 33 74 122 130 181 363 431 450 477 535 572  ; 3 3 1 4 2 2 1 6 1 6 4 2 2 2 1 3 4 4 2 4 
6.4e+04 ; 1.115e-20 ; True ; 5 33 74 122 130 181 363 431 450 535 717 721  ; 3 3 1 4 3 1 2 6 1 5 5 2 2 2 1 3 4 4 2 3 
6.6e+04 ; 1.862e-20 ; True ; 5 74 122 130 177 181 266 363 431 450 619 717  ; 3 3 1 4 3 1 2 6 2 6 4 2 2 2 1 2 3 4 3 4 
7.3e+04 ; 1.876e-20 ; True ; 5 33 74 122 130 181 353 363 431 450 477 535 572  ; 3 3 2 4 2 2 1 6 1 6 4 2 2 2 1 3 4 4 2 5 
7.4e+04 ; 3.346e-20 ; True ; 5 33 74 122 130 181 363 431 450 477 535 572 717  ; 4 3 1 4 3 2 2 6 1 6 4 2 2 2 1 3 4 5 2 4 
7.6e+04 ; 4.112e-20 ; True ; 5 74 122 130 181 266 353 363 431 450 535 619 717  ; 3 3 2 4 3 1 2 6 1 6 4 2 2 2 1 3 4 4 3 5 
7.8e+04 ; 5.559e-20 ; True ; 5 74 122 130 177 181 266 363 431 450 572 619 717  ; 4 3 1 4 3 2 2 6 2 7 4 2 2 2 1 2 3 4 3 5 
8.6e+04 ; 7.536e-20 ; True ; 5 33 74 122 130 181 353 363 431 450 477 535 572 717  ; 4 3 2 4 3 2 2 6 1 6 4 2 2 2 1 3 4 5 2 5 
8.8e+04 ; 8.677e-20 ; True ; 5 74 122 130 177 181 266 353 360 363 431 450 535 717  ; 3 3 2 3 3 1 2 7 2 5 4 3 2 2 1 3 4 4 3 5 
8.9e+04 ; 1.239e-19 ; True ; 5 33 74 122 130 181 266 363 431 450 535 619 717 721  ; 3 4 1 5 3 2 2 7 1 6 5 2 2 3 1 3 4 5 3 4 
9e+04 ; 1.52e-19 ; True ; 5 74 122 130 177 181 266 363 431 450 535 572 619 717  ; 4 3 1 4 3 2 2 6 2 7 4 3 2 2 1 3 4 4 3 5 
9.1e+04 ; 1.598e-19 ; True ; 5 33 74 122 130 177 181 266 363 431 450 572 619 717  ; 4 4 1 5 3 2 2 7 2 7 4 2 2 3 1 2 3 5 3 5 
9.901e+04 ; 1.621e-19 ; True ; 5 33 74 122 130 177 181 353 363 431 450 477 535 717 721  ; 3 3 2 4 3 2 2 6 2 5 5 3 2 2 1 3 4 5 2 4 
1.01e+05 ; 1.874e-19 ; True ; 5 74 122 130 177 181 266 353 360 363 367 431 535 572 717  ; 3 4 2 3 3 2 2 7 2 6 4 3 2 2 1 3 3 4 3 5 
1.02e+05 ; 2.321e-19 ; True ; 5 33 74 122 130 177 181 266 353 363 431 450 535 717 721  ; 3 4 2 4 3 1 2 7 2 5 5 3 2 3 1 3 4 4 3 4 
1.03e+05 ; 3.403e-19 ; True ; 5 33 74 122 130 181 266 353 363 431 450 535 572 619 717  ; 4 4 2 5 3 2 2 7 1 7 4 2 2 3 1 3 4 5 3 6 
1.04e+05 ; 4.371e-19 ; True ; 5 33 74 122 130 177 181 266 363 431 450 535 572 619 717  ; 4 4 1 5 3 2 2 7 2 7 4 3 2 3 1 3 4 5 3 5 
1.15e+05 ; 4.383e-19 ; True ; 5 74 122 130 177 181 266 353 360 363 431 450 483 535 717 721  ; 3 3 2 3 3 2 2 8 2 5 5 3 2 2 2 3 4 4 3 5 
1.15e+05 ; 6.95e-19 ; True ; 5 33 74 122 130 177 181 266 353 363 431 450 477 535 619 717  ; 3 4 2 5 3 2 2 7 2 6 4 3 2 3 1 3 4 6 3 5 
1.17e+05 ; 7.706e-19 ; True ; 5 33 74 122 130 177 181 266 353 360 363 431 450 535 572 717  ; 4 4 2 4 3 2 2 8 2 6 4 3 2 3 1 3 4 5 3 6 
1.18e+05 ; 9.492e-19 ; True ; 5 33 74 122 130 177 181 266 353 363 431 450 535 572 619 717  ; 4 4 2 5 3 2 2 7 2 7 4 3 2 3 1 3 4 5 3 6 
1.19e+05 ; 1.058e-18 ; True ; 5 33 74 122 130 177 181 266 363 431 450 535 572 619 717 726  ; 4 4 1 5 4 2 2 7 2 7 5 3 2 3 1 4 4 6 3 6 
1.3e+05 ; 1.152e-18 ; True ; 5 33 74 122 130 177 181 266 353 363 431 450 477 483 535 717 726  ; 3 4 2 4 4 1 2 8 2 5 5 3 2 3 2 4 4 6 3 5 
1.32e+05 ; 1.521e-18 ; True ; 5 33 74 122 130 177 181 266 353 363 431 450 483 535 572 717 721  ; 4 4 2 4 3 2 2 8 2 6 5 3 2 3 2 3 4 4 3 5 
1.33e+05 ; 1.821e-18 ; True ; 5 33 74 122 130 177 181 266 353 360 363 431 450 535 572 717 726  ; 4 4 2 4 4 2 2 8 2 6 5 3 2 3 1 4 4 6 3 7 
1.34e+05 ; 2.244e-18 ; True ; 5 33 74 122 130 177 181 266 353 363 431 450 535 572 619 717 726  ; 4 4 2 5 4 2 2 7 2 7 5 3 2 3 1 4 4 6 3 7 
1.47e+05 ; 2.354e-18 ; True ; 5 33 74 122 130 177 181 266 363 431 450 477 483 535 621 704 717 721  ; 3 4 2 4 3 2 2 9 2 7 5 3 2 4 2 3 5 6 3 4 
1.49e+05 ; 2.716e-18 ; True ; 5 33 74 122 130 181 266 360 363 367 388 431 450 483 535 592 704 717  ; 3 6 2 4 4 2 2 9 2 7 4 2 3 3 2 3 4 6 3 5 
1.5e+05 ; 3.473e-18 ; True ; 5 33 74 122 130 177 181 266 353 360 363 388 431 450 535 572 717 726  ; 4 4 2 4 5 3 2 8 2 6 5 3 2 3 1 4 4 6 3 8 
1.51e+05 ; 4.625e-18 ; True ; 5 33 74 122 130 137 177 181 266 353 363 431 450 535 572 619 717 726  ; 4 4 2 6 4 2 2 8 2 8 5 4 2 3 1 4 5 6 3 7 
1.64e+05 ; 4.804e-18 ; True ; 5 33 74 122 130 181 266 353 363 367 431 450 477 483 535 554 619 717 726  ; 3 5 2 5 4 2 2 9 2 6 5 2 3 3 2 4 4 7 3 6 
1.64e+05 ; 5.951e-18 ; True ; 5 33 74 122 130 177 181 266 353 360 363 431 450 477 483 535 572 717 726  ; 4 4 2 4 4 3 2 9 2 6 5 3 2 3 2 4 4 7 3 7 
1.66e+05 ; 6.083e-18 ; True ; 5 33 74 122 130 177 181 266 353 360 363 367 388 431 450 483 535 572 717  ; 4 5 2 4 4 3 2 9 2 6 4 3 3 3 2 3 4 5 3 7 
1.67e+05 ; 6.614e-18 ; True ; 5 33 74 122 130 177 181 266 353 363 367 431 450 483 535 572 717 721 726  ; 4 5 2 4 4 2 2 8 2 6 6 3 3 3 2 4 4 5 3 6 
1.68e+05 ; 7.539e-18 ; True ; 5 33 74 122 130 177 181 266 353 363 367 388 431 450 483 535 572 717 726  ; 4 5 2 4 5 2 2 8 2 6 5 3 3 3 2 4 4 5 3 7 
1.69e+05 ; 7.942e-18 ; True ; 5 33 74 122 130 177 181 266 363 367 388 431 450 483 535 572 619 717 726  ; 4 5 1 5 5 3 2 8 2 7 5 3 3 3 2 4 4 6 3 7 
1.83e+05 ; 8.529e-18 ; True ; 5 33 74 122 130 177 181 266 353 360 363 367 431 450 483 535 554 717 721 726  ; 3 5 2 4 4 2 2 10 3 5 6 3 3 3 2 4 4 6 3 6 
1.83e+05 ; 1.269e-17 ; True ; 5 33 74 122 130 177 181 266 353 363 431 450 477 483 521 535 572 619 717 726  ; 4 4 2 5 4 3 3 8 2 8 5 3 2 3 2 4 4 8 3 8 
1.85e+05 ; 1.326e-17 ; True ; 5 33 74 122 130 177 181 266 353 360 363 367 388 431 450 483 535 572 717 726  ; 4 5 2 4 5 3 2 9 2 6 5 3 3 3 2 4 4 6 3 8 
1.86e+05 ; 1.382e-17 ; True ; 5 33 74 122 130 177 181 266 353 363 388 431 450 483 535 572 592 717 721 726  ; 4 5 2 4 5 3 2 8 3 7 6 3 2 3 2 4 4 5 3 7 
1.87e+05 ; 1.393e-17 ; True ; 5 33 74 122 130 177 181 266 353 363 431 450 535 572 592 619 621 717 721 726  ; 4 5 2 5 4 3 2 8 3 9 6 3 2 4 1 4 5 6 3 8 
1.88e+05 ; 1.473e-17 ; True ; 5 33 74 122 130 137 177 181 266 353 363 367 388 431 450 483 572 592 717 726  ; 4 6 2 5 5 2 2 9 3 8 5 3 3 3 2 3 4 5 3 7 
2.03e+05 ; 1.672e-17 ; True ; 5 33 74 122 130 177 181 266 353 360 363 367 388 431 450 483 535 554 704 717 726  ; 3 5 3 4 5 2 2 10 3 6 5 3 3 3 2 4 4 7 3 7 
2.03e+05 ; 1.843e-17 ; True ; 5 33 74 122 130 177 181 266 353 360 363 367 431 450 483 535 554 572 717 721 726  ; 4 5 2 4 4 3 2 10 3 6 6 3 3 3 2 4 4 6 3 7 
2.04e+05 ; 2.224e-17 ; True ; 5 33 74 122 130 177 181 266 353 360 363 367 388 431 450 483 535 572 704 717 726  ; 4 5 3 4 5 3 2 9 2 7 5 3 3 3 2 4 4 7 3 8 
2.05e+05 ; 2.482e-17 ; True ; 5 33 74 122 130 177 181 266 353 360 363 367 388 431 450 483 535 572 592 717 726  ; 4 6 2 4 5 3 2 9 3 7 5 3 3 3 2 4 4 6 3 8 
2.07e+05 ; 2.989e-17 ; True ; 5 33 74 122 130 137 177 181 266 353 363 367 388 431 450 483 535 572 592 717 726  ; 4 6 2 5 5 2 2 9 3 8 5 4 3 3 2 4 5 5 3 7 
2.22e+05 ; 3.165e-17 ; True ; 5 33 74 122 130 177 181 266 353 363 388 431 450 477 483 521 535 554 702 717 721 726  ; 3 5 2 4 5 3 3 9 3 7 6 3 2 3 2 4 5 7 4 7 
2.24e+05 ; 3.362e-17 ; True ; 5 33 74 122 130 177 181 266 353 360 363 367 388 431 450 483 535 572 704 717 721 726  ; 4 5 3 4 5 4 2 9 2 7 6 3 3 3 2 4 4 7 3 8 
2.26e+05 ; 3.889e-17 ; True ; 5 33 74 122 130 177 181 266 353 360 363 367 388 431 450 467 483 535 572 621 717 726  ; 4 5 3 4 5 3 2 11 2 7 5 3 3 4 2 4 5 6 3 9 
2.26e+05 ; 4.04e-17 ; True ; 5 33 74 122 130 177 181 266 353 363 367 388 431 450 483 535 572 592 704 717 721 726  ; 4 6 3 4 5 3 2 8 3 8 6 3 3 3 2 4 4 6 3 7 
2.45e+05 ; 4.609e-17 ; True ; 5 33 74 122 130 181 266 353 360 363 367 388 431 450 483 535 554 572 592 704 717 721 726  ; 4 6 3 4 5 4 2 10 3 8 6 2 3 3 2 4 4 7 3 8 
2.46e+05 ; 4.933e-17 ; True ; 5 33 74 122 130 181 183 266 353 360 363 367 388 431 450 483 535 554 572 592 704 717 726  ; 4 6 3 4 5 3 2 10 3 8 6 3 3 3 2 4 4 7 3 8 
2.46e+05 ; 6.185e-17 ; True ; 5 33 74 122 130 177 181 266 353 360 363 367 388 431 450 483 535 572 592 704 717 721 726  ; 4 6 3 4 5 4 2 9 3 8 6 3 3 3 2 4 4 7 3 8 
2.46e+05 ; 6.58e-17 ; True ; 5 33 74 122 130 177 181 266 353 360 363 367 388 431 450 483 521 535 554 572 621 717 726  ; 4 5 2 4 5 3 3 11 3 8 5 3 3 4 2 4 5 7 3 10 
2.47e+05 ; 6.83e-17 ; True ; 5 33 74 122 130 177 181 266 306 353 360 363 367 388 431 450 483 535 572 592 704 717 726  ; 4 6 3 4 5 3 2 10 3 9 6 3 3 3 2 5 4 8 3 9 
2.67e+05 ; 6.988e-17 ; True ; 5 25 33 74 122 130 181 266 353 360 363 367 388 431 450 483 535 554 572 592 704 717 721 726  ; 4 6 3 4 5 4 2 10 3 9 6 3 3 3 2 4 4 8 3 8 
2.68e+05 ; 9.671e-17 ; True ; 5 33 74 122 130 177 181 266 353 360 363 367 388 431 450 483 535 554 572 621 704 717 721 726  ; 4 5 3 4 5 4 2 11 3 8 6 3 3 4 2 4 5 7 3 9 
2.91e+05 ; 1.166e-16 ; True ; 5 14 33 74 122 130 175 177 181 266 353 360 363 367 388 431 450 483 535 572 592 704 717 721 726  ; 5 6 3 5 5 4 2 10 3 8 6 4 3 3 2 4 4 7 3 8 
2.92e+05 ; 1.441e-16 ; True ; 5 33 74 122 130 177 181 266 353 360 363 367 388 425 431 450 483 535 554 572 621 704 717 721 726  ; 4 5 3 4 5 4 3 11 3 8 6 3 3 4 2 4 5 7 3 9 
3.16e+05 ; 1.645e-16 ; True ; 5 33 74 122 130 177 181 208 209 231 266 353 360 363 367 388 431 450 483 535 554 572 704 717 721 726  ; 4 6 3 4 5 4 2 12 3 7 6 4 3 3 2 5 5 7 4 8 
3.16e+05 ; 1.982e-16 ; True ; 5 33 74 122 130 177 181 266 278 353 360 363 367 388 425 431 450 483 535 554 572 621 704 717 721 726  ; 5 5 3 4 6 4 3 11 3 8 6 3 3 4 2 4 5 7 3 9 
3.17e+05 ; 2.257e-16 ; True ; 5 33 74 122 130 177 181 209 231 266 353 360 363 367 388 431 450 483 535 554 572 702 704 717 721 726  ; 4 7 3 4 5 4 2 11 3 8 6 4 3 3 2 5 6 7 4 8 
3.42e+05 ; 2.869e-16 ; True ; 5 33 74 122 130 177 181 208 209 231 266 353 360 363 367 388 431 450 483 535 554 572 702 704 717 721 726  ; 4 7 3 4 5 4 2 12 3 8 6 4 3 3 2 5 6 7 5 8 
3.43e+05 ; 2.951e-16 ; True ; 5 33 74 122 130 177 181 209 231 266 353 360 363 367 388 431 450 463 483 535 554 565 572 704 717 721 726  ; 5 7 3 4 5 4 2 11 3 8 6 4 3 4 2 5 5 7 4 8 
3.69e+05 ; 2.962e-16 ; True ; 5 33 74 122 130 177 181 208 209 231 266 353 360 363 367 381 388 431 450 483 535 554 572 702 704 717 721 726  ; 4 7 3 4 5 4 2 12 3 8 6 4 3 3 2 5 6 8 5 8 
3.7e+05 ; 3.479e-16 ; True ; 5 33 74 92 122 130 158 177 181 209 231 266 337 353 360 363 367 388 431 450 483 535 554 572 704 717 721 726  ; 4 6 4 4 5 4 3 11 3 7 6 4 4 3 2 5 5 8 3 10 
3.98e+05 ; 4.281e-16 ; True ; 5 33 74 92 122 130 158 177 181 209 231 263 266 337 353 360 363 367 388 431 450 483 535 554 572 704 717 721 726  ; 4 6 4 5 5 4 3 11 3 7 6 4 4 3 2 5 5 8 3 10 
3.99e+05 ; 4.777e-16 ; True ; 5 33 47 74 122 130 177 181 209 231 263 266 353 360 363 388 397 431 450 483 535 554 572 647 702 704 717 721 726  ; 5 6 4 5 5 4 2 11 3 9 6 5 3 3 2 5 6 8 4 8 
4.26e+05 ; 5.89e-16 ; True ; 5 33 74 92 122 130 158 177 181 209 231 263 266 278 337 353 360 363 367 388 431 450 483 535 554 572 704 717 721 726  ; 5 6 4 5 6 4 3 11 3 7 6 4 4 3 2 5 5 8 3 10 
4.87e+05 ; 6.045e-16 ; True ; 5 33 74 85 92 122 130 157 177 181 208 209 231 263 266 337 353 360 363 367 388 431 450 483 496 535 554 572 704 717 721 726  ; 4 6 4 5 6 4 2 12 3 7 7 5 4 3 2 5 5 8 4 10 
5.19e+05 ; 8.087e-16 ; True ; 5 33 74 85 92 122 130 157 177 181 208 209 231 263 266 337 353 360 363 367 388 431 450 456 483 496 535 554 572 704 717 721 726  ; 5 6 4 5 7 4 2 12 3 7 7 5 4 3 2 5 5 8 4 10 
5.52e+05 ; 9.744e-16 ; True ; 5 33 74 122 130 175 177 181 231 263 266 292 353 360 363 372 374 388 397 431 450 467 478 483 535 554 571 572 591 647 704 717 721 726  ; 7 6 4 6 6 4 2 14 4 8 7 6 3 3 2 5 5 9 3 9 
5.84e+05 ; 1.017e-15 ; True ; 0 5 33 74 122 130 177 181 231 260 263 266 292 353 360 363 372 374 388 397 431 450 467 478 483 535 554 571 572 591 647 704 717 721 726  ; 6 6 4 5 6 5 2 13 4 8 7 7 3 3 2 5 5 10 3 9 
5.86e+05 ; 1.224e-15 ; True ; 5 33 74 122 130 175 177 181 188 231 263 266 292 353 360 363 372 374 388 397 431 450 467 478 483 535 554 571 572 591 647 704 717 721 726  ; 8 6 4 7 6 4 2 15 4 8 7 6 3 3 2 5 5 9 3 9 
6.21e+05 ; 1.408e-15 ; True ; 5 33 74 122 130 175 177 181 231 260 263 266 292 353 360 363 372 374 388 397 431 450 467 478 483 535 554 571 572 591 618 647 704 717 721 726  ; 7 6 4 6 6 4 2 14 4 8 8 7 3 3 2 5 6 10 3 9 
6.57e+05 ; 1.687e-15 ; True ; 5 33 74 122 130 146 148 177 181 231 246 260 263 266 292 353 360 363 372 374 388 394 431 450 467 478 483 535 554 571 572 591 647 704 717 721 726  ; 7 8 4 5 6 4 2 13 4 9 7 6 4 3 2 5 6 10 3 9 
6.94e+05 ; 1.857e-15 ; True ; 5 33 74 122 130 146 148 177 181 231 246 260 263 266 292 353 360 363 372 374 388 394 397 431 450 467 478 483 535 554 571 572 591 647 704 717 721 726  ; 7 8 4 5 6 4 2 13 4 9 7 7 4 3 2 5 6 10 3 9 
7.3e+05 ; 1.993e-15 ; True ; 5 15 33 74 122 130 146 148 177 181 231 246 260 263 266 292 353 360 363 372 374 388 394 397 431 450 467 478 483 535 554 571 572 591 647 704 717 721 726  ; 8 8 4 5 6 4 2 13 4 9 7 7 4 3 2 5 6 10 3 9 
7.3e+05 ; 2.006e-15 ; True ; 5 7 33 74 122 130 146 148 177 181 231 246 260 263 266 292 353 360 363 372 374 388 394 397 431 450 467 478 483 535 554 571 572 591 647 704 717 721 726  ; 7 8 4 5 6 4 2 13 4 9 7 8 4 3 2 5 6 10 3 9 
7.32e+05 ; 2.037e-15 ; True ; 5 33 74 122 130 146 148 177 181 231 246 260 263 266 292 353 360 363 372 374 388 394 397 431 450 467 478 483 535 554 571 572 591 637 647 704 717 721 726  ; 7 8 4 5 6 4 2 13 4 9 8 7 4 3 2 5 6 10 3 9 
7.7e+05 ; 2.106e-15 ; True ; 5 33 74 122 130 146 148 177 181 231 246 260 263 266 292 353 360 363 372 374 388 394 397 404 431 450 467 478 483 535 554 571 572 591 637 647 704 717 721 726  ; 7 8 4 5 6 4 2 13 4 10 8 7 4 3 2 5 6 10 3 9 
7.7e+05 ; 2.261e-15 ; True ; 5 33 37 74 122 130 146 148 177 181 231 246 260 263 266 292 353 360 363 372 374 388 394 397 431 450 467 478 483 535 554 571 572 591 637 647 704 717 721 726  ; 8 8 4 5 6 4 2 14 4 9 8 7 4 3 2 5 6 11 3 9 

RUN 5:
Optimum Distance: 0

Optimal Team: 
Required Skills: 0 2 13 16 20 22 23 26 29 34 36 38 41 42 43 46 47 48 56 57 
Distance; Skill Score; isValid; Team; Skill Counts
1.8e+04 ; 4.133e-26 ; True ; 0 5 122 181 353 363 483  ; 1 1 1 1 1 1 1 3 1 2 2 1 1 1 1 1 1 2 1 3 
2e+04 ; 2.751e-25 ; True ; 5 122 181 245 363 431 483  ; 1 1 1 2 1 1 1 4 1 3 3 2 1 1 1 1 1 2 1 2 
2.1e+04 ; 1.046e-24 ; True ; 5 122 130 181 363 431 619  ; 1 1 1 3 1 1 1 4 1 5 3 1 1 1 1 1 1 3 2 3 
2.5e+04 ; 7.06e-24 ; True ; 0 5 74 122 130 181 353 363  ; 1 2 1 2 2 1 1 4 1 4 3 1 1 1 1 2 2 2 2 3 
2.7e+04 ; 1.875e-23 ; True ; 5 74 122 130 181 353 363 619  ; 1 2 1 3 2 1 1 4 1 5 3 1 1 1 1 2 2 3 2 4 
2.8e+04 ; 3.64e-23 ; True ; 5 74 122 130 181 363 431 572  ; 2 2 1 3 2 1 1 5 1 6 4 1 1 1 1 2 2 2 2 3 
3.3e+04 ; 5.004e-23 ; True ; 0 5 74 122 130 181 353 363 717  ; 2 2 1 2 3 1 2 4 1 4 3 1 1 1 1 2 2 3 2 3 
3.4e+04 ; 1.254e-22 ; True ; 5 74 122 130 181 363 431 450 477  ; 2 2 1 3 2 1 1 5 1 5 4 1 2 1 1 2 3 3 2 3 
3.6e+04 ; 2.186e-22 ; True ; 5 74 122 130 181 363 431 450 619  ; 2 2 1 4 2 1 1 5 1 6 4 1 2 1 1 2 3 3 2 4 
4.1e+04 ; 2.54e-22 ; True ; 5 33 74 122 130 181 431 450 477 535  ; 2 2 1 4 1 1 1 6 1 5 3 1 2 2 1 3 3 4 2 3 
4.2e+04 ; 6.268e-22 ; True ; 5 33 74 122 130 181 363 431 450 477  ; 2 3 1 4 2 1 1 6 1 5 4 1 2 2 1 2 3 4 2 3 
4.4e+04 ; 6.415e-22 ; True ; 5 33 74 122 130 181 363 431 450 721  ; 2 3 1 4 2 1 1 6 1 5 5 1 2 2 1 2 3 3 2 3 
4.5e+04 ; 1.05e-21 ; True ; 5 74 122 130 181 266 363 431 450 619  ; 2 3 1 4 2 1 1 6 1 6 4 1 2 2 1 2 3 3 3 4 
5.1e+04 ; 1.479e-21 ; True ; 5 33 74 122 130 181 363 431 450 477 721  ; 2 3 1 4 2 2 1 6 1 5 5 1 2 2 1 2 3 4 2 3 
5.3e+04 ; 2.878e-21 ; True ; 5 74 122 130 181 266 363 431 450 477 717  ; 3 3 1 3 3 1 2 6 1 5 4 1 2 2 1 2 3 4 3 3 
5.5e+04 ; 5.014e-21 ; True ; 5 74 122 130 181 266 363 431 450 619 717  ; 3 3 1 4 3 1 2 6 1 6 4 1 2 2 1 2 3 4 3 4 
6.1e+04 ; 6.651e-21 ; True ; 5 33 74 122 130 181 363 431 435 450 477 535  ; 2 3 1 4 2 1 2 6 1 6 4 2 2 2 1 3 4 5 2 4 
6.2e+04 ; 1.029e-20 ; True ; 5 33 74 122 130 181 363 431 450 477 535 717  ; 3 3 1 4 3 1 2 6 1 5 4 2 2 2 1 3 4 5 2 3 
6.5e+04 ; 1.137e-20 ; True ; 5 33 74 122 130 177 181 363 431 450 717 721  ; 3 3 1 4 3 1 2 6 2 5 5 2 2 2 1 2 3 4 2 3 
6.6e+04 ; 1.862e-20 ; True ; 5 74 122 130 177 181 266 363 431 450 619 717  ; 3 3 1 4 3 1 2 6 2 6 4 2 2 2 1 2 3 4 3 4 
7.201e+04 ; 2.029e-20 ; True ; 0 5 33 74 122 130 181 363 431 450 477 535 717  ; 3 3 1 4 3 2 2 6 1 5 4 2 2 2 1 3 4 5 2 3 
7.4e+04 ; 3.058e-20 ; True ; 5 33 74 122 130 181 363 431 450 477 535 688 717  ; 4 3 2 4 3 1 2 6 1 5 4 2 2 2 1 3 4 5 2 4 
7.6e+04 ; 3.658e-20 ; True ; 5 74 122 130 181 191 266 363 431 450 535 619 717  ; 4 3 1 4 3 1 2 6 1 7 5 2 2 2 1 3 4 5 3 5 
7.8e+04 ; 5.452e-20 ; True ; 5 74 122 130 177 181 266 363 388 431 450 619 717  ; 3 3 1 4 4 2 2 6 2 6 4 2 2 2 1 2 3 4 3 5 
8.6e+04 ; 5.519e-20 ; True ; 0 5 74 122 130 137 181 266 353 363 450 535 619 717  ; 3 3 1 4 3 2 2 6 1 6 3 3 2 2 1 3 5 4 3 5 
8.7e+04 ; 9e-20 ; True ; 0 5 74 122 130 137 181 266 363 431 450 535 619 717  ; 3 3 1 5 3 2 2 7 1 7 4 3 2 2 1 3 5 4 3 4 
8.9e+04 ; 1.146e-19 ; True ; 5 74 122 130 177 181 266 363 431 450 477 619 717 726  ; 3 3 1 4 4 2 2 6 2 6 5 2 2 2 1 3 3 6 3 5 
9e+04 ; 1.464e-19 ; True ; 5 33 74 122 130 177 181 266 363 431 450 535 619 717  ; 3 4 1 5 3 1 2 7 2 6 4 3 2 3 1 3 4 5 3 4 
9.1e+04 ; 1.598e-19 ; True ; 5 33 74 122 130 177 181 266 363 431 450 572 619 717  ; 4 4 1 5 3 2 2 7 2 7 4 2 2 3 1 2 3 5 3 5 
1e+05 ; 1.618e-19 ; True ; 0 5 47 74 122 130 137 181 266 353 363 450 535 619 717  ; 4 3 2 4 3 2 2 6 1 7 3 3 2 2 1 3 5 5 3 5 
1e+05 ; 1.767e-19 ; True ; 5 33 74 122 130 181 266 363 431 450 477 535 537 619 717  ; 3 5 1 5 4 2 2 7 1 6 4 2 2 3 1 3 4 6 3 4 
1.02e+05 ; 2.946e-19 ; True ; 5 33 74 122 130 177 181 266 363 431 526 535 572 619 717  ; 4 4 1 5 3 2 2 7 2 7 4 3 2 3 1 3 3 5 3 4 
1.04e+05 ; 4.371e-19 ; True ; 5 33 74 122 130 177 181 266 363 431 450 535 572 619 717  ; 4 4 1 5 3 2 2 7 2 7 4 3 2 3 1 3 4 5 3 5 
1.15e+05 ; 4.938e-19 ; True ; 5 33 74 122 130 181 266 363 388 431 450 477 535 702 704 717  ; 3 5 2 4 4 2 2 7 1 7 4 2 2 3 1 3 5 6 4 4 
1.16e+05 ; 7.794e-19 ; True ; 5 33 74 122 130 177 181 266 363 388 431 450 477 535 688 717  ; 4 4 2 4 4 2 2 7 2 5 4 3 2 3 1 3 4 5 3 5 
1.18e+05 ; 9.791e-19 ; True ; 5 33 74 122 130 177 181 266 363 388 431 450 535 619 704 717  ; 3 4 2 5 4 2 2 7 2 7 4 3 2 3 1 3 4 6 3 5 
1.19e+05 ; 1.058e-18 ; True ; 5 33 74 122 130 177 181 266 363 431 450 535 572 619 717 726  ; 4 4 1 5 4 2 2 7 2 7 5 3 2 3 1 4 4 6 3 6 
1.2e+05 ; 1.077e-18 ; True ; 5 33 74 122 130 177 181 266 363 431 450 572 619 688 717 726  ; 5 4 2 5 4 2 2 7 2 7 5 2 2 3 1 3 3 6 3 7 
1.3e+05 ; 1.266e-18 ; True ; 5 33 74 122 130 177 181 266 363 431 450 477 526 535 572 717 726  ; 5 4 1 4 4 2 2 7 2 6 5 3 3 3 1 4 4 6 3 5 
1.31e+05 ; 1.668e-18 ; True ; 5 33 74 122 130 177 181 266 363 388 431 450 477 483 535 688 717  ; 4 4 2 4 4 2 2 8 2 5 4 3 2 3 2 3 4 5 3 5 
1.33e+05 ; 1.804e-18 ; True ; 5 33 74 122 130 177 181 266 363 388 431 450 526 535 619 704 717  ; 4 4 2 5 4 2 2 7 2 7 4 3 3 3 1 3 4 6 3 5 
1.34e+05 ; 2.032e-18 ; True ; 5 33 74 122 130 177 181 266 363 388 431 450 535 619 702 704 717  ; 3 5 2 5 4 2 2 7 2 8 4 3 2 3 1 3 5 6 4 5 
1.36e+05 ; 2.373e-18 ; True ; 5 33 74 122 130 177 181 266 363 388 431 450 619 688 702 717 726  ; 4 5 2 5 5 2 2 7 2 7 5 2 2 3 1 3 4 6 4 7 
1.48e+05 ; 2.44e-18 ; True ; 5 33 74 122 130 177 181 266 363 431 450 521 535 537 543 619 688 717  ; 4 5 2 5 4 1 3 7 2 7 4 3 2 3 2 3 4 6 3 6 
1.5e+05 ; 3.743e-18 ; True ; 5 33 74 122 130 177 181 266 363 388 431 450 526 535 619 702 704 717  ; 4 5 2 5 4 2 2 7 2 8 4 3 3 3 1 3 5 6 4 5 
1.51e+05 ; 5.213e-18 ; True ; 5 33 74 122 130 177 181 266 363 431 450 535 543 572 619 688 717 726  ; 5 4 2 5 4 2 2 7 2 7 5 3 2 3 2 4 4 6 3 7 
1.66e+05 ; 5.347e-18 ; True ; 5 33 74 122 130 177 181 266 363 431 450 526 537 543 572 619 688 717 726  ; 6 5 2 5 5 2 2 7 2 7 5 2 3 3 2 3 3 6 3 7 
1.67e+05 ; 7.797e-18 ; True ; 5 33 74 122 130 137 177 181 266 363 388 431 450 526 535 572 704 717 726  ; 5 4 2 5 5 2 2 8 2 8 5 4 3 3 1 4 5 6 3 6 
1.68e+05 ; 8.32e-18 ; True ; 5 33 74 122 130 177 181 266 363 388 431 450 526 535 619 702 704 717 726  ; 4 5 2 5 5 2 2 7 2 8 5 3 3 3 1 4 5 7 4 6 
1.69e+05 ; 9.363e-18 ; True ; 5 33 74 122 130 177 181 266 363 388 431 450 526 535 619 688 702 717 726  ; 5 5 2 5 5 2 2 7 2 7 5 3 3 3 1 4 5 6 4 7 
1.7e+05 ; 1.071e-17 ; True ; 5 33 74 122 130 137 177 181 266 363 388 431 450 535 619 688 702 717 726  ; 4 5 2 6 5 2 2 8 2 8 5 4 2 3 1 4 6 6 4 7 
1.85e+05 ; 1.096e-17 ; True ; 1 5 33 74 122 130 137 177 181 266 363 388 431 450 535 619 702 704 717 726  ; 4 5 2 6 5 2 2 8 2 9 5 4 2 3 1 4 6 7 4 6 
1.85e+05 ; 1.291e-17 ; True ; 0 5 33 47 74 122 130 137 177 181 266 363 431 440 450 535 543 688 717 726  ; 6 4 3 5 4 2 2 8 2 7 5 4 2 3 2 4 5 7 3 5 
1.86e+05 ; 1.589e-17 ; True ; 5 33 74 122 130 137 177 181 266 363 388 431 450 526 535 572 619 704 717 726  ; 5 4 2 6 5 3 2 8 2 9 5 4 3 3 1 4 5 7 3 7 
1.87e+05 ; 1.626e-17 ; True ; 5 33 74 122 130 137 177 181 266 363 388 431 450 526 535 619 702 704 717 726  ; 4 5 2 6 5 2 2 8 2 9 5 4 3 3 1 4 6 7 4 6 
1.88e+05 ; 1.853e-17 ; True ; 5 33 74 122 130 137 177 181 266 363 388 431 450 526 535 619 688 702 717 726  ; 5 5 2 6 5 2 2 8 2 8 5 4 3 3 1 4 6 6 4 7 
2.02e+05 ; 1.967e-17 ; True ; 5 33 74 122 130 137 177 181 266 363 388 431 450 520 526 535 572 619 702 704 717  ; 6 5 2 6 5 3 2 8 2 10 4 4 3 3 1 3 6 6 4 6 
2.02e+05 ; 2.029e-17 ; True ; 0 5 33 74 114 122 130 137 177 181 266 363 388 431 450 521 535 543 688 717 726  ; 5 5 2 5 5 2 3 8 2 8 5 4 2 3 2 4 5 6 3 7 
2.04e+05 ; 2.294e-17 ; True ; 0 5 33 47 74 122 130 137 177 181 266 363 431 440 450 521 535 543 688 717 726  ; 6 4 3 5 4 2 3 8 2 8 5 4 2 3 2 4 5 8 3 6 
2.05e+05 ; 2.359e-17 ; True ; 5 33 74 122 130 175 177 181 266 363 385 388 431 450 526 535 572 702 704 717 726  ; 6 5 2 5 5 2 2 9 2 8 5 3 3 3 2 4 5 6 4 6 
2.06e+05 ; 2.455e-17 ; True ; 5 33 74 122 130 151 175 177 181 266 363 388 431 450 526 535 619 702 704 717 726  ; 5 5 2 6 5 2 2 8 2 8 5 3 3 3 2 4 5 7 4 6 
2.06e+05 ; 2.737e-17 ; True ; 5 33 74 122 130 137 177 181 266 363 388 431 450 526 535 572 688 702 704 717 726  ; 6 5 3 5 5 2 2 8 2 9 5 4 3 3 1 4 6 6 4 7 
2.07e+05 ; 3.006e-17 ; True ; 5 33 74 122 130 137 177 181 266 306 363 388 431 450 526 535 572 619 688 702 717  ; 6 5 2 6 4 3 2 9 2 10 5 4 3 3 1 4 6 6 4 8 
2.09e+05 ; 3.043e-17 ; True ; 5 33 47 74 122 130 137 177 181 266 292 363 388 431 450 535 572 688 702 717 726  ; 6 5 3 5 5 2 2 9 3 9 5 4 2 3 1 4 6 7 4 7 
2.23e+05 ; 3.525e-17 ; True ; 0 5 33 74 114 122 130 137 177 181 266 363 388 431 440 450 521 535 543 688 717 726  ; 6 5 2 5 5 3 3 8 2 8 5 4 2 3 2 4 5 7 3 7 
2.25e+05 ; 4.094e-17 ; True ; 5 33 74 122 130 137 177 181 245 266 363 388 431 521 526 535 619 688 702 704 717 726  ; 4 5 3 6 5 3 3 8 2 10 5 5 2 3 1 4 5 8 4 7 
2.26e+05 ; 4.491e-17 ; True ; 0 5 33 47 74 122 130 137 177 181 266 363 388 431 440 450 521 543 688 702 717 726  ; 6 5 3 5 5 3 3 8 2 9 5 3 2 3 2 3 5 8 4 7 
2.27e+05 ; 4.814e-17 ; True ; 5 33 74 122 130 137 177 181 266 306 363 388 431 450 526 535 572 619 688 702 704 717  ; 6 5 3 6 4 3 2 9 2 11 5 4 3 3 1 4 6 7 4 8 
2.28e+05 ; 4.901e-17 ; True ; 5 33 74 122 130 137 177 181 266 363 388 431 450 463 526 535 619 688 702 704 717 726  ; 5 5 3 6 5 2 2 8 2 9 5 4 3 4 1 4 6 7 5 7 
2.29e+05 ; 5.081e-17 ; True ; 5 33 47 74 122 130 137 177 181 266 292 363 388 431 450 521 535 572 688 702 717 726  ; 6 5 3 5 5 2 3 9 3 10 5 4 2 3 1 4 6 8 4 8 
2.45e+05 ; 6.463e-17 ; True ; 5 33 74 122 130 137 177 181 266 306 363 388 431 450 520 526 535 572 619 688 702 704 717  ; 7 5 3 6 5 3 2 9 2 11 5 4 3 3 1 4 6 7 4 8 
2.46e+05 ; 6.977e-17 ; True ; 0 5 33 47 74 114 122 130 137 177 181 266 363 388 431 450 455 535 543 688 702 717 726  ; 7 6 3 5 5 2 2 8 2 9 5 4 3 3 2 4 6 6 4 7 
2.47e+05 ; 8.75e-17 ; True ; 0 5 33 47 74 122 130 137 177 181 266 363 388 431 440 450 521 535 543 688 702 717 726  ; 6 5 3 5 5 3 3 8 2 9 5 4 2 3 2 4 6 8 4 7 
2.48e+05 ; 9.238e-17 ; True ; 0 5 33 47 74 122 130 137 177 181 266 363 388 431 440 450 455 535 543 592 702 717 726  ; 6 6 2 5 5 3 2 8 3 9 5 4 3 3 2 4 6 7 4 6 
2.68e+05 ; 1.158e-16 ; True ; 0 5 33 47 74 114 122 130 137 177 181 266 363 388 431 440 450 521 535 543 688 702 717 726  ; 7 6 3 5 5 3 3 8 2 10 5 4 2 3 2 4 6 8 4 7 
2.91e+05 ; 1.392e-16 ; True ; 0 5 33 47 74 114 122 130 137 177 181 266 312 363 388 431 440 450 521 535 543 688 702 717 726  ; 7 6 3 5 5 3 3 8 2 10 5 4 2 3 2 4 7 8 4 8 
2.91e+05 ; 1.443e-16 ; True ; 0 5 33 47 74 114 122 130 137 177 181 266 310 363 388 431 450 455 521 535 543 688 702 717 726  ; 8 7 3 5 5 2 3 8 2 10 5 4 3 3 2 4 6 7 4 8 
2.92e+05 ; 1.539e-16 ; True ; 0 5 6 33 47 74 114 122 130 137 177 181 266 363 388 431 440 450 455 521 535 543 702 717 726  ; 7 6 2 5 5 3 3 8 2 11 5 4 3 3 2 5 6 8 4 8 
2.92e+05 ; 1.543e-16 ; True ; 0 5 33 47 74 114 122 130 137 177 181 266 363 388 431 440 450 455 521 535 543 572 688 717 726  ; 9 5 3 5 5 4 3 8 2 10 5 4 3 3 2 4 5 8 3 9 
2.94e+05 ; 2.043e-16 ; True ; 0 5 33 47 74 122 130 137 177 181 266 363 388 431 440 450 455 521 535 543 567 592 688 717 726  ; 7 6 3 5 5 3 3 8 3 10 5 4 3 3 2 4 6 8 3 8 
3.17e+05 ; 2.062e-16 ; True ; 0 5 33 47 74 114 122 130 137 177 181 266 283 363 388 431 440 450 455 535 543 567 688 702 717 726  ; 8 7 3 5 5 3 2 8 2 10 5 4 3 4 2 4 7 7 4 7 
3.17e+05 ; 2.554e-16 ; True ; 0 5 33 47 74 114 122 130 137 177 181 266 363 388 431 440 450 455 463 521 535 543 567 688 717 726  ; 8 6 3 5 5 3 3 8 2 10 5 4 3 4 2 4 6 8 4 8 
3.42e+05 ; 2.825e-16 ; True ; 0 5 33 47 74 114 122 130 137 177 181 191 266 363 388 431 440 450 455 521 535 543 567 572 688 717 726  ; 10 6 3 5 5 4 3 8 2 12 6 4 3 3 2 4 6 9 3 10 
3.42e+05 ; 3.797e-16 ; True ; 0 5 33 47 74 114 120 122 130 137 177 181 266 363 388 431 440 450 455 463 521 535 543 567 688 717 726  ; 8 6 3 5 5 3 3 8 3 10 5 4 3 4 2 4 6 8 4 8 
3.69e+05 ; 4.628e-16 ; True ; 0 5 33 47 74 114 122 130 137 177 181 266 363 388 431 440 450 455 521 535 543 544 567 572 592 702 717 726  ; 8 8 2 5 5 4 3 8 3 13 5 5 3 3 2 4 7 8 4 8 
3.73e+05 ; 4.72e-16 ; True ; 5 13 33 47 74 106 122 130 137 177 181 266 363 388 431 450 455 521 535 543 554 567 572 619 688 702 717 726  ; 8 6 3 6 5 3 3 9 3 12 5 4 3 3 2 4 7 9 4 10 
3.97e+05 ; 5.444e-16 ; True ; 0 5 33 47 74 114 122 130 137 177 181 266 363 388 431 440 450 455 521 535 543 544 567 572 592 680 702 717 726  ; 8 8 2 5 5 4 3 8 3 13 6 5 3 3 2 4 7 9 4 8 
3.98e+05 ; 6.772e-16 ; True ; 0 5 33 47 74 114 122 130 137 177 181 266 363 388 431 440 450 455 463 521 535 543 567 572 592 646 702 717 726  ; 8 8 2 5 5 4 3 9 3 13 5 4 3 4 2 4 7 8 5 8 
4.26e+05 ; 7.789e-16 ; True ; 0 5 33 47 74 114 122 130 137 177 181 266 363 388 431 440 450 455 463 521 535 543 567 572 592 646 702 706 717 726  ; 8 8 2 5 5 4 3 9 3 13 6 4 3 4 2 4 7 8 5 8 
4.27e+05 ; 8.002e-16 ; True ; 0 5 33 47 74 114 122 130 137 177 181 266 363 376 388 431 440 450 455 463 521 535 543 567 572 592 646 702 717 726  ; 8 8 2 6 5 4 3 9 3 13 5 4 3 4 2 4 7 8 5 8 
4.86e+05 ; 8.972e-16 ; True ; 5 7 33 47 74 80 114 122 130 137 177 181 266 308 363 388 431 450 455 521 535 537 554 567 572 619 688 702 717 719 722 726  ; 8 8 3 6 6 4 3 9 4 13 5 7 3 3 1 4 7 8 4 10 
4.9e+05 ; 1.038e-15 ; True ; 5 33 47 74 114 122 130 137 177 181 266 351 363 388 431 440 450 455 463 521 535 543 550 567 572 581 619 661 688 703 717 726  ; 12 7 3 6 5 4 3 8 2 13 6 5 3 4 2 4 6 9 5 10 
5.22e+05 ; 1.159e-15 ; True ; 5 33 47 74 114 122 130 137 177 181 266 351 363 388 431 440 450 455 463 521 535 543 550 567 572 581 619 645 647 669 688 717 726  ; 10 7 3 6 5 4 3 8 2 13 5 4 4 4 2 4 6 10 6 11 
5.54e+05 ; 1.192e-15 ; True ; 5 33 47 74 114 122 130 137 177 181 266 351 363 388 431 440 450 455 463 521 535 543 550 567 581 619 645 647 661 669 688 703 717 726  ; 11 7 3 6 5 3 3 8 2 12 6 5 4 4 2 4 6 10 6 10 
5.54e+05 ; 1.489e-15 ; True ; 5 33 35 47 74 114 122 130 137 177 181 266 351 363 388 431 440 450 455 463 521 535 543 550 567 572 581 619 645 647 669 688 717 726  ; 11 7 3 6 5 4 3 8 2 13 5 4 5 4 2 4 6 10 6 11 
5.88e+05 ; 1.68e-15 ; True ; 5 33 47 74 114 122 130 137 177 181 266 351 363 388 431 440 450 455 463 521 535 543 550 567 572 581 619 645 647 661 669 688 703 717 726  ; 12 7 3 6 5 4 3 8 2 13 6 5 4 4 2 4 6 10 6 11 
6.23e+05 ; 1.899e-15 ; True ; 5 33 47 74 114 122 130 137 174 177 181 266 351 363 388 431 440 450 455 463 521 535 543 550 567 572 581 619 645 647 661 669 688 703 717 726  ; 12 7 3 6 5 4 3 8 2 13 6 6 4 4 2 4 6 10 6 11 
6.56e+05 ; 1.913e-15 ; True ; 5 11 33 47 74 106 114 122 130 137 177 181 259 266 308 340 363 431 440 450 455 467 521 535 537 554 567 572 581 619 645 647 661 688 717 722 726  ; 13 8 4 6 6 4 3 10 3 12 7 6 4 3 1 4 6 9 5 10 
6.93e+05 ; 1.987e-15 ; True ; 5 11 33 47 74 106 114 122 130 137 177 181 259 266 308 340 363 431 440 450 455 467 521 535 537 554 567 572 581 619 645 647 661 669 688 717 722 726  ; 13 8 4 6 6 4 3 10 3 12 7 6 4 3 1 4 6 10 5 11 
7.31e+05 ; 2.01e-15 ; True ; 5 11 33 47 74 106 114 122 130 137 177 181 259 266 308 340 363 431 440 450 455 467 521 535 537 554 567 572 581 619 626 645 647 661 669 688 717 722 726  ; 13 8 4 6 6 4 3 10 3 12 7 6 4 3 1 4 6 11 5 11 

RUN 6:
Optimum Distance: 0

Optimal Team: 
Required Skills: 0 2 13 16 20 22 23 26 29 34 36 38 41 42 43 46 47 48 56 57 
Distance; Skill Score; isValid; Team; Skill Counts
1.9e+04 ; 2.735e-25 ; True ; 5 74 122 181 245 353 483  ; 1 1 1 2 1 1 1 4 1 3 2 1 1 1 1 2 1 2 1 3 
2e+04 ; 6.55e-25 ; True ; 5 74 122 130 181 245 353  ; 1 1 1 2 1 1 1 4 1 4 2 1 1 1 1 2 1 2 2 3 
2.1e+04 ; 1.376e-24 ; True ; 5 74 122 130 181 245 431  ; 1 1 1 3 1 1 1 5 1 5 3 1 1 1 1 2 1 2 2 2 
2.5e+04 ; 7.06e-24 ; True ; 0 5 74 122 130 181 353 363  ; 1 2 1 2 2 1 1 4 1 4 3 1 1 1 1 2 2 2 2 3 
2.6e+04 ; 9.009e-24 ; True ; 5 74 122 130 181 353 363 721  ; 1 2 1 2 2 1 1 4 1 4 4 1 1 1 1 2 2 2 2 3 
2.7e+04 ; 1.875e-23 ; True ; 5 74 122 130 181 353 363 619  ; 1 2 1 3 2 1 1 4 1 5 3 1 1 1 1 2 2 3 2 4 
2.8e+04 ; 3.479e-23 ; True ; 5 74 122 130 181 363 619 688  ; 2 2 1 3 2 1 1 4 1 5 3 1 1 1 1 2 2 3 2 4 
3.3e+04 ; 4.765e-23 ; True ; 33 74 122 130 181 353 363 450 477  ; 1 3 1 3 2 1 1 4 1 3 3 1 1 2 1 2 3 3 2 3 
3.4e+04 ; 9.61e-23 ; True ; 0 5 74 122 130 181 363 431 450  ; 2 2 1 3 2 1 1 5 1 5 4 1 2 1 1 2 3 2 2 3 
3.5e+04 ; 1.526e-22 ; True ; 5 47 74 122 130 181 363 535 619  ; 2 2 1 3 2 1 1 4 1 6 3 2 1 1 1 3 3 4 2 3 
3.6e+04 ; 2.186e-22 ; True ; 5 74 122 130 181 363 431 450 619  ; 2 2 1 4 2 1 1 5 1 6 4 1 2 1 1 2 3 3 2 4 
4.1e+04 ; 3.502e-22 ; True ; 5 33 74 122 130 181 353 363 450 477  ; 2 3 1 3 2 1 1 5 1 4 3 1 2 2 1 2 3 4 2 4 
4.2e+04 ; 6.268e-22 ; True ; 5 33 74 122 130 181 363 431 450 477  ; 2 3 1 4 2 1 1 6 1 5 4 1 2 2 1 2 3 4 2 3 
4.4e+04 ; 7.415e-22 ; True ; 5 74 122 130 181 245 363 431 450 726  ; 2 2 1 3 3 1 1 5 1 5 5 2 2 1 1 3 3 3 2 4 
4.5e+04 ; 1.044e-21 ; True ; 5 74 122 130 181 363 431 450 619 717  ; 3 2 1 4 3 1 2 5 1 6 4 1 2 1 1 2 3 4 2 4 
5.1e+04 ; 1.135e-21 ; True ; 5 33 74 122 130 181 245 431 450 477 726  ; 2 2 1 4 2 2 1 6 1 5 4 1 2 2 1 3 2 5 2 4 
5.2e+04 ; 2.827e-21 ; True ; 5 33 74 122 130 181 363 431 450 477 717  ; 3 3 1 4 3 1 2 6 1 5 4 1 2 2 1 2 3 5 2 3 
5.3e+04 ; 3.096e-21 ; True ; 5 33 74 122 130 181 245 363 431 450 521  ; 2 3 1 4 2 1 2 6 1 6 4 2 2 2 1 2 3 4 2 4 
5.4e+04 ; 3.824e-21 ; True ; 5 74 122 130 181 266 363 431 450 535 619  ; 2 3 1 4 2 1 1 6 1 6 4 2 2 2 1 3 4 3 3 4 
5.5e+04 ; 5.014e-21 ; True ; 5 74 122 130 181 266 363 431 450 619 717  ; 3 3 1 4 3 1 2 6 1 6 4 1 2 2 1 2 3 4 3 4 
6.2e+04 ; 5.709e-21 ; True ; 5 33 74 122 130 181 245 353 363 450 521 726  ; 2 3 1 3 3 1 2 5 1 5 4 2 2 2 1 3 3 5 2 6 
6.2e+04 ; 1.029e-20 ; True ; 5 33 74 122 130 181 363 431 450 477 535 717  ; 3 3 1 4 3 1 2 6 1 5 4 2 2 2 1 3 4 5 2 3 
6.3e+04 ; 1.044e-20 ; True ; 5 33 74 122 130 181 245 363 431 450 477 717  ; 3 3 1 4 3 2 2 6 1 5 4 2 2 2 1 2 3 5 2 3 
6.4e+04 ; 1.047e-20 ; True ; 5 33 74 122 130 181 245 363 431 450 521 717  ; 3 3 1 4 3 1 3 6 1 6 4 2 2 2 1 2 3 5 2 4 
6.5e+04 ; 1.486e-20 ; True ; 5 33 74 122 130 181 245 363 431 450 717 726  ; 3 3 1 4 4 1 2 6 1 5 5 2 2 2 1 3 3 5 2 4 
6.5e+04 ; 1.826e-20 ; True ; 5 74 122 130 181 266 363 431 450 535 619 717  ; 3 3 1 4 3 1 2 6 1 6 4 2 2 2 1 3 4 4 3 4 
6.6e+04 ; 1.852e-20 ; True ; 5 74 122 130 181 245 266 363 431 450 619 717  ; 3 3 1 4 3 2 2 6 1 6 4 2 2 2 1 2 3 4 3 4 
7.201e+04 ; 2.143e-20 ; True ; 5 33 74 122 130 181 245 363 431 450 477 521 726  ; 2 3 1 4 3 2 2 6 1 6 5 2 2 2 1 3 3 6 2 5 
7.4e+04 ; 2.218e-20 ; True ; 5 33 74 122 130 181 245 363 431 450 483 521 726  ; 2 3 1 4 3 1 2 7 1 6 5 2 2 2 2 3 3 5 2 5 
7.4e+04 ; 3.132e-20 ; True ; 5 33 74 122 130 181 245 363 431 450 477 717 726  ; 3 3 1 4 4 2 2 6 1 5 5 2 2 2 1 3 3 6 2 4 
7.5e+04 ; 3.259e-20 ; True ; 5 33 74 122 130 181 245 266 363 431 450 477 717  ; 3 4 1 4 3 2 2 7 1 5 4 2 2 3 1 2 3 5 3 3 
7.6e+04 ; 3.298e-20 ; True ; 5 74 122 130 181 245 266 363 431 450 483 717 726  ; 3 3 1 3 4 1 2 7 1 5 5 2 2 2 2 3 3 4 3 4 
7.6e+04 ; 3.612e-20 ; True ; 5 33 74 122 130 181 245 363 431 450 535 717 726  ; 3 3 1 4 4 1 2 6 1 5 5 3 2 2 1 4 4 5 2 4 
7.7e+04 ; 5.407e-20 ; True ; 5 74 122 130 181 245 266 363 431 450 619 717 726  ; 3 3 1 4 4 2 2 6 1 6 5 2 2 2 1 3 3 5 3 5 
7.8e+04 ; 5.43e-20 ; True ; 5 47 74 122 130 181 245 266 363 431 450 619 717  ; 4 3 2 4 3 2 2 6 1 7 4 2 2 2 1 2 3 5 3 4 
8.6e+04 ; 7.054e-20 ; True ; 5 33 74 122 130 181 245 353 363 431 450 477 717 726  ; 3 3 2 4 4 2 2 6 1 5 5 2 2 2 1 3 3 6 2 5 
8.6e+04 ; 7.613e-20 ; True ; 5 33 74 122 130 181 245 363 431 450 477 535 717 726  ; 3 3 1 4 4 2 2 6 1 5 5 3 2 2 1 4 4 6 2 4 
8.7e+04 ; 9.775e-20 ; True ; 5 33 74 122 130 181 245 266 363 431 450 477 717 726  ; 3 4 1 4 4 2 2 7 1 5 5 2 2 3 1 3 3 6 3 4 
8.9e+04 ; 1.051e-19 ; True ; 5 33 74 122 130 181 245 363 431 450 483 619 717 726  ; 3 3 1 5 4 2 2 7 1 6 5 2 2 2 2 3 3 6 2 5 
8.9e+04 ; 1.171e-19 ; True ; 5 33 74 122 130 181 245 363 431 450 535 619 717 726  ; 3 3 1 5 4 2 2 6 1 6 5 3 2 2 1 4 4 6 2 5 
9e+04 ; 1.534e-19 ; True ; 5 47 74 122 130 181 245 266 363 431 450 619 717 726  ; 4 3 2 4 4 2 2 6 1 7 5 2 2 2 1 3 3 6 3 5 
9.901e+04 ; 1.715e-19 ; True ; 5 33 74 122 130 181 245 353 363 431 450 477 535 717 726  ; 3 3 2 4 4 2 2 6 1 5 5 3 2 2 1 4 4 6 2 5 
1e+05 ; 2.202e-19 ; True ; 5 33 74 122 130 181 245 266 353 363 431 450 477 717 726  ; 3 4 2 4 4 2 2 7 1 5 5 2 2 3 1 3 3 6 3 5 
1.01e+05 ; 2.783e-19 ; True ; 5 33 47 74 122 130 181 245 266 363 431 450 477 717 726  ; 4 4 2 4 4 2 2 7 1 6 5 2 2 3 1 3 3 7 3 4 
1.02e+05 ; 2.967e-19 ; True ; 5 33 47 74 122 130 181 245 266 363 431 450 521 619 726  ; 3 4 2 5 3 2 2 7 1 8 5 2 2 3 1 3 3 7 3 6 
1.03e+05 ; 3.728e-19 ; True ; 5 47 74 122 130 181 245 266 363 431 450 535 619 717 726  ; 4 3 2 4 4 2 2 6 1 7 5 3 2 2 1 4 4 6 3 5 
1.04e+05 ; 4.178e-19 ; True ; 5 47 74 122 130 181 245 266 363 431 450 592 619 717 726  ; 4 4 2 4 4 2 2 6 2 8 5 2 2 2 1 3 3 6 3 5 
1.15e+05 ; 4.839e-19 ; True ; 5 33 47 74 122 130 181 245 266 363 431 450 477 538 717 726  ; 4 4 2 4 4 2 2 8 1 6 6 3 2 3 1 3 3 7 3 4 
1.15e+05 ; 6.766e-19 ; True ; 5 33 47 74 122 130 181 245 266 363 431 450 477 535 717 726  ; 4 4 2 4 4 2 2 7 1 6 5 3 2 3 1 4 4 7 3 4 
1.16e+05 ; 7.212e-19 ; True ; 5 33 47 74 122 130 181 245 266 363 431 450 521 535 619 726  ; 3 4 2 5 3 2 2 7 1 8 5 3 2 3 1 4 4 7 3 6 
1.17e+05 ; 8.131e-19 ; True ; 5 47 74 122 130 181 245 266 363 431 450 483 535 619 717 726  ; 4 3 2 4 4 2 2 7 1 7 5 3 2 2 2 4 4 6 3 5 
1.18e+05 ; 1.015e-18 ; True ; 5 33 47 74 122 130 181 245 266 363 431 450 535 619 717 726  ; 4 4 2 5 4 2 2 7 1 7 5 3 2 3 1 4 4 7 3 5 
1.19e+05 ; 1.067e-18 ; True ; 5 33 47 74 122 130 181 245 266 363 431 450 592 619 717 726  ; 4 5 2 5 4 2 2 7 2 8 5 2 2 3 1 3 3 7 3 5 
1.3e+05 ; 1.105e-18 ; True ; 5 33 47 74 122 130 137 181 245 266 363 431 450 477 521 619 726  ; 3 4 2 6 3 3 2 8 1 9 5 3 2 3 1 3 4 8 3 6 
1.31e+05 ; 1.152e-18 ; True ; 5 33 47 74 122 130 181 245 266 363 431 450 521 535 537 619 726  ; 3 5 2 5 4 2 2 7 1 8 5 3 2 3 1 4 4 7 3 6 
1.31e+05 ; 1.185e-18 ; True ; 5 33 47 74 122 130 181 191 245 266 363 431 450 521 535 619 726  ; 4 4 2 5 3 2 2 7 1 9 6 3 2 3 1 4 4 8 3 7 
1.32e+05 ; 1.805e-18 ; True ; 5 33 47 74 122 130 181 245 266 363 431 450 521 535 619 717 726  ; 4 4 2 5 4 2 3 7 1 8 5 3 2 3 1 4 4 8 3 6 
1.34e+05 ; 1.922e-18 ; True ; 5 33 47 74 122 130 181 245 266 363 431 450 455 535 619 717 726  ; 5 4 2 5 4 2 2 7 1 7 5 3 3 3 1 4 4 7 3 6 
1.35e+05 ; 2.239e-18 ; True ; 5 33 47 74 122 130 181 245 266 363 431 450 592 619 702 717 726  ; 4 6 2 5 4 2 2 7 2 9 5 2 2 3 1 3 4 7 4 5 
1.48e+05 ; 2.283e-18 ; True ; 5 33 47 74 122 130 181 245 266 363 431 432 450 521 619 702 717 726  ; 4 5 2 5 4 2 3 7 1 9 5 3 2 3 1 3 4 8 4 6 
1.48e+05 ; 2.703e-18 ; True ; 5 33 47 74 122 130 181 245 266 363 431 450 521 535 537 619 717 726  ; 4 5 2 5 5 2 3 7 1 8 5 3 2 3 1 4 4 8 3 6 
1.49e+05 ; 3.026e-18 ; True ; 5 15 33 47 74 122 130 181 245 266 363 431 450 535 592 619 717 726  ; 5 5 2 5 4 2 2 7 2 8 5 3 2 3 1 4 4 7 3 5 
1.49e+05 ; 3.906e-18 ; True ; 5 33 47 74 122 130 181 245 266 363 431 445 450 521 535 619 717 726  ; 4 4 2 5 4 2 3 7 2 8 5 3 2 3 1 4 4 9 3 7 
1.51e+05 ; 4.487e-18 ; True ; 5 33 47 74 122 130 181 245 266 363 431 450 535 554 619 702 717 726  ; 4 5 2 5 4 2 2 8 2 8 5 3 2 3 1 4 5 7 4 5 
1.51e+05 ; 4.714e-18 ; True ; 5 33 47 74 122 130 181 245 266 363 431 445 450 535 619 702 717 726  ; 4 5 2 5 4 2 2 7 2 8 5 3 2 3 1 4 5 8 4 6 
1.66e+05 ; 4.893e-18 ; True ; 5 33 47 74 80 122 130 181 245 266 363 431 445 450 521 535 619 717 726  ; 4 4 2 5 4 2 3 7 2 8 5 4 2 3 1 4 4 9 3 7 
1.66e+05 ; 7.228e-18 ; True ; 5 47 74 122 130 181 245 266 363 431 450 483 521 535 572 592 621 717 726  ; 5 4 2 3 4 2 3 8 2 10 5 3 2 3 2 4 5 6 3 7 
1.67e+05 ; 8.004e-18 ; True ; 5 33 47 74 122 130 181 245 266 363 431 445 450 521 535 619 702 717 726  ; 4 5 2 5 4 2 3 7 2 9 5 3 2 3 1 4 5 9 4 7 
1.69e+05 ; 8.71e-18 ; True ; 5 33 47 74 122 130 181 245 266 363 431 445 450 455 535 619 702 717 726  ; 5 5 2 5 4 2 2 7 2 8 5 3 3 3 1 4 5 8 4 7 
1.85e+05 ; 8.791e-18 ; True ; 5 33 35 47 74 122 130 181 245 266 363 431 445 521 535 537 619 702 717 726  ; 4 6 2 5 5 2 3 7 2 9 5 3 2 3 1 4 4 9 4 6 
1.85e+05 ; 9.803e-18 ; True ; 5 33 47 74 122 130 181 245 266 363 431 445 450 521 535 613 619 702 717 726  ; 5 5 2 5 4 2 3 7 2 9 5 3 2 3 1 4 5 9 4 8 
1.86e+05 ; 1.455e-17 ; True ; 5 33 47 74 122 130 181 245 266 363 431 445 450 455 521 535 619 702 717 726  ; 5 5 2 5 4 2 3 7 2 9 5 3 3 3 1 4 5 9 4 8 
2.05e+05 ; 1.693e-17 ; True ; 5 33 47 74 122 130 181 245 247 266 363 431 445 450 455 521 535 619 702 717 726  ; 6 5 2 5 4 2 3 7 2 9 5 3 3 3 1 4 5 9 4 9 
2.06e+05 ; 2.095e-17 ; True ; 5 33 47 74 122 130 181 183 245 266 363 431 445 450 455 521 535 619 702 717 726  ; 5 5 2 5 4 2 3 7 2 9 6 4 3 3 1 4 5 9 4 8 
2.08e+05 ; 2.255e-17 ; True ; 5 33 47 74 122 130 181 245 266 363 431 450 535 572 592 619 621 677 702 717 726  ; 5 6 2 5 4 3 2 8 2 11 5 3 2 4 1 5 6 7 4 7 
2.25e+05 ; 2.365e-17 ; True ; 2 5 27 47 74 122 130 181 245 266 306 363 431 445 450 483 535 572 619 702 717 726  ; 5 4 2 5 4 3 2 10 2 11 6 4 2 2 2 5 5 8 4 8 
2.27e+05 ; 2.505e-17 ; True ; 2 5 47 74 92 122 130 181 245 266 306 321 337 363 431 450 592 619 621 702 717 726  ; 4 5 3 5 5 2 2 10 2 12 7 3 3 3 1 4 5 7 4 9 
2.27e+05 ; 3.399e-17 ; True ; 2 5 47 74 122 130 181 245 266 306 363 431 450 483 535 567 572 592 621 702 717 726  ; 5 6 2 4 4 2 2 10 2 13 6 4 2 3 2 5 7 6 4 7 
2.29e+05 ; 3.644e-17 ; True ; 2 5 47 74 92 122 130 181 245 266 363 431 450 463 535 572 592 619 621 702 717 726  ; 5 5 2 5 4 3 2 8 2 12 5 4 3 4 1 4 6 6 5 8 
2.49e+05 ; 4.521e-17 ; True ; 2 5 47 74 122 130 181 245 266 306 363 431 445 450 463 483 535 619 621 648 702 717 726  ; 4 4 2 5 4 2 2 10 2 11 7 4 2 4 2 5 6 8 5 9 
2.5e+05 ; 5.094e-17 ; True ; 2 5 47 74 92 122 130 181 245 266 306 337 363 431 450 463 572 592 619 621 702 717 726  ; 5 5 3 5 4 3 2 9 2 13 6 3 3 4 1 4 5 7 5 10 
2.5e+05 ; 6.072e-17 ; True ; 2 5 47 74 92 122 130 181 245 266 306 363 431 450 463 535 572 592 619 621 702 717 726  ; 5 5 2 5 4 3 2 9 2 13 6 4 3 4 1 5 6 7 5 9 
2.51e+05 ; 6.969e-17 ; True ; 2 5 47 74 92 122 130 151 158 181 245 266 363 431 450 535 572 592 619 621 702 717 726  ; 5 5 2 5 4 3 3 8 2 12 5 4 3 3 2 4 6 7 4 8 
2.72e+05 ; 8.681e-17 ; True ; 2 5 47 74 122 130 151 158 181 245 266 306 321 363 431 450 463 535 572 592 621 702 717 726  ; 5 5 2 4 5 2 3 10 2 12 7 4 2 4 2 5 6 7 5 7 
2.73e+05 ; 9.61e-17 ; True ; 2 5 47 74 92 122 130 181 245 266 306 363 384 431 450 463 535 572 592 619 621 702 717 726  ; 5 5 3 5 4 3 2 10 2 14 6 4 3 4 1 5 6 7 5 9 
2.94e+05 ; 1.083e-16 ; True ; 2 5 47 74 92 122 130 158 181 245 266 306 363 415 431 450 463 535 572 592 619 621 702 717 726  ; 5 5 2 5 4 3 3 9 2 14 7 4 3 4 1 5 6 9 5 9 
2.95e+05 ; 1.174e-16 ; True ; 2 5 47 74 122 130 151 171 181 245 266 306 321 363 431 450 463 535 572 592 619 621 702 717 726  ; 5 5 2 5 5 3 2 10 2 13 7 4 2 4 2 5 6 7 5 9 
2.96e+05 ; 1.346e-16 ; True ; 2 5 47 74 92 122 130 158 181 245 266 306 321 363 431 450 463 535 572 592 619 621 702 717 726  ; 5 5 2 5 5 3 3 10 2 13 7 4 3 4 1 5 6 8 5 9 
2.96e+05 ; 1.49e-16 ; True ; 2 5 47 74 92 122 130 158 181 245 266 306 363 431 450 463 500 535 572 592 619 621 702 717 726  ; 5 5 2 5 5 3 3 9 2 14 7 4 3 4 1 5 7 8 5 9 
2.97e+05 ; 1.86e-16 ; True ; 2 5 47 74 92 122 130 151 158 181 245 266 306 363 431 450 463 535 572 592 619 621 702 717 726  ; 5 5 2 5 4 3 3 9 2 13 6 4 3 4 2 5 6 8 5 9 
3.21e+05 ; 2.264e-16 ; True ; 2 5 47 74 92 122 130 151 158 181 245 266 306 321 363 431 450 535 572 592 619 621 672 702 717 726  ; 5 5 2 5 5 3 3 11 2 13 7 4 3 4 2 5 6 8 4 9 
3.22e+05 ; 2.622e-16 ; True ; 2 5 47 74 92 122 130 151 158 181 245 266 306 363 431 450 463 535 572 592 619 621 694 702 717 726  ; 5 5 2 5 4 4 3 10 2 13 6 4 3 4 2 5 6 9 5 9 
3.47e+05 ; 3.919e-16 ; True ; 2 5 47 74 92 122 130 151 177 181 245 266 306 321 363 431 450 463 535 572 592 619 621 672 702 717 726  ; 5 5 2 5 5 3 2 11 3 13 7 5 3 5 2 5 6 7 5 9 
3.49e+05 ; 3.94e-16 ; True ; 5 47 74 92 122 130 151 158 177 181 245 266 306 321 363 431 450 463 535 572 592 619 621 672 702 717 726  ; 5 5 2 4 5 3 3 10 3 12 7 4 3 5 2 5 6 8 5 9 
3.74e+05 ; 6.028e-16 ; True ; 2 5 47 74 92 122 130 151 158 177 181 245 266 306 321 363 431 450 463 535 572 592 619 621 672 702 717 726  ; 5 5 2 5 5 3 3 11 3 13 7 5 3 5 2 5 6 8 5 9 
4.01e+05 ; 9.006e-16 ; True ; 2 5 47 74 92 122 130 151 158 177 181 245 266 306 321 363 431 450 463 535 543 572 592 619 621 672 702 717 726  ; 5 5 2 5 5 3 3 11 3 13 7 5 3 5 3 5 6 8 5 9 
4.29e+05 ; 1.182e-15 ; True ; 2 5 47 74 92 122 130 151 158 177 181 191 245 266 306 321 363 431 450 463 535 543 572 592 619 621 672 702 717 726  ; 6 5 2 5 5 3 3 11 3 14 8 5 3 5 3 5 6 9 5 10 
4.3e+05 ; 1.229e-15 ; True ; 2 5 47 74 92 122 130 151 158 177 181 245 266 306 321 363 431 450 463 535 543 554 572 592 619 621 672 702 717 726  ; 5 5 2 5 5 3 3 12 4 13 7 5 3 5 3 5 6 8 5 9 
4.59e+05 ; 1.298e-15 ; True ; 2 5 47 74 92 122 130 151 158 177 181 191 245 266 306 321 363 431 450 463 535 543 572 592 619 621 672 680 702 717 726  ; 6 5 2 5 5 3 3 11 3 14 9 5 3 5 3 5 6 10 5 10 
4.6e+05 ; 1.39e-15 ; True ; 2 5 47 74 92 101 122 130 151 158 177 181 245 266 306 321 363 431 450 463 535 543 554 572 592 619 621 672 702 717 726  ; 5 5 2 5 5 3 3 12 4 13 7 6 3 5 3 5 6 8 5 9 

RUN 7:
Optimum Distance: 0

Optimal Team: 
Required Skills: 0 2 13 16 20 22 23 26 29 34 36 38 41 42 43 46 47 48 56 57 
Distance; Skill Score; isValid; Team; Skill Counts
1.8e+04 ; 3.203e-26 ; True ; 122 181 353 363 450 477 483  ; 1 1 1 1 1 1 1 2 1 1 2 1 1 1 1 1 2 2 1 3 
1.9e+04 ; 1.142e-25 ; True ; 122 130 181 353 363 450 477  ; 1 1 1 1 1 1 1 2 1 2 2 1 1 1 1 1 2 2 2 3 
2e+04 ; 4.884e-25 ; True ; 74 122 181 245 431 450 483  ; 1 1 1 3 1 1 1 4 1 3 3 1 1 1 1 2 2 1 1 2 
2.1e+04 ; 1.376e-24 ; True ; 5 74 122 130 181 245 431  ; 1 1 1 3 1 1 1 5 1 5 3 1 1 1 1 2 1 2 2 2 
2.5e+04 ; 2.556e-24 ; True ; 74 122 181 353 363 450 477 483  ; 1 2 1 2 2 1 1 3 1 2 3 1 1 1 1 2 3 2 1 3 
2.6e+04 ; 9.215e-24 ; True ; 5 74 122 130 181 353 363 477  ; 1 2 1 2 2 1 1 4 1 4 3 1 1 1 1 2 2 3 2 3 
2.7e+04 ; 1.875e-23 ; True ; 5 74 122 130 181 353 363 619  ; 1 2 1 3 2 1 1 4 1 5 3 1 1 1 1 2 2 3 2 4 
2.8e+04 ; 3.64e-23 ; True ; 5 74 122 130 181 363 431 572  ; 2 2 1 3 2 1 1 5 1 6 4 1 1 1 1 2 2 2 2 3 
3.3e+04 ; 4.765e-23 ; True ; 33 74 122 130 181 353 363 450 477  ; 1 3 1 3 2 1 1 4 1 3 3 1 1 2 1 2 3 3 2 3 
3.4e+04 ; 1.254e-22 ; True ; 5 74 122 130 181 363 431 450 477  ; 2 2 1 3 2 1 1 5 1 5 4 1 2 1 1 2 3 3 2 3 
3.6e+04 ; 2.186e-22 ; True ; 5 74 122 130 181 363 431 450 619  ; 2 2 1 4 2 1 1 5 1 6 4 1 2 1 1 2 3 3 2 4 
4.1e+04 ; 3.502e-22 ; True ; 5 33 74 122 130 181 353 363 450 477  ; 2 3 1 3 2 1 1 5 1 4 3 1 2 2 1 2 3 4 2 4 
4.2e+04 ; 6.268e-22 ; True ; 5 33 74 122 130 181 363 431 450 477  ; 2 3 1 4 2 1 1 6 1 5 4 1 2 2 1 2 3 4 2 3 
4.4e+04 ; 7.415e-22 ; True ; 5 74 122 130 181 245 363 431 450 726  ; 2 2 1 3 3 1 1 5 1 5 5 2 2 1 1 3 3 3 2 4 
4.5e+04 ; 1.05e-21 ; True ; 5 74 122 130 181 266 363 431 450 619  ; 2 3 1 4 2 1 1 6 1 6 4 1 2 2 1 2 3 3 3 4 
5.1e+04 ; 1.135e-21 ; True ; 5 33 74 122 130 181 245 431 450 477 726  ; 2 2 1 4 2 2 1 6 1 5 4 1 2 2 1 3 2 5 2 4 
5.3e+04 ; 3.096e-21 ; True ; 5 33 74 122 130 181 245 363 431 450 521  ; 2 3 1 4 2 1 2 6 1 6 4 2 2 2 1 2 3 4 2 4 
5.4e+04 ; 4.201e-21 ; True ; 5 74 122 130 181 266 363 431 535 619 717  ; 2 3 1 4 3 1 2 6 1 6 4 2 1 2 1 3 3 4 3 3 
5.5e+04 ; 5.014e-21 ; True ; 5 74 122 130 181 266 363 431 450 619 717  ; 3 3 1 4 3 1 2 6 1 6 4 1 2 2 1 2 3 4 3 4 
6.2e+04 ; 8.074e-21 ; True ; 5 33 74 122 130 181 245 363 431 450 477 726  ; 2 3 1 4 3 2 1 6 1 5 5 2 2 2 1 3 3 5 2 4 
6.2e+04 ; 1.029e-20 ; True ; 5 33 74 122 130 181 363 431 450 477 535 717  ; 3 3 1 4 3 1 2 6 1 5 4 2 2 2 1 3 4 5 2 3 
6.5e+04 ; 1.512e-20 ; True ; 5 74 122 130 181 245 266 363 431 450 717 726  ; 3 3 1 3 4 1 2 6 1 5 5 2 2 2 1 3 3 4 3 4 
6.6e+04 ; 1.862e-20 ; True ; 5 74 122 130 177 181 266 363 431 450 619 717  ; 3 3 1 4 3 1 2 6 2 6 4 2 2 2 1 2 3 4 3 4 
7.201e+04 ; 2.143e-20 ; True ; 5 33 74 122 130 181 245 363 431 450 477 521 726  ; 2 3 1 4 3 2 2 6 1 6 5 2 2 2 1 3 3 6 2 5 
7.3e+04 ; 2.429e-20 ; True ; 5 33 74 122 130 181 363 431 450 477 535 717 721  ; 3 3 1 4 3 2 2 6 1 5 5 2 2 2 1 3 4 5 2 3 
7.4e+04 ; 3.132e-20 ; True ; 5 33 74 122 130 181 245 363 431 450 477 717 726  ; 3 3 1 4 4 2 2 6 1 5 5 2 2 2 1 3 3 6 2 4 
7.5e+04 ; 3.978e-20 ; True ; 5 74 122 130 181 266 363 431 450 477 535 619 717  ; 3 3 1 4 3 2 2 6 1 6 4 2 2 2 1 3 4 5 3 4 
7.7e+04 ; 4.638e-20 ; True ; 5 33 74 122 130 181 245 266 363 431 450 717 726  ; 3 4 1 4 4 1 2 7 1 5 5 2 2 3 1 3 3 5 3 4 
7.8e+04 ; 5.46e-20 ; True ; 5 47 74 122 130 177 181 266 363 431 450 619 717  ; 4 3 2 4 3 1 2 6 2 7 4 2 2 2 1 2 3 5 3 4 
8.501e+04 ; 6.491e-20 ; True ; 5 33 74 122 130 181 245 363 431 450 477 521 688 726  ; 3 3 2 4 3 2 2 6 1 6 5 2 2 2 1 3 3 6 2 6 
8.6e+04 ; 7.613e-20 ; True ; 5 33 74 122 130 181 245 363 431 450 477 535 717 726  ; 3 3 1 4 4 2 2 6 1 5 5 3 2 2 1 4 4 6 2 4 
8.7e+04 ; 1.106e-19 ; True ; 5 33 74 122 130 181 266 363 431 450 477 535 619 717  ; 3 4 1 5 3 2 2 7 1 6 4 2 2 3 1 3 4 6 3 4 
8.9e+04 ; 1.314e-19 ; True ; 5 74 122 130 181 245 266 363 431 450 535 619 717 726  ; 3 3 1 4 4 2 2 6 1 6 5 3 2 2 1 4 4 5 3 5 
9e+04 ; 1.456e-19 ; True ; 5 33 74 122 130 181 245 266 363 431 450 535 619 717  ; 3 4 1 5 3 2 2 7 1 6 4 3 2 3 1 3 4 5 3 4 
9.801e+04 ; 1.484e-19 ; True ; 5 33 74 122 130 181 245 363 431 450 477 521 535 717 726  ; 3 3 1 4 4 2 3 6 1 6 5 3 2 2 1 4 4 7 2 5 
9.901e+04 ; 1.715e-19 ; True ; 5 33 74 122 130 181 245 353 363 431 450 477 535 717 726  ; 3 3 2 4 4 2 2 6 1 5 5 3 2 2 1 4 4 6 2 5 
1e+05 ; 2.376e-19 ; True ; 5 33 74 122 130 181 245 266 363 431 450 477 535 717 726  ; 3 4 1 4 4 2 2 7 1 5 5 3 2 3 1 4 4 6 3 4 
1.01e+05 ; 2.734e-19 ; True ; 5 33 74 122 130 181 245 266 363 431 450 477 688 717 726  ; 4 4 2 4 4 2 2 7 1 5 5 2 2 3 1 3 3 6 3 5 
1.02e+05 ; 2.85e-19 ; True ; 5 33 74 122 130 177 181 266 363 388 431 450 477 688 717  ; 4 4 2 4 4 2 2 7 2 5 4 2 2 3 1 2 3 5 3 5 
1.03e+05 ; 3.154e-19 ; True ; 5 33 74 122 130 181 245 266 363 431 450 535 688 717 726  ; 4 4 2 4 4 1 2 7 1 5 5 3 2 3 1 4 4 5 3 5 
1.04e+05 ; 3.457e-19 ; True ; 5 33 74 122 130 181 245 266 363 431 450 592 688 717 726  ; 4 5 2 4 4 1 2 7 2 6 5 2 2 3 1 3 3 5 3 5 
1.04e+05 ; 4.073e-19 ; True ; 5 33 74 122 130 181 245 266 363 431 450 535 619 688 717  ; 4 4 2 5 3 2 2 7 1 6 4 3 2 3 1 3 4 5 3 5 
1.13e+05 ; 4.336e-19 ; True ; 5 33 74 122 130 181 245 266 363 431 450 477 483 521 688 726  ; 3 4 2 4 3 2 2 8 1 6 5 2 2 3 2 3 3 6 3 6 
1.15e+05 ; 6.647e-19 ; True ; 5 33 74 122 130 181 245 266 363 431 450 477 535 688 717 726  ; 4 4 2 4 4 2 2 7 1 5 5 3 2 3 1 4 4 6 3 5 
1.16e+05 ; 7.337e-19 ; True ; 5 33 74 122 130 137 181 245 266 363 431 450 477 688 717 726  ; 4 4 2 5 4 2 2 8 1 6 5 3 2 3 1 3 4 6 3 5 
1.18e+05 ; 7.35e-19 ; True ; 5 33 74 122 130 181 245 266 363 388 431 450 483 688 717 726  ; 4 4 2 4 5 2 2 8 1 5 5 2 2 3 2 3 3 5 3 6 
1.18e+05 ; 8.348e-19 ; True ; 5 33 74 122 130 181 245 266 363 388 431 450 535 688 717 726  ; 4 4 2 4 5 2 2 7 1 5 5 3 2 3 1 4 4 5 3 6 
1.19e+05 ; 9.479e-19 ; True ; 5 33 74 122 130 181 245 266 363 388 431 450 535 592 688 717  ; 4 5 2 4 4 2 2 7 2 6 4 3 2 3 1 3 4 4 3 5 
1.29e+05 ; 1.1e-18 ; True ; 5 33 74 122 130 181 245 266 363 431 450 477 483 521 688 717 726  ; 4 4 2 4 4 2 3 8 1 6 5 2 2 3 2 3 3 7 3 6 
1.31e+05 ; 1.127e-18 ; True ; 5 33 74 122 130 137 181 245 292 363 431 450 477 483 688 717 726  ; 4 3 2 5 4 2 2 9 2 6 5 3 2 2 2 3 4 7 2 5 
1.31e+05 ; 1.549e-18 ; True ; 5 33 74 122 130 137 181 245 266 363 431 450 477 483 688 717 726  ; 4 4 2 5 4 2 2 9 1 6 5 3 2 3 2 3 4 6 3 5 
1.32e+05 ; 1.596e-18 ; True ; 5 33 74 122 130 137 181 266 363 388 431 450 477 535 688 717 726  ; 4 4 2 5 5 2 2 8 1 6 5 3 2 3 1 4 5 6 3 6 
1.33e+05 ; 1.765e-18 ; True ; 5 33 74 122 130 181 245 266 363 388 431 450 483 535 592 717 726  ; 3 5 1 4 5 2 2 8 2 6 5 3 2 3 2 4 4 5 3 5 
1.34e+05 ; 1.945e-18 ; True ; 5 33 74 122 130 137 181 245 266 363 388 431 450 483 688 717 726  ; 4 4 2 5 5 2 2 9 1 6 5 3 2 3 2 3 4 5 3 6 
1.34e+05 ; 2.224e-18 ; True ; 5 33 74 122 130 181 245 266 363 388 431 450 535 592 688 717 726  ; 4 5 2 4 5 2 2 7 2 6 5 3 2 3 1 4 4 5 3 6 
1.45e+05 ; 2.318e-18 ; True ; 5 33 74 122 130 181 245 266 292 363 431 450 477 483 521 535 688 726  ; 3 4 2 4 3 2 2 9 2 6 5 3 2 3 2 4 4 7 3 6 
1.47e+05 ; 2.532e-18 ; True ; 5 33 74 122 130 137 181 245 266 363 431 450 477 535 688 717 721 726  ; 4 4 2 5 4 3 2 8 1 6 6 4 2 3 1 4 5 6 3 5 
1.47e+05 ; 2.824e-18 ; True ; 5 33 74 122 130 181 245 266 363 388 431 450 477 483 535 688 717 726  ; 4 4 2 4 5 3 2 8 1 5 5 3 2 3 2 4 4 6 3 6 
1.48e+05 ; 3.12e-18 ; True ; 5 33 74 122 130 181 245 266 363 431 440 450 483 521 535 688 717 726  ; 5 4 2 4 4 2 3 8 1 6 5 3 2 3 2 4 4 7 3 6 
1.48e+05 ; 3.368e-18 ; True ; 5 33 74 122 130 137 181 266 363 388 431 450 477 483 535 688 717 726  ; 4 4 2 5 5 2 2 9 1 6 5 3 2 3 2 4 5 6 3 6 
1.49e+05 ; 3.51e-18 ; True ; 5 33 74 122 130 137 181 266 292 363 388 431 450 477 535 688 717 726  ; 4 4 2 5 5 2 2 9 2 6 5 3 2 3 1 4 5 7 3 6 
1.5e+05 ; 3.867e-18 ; True ; 5 33 74 122 130 181 245 266 363 388 431 450 483 535 688 702 717 726  ; 4 5 2 4 5 2 2 8 1 6 5 3 2 3 2 4 5 5 4 6 
1.51e+05 ; 4.321e-18 ; True ; 5 33 74 122 130 137 181 245 266 292 363 388 431 450 483 688 717 726  ; 4 4 2 5 5 2 2 10 2 6 5 3 2 3 2 3 4 6 3 6 
1.52e+05 ; 4.369e-18 ; True ; 5 33 74 122 130 137 181 245 266 292 363 388 431 450 688 702 717 726  ; 4 5 2 5 5 2 2 9 2 7 5 3 2 3 1 3 5 6 4 6 
1.65e+05 ; 6.836e-18 ; True ; 5 33 74 122 130 137 181 245 266 292 363 431 450 477 483 535 688 717 726  ; 4 4 2 5 4 2 2 10 2 6 5 4 2 3 2 4 5 7 3 5 
1.65e+05 ; 6.908e-18 ; True ; 0 5 33 74 122 130 137 150 181 266 363 431 450 483 535 619 688 717 726  ; 4 4 2 6 4 2 2 9 2 7 5 3 2 3 2 4 5 6 3 6 
1.66e+05 ; 7.328e-18 ; True ; 5 33 74 122 130 137 181 266 292 363 388 431 450 477 483 535 688 717 726  ; 4 4 2 5 5 2 2 10 2 6 5 3 2 3 2 4 5 7 3 6 
1.68e+05 ; 8.683e-18 ; True ; 5 33 74 122 130 181 245 266 292 363 388 431 450 483 535 688 702 717 726  ; 4 5 2 4 5 2 2 9 2 6 5 3 2 3 2 4 5 6 4 6 
1.69e+05 ; 9.123e-18 ; True ; 5 33 74 122 130 137 181 245 266 292 363 388 431 450 483 688 702 717 726  ; 4 5 2 5 5 2 2 10 2 7 5 3 2 3 2 3 5 6 4 6 
1.84e+05 ; 1.386e-17 ; True ; 5 33 74 122 130 137 181 245 266 292 363 431 450 477 483 535 688 702 717 726  ; 4 5 2 5 4 2 2 10 2 7 5 4 2 3 2 4 6 7 4 5 
1.88e+05 ; 1.567e-17 ; True ; 5 33 74 122 130 137 181 245 266 292 360 363 388 431 450 483 688 702 717 726  ; 4 5 2 5 5 3 2 11 2 7 5 3 2 3 2 3 5 7 4 7 
2.01e+05 ; 1.733e-17 ; True ; 5 33 74 122 130 137 181 245 266 292 363 388 415 431 450 477 483 535 688 717 726  ; 4 4 2 5 5 3 2 10 2 7 6 4 2 3 2 4 5 8 3 6 
2.04e+05 ; 1.737e-17 ; True ; 5 33 74 122 130 137 151 181 245 266 292 363 388 431 450 477 535 688 703 717 726  ; 5 4 2 5 5 3 2 9 2 6 6 4 2 3 2 4 5 7 3 6 
2.04e+05 ; 2.518e-17 ; True ; 5 33 74 122 130 137 181 245 266 292 363 388 431 450 477 483 535 621 688 717 726  ; 4 4 2 5 5 3 2 11 2 7 5 4 2 4 2 4 6 7 3 7 
2.05e+05 ; 2.574e-17 ; True ; 5 33 74 122 130 137 181 245 266 292 363 388 431 450 477 483 621 688 702 717 726  ; 4 5 2 5 5 3 2 11 2 8 5 3 2 4 2 3 6 7 4 7 
2.07e+05 ; 3.053e-17 ; True ; 5 33 74 122 130 137 181 245 266 292 360 363 388 431 450 483 535 688 702 717 726  ; 4 5 2 5 5 3 2 11 2 7 5 4 2 3 2 4 6 7 4 7 
2.25e+05 ; 4.877e-17 ; True ; 5 33 74 122 130 137 181 245 266 292 363 388 431 450 477 483 535 621 688 702 717 726  ; 4 5 2 5 5 3 2 11 2 8 5 4 2 4 2 4 7 7 4 7 
2.46e+05 ; 5.068e-17 ; True ; 5 33 74 122 130 137 151 181 245 266 292 363 418 431 450 477 483 535 552 688 702 717 726  ; 4 5 3 5 4 2 3 10 2 9 5 4 2 3 3 4 6 7 4 5 
2.47e+05 ; 5.106e-17 ; True ; 5 33 74 122 130 137 181 245 266 292 360 363 388 431 450 477 483 535 688 702 716 717 726  ; 4 5 2 5 5 5 2 11 2 7 5 4 2 3 2 4 6 8 4 7 
2.47e+05 ; 7.236e-17 ; True ; 5 33 74 122 130 137 181 203 245 266 292 363 388 431 450 477 483 535 621 688 702 717 726  ; 4 5 2 5 5 3 2 11 2 8 5 4 3 4 2 4 7 7 4 7 
2.69e+05 ; 8.683e-17 ; True ; 5 33 74 122 130 137 151 181 245 266 292 363 388 431 450 477 483 535 552 688 702 703 717 726  ; 5 5 3 5 5 3 2 10 2 8 6 4 2 3 3 4 6 7 4 6 
2.7e+05 ; 9.747e-17 ; True ; 5 33 74 122 130 137 151 181 245 266 292 360 363 388 431 450 477 483 535 552 688 702 717 726  ; 4 5 3 5 5 4 2 11 2 8 5 4 2 3 3 4 6 8 4 7 
2.91e+05 ; 1.239e-16 ; True ; 5 33 74 122 130 137 151 181 245 266 292 363 388 431 450 477 483 535 552 688 702 703 704 717 726  ; 5 5 4 5 5 3 2 10 2 9 6 4 2 3 3 4 6 8 4 6 
2.93e+05 ; 1.308e-16 ; True ; 5 33 74 122 130 137 151 181 245 266 292 360 363 388 431 450 477 483 535 552 688 702 703 717 726  ; 5 5 3 5 5 4 2 11 2 8 6 4 2 3 3 4 6 8 4 7 
2.93e+05 ; 1.433e-16 ; True ; 5 33 74 120 122 130 137 181 245 266 292 360 363 388 431 450 477 483 535 549 688 702 704 717 726  ; 5 5 3 5 5 4 2 11 3 8 5 4 2 3 2 5 6 9 4 7 
3.17e+05 ; 1.468e-16 ; True ; 5 33 74 122 130 137 151 181 245 266 292 360 363 377 388 431 450 477 483 535 552 688 702 703 717 726  ; 6 5 3 5 5 4 2 11 2 8 6 4 2 3 3 4 6 8 4 7 
3.18e+05 ; 1.541e-16 ; True ; 5 33 74 122 130 137 151 181 245 266 292 360 363 388 431 450 477 483 535 552 580 688 702 703 717 726  ; 6 5 3 5 5 4 2 11 2 8 6 4 2 3 3 4 6 8 4 8 
3.18e+05 ; 1.909e-16 ; True ; 5 33 74 122 130 137 151 181 245 266 292 360 363 388 431 450 477 483 535 552 600 688 702 704 717 726  ; 4 5 4 5 5 4 2 11 2 9 5 4 2 4 3 4 6 9 4 8 
3.19e+05 ; 2.203e-16 ; True ; 5 33 47 74 122 130 137 151 181 245 266 292 360 363 388 431 450 477 483 535 549 672 688 702 717 726  ; 6 5 3 5 5 4 2 12 2 8 5 4 2 4 3 5 6 9 4 7 
3.44e+05 ; 2.265e-16 ; True ; 5 33 74 122 130 137 151 181 245 266 292 360 363 388 418 421 431 450 477 483 535 552 580 688 702 717 726  ; 5 5 3 6 5 4 3 12 2 9 5 4 2 3 3 4 6 8 4 8 
3.45e+05 ; 3.045e-16 ; True ; 5 33 47 74 122 130 137 151 181 245 266 292 360 363 388 431 450 477 483 535 549 552 672 688 702 717 726  ; 6 5 4 5 5 4 2 12 2 9 5 4 2 4 3 5 6 9 4 7 
3.69e+05 ; 3.076e-16 ; True ; 5 33 74 120 122 130 137 151 181 212 245 266 292 360 363 388 431 450 477 483 535 552 688 702 703 704 717 726  ; 5 5 4 5 5 4 2 11 3 9 7 4 2 3 3 4 6 9 4 7 
3.71e+05 ; 3.094e-16 ; True ; 5 33 47 74 122 130 137 151 181 245 266 292 305 360 363 388 431 450 477 483 535 549 552 672 688 702 717 726  ; 6 5 4 5 5 4 2 12 2 9 5 4 2 4 3 5 6 10 4 7 
3.72e+05 ; 4.536e-16 ; True ; 5 33 47 74 122 130 137 151 181 245 266 292 360 363 388 425 431 450 477 483 535 549 552 672 688 702 717 726  ; 6 5 4 5 5 4 3 12 2 9 5 4 2 4 3 5 6 9 4 7 
4.57e+05 ; 6.368e-16 ; True ; 5 33 47 74 122 130 137 150 151 181 245 266 292 305 343 360 363 388 431 450 477 483 535 549 552 617 688 702 703 717 726  ; 7 5 4 5 5 4 2 11 3 9 6 4 3 3 3 5 6 11 4 7 
4.58e+05 ; 7.907e-16 ; True ; 5 33 47 74 122 130 137 150 151 181 245 266 292 343 360 363 388 431 450 477 483 535 549 552 599 617 688 702 703 717 726  ; 8 6 4 5 5 4 2 11 3 9 6 4 3 3 3 5 6 10 4 7 
4.88e+05 ; 7.999e-16 ; True ; 5 33 47 74 122 130 137 150 151 181 245 266 292 305 343 360 363 388 431 450 477 483 535 549 552 599 617 688 702 703 717 726  ; 8 6 4 5 5 4 2 11 3 9 6 4 3 3 3 5 6 11 4 7 
4.89e+05 ; 9.06e-16 ; True ; 5 33 47 74 122 130 137 150 151 181 231 245 266 292 305 343 360 363 388 431 450 477 483 535 549 552 599 617 688 702 717 726  ; 7 7 4 5 5 4 2 12 3 9 5 4 3 3 3 6 6 11 4 7 
5.2e+05 ; 1.118e-15 ; True ; 5 33 47 74 122 130 137 150 151 181 231 245 266 292 305 343 360 363 388 431 450 477 483 535 549 552 599 617 688 702 703 717 726  ; 8 7 4 5 5 4 2 12 3 9 6 4 3 3 3 6 6 11 4 7 
5.52e+05 ; 1.645e-15 ; True ; 5 33 47 74 122 130 137 150 151 181 231 245 266 292 305 343 360 363 367 388 431 450 477 483 535 549 552 599 617 688 702 703 717 726  ; 8 8 4 5 5 4 2 12 3 9 6 4 4 3 3 6 6 11 4 7 

RUN 8:
Optimum Distance: 0

Optimal Team: 
Required Skills: 0 2 13 16 20 22 23 26 29 34 36 38 41 42 43 46 47 48 56 57 
Distance; Skill Score; isValid; Team; Skill Counts
1.8e+04 ; 1.11e-25 ; True ; 0 5 122 130 181 353 363  ; 1 1 1 1 1 1 1 3 1 3 2 1 1 1 1 1 1 2 2 3 
2e+04 ; 4.177e-25 ; True ; 5 122 130 181 353 363 619  ; 1 1 1 2 1 1 1 3 1 4 2 1 1 1 1 1 1 3 2 4 
2.1e+04 ; 1.376e-24 ; True ; 5 74 122 130 181 245 431  ; 1 1 1 3 1 1 1 5 1 5 3 1 1 1 1 2 1 2 2 2 
2.4e+04 ; 1.909e-24 ; True ; 0 5 74 122 130 181 353 535  ; 1 1 1 2 1 1 1 4 1 4 2 1 1 1 1 3 2 2 2 3 
2.6e+04 ; 1.297e-23 ; True ; 5 74 122 130 181 353 360 363  ; 1 2 1 2 2 1 1 5 1 4 3 1 1 1 1 2 2 3 2 4 
2.8e+04 ; 3.64e-23 ; True ; 5 74 122 130 181 363 431 572  ; 2 2 1 3 2 1 1 5 1 6 4 1 1 1 1 2 2 2 2 3 
3.3e+04 ; 5.004e-23 ; True ; 0 5 74 122 130 181 353 363 717  ; 2 2 1 2 3 1 2 4 1 4 3 1 1 1 1 2 2 3 2 3 
3.4e+04 ; 9.352e-23 ; True ; 0 5 74 122 130 181 363 431 717  ; 2 2 1 3 3 1 2 5 1 5 4 1 1 1 1 2 2 3 2 2 
3.6e+04 ; 2.186e-22 ; True ; 5 74 122 130 181 363 431 450 619  ; 2 2 1 4 2 1 1 5 1 6 4 1 2 1 1 2 3 3 2 4 
4.2e+04 ; 2.446e-22 ; True ; 0 5 74 122 130 181 353 363 450 717  ; 3 2 1 2 3 1 2 4 1 4 3 1 2 1 1 2 3 3 2 4 
4.2e+04 ; 4.194e-22 ; True ; 0 5 74 122 130 137 181 363 431 717  ; 2 2 1 4 3 1 2 6 1 6 4 2 1 1 1 2 3 3 2 2 
4.4e+04 ; 5.738e-22 ; True ; 5 74 122 130 181 266 353 363 450 619  ; 2 3 1 3 2 1 1 5 1 5 3 1 2 2 1 2 3 3 3 5 
4.5e+04 ; 1.05e-21 ; True ; 5 74 122 130 181 266 363 431 450 619  ; 2 3 1 4 2 1 1 6 1 6 4 1 2 2 1 2 3 3 3 4 
5.1e+04 ; 1.147e-21 ; True ; 0 5 74 122 130 137 181 363 431 535 717  ; 2 2 1 4 3 1 2 6 1 6 4 3 1 1 1 3 4 3 2 2 
5.2e+04 ; 1.204e-21 ; True ; 0 5 74 122 130 181 266 353 363 431 717  ; 2 3 2 3 3 1 2 6 1 5 4 1 1 2 1 2 2 3 3 3 
5.2e+04 ; 2.041e-21 ; True ; 0 5 74 122 130 137 181 363 431 450 717  ; 3 2 1 4 3 1 2 6 1 6 4 2 2 1 1 2 4 3 2 3 
5.3e+04 ; 2.053e-21 ; True ; 0 74 122 130 181 266 363 431 450 619 717  ; 2 3 1 4 3 2 2 5 1 5 4 1 1 2 1 2 3 3 3 3 
5.4e+04 ; 2.272e-21 ; True ; 5 74 122 130 137 181 353 363 450 619 717  ; 3 2 1 4 3 1 2 5 1 6 3 2 2 1 1 2 4 4 2 5 
5.5e+04 ; 5.014e-21 ; True ; 5 74 122 130 181 266 363 431 450 619 717  ; 3 3 1 4 3 1 2 6 1 6 4 1 2 2 1 2 3 4 3 4 
6.2e+04 ; 5.395e-21 ; True ; 0 5 74 122 130 137 172 181 266 363 431 717  ; 3 3 1 4 3 2 2 7 1 6 4 2 1 2 1 2 3 3 3 2 
6.3e+04 ; 8.956e-21 ; True ; 0 5 74 122 130 181 266 363 431 450 535 717  ; 3 3 1 3 3 1 2 6 1 5 4 2 2 2 1 3 4 3 3 3 
6.5e+04 ; 9.136e-21 ; True ; 5 74 122 130 181 266 353 363 431 450 572 717  ; 4 3 2 3 3 1 2 6 1 6 4 1 2 2 1 2 3 3 3 5 
6.5e+04 ; 1.826e-20 ; True ; 5 74 122 130 181 266 363 431 450 535 619 717  ; 3 3 1 4 3 1 2 6 1 6 4 2 2 2 1 3 4 4 3 4 
7.4e+04 ; 2.155e-20 ; True ; 0 5 74 122 130 137 181 266 363 431 450 521 717  ; 3 3 1 4 3 1 3 7 1 7 4 2 2 2 1 2 4 4 3 4 
7.5e+04 ; 3.599e-20 ; True ; 0 5 74 122 130 181 266 363 431 450 535 619 717  ; 3 3 1 4 3 2 2 6 1 6 4 2 2 2 1 3 4 4 3 4 
7.7e+04 ; 5.45e-20 ; True ; 5 74 122 130 181 266 363 431 450 535 572 619 717  ; 4 3 1 4 3 2 2 6 1 7 4 2 2 2 1 3 4 4 3 5 
8.6e+04 ; 5.527e-20 ; True ; 0 5 74 122 130 137 181 266 363 431 450 521 535 717  ; 3 3 1 4 3 1 3 7 1 7 4 3 2 2 1 3 5 4 3 4 
8.7e+04 ; 7.227e-20 ; True ; 0 5 74 122 130 181 266 363 431 450 521 535 619 717  ; 3 3 1 4 3 2 3 6 1 7 4 2 2 2 1 3 4 5 3 5 
8.8e+04 ; 8.155e-20 ; True ; 5 74 122 130 181 245 266 363 431 450 521 535 688 717  ; 4 3 2 3 3 1 3 6 1 6 4 3 2 2 1 3 4 4 3 5 
8.9e+04 ; 1.027e-19 ; True ; 0 5 74 122 130 177 181 266 363 431 450 619 688 717  ; 4 3 2 4 3 2 2 6 2 6 4 2 2 2 1 2 3 4 3 5 
9e+04 ; 1.476e-19 ; True ; 5 47 74 122 130 181 266 363 431 450 535 572 619 717  ; 5 3 2 4 3 2 2 6 1 8 4 2 2 2 1 3 4 5 3 5 
1e+05 ; 1.776e-19 ; True ; 0 5 74 122 130 137 181 266 363 431 450 521 535 619 717  ; 3 3 1 5 3 2 3 7 1 8 4 3 2 2 1 3 5 5 3 5 
1.01e+05 ; 2.438e-19 ; True ; 0 5 33 74 122 130 137 181 266 363 431 450 535 619 717  ; 3 4 1 6 3 2 2 8 1 7 4 3 2 3 1 3 5 5 3 4 
1.03e+05 ; 3.354e-19 ; True ; 5 33 74 122 130 181 266 363 431 450 483 535 572 619 717  ; 4 4 1 5 3 2 2 8 1 7 4 2 2 3 2 3 4 5 3 5 
1.05e+05 ; 3.723e-19 ; True ; 5 47 74 122 130 137 181 266 363 431 450 572 592 619 717  ; 5 4 2 5 3 2 2 7 2 10 4 2 2 2 1 2 4 5 3 5 
1.15e+05 ; 3.872e-19 ; True ; 0 5 33 74 122 130 137 177 181 266 363 431 450 521 535 717  ; 3 4 1 5 3 1 3 8 2 7 4 4 2 3 1 3 5 5 3 4 
1.16e+05 ; 5.748e-19 ; True ; 0 5 33 74 122 130 151 177 181 266 363 431 450 535 619 717  ; 3 4 1 5 3 2 2 7 2 6 4 3 2 3 2 3 4 5 3 4 
1.17e+05 ; 7.524e-19 ; True ; 0 5 33 74 122 130 181 266 363 431 450 535 592 619 688 717  ; 4 5 2 5 3 2 2 7 2 7 4 2 2 3 1 3 4 5 3 5 
1.19e+05 ; 1.014e-18 ; True ; 5 33 74 122 130 181 266 363 431 450 535 572 592 619 688 717  ; 5 5 2 5 3 2 2 7 2 8 4 2 2 3 1 3 4 5 3 6 
1.3e+05 ; 1.058e-18 ; True ; 0 5 47 74 122 130 137 181 245 266 363 431 450 521 535 592 717  ; 4 4 2 4 3 2 3 7 2 9 4 4 2 2 1 3 5 5 3 4 
1.31e+05 ; 1.281e-18 ; True ; 0 5 33 74 122 130 181 245 266 363 431 450 521 535 592 688 717  ; 4 5 2 4 3 2 3 7 2 7 4 3 2 3 1 3 4 5 3 5 
1.32e+05 ; 1.608e-18 ; True ; 0 5 33 74 122 130 151 177 181 266 363 431 450 535 619 688 717  ; 4 4 2 5 3 2 2 7 2 6 4 3 2 3 2 3 4 5 3 5 
1.33e+05 ; 1.948e-18 ; True ; 5 33 74 122 130 181 245 266 363 431 450 521 535 592 619 688 717  ; 4 5 2 5 3 2 3 7 2 8 4 3 2 3 1 3 4 6 3 6 
1.35e+05 ; 2.32e-18 ; True ; 5 33 74 122 130 137 181 266 363 431 450 535 572 592 619 688 717  ; 5 5 2 6 3 2 2 8 2 9 4 3 2 3 1 3 5 5 3 6 
1.47e+05 ; 2.492e-18 ; True ; 0 5 33 74 122 130 137 181 266 363 431 450 483 526 535 619 688 717  ; 5 4 2 6 3 2 2 9 1 7 4 3 3 3 2 3 5 5 3 5 
1.47e+05 ; 2.752e-18 ; True ; 0 5 33 74 122 130 137 181 245 266 363 431 450 521 535 592 688 717  ; 4 5 2 5 3 2 3 8 2 8 4 4 2 3 1 3 5 5 3 5 
1.49e+05 ; 3.261e-18 ; True ; 0 5 33 74 122 130 151 177 181 266 363 431 450 535 572 619 688 717  ; 5 4 2 5 3 3 2 7 2 7 4 3 2 3 2 3 4 5 3 6 
1.5e+05 ; 3.798e-18 ; True ; 5 33 47 74 122 130 181 245 266 363 431 450 521 535 572 592 619 717  ; 5 5 2 5 3 3 3 7 2 10 4 3 2 3 1 3 4 7 3 6 
1.52e+05 ; 4.319e-18 ; True ; 5 33 74 122 130 137 177 181 266 363 431 450 535 572 592 619 688 717  ; 5 5 2 6 3 2 2 8 3 9 4 4 2 3 1 3 5 5 3 6 
1.65e+05 ; 5.865e-18 ; True ; 0 5 33 74 122 130 137 181 245 266 363 431 450 521 535 592 619 688 717  ; 4 5 2 6 3 3 3 8 2 9 4 4 2 3 1 3 5 6 3 6 
1.66e+05 ; 5.897e-18 ; True ; 0 5 33 74 122 130 137 177 181 266 363 431 450 521 535 592 619 688 717  ; 4 5 2 6 3 2 3 8 3 9 4 4 2 3 1 3 5 6 3 6 
1.67e+05 ; 6.631e-18 ; True ; 0 5 33 74 122 130 151 177 181 266 363 431 450 500 535 572 619 688 717  ; 5 4 2 5 4 3 2 7 2 8 5 3 2 3 2 3 5 5 3 6 
1.68e+05 ; 7.564e-18 ; True ; 5 33 47 74 122 130 151 181 245 266 363 431 450 521 535 572 592 619 717  ; 5 5 2 5 3 3 3 7 2 10 4 3 2 3 2 3 4 7 3 6 
1.83e+05 ; 7.85e-18 ; True ; 0 5 33 74 114 122 130 137 177 181 266 363 431 450 500 521 535 572 688 717  ; 6 5 2 5 4 2 3 8 2 10 5 4 2 3 1 3 6 5 3 6 
1.84e+05 ; 1.069e-17 ; True ; 0 5 33 74 122 130 137 181 266 363 431 450 526 535 572 592 619 688 702 717  ; 6 6 2 6 3 3 2 8 2 10 4 3 3 3 1 3 6 5 4 6 
1.85e+05 ; 1.158e-17 ; True ; 0 5 33 74 122 130 151 177 181 266 363 431 450 500 521 535 592 619 688 717  ; 4 5 2 5 4 2 3 7 3 9 5 3 2 3 2 3 5 6 3 6 
1.86e+05 ; 1.203e-17 ; True ; 5 33 47 74 122 130 151 181 245 266 353 363 431 450 521 535 572 592 619 717  ; 5 5 3 5 3 3 3 7 2 10 4 3 2 3 2 3 4 7 3 7 
1.87e+05 ; 1.494e-17 ; True ; 5 33 47 74 122 130 151 181 245 266 363 431 450 500 521 535 572 592 619 717  ; 5 5 2 5 4 3 3 7 2 11 5 3 2 3 2 3 5 7 3 6 
2.02e+05 ; 1.564e-17 ; True ; 0 5 33 74 114 122 130 137 151 177 181 266 363 431 450 500 521 535 572 688 717  ; 6 5 2 5 4 2 3 8 2 10 5 4 2 3 2 3 6 5 3 6 
2.02e+05 ; 1.865e-17 ; True ; 0 5 33 74 122 130 177 181 245 266 306 363 431 450 483 500 521 526 535 688 717  ; 5 4 2 4 4 2 3 9 2 8 6 4 3 3 2 4 5 6 3 6 
2.03e+05 ; 2.005e-17 ; True ; 0 5 33 35 74 122 130 151 177 181 266 363 431 450 500 521 535 592 619 688 717  ; 5 5 2 5 4 2 3 7 3 9 5 3 3 3 2 3 5 6 3 6 
2.04e+05 ; 2.145e-17 ; True ; 0 5 33 74 122 130 151 177 181 245 266 363 431 450 500 521 535 592 619 688 717  ; 4 5 2 5 4 3 3 7 3 9 5 4 2 3 2 3 5 6 3 6 
2.06e+05 ; 2.27e-17 ; True ; 0 5 33 74 122 130 137 181 245 266 306 362 363 431 450 535 572 592 688 702 717  ; 5 6 2 5 3 3 2 9 2 10 5 4 2 3 2 4 6 5 4 6 
2.06e+05 ; 2.628e-17 ; True ; 5 33 74 122 130 181 245 266 306 363 384 431 450 483 526 535 572 592 619 702 717  ; 5 6 2 5 3 3 2 10 2 11 5 3 3 3 2 4 5 6 4 6 
2.07e+05 ; 2.762e-17 ; True ; 5 33 74 122 130 151 177 181 245 266 363 431 450 500 521 535 572 592 619 688 717  ; 5 5 2 5 4 3 3 7 3 10 5 4 2 3 2 3 5 6 3 7 
2.23e+05 ; 3.127e-17 ; True ; 0 5 33 35 74 122 130 137 181 245 266 306 363 431 450 483 526 535 592 688 702 717  ; 6 6 2 5 3 2 2 10 2 9 5 4 4 3 2 4 6 5 4 5 
2.23e+05 ; 3.669e-17 ; True ; 0 5 33 74 122 130 177 181 245 266 306 363 431 450 483 500 521 526 535 688 702 717  ; 5 5 2 4 4 2 3 9 2 9 6 4 3 3 2 4 6 6 4 6 
2.27e+05 ; 4.355e-17 ; True ; 2 5 33 74 122 130 177 181 245 266 306 362 363 431 450 500 526 535 619 688 702 717  ; 5 5 2 6 4 2 2 9 2 10 6 5 3 3 2 4 6 6 4 6 
2.28e+05 ; 4.867e-17 ; True ; 5 33 74 122 130 137 181 245 266 306 362 363 431 450 500 526 572 592 619 688 702 717  ; 6 6 2 6 4 3 2 9 2 12 6 3 3 3 2 3 6 6 4 7 
2.45e+05 ; 5.481e-17 ; True ; 0 5 33 74 122 130 177 181 245 266 306 362 363 431 450 483 500 521 526 535 688 702 717  ; 5 5 2 4 4 2 3 9 2 9 6 4 3 3 3 4 6 6 4 6 
2.47e+05 ; 6.192e-17 ; True ; 0 5 33 74 89 122 130 137 177 181 266 363 431 450 500 526 535 572 592 619 688 702 717  ; 6 6 3 6 4 3 2 9 3 11 5 4 3 3 1 3 7 6 4 6 
2.49e+05 ; 6.337e-17 ; True ; 2 5 33 74 122 130 137 181 245 266 337 362 363 431 450 500 521 535 592 619 688 702 717  ; 4 6 3 7 4 2 3 9 2 12 5 5 2 3 2 3 7 6 4 7 
2.66e+05 ; 7.303e-17 ; True ; 2 5 33 74 122 130 137 181 245 266 306 363 379 384 431 450 483 500 521 526 572 592 619 717  ; 5 6 2 7 4 3 3 12 2 14 6 4 3 3 2 3 5 7 3 7 
2.68e+05 ; 7.573e-17 ; True ; 0 5 33 74 122 130 137 177 181 240 245 266 363 431 450 483 500 521 526 535 619 688 702 717  ; 5 5 2 6 4 3 3 9 2 10 5 5 3 3 2 3 7 7 4 6 
2.69e+05 ; 7.69e-17 ; True ; 2 5 33 74 122 130 137 181 245 266 306 363 384 423 431 450 483 500 521 572 592 619 702 717  ; 5 6 2 7 4 3 3 12 2 15 6 4 2 3 2 3 6 7 4 7 
2.69e+05 ; 9.053e-17 ; True ; 0 5 33 74 122 130 181 245 266 337 363 431 450 483 500 521 535 572 592 619 688 702 717 719  ; 5 6 3 5 4 4 3 8 3 11 5 3 2 3 2 3 6 6 4 8 
2.7e+05 ; 9.941e-17 ; True ; 5 33 74 122 130 137 177 181 245 266 306 362 363 431 449 450 500 521 535 572 619 688 702 726  ; 4 5 2 6 4 3 2 9 2 12 7 5 2 4 2 5 7 7 4 9 
2.71e+05 ; 1.066e-16 ; True ; 2 5 33 74 122 130 137 177 181 245 266 306 362 363 384 431 450 500 521 535 572 619 688 717  ; 5 4 3 7 4 3 3 11 2 13 6 6 2 3 2 4 6 7 3 8 
2.71e+05 ; 1.202e-16 ; True ; 5 33 74 122 130 137 177 181 245 266 306 362 363 431 449 450 500 521 535 572 619 688 702 717  ; 5 5 2 6 4 3 3 9 2 12 6 5 2 4 2 4 7 7 4 8 
2.9e+05 ; 1.469e-16 ; True ; 2 5 33 74 122 130 137 181 245 266 306 337 363 431 450 477 483 500 526 535 549 592 619 702 717  ; 5 6 2 7 4 3 2 11 2 12 6 5 3 3 2 5 7 7 4 6 
2.94e+05 ; 2.191e-16 ; True ; 5 33 74 122 130 137 177 181 245 266 306 362 363 431 449 450 500 521 535 572 619 688 702 717 726  ; 5 5 2 6 5 3 3 9 2 12 7 5 2 4 2 5 7 8 4 9 
3.18e+05 ; 2.221e-16 ; True ; 2 5 15 33 74 122 130 137 177 181 245 266 306 362 363 384 431 450 500 521 535 572 619 688 702 717  ; 6 5 3 7 4 3 3 11 2 14 6 6 2 3 2 4 7 7 4 8 
3.19e+05 ; 2.54e-16 ; True ; 2 5 33 35 47 74 122 130 137 181 245 266 306 362 363 384 431 450 500 526 535 572 592 619 657 717  ; 7 5 3 7 4 3 2 12 2 14 7 5 4 3 2 4 6 7 4 6 
3.19e+05 ; 2.612e-16 ; True ; 2 5 33 74 122 130 137 177 181 245 266 306 362 363 384 431 449 450 500 521 535 572 619 688 702 717  ; 5 5 3 7 4 3 3 11 2 14 6 6 2 4 2 4 7 7 4 8 
3.4e+05 ; 2.744e-16 ; True ; 2 5 33 74 122 130 137 181 245 257 266 306 337 363 431 450 483 500 521 526 549 572 579 592 619 702 717  ; 7 6 2 7 4 3 3 11 2 14 7 4 4 3 2 4 6 7 4 8 
3.42e+05 ; 3.57e-16 ; True ; 0 5 33 47 74 81 122 130 137 181 245 266 306 363 384 385 450 500 521 526 535 592 619 657 688 702 717  ; 6 6 3 5 4 4 3 11 2 14 6 4 3 3 2 4 7 8 5 8 
3.45e+05 ; 4.513e-16 ; True ; 2 5 33 74 122 130 137 177 181 245 266 306 362 363 384 431 449 450 455 500 521 535 572 619 688 702 717  ; 6 5 3 7 4 3 3 11 2 14 6 6 3 4 2 4 7 7 4 9 
3.7e+05 ; 4.851e-16 ; True ; 5 33 74 122 130 137 151 181 245 266 306 346 362 363 384 431 450 483 500 521 526 535 572 619 688 702 717 719  ; 6 5 3 7 4 3 3 11 2 13 6 4 3 3 4 4 7 7 4 8 
3.95e+05 ; 6.399e-16 ; True ; 2 5 33 74 122 130 137 181 208 245 266 306 346 362 363 384 431 450 483 500 521 526 535 572 619 688 702 717 719  ; 6 5 3 8 4 3 3 13 2 14 6 5 3 3 3 4 7 7 5 8 
3.96e+05 ; 6.721e-16 ; True ; 2 5 33 74 122 130 137 151 181 245 266 306 346 362 363 384 431 450 483 500 521 526 535 572 619 688 702 717 719  ; 6 5 3 8 4 3 3 12 2 14 6 5 3 3 4 4 7 7 4 8 
3.98e+05 ; 8.733e-16 ; True ; 2 5 33 35 47 74 122 130 137 181 245 266 288 306 321 362 363 384 431 450 500 526 535 572 592 619 657 702 717  ; 7 6 3 7 5 3 3 13 2 15 8 5 4 3 2 4 7 7 5 6 
4.25e+05 ; 9.534e-16 ; True ; 2 5 33 35 47 74 122 130 137 181 245 266 288 306 321 362 363 384 431 450 500 526 535 572 592 606 619 657 702 717  ; 7 6 3 7 5 3 3 14 2 15 8 5 4 3 2 4 7 7 5 7 
4.27e+05 ; 9.625e-16 ; True ; 2 5 33 35 47 74 122 130 137 181 245 266 288 306 321 362 363 384 431 450 500 526 535 572 592 619 657 698 702 717  ; 7 6 3 7 5 3 3 13 2 15 8 5 4 3 2 4 7 8 5 7 
4.27e+05 ; 1.334e-15 ; True ; 2 5 33 35 47 74 122 130 137 181 245 266 288 306 321 362 363 384 385 431 450 500 526 535 572 592 619 657 702 717  ; 7 6 3 7 5 3 3 14 2 15 8 5 4 3 3 4 7 7 5 6 
4.55e+05 ; 1.36e-15 ; True ; 2 3 5 33 35 47 74 122 130 137 181 245 266 288 306 321 362 363 384 385 431 450 500 526 535 572 592 619 657 702 717  ; 7 6 3 7 5 3 3 15 2 15 8 5 4 3 3 4 7 7 5 6 
4.56e+05 ; 1.432e-15 ; True ; 2 5 33 35 47 74 122 130 137 181 245 266 288 306 321 362 363 384 385 431 450 500 526 527 535 572 592 619 657 702 717  ; 8 6 3 7 5 3 3 14 2 15 8 5 4 3 3 4 7 7 5 6 
4.57e+05 ; 1.801e-15 ; True ; 2 5 33 35 47 74 122 130 137 181 245 266 288 306 321 362 363 384 385 431 450 467 500 526 535 572 592 619 657 702 717  ; 7 6 4 7 5 3 3 15 2 15 8 5 4 3 3 4 7 7 5 6 
4.86e+05 ; 2.121e-15 ; True ; 2 3 5 33 35 47 74 122 130 137 181 245 266 288 292 306 321 362 363 384 385 431 450 500 526 535 572 592 619 657 702 717  ; 7 6 3 7 5 3 3 16 3 15 8 5 4 3 3 4 7 8 5 6 
5.18e+05 ; 2.136e-15 ; True ; 2 5 33 35 47 74 122 130 137 142 181 245 266 288 306 321 362 363 384 385 431 450 500 526 535 572 592 619 657 698 702 717 721  ; 7 6 3 7 5 4 3 14 2 15 9 5 4 3 3 4 7 9 5 7 
5.5e+05 ; 2.82e-15 ; True ; 2 5 33 35 47 74 122 130 137 142 181 245 266 283 288 306 321 362 363 384 385 431 450 500 526 535 572 592 619 657 698 702 717 721  ; 7 6 3 7 5 4 3 14 2 15 9 5 4 4 3 4 7 9 5 7 

RUN 9:
Optimum Distance: 0

Optimal Team: 
Required Skills: 0 2 13 16 20 22 23 26 29 34 36 38 41 42 43 46 47 48 56 57 
Distance; Skill Score; isValid; Team; Skill Counts
1.9e+04 ; 1.142e-25 ; True ; 122 130 181 353 363 450 477  ; 1 1 1 1 1 1 1 2 1 2 2 1 1 1 1 1 2 2 2 3 
2.1e+04 ; 1.376e-24 ; True ; 5 74 122 130 181 245 431  ; 1 1 1 3 1 1 1 5 1 5 3 1 1 1 1 2 1 2 2 2 
2.5e+04 ; 3.092e-24 ; True ; 5 74 122 181 353 363 477 543  ; 1 2 1 2 2 1 1 3 1 3 3 1 1 1 1 2 2 3 1 3 
2.8e+04 ; 3.726e-23 ; True ; 5 47 74 122 130 181 363 619  ; 2 2 1 3 2 1 1 4 1 6 3 1 1 1 1 2 2 4 2 3 
3.3e+04 ; 4.765e-23 ; True ; 33 74 122 130 181 353 363 450 477  ; 1 3 1 3 2 1 1 4 1 3 3 1 1 2 1 2 3 3 2 3 
3.6e+04 ; 2.186e-22 ; True ; 5 74 122 130 181 363 431 450 619  ; 2 2 1 4 2 1 1 5 1 6 4 1 2 1 1 2 3 3 2 4 
4.1e+04 ; 3.502e-22 ; True ; 5 33 74 122 130 181 353 363 450 477  ; 2 3 1 3 2 1 1 5 1 4 3 1 2 2 1 2 3 4 2 4 
4.2e+04 ; 3.567e-22 ; True ; 5 74 122 181 266 363 431 450 477 483  ; 2 3 1 3 2 1 1 6 1 4 4 1 2 2 1 2 3 3 2 3 
4.4e+04 ; 3.632e-22 ; True ; 5 74 122 181 245 363 431 483 619 717  ; 2 2 1 4 3 2 2 5 1 5 4 2 1 1 1 2 2 4 1 3 
4.5e+04 ; 1.05e-21 ; True ; 5 74 122 130 181 266 363 431 450 619  ; 2 3 1 4 2 1 1 6 1 6 4 1 2 2 1 2 3 3 3 4 
5e+04 ; 1.275e-21 ; True ; 5 33 74 122 130 181 353 363 450 477 535  ; 2 3 1 3 2 1 1 5 1 4 3 2 2 2 1 3 4 4 2 4 
5.2e+04 ; 2.827e-21 ; True ; 5 33 74 122 130 181 363 431 450 477 717  ; 3 3 1 4 3 1 2 6 1 5 4 1 2 2 1 2 3 5 2 3 
5.5e+04 ; 5.014e-21 ; True ; 5 74 122 130 181 266 363 431 450 619 717  ; 3 3 1 4 3 1 2 6 1 6 4 1 2 2 1 2 3 4 3 4 
6.2e+04 ; 8.074e-21 ; True ; 5 33 74 122 130 181 245 363 431 450 477 726  ; 2 3 1 4 3 2 1 6 1 5 5 2 2 2 1 3 3 5 2 4 
6.5e+04 ; 8.849e-21 ; True ; 5 33 74 122 181 245 266 363 431 450 483 717  ; 3 4 1 4 3 1 2 7 1 4 4 2 2 3 1 2 3 4 2 3 
6.6e+04 ; 1.852e-20 ; True ; 5 74 122 130 181 245 266 363 431 450 619 717  ; 3 3 1 4 3 2 2 6 1 6 4 2 2 2 1 2 3 4 3 4 
7.3e+04 ; 2.143e-20 ; True ; 5 33 74 122 130 181 245 363 431 435 450 477 726  ; 2 3 1 4 3 2 2 6 1 6 5 2 2 2 1 3 3 6 2 5 
7.4e+04 ; 3.132e-20 ; True ; 5 33 74 122 130 181 245 363 431 450 477 717 726  ; 3 3 1 4 4 2 2 6 1 5 5 2 2 2 1 3 3 6 2 4 
7.7e+04 ; 5.407e-20 ; True ; 5 74 122 130 181 245 266 363 431 450 619 717 726  ; 3 3 1 4 4 2 2 6 1 6 5 2 2 2 1 3 3 5 3 5 
8.6e+04 ; 5.784e-20 ; True ; 5 33 74 122 181 245 266 363 431 450 477 483 717 726  ; 3 4 1 4 4 2 2 7 1 4 5 2 2 3 1 3 3 6 2 4 
8.7e+04 ; 9.775e-20 ; True ; 5 33 74 122 130 181 245 266 363 431 450 477 717 726  ; 3 4 1 4 4 2 2 7 1 5 5 2 2 3 1 3 3 6 3 4 
8.9e+04 ; 1.179e-19 ; True ; 5 74 122 130 181 245 266 363 431 450 483 619 717 726  ; 3 3 1 4 4 2 2 7 1 6 5 2 2 2 2 3 3 5 3 5 
9e+04 ; 1.504e-19 ; True ; 5 33 74 122 130 181 245 266 363 431 450 619 717 726  ; 3 4 1 5 4 2 2 7 1 6 5 2 2 3 1 3 3 6 3 5 
1e+05 ; 2.092e-19 ; True ; 5 33 74 122 130 181 245 266 363 431 450 477 483 717 726  ; 3 4 1 4 4 2 2 8 1 5 5 2 2 3 2 3 3 6 3 4 
1.01e+05 ; 2.734e-19 ; True ; 5 33 74 122 130 181 245 266 363 431 450 477 688 717 726  ; 4 4 2 4 4 2 2 7 1 5 5 2 2 3 1 3 3 6 3 5 
1.03e+05 ; 3.219e-19 ; True ; 5 33 74 122 130 181 245 266 363 431 450 483 619 717 726  ; 3 4 1 5 4 2 2 8 1 6 5 2 2 3 2 3 3 6 3 5 
1.04e+05 ; 4.073e-19 ; True ; 5 33 74 122 130 181 245 266 363 431 450 535 619 688 717  ; 4 4 2 5 3 2 2 7 1 6 4 3 2 3 1 3 4 5 3 5 
1.14e+05 ; 5.085e-19 ; True ; 5 33 74 122 130 181 245 266 363 431 450 477 483 535 717 726  ; 3 4 1 4 4 2 2 8 1 5 5 3 2 3 2 4 4 6 3 4 
1.15e+05 ; 6.647e-19 ; True ; 5 33 74 122 130 181 245 266 363 431 450 477 535 688 717 726  ; 4 4 2 4 4 2 2 7 1 5 5 3 2 3 1 4 4 6 3 5 
1.17e+05 ; 7.824e-19 ; True ; 5 33 74 122 130 181 245 266 363 431 450 483 535 619 717 726  ; 3 4 1 5 4 2 2 8 1 6 5 3 2 3 2 4 4 6 3 5 
1.19e+05 ; 1.059e-18 ; True ; 5 33 74 122 130 181 245 266 363 431 450 535 592 619 688 717  ; 4 5 2 5 3 2 2 7 2 7 4 3 2 3 1 3 4 5 3 5 
1.3e+05 ; 1.211e-18 ; True ; 5 33 74 122 130 181 245 266 363 431 450 477 483 535 619 717 726  ; 3 4 1 5 4 3 2 8 1 6 5 3 2 3 2 4 4 7 3 5 
1.31e+05 ; 1.559e-18 ; True ; 5 33 74 122 130 181 245 266 363 431 450 477 483 592 688 717 726  ; 4 5 2 4 4 2 2 8 2 6 5 2 2 3 2 3 3 6 3 5 
1.33e+05 ; 1.905e-18 ; True ; 5 33 74 122 130 181 245 266 363 431 450 535 592 688 717 721 726  ; 4 5 2 4 4 2 2 7 2 6 6 3 2 3 1 4 4 5 3 5 
1.34e+05 ; 2.563e-18 ; True ; 5 33 74 122 130 181 245 266 363 431 450 535 592 619 688 717 726  ; 4 5 2 5 4 2 2 7 2 7 5 3 2 3 1 4 4 6 3 6 
1.47e+05 ; 3.318e-18 ; True ; 5 33 47 74 122 130 181 245 266 363 431 450 477 483 535 619 717 726  ; 4 4 2 5 4 3 2 8 1 7 5 3 2 3 2 4 4 8 3 5 
1.48e+05 ; 3.967e-18 ; True ; 5 33 74 122 130 181 245 266 363 431 450 477 535 592 619 688 717 726  ; 4 5 2 5 4 3 2 7 2 7 5 3 2 3 1 4 4 7 3 6 
1.5e+05 ; 5.485e-18 ; True ; 5 33 74 122 130 181 245 266 363 431 450 483 535 592 619 688 717 726  ; 4 5 2 5 4 2 2 8 2 7 5 3 2 3 2 4 4 6 3 6 
1.65e+05 ; 6.867e-18 ; True ; 5 33 35 74 122 130 181 245 266 363 431 450 477 535 592 619 688 717 726  ; 5 5 2 5 4 3 2 7 2 7 5 3 3 3 1 4 4 7 3 6 
1.67e+05 ; 8.592e-18 ; True ; 5 33 74 122 130 181 245 266 363 388 431 450 483 535 554 619 688 717 726  ; 4 4 2 5 5 3 2 9 2 6 5 3 2 3 2 4 4 6 3 7 
1.68e+05 ; 1.093e-17 ; True ; 5 33 74 122 130 181 245 266 363 431 450 483 535 592 619 688 702 717 726  ; 4 6 2 5 4 2 2 8 2 8 5 3 2 3 2 4 5 6 4 6 
1.84e+05 ; 1.126e-17 ; True ; 1 5 33 74 122 130 181 245 266 363 431 435 450 483 535 592 619 688 717 726  ; 5 5 2 5 4 2 3 8 2 8 5 3 2 3 2 4 4 7 3 7 
1.85e+05 ; 1.32e-17 ; True ; 5 33 74 122 130 181 245 266 363 388 431 435 450 483 535 554 619 688 702 726  ; 3 5 2 5 4 3 2 9 2 8 5 3 2 3 2 4 5 6 4 8 
1.86e+05 ; 1.899e-17 ; True ; 5 33 74 122 130 181 245 266 363 431 435 450 483 535 592 619 688 702 717 726  ; 4 6 2 5 4 2 3 8 2 9 5 3 2 3 2 4 5 7 4 7 
1.87e+05 ; 1.971e-17 ; True ; 5 33 74 122 130 181 245 266 363 388 431 450 535 543 592 619 688 702 717 726  ; 4 6 2 5 5 3 2 7 2 8 5 3 2 3 2 4 5 6 4 7 
2.03e+05 ; 2.614e-17 ; True ; 5 33 74 122 130 181 245 266 363 431 435 450 477 535 543 592 619 621 688 717 726  ; 4 5 2 5 4 3 3 8 2 9 5 3 2 4 2 4 5 8 3 8 
2.06e+05 ; 3.084e-17 ; True ; 5 33 74 122 130 181 245 266 363 431 435 450 463 483 535 592 619 688 702 717 726  ; 4 6 2 5 4 2 3 8 2 9 5 3 2 4 2 4 5 7 5 7 
2.07e+05 ; 3.461e-17 ; True ; 5 33 74 122 130 181 245 266 306 363 388 431 450 535 543 592 619 688 702 717 726  ; 4 6 2 5 5 3 2 8 2 9 6 3 2 3 2 5 5 7 4 8 
2.25e+05 ; 3.608e-17 ; True ; 5 33 74 122 130 181 245 266 363 431 435 450 483 535 554 592 619 688 692 702 717 726  ; 5 6 2 5 4 2 3 9 3 10 5 3 2 3 2 4 5 7 4 7 
2.26e+05 ; 4.252e-17 ; True ; 5 33 74 122 130 181 245 266 292 363 431 435 450 455 483 535 554 572 688 702 717 726  ; 6 5 2 4 4 2 3 10 3 8 5 3 3 3 2 4 5 7 4 8 
2.26e+05 ; 4.842e-17 ; True ; 5 33 74 122 130 181 245 266 292 363 388 431 435 450 483 535 543 619 688 702 717 726  ; 4 5 2 5 5 3 3 9 2 8 5 3 2 3 3 4 5 8 4 8 
2.27e+05 ; 5.711e-17 ; True ; 5 33 74 122 130 181 245 266 306 363 388 431 435 450 535 543 592 619 688 702 717 726  ; 4 6 2 5 5 3 3 8 2 10 6 3 2 3 2 5 5 8 4 9 
2.46e+05 ; 5.76e-17 ; True ; 5 33 74 122 130 181 245 266 306 363 388 431 450 483 500 535 543 554 619 688 717 719 726  ; 4 4 2 5 6 3 2 10 3 8 7 3 2 3 3 5 5 7 3 8 
2.47e+05 ; 6.163e-17 ; True ; 5 33 74 122 130 181 245 266 363 431 435 450 483 500 535 554 592 619 688 692 702 717 726  ; 5 6 2 5 5 2 3 9 3 11 6 3 2 3 2 4 6 7 4 7 
2.47e+05 ; 7.076e-17 ; True ; 5 33 74 122 130 181 245 266 292 363 388 431 435 450 483 535 543 619 655 688 702 717 726  ; 5 5 2 5 5 3 3 9 2 8 5 4 2 3 3 4 5 8 4 8 
2.48e+05 ; 8.652e-17 ; True ; 5 33 74 122 130 181 245 266 292 363 431 435 450 455 483 535 554 572 619 688 702 717 726  ; 6 5 2 5 4 3 3 10 3 9 5 3 3 3 2 4 5 8 4 9 
2.49e+05 ; 9.237e-17 ; True ; 5 33 74 122 130 181 245 266 292 363 388 431 435 440 450 483 535 592 619 688 702 717 726  ; 5 6 2 5 5 4 3 9 3 9 5 3 2 3 2 4 5 9 4 8 
2.49e+05 ; 9.858e-17 ; True ; 5 33 74 122 130 181 245 266 292 363 384 388 431 450 483 526 535 592 619 688 702 717 726  ; 5 6 3 5 5 3 2 10 3 9 5 3 3 3 2 4 5 7 4 7 
2.7e+05 ; 1.037e-16 ; True ; 5 33 74 122 130 181 245 266 292 363 388 423 431 435 440 450 483 535 592 619 688 702 717 726  ; 6 6 2 5 5 4 3 9 3 9 5 3 2 3 2 4 5 9 4 8 
2.7e+05 ; 1.139e-16 ; True ; 5 33 74 122 130 181 245 266 292 363 384 388 431 450 483 526 535 543 619 655 688 702 717 726  ; 6 5 3 5 5 3 2 10 2 8 5 4 3 3 3 4 5 7 4 7 
2.71e+05 ; 1.207e-16 ; True ; 5 33 74 122 130 181 245 266 292 363 431 435 440 450 455 520 535 543 592 619 688 702 717 726  ; 7 6 2 5 5 3 3 8 3 9 5 3 3 3 2 4 5 9 4 8 
2.72e+05 ; 1.497e-16 ; True ; 2 5 33 74 122 130 181 245 266 363 384 388 431 450 483 535 554 592 619 621 688 702 717 726  ; 4 6 3 6 5 3 2 12 3 11 5 4 2 4 2 4 6 6 4 8 
2.72e+05 ; 1.604e-16 ; True ; 5 33 74 122 130 177 181 266 306 363 388 431 435 440 450 483 535 543 592 619 688 702 717 726  ; 5 6 2 5 5 3 3 9 3 10 6 3 2 3 3 5 5 9 4 9 
2.93e+05 ; 1.762e-16 ; True ; 5 33 74 122 130 181 245 266 306 353 363 388 431 435 450 483 500 535 554 581 619 688 702 717 726  ; 5 6 3 5 6 3 3 10 2 10 7 3 2 3 2 5 6 8 4 10 
2.94e+05 ; 1.814e-16 ; True ; 5 33 74 122 130 181 245 266 292 363 388 423 431 435 450 455 483 535 572 592 619 688 702 717 726  ; 7 6 2 5 5 4 3 9 3 10 5 3 3 3 2 4 5 8 4 10 
2.95e+05 ; 2.01e-16 ; True ; 2 5 33 74 122 130 181 245 266 363 384 388 431 450 483 535 537 554 592 619 621 688 702 717 726  ; 4 7 3 6 6 3 2 12 3 11 5 4 2 4 2 4 6 6 4 8 
2.95e+05 ; 2.133e-16 ; True ; 5 33 74 122 130 181 245 266 292 363 431 435 440 450 455 520 535 543 592 619 621 688 702 717 726  ; 7 6 2 5 5 3 3 9 3 10 5 3 3 4 2 4 6 9 4 9 
2.96e+05 ; 2.209e-16 ; True ; 5 33 74 122 130 177 181 232 266 306 363 388 431 435 440 450 483 535 543 592 619 688 702 717 726  ; 5 6 2 5 5 3 3 9 3 10 7 3 2 3 3 5 5 9 5 9 
3.17e+05 ; 2.382e-16 ; True ; 5 33 74 122 130 177 181 203 266 278 363 388 431 435 440 450 452 483 535 543 592 619 688 702 717 726  ; 6 6 2 5 6 3 3 8 3 9 5 4 3 3 3 4 5 8 4 8 
3.18e+05 ; 3.031e-16 ; True ; 5 33 74 122 130 177 181 232 245 266 306 353 363 431 435 440 450 483 500 535 543 592 619 702 717 726  ; 4 6 2 5 5 3 3 9 3 11 8 4 2 3 3 5 6 9 5 8 
3.2e+05 ; 3.06e-16 ; True ; 5 33 74 122 130 177 181 232 266 306 363 388 431 435 440 450 483 535 543 554 592 619 688 702 717 726  ; 5 6 2 5 5 3 3 10 4 10 7 3 2 3 3 5 5 9 5 9 
3.43e+05 ; 3.769e-16 ; True ; 5 33 74 122 130 177 181 203 232 266 278 363 388 431 435 440 450 483 535 543 554 592 619 688 702 717 726  ; 6 6 2 5 6 3 3 9 4 9 6 3 3 3 3 4 5 8 5 8 
3.45e+05 ; 3.806e-16 ; True ; 5 33 74 122 130 177 181 203 232 266 306 363 388 431 435 440 450 452 483 535 554 592 619 688 702 717 726  ; 5 6 2 5 5 3 3 10 4 10 7 4 3 3 2 5 5 9 5 9 
3.45e+05 ; 3.833e-16 ; True ; 5 33 74 122 130 177 181 232 266 306 363 388 431 435 440 450 452 483 535 543 554 592 619 688 702 717 726  ; 5 6 2 5 5 3 3 10 4 10 7 4 2 3 3 5 5 9 5 9 
3.46e+05 ; 4.68e-16 ; True ; 5 33 74 122 130 177 181 232 266 306 363 388 431 435 440 450 483 535 543 552 554 592 619 688 702 717 726  ; 5 6 3 5 5 3 3 10 4 11 7 3 2 3 3 5 5 9 5 9 
3.69e+05 ; 4.721e-16 ; True ; 5 33 74 122 130 177 181 203 232 266 278 363 388 431 435 440 450 452 483 535 543 554 592 619 688 702 717 726  ; 6 6 2 5 6 3 3 9 4 9 6 4 3 3 3 4 5 8 5 8 
3.7e+05 ; 4.847e-16 ; True ; 5 33 74 122 130 177 181 203 245 266 306 363 367 388 393 431 435 440 483 500 535 543 554 592 619 688 717 726  ; 4 6 2 5 6 4 3 10 4 10 7 4 4 3 3 5 4 9 3 8 
3.7e+05 ; 5.416e-16 ; True ; 5 33 74 114 122 130 177 181 203 266 306 363 388 431 435 440 450 452 483 535 543 554 592 619 688 702 717 726  ; 6 7 2 5 5 3 3 10 4 11 6 4 3 3 3 5 5 9 4 9 
3.71e+05 ; 5.686e-16 ; True ; 5 33 74 122 130 177 181 203 232 266 306 363 388 431 435 440 450 452 483 535 543 554 592 619 688 702 717 726  ; 5 6 2 5 5 3 3 10 4 10 7 4 3 3 3 5 5 9 5 9 
3.72e+05 ; 5.972e-16 ; True ; 5 33 74 122 130 177 181 232 245 266 306 353 363 388 393 431 435 440 450 500 535 543 581 592 688 702 717 726  ; 6 7 3 4 6 3 3 8 3 10 8 4 3 3 2 5 6 8 5 9 
3.73e+05 ; 6.31e-16 ; True ; 5 33 74 114 122 130 158 177 181 232 266 306 363 388 393 431 440 450 483 500 535 543 592 619 688 702 717 726  ; 6 7 2 5 6 3 3 9 3 11 8 3 3 3 3 5 6 9 5 8 
3.97e+05 ; 7.376e-16 ; True ; 5 33 74 122 130 177 181 203 232 266 278 363 388 431 435 440 450 452 483 500 535 543 554 592 619 688 702 717 726  ; 6 6 2 5 7 3 3 9 4 10 7 4 3 3 3 4 6 8 5 8 
3.98e+05 ; 7.459e-16 ; True ; 5 33 74 114 122 130 177 181 203 232 266 306 363 388 431 435 440 450 452 483 535 543 554 592 619 688 702 717 726  ; 6 7 2 5 5 3 3 10 4 11 7 4 3 3 3 5 5 9 5 9 
3.99e+05 ; 9.53e-16 ; True ; 5 33 74 114 122 130 158 177 181 203 266 306 353 363 388 393 431 440 450 483 500 535 543 592 619 688 702 717 726  ; 6 7 3 5 6 3 3 9 3 11 7 3 4 3 3 5 6 9 4 9 
4e+05 ; 9.754e-16 ; True ; 5 33 74 114 122 130 158 177 181 232 266 306 353 363 388 393 431 440 450 483 500 535 543 592 619 688 702 717 726  ; 6 7 3 5 6 3 3 9 3 11 8 3 3 3 3 5 6 9 5 9 
4e+05 ; 9.807e-16 ; True ; 5 33 74 122 130 158 177 181 203 232 266 306 353 363 388 393 431 440 450 483 500 535 543 592 619 688 702 717 726  ; 5 6 3 5 6 3 3 9 3 10 8 3 4 3 3 5 6 9 5 9 
4.27e+05 ; 1.194e-15 ; True ; 5 33 74 114 122 130 156 158 177 181 203 266 306 353 363 388 393 431 440 450 483 500 535 543 592 619 688 702 717 726  ; 6 7 3 5 6 3 3 9 3 11 7 4 4 3 3 5 6 9 4 9 
4.28e+05 ; 1.286e-15 ; True ; 5 33 74 114 122 130 158 177 181 203 232 266 306 353 363 388 393 431 440 450 483 500 535 543 592 619 688 702 717 726  ; 6 7 3 5 6 3 3 9 3 11 8 3 4 3 3 5 6 9 5 9 
4.28e+05 ; 1.296e-15 ; True ; 5 33 74 122 130 158 177 181 203 232 266 306 353 363 388 393 431 440 450 483 500 535 543 592 619 688 702 717 719 726  ; 5 6 3 5 6 3 3 9 4 10 8 3 4 3 3 5 6 9 5 9 
4.57e+05 ; 1.323e-15 ; True ; 5 22 33 74 114 122 130 158 177 181 203 232 266 306 353 363 388 393 431 440 450 483 500 535 543 592 619 688 702 717 726  ; 6 7 3 5 6 3 3 9 3 11 8 3 4 3 3 5 6 9 5 10 
4.57e+05 ; 1.611e-15 ; True ; 5 33 74 114 122 130 156 158 177 181 203 232 266 306 353 363 388 393 431 440 450 483 500 535 543 592 619 688 702 717 726  ; 6 7 3 5 6 3 3 9 3 11 8 4 4 3 3 5 6 9 5 9 
4.57e+05 ; 1.7e-15 ; True ; 5 33 74 114 122 130 158 177 181 203 232 266 306 353 363 388 393 431 440 450 483 500 535 543 592 619 688 702 717 719 726  ; 6 7 3 5 6 3 3 9 4 11 8 3 4 3 3 5 6 9 5 9 
4.58e+05 ; 1.788e-15 ; True ; 5 33 74 114 122 130 158 177 181 203 232 266 306 353 363 388 393 431 440 450 455 483 500 535 543 592 619 688 702 717 726  ; 7 7 3 5 6 3 3 9 3 11 8 3 5 3 3 5 6 9 5 10 
4.87e+05 ; 2.244e-15 ; True ; 5 33 74 114 122 130 158 177 181 203 232 266 283 306 353 363 388 393 431 440 450 483 500 535 543 592 619 688 702 717 719 726  ; 6 7 3 5 6 3 3 9 4 11 8 3 4 4 3 5 6 9 5 9 
4.89e+05 ; 2.475e-15 ; True ; 5 33 74 114 122 130 158 177 181 203 232 266 306 326 353 363 388 393 431 440 450 455 483 500 535 543 592 619 688 702 717 726  ; 7 7 3 5 6 3 3 10 3 11 8 3 5 4 3 5 6 9 5 10 
5.19e+05 ; 3e-15 ; True ; 5 33 74 114 122 129 130 158 177 181 203 232 266 283 306 353 363 388 393 431 440 450 483 500 535 543 592 619 688 702 717 719 726  ; 6 7 3 5 6 3 3 9 4 12 8 4 4 4 3 5 6 10 5 10 
5.52e+05 ; 3.066e-15 ; True ; 5 33 74 114 122 129 130 158 177 181 203 232 266 283 289 306 353 363 388 393 431 440 450 483 500 535 543 592 619 688 702 717 719 726  ; 6 7 3 5 6 3 3 9 4 12 8 4 4 4 3 5 6 10 5 11 
5.86e+05 ; 3.268e-15 ; True ; 5 33 74 114 122 129 130 158 177 181 203 232 266 283 289 306 353 363 388 393 431 440 450 483 500 535 543 592 619 663 688 702 717 719 726  ; 6 7 3 5 6 3 3 10 4 13 8 4 4 4 3 5 6 10 5 11 
6.9e+05 ; 3.349e-15 ; True ; 5 33 74 101 112 122 130 158 177 181 191 232 266 306 322 353 363 388 393 422 423 431 435 440 450 500 535 543 544 581 590 592 661 688 702 717 721 726  ; 10 7 3 5 6 3 4 9 3 11 10 7 4 3 2 5 6 10 5 11 
7.28e+05 ; 3.957e-15 ; True ; 5 33 74 101 112 122 130 158 177 181 191 232 266 306 322 353 363 388 393 422 423 431 435 440 450 500 509 535 543 544 581 590 592 661 688 702 717 721 726  ; 10 7 3 5 6 3 4 9 3 11 10 7 4 3 2 5 6 10 6 11 

RUN 10:
Optimum Distance: 0

Optimal Team: 
Required Skills: 0 2 13 16 20 22 23 26 29 34 36 38 41 42 43 46 47 48 56 57 
Distance; Skill Score; isValid; Team; Skill Counts
1.8e+04 ; 1.856e-26 ; True ; 0 122 181 353 363 450 483  ; 1 1 1 1 1 1 1 2 1 1 2 1 1 1 1 1 2 1 1 3 
1.9e+04 ; 1.269e-25 ; True ; 122 181 363 431 483 526 572  ; 2 1 1 2 1 1 1 3 1 3 3 1 1 1 1 1 1 1 1 2 
2.1e+04 ; 1.104e-24 ; True ; 122 130 181 363 431 450 619  ; 1 1 1 3 1 1 1 3 1 4 3 1 1 1 1 1 2 2 2 3 
2.5e+04 ; 7.06e-24 ; True ; 0 5 74 122 130 181 353 363  ; 1 2 1 2 2 1 1 4 1 4 3 1 1 1 1 2 2 2 2 3 
2.7e+04 ; 1.805e-23 ; True ; 5 74 122 130 181 353 363 572  ; 2 2 1 2 2 1 1 4 1 5 3 1 1 1 1 2 2 2 2 4 
2.8e+04 ; 3.64e-23 ; True ; 5 74 122 130 181 363 431 572  ; 2 2 1 3 2 1 1 5 1 6 4 1 1 1 1 2 2 2 2 3 
3.3e+04 ; 3.689e-23 ; True ; 5 74 122 130 181 353 363 535 721  ; 1 2 1 2 2 1 1 4 1 4 4 2 1 1 1 3 3 2 2 3 
3.6e+04 ; 2.186e-22 ; True ; 5 74 122 130 181 363 431 450 619  ; 2 2 1 4 2 1 1 5 1 6 4 1 2 1 1 2 3 3 2 4 
4.1e+04 ; 2.54e-22 ; True ; 5 33 74 122 130 181 431 450 477 535  ; 2 2 1 4 1 1 1 6 1 5 3 1 2 2 1 3 3 4 2 3 
4.3e+04 ; 4.679e-22 ; True ; 5 33 74 122 130 181 363 431 477 572  ; 2 3 1 4 2 2 1 6 1 6 4 1 1 2 1 2 2 4 2 3 
4.5e+04 ; 1.05e-21 ; True ; 5 74 122 130 181 266 363 431 450 619  ; 2 3 1 4 2 1 1 6 1 6 4 1 2 2 1 2 3 3 3 4 
5.1e+04 ; 1.291e-21 ; True ; 5 33 74 122 130 181 363 431 477 526 572  ; 3 3 1 4 2 2 1 6 1 6 4 1 2 2 1 2 2 4 2 3 
5.2e+04 ; 2.827e-21 ; True ; 5 33 74 122 130 181 363 431 450 477 717  ; 3 3 1 4 3 1 2 6 1 5 4 1 2 2 1 2 3 5 2 3 
5.4e+04 ; 2.945e-21 ; True ; 5 74 122 130 181 266 363 431 450 717 721  ; 3 3 1 3 3 1 2 6 1 5 5 1 2 2 1 2 3 3 3 3 
5.5e+04 ; 5.014e-21 ; True ; 5 74 122 130 181 266 363 431 450 619 717  ; 3 3 1 4 3 1 2 6 1 6 4 1 2 2 1 2 3 4 3 4 
6.2e+04 ; 5.41e-21 ; True ; 5 33 74 122 130 181 363 431 526 535 572 721  ; 3 3 1 4 2 2 1 6 1 6 5 2 2 2 1 3 3 3 2 3 
6.4e+04 ; 1.115e-20 ; True ; 5 33 74 122 130 181 363 431 450 535 717 721  ; 3 3 1 4 3 1 2 6 1 5 5 2 2 2 1 3 4 4 2 3 
6.5e+04 ; 1.826e-20 ; True ; 5 74 122 130 181 266 363 431 450 535 619 717  ; 3 3 1 4 3 1 2 6 1 6 4 2 2 2 1 3 4 4 3 4 
7.3e+04 ; 2.124e-20 ; True ; 5 33 74 122 130 181 363 431 477 526 535 572 717  ; 4 3 1 4 3 2 2 6 1 6 4 2 2 2 1 3 3 5 2 3 
7.5e+04 ; 3.615e-20 ; True ; 5 33 74 122 130 177 181 363 431 450 477 619 717  ; 3 3 1 5 3 2 2 6 2 6 4 2 2 2 1 2 3 6 2 4 
7.7e+04 ; 5.249e-20 ; True ; 5 33 74 122 130 181 266 363 431 450 535 619 717  ; 3 4 1 5 3 1 2 7 1 6 4 2 2 3 1 3 4 5 3 4 
7.8e+04 ; 5.559e-20 ; True ; 5 74 122 130 177 181 266 363 431 450 572 619 717  ; 4 3 1 4 3 2 2 6 2 7 4 2 2 2 1 2 3 4 3 5 
8.501e+04 ; 5.791e-20 ; True ; 5 33 74 122 130 181 363 431 450 477 526 535 572 717  ; 5 3 1 4 3 2 2 6 1 6 4 2 3 2 1 3 4 5 2 4 
8.6e+04 ; 6.532e-20 ; True ; 5 33 74 122 130 181 363 431 450 477 526 535 619 717  ; 4 3 1 5 3 2 2 6 1 6 4 2 3 2 1 3 4 6 2 4 
8.7e+04 ; 1.106e-19 ; True ; 5 33 74 122 130 181 266 363 431 450 477 535 619 717  ; 3 4 1 5 3 2 2 7 1 6 4 2 2 3 1 3 4 6 3 4 
8.9e+04 ; 1.239e-19 ; True ; 5 33 74 122 130 181 266 363 431 450 535 619 717 721  ; 3 4 1 5 3 2 2 7 1 6 5 2 2 3 1 3 4 5 3 4 
9e+04 ; 1.489e-19 ; True ; 5 33 47 74 122 130 181 266 363 431 450 535 619 717  ; 4 4 2 5 3 1 2 7 1 7 4 2 2 3 1 3 4 6 3 4 
9.1e+04 ; 1.598e-19 ; True ; 5 33 74 122 130 177 181 266 363 431 450 572 619 717  ; 4 4 1 5 3 2 2 7 2 7 4 2 2 3 1 2 3 5 3 5 
1e+05 ; 1.75e-19 ; True ; 5 33 74 122 130 177 181 363 431 450 477 535 619 717 721  ; 3 3 1 5 3 3 2 6 2 6 5 3 2 2 1 3 4 6 2 4 
1.01e+05 ; 3.086e-19 ; True ; 5 33 74 122 130 177 181 266 363 431 450 477 535 619 717  ; 3 4 1 5 3 2 2 7 2 6 4 3 2 3 1 3 4 6 3 4 
1.03e+05 ; 3.455e-19 ; True ; 5 33 74 122 130 177 181 266 363 431 450 535 619 717 721  ; 3 4 1 5 3 2 2 7 2 6 5 3 2 3 1 3 4 5 3 4 
1.04e+05 ; 4.372e-19 ; True ; 5 47 74 122 130 177 181 266 363 388 431 450 535 619 717  ; 4 3 2 4 4 2 2 6 2 7 4 3 2 2 1 3 4 5 3 5 
1.15e+05 ; 5.113e-19 ; True ; 5 33 74 122 130 177 181 266 363 431 450 477 483 535 717 726  ; 3 4 1 4 4 1 2 8 2 5 5 3 2 3 2 4 4 6 3 4 
1.16e+05 ; 5.989e-19 ; True ; 5 33 47 74 122 130 177 181 266 363 431 450 477 483 717 726  ; 4 4 2 4 4 1 2 8 2 6 5 2 2 3 2 3 3 7 3 4 
1.17e+05 ; 8.549e-19 ; True ; 5 33 47 74 122 130 177 181 266 363 431 450 477 619 717 726  ; 4 4 2 5 4 2 2 7 2 7 5 2 2 3 1 3 3 8 3 5 
1.18e+05 ; 9.8e-19 ; True ; 5 33 47 74 122 130 177 181 266 363 431 450 535 619 717 721  ; 4 4 2 5 3 2 2 7 2 7 5 3 2 3 1 3 4 6 3 4 
1.19e+05 ; 1.145e-18 ; True ; 5 33 47 74 122 130 177 181 266 363 431 450 535 572 619 717  ; 5 4 2 5 3 2 2 7 2 8 4 3 2 3 1 3 4 6 3 5 
1.3e+05 ; 1.212e-18 ; True ; 5 33 47 74 122 130 181 266 363 431 450 477 478 483 535 619 717  ; 4 4 2 5 4 2 2 8 1 7 4 3 2 3 2 3 4 7 3 4 
1.31e+05 ; 1.464e-18 ; True ; 5 33 47 74 122 130 181 266 363 431 450 477 483 535 572 717 726  ; 5 4 2 4 4 2 2 8 1 7 5 2 2 3 2 4 4 7 3 5 
1.33e+05 ; 2.097e-18 ; True ; 5 33 47 74 122 130 177 181 266 363 431 450 483 535 619 717 721  ; 4 4 2 5 3 2 2 8 2 7 5 3 2 3 2 3 4 6 3 4 
1.34e+05 ; 2.602e-18 ; True ; 5 33 47 74 122 130 177 181 266 363 388 431 450 483 535 619 717  ; 4 4 2 5 4 2 2 8 2 7 4 3 2 3 2 3 4 6 3 5 
1.35e+05 ; 2.713e-18 ; True ; 5 33 47 74 122 130 177 181 266 363 431 450 535 572 619 717 726  ; 5 4 2 5 4 2 2 7 2 8 5 3 2 3 1 4 4 7 3 6 
1.47e+05 ; 2.797e-18 ; True ; 5 33 47 74 122 130 177 181 266 363 431 450 477 483 526 572 717 726  ; 6 4 2 4 4 2 2 8 2 7 5 2 3 3 2 3 3 7 3 5 
1.48e+05 ; 3.179e-18 ; True ; 5 33 47 74 122 130 181 266 363 431 450 477 483 535 572 619 717 726  ; 5 4 2 5 4 3 2 8 1 8 5 2 2 3 2 4 4 8 3 6 
1.49e+05 ; 4.143e-18 ; True ; 5 33 47 74 122 130 177 181 266 363 431 450 477 535 572 619 717 726  ; 5 4 2 5 4 3 2 7 2 8 5 3 2 3 1 4 4 8 3 6 
1.5e+05 ; 4.607e-18 ; True ; 5 33 47 74 122 130 177 181 266 363 388 431 450 483 535 619 717 721  ; 4 4 2 5 4 3 2 8 2 7 5 3 2 3 2 3 4 6 3 5 
1.51e+05 ; 5.807e-18 ; True ; 5 33 47 74 122 130 177 181 266 363 431 450 483 535 572 619 717 726  ; 5 4 2 5 4 2 2 8 2 8 5 3 2 3 2 4 4 7 3 6 
1.64e+05 ; 6.799e-18 ; True ; 5 33 47 74 122 130 177 181 266 363 431 450 477 483 526 535 572 717 726  ; 6 4 2 4 4 2 2 8 2 7 5 3 3 3 2 4 4 7 3 5 
1.65e+05 ; 6.897e-18 ; True ; 5 33 47 74 122 130 177 181 266 363 431 450 477 526 535 572 619 717 726  ; 6 4 2 5 4 3 2 7 2 8 5 3 3 3 1 4 4 8 3 6 
1.66e+05 ; 7.933e-18 ; True ; 5 33 47 74 122 130 177 181 266 306 363 431 450 477 483 535 619 717 726  ; 4 4 2 5 4 2 2 9 2 8 6 3 2 3 2 5 4 9 3 6 
1.67e+05 ; 8.575e-18 ; True ; 5 33 47 74 122 130 177 181 266 363 431 450 483 526 535 619 717 721 726  ; 5 4 2 5 4 2 2 8 2 7 6 3 3 3 2 4 4 7 3 5 
1.68e+05 ; 8.906e-18 ; True ; 5 33 47 74 122 130 177 181 266 363 388 431 450 483 535 572 717 721 726  ; 5 4 2 4 5 3 2 8 2 7 6 3 2 3 2 4 4 6 3 6 
1.69e+05 ; 1.126e-17 ; True ; 5 33 47 74 122 130 177 181 266 363 388 431 450 483 535 572 619 717 726  ; 5 4 2 5 5 3 2 8 2 8 5 3 2 3 2 4 4 7 3 7 
1.83e+05 ; 1.245e-17 ; True ; 5 33 47 74 122 130 177 181 266 363 431 450 477 483 500 526 535 572 717 726  ; 6 4 2 4 5 2 2 8 2 8 6 3 3 3 2 4 5 7 3 5 
1.86e+05 ; 1.643e-17 ; True ; 5 33 47 74 122 130 177 181 266 363 431 450 483 526 535 592 619 717 721 726  ; 5 5 2 5 4 2 2 8 3 8 6 3 3 3 2 4 4 7 3 5 
1.87e+05 ; 1.744e-17 ; True ; 5 33 47 74 122 130 177 181 266 362 363 388 431 450 526 535 572 619 717 726  ; 6 4 2 5 5 3 2 7 2 8 5 3 3 3 2 4 4 7 3 7 
1.89e+05 ; 1.802e-17 ; True ; 5 33 47 74 122 130 177 181 266 362 363 388 431 450 462 535 572 619 717 726  ; 5 5 2 5 5 3 2 8 2 8 5 3 2 3 2 4 4 7 4 7 
2.02e+05 ; 1.947e-17 ; True ; 5 26 33 47 74 122 130 177 181 266 363 431 450 477 483 526 535 572 619 717 726  ; 6 4 2 5 4 3 2 8 2 8 5 3 4 3 2 4 4 8 3 6 
2.02e+05 ; 2.506e-17 ; True ; 5 33 47 74 122 130 177 181 266 363 431 450 477 483 521 526 535 572 619 717 726  ; 6 4 2 5 4 3 3 8 2 9 5 3 3 3 2 4 4 9 3 7 
2.03e+05 ; 2.565e-17 ; True ; 5 33 47 74 122 130 177 181 266 363 431 450 477 483 521 526 535 592 619 717 726  ; 5 5 2 5 4 2 3 8 3 9 5 3 3 3 2 4 4 9 3 6 
2.05e+05 ; 2.571e-17 ; True ; 5 33 47 74 122 130 177 181 266 306 363 388 431 450 483 526 535 572 717 721 726  ; 6 4 2 4 5 3 2 9 2 8 7 3 3 3 2 5 4 7 3 7 
2.06e+05 ; 2.702e-17 ; True ; 5 33 47 74 122 130 177 181 231 266 297 363 431 450 483 526 535 572 619 717 726  ; 6 5 2 6 4 3 2 9 2 8 5 3 3 3 2 5 4 7 3 6 
2.07e+05 ; 2.994e-17 ; True ; 5 33 47 74 122 130 177 181 266 363 388 431 450 483 535 572 592 619 655 717 726  ; 6 5 2 5 5 3 2 8 3 9 5 4 2 3 2 4 4 7 3 7 
2.09e+05 ; 3.173e-17 ; True ; 5 33 47 74 122 130 177 181 266 362 363 388 431 450 467 535 572 592 619 717 726  ; 5 5 3 5 5 3 2 8 3 9 5 3 2 3 2 4 4 7 3 7 
2.23e+05 ; 4.985e-17 ; True ; 5 33 47 74 122 130 137 177 181 266 363 431 450 477 483 521 526 535 572 619 717 726  ; 6 4 2 6 4 3 3 9 2 10 5 4 3 3 2 4 5 9 3 7 
2.29e+05 ; 5.219e-17 ; True ; 5 33 47 74 122 130 177 181 266 306 363 367 388 431 450 467 483 535 592 619 717 726  ; 4 6 3 5 5 2 2 10 3 9 6 3 3 3 2 5 4 8 3 7 
2.44e+05 ; 7.347e-17 ; True ; 5 33 47 74 122 130 177 181 266 353 363 431 450 477 483 521 526 535 572 592 619 717 726  ; 6 5 3 5 4 3 3 8 3 10 5 3 3 3 2 4 4 9 3 8 
2.48e+05 ; 7.466e-17 ; True ; 5 33 47 74 122 130 177 181 266 363 388 431 450 462 483 526 535 592 619 655 717 721 726  ; 6 6 2 5 5 3 2 9 3 8 6 4 3 3 2 4 4 7 4 6 
2.5e+05 ; 7.563e-17 ; True ; 5 33 47 74 122 130 177 181 266 362 363 388 431 450 467 526 535 592 619 657 717 721 726  ; 5 5 3 5 5 3 2 9 3 8 7 3 3 3 2 4 4 7 4 6 
2.51e+05 ; 7.811e-17 ; True ; 5 33 47 74 122 130 177 181 266 362 363 388 431 450 462 467 535 572 592 619 717 721 726  ; 5 6 3 5 5 4 2 9 3 9 6 3 2 3 2 4 4 7 4 7 
2.51e+05 ; 9.773e-17 ; True ; 5 33 47 74 122 130 177 181 266 306 363 367 388 431 450 467 483 535 572 592 619 717 726  ; 5 6 3 5 5 3 2 10 3 10 6 3 3 3 2 5 4 8 3 8 
2.71e+05 ; 1.022e-16 ; True ; 5 33 47 74 89 122 137 177 181 266 362 363 388 431 450 462 526 535 543 572 619 717 721 726  ; 6 5 3 6 5 4 2 9 2 8 6 4 3 3 2 4 5 8 3 7 
2.71e+05 ; 1.078e-16 ; True ; 5 33 47 74 122 130 177 181 266 363 388 431 450 462 483 526 535 592 619 655 657 717 721 726  ; 6 6 2 5 5 3 2 10 3 8 7 4 3 3 2 4 4 7 5 6 
2.72e+05 ; 1.146e-16 ; True ; 5 33 47 74 122 130 177 181 266 362 363 388 431 450 462 483 526 535 592 619 657 717 721 726  ; 5 6 2 5 5 3 2 10 3 8 7 3 3 3 3 4 4 7 5 6 
2.73e+05 ; 1.443e-16 ; True ; 5 33 47 74 122 130 177 181 266 306 363 367 388 431 450 467 478 483 535 572 592 619 717 726  ; 5 6 3 5 6 3 2 10 3 10 6 4 3 3 2 5 4 8 3 8 
2.95e+05 ; 1.574e-16 ; True ; 5 33 47 74 122 130 177 181 266 362 363 388 431 450 462 483 526 535 554 592 619 657 717 721 726  ; 5 6 2 5 5 3 2 11 4 8 7 3 3 3 3 4 4 7 5 6 
3.18e+05 ; 1.576e-16 ; True ; 5 33 47 74 122 130 177 181 208 231 266 363 431 450 467 483 526 535 572 597 600 619 661 717 721 726  ; 7 6 3 5 4 3 2 12 2 9 7 4 3 4 2 5 4 8 4 7 
3.19e+05 ; 1.752e-16 ; True ; 5 33 74 122 130 177 181 208 266 362 363 431 450 462 467 526 535 543 572 592 597 619 717 718 721 726  ; 5 7 2 5 5 3 2 11 3 9 7 3 3 3 3 5 4 7 5 6 
3.21e+05 ; 1.816e-16 ; True ; 5 33 47 74 122 130 177 181 266 306 363 375 388 431 450 462 467 483 526 535 572 597 619 679 717 726  ; 7 6 3 5 5 3 2 12 2 10 8 4 3 3 2 5 4 10 4 8 
3.43e+05 ; 1.911e-16 ; True ; 5 33 74 122 130 177 181 208 229 266 287 362 363 431 450 467 526 535 543 572 592 597 619 717 718 721 726  ; 5 6 2 5 5 3 2 10 3 10 7 4 3 3 3 5 5 7 4 6 
3.43e+05 ; 2.246e-16 ; True ; 5 33 47 74 122 130 140 177 181 195 266 363 388 431 437 450 477 526 535 543 572 592 597 619 717 721 726  ; 6 6 2 5 5 5 2 8 3 11 7 4 3 4 2 4 4 10 4 8 
3.44e+05 ; 3.032e-16 ; True ; 5 33 74 122 130 137 177 181 208 266 362 363 431 450 462 467 483 526 535 554 572 597 619 717 718 721 726  ; 5 6 2 6 5 3 2 14 3 9 7 4 3 3 3 5 5 7 5 6 
3.46e+05 ; 3.607e-16 ; True ; 5 33 47 74 122 130 177 181 195 266 321 362 363 388 431 450 467 483 526 535 572 592 597 619 717 721 726  ; 6 6 3 5 6 4 2 11 3 11 8 3 3 3 3 4 4 9 4 8 
3.71e+05 ; 3.726e-16 ; True ; 5 33 74 122 130 137 177 181 208 266 349 362 363 431 450 462 467 526 535 543 572 592 597 619 717 718 721 726  ; 5 7 2 6 5 3 2 12 3 10 8 4 3 3 3 5 5 7 5 6 
3.98e+05 ; 4.463e-16 ; True ; 5 33 74 122 130 137 177 181 208 243 266 349 362 363 431 450 462 467 526 535 543 572 592 597 619 717 718 721 726  ; 6 7 2 6 5 3 2 12 3 10 8 4 3 3 3 5 5 7 5 7 
3.99e+05 ; 4.94e-16 ; True ; 5 33 74 122 130 137 177 181 208 266 349 362 363 431 450 462 467 526 535 543 572 592 597 619 693 717 718 721 726  ; 6 7 2 6 5 3 2 12 3 10 8 4 3 3 3 5 5 7 6 6 
4e+05 ; 5.287e-16 ; True ; 5 33 74 92 122 130 177 181 205 266 349 362 363 388 431 450 462 467 526 535 543 572 592 597 619 717 718 721 726  ; 5 7 2 5 6 4 2 10 3 9 8 4 4 3 3 5 5 7 4 8 
4.01e+05 ; 6.338e-16 ; True ; 5 33 74 122 130 177 181 195 205 266 362 363 388 431 450 462 467 526 535 543 572 592 597 619 699 717 718 721 726  ; 5 7 2 5 6 4 2 10 3 10 7 4 3 4 3 5 5 8 5 8 
4.28e+05 ; 7.098e-16 ; True ; 5 33 74 122 130 137 172 177 181 208 266 349 362 363 431 450 462 467 526 535 543 572 592 597 619 693 717 718 721 726  ; 7 7 2 6 5 4 2 12 3 10 8 4 3 3 3 5 5 7 6 6 
4.3e+05 ; 8.673e-16 ; True ; 5 33 74 92 122 130 177 181 195 205 266 362 363 388 431 450 462 467 526 535 543 572 592 597 619 699 717 718 721 726  ; 5 7 2 5 6 4 2 10 3 10 7 4 4 4 3 5 5 8 5 9 
4.58e+05 ; 8.905e-16 ; True ; 5 33 74 92 122 130 177 181 195 205 266 351 362 363 388 431 450 462 467 526 535 543 572 592 597 619 699 717 718 721 726  ; 5 7 2 5 6 4 2 10 3 11 7 4 4 4 3 5 5 8 5 9 
4.59e+05 ; 9.513e-16 ; True ; 5 33 74 92 122 130 177 181 195 205 266 349 362 363 388 431 450 462 467 526 535 543 572 592 597 619 699 717 718 721 726  ; 5 7 2 5 6 4 2 10 3 10 8 4 4 4 3 5 5 8 5 9 
4.6e+05 ; 1.329e-15 ; True ; 5 33 74 92 122 130 177 181 195 205 266 337 362 363 388 431 450 462 467 526 535 543 572 592 597 619 699 717 718 721 726  ; 5 7 3 5 6 4 2 10 3 10 7 4 4 4 3 5 5 8 5 10 
4.9e+05 ; 1.67e-15 ; True ; 5 33 47 74 92 122 130 177 181 195 205 266 349 362 363 388 431 450 462 467 526 535 543 572 592 597 619 699 717 718 721 726  ; 6 7 3 5 6 4 2 10 3 11 8 4 4 4 3 5 5 9 5 9 
4.91e+05 ; 1.784e-15 ; True ; 5 33 47 74 92 122 130 177 181 189 195 205 266 349 362 363 388 431 450 462 467 521 535 543 572 592 619 699 717 718 721 726  ; 5 6 3 5 6 4 3 9 4 11 7 4 3 4 3 5 5 9 5 11 
5.22e+05 ; 2.27e-15 ; True ; 5 33 47 74 92 122 130 177 181 189 195 205 266 349 362 363 388 431 450 462 467 526 535 543 572 592 597 619 699 717 718 721 726  ; 6 7 3 5 6 4 2 10 4 11 8 4 4 4 3 5 5 9 5 10 
5.53e+05 ; 2.714e-15 ; True ; 5 33 47 74 92 122 130 177 181 195 205 238 266 349 362 363 388 431 450 462 467 521 526 535 543 572 592 597 619 699 717 718 721 726  ; 6 7 3 5 6 4 3 10 3 12 8 4 4 4 3 5 5 10 5 11 
5.87e+05 ; 2.792e-15 ; True ; 5 33 47 74 92 122 130 177 181 195 205 238 266 349 362 363 388 431 450 462 467 521 526 535 543 572 592 597 619 669 699 717 718 721 726  ; 6 7 3 5 6 4 3 10 3 12 8 4 4 4 3 5 5 11 5 12 

